Date,Price,Open,High,Low,Vol.,Change %,SMA_50,SMA_250
10/24/2025,617.1,615.99,618.42,615.13,47.63M,1.07%,590.7494,529.66932
10/23/2025,610.58,604.91,611.37,604.52,42.84M,0.84%,590.0052,529.1702
10/22/2025,605.49,610.82,611.41,599.74,61.48M,-0.96%,589.4004,528.68132
10/21/2025,611.38,611.64,612.72,609.32,44.54M,-0.03%,588.8916,528.2432
10/20/2025,611.54,607.14,612.8,607.07,45.76M,1.26%,588.121,527.77936
10/17/2025,603.93,597.95,605.51,596.37,72.02M,0.66%,587.3812,527.31108
10/16/2025,599.99,605.11,608.31,595.5,70.98M,-0.37%,586.6874,526.86036
10/15/2025,602.22,604.01,606.7,595.93,62.81M,0.71%,586.034,526.42404
10/14/2025,598.0,595.31,602.69,590.13,69.20M,-0.67%,585.195,525.97856
10/13/2025,602.01,599.68,602.95,597.23,65.87M,2.12%,584.517,525.57656
10/10/2025,589.5,611.4,613.18,589.05,97.61M,-3.47%,583.5544,525.14196
10/09/2025,610.7,611.48,611.61,607.48,45.55M,-0.12%,583.0646,524.75432
10/08/2025,611.44,605.41,611.75,605.26,50.63M,1.15%,582.211,524.28412
10/07/2025,604.51,609.02,609.71,603.03,58.21M,-0.53%,581.3274,523.79556
10/06/2025,607.71,608.45,609.36,605.97,41.96M,0.75%,580.6,523.30592
10/03/2025,603.18,606.51,607.33,601.39,46.48M,-0.42%,579.7732,522.82436
10/02/2025,605.73,607.06,607.16,602.93,43.77M,0.41%,579.0098,522.338
10/01/2025,603.25,597.17,603.79,596.34,46.90M,0.48%,578.1714,521.84288
09/30/2025,600.37,598.43,600.71,596.1,46.53M,0.27%,577.3314,521.35496
09/29/2025,598.73,599.11,602.05,597.41,48.33M,0.46%,576.6074,520.90576
09/26/2025,595.97,594.35,596.3,591.06,54.34M,0.41%,575.858,520.45784
09/25/2025,593.53,592.2,595.11,588.5,70.92M,-0.43%,575.1746,520.03184
09/24/2025,596.1,599.58,599.9,593.36,49.85M,-0.35%,574.4498,519.601
09/23/2025,598.2,602.37,602.57,596.98,64.64M,-0.66%,573.6622,519.15808
09/22/2025,602.2,597.74,602.87,597.72,57.15M,0.48%,572.8224,518.69744
09/19/2025,599.35,597.33,600.05,595.85,58.20M,0.68%,571.8624,518.2184
09/18/2025,595.32,594.91,598.14,592.96,61.07M,0.90%,570.9844,517.75444
09/17/2025,590.0,591.1,591.75,584.36,69.38M,-0.20%,570.203,517.25892
09/16/2025,591.18,592.61,592.86,590.49,36.94M,-0.08%,569.4498,516.79288
09/15/2025,591.68,588.44,591.79,588.29,44.36M,0.86%,568.6668,516.32112
09/12/2025,586.66,585.04,587.86,584.1,50.75M,0.44%,567.9576,515.85576
09/11/2025,584.08,583.24,584.88,581.62,44.75M,0.58%,567.2404,515.402
09/10/2025,580.7,583.74,583.77,578.55,49.31M,0.03%,566.4986,514.94016
09/09/2025,580.51,579.67,580.94,577.04,44.01M,0.28%,565.9174,514.452
09/08/2025,578.87,578.37,580.84,577.77,46.37M,0.49%,565.269,513.9478
09/05/2025,576.06,580.49,581.12,571.53,68.34M,0.14%,564.616,513.42708
09/04/2025,575.23,570.74,575.6,569.03,47.53M,0.91%,563.918,512.967
09/03/2025,570.07,569.23,571.7,566.72,54.23M,0.79%,563.209,512.50852
09/02/2025,565.62,561.31,565.97,559.53,65.88M,-0.84%,562.4406,512.07548
08/29/2025,570.4,574.66,575.03,568.54,56.03M,-1.16%,561.6648,511.71808
08/28/2025,577.08,574.11,578.0,572.46,46.79M,0.63%,560.8366,511.31912
08/27/2025,573.49,571.59,574.41,570.37,36.93M,0.15%,559.8766,510.8962
08/26/2025,572.61,569.83,572.92,568.8,34.10M,0.40%,559.0926,510.50928
08/25/2025,570.32,570.4,573.29,569.16,34.04M,-0.29%,558.1796,510.1202
08/22/2025,571.97,564.67,573.99,563.27,51.50M,1.54%,557.4464,509.75892
08/21/2025,563.28,564.35,566.49,560.98,46.44M,-0.46%,556.6552,509.37044
08/20/2025,565.9,568.33,568.45,558.84,76.78M,-0.59%,556.0738,509.04732
08/19/2025,569.28,576.39,576.56,568.25,53.75M,-1.36%,555.3698,508.70476
08/18/2025,577.11,576.44,577.77,575.24,29.83M,-0.04%,554.5826,508.35272
08/15/2025,577.34,579.8,579.84,575.57,49.48M,-0.44%,553.5362,507.9444
08/14/2025,579.89,578.28,581.88,577.91,45.43M,-0.08%,552.5648,507.53272
08/13/2025,580.34,582.76,583.32,578.94,41.21M,0.05%,551.513,507.06408
08/12/2025,580.05,575.16,580.35,572.48,42.27M,1.26%,550.3704,506.59304
08/11/2025,572.85,574.69,576.8,571.57,33.11M,-0.30%,549.1516,506.07836
08/08/2025,574.55,570.45,574.77,570.15,35.26M,0.93%,548.0932,505.5886
08/07/2025,569.24,571.67,573.32,565.11,44.46M,0.34%,546.9804,505.08268
08/06/2025,567.32,561.11,567.76,560.63,41.82M,1.26%,546.02,504.5448
08/05/2025,560.27,565.39,566.56,559.73,48.67M,-0.68%,544.8584,504.03364
08/04/2025,564.1,559.05,564.32,558.95,47.67M,1.85%,543.933,503.53404
08/01/2025,553.88,558.83,559.02,551.68,69.40M,-1.97%,542.9118,503.07264
07/31/2025,565.01,574.54,574.63,563.87,64.61M,-0.53%,542.2396,502.69576
07/30/2025,568.02,568.18,570.62,565.05,43.43M,0.13%,541.3796,502.32
07/29/2025,567.26,570.76,572.11,566.53,45.46M,-0.15%,540.4494,501.87804
07/28/2025,568.14,567.74,569.04,566.87,31.50M,0.31%,539.4892,501.4646
07/25/2025,566.37,564.93,567.7,564.27,30.63M,0.24%,538.5,501.04392
07/24/2025,565.01,565.13,566.24,563.29,42.28M,0.21%,537.4844,500.61152
07/23/2025,563.81,562.34,563.85,559.58,40.22M,0.46%,536.3412,500.205
07/22/2025,561.25,564.3,564.35,558.61,43.27M,-0.52%,534.8244,499.87224
07/21/2025,564.17,562.09,566.06,562.06,39.60M,0.52%,533.3652,499.55652
07/18/2025,561.26,563.12,564.73,559.98,50.48M,-0.10%,531.7478,499.2008
07/17/2025,561.8,558.02,562.31,557.21,40.42M,0.81%,530.1508,498.87372
07/16/2025,557.29,557.28,560.21,551.56,52.31M,0.10%,528.6334,498.5536
07/15/2025,556.72,560.25,560.8,556.66,43.28M,0.09%,527.2642,498.3098
07/14/2025,556.21,553.99,556.95,551.63,36.45M,0.36%,525.7634,498.06752
07/11/2025,554.2,553.3,555.79,552.05,39.62M,-0.23%,524.1486,497.82196
07/10/2025,555.45,556.89,557.3,552.75,34.71M,-0.14%,522.5752,497.57288
07/09/2025,556.25,554.48,557.63,553.1,43.05M,0.71%,520.9144,497.36292
07/08/2025,552.34,553.38,554.01,551.1,36.15M,0.06%,519.2406,497.129
07/07/2025,552.03,553.52,554.34,549.58,45.35M,-0.75%,517.5408,496.909
07/03/2025,556.22,553.18,557.2,553.18,26.44M,0.98%,515.5914,496.68552
07/02/2025,550.8,546.16,551.0,546.12,36.54M,0.70%,513.3566,496.4248
07/01/2025,546.99,549.73,550.71,544.66,56.17M,-0.84%,511.0028,496.16952
06/30/2025,551.64,551.26,552.8,549.01,45.55M,0.65%,508.945,495.90924
06/27/2025,548.09,547.26,549.99,544.54,57.58M,0.34%,506.7958,495.61912
06/26/2025,546.22,543.35,546.67,541.52,43.81M,0.94%,504.9938,495.3532
06/25/2025,541.16,542.06,543.31,539.38,44.80M,0.26%,503.219,495.0898
06/24/2025,539.78,536.89,540.7,536.27,45.44M,1.53%,501.4838,494.84268
06/23/2025,531.65,526.81,532.17,523.65,50.67M,0.91%,499.6118,494.5794
06/20/2025,526.83,532.26,533.56,524.88,61.64M,-0.41%,498.2988,494.37352
06/18/2025,528.99,530.1,532.55,527.4,43.98M,-0.02%,496.0834,494.19208
06/17/2025,529.08,531.71,533.33,527.91,42.18M,-0.98%,493.9774,494.01696
06/16/2025,534.29,530.5,535.37,530.45,37.62M,1.39%,491.8492,493.84088
06/13/2025,526.96,527.68,531.87,525.73,55.81M,-1.26%,490.1766,493.62048
06/12/2025,533.66,531.09,534.64,530.84,34.10M,0.23%,489.1604,493.41952
06/11/2025,532.41,535.62,536.78,530.11,53.70M,-0.34%,487.9412,493.18148
06/10/2025,534.21,531.17,534.9,528.89,40.66M,0.66%,486.6714,492.92392
06/09/2025,530.7,530.14,532.35,529.01,33.69M,0.15%,485.366,492.6464
06/06/2025,529.92,530.0,531.8,528.21,42.47M,0.98%,484.3844,492.37544
06/05/2025,524.79,530.18,533.05,522.66,61.29M,-0.75%,483.4736,492.10924
06/04/2025,528.77,528.01,529.84,525.97,41.36M,0.28%,482.847,491.8642
06/03/2025,527.3,523.56,528.74,522.69,44.07M,0.78%,482.0848,491.5666
06/02/2025,523.21,517.24,523.45,515.97,44.76M,0.79%,481.1556,491.26992
05/30/2025,519.11,519.44,520.68,511.93,67.66M,-0.16%,480.2766,490.97992
05/29/2025,519.93,526.33,526.48,517.32,58.72M,0.20%,479.5122,490.70968
05/28/2025,518.91,522.18,523.68,518.39,46.64M,-0.44%,478.6044,490.45572
05/27/2025,521.22,516.15,521.71,514.59,47.23M,2.35%,477.8816,490.2188
05/23/2025,509.24,506.18,511.84,505.58,58.37M,-0.93%,477.0504,489.96572
05/22/2025,514.0,513.66,517.71,512.3,55.61M,0.19%,476.2324,489.7434
05/21/2025,513.04,516.27,523.0,511.24,71.29M,-1.39%,475.4908,489.51024
05/20/2025,520.27,519.47,520.93,516.66,42.52M,-0.33%,474.662,489.28128
05/19/2025,522.01,514.24,522.53,514.24,52.54M,0.10%,473.7112,489.01984
05/16/2025,521.51,520.66,521.7,517.1,48.39M,0.44%,473.1068,488.73884
05/15/2025,519.25,516.52,521.93,515.17,50.15M,0.11%,472.4406,488.46072
05/14/2025,518.68,516.77,519.23,515.75,47.01M,0.60%,472.0958,488.19532
05/13/2025,515.59,509.16,517.39,508.42,53.27M,1.52%,471.6332,487.90432
05/12/2025,507.85,506.99,507.89,501.48,45.09M,4.07%,471.2624,487.61428
05/09/2025,487.97,490.21,491.54,486.2,27.77M,-0.07%,471.2688,487.35112
05/08/2025,488.29,488.53,492.7,484.17,39.58M,1.03%,471.5148,487.16332
05/07/2025,483.3,482.08,485.8,476.78,38.11M,0.39%,472.0402,486.9704
05/06/2025,481.41,479.56,485.05,478.19,32.79M,-0.93%,472.6406,486.79848
05/05/2025,485.93,484.6,489.03,484.1,28.31M,-0.59%,473.4098,486.63384
05/02/2025,488.83,486.54,490.91,484.83,39.22M,1.48%,474.2128,486.43204
05/01/2025,481.68,483.41,487.18,480.74,43.32M,1.31%,475.1808,486.18432
04/30/2025,475.47,467.13,477.2,462.43,46.81M,-0.01%,476.3376,485.94368
04/29/2025,475.53,470.17,476.42,469.59,30.61M,0.66%,477.6156,485.74016
04/28/2025,472.41,473.03,474.81,466.03,33.55M,-0.03%,478.868,485.56904
04/25/2025,472.56,466.97,473.09,465.39,38.70M,1.11%,480.1378,485.4034
04/24/2025,467.35,456.48,467.66,455.83,45.96M,2.81%,481.2526,485.21096
04/23/2025,454.56,458.17,463.38,452.88,55.80M,2.27%,482.4654,485.0476
04/22/2025,444.48,438.82,447.58,437.62,52.30M,2.63%,483.9592,484.92964
04/21/2025,433.11,438.23,439.08,427.93,44.15M,-2.47%,485.528,484.827
04/17/2025,444.1,447.17,447.75,441.36,44.84M,-0.02%,487.4578,484.75316
04/16/2025,444.18,449.03,452.62,437.76,48.98M,-3.02%,489.1128,484.6704
04/15/2025,457.99,458.54,462.38,456.15,35.40M,0.11%,490.7186,484.59704
04/14/2025,457.48,464.46,465.05,452.63,43.94M,0.68%,491.921,484.48948
04/11/2025,454.4,444.65,455.79,441.33,52.48M,1.84%,493.2172,484.3838
04/10/2025,446.18,453.56,455.59,432.63,108.38M,-4.25%,494.5902,484.31928
04/09/2025,466.0,415.57,467.83,415.43,142.88M,12.00%,496.0832,484.31604
04/08/2025,416.06,438.16,443.14,409.79,101.25M,-1.80%,497.1994,484.20552
04/07/2025,423.69,408.66,443.14,402.39,161.56M,0.24%,499.1624,484.3102
04/04/2025,422.67,438.14,440.37,422.67,117.09M,-6.21%,501.2812,484.37784
04/03/2025,450.66,456.44,460.07,450.14,70.46M,-5.35%,503.4806,484.44904
04/02/2025,476.15,466.12,479.56,465.86,49.89M,0.73%,505.0976,484.38776
04/01/2025,472.7,467.3,473.63,464.42,41.16M,0.81%,506.0706,484.25156
03/31/2025,468.92,461.92,469.86,457.33,53.00M,0.00%,507.0514,484.1252
03/28/2025,468.94,479.81,480.52,468.05,46.36M,-2.63%,507.9346,484.02932
03/27/2025,481.62,482.41,486.58,480.25,33.47M,-0.57%,508.8898,483.9296
03/26/2025,484.38,492.3,493.16,482.82,35.04M,-1.84%,509.359,483.78244
03/25/2025,493.46,491.39,493.62,490.42,26.04M,0.57%,509.7826,483.6182
03/24/2025,490.66,487.74,491.51,484.4,34.57M,2.04%,510.0572,483.4234
03/21/2025,480.84,474.08,481.61,472.9,42.23M,0.33%,510.5494,483.24628
03/20/2025,479.26,476.88,484.55,476.18,36.78M,-0.34%,511.2362,483.1064
03/19/2025,480.89,476.81,485.33,474.87,40.43M,1.34%,512.1418,482.96444
03/18/2025,474.54,479.41,479.61,472.41,39.07M,-1.70%,512.8956,482.79516
03/17/2025,482.77,479.61,485.84,477.8,41.74M,0.65%,513.6094,482.64692
03/14/2025,479.66,473.73,480.56,473.12,43.56M,2.42%,514.1786,482.45152
03/13/2025,468.34,476.25,476.28,466.43,46.56M,-1.80%,514.8976,482.28944
03/12/2025,476.92,479.16,481.06,471.79,46.97M,1.13%,515.982,482.17708
03/11/2025,471.6,472.35,478.8,467.01,68.76M,-0.24%,517.0356,482.04404
03/10/2025,472.73,483.45,483.97,468.66,76.67M,-3.88%,518.2028,481.9072
03/07/2025,491.79,487.16,493.28,480.53,54.71M,0.74%,519.2056,481.77236
03/06/2025,488.2,493.69,498.58,486.2,57.57M,-2.75%,519.743,481.587
03/05/2025,502.01,496.2,503.63,491.26,46.32M,1.30%,520.2624,481.38936
03/04/2025,495.55,494.18,503.74,487.73,67.88M,-0.30%,520.5516,481.12552
03/03/2025,497.05,511.52,513.04,493.58,44.59M,-2.19%,521.3566,480.9194
02/28/2025,508.17,500.13,508.78,496.93,47.65M,1.58%,522.179,480.71364
02/27/2025,500.27,518.13,519.07,500.05,52.45M,-2.78%,522.6262,480.43696
02/26/2025,514.56,515.53,519.66,511.37,34.46M,0.24%,523.1508,480.17696
02/25/2025,513.32,519.24,519.32,509.44,48.94M,-1.26%,523.458,479.86912
02/24/2025,519.87,527.88,529.07,519.53,39.27M,-1.18%,523.6036,479.56204
02/21/2025,526.08,538.38,538.4,525.71,47.09M,-2.08%,523.6538,479.22968
02/20/2025,537.23,538.73,539.1,532.46,26.55M,-0.42%,523.6618,478.87764
02/19/2025,539.52,538.57,540.81,536.46,19.67M,0.03%,523.3534,478.43116
02/18/2025,539.37,539.73,540.0,536.04,20.57M,0.23%,523.0282,477.98236
02/14/2025,538.15,536.01,538.84,535.67,17.86M,0.42%,522.5782,477.54716
02/13/2025,535.9,529.98,536.22,529.19,28.71M,1.44%,522.121,477.1326
02/12/2025,528.3,522.3,529.19,521.95,25.01M,0.06%,521.5978,476.72188
02/11/2025,527.99,525.96,529.92,525.83,19.33M,-0.24%,521.1378,476.32288
02/10/2025,529.25,527.22,530.36,526.75,20.85M,1.21%,520.7642,475.95228
02/07/2025,522.92,530.14,532.1,522.19,29.61M,-1.26%,520.311,475.58348
02/06/2025,529.6,527.36,529.81,525.74,19.43M,0.52%,519.9684,475.22296
02/05/2025,526.85,521.82,527.01,520.62,21.13M,0.45%,519.476,474.83252
02/04/2025,524.47,518.63,525.11,518.23,26.05M,1.23%,519.0024,474.43548
02/03/2025,518.11,513.47,520.85,511.05,40.58M,-0.80%,518.5822,474.0514
01/31/2025,522.29,526.92,531.52,521.19,38.85M,-0.15%,518.2204,473.695
01/30/2025,523.05,523.71,526.09,518.21,27.43M,0.43%,517.706,473.29336
01/29/2025,520.83,522.46,522.59,516.9,26.65M,-0.19%,517.4188,472.86904
01/28/2025,521.81,515.22,523.0,511.78,33.19M,1.48%,517.2472,472.48692
01/27/2025,514.21,511.0,517.99,510.15,60.77M,-2.91%,517.0692,472.11228
01/24/2025,529.63,533.02,533.79,528.15,19.88M,-0.57%,517.0618,471.75068
01/23/2025,532.64,529.04,532.76,528.45,23.10M,0.21%,516.752,471.33756
01/22/2025,531.51,529.57,533.82,529.26,33.59M,1.28%,516.37,470.91032
01/21/2025,524.8,524.48,525.97,520.06,23.63M,0.59%,515.8514,470.4782
01/17/2025,521.74,522.85,524.07,513.11,51.84M,1.69%,515.1996,470.06592
01/16/2025,513.08,518.98,519.06,512.95,28.23M,-0.70%,514.485,469.66368
01/15/2025,516.7,513.03,517.85,511.46,34.96M,2.30%,513.972,469.26332
01/14/2025,505.08,508.74,510.15,501.59,33.74M,-0.09%,513.315,468.82536
01/13/2025,505.56,501.2,506.02,499.7,31.69M,-0.32%,513.141,468.44312
01/10/2025,507.19,511.48,511.58,503.92,40.53M,-1.57%,513.033,468.05912
01/08/2025,515.27,515.08,516.92,510.57,30.78M,0.02%,512.7972,467.66776
01/07/2025,515.18,525.59,525.99,513.28,36.69M,-1.78%,512.3982,467.24068
01/06/2025,524.54,524.02,527.92,522.03,36.11M,1.15%,511.941,466.80296
01/03/2025,518.58,513.35,519.65,512.53,29.06M,1.64%,511.2174,466.3246
01/02/2025,510.23,514.3,516.64,505.71,36.39M,-0.20%,510.765,465.83728
12/31/2024,511.23,516.9,517.66,510.26,29.12M,-0.85%,510.4688,465.38148
12/30/2024,515.61,515.51,519.36,511.83,34.58M,-1.33%,510.1336,464.92988
12/27/2024,522.56,526.01,526.45,517.86,33.84M,-1.33%,509.6464,464.4778
12/26/2024,529.6,528.32,531.24,526.31,19.14M,-0.07%,509.0134,464.02564
12/24/2024,529.96,524.83,530.05,524.19,17.56M,1.36%,508.2384,463.55244
12/23/2024,522.87,519.55,523.25,516.13,29.67M,0.81%,507.5892,463.0786
12/20/2024,518.66,510.44,524.82,509.29,60.53M,0.87%,506.999,462.62976
12/19/2024,514.17,521.19,521.76,513.83,46.44M,-0.45%,506.4776,462.1878
12/18/2024,516.47,535.15,536.88,515.01,54.70M,-3.61%,506.0572,461.76136
12/17/2024,535.8,536.36,537.48,534.13,28.58M,-0.44%,505.5138,461.30696
12/16/2024,538.17,533.08,539.15,533.0,31.98M,1.44%,504.4398,460.79956
12/13/2024,530.53,530.46,533.17,527.3,28.78M,0.77%,503.4228,460.27436
12/12/2024,526.5,527.68,528.96,526.02,23.58M,-0.65%,502.444,459.77276
12/11/2024,529.92,525.0,530.61,524.59,32.17M,1.79%,501.553,459.27948
12/10/2024,520.6,523.62,525.38,519.16,24.35M,-0.34%,500.58,458.77392
12/09/2024,522.38,525.55,526.35,521.22,20.67M,-0.78%,499.9294,458.28536
12/06/2024,526.48,522.48,526.72,522.35,23.76M,0.89%,499.2168,457.77708
12/05/2024,521.81,523.31,524.04,521.42,18.17M,-0.28%,498.4766,457.239
12/04/2024,523.26,520.32,523.52,519.6,26.09M,1.24%,497.7568,456.71268
12/03/2024,516.87,513.95,517.15,513.37,18.60M,0.31%,496.999,456.15904
12/02/2024,515.29,511.01,516.26,510.62,25.15M,1.09%,496.3224,455.63992
11/29/2024,509.74,505.93,510.34,505.31,15.33M,0.88%,495.6654,455.12324
11/27/2024,505.3,508.17,508.24,501.93,24.96M,-0.79%,495.1378,454.64324
11/26/2024,509.31,508.08,510.14,507.23,26.56M,0.54%,494.4606,454.17656
11/25/2024,506.59,509.9,511.45,504.26,26.38M,0.16%,493.7442,453.69776
11/22/2024,505.79,504.42,506.53,502.78,23.83M,0.16%,493.0772,453.23136
11/21/2024,504.98,506.24,506.96,497.56,34.53M,0.36%,492.4682,452.76408
11/20/2024,503.17,503.16,503.48,496.55,29.57M,-0.06%,491.833,452.3014
11/19/2024,503.46,497.42,503.95,497.08,24.52M,0.69%,491.142,451.84816
11/18/2024,500.02,498.13,502.14,496.73,27.19M,0.69%,490.246,451.3874
11/15/2024,496.57,502.94,503.33,494.49,51.46M,-2.38%,489.3348,450.94944
11/14/2024,508.69,511.91,512.79,507.77,28.68M,-0.69%,488.3772,450.50652
11/13/2024,512.25,512.4,514.98,509.95,24.57M,-0.13%,487.4242,450.01476
11/12/2024,512.91,513.77,514.66,509.83,25.84M,-0.18%,486.3914,449.50744
11/11/2024,513.84,515.37,515.58,510.92,24.17M,-0.06%,485.3694,448.99632
11/08/2024,514.14,513.03,514.92,512.41,22.92M,0.12%,484.618,448.449
11/07/2024,513.54,508.4,514.33,508.34,32.85M,1.57%,483.7484,447.9052
11/06/2024,505.58,500.56,506.41,499.6,43.08M,2.72%,482.9046,447.33056
11/05/2024,492.21,487.61,492.88,487.52,24.35M,1.28%,482.3282,446.7992
11/04/2024,486.01,486.82,489.38,484.25,23.29M,-0.29%,481.9908,446.32036
11/01/2024,487.43,485.5,490.75,485.2,33.66M,0.74%,481.8706,445.8524
10/31/2024,483.85,492.38,492.43,483.75,41.25M,-2.52%,481.619,445.37276
10/30/2024,496.38,499.39,500.35,495.89,29.76M,-0.76%,481.592,444.89036
10/29/2024,500.16,495.72,501.35,493.85,28.01M,0.96%,481.2696,444.33192
10/28/2024,495.4,498.46,498.52,495.1,20.48M,0.02%,480.8918,443.73404
10/25/2024,495.32,495.14,500.28,494.43,38.76M,0.61%,480.4844,443.14852
10/24/2024,492.32,492.11,493.0,489.44,22.02M,0.81%,480.0664,442.54776
10/23/2024,488.36,493.59,494.25,485.05,39.35M,-1.53%,479.4746,441.9524
10/22/2024,495.96,492.73,497.45,491.97,26.69M,0.11%,478.959,441.3996
10/21/2024,495.42,493.25,496.23,491.31,30.34M,0.19%,478.0674,440.85152
10/18/2024,494.47,494.06,495.57,493.3,25.34M,0.66%,477.1672,440.29176
10/17/2024,491.25,496.44,496.49,491.19,27.21M,0.07%,476.2392,439.73152
10/16/2024,490.91,491.18,491.69,487.57,23.00M,0.01%,475.1096,439.20564
10/15/2024,490.85,497.83,498.5,488.68,34.78M,-1.34%,474.082,438.69472
10/14/2024,497.5,495.77,498.83,495.26,26.06M,0.84%,472.9724,438.20336
10/11/2024,493.36,490.74,494.39,490.17,20.64M,0.16%,471.9974,437.69024
10/10/2024,492.59,490.85,494.47,489.53,25.75M,-0.11%,471.3234,437.17716
10/09/2024,493.15,489.0,493.73,487.95,24.99M,0.79%,470.893,436.68576
10/08/2024,489.3,484.66,489.99,483.85,28.27M,1.49%,470.1806,436.19728
10/07/2024,482.1,485.39,486.57,480.87,24.98M,-1.07%,469.6726,435.71368
10/04/2024,487.32,487.45,487.88,482.39,30.74M,1.19%,469.29,435.25076
10/03/2024,481.59,479.74,484.55,478.99,25.34M,-0.07%,468.709,434.75952
10/02/2024,481.95,480.36,483.88,477.72,23.74M,0.14%,468.3448,434.26716
10/01/2024,481.27,487.7,488.0,477.4,42.74M,-1.39%,468.3182,433.7776
09/30/2024,488.07,485.78,488.41,482.92,30.33M,0.27%,468.3392,433.27144
09/27/2024,486.75,490.5,490.64,485.56,22.85M,-0.56%,468.0826,432.76344
09/26/2024,489.47,493.37,493.7,485.8,32.02M,0.75%,467.9374,432.24876
09/25/2024,485.82,484.74,487.79,484.56,26.55M,0.09%,467.7834,431.72216
09/24/2024,485.37,484.46,486.33,480.17,25.95M,0.48%,467.9938,431.19828
09/23/2024,483.04,482.95,484.14,481.6,24.84M,0.12%,468.2094,430.67288
09/20/2024,482.44,482.49,483.69,478.3,34.58M,-0.19%,468.445,430.1784
09/19/2024,483.36,482.61,486.23,480.49,52.78M,2.53%,468.6348,429.67952
09/18/2024,471.44,474.7,478.83,470.83,39.91M,-0.43%,469.0268,429.17676
09/17/2024,473.49,476.29,477.6,470.97,30.08M,0.05%,469.5534,428.7484
09/16/2024,473.24,473.19,473.86,469.89,22.59M,-0.44%,470.0304,428.33316
09/13/2024,475.34,472.48,476.53,472.25,29.11M,0.45%,470.4888,427.92208
09/12/2024,473.22,468.65,474.04,466.85,40.18M,0.98%,470.8028,427.5032
09/11/2024,468.62,459.91,469.37,451.28,57.84M,2.17%,471.078,427.1186
09/10/2024,458.66,456.24,459.17,452.23,29.68M,0.92%,471.344,426.74016
09/09/2024,454.46,453.06,455.46,449.82,32.98M,1.29%,471.753,426.39588
09/06/2024,448.69,460.33,461.22,448.19,50.62M,-2.68%,472.296,426.08512
09/05/2024,461.04,458.97,465.36,457.94,34.45M,0.09%,472.9296,425.77988
09/04/2024,460.61,458.67,464.45,457.73,32.51M,-0.26%,473.2964,425.42316
09/03/2024,461.81,473.2,473.33,459.41,44.99M,-3.04%,473.5634,425.07888
08/30/2024,476.27,475.04,476.9,470.51,33.47M,1.19%,473.9308,424.74312
08/29/2024,470.66,473.28,477.93,469.37,41.08M,-0.15%,474.0348,424.3476
08/28/2024,471.35,476.29,477.02,467.89,37.37M,-1.13%,474.3258,423.97612
08/27/2024,476.76,473.69,477.84,471.71,27.51M,0.30%,474.6,423.59736
08/26/2024,475.34,479.45,480.38,473.24,27.45M,-0.97%,474.6486,423.1886
08/23/2024,480.0,479.24,482.74,475.28,36.06M,1.08%,474.6762,422.75352
08/22/2024,474.85,484.84,485.54,473.81,37.74M,-1.59%,474.5592,422.28884
08/21/2024,482.5,481.05,484.37,479.32,25.66M,0.47%,474.4226,421.83356
08/20/2024,480.26,480.35,482.94,478.55,29.21M,-0.21%,474.0692,421.37924
08/19/2024,481.27,475.17,481.31,473.37,23.74M,1.31%,473.7232,420.91096
08/16/2024,475.03,472.62,476.41,471.65,38.38M,0.13%,473.3652,420.44072
08/15/2024,474.42,468.76,474.82,468.38,38.28M,2.53%,473.1352,419.97236
08/14/2024,462.73,463.51,465.11,458.4,34.73M,0.03%,472.7342,419.50824
08/13/2024,462.58,455.82,462.85,455.68,40.08M,2.48%,472.5422,419.10672
08/12/2024,451.38,451.39,454.37,448.55,27.80M,0.22%,472.3048,418.72132
08/09/2024,450.41,446.74,452.06,445.61,33.57M,0.52%,472.3082,418.39644
08/08/2024,448.07,441.06,448.99,437.15,47.89M,3.06%,472.4288,418.059
08/07/2024,434.77,446.49,449.0,434.37,54.93M,-1.08%,472.661,417.74032
08/06/2024,439.53,437.23,447.07,434.56,63.16M,0.96%,473.1246,417.47212
08/05/2024,435.37,424.71,442.29,423.45,87.48M,-2.98%,473.4072,417.2012
08/02/2024,448.75,450.89,453.57,444.47,66.32M,-2.37%,473.814,416.95968
08/01/2024,459.66,471.76,475.55,455.98,56.65M,-2.42%,473.955,416.65204
07/31/2024,471.07,467.87,472.79,466.41,44.55M,2.96%,473.86,416.30776
07/30/2024,457.53,465.85,466.56,454.15,41.32M,-1.37%,473.4738,415.92024
07/29/2024,463.9,465.71,467.91,461.61,28.22M,0.20%,473.3628,415.62048
07/26/2024,462.97,462.65,465.93,459.77,39.99M,1.03%,473.1428,415.2988
07/25/2024,458.27,463.72,467.94,455.63,59.26M,-1.10%,472.802,414.98004
07/24/2024,463.38,473.82,474.19,462.51,58.82M,-3.59%,472.4982,414.65264
07/23/2024,480.62,481.41,484.43,480.14,23.28M,-0.35%,472.0718,414.3084
07/22/2024,482.32,481.16,483.35,477.71,40.30M,1.49%,471.2798,413.90024
07/19/2024,475.24,479.15,481.69,473.94,42.04M,-0.89%,470.4346,413.47508
07/18/2024,479.49,485.53,485.71,476.27,49.35M,-0.47%,469.7362,413.07584
07/17/2024,481.77,488.28,488.8,481.7,56.27M,-2.94%,468.9514,412.66412
07/16/2024,496.34,497.62,498.44,493.15,25.95M,0.04%,468.0256,412.27884
07/15/2024,496.15,496.61,501.01,494.09,31.15M,0.27%,466.6368,411.83564
07/12/2024,494.82,492.51,499.62,492.04,37.11M,0.59%,465.1442,411.38068
07/11/2024,491.93,503.07,503.28,490.73,49.97M,-2.19%,463.7396,410.91688
07/10/2024,502.96,499.71,503.52,498.39,28.05M,1.04%,462.556,410.46496
07/09/2024,497.77,498.87,500.0,496.24,25.70M,0.09%,461.1168,409.9436
07/08/2024,497.34,496.53,497.89,495.5,22.11M,0.24%,459.6504,409.42444
07/05/2024,496.16,491.89,496.6,491.59,28.50M,1.04%,458.2338,408.89976
07/03/2024,491.04,486.22,491.17,486.22,18.06M,0.83%,456.812,408.37932
07/02/2024,486.98,480.41,487.04,480.28,26.72M,1.05%,455.3676,407.88424
07/01/2024,481.92,480.04,482.49,476.26,24.90M,0.59%,453.921,407.41668
06/28/2024,479.11,482.41,487.2,478.46,34.88M,-0.52%,452.7508,406.9694
06/27/2024,481.61,480.12,483.1,479.3,26.22M,0.26%,451.6854,406.52988
06/26/2024,480.37,478.55,480.92,478.13,22.74M,0.21%,450.6752,406.05792
06/25/2024,479.38,476.07,479.68,475.12,29.25M,1.14%,449.689,405.59384
06/24/2024,473.96,478.18,479.93,473.82,37.75M,-1.30%,448.8668,405.13088
06/21/2024,480.18,481.19,482.54,478.67,39.43M,-0.27%,448.295,404.665
06/20/2024,481.47,486.42,486.84,479.62,33.92M,-0.77%,447.4588,404.19368
06/18/2024,485.21,485.01,485.9,483.43,24.44M,0.03%,446.674,403.73172
06/17/2024,485.06,479.46,486.86,478.14,37.05M,1.22%,445.7818,403.23772
06/14/2024,479.19,476.52,479.26,476.05,23.37M,0.52%,444.89,402.76432
06/13/2024,476.72,477.72,478.39,474.42,25.86M,0.54%,444.013,402.31852
06/12/2024,474.15,471.99,476.5,471.29,34.53M,1.31%,443.3206,401.89192
06/11/2024,468.02,463.54,468.14,462.03,22.05M,0.69%,442.6598,401.45816
06/10/2024,464.83,461.82,465.19,461.53,20.72M,0.40%,442.1984,401.03836
06/07/2024,462.96,463.0,465.74,461.84,25.83M,-0.09%,441.782,400.62024
06/06/2024,463.37,464.22,464.54,462.19,21.97M,-0.03%,441.4194,400.18564
06/05/2024,463.53,457.98,463.61,454.41,33.82M,2.02%,441.0184,399.744
06/04/2024,454.37,452.87,455.58,451.13,23.77M,0.27%,440.643,399.28444
06/03/2024,453.13,454.57,455.58,447.9,33.00M,0.54%,440.4832,398.88556
05/31/2024,450.71,451.78,452.48,443.05,55.94M,-0.19%,440.338,398.49188
05/30/2024,451.55,455.5,455.64,450.21,30.71M,-1.07%,440.1992,398.10688
05/29/2024,456.44,455.48,458.24,455.34,29.74M,-0.70%,439.9396,397.708
05/28/2024,459.68,459.18,459.74,456.69,26.22M,0.38%,439.5604,397.27348
05/24/2024,457.95,455.29,459.23,453.57,29.67M,0.95%,439.0452,396.83396
05/23/2024,453.66,460.55,460.58,451.85,40.90M,-0.45%,438.669,396.39504
05/22/2024,455.71,456.06,456.82,453.08,25.12M,-0.02%,438.4008,395.93856
05/21/2024,455.8,453.04,455.99,452.84,23.17M,0.20%,438.1598,395.44164
05/20/2024,454.91,451.98,455.58,451.79,24.47M,0.70%,437.7916,394.95116
05/17/2024,451.76,452.11,452.72,449.54,35.80M,-0.05%,437.4738,394.48136
05/16/2024,451.98,452.71,454.69,451.81,34.78M,-0.20%,437.3476,394.01964
05/15/2024,452.9,448.43,453.15,446.9,41.46M,1.56%,437.0838,393.56008
05/14/2024,445.93,442.65,446.46,442.46,34.48M,0.64%,436.7468,393.07228
05/13/2024,443.08,443.99,444.09,441.65,22.99M,0.23%,436.7086,392.59652
05/10/2024,442.06,442.54,444.31,440.5,27.12M,0.24%,436.7592,392.13068
05/09/2024,441.02,440.33,441.6,438.46,24.58M,0.22%,436.698,391.66188
05/08/2024,440.06,437.67,441.48,437.55,24.90M,-0.06%,436.583,391.20192
05/07/2024,440.32,440.7,441.97,439.58,31.00M,0.02%,436.5338,390.74156
05/06/2024,440.25,437.3,440.34,436.52,30.23M,1.10%,436.4584,390.26616
05/03/2024,435.48,434.44,436.48,432.62,48.52M,2.01%,436.389,389.79924
05/02/2024,426.9,425.3,427.81,420.63,36.56M,1.28%,436.4408,389.3482
05/01/2024,421.52,423.15,430.14,420.66,52.25M,-0.72%,436.415,388.9046
04/30/2024,424.59,431.15,432.56,424.51,43.67M,-1.89%,436.531,388.487
04/29/2024,432.75,433.13,433.76,429.98,30.02M,0.41%,436.6506,388.06548
04/26/2024,431.0,427.62,432.55,426.92,41.87M,1.54%,436.6858,387.62256
04/25/2024,424.45,419.24,425.32,418.14,57.39M,-0.48%,436.7302,387.18812
04/24/2024,426.51,428.2,429.73,424.2,48.44M,0.34%,436.8122,386.77104
04/23/2024,425.07,420.77,426.28,418.87,44.38M,1.49%,436.9888,386.31184
04/22/2024,418.82,417.31,421.18,413.94,47.81M,1.01%,437.2284,385.85088
04/19/2024,414.65,422.22,422.75,413.07,75.23M,-2.07%,437.5078,385.43872
04/18/2024,423.41,426.49,428.24,422.83,46.55M,-0.57%,437.8546,385.04588
04/17/2024,425.84,433.1,433.12,424.9,56.88M,-1.22%,437.9382,384.61668
04/16/2024,431.1,430.9,433.76,429.7,47.62M,0.01%,437.9904,384.18748
04/15/2024,431.06,442.06,442.15,430.21,63.45M,-1.65%,437.9486,383.73784
04/12/2024,438.27,441.1,442.24,436.88,53.66M,-1.59%,437.765,383.28828
04/11/2024,445.37,440.26,446.33,437.96,45.47M,1.60%,437.339,382.8088
04/10/2024,438.37,437.0,439.24,436.28,61.50M,-0.87%,436.9376,382.30332
04/09/2024,442.23,442.96,443.24,437.44,39.52M,0.37%,436.7332,381.80136
04/08/2024,440.6,441.41,442.5,439.2,28.14M,0.03%,436.3648,381.29508
04/05/2024,440.47,436.78,443.17,435.96,54.74M,1.18%,436.0798,380.80348
04/04/2024,435.34,446.33,446.95,435.11,57.27M,-1.53%,435.787,380.31312
04/03/2024,442.1,438.96,444.0,438.95,39.95M,0.22%,435.5498,379.83476
04/02/2024,441.11,440.08,441.43,438.03,44.26M,-0.86%,435.1424,379.34196
04/01/2024,444.95,444.97,447.53,443.02,38.73M,0.21%,434.7438,378.85744
03/28/2024,444.01,444.78,445.64,443.65,36.84M,-0.18%,434.1046,378.36068
03/27/2024,444.83,446.44,446.54,441.93,41.36M,0.34%,433.3686,377.84668
03/26/2024,443.32,446.3,447.23,443.09,34.14M,-0.32%,432.6624,377.3176
03/25/2024,444.76,443.55,446.26,442.54,27.79M,-0.36%,431.9872,376.77216
03/22/2024,446.38,445.35,447.49,444.49,28.25M,0.11%,431.279,376.22752
03/21/2024,445.87,448.88,449.34,445.67,39.35M,0.47%,430.5214,375.68492
03/20/2024,443.77,439.78,444.11,438.06,43.65M,1.19%,429.719,375.1398
03/19/2024,438.57,435.45,438.98,433.33,43.00M,0.25%,428.9426,374.58856
03/18/2024,437.48,438.73,441.04,437.24,47.32M,0.82%,428.1062,374.075
03/15/2024,433.92,436.07,438.87,432.74,73.07M,-1.19%,427.2822,373.54832
03/14/2024,439.14,441.5,442.03,436.39,52.20M,-0.25%,426.5704,373.03344
03/13/2024,440.25,442.65,442.67,439.12,37.93M,-0.77%,425.8394,372.50348
03/12/2024,443.66,439.73,444.02,436.46,55.30M,1.43%,425.2248,371.93756
03/11/2024,437.39,437.51,438.66,435.44,45.86M,-0.37%,424.5776,371.35176
03/08/2024,439.02,445.81,448.64,438.34,72.10M,-1.44%,424.0598,370.76436
03/07/2024,445.45,442.42,446.72,440.86,44.53M,1.52%,423.4926,370.16188
03/06/2024,438.79,440.32,441.99,436.89,46.23M,0.63%,422.747,369.55012
03/05/2024,436.05,440.94,440.95,433.65,57.92M,-1.79%,422.1224,368.9856
03/04/2024,444.02,445.61,446.04,443.77,34.33M,-0.36%,421.4588,368.42612
03/01/2024,445.61,439.9,446.58,439.84,43.85M,1.51%,420.7574,367.84948
02/29/2024,439.0,438.23,440.09,435.02,42.50M,0.86%,419.9826,367.26512
02/28/2024,435.27,435.43,436.67,434.3,32.94M,-0.53%,419.3052,366.68296
02/27/2024,437.6,437.67,437.99,435.02,33.71M,0.24%,418.6634,366.10608
02/26/2024,436.55,437.6,438.6,436.36,33.04M,-0.05%,417.982,365.52932
02/23/2024,436.78,439.65,440.59,435.79,39.85M,-0.29%,417.2202,364.95828
02/22/2024,438.07,434.49,439.12,433.71,53.89M,2.93%,416.3908,364.37796
02/21/2024,425.61,424.55,425.7,421.63,50.18M,-0.40%,415.4686,363.81232
02/20/2024,427.32,428.55,430.08,423.5,54.00M,-0.75%,414.761,363.28628
02/16/2024,430.57,434.89,434.99,429.85,53.72M,-0.91%,413.9116,362.75252
02/15/2024,434.51,433.92,434.98,431.33,38.80M,0.30%,413.042,362.23424
02/14/2024,433.22,431.26,433.65,428.88,45.09M,1.09%,412.0742,361.70876
02/13/2024,428.55,427.28,431.27,425.33,64.49M,-1.56%,411.2046,361.21164
02/12/2024,435.34,436.94,439.14,434.65,33.20M,-0.39%,410.4062,360.7238
02/09/2024,437.05,433.94,437.85,433.14,36.94M,0.98%,409.4916,360.1998
02/08/2024,432.79,432.11,433.56,431.42,29.89M,0.19%,408.5504,359.64976
02/07/2024,431.99,430.41,432.83,429.09,37.71M,1.03%,407.674,359.12468
02/06/2024,427.59,429.61,430.22,425.22,35.85M,-0.20%,406.8204,358.61356
02/05/2024,428.45,429.07,429.61,425.0,39.89M,-0.13%,406.0658,358.14208
02/02/2024,429.01,423.8,430.24,422.79,59.60M,1.69%,405.2622,357.642
02/01/2024,421.88,418.79,422.38,417.81,51.01M,1.18%,404.4926,357.15004
01/31/2024,416.97,420.85,422.87,416.79,64.01M,-1.96%,403.7718,356.70876
01/30/2024,425.3,427.1,427.68,424.38,36.74M,-0.67%,403.1474,356.24392
01/29/2024,428.15,424.27,428.35,423.61,38.69M,1.02%,402.3498,355.7206
01/26/2024,423.81,424.44,426.21,423.15,37.14M,-0.60%,401.4894,355.16848
01/25/2024,426.35,428.36,429.04,423.98,44.37M,0.12%,400.5534,354.65764
01/24/2024,425.83,427.44,429.85,425.33,46.95M,0.55%,399.5902,354.125
01/23/2024,423.48,422.43,423.7,420.57,33.00M,0.41%,398.4712,353.572
01/22/2024,421.73,423.41,424.73,421.12,44.88M,0.13%,397.4564,353.03096
01/19/2024,421.18,415.22,421.34,414.63,70.33M,1.98%,396.4718,352.49928
01/18/2024,412.99,410.52,413.58,409.16,59.56M,1.42%,395.4286,351.94468
01/17/2024,407.21,406.17,407.58,402.92,54.39M,-0.56%,394.5192,351.39276
01/16/2024,409.52,408.31,411.12,406.83,43.90M,-0.01%,393.64,350.87484
01/12/2024,409.56,410.4,411.25,408.15,39.59M,0.05%,392.585,350.36232
01/11/2024,409.35,409.79,411.2,404.24,54.54M,0.21%,391.4076,349.84736
01/10/2024,408.5,406.07,409.52,405.17,33.96M,0.68%,390.201,349.32556
01/09/2024,405.75,401.91,406.69,401.71,39.13M,0.20%,388.9336,348.80116
01/08/2024,404.95,397.99,405.24,397.84,42.47M,2.07%,387.6882,348.26892
01/05/2024,396.75,396.45,399.56,395.34,44.92M,0.12%,386.5924,347.73072
01/04/2024,396.28,396.44,399.59,396.06,39.43M,-0.51%,385.8362,347.21836
01/03/2024,398.33,399.93,401.0,397.89,47.00M,-1.06%,385.0202,346.679
01/02/2024,402.59,405.84,406.09,400.24,58.03M,-1.69%,384.1418,346.14808
12/29/2023,409.52,411.28,411.64,407.58,42.66M,-0.43%,383.2856,345.59508
12/28/2023,411.3,412.67,412.92,410.94,27.03M,-0.05%,382.3588,345.02156
12/27/2023,411.5,410.95,411.79,410.08,31.98M,0.20%,381.493,344.44156
12/26/2023,410.66,409.04,411.34,408.94,22.72M,0.61%,380.6474,343.8354
12/22/2023,408.17,408.79,409.75,406.27,34.31M,0.15%,379.736,343.24652
12/21/2023,407.56,406.85,407.93,404.26,45.57M,1.16%,378.9674,342.68272
12/20/2023,402.87,408.14,410.25,402.69,54.04M,-1.49%,378.2368,342.11896
12/19/2023,408.95,407.33,409.07,407.13,35.71M,0.51%,377.5474,341.60072
12/18/2023,406.87,404.72,407.78,404.39,46.61M,0.43%,376.6958,341.04252
12/15/2023,405.13,403.97,406.33,403.36,62.90M,0.48%,375.8486,340.49348
12/14/2023,403.18,404.77,406.09,400.13,55.45M,-0.09%,374.916,339.9694
12/13/2023,403.53,399.41,404.15,398.63,55.41M,1.27%,374.0436,339.46364
12/12/2023,398.46,395.35,398.58,394.2,39.22M,0.80%,373.0676,338.99496
12/11/2023,395.31,391.53,395.58,391.32,41.20M,0.85%,372.3198,338.55512
12/08/2023,391.96,388.47,392.41,388.28,46.69M,0.45%,371.5752,338.1156
12/07/2023,390.23,387.87,391.06,386.76,49.59M,1.40%,370.8924,337.67532
12/06/2023,384.85,390.07,390.17,384.5,41.99M,-0.58%,370.1848,337.2492
12/05/2023,387.09,384.19,388.3,384.01,42.93M,0.25%,369.5682,336.83132
12/04/2023,386.12,385.89,386.39,382.46,51.19M,-0.93%,369.0148,336.40908
12/01/2023,389.74,387.55,390.33,385.87,40.49M,0.29%,368.4468,336.01456
11/30/2023,388.63,389.88,390.35,385.62,52.83M,-0.25%,367.8054,335.6252
11/29/2023,389.61,392.48,393.93,389.26,38.81M,-0.10%,367.3198,335.24496
11/28/2023,389.99,388.21,390.57,387.85,35.49M,0.26%,366.9212,334.85936
11/27/2023,388.97,388.81,390.94,388.08,34.14M,-0.09%,366.5308,334.42108
11/24/2023,389.31,389.45,390.05,388.3,15.72M,-0.14%,366.1638,333.99544
11/22/2023,389.86,390.36,392.86,388.84,44.18M,0.41%,365.919,333.58528
11/21/2023,388.27,388.81,389.03,386.5,43.34M,-0.58%,365.602,333.18052
11/20/2023,390.53,385.85,391.2,385.85,44.54M,1.22%,365.2884,332.77064
11/17/2023,385.84,385.01,386.87,384.09,46.62M,0.02%,365.0132,332.33548
11/16/2023,385.75,384.64,385.99,383.36,45.34M,0.09%,364.744,331.9308
11/15/2023,385.42,387.05,387.55,384.03,54.14M,0.08%,364.4662,331.52644
11/14/2023,385.13,383.51,386.06,382.98,67.79M,2.15%,364.2486,331.12592
11/13/2023,377.01,376.59,378.08,375.04,40.73M,-0.31%,364.1034,330.74236
11/10/2023,378.19,371.62,378.34,371.09,58.37M,2.25%,364.111,330.37548
11/09/2023,369.88,373.44,374.6,369.38,53.86M,-0.77%,364.103,330.01396
11/08/2023,372.74,372.88,373.59,370.43,35.66M,0.06%,364.2386,329.66484
11/07/2023,372.5,370.08,373.38,368.85,50.78M,0.95%,364.2752,329.2266
11/06/2023,369.02,368.3,369.59,366.72,38.85M,0.41%,364.1566,328.8142
11/03/2023,367.52,364.56,368.83,364.33,53.28M,1.17%,364.0528,328.40792
11/02/2023,363.25,361.35,363.49,360.11,58.16M,1.82%,363.923,327.996
11/01/2023,356.77,351.54,357.34,351.44,58.99M,1.74%,364.0364,327.5844
10/31/2023,350.69,349.05,351.07,346.44,47.67M,0.48%,364.1648,327.21948
10/30/2023,349.02,347.65,350.36,346.27,55.30M,1.13%,364.4252,326.9166
10/27/2023,345.13,346.25,348.66,343.9,63.48M,0.48%,364.6036,326.63172
10/26/2023,343.48,348.94,349.89,342.17,78.62M,-1.91%,364.8688,326.37548
10/25/2023,350.16,356.51,356.69,349.57,71.19M,-2.45%,365.2462,326.09248
10/24/2023,358.94,357.32,359.72,355.6,47.08M,0.97%,365.5676,325.80296
10/23/2023,355.48,353.07,359.07,350.94,60.67M,0.30%,365.792,325.50344
10/20/2023,354.41,359.27,359.85,354.18,72.56M,-1.49%,366.0034,325.19472
10/19/2023,359.78,364.62,365.83,358.97,72.27M,-0.94%,366.2832,324.8782
10/18/2023,363.18,365.48,367.72,361.83,54.28M,-1.31%,366.442,324.51496
10/17/2023,368.01,365.62,369.73,363.47,51.00M,-0.33%,366.6144,324.14364
10/16/2023,369.22,366.43,370.29,366.28,44.20M,1.13%,366.754,323.75696
10/13/2023,365.09,370.38,370.97,363.67,52.52M,-1.26%,366.8064,323.35692
10/12/2023,369.74,371.53,373.54,367.31,49.59M,-0.35%,366.9764,322.93896
10/11/2023,371.03,369.75,371.22,368.0,38.22M,0.71%,367.0654,322.53472
10/10/2023,368.4,366.71,371.09,366.2,46.97M,0.55%,367.2966,322.10068
10/09/2023,366.37,362.11,366.92,360.59,45.30M,0.51%,367.5982,321.67752
10/06/2023,364.51,355.46,365.72,354.66,75.05M,1.68%,367.9364,321.27712
10/05/2023,358.5,359.55,359.96,354.95,45.90M,-0.29%,368.1746,320.89492
10/04/2023,359.56,355.58,360.42,355.11,54.79M,1.36%,368.551,320.57936
10/03/2023,354.73,358.59,360.82,353.09,60.48M,-1.75%,368.9314,320.26844
10/02/2023,361.07,358.35,362.49,357.73,51.63M,0.83%,369.3574,319.97744
09/29/2023,358.08,361.35,362.76,356.83,64.83M,0.07%,369.6446,319.62672
09/28/2023,357.82,353.92,359.98,353.05,56.45M,0.84%,370.0142,319.26288
09/27/2023,354.85,355.19,356.79,351.18,56.07M,0.23%,370.5668,318.91852
09/26/2023,354.02,356.8,357.35,353.02,53.66M,-1.50%,371.1806,318.61828
09/25/2023,359.42,356.74,359.51,355.74,39.17M,0.47%,371.7484,318.29956
09/22/2023,357.72,359.44,361.61,357.4,51.59M,0.01%,372.1374,317.9588
09/21/2023,357.67,360.61,361.41,357.5,69.73M,-1.83%,372.562,317.6294
09/20/2023,364.35,370.76,371.12,364.27,45.51M,-1.44%,372.861,317.3184
09/19/2023,369.68,369.13,370.49,366.61,37.62M,-0.21%,372.9336,316.99464
09/18/2023,370.47,369.13,371.59,368.84,36.90M,-0.04%,372.8634,316.67024
09/15/2023,370.62,375.71,376.12,369.67,69.81M,-1.71%,372.775,316.35196
09/14/2023,377.07,375.79,378.07,373.69,48.04M,0.82%,372.708,316.02616
09/13/2023,374.01,372.83,375.64,371.68,46.30M,0.38%,372.5684,315.68168
09/12/2023,372.59,375.07,376.75,372.3,41.39M,-1.11%,372.4902,315.36912
09/11/2023,376.77,375.46,377.29,373.46,39.94M,1.18%,372.423,315.05296
09/08/2023,372.38,371.81,374.65,371.4,35.85M,0.14%,372.16,314.7882
09/07/2023,371.86,370.02,372.65,368.96,52.06M,-0.72%,371.9994,314.5264
09/06/2023,374.54,377.08,377.43,372.5,43.00M,-0.88%,371.835,314.2404
09/05/2023,377.87,376.57,379.11,375.63,32.34M,0.13%,371.494,313.93748
09/01/2023,377.39,380.2,380.63,375.88,39.80M,-0.11%,371.1836,313.5976
08/31/2023,377.79,376.74,379.52,376.67,35.73M,0.30%,370.9554,313.26812
08/30/2023,376.66,374.68,377.25,373.66,41.73M,0.56%,370.6338,312.95392
08/29/2023,374.57,366.37,374.93,366.04,58.49M,2.18%,370.4348,312.64372
08/28/2023,366.57,366.8,367.52,364.06,40.91M,0.75%,370.2982,312.34888
08/25/2023,363.83,361.88,365.55,358.39,69.96M,0.78%,370.3682,312.0996
08/24/2023,361.03,372.44,372.54,360.82,66.84M,-2.14%,370.4058,311.8734
08/23/2023,368.92,364.39,370.03,364.17,51.77M,1.58%,370.4466,311.71092
08/22/2023,363.19,366.36,366.37,362.49,44.61M,-0.14%,370.2742,311.4946
08/21/2023,363.71,359.43,364.4,358.96,50.70M,1.61%,370.0966,311.2976
08/18/2023,357.94,355.07,359.22,354.52,61.19M,-0.13%,369.8816,311.09956
08/17/2023,358.39,363.77,364.12,357.97,62.60M,-1.09%,369.6956,310.95856
08/16/2023,362.35,365.68,367.24,362.25,53.19M,-1.06%,369.6208,310.84144
08/15/2023,366.23,369.17,369.97,365.55,45.54M,-1.06%,369.468,310.70532
08/14/2023,370.16,365.24,370.28,364.51,42.13M,1.12%,369.2326,310.56884
08/11/2023,366.05,365.8,367.81,364.5,48.71M,-0.64%,368.866,310.41976
08/10/2023,368.4,370.78,374.16,366.84,72.04M,0.18%,368.5012,310.27644
08/09/2023,367.72,372.09,372.25,366.95,51.15M,-1.10%,368.1292,310.09848
08/08/2023,371.8,372.44,372.46,368.63,44.73M,-0.85%,367.7392,309.93064
08/07/2023,374.99,373.68,375.09,371.32,37.23M,0.85%,367.094,309.71108
08/04/2023,371.84,375.55,377.9,371.33,61.70M,-0.47%,366.2238,309.49328
08/03/2023,373.59,371.74,375.75,371.57,47.86M,-0.16%,365.4506,309.29224
08/02/2023,374.19,379.06,379.06,372.93,72.69M,-2.19%,364.728,309.0948
08/01/2023,382.59,382.11,383.36,380.49,41.31M,-0.23%,363.9708,308.88892
07/31/2023,383.48,383.59,384.68,382.14,44.02M,0.05%,363.0608,308.6152
07/28/2023,383.28,380.54,384.32,380.02,56.90M,1.82%,362.0102,308.34168
07/27/2023,376.42,382.87,384.51,375.11,63.94M,-0.24%,360.8844,308.06972
07/26/2023,377.32,377.52,379.04,374.98,47.08M,-0.33%,359.8884,307.80264
07/25/2023,378.58,376.75,380.27,376.73,38.89M,0.68%,358.8392,307.51996
07/24/2023,376.03,376.42,377.38,374.14,40.38M,0.16%,357.7882,307.18252
07/21/2023,375.43,378.98,379.72,374.99,60.50M,-0.30%,356.767,306.87884
07/20/2023,376.56,382.41,383.89,375.52,71.94M,-2.31%,355.6878,306.58444
07/19/2023,385.45,386.62,387.78,384.1,54.09M,-0.02%,354.627,306.30708
07/18/2023,385.54,381.76,386.93,379.8,55.34M,0.82%,353.3724,305.97676
07/17/2023,382.41,379.6,383.3,379.11,40.87M,0.93%,351.9816,305.62716
07/14/2023,378.87,379.39,382.66,377.98,55.15M,-0.02%,350.6758,305.25452
07/13/2023,378.95,375.85,379.79,375.26,46.96M,1.70%,349.4826,304.90592
07/12/2023,372.62,372.14,373.99,370.11,61.70M,1.26%,348.344,304.5362
07/11/2023,367.98,366.6,368.44,364.43,38.21M,0.49%,347.3394,304.18772
07/10/2023,366.17,365.77,366.86,363.22,48.50M,0.03%,346.3834,303.86016
07/07/2023,366.05,367.04,370.29,365.82,47.13M,-0.33%,345.2942,303.55104
07/06/2023,367.27,366.32,367.72,364.33,49.37M,-0.76%,344.1698,303.2676
07/05/2023,370.09,368.5,371.81,368.47,34.46M,0.00%,343.14,302.97784
07/03/2023,370.1,369.88,370.74,368.78,19.43M,0.24%,342.067,302.65208
06/30/2023,369.23,367.36,370.3,367.04,58.71M,1.54%,340.9872,302.31892
06/29/2023,363.62,364.05,364.7,361.95,46.15M,-0.20%,339.9734,301.96992
06/28/2023,364.35,361.79,366.33,361.71,46.50M,0.20%,339.0748,301.63596
06/27/2023,363.64,359.06,364.38,358.32,49.43M,1.72%,338.1612,301.31316
06/26/2023,357.49,361.81,364.65,357.4,52.69M,-1.34%,337.2564,300.99216
06/23/2023,362.35,362.02,364.69,360.63,48.92M,-0.99%,336.4866,300.7314
06/22/2023,365.98,360.44,366.14,360.03,47.60M,1.18%,335.4972,300.45984
06/21/2023,361.71,365.55,365.99,360.77,53.38M,-1.36%,334.4908,300.13472
06/20/2023,366.71,365.76,368.13,363.7,49.20M,-0.28%,333.6106,299.80996
06/16/2023,367.74,372.52,372.65,367.29,80.93M,-0.63%,332.634,299.46684
06/15/2023,370.07,364.42,371.57,363.79,71.14M,1.19%,331.5942,299.09408
06/14/2023,365.71,363.08,366.0,360.23,69.53M,0.73%,330.5708,298.6988
06/13/2023,363.07,363.1,363.92,359.84,57.10M,0.77%,329.6562,298.36656
06/12/2023,360.3,356.0,360.4,355.01,44.82M,1.69%,328.81,298.01736
06/09/2023,354.31,354.44,357.47,352.84,53.20M,0.38%,327.9142,297.67724
06/08/2023,352.96,348.94,353.43,348.71,47.15M,1.24%,327.0792,297.41476
06/07/2023,348.64,354.94,356.93,348.0,69.23M,-1.70%,326.1592,297.19988
06/06/2023,354.65,354.09,355.63,352.74,41.39M,-0.02%,325.3584,297.03524
06/05/2023,354.71,354.24,357.31,353.66,47.27M,0.07%,324.48,296.85548
06/02/2023,354.46,353.61,355.64,351.83,53.37M,0.75%,323.5776,296.66488
06/01/2023,351.83,347.55,353.17,346.48,50.49M,1.16%,322.6076,296.4712
05/31/2023,347.81,348.19,350.42,346.33,65.11M,-0.57%,321.7746,296.32072
05/30/2023,349.8,352.52,353.74,348.35,72.65M,0.45%,320.9346,296.15284
05/26/2023,348.22,340.58,349.06,340.48,63.01M,2.56%,320.0426,295.98612
05/25/2023,339.54,338.96,340.83,336.49,66.86M,2.43%,319.2112,295.829
05/24/2023,331.48,331.2,332.73,329.39,62.89M,-0.51%,318.3958,295.66752
05/23/2023,333.18,335.71,336.88,332.83,48.22M,-1.27%,317.7104,295.50604
05/22/2023,337.46,336.07,338.49,336.06,43.02M,0.34%,316.8576,295.32168
05/19/2023,336.33,337.31,338.03,335.25,61.55M,-0.23%,315.8764,295.14516
05/18/2023,337.09,331.35,337.31,331.33,64.21M,1.86%,315.0,294.95396
05/17/2023,330.95,328.07,331.54,326.87,47.49M,1.21%,314.2114,294.76332
05/16/2023,326.99,325.89,328.73,325.85,40.02M,0.11%,313.516,294.60348
05/15/2023,326.62,325.34,326.86,323.79,33.38M,0.54%,312.9734,294.51956
05/12/2023,324.86,326.57,327.0,322.77,48.43M,-0.36%,312.4314,294.4062
05/11/2023,326.03,325.53,326.58,323.95,44.28M,0.33%,311.8034,294.31388
05/10/2023,324.97,323.95,325.84,321.43,60.45M,1.09%,311.1038,294.17376
05/09/2023,321.47,321.83,322.71,321.15,31.77M,-0.63%,310.4726,294.04064
05/08/2023,323.52,322.25,323.87,321.15,36.47M,0.25%,309.919,293.95716
05/05/2023,322.72,318.3,323.59,316.05,51.81M,2.13%,309.2826,293.85104
05/04/2023,316.0,316.89,318.06,314.95,50.22M,-0.35%,308.7614,293.79652
05/03/2023,317.12,319.58,322.3,317.01,59.88M,-0.65%,308.3234,293.78388
05/02/2023,319.21,321.95,322.28,317.44,56.52M,-0.87%,307.8586,293.83312
05/01/2023,322.02,321.92,323.46,320.92,41.01M,-0.11%,307.4944,293.83088
04/28/2023,322.39,319.94,322.48,318.79,59.71M,0.69%,307.1168,293.81604
04/27/2023,320.18,315.53,320.69,314.88,65.43M,2.72%,306.8478,293.77884
04/26/2023,311.71,313.28,314.77,311.18,55.40M,0.61%,306.576,293.80948
04/25/2023,309.83,314.13,314.8,309.73,57.12M,-1.89%,306.4286,293.829
04/24/2023,315.78,316.21,317.57,313.58,44.04M,-0.21%,306.2228,293.85756
04/21/2023,316.44,315.74,317.23,313.94,59.00M,0.10%,305.9376,293.91208
04/20/2023,316.11,315.52,319.1,314.8,62.46M,-0.76%,305.693,293.94724
04/19/2023,318.54,316.24,319.62,316.11,38.96M,-0.05%,305.5652,294.01868
04/18/2023,318.69,320.82,321.25,317.47,46.75M,0.01%,305.263,294.10864
04/17/2023,318.67,317.98,319.03,315.87,43.01M,0.08%,305.0096,294.2182
04/14/2023,318.4,317.42,320.19,315.44,56.28M,-0.19%,304.8674,294.29756
04/13/2023,319.0,314.66,319.48,313.47,54.61M,1.96%,304.5146,294.37696
04/12/2023,312.88,317.65,318.25,312.4,62.81M,-0.88%,304.024,294.48564
04/11/2023,315.66,317.66,317.72,315.14,40.11M,-0.64%,303.5688,294.5912
04/10/2023,317.7,314.9,317.75,313.09,45.13M,-0.06%,303.1776,294.6914
04/06/2023,317.88,314.08,318.38,312.66,46.92M,0.67%,302.6874,294.81648
04/05/2023,315.75,317.93,318.89,313.91,62.80M,-0.99%,302.0814,294.9606
04/04/2023,318.9,320.43,321.46,317.66,45.88M,-0.34%,301.5308,295.10988
04/03/2023,319.98,318.6,320.25,317.25,47.13M,-0.24%,300.929,295.27792
03/31/2023,320.76,315.74,321.0,315.43,62.14M,1.66%,300.18,295.47444
03/30/2023,315.51,315.07,316.15,312.64,58.35M,0.95%,299.265,295.63804
03/29/2023,312.56,310.72,313.19,309.89,53.27M,1.82%,298.5094,295.8254
03/28/2023,306.96,308.01,308.04,304.61,48.59M,-0.53%,297.886,296.04276
03/27/2023,308.6,311.44,312.54,307.73,50.29M,-0.69%,297.3632,296.29892
03/24/2023,310.73,309.16,310.83,306.79,57.25M,0.37%,296.7692,296.5234
03/23/2023,309.59,309.76,313.99,306.85,74.58M,1.19%,296.1026,296.71712
03/22/2023,305.96,310.11,315.08,305.79,75.79M,-1.36%,295.3646,296.9166
03/21/2023,310.18,307.78,310.64,306.23,49.76M,1.43%,294.6534,297.09936
03/20/2023,305.81,304.1,306.14,301.85,56.36M,0.20%,293.823,297.28572
03/17/2023,305.2,306.56,308.99,303.21,89.92M,-0.47%,292.9356,297.46208
03/16/2023,306.65,297.84,307.02,297.03,98.56M,2.64%,292.1436,297.64652
03/15/2023,298.77,294.56,299.11,293.09,83.63M,0.52%,291.2974,297.79696
03/14/2023,297.21,294.16,297.77,293.3,73.60M,2.30%,290.6448,297.96244
03/13/2023,290.54,286.58,294.32,285.04,97.12M,0.74%,290.0266,298.08552
03/10/2023,288.4,292.68,294.2,287.23,98.59M,-1.40%,289.415,298.19536
03/09/2023,292.51,298.17,300.82,291.68,71.46M,-1.73%,288.9158,298.33868
03/08/2023,297.66,296.61,298.27,294.73,50.88M,0.50%,288.41,298.49304
03/07/2023,296.18,299.91,300.85,295.56,65.96M,-1.23%,287.7892,298.64164
03/06/2023,299.86,300.78,303.84,299.66,56.74M,0.11%,287.3318,298.74964
03/03/2023,299.52,295.23,299.76,294.72,60.51M,2.07%,286.7226,298.84896
03/02/2023,293.46,288.51,294.28,288.22,53.74M,0.83%,286.1244,298.99936
03/01/2023,291.05,293.11,293.78,290.05,58.29M,-0.80%,285.7374,299.19384
02/28/2023,293.41,293.15,295.97,292.81,48.24M,-0.13%,285.4512,299.4178
02/27/2023,293.79,294.92,296.33,293.19,49.00M,0.72%,285.3102,299.6094
02/24/2023,291.7,291.61,292.82,289.9,74.33M,-1.67%,285.2044,299.82072
02/23/2023,296.66,297.81,297.97,292.4,69.29M,0.87%,285.079,300.03628
02/22/2023,294.1,294.47,296.2,292.41,51.39M,0.07%,284.7836,300.21088
02/21/2023,293.88,297.1,298.57,293.74,46.53M,-2.37%,284.5756,300.35148
02/17/2023,301.0,300.91,301.77,297.94,58.23M,-0.71%,284.3056,300.52756
02/16/2023,303.14,304.22,308.27,302.99,59.50M,-1.88%,283.9162,300.68888
02/15/2023,308.94,304.74,309.11,304.04,43.43M,0.77%,283.6032,300.8574
02/14/2023,306.59,302.73,307.56,300.75,64.08M,0.74%,283.2724,301.04504
02/13/2023,304.34,300.97,304.94,299.77,39.64M,1.60%,283.012,301.24244
02/10/2023,299.54,299.32,301.41,297.09,50.05M,-0.66%,282.7894,301.41432
02/09/2023,301.52,308.68,308.83,300.04,49.14M,-0.88%,282.407,301.60368
02/08/2023,304.21,308.38,309.34,303.51,56.72M,-1.78%,282.0278,301.83056
02/07/2023,309.72,303.3,310.87,302.16,67.58M,2.07%,281.679,302.07988
02/06/2023,303.43,303.35,305.75,302.06,40.80M,-0.85%,281.258,302.27672
02/03/2023,306.02,304.78,312.23,304.38,76.17M,-1.78%,280.9054,302.48276
02/02/2023,311.56,307.41,313.52,306.57,83.07M,3.59%,280.4198,302.68996
02/01/2023,300.76,294.26,303.27,292.15,67.56M,2.14%,279.882,302.85716
01/31/2023,294.47,290.16,294.57,290.05,46.71M,1.50%,279.56,303.12732
01/30/2023,290.12,292.78,294.23,289.74,49.41M,-2.02%,279.3764,303.41076
01/27/2023,296.1,291.85,298.1,291.73,56.44M,1.00%,279.3588,303.70172
01/26/2023,293.19,291.07,293.37,288.37,51.60M,1.95%,279.1426,303.9238
01/25/2023,287.58,283.62,288.21,281.03,50.87M,-0.22%,279.035,304.11472
01/24/2023,288.22,287.16,289.4,286.63,44.88M,-0.20%,278.9354,304.34196
01/23/2023,288.81,283.39,290.06,282.58,52.80M,2.22%,278.4346,304.5688
01/20/2023,282.53,276.64,282.87,275.57,60.61M,2.74%,278.0464,304.826
01/19/2023,275.01,276.08,277.23,273.75,44.15M,-0.98%,277.7448,305.10192
01/18/2023,277.73,282.96,284.54,277.52,47.75M,-1.30%,277.5354,305.448
01/17/2023,281.39,280.62,282.7,279.43,36.27M,0.20%,277.1878,305.80224
01/13/2023,280.82,276.35,281.07,276.02,44.80M,0.69%,276.8708,306.15812
01/12/2023,278.9,277.97,279.95,273.6,60.60M,0.54%,276.7538,306.55408
01/11/2023,277.4,273.78,277.51,272.98,44.08M,1.73%,276.7318,306.94832
01/10/2023,272.69,269.35,272.8,268.83,35.25M,0.85%,276.8052,307.38732
01/09/2023,270.4,270.69,275.15,269.78,45.57M,0.65%,276.806,307.83904
01/06/2023,268.66,263.21,269.8,260.2,54.66M,2.76%,276.9536,308.27708
01/05/2023,261.44,263.9,264.07,261.12,45.40M,-1.57%,277.2616,308.72108
01/04/2023,265.6,266.5,267.31,262.39,47.75M,0.48%,277.5988,309.2106
01/03/2023,264.34,268.51,270.01,261.99,42.34M,-0.68%,277.7924,309.68456
12/30/2022,266.14,263.48,266.27,262.15,37.86M,-0.06%,277.885,310.21224
12/29/2022,266.3,262.82,267.26,262.11,45.89M,2.44%,277.9692,310.75356
12/28/2022,259.96,263.03,265.33,259.59,47.14M,-1.32%,278.07,311.27892
12/27/2022,263.44,266.6,266.71,262.89,38.01M,-1.41%,278.255,311.83964
12/23/2022,267.22,265.33,267.9,263.39,39.37M,0.22%,278.1982,312.39124
12/22/2022,266.62,270.24,270.37,262.32,60.28M,-2.45%,278.2274,312.92796
12/21/2022,273.31,270.46,274.64,269.6,46.39M,1.45%,278.1454,313.47456
12/20/2022,269.4,268.42,271.18,266.81,51.06M,-0.08%,277.9314,313.96816
12/19/2022,269.61,273.73,273.82,268.35,44.17M,-1.64%,277.8688,314.46552
12/16/2022,274.11,276.05,277.62,272.47,68.30M,-0.95%,277.8558,314.94312
12/15/2022,276.74,282.18,282.86,275.53,60.55M,-3.36%,277.9658,315.36864
12/14/2022,286.36,287.9,291.26,283.04,64.98M,-0.74%,278.0676,315.80052
12/13/2022,288.5,296.49,296.72,285.76,80.67M,1.08%,277.98,316.20164
12/12/2022,285.43,282.07,285.49,281.01,35.73M,1.26%,277.6778,316.635
12/09/2022,281.89,282.66,285.49,281.44,47.86M,-0.64%,277.3116,317.04528
12/08/2022,283.7,281.76,284.69,279.64,42.59M,1.18%,277.1084,317.48592
12/07/2022,280.38,280.32,282.42,278.63,45.61M,-0.41%,277.0302,317.94232
12/06/2022,281.53,287.33,287.47,280.11,53.94M,-2.07%,276.9094,318.39488
12/05/2022,287.49,290.23,291.53,286.0,41.48M,-1.68%,276.7634,318.86636
12/02/2022,292.4,288.39,293.3,288.21,53.58M,-0.40%,276.521,319.30688
12/01/2022,293.57,293.54,295.59,290.73,51.55M,0.12%,276.2714,319.68128
11/30/2022,293.21,280.69,293.32,279.82,74.72M,4.56%,276.0682,320.03872
11/29/2022,280.42,282.79,283.2,279.02,35.62M,-0.76%,275.9756,320.42472
11/28/2022,282.56,284.75,286.81,281.61,38.88M,-1.47%,276.1852,320.85072
11/25/2022,286.77,287.04,287.76,286.27,15.50M,-0.66%,276.3174,321.29492
11/23/2022,288.67,285.82,289.31,285.64,46.39M,1.00%,276.401,321.74576
11/22/2022,285.8,282.49,285.96,280.31,41.87M,1.44%,276.545,322.15504
11/21/2022,281.74,283.25,284.43,280.89,40.08M,-1.03%,276.7,322.60604
11/18/2022,284.67,287.74,287.84,282.17,53.59M,0.00%,277.2768,323.06816
11/17/2022,284.66,280.73,286.17,280.57,55.46M,-0.22%,277.722,323.52584
11/16/2022,285.29,287.24,289.33,284.45,48.86M,-1.36%,278.036,324.00232
11/15/2022,289.24,292.06,293.11,285.82,73.99M,1.38%,278.3064,324.46732
11/14/2022,285.29,285.71,289.06,284.29,55.08M,-0.88%,278.3796,324.90004
11/11/2022,287.81,282.41,288.49,281.04,66.96M,1.84%,278.5742,325.34772
11/10/2022,282.6,275.87,282.9,273.71,99.26M,7.38%,278.8028,325.77408
11/09/2022,263.18,267.62,268.42,262.89,64.86M,-2.31%,279.133,326.22164
11/08/2022,269.4,269.0,272.71,265.38,63.21M,0.73%,279.8866,326.73044
11/07/2022,267.45,265.61,268.0,263.43,47.33M,1.10%,280.5836,327.21008
11/04/2022,264.54,265.39,266.47,258.94,78.31M,1.61%,281.3802,327.72072
11/03/2022,260.35,262.87,264.36,259.96,70.04M,-1.95%,282.4976,328.25396
11/02/2022,265.54,274.94,278.06,265.47,79.80M,-3.43%,283.5874,328.80612
11/01/2022,274.97,281.35,281.92,274.6,45.90M,-1.02%,284.5554,329.336
10/31/2022,277.8,278.77,279.61,275.85,47.74M,-1.16%,285.34,329.808
10/28/2022,281.07,272.09,281.55,271.92,62.65M,3.06%,286.2378,330.2522
10/27/2022,272.73,276.64,278.13,272.2,57.76M,-1.82%,287.1986,330.67684
10/26/2022,277.78,278.31,283.83,277.28,63.90M,-2.21%,288.3104,331.12956
10/25/2022,284.06,279.26,284.45,277.75,59.01M,2.07%,289.397,331.55452
10/24/2022,278.3,275.55,279.25,271.83,63.96M,1.10%,290.3736,331.93748
10/21/2022,275.28,267.84,275.82,266.68,77.90M,2.34%,291.412,332.33996
10/20/2022,268.97,269.44,274.7,267.78,60.61M,-0.51%,292.3846,332.74976
10/19/2022,270.35,269.79,273.54,267.93,53.12M,-0.36%,293.5204,333.16948
10/18/2022,271.34,276.38,277.06,268.6,69.78M,0.79%,294.4516,333.59636
10/17/2022,269.21,266.7,270.1,266.6,64.58M,3.30%,295.4356,334.01012
10/14/2022,260.6,271.06,271.67,260.0,77.24M,-3.01%,296.483,334.43436
10/13/2022,268.68,255.03,270.03,254.13,112.89M,2.35%,297.7556,334.88176
10/12/2022,262.52,263.26,265.22,261.81,50.58M,-0.03%,298.8364,335.28204
10/11/2022,262.61,264.56,267.49,260.89,66.52M,-1.37%,299.8692,335.69772
10/10/2022,266.27,269.16,269.56,263.5,60.39M,-1.00%,300.919,336.08652
10/07/2022,268.96,274.88,275.01,267.6,71.35M,-3.81%,301.8994,336.44924
10/06/2022,279.61,280.81,284.03,279.28,53.49M,-0.79%,302.7132,336.8062
10/05/2022,281.83,278.13,283.66,275.28,55.77M,-0.05%,303.254,337.13164
10/04/2022,281.98,278.84,282.7,278.84,66.70M,3.14%,303.5018,337.45544
10/03/2022,273.39,268.93,275.02,267.39,61.27M,2.35%,303.8644,337.76544
09/30/2022,267.12,270.89,275.05,266.96,78.48M,-1.70%,304.4332,338.10064
09/29/2022,271.73,275.72,276.11,268.7,81.22M,-2.88%,305.2352,338.44188
09/28/2022,279.79,274.32,281.1,272.8,79.65M,1.99%,305.858,338.79492
09/27/2022,274.34,277.66,280.06,271.97,69.78M,0.04%,306.225,339.10684
09/26/2022,274.23,274.89,279.34,273.42,71.18M,-0.41%,306.5232,339.44584
09/23/2022,275.37,277.4,277.7,271.88,74.82M,-1.63%,306.873,339.78764
09/22/2022,279.92,281.85,282.88,278.67,62.76M,-1.23%,307.096,340.1668
09/21/2022,283.41,289.44,293.8,283.27,82.93M,-1.79%,307.2076,340.53964
09/20/2022,288.58,288.34,290.92,286.23,51.27M,-0.80%,307.2612,340.89712
09/19/2022,290.9,285.95,291.06,285.89,52.61M,0.60%,307.2674,341.22032
09/16/2022,289.17,287.57,289.57,285.47,79.92M,-0.61%,307.3532,341.52056
09/15/2022,290.95,293.92,296.37,289.31,65.30M,-1.67%,307.4664,341.82592
09/14/2022,295.87,294.71,296.77,292.91,54.91M,0.79%,307.4204,342.15664
09/13/2022,293.55,301.64,302.86,292.63,79.56M,-5.48%,307.2392,342.4856
09/12/2022,310.58,308.34,310.92,308.02,45.91M,1.19%,307.0078,342.8228
09/09/2022,306.93,302.67,307.44,300.36,56.13M,2.19%,306.3988,343.08072
09/08/2022,300.36,296.69,301.71,295.29,55.65M,0.52%,305.9332,343.35752
09/07/2022,298.81,293.39,299.83,293.12,49.26M,2.02%,305.5938,343.66164
09/06/2022,292.9,295.5,296.44,290.72,57.01M,-0.72%,305.4636,343.98348
09/02/2022,295.02,302.18,303.59,293.37,64.67M,-1.41%,305.4948,344.3342
09/01/2022,299.24,296.56,299.62,292.8,57.99M,0.04%,305.2884,344.68176
08/31/2022,299.11,303.83,304.75,299.0,50.04M,-0.58%,304.914,345.01028
08/30/2022,300.86,305.94,306.57,298.28,51.18M,-1.11%,304.5504,345.33464
08/29/2022,304.25,304.46,307.06,303.12,48.32M,-0.99%,304.0242,345.65272
08/26/2022,307.28,320.11,321.34,307.19,69.05M,-4.10%,303.3642,345.95472
08/25/2022,320.41,316.66,320.43,315.59,38.10M,1.77%,302.8716,346.24584
08/24/2022,314.84,313.45,316.7,312.83,38.06M,0.29%,301.9788,346.46756
08/23/2022,313.94,313.96,316.83,313.17,39.50M,-0.08%,301.1874,346.69708
08/22/2022,314.2,318.33,318.57,313.37,51.10M,-2.63%,300.6824,346.93972
08/19/2022,322.69,326.0,326.67,321.91,51.77M,-1.95%,300.3832,347.1796
08/18/2022,329.11,328.27,330.32,326.62,41.94M,0.24%,300.079,347.38096
08/17/2022,328.32,328.9,331.26,326.19,47.84M,-1.14%,299.691,347.53468
08/16/2022,332.11,331.88,334.25,328.99,41.19M,-0.23%,299.2658,347.67648
08/15/2022,332.89,329.25,333.39,329.23,38.27M,0.81%,298.7444,347.79612
08/12/2022,330.22,326.0,330.41,324.93,40.93M,1.95%,298.3708,347.92672
08/11/2022,323.91,328.13,330.19,323.19,45.90M,-0.57%,297.8832,348.081
08/10/2022,325.76,324.42,326.06,321.89,51.46M,2.79%,297.5674,348.25988
08/09/2022,316.91,318.6,318.86,315.25,39.76M,-1.13%,297.231,348.4262
08/08/2022,320.54,322.52,326.3,319.04,44.07M,-0.32%,296.8762,348.62264
08/05/2022,321.58,319.02,323.66,318.22,53.89M,-0.82%,296.2876,348.80708
08/04/2022,324.23,322.8,324.55,320.6,38.97M,0.47%,295.5978,348.99492
08/03/2022,322.72,315.88,323.56,315.82,53.74M,2.72%,294.9798,349.16944
08/02/2022,314.16,312.76,318.38,311.68,48.68M,-0.30%,294.296,349.35648
08/01/2022,315.1,313.49,318.64,312.37,46.36M,-0.06%,293.8014,349.56844
07/29/2022,315.29,311.22,316.22,309.77,57.50M,1.82%,293.3192,349.77452
07/28/2022,309.65,306.43,310.23,302.59,55.14M,0.98%,293.1336,349.971
07/27/2022,306.65,298.88,308.38,298.3,69.30M,4.22%,292.9062,350.18992
07/26/2022,294.22,298.37,298.63,293.39,50.07M,-1.96%,292.8088,350.42848
07/25/2022,300.11,301.86,302.34,298.06,40.58M,-0.57%,292.7444,350.71416
07/22/2022,301.83,306.27,308.39,299.96,57.13M,-1.75%,292.576,350.97068
07/21/2022,307.22,303.34,307.27,300.62,55.05M,1.44%,292.5514,351.23656
07/20/2022,302.87,298.57,304.08,297.78,67.77M,1.59%,292.3468,351.47972
07/19/2022,298.14,292.96,298.44,291.32,55.17M,3.07%,292.4712,351.72328
07/18/2022,289.25,294.57,296.0,288.05,59.52M,-0.85%,292.7652,351.9762
07/15/2022,291.72,289.58,291.83,287.93,63.82M,1.81%,293.5688,352.2536
07/14/2022,286.52,282.84,287.41,279.65,63.74M,0.36%,294.1074,352.50464
07/13/2022,285.5,280.45,287.9,279.87,73.94M,-0.21%,294.7432,352.7882
07/12/2022,286.09,290.17,292.13,284.46,55.80M,-0.97%,295.295,353.08752
07/11/2022,288.89,292.73,292.96,287.99,55.27M,-2.13%,296.13,353.39468
07/08/2022,295.19,291.93,296.59,290.97,59.90M,0.12%,296.684,353.68804
07/07/2022,294.83,289.48,295.54,289.48,56.62M,2.14%,297.1196,353.9562
07/06/2022,288.65,287.2,290.8,285.44,63.19M,0.64%,297.8112,354.22016
07/05/2022,286.81,278.16,286.93,276.6,61.83M,1.71%,298.5428,354.49988
07/01/2022,281.98,278.8,282.38,276.88,56.68M,0.66%,299.486,354.79568
06/30/2022,280.13,280.6,283.8,275.64,79.31M,-1.24%,300.667,355.10776
06/29/2022,283.65,283.25,285.19,280.69,57.30M,0.09%,301.986,355.42104
06/28/2022,283.39,292.85,295.49,283.2,61.87M,-3.05%,303.0832,355.70396
06/27/2022,292.3,295.84,296.42,291.14,54.15M,-0.73%,304.1804,355.98736
06/24/2022,294.46,287.59,294.89,287.35,58.42M,3.43%,305.2578,356.23736
06/23/2022,284.7,283.06,285.57,280.16,57.46M,1.49%,306.154,356.4736
06/22/2022,280.52,278.37,285.03,277.76,67.47M,-0.15%,307.2742,356.73192
06/21/2022,280.93,278.6,283.3,278.49,51.63M,2.32%,308.6432,357.00868
06/17/2022,274.55,272.04,277.04,270.37,82.70M,1.22%,310.1028,357.2752
06/16/2022,271.25,275.45,275.92,269.14,81.91M,-4.03%,311.6732,357.56656
06/15/2022,282.65,279.27,286.68,276.46,86.05M,2.49%,313.4664,357.85828
06/14/2022,275.77,277.51,278.51,273.19,64.70M,0.18%,315.1956,358.09748
06/13/2022,275.27,279.6,282.19,274.39,94.44M,-4.65%,316.9134,358.37504
06/10/2022,288.69,293.5,294.72,288.23,85.96M,-3.53%,318.655,358.63728
06/09/2022,299.24,305.75,308.89,299.07,55.90M,-2.68%,320.2192,358.85084
06/08/2022,307.48,308.89,311.56,306.61,38.34M,-0.72%,321.6544,359.0312
06/07/2022,309.71,303.65,310.51,302.53,44.90M,0.86%,322.7992,359.16552
06/06/2022,307.06,310.59,312.19,305.46,51.79M,0.33%,323.7882,359.28736
06/03/2022,306.04,308.87,310.31,304.76,60.91M,-2.60%,324.8362,359.40576
06/02/2022,314.21,304.69,314.39,303.24,59.29M,2.74%,325.7484,359.52792
06/01/2022,305.84,310.31,312.49,303.57,65.34M,-0.74%,326.5996,359.61676
05/31/2022,308.12,308.91,311.17,304.17,60.97M,-0.27%,327.4808,359.73508
05/27/2022,308.94,302.38,309.09,302.26,66.99M,3.27%,328.3446,359.82192
05/26/2022,299.17,290.29,300.76,290.0,59.46M,2.77%,329.051,359.91932
05/25/2022,291.11,285.56,293.24,285.35,67.14M,1.40%,329.8704,360.05324
05/24/2022,287.09,287.97,288.71,282.1,73.49M,-2.13%,330.6078,360.2238
05/23/2022,293.33,289.6,293.72,287.14,63.65M,1.66%,331.226,360.40628
05/20/2022,288.53,292.98,293.65,280.06,91.76M,-0.31%,331.844,360.56876
05/19/2022,289.43,289.14,294.24,287.43,79.92M,-0.54%,332.6954,360.74584
05/18/2022,290.99,301.38,302.09,289.7,79.48M,-4.91%,333.603,360.91748
05/17/2022,306.01,304.29,306.4,300.39,62.72M,2.59%,334.2468,361.06088
05/16/2022,298.28,299.99,302.1,296.97,59.19M,-1.16%,334.6204,361.15148
05/13/2022,301.78,295.56,302.84,293.93,83.68M,3.70%,335.3972,361.24804
05/12/2022,291.0,287.3,295.59,284.79,120.91M,-0.24%,336.2032,361.32912
05/11/2022,291.69,298.28,303.93,290.8,140.33M,-2.96%,337.324,361.46208
05/10/2022,300.6,304.35,305.6,296.41,124.12M,1.22%,338.3164,361.6002
05/09/2022,296.99,303.32,309.19,295.56,113.39M,-3.91%,339.2368,361.67448
05/06/2022,309.09,310.79,314.92,304.94,139.57M,-1.20%,340.2088,361.7534
05/05/2022,312.84,325.0,325.08,309.46,154.61M,-5.04%,340.8332,361.8176
05/04/2022,329.43,319.14,330.12,313.73,116.08M,3.38%,341.1614,361.8686
05/03/2022,318.65,318.33,321.0,315.81,78.19M,0.11%,341.3308,361.88696
05/02/2022,318.31,312.67,318.55,309.48,115.51M,1.67%,341.7844,361.93772
04/29/2022,313.09,323.53,327.05,312.44,91.98M,-4.50%,342.3236,361.97992
04/28/2022,327.84,321.68,329.72,317.35,99.45M,3.55%,343.1788,362.04744
04/27/2022,316.59,317.07,322.71,314.83,111.20M,-0.12%,343.7408,362.08012
04/26/2022,316.97,327.3,327.49,316.69,105.82M,-3.78%,344.3552,362.165
04/25/2022,329.41,323.56,329.73,322.26,101.76M,1.29%,344.9534,362.25728
04/22/2022,325.23,334.13,335.38,324.79,82.56M,-2.62%,345.53,362.29492
04/21/2022,333.97,345.01,347.69,333.03,75.80M,-2.07%,346.3562,362.35388
04/20/2022,341.03,346.91,347.38,339.78,65.50M,-1.46%,346.8554,362.3838
04/19/2022,346.08,337.85,346.67,336.8,56.52M,2.24%,347.1336,362.37664
04/18/2022,338.51,337.17,340.86,335.61,58.56M,0.08%,347.3684,362.3324
04/14/2022,338.25,346.26,346.79,338.03,73.52M,-2.29%,347.6654,362.3348
04/13/2022,346.17,339.62,347.25,338.88,61.37M,2.03%,348.2664,362.32672
04/12/2022,339.27,345.58,347.51,337.86,72.79M,-0.42%,348.6496,362.29684
04/11/2022,340.71,344.63,345.57,340.36,66.11M,-2.37%,349.1214,362.30708
04/08/2022,348.97,352.14,352.9,348.32,61.96M,-1.40%,349.3396,362.30996
04/07/2022,353.91,352.06,356.16,348.51,63.78M,0.24%,349.1786,362.2594
04/06/2022,353.07,355.46,356.59,350.38,90.08M,-2.17%,348.9882,362.20544
04/05/2022,360.91,367.62,368.35,359.74,62.74M,-2.22%,348.8254,362.13912
04/04/2022,369.11,362.52,369.12,362.25,45.95M,2.06%,348.6694,362.0432
04/01/2022,361.66,362.62,363.42,358.4,54.53M,-0.19%,348.3174,361.90636
03/31/2022,362.35,367.05,367.41,361.49,67.01M,-1.24%,348.3148,361.78552
03/30/2022,366.9,369.08,370.79,365.38,68.76M,-1.11%,348.3936,361.65872
03/29/2022,371.0,368.71,371.63,365.87,68.07M,1.72%,348.4628,361.51464
03/28/2022,364.72,359.15,364.82,357.88,56.83M,1.55%,348.639,361.32824
03/25/2022,359.16,359.4,360.48,354.76,57.58M,-0.08%,348.8938,361.1452
03/24/2022,359.46,353.61,359.51,351.41,53.56M,2.22%,349.4536,360.96516
03/23/2022,351.65,353.82,357.47,351.59,70.62M,-1.44%,349.9768,360.79028
03/22/2022,356.77,350.41,357.66,350.02,63.35M,1.96%,350.542,360.647
03/21/2022,349.9,350.02,352.29,345.39,73.80M,-0.40%,350.9998,360.4646
03/18/2022,351.31,342.56,351.61,341.37,85.45M,2.05%,351.6782,360.31184
03/17/2022,344.26,338.19,344.32,336.86,67.81M,1.21%,352.3338,360.1748
03/16/2022,340.14,332.0,340.26,328.23,105.24M,3.71%,353.3738,360.07152
03/15/2022,327.98,320.71,328.78,319.06,76.47M,3.14%,354.6004,359.96288
03/14/2022,318.0,322.96,326.42,317.28,79.80M,-1.92%,355.9936,359.89848
03/11/2022,324.23,334.14,334.46,323.73,66.23M,-2.07%,357.6364,359.9134
03/10/2022,331.1,330.65,332.34,326.54,69.36M,-1.11%,359.1786,359.89812
03/09/2022,334.81,331.58,336.2,328.92,64.72M,3.60%,360.5846,359.84836
03/08/2022,323.18,323.88,333.04,319.77,116.15M,-0.47%,361.9538,359.77028
03/07/2022,324.69,337.11,338.3,324.48,89.93M,-3.69%,363.4244,359.74904
03/04/2022,337.12,339.66,341.13,334.74,77.01M,-1.45%,364.8054,359.69316
03/03/2022,342.08,349.75,349.86,340.17,71.09M,-1.43%,365.8432,359.59112
03/02/2022,347.04,342.9,348.41,340.06,70.61M,1.68%,366.6114,359.42192
03/01/2022,341.31,345.57,347.9,338.72,67.41M,-1.53%,367.3648,359.26784
02/28/2022,346.62,342.33,348.36,341.14,77.52M,0.30%,368.2714,359.11836
02/25/2022,345.59,341.13,345.8,337.21,78.84M,1.55%,369.2758,358.96788
02/24/2022,340.31,318.67,340.86,318.09,130.61M,3.36%,370.124,358.85844
02/23/2022,329.25,341.14,342.0,328.93,86.22M,-2.56%,371.1588,358.79088
02/22/2022,337.9,338.31,343.86,334.17,85.97M,-1.00%,372.5298,358.7298
02/18/2022,341.33,346.23,346.63,338.96,80.00M,-1.14%,373.6422,358.62888
02/17/2022,345.27,352.55,353.27,344.84,61.80M,-2.97%,374.8036,358.5594
02/16/2022,355.85,353.63,356.9,350.53,58.95M,-0.03%,375.8506,358.46356
02/15/2022,355.94,352.72,356.18,351.64,55.39M,2.48%,376.4536,358.32924
02/14/2022,347.31,346.31,350.8,343.71,80.25M,0.12%,376.9934,358.22888
02/11/2022,346.88,358.24,359.88,345.62,101.57M,-3.17%,377.8414,358.16884
02/10/2022,358.24,359.33,366.3,356.35,112.47M,-2.26%,378.6422,358.11632
02/09/2022,366.54,363.57,366.62,361.93,55.77M,2.12%,379.3496,358.0248
02/08/2022,358.93,353.77,360.05,352.61,64.72M,1.12%,380.0084,357.90372
02/07/2022,354.94,358.43,360.86,353.65,58.20M,-0.80%,380.6496,357.8056
02/04/2022,357.82,353.89,361.21,351.79,86.32M,1.26%,381.5218,357.71616
02/03/2022,353.36,358.34,361.74,352.27,95.38M,-4.06%,382.3108,357.6182
02/02/2022,368.3,369.57,369.91,364.09,78.78M,0.81%,383.2254,357.53836
02/01/2022,365.33,364.24,366.0,358.95,74.43M,0.68%,383.935,357.38992
01/31/2022,362.86,353.01,363.46,351.34,94.33M,3.20%,384.6592,357.24888
01/28/2022,351.62,342.85,351.84,337.77,108.17M,3.14%,385.3504,357.10228
01/27/2022,340.92,349.22,351.09,339.87,95.26M,-1.01%,386.2622,357.00584
01/26/2022,344.39,352.72,356.69,340.6,146.56M,-0.16%,387.3318,356.93116
01/25/2022,344.93,346.49,350.85,341.5,124.40M,-2.32%,388.3338,356.81116
01/24/2022,353.11,345.72,353.79,333.97,199.45M,0.46%,389.2428,356.71604
01/21/2022,351.51,359.28,361.99,351.22,143.39M,-2.77%,389.9668,356.58064
01/20/2022,361.53,369.6,373.67,360.98,88.61M,-1.30%,390.8388,356.48828
01/19/2022,366.29,371.95,374.49,366.02,81.79M,-1.10%,391.5652,356.35392
01/18/2022,370.36,373.84,376.02,369.58,75.81M,-2.49%,392.2072,356.18976
01/14/2022,379.81,374.87,380.15,374.66,80.12M,0.62%,392.7602,356.01308
01/13/2022,377.46,388.57,389.27,376.5,77.99M,-2.50%,393.0234,355.78824
01/12/2022,387.15,388.26,390.0,384.81,54.58M,0.40%,393.2512,355.54336
01/11/2022,385.62,379.16,385.79,377.02,68.30M,1.50%,393.2528,355.24156
01/10/2022,379.91,374.62,380.44,369.12,91.77M,0.07%,393.2586,354.9558
01/07/2022,379.66,383.83,385.56,377.84,72.65M,-1.08%,393.3408,354.69964
01/06/2022,383.82,382.22,387.15,379.93,70.81M,-0.07%,393.3436,354.43604
01/05/2022,384.09,394.53,395.68,383.83,75.74M,-3.07%,393.2456,354.15776
01/04/2022,396.26,402.03,402.07,393.08,58.03M,-1.30%,393.1184,353.89684
01/03/2022,401.47,398.84,401.73,396.67,40.58M,0.96%,392.6712,353.57104
12/31/2021,397.64,399.45,400.85,397.13,34.75M,-0.62%,392.1832,353.19468
12/30/2021,400.14,401.12,403.36,399.54,23.85M,-0.30%,391.726,352.85092
12/29/2021,401.34,401.54,402.84,398.9,32.25M,-0.01%,391.2286,352.48696
12/28/2021,401.4,404.19,404.37,400.5,33.11M,-0.46%,390.6508,352.13592
12/27/2021,403.27,398.04,403.27,398.01,32.82M,1.65%,389.9978,351.78156
12/23/2021,396.71,394.1,398.22,393.93,29.60M,0.75%,389.2612,351.41968
12/22/2021,393.74,388.71,393.95,388.03,37.04M,1.22%,388.5232,351.08292
12/21/2021,389.01,383.85,389.33,380.0,48.90M,2.24%,387.7874,350.74556
12/20/2021,380.49,379.37,381.3,377.27,65.34M,-1.10%,387.1712,350.42168
12/17/2021,384.71,383.13,388.99,381.57,81.64M,-0.50%,386.7808,350.13812
12/16/2021,386.64,397.83,398.27,385.01,82.59M,-2.57%,386.3422,349.83432
12/15/2021,396.84,387.74,397.21,383.68,73.86M,2.28%,385.799,349.52736
12/14/2021,388.0,387.1,389.89,383.43,75.20M,-1.03%,385.006,349.18336
12/13/2021,392.05,397.79,398.12,391.67,50.17M,-1.45%,384.2946,348.86664
12/10/2021,397.8,396.41,398.07,393.15,52.55M,1.09%,383.6534,348.52696
12/09/2021,393.52,398.14,399.99,393.32,49.97M,-1.47%,382.8528,348.15128
12/08/2021,399.4,397.96,399.61,396.01,39.20M,0.45%,382.1642,347.78396
12/07/2021,397.62,392.82,398.25,392.78,56.01M,3.01%,381.3698,347.3958
12/06/2021,386.0,383.43,387.4,379.1,67.59M,0.80%,380.8206,347.00992
12/03/2021,382.93,391.1,392.13,378.7,105.35M,-1.74%,380.5632,346.69844
12/02/2021,389.71,385.6,391.53,384.14,84.42M,0.72%,380.3602,346.39508
12/01/2021,386.92,398.07,400.27,386.44,78.38M,-1.70%,379.9536,346.05768
11/30/2021,393.61,398.57,400.98,391.54,81.33M,-1.47%,379.5344,345.72648
11/29/2021,399.48,395.68,400.52,394.93,54.45M,2.17%,378.9724,345.3668
11/26/2021,390.99,395.9,397.33,389.57,51.53M,-1.90%,378.4554,344.98208
11/24/2021,398.55,394.72,398.84,392.33,46.95M,0.32%,378.1978,344.61596
11/23/2021,397.27,397.9,400.02,392.71,70.10M,-0.46%,377.7838,344.21716
11/22/2021,399.09,405.36,408.5,398.98,61.72M,-1.16%,377.3396,343.81256
11/19/2021,403.78,403.22,405.09,402.37,45.19M,0.56%,376.8804,343.39348
11/18/2021,401.54,399.52,402.06,397.24,45.72M,1.04%,376.3326,342.93932
11/17/2021,397.42,397.54,399.51,396.43,28.70M,0.05%,375.8872,342.49408
11/16/2021,397.21,393.65,397.72,393.45,27.87M,0.71%,375.5504,342.07332
11/15/2021,394.4,395.7,396.03,391.89,33.72M,-0.02%,375.2444,341.64432
11/12/2021,394.49,391.56,395.04,389.93,34.73M,1.05%,374.9838,341.2352
11/11/2021,390.38,392.36,392.54,390.04,32.24M,0.27%,374.698,340.82944
11/10/2021,389.31,392.26,395.15,387.33,54.94M,-1.47%,374.498,340.43104
11/09/2021,395.11,398.95,399.36,393.71,50.49M,-0.69%,374.3068,340.0268
11/08/2021,397.85,398.36,399.41,397.19,29.26M,-0.14%,374.0058,339.6048
11/05/2021,398.39,399.83,400.78,396.95,43.38M,0.10%,373.5656,339.14648
11/04/2021,398.01,394.27,398.99,393.71,40.27M,1.28%,373.0422,338.70668
11/03/2021,392.97,389.35,393.4,388.28,33.75M,1.06%,372.574,338.29248
11/02/2021,388.85,386.6,389.34,386.55,25.14M,0.42%,372.198,337.89756
11/01/2021,387.23,386.36,387.36,384.22,30.77M,0.34%,371.8816,337.4892
10/29/2021,385.91,380.86,386.08,380.5,37.31M,0.49%,371.4878,337.03832
10/28/2021,384.02,381.75,384.28,380.95,38.01M,1.11%,371.045,336.57404
10/27/2021,379.8,379.38,382.95,379.11,45.76M,0.23%,370.605,336.11492
10/26/2021,378.92,380.03,382.51,377.71,47.19M,0.32%,370.3198,335.70068
10/25/2021,377.73,375.36,378.67,373.36,32.60M,1.02%,370.1172,335.271
10/22/2021,373.9,375.78,376.77,372.19,36.28M,-0.84%,369.9352,334.89012
10/21/2021,377.07,373.96,377.27,373.65,25.47M,0.61%,369.804,334.5158
10/20/2021,374.78,375.74,376.37,373.26,31.39M,-0.13%,369.583,334.14588
10/19/2021,375.27,373.55,375.32,372.5,29.09M,0.76%,369.4204,333.78288
10/18/2021,372.45,367.42,372.67,366.8,34.51M,1.00%,369.2858,333.41796
10/15/2021,368.75,367.69,368.87,366.63,40.42M,0.63%,369.194,333.0652
10/14/2021,366.44,363.5,366.66,362.82,43.43M,1.84%,369.2086,332.7248
10/13/2021,359.81,359.32,360.5,357.24,40.12M,0.80%,369.2228,332.41248
10/12/2021,356.95,359.69,360.14,356.29,43.91M,-0.35%,369.359,332.13304
10/11/2021,358.2,359.39,363.01,358.11,34.85M,-0.77%,369.5082,331.87288
10/08/2021,360.97,363.89,364.13,360.42,41.82M,-0.50%,369.6318,331.61756
10/07/2021,362.78,362.61,365.5,362.06,39.41M,0.92%,369.7382,331.3512
10/06/2021,359.48,353.89,359.76,352.96,56.81M,0.64%,369.7954,331.04232
10/05/2021,357.19,353.52,359.5,353.29,47.23M,1.35%,369.8906,330.72944
10/04/2021,352.43,358.33,358.67,350.14,76.77M,-2.10%,370.1128,330.41976
10/01/2021,359.99,358.41,361.06,354.19,56.38M,0.62%,370.4244,330.11012
09/30/2021,357.77,360.78,362.49,356.91,61.38M,-0.37%,370.4998,329.7902
09/29/2021,359.09,360.98,363.18,358.45,58.08M,-0.16%,370.5718,329.4558
09/28/2021,359.68,365.48,370.11,359.16,97.70M,-2.83%,370.562,329.14784
09/27/2021,370.16,370.01,371.06,367.54,43.34M,-0.80%,370.458,328.81988
09/24/2021,373.13,370.46,373.56,370.08,36.06M,0.09%,370.203,328.44248
09/23/2021,372.78,370.57,373.84,369.9,44.65M,0.92%,369.947,328.05816
09/22/2021,369.38,366.9,370.88,365.77,46.97M,0.93%,369.749,327.65272
09/21/2021,365.96,367.39,368.62,364.8,41.93M,0.12%,369.606,327.2362
09/20/2021,365.51,367.27,369.06,360.74,76.20M,-2.17%,369.5314,326.82844
09/17/2021,373.63,377.62,377.67,372.56,60.91M,-1.18%,369.4376,326.45576
09/16/2021,378.11,376.48,378.7,374.5,35.19M,0.07%,369.1366,326.03072
09/15/2021,377.85,375.53,378.21,373.17,34.10M,0.74%,368.7896,325.5852
09/14/2021,375.06,377.66,378.41,374.08,41.83M,-0.28%,368.4326,325.15452
09/13/2021,376.13,378.79,379.23,374.02,48.74M,-0.07%,368.1004,324.75216
09/10/2021,376.39,381.03,381.77,376.05,40.25M,-0.76%,367.6654,324.36328
09/09/2021,379.27,380.81,381.95,379.02,29.40M,-0.34%,367.2224,323.9578
09/08/2021,380.58,381.73,381.73,378.25,32.95M,-0.35%,366.733,323.52196
09/07/2021,381.91,381.48,382.58,380.29,23.97M,0.14%,366.1918,323.08844
09/03/2021,381.37,379.02,381.78,379.0,24.62M,0.31%,365.5392,322.67172
09/02/2021,380.2,381.77,382.11,378.95,25.50M,-0.05%,364.906,322.22548
09/01/2021,380.38,380.84,382.51,380.17,28.14M,0.17%,364.2532,321.8384
08/31/2021,379.75,380.31,380.38,378.16,29.63M,-0.08%,363.5934,321.46592
08/30/2021,380.06,376.65,380.56,376.63,27.30M,1.12%,362.882,321.15732
08/27/2021,375.84,372.87,376.36,372.37,27.10M,0.97%,362.1298,320.83612
08/26/2021,372.22,373.72,374.42,371.77,29.13M,-0.64%,361.5162,320.51168
08/25/2021,374.6,374.43,375.19,373.66,20.44M,0.11%,360.8884,320.19232
08/24/2021,374.17,373.64,374.79,373.16,21.73M,0.31%,360.238,319.85752
08/23/2021,373.03,368.61,373.74,368.6,34.03M,1.49%,359.6412,319.52808
08/20/2021,367.54,364.87,367.95,364.55,39.49M,1.04%,359.0018,319.1788
08/19/2021,363.77,360.03,365.49,359.77,48.50M,0.48%,358.4544,318.84256
08/18/2021,362.02,364.99,366.43,361.68,38.54M,-0.96%,357.9122,318.51436
08/17/2021,365.54,365.96,366.96,363.04,44.79M,-0.88%,357.4034,318.1854
08/16/2021,368.79,367.48,368.83,363.51,35.04M,0.04%,356.821,317.82708
08/13/2021,368.63,367.7,368.97,367.19,19.34M,0.35%,356.1536,317.4632
08/12/2021,367.34,365.5,367.71,364.1,26.00M,0.36%,355.3776,317.0894
08/11/2021,366.02,367.95,368.46,364.65,34.25M,-0.17%,354.6966,316.70812
08/10/2021,366.65,369.07,369.37,365.43,35.13M,-0.51%,354.0292,316.3334
08/09/2021,368.54,368.33,369.08,367.2,25.96M,0.18%,353.3712,315.95368
08/06/2021,367.86,368.18,369.18,366.71,33.33M,-0.44%,352.6546,315.53972
08/05/2021,369.48,367.99,369.72,367.26,21.44M,0.63%,351.9764,315.14896
08/04/2021,367.15,366.58,368.13,365.44,29.60M,0.14%,351.2428,314.75636
08/03/2021,366.62,365.09,366.74,361.81,35.56M,0.61%,350.5466,314.38576
08/02/2021,364.41,366.09,366.69,363.68,27.33M,0.01%,349.751,314.00292
07/30/2021,364.38,362.25,364.98,362.22,36.48M,-0.52%,349.036,313.62624
07/29/2021,366.29,365.06,367.49,365.06,25.67M,0.18%,348.1968,313.24568
07/28/2021,365.64,365.41,367.26,363.05,42.07M,0.38%,347.312,312.84312
07/27/2021,364.24,368.03,368.03,359.97,57.93M,-1.10%,346.484,312.42452
07/26/2021,368.3,367.3,368.7,366.41,28.44M,0.08%,345.7236,312.00608
07/23/2021,368.01,365.12,368.29,363.72,31.96M,1.17%,344.741,311.5596
07/22/2021,363.76,361.58,363.77,361.58,30.25M,0.66%,343.7152,311.12748
07/21/2021,361.37,358.16,361.37,357.93,30.26M,0.77%,342.9428,310.69416
07/20/2021,358.6,355.44,360.09,353.61,42.18M,1.16%,342.2272,310.28016
07/19/2021,354.48,353.86,354.99,351.86,64.40M,-0.82%,341.7356,309.90492
07/16/2021,357.41,361.21,362.22,357.05,47.26M,-0.81%,341.2728,309.54244
07/15/2021,360.33,362.79,363.0,358.27,53.39M,-0.70%,340.7018,309.17936
07/14/2021,362.88,364.64,365.3,362.03,35.34M,0.18%,340.0946,308.77516
07/13/2021,362.23,361.84,365.27,361.35,39.72M,0.00%,339.5572,308.35956
07/12/2021,362.23,362.26,362.7,360.64,25.72M,0.39%,339.0688,307.95368
07/09/2021,360.82,357.98,361.31,357.38,35.18M,0.62%,338.625,307.54568
07/08/2021,358.58,355.55,359.46,354.23,50.89M,-0.60%,338.185,307.136
07/07/2021,360.76,362.26,362.57,358.75,35.27M,0.21%,337.8128,306.757
07/06/2021,360.0,359.07,360.29,356.3,38.84M,0.43%,337.4266,306.36212
07/02/2021,358.45,356.33,358.78,356.09,32.73M,1.15%,337.0114,305.96152
07/01/2021,354.38,353.88,354.9,352.49,29.29M,0.04%,336.5428,305.55364
06/30/2021,354.24,354.64,355.04,353.64,32.72M,-0.16%,336.2374,305.16912
06/29/2021,354.8,353.34,354.83,352.48,29.43M,0.36%,335.8772,304.7604
06/28/2021,353.52,350.6,353.66,350.54,39.13M,1.21%,335.5552,304.34264
06/25/2021,349.28,350.29,350.54,348.66,28.68M,-0.12%,335.3214,303.91844
06/24/2021,349.71,349.55,351.28,348.99,32.58M,0.62%,335.1644,303.49216
06/23/2021,347.56,347.33,348.74,346.7,27.19M,0.05%,334.8968,303.05368
06/22/2021,347.39,343.97,347.85,343.66,28.94M,0.93%,334.754,302.64704
06/21/2021,344.18,342.25,344.51,339.97,32.99M,0.51%,334.536,302.2318
06/18/2021,342.45,343.45,344.63,341.68,55.41M,-0.79%,334.391,301.84992
06/17/2021,345.16,339.79,346.2,339.74,59.72M,1.27%,334.24,301.46656
06/16/2021,340.83,342.56,343.66,337.27,55.40M,-0.37%,333.9658,301.06236
06/15/2021,342.08,343.97,344.29,341.34,35.96M,-0.65%,333.7622,300.67564
06/14/2021,344.33,341.5,344.34,340.28,27.83M,0.96%,333.5382,300.28128
06/11/2021,341.06,340.18,341.07,339.51,21.22M,0.26%,333.1396,299.87484
06/10/2021,340.17,337.01,340.28,336.55,33.70M,1.04%,332.6976,299.46508
06/09/2021,336.66,337.99,338.79,336.47,21.49M,0.02%,332.1772,299.04744
06/08/2021,336.58,338.22,339.11,334.85,27.28M,0.05%,331.7588,298.6364
06/07/2021,336.42,334.87,336.48,334.16,32.61M,0.30%,331.3438,298.27444
06/04/2021,335.42,331.68,335.88,331.61,38.74M,1.69%,330.8388,297.90144
06/03/2021,329.83,330.38,331.69,328.11,37.06M,-1.04%,330.3646,297.52544
06/02/2021,333.29,333.08,334.16,331.52,22.05M,0.19%,330.109,297.16436
06/01/2021,332.65,335.12,335.61,331.26,31.15M,-0.33%,329.812,296.77084
05/28/2021,333.75,333.94,335.39,333.42,29.93M,0.31%,329.4186,296.38652
05/27/2021,332.71,333.49,334.36,332.5,27.93M,-0.37%,328.9812,295.99356
05/26/2021,333.95,333.48,334.43,332.78,25.44M,0.35%,328.7616,295.59848
05/25/2021,332.8,333.89,334.63,331.58,31.28M,0.14%,328.4908,295.19564
05/24/2021,332.34,329.2,333.49,326.73,32.48M,1.68%,328.208,294.78392
05/21/2021,326.84,330.26,330.69,326.47,50.33M,-0.55%,327.867,294.37524
05/20/2021,328.66,323.95,329.54,323.72,46.47M,1.94%,327.6876,293.98356
05/19/2021,322.42,316.49,322.73,316.13,66.32M,0.11%,327.3288,293.58708
05/18/2021,322.05,325.22,326.48,321.77,36.53M,-0.68%,327.1126,293.2124
05/17/2021,324.24,324.46,326.2,321.28,39.39M,-0.61%,326.6672,292.84928
05/14/2021,326.22,322.43,327.16,321.91,44.37M,2.21%,326.3528,292.45928
05/13/2021,319.17,319.75,322.23,316.73,69.88M,0.77%,325.9072,292.06364
05/12/2021,316.72,320.06,322.45,315.83,91.16M,-2.59%,325.7038,291.67956
05/11/2021,325.14,319.53,325.96,318.85,71.96M,-0.14%,325.734,291.29952
05/10/2021,325.59,332.61,332.79,325.38,60.70M,-2.52%,325.6996,290.87584
05/07/2021,334.02,334.19,336.47,331.52,53.32M,0.81%,325.4674,290.46148
05/06/2021,331.34,328.59,331.5,326.28,46.81M,0.75%,325.0404,290.0324
05/05/2021,328.86,332.08,332.97,328.06,46.22M,-0.34%,324.8928,289.606
05/04/2021,329.97,333.38,333.71,326.04,65.15M,-1.80%,324.7418,289.17736
05/03/2021,336.01,339.05,339.82,335.55,29.73M,-0.53%,324.5878,288.73304
04/30/2021,337.81,337.52,340.08,336.87,38.26M,-0.66%,324.4846,288.2592
04/29/2021,340.04,342.19,342.62,336.72,37.71M,0.36%,324.3744,287.7684
04/28/2021,338.82,339.63,340.67,338.15,33.62M,-0.34%,324.2486,287.25876
04/27/2021,339.97,341.75,341.97,338.99,33.19M,-0.43%,324.1794,286.77868
04/26/2021,341.45,339.49,341.74,338.72,30.81M,0.65%,324.1054,286.29436
04/23/2021,339.24,335.67,340.59,335.67,36.41M,1.26%,323.9644,285.77412
04/22/2021,335.02,338.71,339.72,333.83,45.94M,-1.21%,323.8312,285.27896
04/21/2021,339.11,334.91,339.3,333.79,36.60M,0.86%,323.7974,284.7938
04/20/2021,336.23,338.02,339.34,334.21,38.08M,-0.73%,323.6832,284.279
04/19/2021,338.7,340.21,341.4,336.72,34.53M,-0.92%,323.5824,283.77752
04/16/2021,341.83,341.97,342.05,339.9,40.86M,0.12%,323.4098,283.24184
04/15/2021,341.43,339.29,341.83,336.04,36.34M,1.52%,323.0974,282.72504
04/14/2021,336.33,340.67,340.8,335.49,42.56M,-1.20%,322.819,282.22004
04/13/2021,340.42,338.06,340.9,337.84,30.37M,1.17%,322.5374,281.72728
04/12/2021,336.49,335.86,336.92,334.55,25.83M,-0.13%,322.0168,281.20288
04/09/2021,336.93,333.5,337.14,332.75,36.66M,0.61%,321.71,280.70392
04/08/2021,334.9,334.38,335.09,333.56,29.94M,1.04%,321.3566,280.16788
04/07/2021,331.45,330.16,332.31,329.2,32.05M,0.24%,321.227,279.63128
04/06/2021,330.65,330.56,332.66,329.85,33.54M,-0.07%,321.1568,279.10732
04/05/2021,330.88,326.96,331.67,324.47,42.17M,2.00%,321.0488,278.56992
04/01/2021,324.4,322.9,324.54,322.64,55.69M,1.71%,320.955,278.03192
03/31/2021,318.96,315.99,320.57,315.64,55.03M,1.53%,320.939,277.4674
03/30/2021,314.15,313.73,314.74,311.38,44.64M,-0.50%,320.8846,276.9352
03/29/2021,315.74,315.28,316.82,312.31,54.61M,-0.03%,320.8356,276.40744
03/26/2021,315.83,310.95,316.16,309.51,63.52M,1.50%,320.8044,275.90568
03/25/2021,311.17,309.81,312.72,307.23,78.73M,-0.17%,320.8052,275.41012
03/24/2021,311.71,318.46,318.5,311.56,64.80M,-1.68%,320.857,274.90624
03/23/2021,317.05,319.56,320.92,316.21,53.46M,-0.44%,320.9078,274.4266
03/22/2021,318.44,315.04,320.57,315.04,56.19M,1.74%,320.944,273.8872
03/19/2021,312.98,311.71,314.56,309.5,78.45M,0.35%,320.8714,273.34768
03/18/2021,311.88,316.7,317.71,311.41,82.94M,-3.06%,320.7594,272.77724
03/17/2021,321.73,317.28,323.68,315.51,78.26M,0.41%,320.7558,272.21216
03/16/2021,320.41,320.92,324.03,318.93,54.93M,0.55%,320.5042,271.63552
03/15/2021,318.66,315.62,318.83,313.93,43.12M,1.07%,320.3676,271.05992
03/12/2021,315.29,313.7,318.06,311.23,69.32M,-0.81%,320.2506,270.51344
03/11/2021,317.87,315.6,319.69,314.68,53.48M,2.30%,320.2008,269.92912
03/10/2021,310.72,315.99,316.3,310.01,76.80M,-0.29%,320.0938,269.4266
03/09/2021,311.61,307.31,313.57,306.76,80.39M,3.95%,320.0674,268.89264
03/08/2021,299.78,307.96,309.9,299.35,88.41M,-2.83%,319.996,268.42668
03/05/2021,308.52,306.63,309.45,297.29,121.52M,1.51%,320.1924,268.04356
03/04/2021,303.94,308.62,311.88,299.95,139.13M,-1.64%,320.1972,267.58336
03/03/2021,309.0,317.1,318.07,308.94,86.30M,-2.90%,320.3164,267.19924
03/02/2021,318.23,324.08,324.16,317.97,48.37M,-1.60%,320.3532,266.80916
03/01/2021,323.42,319.1,323.77,317.77,49.16M,3.01%,320.165,266.40868
02/26/2021,313.98,315.68,318.94,310.72,104.74M,0.42%,319.8392,265.95248
02/25/2021,312.67,321.22,323.86,311.08,110.18M,-3.48%,319.6372,265.5618
02/24/2021,323.96,318.57,324.28,315.79,58.21M,0.82%,319.4176,265.13388
02/23/2021,321.31,316.83,323.03,310.84,97.24M,-0.30%,318.9856,264.66016
02/22/2021,322.27,326.33,327.63,322.06,47.26M,-2.59%,318.5824,264.2404
02/19/2021,330.85,333.68,333.81,329.8,39.16M,-0.44%,318.2996,263.81236
02/18/2021,332.3,330.06,333.69,328.19,32.24M,-0.43%,317.8244,263.37404
02/17/2021,333.75,332.3,335.48,330.0,31.47M,-0.48%,317.2856,262.96544
02/16/2021,335.36,337.09,338.01,334.16,27.08M,-0.27%,316.693,262.56908
02/12/2021,336.27,333.53,336.44,332.46,20.35M,0.56%,316.0596,262.17508
02/11/2021,334.4,334.15,334.82,331.95,22.05M,0.55%,315.4002,261.76844
02/10/2021,332.58,334.81,335.28,329.33,28.07M,-0.23%,314.7014,261.36892
02/09/2021,333.33,332.45,334.63,332.44,17.60M,-0.02%,314.0268,260.974
02/08/2021,333.4,332.93,333.56,331.24,20.46M,0.67%,313.2826,260.57728
02/05/2021,331.19,331.05,332.23,329.36,22.73M,0.34%,312.501,260.17124
02/04/2021,330.07,327.65,330.16,326.29,22.35M,1.18%,311.682,259.77388
02/03/2021,326.21,329.65,330.02,326.15,24.82M,-0.40%,310.8852,259.36992
02/02/2021,327.51,325.31,328.7,325.14,33.93M,1.63%,310.2056,258.98536
02/01/2021,322.25,317.94,323.37,315.85,35.65M,2.50%,309.4546,258.58772
01/29/2021,314.39,319.41,320.55,312.6,55.26M,-2.10%,308.852,258.20812
01/28/2021,321.15,320.5,326.25,319.86,42.84M,0.59%,308.4252,257.8396
01/27/2021,319.26,326.09,326.1,317.19,55.26M,-2.79%,307.8178,257.4308
01/26/2021,328.42,328.68,329.59,327.05,25.50M,0.15%,307.1976,257.04368
01/25/2021,327.94,328.74,330.15,321.24,39.08M,0.83%,306.4214,256.61676
01/22/2021,325.25,325.12,326.29,324.54,21.61M,-0.29%,305.528,256.19032
01/21/2021,326.19,324.98,326.96,323.56,25.32M,0.80%,304.7918,255.76128
01/20/2021,323.6,319.97,324.57,316.34,30.73M,2.33%,304.1572,255.34684
01/19/2021,316.24,314.09,316.76,312.96,24.54M,1.46%,303.57,254.95032
01/15/2021,311.7,313.97,314.95,310.42,35.12M,-0.79%,302.9804,254.58036
01/14/2021,314.18,316.33,317.36,313.7,23.50M,-0.54%,302.2366,254.2262
01/13/2021,315.87,314.03,316.69,313.41,22.90M,0.67%,301.3498,253.86252
01/12/2021,313.76,314.29,315.41,311.04,29.27M,-0.16%,300.4172,253.48768
01/11/2021,314.25,315.81,317.02,313.59,32.87M,-1.45%,299.6668,253.11284
01/08/2021,318.86,317.17,319.22,314.92,33.96M,1.29%,298.8118,252.73568
01/07/2021,314.81,310.12,315.67,310.09,30.39M,2.42%,298.0848,252.34356
01/06/2021,307.38,306.84,311.72,305.82,52.81M,-1.39%,297.395,251.9576
01/05/2021,311.7,308.13,311.98,308.13,29.32M,0.82%,296.9392,251.6036
01/04/2021,309.15,314.94,315.12,305.02,45.31M,-1.41%,296.3858,251.22496
12/31/2020,313.58,312.71,314.08,311.6,21.61M,0.25%,295.8836,250.85004
12/30/2020,312.81,314.0,314.32,312.17,18.14M,0.00%,295.2972,250.45752
12/29/2020,312.8,313.89,314.52,311.87,25.87M,0.09%,294.714,250.06256
12/28/2020,312.52,312.09,313.01,310.2,22.50M,1.01%,294.2252,249.67556
12/24/2020,309.4,308.31,309.86,308.23,16.78M,0.44%,293.7738,249.27548
12/23/2020,308.04,309.65,310.02,307.87,21.20M,-0.50%,293.424,248.88628
12/22/2020,309.6,309.69,310.55,306.68,26.38M,0.27%,293.1506,248.50812
12/21/2020,308.76,306.3,309.31,303.44,37.10M,-0.37%,292.8462,248.12444
12/18/2020,309.9,311.5,311.82,307.45,41.17M,-0.30%,292.3822,247.73664
12/17/2020,310.84,310.47,311.08,309.23,23.73M,0.65%,291.8094,247.34384
12/16/2020,308.82,307.54,309.62,306.46,25.46M,0.55%,291.188,246.94688
12/15/2020,307.13,306.21,307.13,303.95,25.79M,1.07%,290.512,246.5546
12/14/2020,303.88,302.92,305.89,302.85,28.80M,0.73%,289.9696,246.16384
12/11/2020,301.69,300.65,301.82,298.31,26.76M,-0.22%,289.3754,245.78544
12/10/2020,302.36,299.05,303.52,297.93,27.52M,0.40%,288.9836,245.41532
12/09/2020,301.15,307.91,308.2,300.05,48.84M,-2.27%,288.4902,245.0342
12/08/2020,308.13,306.6,308.44,304.79,18.34M,0.34%,287.9834,244.6552
12/07/2020,307.09,305.55,307.47,305.36,20.85M,0.57%,287.3618,244.24216
12/04/2020,305.36,304.17,305.51,303.47,19.33M,0.41%,286.6484,243.82896
12/03/2020,304.12,303.91,305.72,303.37,22.83M,0.14%,285.8462,243.42336
12/02/2020,303.69,302.06,304.04,300.19,23.62M,0.13%,285.0442,243.02644
12/01/2020,303.3,301.71,304.98,300.67,27.64M,1.28%,284.4172,242.62256
11/30/2020,299.46,299.14,299.81,294.63,27.84M,0.20%,283.6986,242.21864
11/27/2020,298.85,298.13,300.01,297.74,17.16M,0.92%,283.044,241.826
11/25/2020,296.12,295.28,296.78,294.44,23.33M,0.61%,282.4706,241.44216
11/24/2020,294.32,291.34,294.83,289.48,24.52M,1.41%,282.0376,241.07764
11/23/2020,290.24,291.26,292.6,287.92,26.88M,0.00%,281.7294,240.72408
11/20/2020,290.23,292.15,292.91,290.14,25.91M,-0.68%,281.425,240.38112
11/19/2020,292.23,289.33,292.55,288.7,22.72M,0.78%,281.0266,240.03664
11/18/2020,289.96,291.55,293.22,289.87,28.07M,-0.74%,280.626,239.6746
11/17/2020,292.12,293.25,293.59,291.46,21.84M,-0.32%,280.3814,239.32112
11/16/2020,293.05,290.53,293.36,289.84,30.17M,0.78%,279.9352,238.9608
11/13/2020,290.78,289.86,291.42,287.72,24.88M,0.88%,279.7428,238.60164
11/12/2020,288.25,290.57,291.92,287.1,34.52M,-0.47%,279.6724,238.25036
11/11/2020,289.61,285.77,290.1,283.23,36.10M,2.24%,279.9594,237.90856
11/10/2020,283.27,285.11,286.51,280.47,69.02M,-1.79%,280.1624,237.5554
11/09/2020,288.44,297.15,298.98,287.97,86.54M,-2.04%,280.3916,237.22824
11/06/2020,294.46,293.43,295.2,289.68,40.96M,0.07%,280.4704,236.8802
11/05/2020,294.24,293.26,295.23,291.85,52.05M,2.61%,280.3992,236.50576
11/04/2020,286.76,283.41,288.62,281.72,75.73M,4.46%,280.3506,236.13328
11/03/2020,274.51,271.72,276.67,270.7,43.60M,1.73%,280.3296,235.78752
11/02/2020,269.84,271.59,273.38,266.83,39.99M,0.22%,280.509,235.48812
10/30/2020,269.24,274.23,275.1,266.93,65.94M,-2.53%,280.7466,235.20916
10/29/2020,276.24,272.9,279.34,272.38,43.25M,1.75%,280.9574,234.93216
10/28/2020,271.5,277.98,278.49,271.24,53.41M,-3.90%,280.9518,234.62228
10/27/2020,282.51,281.27,283.36,280.05,30.56M,0.78%,281.0782,234.3242
10/26/2020,280.32,282.17,285.15,276.61,38.42M,-1.50%,280.9316,233.98172
10/23/2020,284.59,284.64,284.76,281.63,24.66M,0.20%,280.7656,233.6442
10/22/2020,284.03,284.9,285.83,280.67,32.20M,0.00%,280.5206,233.29572
10/21/2020,284.04,284.52,287.17,283.54,29.31M,-0.08%,280.2744,232.94176
10/20/2020,284.26,284.41,287.47,282.8,32.20M,0.22%,279.8946,232.58156
10/19/2020,283.65,290.34,291.33,282.64,36.76M,-1.63%,279.6128,232.213
10/16/2020,288.36,291.65,293.12,288.0,40.57M,-0.55%,279.3664,231.8454
10/15/2020,289.95,287.1,290.56,286.39,42.51M,-0.67%,279.0892,231.46512
10/14/2020,291.91,295.16,296.19,290.11,37.18M,-0.84%,278.7084,231.07168
10/13/2020,294.37,296.18,296.89,292.96,64.24M,0.00%,278.275,230.67784
10/12/2020,294.38,290.45,297.3,289.32,79.37M,3.09%,277.7724,230.27212
10/09/2020,285.56,282.94,285.64,282.56,30.20M,1.53%,277.1978,229.86828
10/08/2020,281.26,282.17,282.32,280.16,25.44M,0.53%,276.7064,229.49
10/07/2020,279.77,277.68,280.59,277.13,27.54M,1.73%,276.2738,229.129
10/06/2020,275.02,279.14,281.04,274.11,49.70M,-1.78%,275.812,228.76424
10/05/2020,280.01,276.19,280.34,276.08,28.18M,2.13%,275.5112,228.41268
10/02/2020,274.17,275.87,282.09,273.3,75.50M,-2.81%,275.0196,228.03392
10/01/2020,282.1,281.64,282.73,279.69,50.02M,1.59%,274.6936,227.6898
09/30/2020,277.69,275.95,280.94,275.73,49.38M,0.68%,274.3474,227.31624
09/29/2020,275.81,276.57,277.56,275.23,27.18M,-0.45%,274.0708,226.94936
09/28/2020,277.05,276.47,277.05,271.53,58.44M,2.07%,273.8874,226.58192
09/25/2020,271.42,265.68,272.25,264.16,55.24M,2.33%,273.532,226.2224
09/24/2020,265.25,261.44,268.56,261.08,70.63M,0.47%,273.2832,225.89156
09/23/2020,264.02,272.01,272.2,263.11,48.84M,-3.06%,273.1934,225.57828
09/22/2020,272.34,269.91,272.94,266.4,41.13M,1.86%,273.1176,225.27932
09/21/2020,267.37,262.38,267.51,259.97,57.17M,0.24%,272.8388,224.94988
09/18/2020,266.73,271.48,271.95,262.49,86.25M,-1.28%,272.768,224.63188
09/17/2020,270.18,267.38,274.25,266.54,81.57M,-1.56%,272.6742,224.32656
09/16/2020,274.47,279.62,280.21,274.11,42.44M,-1.59%,272.4676,224.00864
09/15/2020,278.91,278.75,280.3,274.99,41.85M,1.41%,272.1078,223.68172
09/14/2020,275.02,274.14,277.07,272.82,38.53M,1.74%,271.6946,223.33576
09/11/2020,270.31,274.19,275.08,266.76,71.81M,-0.69%,271.2354,223.00568
09/10/2020,272.2,280.82,282.05,270.42,69.67M,-1.99%,270.8364,222.69076
09/09/2020,277.73,275.4,279.9,272.86,64.84M,2.94%,270.3418,222.37172
09/08/2020,269.81,272.13,278.07,269.52,99.57M,-4.81%,269.6414,222.03332
09/04/2020,283.43,285.61,288.78,271.66,123.96M,-1.33%,269.047,221.7234
09/03/2020,287.26,298.04,298.46,284.26,110.08M,-5.07%,268.2964,221.35184
09/02/2020,302.6,303.1,303.34,296.73,50.84M,0.95%,267.4228,220.96716
09/01/2020,299.76,297.44,299.88,295.63,36.40M,1.71%,266.345,220.52272
08/31/2020,294.73,293.01,296.59,292.47,36.32M,0.80%,265.282,220.0904
08/28/2020,292.38,292.12,293.03,290.78,28.02M,0.51%,264.2696,219.6644
08/27/2020,290.9,292.93,293.7,288.55,49.48M,-0.31%,263.305,219.23708
08/26/2020,291.81,286.96,292.07,285.68,42.22M,2.14%,262.3568,218.82296
08/25/2020,285.71,282.63,285.91,282.22,34.87M,0.79%,261.375,218.407
08/24/2020,283.48,284.91,285.85,281.12,36.42M,0.62%,260.4332,218.00412
08/21/2020,281.72,279.92,282.19,279.31,34.75M,0.69%,259.4788,217.60752
08/20/2020,279.78,275.16,280.28,274.72,27.72M,1.38%,258.5224,217.21952
08/19/2020,275.96,277.78,278.87,275.43,32.00M,-0.67%,257.8486,216.82828
08/18/2020,277.82,276.26,278.32,274.77,23.53M,0.96%,257.1928,216.47612
08/17/2020,275.18,273.77,275.7,272.05,24.80M,1.16%,256.4648,216.11896
08/14/2020,272.02,272.87,273.26,270.58,30.80M,-0.12%,255.7524,215.76572
08/13/2020,272.34,272.5,274.69,271.37,31.90M,0.23%,255.0102,215.43096
08/12/2020,271.72,267.23,272.7,267.23,38.89M,2.52%,254.2948,215.08312
08/11/2020,265.05,268.96,270.3,264.49,43.10M,-1.90%,253.5706,214.72604
08/10/2020,270.17,271.6,271.84,266.53,35.09M,-0.43%,252.9484,214.39648
08/07/2020,271.33,273.9,274.74,269.1,44.97M,-1.15%,252.2098,214.06896
08/06/2020,274.5,270.64,274.84,270.05,28.05M,1.33%,251.3806,213.72064
08/05/2020,270.91,270.69,271.38,269.82,21.69M,0.25%,250.494,213.3682
08/04/2020,270.24,268.6,270.34,267.95,24.91M,0.37%,249.6542,213.0372
08/03/2020,269.24,267.91,270.01,267.73,32.08M,1.35%,248.8402,212.69284
07/31/2020,265.65,265.69,265.81,260.71,53.76M,1.79%,248.0304,212.34852
07/30/2020,260.99,257.64,261.57,256.42,41.77M,0.52%,247.3428,212.00848
07/29/2020,259.63,258.19,260.52,257.77,27.56M,1.15%,246.6578,211.71352
07/28/2020,256.68,259.19,259.71,256.38,31.30M,-1.27%,246.0114,211.4352
07/27/2020,259.98,257.22,260.38,256.31,36.45M,1.78%,245.3408,211.17248
07/24/2020,255.43,253.99,256.8,251.19,54.05M,-0.95%,244.5754,210.90728
07/23/2020,257.87,264.41,265.1,256.42,51.36M,-2.61%,243.8512,210.66364
07/22/2020,264.79,264.32,265.75,262.41,29.87M,0.35%,243.1338,210.41292
07/21/2020,263.86,268.27,268.27,262.99,43.44M,-1.04%,242.373,210.12656
07/20/2020,266.64,259.98,267.29,258.65,40.61M,2.84%,241.5906,209.85132
07/17/2020,259.28,259.57,260.17,257.03,35.14M,0.12%,240.6918,209.55952
07/16/2020,258.98,257.83,259.64,255.49,47.59M,-0.68%,239.884,209.29212
07/15/2020,260.76,261.54,262.55,257.35,54.52M,0.20%,239.0554,209.01984
07/14/2020,260.23,255.94,260.65,252.63,72.23M,0.71%,238.1424,208.74608
07/13/2020,258.4,266.73,269.65,257.55,64.11M,-2.06%,237.1904,208.47356
07/10/2020,263.83,261.86,264.09,259.12,32.89M,0.68%,236.3984,208.21216
07/09/2020,262.04,261.75,262.73,257.49,40.31M,0.84%,235.4996,207.93304
07/08/2020,259.85,257.86,259.88,256.37,30.43M,1.31%,234.4866,207.6586
07/07/2020,256.48,257.96,260.74,256.17,36.58M,-0.69%,233.5986,207.38848
07/06/2020,258.25,255.33,258.79,255.3,34.59M,2.46%,232.7436,207.1324
07/02/2020,252.06,252.84,254.14,251.58,31.96M,0.68%,231.7868,206.86164
07/01/2020,250.36,247.53,251.39,246.95,34.69M,1.17%,230.9628,206.61184
06/30/2020,247.47,242.64,248.03,242.45,38.91M,1.96%,230.0512,206.3742
06/29/2020,242.71,239.85,242.72,237.23,34.38M,1.09%,229.3544,206.14968
06/26/2020,240.09,245.62,245.83,239.55,52.82M,-2.36%,228.8038,205.93848
06/25/2020,245.9,243.78,246.21,241.01,36.94M,0.95%,228.2648,205.73476
06/24/2020,243.58,247.86,249.19,242.03,46.03M,-2.06%,227.5332,205.49772
06/23/2020,248.71,248.26,251.02,247.69,32.77M,0.85%,226.8966,205.269
06/22/2020,246.61,243.64,246.74,243.25,24.07M,1.02%,225.9808,205.01692
06/19/2020,244.11,246.61,246.87,242.32,49.42M,-0.02%,225.0636,204.7698
06/18/2020,244.15,243.16,244.4,242.36,30.58M,0.27%,224.1906,204.5456
06/17/2020,243.49,244.27,245.37,242.6,34.75M,0.32%,223.2336,204.32288
06/16/2020,242.72,243.65,244.26,238.97,48.89M,1.72%,222.2914,204.10392
06/15/2020,238.62,232.32,239.32,231.35,45.31M,1.21%,221.1024,203.88108
06/12/2020,235.76,238.96,240.27,231.62,72.03M,0.80%,220.0482,203.67184
06/11/2020,233.9,242.16,243.46,233.84,72.92M,-4.95%,218.9772,203.46336
06/10/2020,246.09,244.87,247.68,244.38,58.08M,1.20%,218.1052,203.25792
06/09/2020,243.17,240.53,244.05,240.34,35.05M,0.72%,217.0222,203.00684
06/08/2020,241.42,239.41,241.55,237.79,32.94M,0.78%,215.8628,202.76312
06/05/2020,239.56,235.94,240.17,235.51,47.37M,1.98%,214.8704,202.53064
06/04/2020,234.91,236.2,237.67,233.56,38.72M,-0.70%,213.7232,202.3046
06/03/2020,236.57,236.11,237.35,235.23,37.23M,0.45%,212.6962,202.08872
06/02/2020,235.51,234.3,235.57,231.89,33.38M,0.67%,211.3722,201.85252
06/01/2020,233.94,232.28,234.33,231.88,26.14M,0.30%,210.0742,201.61496
05/29/2020,233.24,230.31,233.48,228.64,50.88M,1.47%,208.9468,201.37848
05/28/2020,229.87,228.93,233.35,228.93,43.01M,-0.13%,207.8122,201.12564
05/27/2020,230.17,228.39,230.29,223.82,55.67M,0.55%,206.8556,200.9016
05/26/2020,228.92,233.32,233.45,228.67,33.06M,-0.27%,205.6364,200.68764
05/22/2020,229.54,228.34,229.75,227.38,28.76M,0.35%,204.9028,200.47572
05/21/2020,228.75,231.37,232.01,228.22,43.64M,-1.09%,203.8566,200.26716
05/20/2020,231.27,229.36,231.64,229.36,37.42M,2.00%,203.184,200.06444
05/19/2020,226.74,227.54,229.73,226.59,36.24M,-0.25%,202.6386,199.852
05/18/2020,227.31,226.16,228.56,225.35,42.60M,1.86%,201.9732,199.66872
05/15/2020,223.15,218.66,223.21,218.22,55.75M,0.65%,201.5852,199.4864
05/14/2020,221.71,218.01,221.75,215.88,51.55M,1.14%,201.3518,199.31324
05/13/2020,219.22,222.53,224.49,216.6,65.52M,-1.25%,201.2798,199.15816
05/12/2020,222.0,227.36,227.98,221.97,41.05M,-2.09%,201.0828,199.0206
05/11/2020,226.75,223.38,227.81,223.13,35.71M,0.89%,200.969,198.86456
05/08/2020,224.74,223.43,224.88,222.36,31.96M,1.37%,200.5478,198.67936
05/07/2020,221.7,221.63,222.61,220.3,38.62M,1.28%,200.1636,198.49436
05/06/2020,218.89,219.25,220.92,218.0,36.46M,0.62%,200.057,198.34716
05/05/2020,217.55,217.29,220.02,216.74,37.78M,1.13%,199.9844,198.21028
05/04/2020,215.11,211.5,215.34,211.01,32.84M,1.17%,200.0588,198.08276
05/01/2020,212.63,214.43,216.56,211.57,48.79M,-2.82%,200.3596,197.96688
04/30/2020,218.8,219.89,219.92,217.24,43.36M,-0.04%,200.8002,197.87572
04/29/2020,218.89,216.1,219.85,215.03,48.72M,3.55%,201.1614,197.76456
04/28/2020,211.39,217.16,217.21,211.1,46.86M,-1.88%,201.4758,197.64104
04/27/2020,215.45,216.07,216.52,214.39,36.45M,0.80%,201.9384,197.5508
04/24/2020,213.73,210.83,214.19,209.39,34.30M,1.58%,202.3064,197.44676
04/23/2020,210.41,211.69,214.32,209.98,43.28M,-0.21%,202.7148,197.35552
04/22/2020,210.86,209.03,212.24,208.22,40.19M,2.97%,203.1444,197.27608
04/21/2020,204.78,210.52,211.05,203.52,72.93M,-3.69%,203.5642,197.19416
04/20/2020,212.63,213.16,215.77,212.46,38.25M,-1.19%,204.0502,197.13348
04/17/2020,215.18,215.85,216.4,211.97,62.86M,0.96%,204.399,197.0438
04/16/2020,213.14,211.67,214.26,209.58,64.66M,1.82%,204.6574,196.93436
04/15/2020,209.32,208.37,211.72,207.01,47.04M,-1.15%,204.9416,196.83096
04/14/2020,211.75,207.06,212.39,206.31,63.96M,4.35%,205.2004,196.74188
04/13/2020,202.92,199.82,203.31,198.65,42.85M,1.08%,205.3444,196.64048
04/09/2020,200.75,202.16,203.11,198.92,68.32M,0.14%,205.7356,196.57184
04/08/2020,200.46,197.98,201.06,196.07,45.94M,2.12%,206.1544,196.51176
04/07/2020,196.3,202.03,202.55,195.9,69.90M,-0.04%,206.5718,196.44964
04/06/2020,196.38,190.28,197.55,189.09,64.76M,7.15%,207.0056,196.40592
04/03/2020,183.27,185.4,186.97,181.19,47.49M,-1.42%,207.5296,196.35792
04/02/2020,185.91,181.49,190.0,180.87,56.47M,2.03%,208.3536,196.36496
04/01/2020,182.21,184.71,187.56,180.77,53.72M,-4.25%,209.1104,196.35956
03/31/2020,190.3,191.43,195.15,189.1,62.66M,-0.85%,209.9294,196.36516
03/30/2020,191.94,187.0,192.39,186.24,49.36M,3.64%,210.5886,196.33868
03/27/2020,185.2,186.83,190.41,184.56,58.84M,-3.44%,211.193,196.30144
03/26/2020,191.8,183.77,192.62,183.51,79.89M,5.27%,211.89,196.2884
03/25/2020,182.2,184.32,189.41,179.89,88.75M,-0.74%,212.4532,196.23948
03/24/2020,183.56,179.82,183.73,177.86,94.88M,7.74%,213.2258,196.22356
03/23/2020,170.37,170.83,174.12,164.84,124.64M,-0.14%,213.921,196.20056
03/20/2020,170.61,181.64,182.77,170.01,118.98M,-3.92%,214.8912,196.23492
03/19/2020,177.57,175.6,183.39,171.54,120.90M,0.60%,215.8198,196.265
03/18/2020,176.51,171.51,179.13,166.71,114.16M,-3.04%,216.5768,196.2686
03/17/2020,182.04,175.38,184.29,169.69,121.26M,7.58%,217.3556,196.29244
03/16/2020,169.21,174.06,184.58,169.07,92.05M,-11.98%,217.9962,196.28296
03/13/2020,192.24,186.97,194.38,178.04,134.88M,8.47%,218.933,196.32196
03/12/2020,177.23,181.99,190.68,176.85,137.82M,-9.17%,219.3382,196.26644
03/11/2020,195.12,199.25,200.64,192.63,89.17M,-4.35%,220.0356,196.27056
03/10/2020,204.0,201.0,204.19,193.58,100.60M,5.44%,220.4032,196.19656
03/09/2020,193.47,193.38,201.05,192.01,116.42M,-6.95%,220.5968,196.08824
03/06/2020,207.91,204.56,209.04,202.8,89.83M,-1.69%,220.9636,196.01676
03/05/2020,211.48,212.58,216.25,209.99,78.71M,-3.04%,221.0394,195.88368
03/04/2020,218.11,213.21,218.22,211.26,73.09M,4.17%,221.0418,195.72208
03/03/2020,209.37,217.0,219.49,207.51,131.95M,-3.21%,220.8946,195.535
03/02/2020,216.31,208.77,216.46,205.83,112.93M,5.16%,220.896,195.3914
02/28/2020,205.69,198.82,207.06,198.07,149.25M,0.08%,220.7554,195.224
02/27/2020,205.53,210.94,216.31,205.39,121.82M,-5.01%,220.8248,195.09856
02/26/2020,216.37,216.56,220.16,214.79,80.40M,0.52%,220.8558,194.97364
02/25/2020,215.26,223.07,223.87,214.63,97.74M,-2.72%,220.6564,194.80056
02/24/2020,221.27,221.72,224.13,220.14,84.52M,-3.86%,220.4486,194.63352
02/21/2020,230.15,233.52,233.89,229.2,66.06M,-1.92%,220.099,194.44288
02/20/2020,234.66,236.34,236.83,231.76,42.60M,-0.93%,219.5752,194.216
02/19/2020,236.86,235.95,237.35,235.73,22.23M,0.96%,218.9798,193.96856
02/18/2020,234.61,233.35,235.05,233.13,24.52M,0.04%,218.297,193.70724
02/14/2020,234.52,234.16,234.74,233.43,23.44M,0.29%,217.6512,193.45744
02/13/2020,233.85,232.5,234.81,232.24,22.77M,-0.13%,216.9868,193.20812
02/12/2020,234.15,233.22,234.26,232.68,24.47M,0.97%,216.3676,192.96012
02/11/2020,231.89,233.09,233.9,231.28,30.20M,0.02%,215.7844,192.70804
02/10/2020,231.85,228.31,231.86,228.26,21.48M,1.21%,215.2652,192.46416
02/07/2020,229.08,229.04,230.32,228.42,25.88M,-0.43%,214.7182,192.21996
02/06/2020,230.07,228.65,230.13,227.86,22.47M,0.86%,214.2188,191.97688
02/05/2020,228.1,230.1,230.13,226.73,38.53M,0.33%,213.6518,191.73048
02/04/2020,227.35,225.27,227.74,224.53,30.69M,2.29%,213.1216,191.49064
02/03/2020,222.26,220.02,222.77,219.87,25.47M,1.51%,212.6154,191.26296
01/31/2020,218.95,223.38,223.44,218.17,52.02M,-1.59%,212.2354,191.05768
01/30/2020,222.48,220.25,222.58,219.57,39.57M,0.36%,211.9156,190.85964
01/29/2020,221.69,222.54,222.81,220.71,29.06M,0.16%,211.522,190.63916
01/28/2020,221.33,219.48,221.84,218.94,26.73M,1.53%,211.1146,190.42468
01/27/2020,217.99,217.61,219.17,217.07,42.26M,-2.06%,210.7176,190.20172
01/24/2020,222.58,225.5,225.76,221.55,37.44M,-0.84%,210.3864,189.97572
01/23/2020,224.47,223.59,224.57,222.58,26.50M,0.32%,209.9518,189.73748
01/22/2020,223.75,224.26,225.03,223.47,20.74M,0.26%,209.4848,189.49984
01/21/2020,223.16,222.61,223.72,222.54,21.15M,-0.04%,209.0162,189.25728
01/17/2020,223.26,223.12,223.44,222.01,24.33M,0.50%,208.5462,189.01288
01/16/2020,222.16,221.12,222.2,220.68,18.80M,0.96%,208.083,188.76724
01/15/2020,220.05,220.06,221.08,219.33,25.74M,0.04%,207.6396,188.53924
01/14/2020,219.96,220.63,221.09,219.62,24.57M,-0.39%,207.214,188.3132
01/13/2020,220.83,219.19,220.86,218.87,22.85M,1.15%,206.7544,188.0824
01/10/2020,218.32,219.64,219.75,217.93,21.91M,-0.26%,206.2756,187.84824
01/09/2020,218.88,218.8,219.29,217.6,23.64M,0.85%,205.828,187.61172
01/08/2020,217.04,215.36,218.03,215.05,26.46M,0.75%,205.3998,187.37864
01/07/2020,215.42,215.53,216.03,214.74,23.12M,-0.01%,204.9698,187.15528
01/06/2020,215.45,212.38,215.48,212.13,21.73M,0.64%,204.5412,186.93656
01/03/2020,214.07,213.18,215.36,213.17,27.53M,-0.92%,204.0746,186.71252
01/02/2020,216.05,214.29,216.05,213.87,31.01M,1.67%,203.6282,186.48828
12/31/2019,212.5,211.51,212.65,211.09,18.20M,0.19%,203.173,186.24868
12/30/2019,212.1,213.4,213.52,211.05,21.83M,-0.66%,202.7548,185.99764
12/27/2019,213.5,214.44,214.45,212.93,18.14M,-0.08%,202.3818,185.76844
12/26/2019,213.68,212.15,213.7,212.12,17.16M,0.88%,201.9706,185.53116
12/24/2019,211.81,211.86,211.98,211.33,7.09M,0.05%,201.5654,185.288
12/23/2019,211.7,211.92,212.04,211.52,23.80M,0.05%,201.149,185.05264
12/20/2019,211.6,211.7,212.41,211.16,27.69M,0.40%,200.7352,184.81536
12/19/2019,210.75,209.53,210.82,209.51,17.89M,0.63%,200.2748,184.54264
12/18/2019,209.44,209.49,210.02,209.22,15.49M,0.08%,199.8024,184.2896
12/17/2019,209.28,209.39,209.6,208.93,16.03M,0.06%,199.32,184.06068
12/16/2019,209.16,208.39,209.42,208.37,21.37M,1.00%,198.8972,183.84136
12/13/2019,207.08,206.25,207.8,205.85,32.53M,0.33%,198.4882,183.63808
12/12/2019,206.4,204.66,207.21,204.38,32.70M,0.75%,198.066,183.43916
12/11/2019,204.87,204.26,205.08,203.93,18.90M,0.53%,197.617,183.25756
12/10/2019,203.79,204.06,204.77,203.33,21.85M,-0.08%,197.263,183.09812
12/09/2019,203.96,204.52,205.49,203.87,14.03M,-0.45%,196.9614,182.9428
12/06/2019,204.89,204.14,205.04,204.04,16.56M,1.07%,196.6208,182.78104
12/05/2019,202.72,203.04,203.04,201.73,15.04M,0.20%,196.3086,182.6134
12/04/2019,202.32,202.38,202.8,202.03,15.34M,0.51%,196.0538,182.44772
12/03/2019,201.3,200.21,201.38,193.68,31.43M,-0.78%,195.7648,182.30564
12/02/2019,202.89,205.0,205.07,201.67,28.12M,-1.02%,195.5468,182.16296
11/29/2019,204.99,205.48,205.72,204.89,9.85M,-0.46%,195.303,182.04036
11/27/2019,205.93,205.02,205.94,204.78,17.06M,0.70%,195.058,181.89752
11/26/2019,204.5,204.21,204.76,203.94,14.81M,0.19%,194.7878,181.74604
11/25/2019,204.11,202.56,204.15,202.56,17.79M,1.18%,194.5478,181.60248
11/22/2019,201.72,202.06,202.21,200.63,17.20M,0.06%,194.2972,181.43944
11/21/2019,201.59,201.83,201.96,200.96,17.93M,-0.22%,194.1116,181.28376
11/20/2019,202.04,202.74,203.34,200.51,36.71M,-0.60%,193.9424,181.11392
11/19/2019,203.26,203.73,203.73,202.48,17.00M,0.15%,193.7482,180.94692
11/18/2019,202.96,202.5,203.28,201.66,18.41M,0.08%,193.4938,180.7702
11/15/2019,202.8,202.5,202.8,201.89,18.43M,0.74%,193.2564,180.60624
11/14/2019,201.32,200.72,201.45,200.11,17.06M,-0.08%,193.0302,180.46468
11/13/2019,201.48,200.73,201.67,200.6,16.11M,0.02%,192.8374,180.3314
11/12/2019,201.43,201.02,202.1,200.71,14.78M,0.29%,192.5724,180.18592
11/11/2019,200.85,200.12,200.93,199.84,10.19M,-0.13%,192.2548,180.04572
11/08/2019,201.12,199.91,201.14,199.44,15.27M,0.40%,191.9852,179.90728
11/07/2019,200.32,200.65,201.61,199.75,17.83M,0.33%,191.7192,179.78852
11/06/2019,199.66,199.88,199.9,198.68,19.73M,-0.22%,191.4126,179.68472
11/05/2019,200.1,200.24,200.44,199.45,15.05M,0.06%,191.106,179.58804
11/04/2019,199.99,200.08,200.42,198.76,19.02M,0.61%,190.7984,179.46824
11/01/2019,198.77,197.83,198.78,197.53,22.13M,0.91%,190.438,179.34376
10/31/2019,196.98,197.46,197.55,195.84,26.80M,0.05%,190.221,179.22584
10/30/2019,196.89,196.32,197.22,195.19,21.76M,0.48%,190.052,179.1258
10/29/2019,195.94,197.14,197.43,195.91,18.57M,-0.77%,189.8516,179.01716
10/28/2019,197.47,196.47,197.73,196.45,18.84M,0.99%,189.6994,178.89672
10/25/2019,195.54,192.99,195.64,192.95,21.51M,0.80%,189.4576,178.7594
10/24/2019,193.99,193.52,194.11,192.64,19.26M,0.97%,189.1958,178.64352
10/23/2019,192.12,191.33,192.16,191.05,15.20M,0.19%,188.9692,178.55144
10/22/2019,191.75,193.96,194.32,191.69,22.99M,-0.80%,188.8926,178.44396
10/21/2019,193.29,192.55,193.42,192.04,15.87M,0.89%,188.7426,178.36968
10/18/2019,191.59,193.16,193.57,190.6,27.72M,-0.96%,188.6046,178.2918
10/17/2019,193.45,194.08,194.4,192.71,19.16M,0.26%,188.536,178.21716
10/16/2019,192.94,192.78,193.43,192.33,20.69M,-0.25%,188.35,178.13572
10/15/2019,193.42,191.55,193.87,191.46,23.74M,1.27%,188.1544,178.07276
10/14/2019,190.99,190.72,191.6,190.54,15.37M,-0.01%,187.8988,178.0076
10/11/2019,191.01,190.7,192.53,190.62,41.43M,1.29%,187.824,177.93212
10/10/2019,188.58,187.15,189.33,187.02,26.69M,0.77%,187.8048,177.865
10/09/2019,187.13,186.86,187.98,186.33,20.83M,0.98%,187.8532,177.78872
10/08/2019,185.32,186.91,187.76,185.17,33.20M,-1.50%,187.9842,177.72676
10/07/2019,188.14,188.13,189.64,187.81,21.40M,-0.30%,188.1682,177.70364
10/04/2019,188.71,186.89,188.98,186.78,32.75M,1.47%,188.3092,177.66692
10/03/2019,185.97,183.97,186.11,181.72,39.61M,1.10%,188.399,177.63232
10/02/2019,183.95,185.91,187.11,182.92,48.93M,-1.72%,188.5806,177.61756
10/01/2019,187.17,189.44,190.49,186.86,32.67M,-0.82%,188.7754,177.62516
09/30/2019,188.71,187.65,189.01,187.3,26.56M,0.95%,188.8806,177.61908
09/27/2019,186.93,189.6,189.73,185.65,40.80M,-1.24%,188.9246,177.60852
09/26/2019,189.28,189.77,189.9,187.88,27.03M,-0.37%,189.0324,177.60356
09/25/2019,189.98,187.69,190.48,186.11,36.50M,1.12%,189.0888,177.58936
09/24/2019,187.87,191.27,191.69,187.05,41.10M,-1.33%,189.1502,177.56612
09/23/2019,190.4,190.26,190.97,189.62,22.92M,-0.16%,189.2738,177.5508
09/20/2019,190.7,193.01,193.21,190.06,30.13M,-1.06%,189.3344,177.52436
09/19/2019,192.74,192.76,193.93,192.37,26.21M,0.17%,189.3668,177.496
09/18/2019,192.42,192.1,192.5,190.01,31.17M,-0.04%,189.3612,177.46352
09/17/2019,192.5,191.6,192.5,191.19,21.11M,0.48%,189.324,177.42424
09/16/2019,191.58,191.2,191.98,191.01,20.32M,-0.45%,189.2662,177.3852
09/13/2019,192.44,192.85,193.3,192.19,27.67M,-0.36%,189.2536,177.34384
09/12/2019,193.13,193.54,194.61,192.87,28.69M,0.42%,189.2316,177.30964
09/11/2019,192.33,190.88,192.43,190.46,25.06M,0.94%,189.1672,177.27484
09/10/2019,190.54,190.09,190.64,188.81,23.74M,-0.29%,189.1038,177.23544
09/09/2019,191.09,192.08,192.17,190.12,24.41M,-0.21%,189.0258,177.20536
09/06/2019,191.49,191.93,192.07,191.07,19.49M,-0.10%,188.932,177.16748
09/05/2019,191.68,190.29,192.22,190.24,34.06M,1.83%,188.816,177.12556
09/04/2019,188.23,187.33,188.39,186.8,21.68M,1.44%,188.679,177.08568
09/03/2019,185.55,186.16,187.08,184.93,28.03M,-0.97%,188.6756,177.06616
08/30/2019,187.37,188.84,188.87,186.31,26.33M,-0.24%,188.734,177.06696
08/29/2019,187.82,187.27,188.36,186.58,25.43M,1.53%,188.7616,177.06368
08/28/2019,184.99,183.74,185.3,182.81,21.85M,0.36%,188.7454,177.05764
08/27/2019,184.33,185.98,186.32,183.61,28.08M,-0.21%,188.7718,177.06424
08/26/2019,184.72,184.09,184.77,182.98,27.69M,1.51%,188.758,177.06496
08/23/2019,181.97,186.66,188.35,181.46,55.44M,-3.17%,188.7144,177.06304
08/22/2019,187.92,188.88,189.36,186.44,24.27M,-0.32%,188.7414,177.06468
08/21/2019,188.53,188.56,189.13,187.86,20.75M,0.89%,188.6278,177.03584
08/20/2019,186.87,187.9,188.54,186.82,19.94M,-0.78%,188.5232,177.00556
08/19/2019,188.33,187.93,188.73,187.4,22.57M,1.59%,188.4468,176.97916
08/16/2019,185.38,184.01,185.85,184.0,34.79M,1.61%,188.299,176.94428
08/15/2019,182.45,183.01,183.49,181.06,36.85M,-0.11%,188.1418,176.92184
08/14/2019,182.66,185.21,185.85,182.32,51.00M,-2.99%,188.0152,176.91096
08/13/2019,188.29,184.17,189.58,183.92,40.47M,2.19%,187.8584,176.89688
08/12/2019,184.25,185.24,185.8,183.4,24.64M,-1.15%,187.4932,176.86912
08/09/2019,186.39,187.22,187.9,184.93,33.61M,-0.94%,187.2854,176.85304
08/08/2019,188.16,185.05,188.22,184.47,38.42M,2.18%,187.0912,176.8292
08/07/2019,184.15,181.22,184.41,179.8,49.99M,0.54%,186.8468,176.8038
08/06/2019,183.16,182.28,183.7,180.97,41.90M,1.40%,186.7118,176.79488
08/05/2019,180.64,183.41,183.41,179.11,75.04M,-3.53%,186.61,176.78904
08/02/2019,187.25,188.72,188.89,186.11,55.21M,-1.47%,186.5604,176.79064
08/01/2019,190.05,191.41,194.88,189.13,63.25M,-0.50%,186.4338,176.7616
07/31/2019,191.0,194.21,194.33,189.22,41.63M,-1.38%,186.2674,176.71916
07/30/2019,193.68,193.06,194.44,192.89,18.71M,-0.43%,186.0446,176.66328
07/29/2019,194.52,195.08,195.08,193.29,20.45M,-0.34%,185.8298,176.594
07/26/2019,195.19,194.42,195.45,194.33,20.43M,1.03%,185.636,176.516
07/25/2019,193.2,194.38,194.42,192.83,23.43M,-0.95%,185.392,176.44536
07/24/2019,195.05,192.97,195.06,192.93,20.42M,0.70%,185.137,176.3924
07/23/2019,193.69,193.48,193.71,192.19,23.79M,0.65%,184.8058,176.34308
07/22/2019,192.43,191.4,192.84,191.34,18.95M,0.80%,184.63,176.28916
07/19/2019,190.91,193.72,193.73,190.71,29.39M,-0.73%,184.4748,176.23732
07/18/2019,192.32,191.2,192.69,190.59,29.07M,0.11%,184.37,176.18928
07/17/2019,192.1,193.1,193.39,192.08,16.77M,-0.49%,184.2464,176.13576
07/16/2019,193.05,193.76,193.99,192.46,20.19M,-0.52%,184.2012,176.08672
07/15/2019,194.05,193.87,194.09,193.34,15.61M,0.32%,184.1604,176.03524
07/12/2019,193.43,192.53,193.44,192.35,20.21M,0.58%,184.0396,175.9754
07/11/2019,192.32,192.78,193.24,191.71,23.74M,-0.07%,183.9476,175.91976
07/10/2019,192.46,191.69,192.99,191.37,28.37M,1.00%,183.89,175.86796
07/09/2019,190.56,188.69,190.8,188.55,19.19M,0.50%,183.8592,175.80344
07/08/2019,189.61,189.76,189.77,188.83,17.60M,-0.70%,183.859,175.75012
07/05/2019,190.95,190.05,191.3,189.29,21.42M,-0.20%,183.8744,175.70008
07/03/2019,191.34,190.35,191.34,190.19,15.79M,0.75%,183.8476,175.63836
07/02/2019,189.91,189.09,189.93,188.56,18.04M,0.40%,183.825,175.56432
07/01/2019,189.16,190.2,190.47,188.28,31.19M,1.35%,183.7832,175.48752
06/28/2019,186.64,186.85,187.05,185.97,21.18M,0.13%,183.7458,175.42172
06/27/2019,186.4,186.37,186.84,185.89,19.71M,0.38%,183.754,175.3614
06/26/2019,185.69,186.03,187.23,185.39,22.60M,0.47%,183.754,175.3002
06/25/2019,184.83,187.96,188.04,184.55,33.92M,-1.72%,183.7554,175.236
06/24/2019,188.06,188.42,188.62,187.96,19.38M,-0.22%,183.7734,175.1846
06/21/2019,188.47,188.47,189.67,188.07,39.98M,-0.15%,183.7108,175.11748
06/20/2019,188.75,189.62,189.66,187.06,40.92M,0.93%,183.6488,175.06452
06/19/2019,187.01,186.63,187.43,185.47,31.67M,0.38%,183.5614,175.012
06/18/2019,186.31,185.78,187.62,185.33,48.18M,1.45%,183.5218,174.9726
06/17/2019,183.64,182.91,184.15,182.74,20.38M,0.60%,183.4868,174.931
06/14/2019,182.54,182.34,183.01,181.84,22.84M,-0.43%,183.4862,174.90208
06/13/2019,183.32,183.02,183.77,182.64,23.72M,0.59%,183.509,174.87948
06/12/2019,182.24,182.78,183.18,181.9,27.76M,-0.58%,183.4952,174.85624
06/11/2019,183.3,184.97,185.3,182.68,41.26M,0.14%,183.4892,174.8302
06/10/2019,183.05,182.13,184.75,182.11,41.39M,1.17%,183.4146,174.79996
06/07/2019,180.94,178.41,181.67,178.24,45.89M,1.93%,183.318,174.76704
06/06/2019,177.52,176.43,177.95,175.64,29.91M,0.79%,183.2554,174.74068
06/05/2019,176.12,176.51,176.52,174.29,34.41M,0.74%,183.2842,174.72796
06/04/2019,174.82,171.89,174.88,171.28,47.80M,2.82%,183.3244,174.72656
06/03/2019,170.03,173.43,173.86,169.18,75.84M,-2.20%,183.3974,174.72628
05/31/2019,173.86,174.62,175.2,173.78,45.45M,-1.60%,183.6462,174.743
05/30/2019,176.68,176.45,177.18,175.68,30.35M,0.42%,183.7624,174.73816
05/29/2019,175.94,176.36,176.91,175.0,42.18M,-0.82%,183.808,174.71136
05/28/2019,177.4,178.58,179.57,177.38,24.76M,-0.38%,183.8564,174.68796
05/24/2019,178.07,179.21,179.76,177.85,25.90M,-0.05%,183.8736,174.65388
05/23/2019,178.16,178.91,178.93,177.05,45.35M,-1.53%,183.8446,174.62012
05/22/2019,180.92,180.72,181.97,180.66,24.33M,-0.45%,183.8198,174.58532
05/21/2019,181.73,181.4,182.23,180.83,31.61M,1.04%,183.7134,174.53968
05/20/2019,179.86,180.42,181.08,179.25,38.61M,-1.68%,183.5716,174.48512
05/17/2019,182.94,183.0,185.48,182.78,44.70M,-1.02%,183.396,174.43892
05/16/2019,184.83,183.01,185.97,182.85,39.28M,1.01%,183.164,174.37664
05/15/2019,182.99,179.3,183.45,179.22,40.94M,1.41%,182.9368,174.31028
05/14/2019,180.45,179.42,181.53,178.77,43.36M,1.10%,182.7662,174.25388
05/13/2019,178.49,180.21,181.16,177.97,67.19M,-3.47%,182.6438,174.2032
05/10/2019,184.9,183.96,185.79,180.94,58.53M,0.12%,182.56,174.16788
05/09/2019,184.67,183.66,185.31,181.99,55.35M,-0.54%,182.324,174.10576
05/08/2019,185.67,185.58,187.07,184.86,37.17M,-0.25%,182.1006,174.0452
05/07/2019,186.14,187.76,188.57,184.41,58.82M,-1.95%,181.8594,173.97368
05/06/2019,189.84,187.0,190.1,186.66,38.37M,-0.61%,181.6052,173.89304
05/03/2019,191.01,189.59,191.15,189.23,30.39M,1.60%,181.2644,173.79828
05/02/2019,188.01,188.78,189.75,186.77,44.11M,-0.43%,180.8748,173.69336
05/01/2019,188.83,190.66,191.22,188.7,34.80M,-0.32%,180.5578,173.5882
04/30/2019,189.44,189.38,189.75,188.11,31.50M,-0.78%,180.225,173.47984
04/29/2019,190.92,190.52,191.22,190.24,21.72M,0.19%,179.8732,173.37284
04/26/2019,190.55,190.1,190.59,188.49,26.36M,0.09%,179.4774,173.2526
04/25/2019,190.38,191.05,191.12,189.35,29.52M,0.41%,179.0848,173.1384
04/24/2019,189.61,190.34,190.61,189.55,24.98M,-0.32%,178.6932,173.02448
04/23/2019,190.21,188.27,190.44,188.03,33.67M,1.27%,178.2672,172.90032
04/22/2019,187.82,186.44,187.89,186.33,17.94M,0.28%,177.8324,172.773
04/18/2019,187.29,187.38,187.69,186.19,28.58M,0.13%,177.4388,172.66896
04/17/2019,187.05,187.65,187.83,186.5,29.65M,0.35%,177.1016,172.56864
04/16/2019,186.4,186.41,186.81,185.83,27.20M,0.34%,176.7794,172.47972
04/15/2019,185.76,185.71,185.97,184.52,21.07M,0.02%,176.4402,172.39952
04/12/2019,185.73,185.76,185.85,184.96,24.99M,0.43%,176.0722,172.32052
04/11/2019,184.93,185.67,185.68,184.59,20.65M,-0.24%,175.719,172.22764
04/10/2019,185.37,184.65,185.43,184.42,24.56M,0.54%,175.3322,172.13308
04/09/2019,184.38,184.4,185.01,183.99,25.63M,-0.35%,174.8546,172.04008
04/08/2019,185.03,184.27,185.18,183.53,22.70M,0.25%,174.4274,171.94336
04/05/2019,184.56,184.2,184.67,183.92,25.67M,0.52%,174.028,171.84776
04/04/2019,183.61,183.71,184.4,182.55,28.53M,-0.04%,173.599,171.74012
04/03/2019,183.68,183.64,184.82,183.11,31.63M,0.57%,173.168,171.63188
04/02/2019,182.63,182.13,182.81,181.68,22.65M,0.38%,172.7314,171.53944
04/01/2019,181.94,181.32,182.16,180.68,30.97M,1.32%,172.382,171.44756
03/29/2019,179.57,179.54,179.74,178.5,35.21M,0.76%,172.014,171.34852
03/28/2019,178.22,178.27,178.89,177.15,30.37M,0.23%,171.6678,171.25196
03/27/2019,177.81,179.18,179.63,176.51,37.10M,-0.64%,171.3492,171.17928
03/26/2019,178.96,179.49,180.6,178.05,33.25M,0.47%,170.9768,171.09672
03/25/2019,178.13,177.83,178.75,176.84,46.34M,-0.19%,170.6098,171.01688
03/22/2019,178.47,181.66,182.17,178.28,70.79M,-2.19%,170.2712,170.9616
03/21/2019,182.47,179.15,182.73,179.11,42.43M,1.56%,169.9166,170.88144
03/20/2019,179.67,178.97,180.77,178.15,50.10M,0.40%,169.456,170.8024
03/19/2019,178.96,179.07,179.91,178.2,36.89M,0.34%,169.0228,170.75104
03/18/2019,178.36,177.86,178.9,177.5,32.94M,0.06%,168.5666,170.70544
03/15/2019,178.26,177.34,178.79,177.19,38.19M,0.93%,167.9942,170.66004
03/14/2019,176.62,177.02,177.25,176.57,23.75M,-0.17%,167.525,170.63072
03/13/2019,176.92,176.51,177.84,176.26,42.43M,0.75%,167.0762,170.61
03/12/2019,175.6,175.08,176.05,174.68,33.95M,0.55%,166.5956,170.58868
03/11/2019,174.64,171.77,174.76,171.76,30.52M,2.08%,166.143,170.57276
03/08/2019,171.08,169.42,171.17,169.25,39.30M,-0.15%,165.6978,170.57016
03/07/2019,171.34,173.0,173.09,170.7,39.41M,-1.23%,165.1446,170.57812
03/06/2019,173.47,174.59,174.66,173.19,27.19M,-0.57%,164.6676,170.57184
03/05/2019,174.46,174.43,174.99,173.59,22.32M,0.07%,164.2424,170.55332
03/04/2019,174.33,175.28,175.7,172.38,38.06M,0.02%,163.8422,170.52928
03/01/2019,174.3,174.32,174.56,173.09,31.43M,0.69%,163.5224,170.50292
02/28/2019,173.1,172.95,173.72,172.61,25.09M,-0.23%,163.1834,170.46932
02/27/2019,173.5,172.83,173.71,171.67,25.16M,-0.06%,162.9414,170.43448
02/26/2019,173.61,172.95,174.16,172.72,21.94M,0.10%,162.7716,170.40896
02/25/2019,173.43,174.11,174.57,173.31,32.61M,0.36%,162.5986,170.38732
02/22/2019,172.8,171.89,172.92,171.81,27.74M,0.74%,162.4004,170.37484
02/21/2019,171.53,171.68,172.17,170.62,25.21M,-0.37%,162.204,170.35596
02/20/2019,172.16,172.34,172.99,171.23,32.59M,-0.02%,161.9994,170.32868
02/19/2019,172.19,171.3,172.71,171.29,19.49M,0.20%,161.8922,170.29896
02/15/2019,171.85,172.42,172.47,171.05,32.52M,0.42%,161.761,170.271
02/14/2019,171.13,170.29,171.74,169.74,30.33M,0.12%,161.7688,170.24308
02/13/2019,170.92,171.53,172.07,170.73,26.09M,0.07%,161.7318,170.221
02/12/2019,170.8,169.5,171.05,169.24,29.72M,1.48%,161.6746,170.18768
02/11/2019,168.31,169.05,169.49,167.89,21.43M,-0.09%,161.6308,170.14292
02/08/2019,168.47,166.64,168.5,166.48,29.02M,0.20%,161.5316,170.10484
02/07/2019,168.14,168.94,169.36,166.86,42.04M,-1.34%,161.4182,170.05504
02/06/2019,170.43,170.97,171.28,169.66,27.97M,-0.30%,161.238,169.99596
02/05/2019,170.94,169.66,171.14,169.6,28.16M,0.89%,161.0352,169.95476
02/04/2019,169.44,167.42,169.44,167.24,26.72M,1.24%,160.798,169.91988
02/01/2019,167.36,167.28,168.51,166.9,32.14M,-0.42%,160.6486,169.87428
01/31/2019,168.07,166.56,168.9,166.38,37.26M,1.50%,160.6496,169.86292
01/30/2019,165.59,163.3,166.19,162.8,41.35M,2.54%,160.6482,169.86212
01/29/2019,161.49,163.11,163.15,160.91,30.78M,-0.94%,160.6386,169.877
01/28/2019,163.02,162.94,163.03,161.67,33.49M,-1.24%,160.7364,169.90548
01/25/2019,165.06,164.39,165.56,163.86,36.47M,1.20%,160.8008,169.93344
01/24/2019,163.11,162.57,163.35,161.98,32.41M,0.65%,160.9282,169.95656
01/23/2019,162.06,162.68,163.42,160.24,38.11M,0.13%,161.1534,169.97716
01/22/2019,161.85,163.96,164.05,160.68,56.71M,-2.00%,161.422,170.0022
01/18/2019,165.16,164.75,165.93,163.73,57.18M,0.99%,161.588,170.03248
01/17/2019,163.54,161.76,164.27,161.49,39.33M,0.79%,161.6622,170.04396
01/16/2019,162.26,162.54,163.69,162.2,33.81M,-0.02%,161.7772,170.0548
01/15/2019,162.29,159.89,162.51,159.83,40.87M,1.95%,161.9714,170.06868
01/14/2019,159.19,159.24,159.88,158.51,30.71M,-0.88%,162.1202,170.08232
01/11/2019,160.61,160.24,160.78,159.71,30.18M,-0.37%,162.253,170.10128
01/10/2019,161.2,159.51,161.29,158.62,38.94M,0.29%,162.3036,170.11644
01/09/2019,160.74,160.07,161.44,159.39,46.49M,0.82%,162.411,170.12444
01/08/2019,159.44,159.48,160.03,157.12,49.39M,0.91%,162.6156,170.12984
01/07/2019,158.01,156.46,158.78,156.03,52.06M,1.19%,162.7318,170.14196
01/04/2019,156.15,152.1,156.92,151.66,74.71M,4.28%,163.0352,170.15976
01/03/2019,149.74,152.52,153.18,149.41,74.82M,-3.27%,163.3886,170.18248
01/02/2019,154.8,150.91,155.67,150.8,58.58M,0.40%,163.8524,170.22444
12/31/2018,154.18,154.39,154.9,152.63,53.02M,0.84%,164.2182,170.24504
12/28/2018,152.89,153.93,155.51,151.64,77.86M,-0.05%,164.6786,170.26196
12/27/2018,152.97,150.49,153.1,147.0,85.82M,0.39%,165.1634,170.27312
12/26/2018,152.38,145.04,152.46,144.01,98.98M,6.25%,165.5464,170.28784
12/24/2018,143.42,146.06,147.9,143.38,56.16M,-2.76%,165.9834,170.30416
12/21/2018,147.49,152.98,154.01,146.64,141.13M,-3.10%,166.5052,170.35624
12/20/2018,152.21,154.08,155.79,150.31,99.00M,-1.45%,166.9882,170.39544
12/19/2018,154.45,158.16,160.64,153.26,81.86M,-2.46%,167.5348,170.41648
12/18/2018,158.34,158.59,159.87,156.96,63.64M,0.63%,168.025,170.42848
12/17/2018,157.35,160.33,161.59,156.09,74.83M,-2.27%,168.4594,170.4256
12/14/2018,161.0,163.1,163.72,160.62,56.55M,-2.43%,168.958,170.43044
12/13/2018,165.01,165.97,166.73,163.94,46.38M,0.03%,169.455,170.41672
12/12/2018,164.96,165.97,167.51,164.87,53.78M,0.88%,169.8678,170.37988
12/11/2018,163.52,165.57,165.68,162.14,59.06M,0.33%,170.29,170.34368
12/10/2018,162.98,161.03,163.69,159.33,73.96M,1.04%,170.7334,170.31204
12/07/2018,161.3,166.04,167.03,160.78,80.43M,-3.30%,171.1884,170.2834
12/06/2018,166.8,162.37,166.82,161.69,71.72M,0.71%,171.6458,170.25668
12/04/2018,165.63,171.29,171.82,165.43,70.59M,-3.84%,171.9906,170.20524
12/03/2018,172.24,173.01,173.22,169.42,50.77M,1.75%,172.3538,170.1564
11/30/2018,169.28,168.29,169.38,167.45,36.72M,0.73%,172.5812,170.07836
11/29/2018,168.06,167.91,169.17,166.73,44.89M,-0.33%,172.888,170.01176
11/28/2018,168.61,164.53,168.61,163.39,70.14M,3.22%,173.1788,169.95716
11/27/2018,163.35,161.91,163.76,161.1,36.61M,0.34%,173.4614,169.903
11/26/2018,162.8,161.36,162.88,160.68,42.01M,2.31%,173.8192,169.86472
11/23/2018,159.13,159.01,160.76,159.01,23.50M,-0.72%,174.241,169.83956
11/21/2018,160.29,161.21,161.88,159.15,42.97M,0.76%,174.747,169.82748
11/20/2018,159.08,158.29,161.3,157.05,102.65M,-1.78%,175.1908,169.81104
11/19/2018,161.97,166.65,166.81,161.46,67.28M,-3.25%,175.6696,169.79716
11/16/2018,167.41,166.4,168.22,165.69,65.39M,-0.35%,176.0626,169.77096
11/15/2018,168.0,164.75,168.45,163.37,73.25M,1.75%,176.3346,169.71632
11/14/2018,165.11,168.0,168.61,164.16,75.27M,-0.76%,176.6088,169.6598
11/13/2018,166.38,167.06,169.39,165.91,64.13M,0.08%,176.9736,169.6172
11/12/2018,166.24,170.24,170.55,166.09,62.58M,-3.03%,177.361,169.56172
11/09/2018,171.43,172.74,173.16,170.07,50.60M,-1.69%,177.7672,169.50968
11/08/2018,174.37,174.67,175.21,173.54,40.30M,-0.64%,178.0648,169.43912
11/07/2018,175.49,172.16,175.49,171.78,51.17M,3.14%,178.3102,169.35604
11/06/2018,170.15,168.84,171.1,168.63,34.41M,0.76%,178.4906,169.26852
11/05/2018,168.87,169.52,169.57,166.99,39.57M,-0.25%,178.7724,169.2056
11/02/2018,169.29,171.44,172.46,168.13,75.97M,-1.56%,179.0426,169.14532
11/01/2018,171.97,169.99,172.15,168.69,52.71M,1.32%,179.271,169.083
10/31/2018,169.73,168.46,171.16,168.45,73.83M,2.35%,179.4508,169.00788
10/30/2018,165.83,162.71,165.95,161.93,92.58M,1.65%,179.6616,168.93588
10/29/2018,163.14,169.07,169.77,160.01,111.87M,-2.06%,179.9372,168.88064
10/26/2018,166.57,165.15,169.87,164.14,130.97M,-2.57%,180.2698,168.83636
10/25/2018,170.97,167.9,171.99,167.07,83.48M,3.46%,180.533,168.77608
10/24/2018,165.25,173.03,173.27,164.95,103.00M,-4.58%,180.6964,168.69684
10/23/2018,173.18,170.7,174.04,168.73,77.57M,-0.37%,181.0184,168.62336
10/22/2018,173.82,173.97,175.16,172.5,52.91M,0.51%,181.1594,168.52004
10/19/2018,172.93,174.3,175.98,172.3,82.92M,-0.09%,181.2916,168.4164
10/18/2018,173.09,176.51,176.59,172.35,82.49M,-2.32%,181.4692,168.31532
10/17/2018,177.2,178.05,178.16,175.38,66.99M,0.04%,181.6458,168.21748
10/16/2018,177.13,173.93,177.56,173.61,71.98M,2.91%,181.7358,168.1016
10/15/2018,172.12,173.6,173.95,171.47,64.89M,-1.21%,181.814,167.9882
10/12/2018,174.23,173.9,174.77,170.84,102.08M,2.78%,181.9714,167.89556
10/11/2018,169.51,170.95,173.31,167.72,143.08M,-1.24%,182.0756,167.79372
10/10/2018,171.64,178.44,178.53,171.41,114.47M,-4.40%,182.226,167.70872
10/09/2018,179.54,179.11,180.92,178.66,49.10M,0.32%,182.3204,167.61292
10/08/2018,178.96,179.28,180.55,176.84,66.86M,-0.61%,182.23,167.4866
10/05/2018,180.06,182.29,182.87,178.34,83.33M,-1.22%,182.2014,167.36084
10/04/2018,182.28,185.12,185.22,180.96,80.56M,-1.92%,182.1994,167.23024
10/03/2018,185.85,186.42,186.87,185.56,29.13M,0.11%,182.2082,167.09144
10/02/2018,185.65,185.85,187.08,185.22,25.62M,-0.23%,182.0954,166.93756
10/01/2018,186.07,186.72,187.43,185.6,27.37M,0.20%,181.9718,166.77876
09/28/2018,185.69,185.15,186.18,184.87,28.08M,-0.02%,181.8284,166.61772
09/27/2018,185.73,184.94,186.39,184.82,33.11M,0.85%,181.6934,166.45696
09/26/2018,184.17,184.15,185.89,183.81,36.21M,0.07%,181.5756,166.29552
09/25/2018,184.04,183.68,184.18,183.08,25.28M,0.14%,181.4958,166.13616
09/24/2018,183.79,181.95,183.86,181.2,34.95M,0.10%,181.3968,165.97752
09/21/2018,183.61,185.17,185.38,183.38,38.61M,-0.55%,181.3114,165.81472
09/20/2018,184.62,183.85,184.87,183.42,33.30M,1.11%,181.2266,165.6512
09/19/2018,182.6,182.76,183.2,181.41,31.84M,-0.08%,181.0608,165.48968
09/18/2018,182.74,181.42,183.63,181.3,31.88M,0.83%,180.9534,165.3368
09/17/2018,181.24,183.56,183.71,181.07,33.07M,-1.44%,180.8406,165.18692
09/14/2018,183.89,184.56,184.85,183.16,31.22M,-0.29%,180.7262,165.04484
09/13/2018,184.43,183.57,184.78,183.54,31.13M,1.07%,180.505,164.89116
09/12/2018,182.48,182.77,182.88,180.91,36.20M,-0.30%,180.2306,164.73736
09/11/2018,183.02,180.87,183.32,180.43,30.12M,0.77%,180.0352,164.58936
09/10/2018,181.62,182.02,182.15,180.63,26.13M,0.34%,179.806,164.44264
09/07/2018,181.01,180.44,182.57,180.35,46.63M,-0.39%,179.5956,164.30072
09/06/2018,181.71,183.44,183.65,180.49,46.09M,-0.89%,179.3682,164.15984
09/05/2018,183.35,185.45,185.45,182.72,42.62M,-1.29%,179.1736,164.00952
09/04/2018,185.75,186.0,186.3,184.75,29.06M,-0.43%,178.9322,163.85768
08/31/2018,186.55,186.08,187.08,185.88,28.65M,0.13%,178.7218,163.69488
08/30/2018,186.31,186.31,187.42,185.69,29.32M,-0.18%,178.5032,163.52712
08/29/2018,186.64,184.81,186.74,184.76,29.18M,1.15%,178.3202,163.36556
08/28/2018,184.51,184.7,184.92,184.12,20.28M,0.15%,178.1056,163.20348
08/27/2018,184.24,183.33,184.24,183.01,29.34M,1.02%,177.9436,163.04372
08/24/2018,182.38,181.3,182.53,181.26,23.14M,0.92%,177.7966,162.87832
08/23/2018,180.71,180.68,181.95,180.41,25.78M,-0.14%,177.6992,162.71816
08/22/2018,180.96,179.87,181.17,179.66,18.04M,0.38%,177.5996,162.56292
08/21/2018,180.27,180.17,181.34,180.04,26.26M,0.37%,177.4952,162.40788
08/20/2018,179.61,180.19,180.23,178.91,24.94M,-0.09%,177.3862,162.25728
08/17/2018,179.77,179.27,180.22,178.17,36.09M,0.02%,177.281,162.11132
08/16/2018,179.73,180.48,180.89,179.38,27.71M,0.33%,177.1724,161.95616
08/15/2018,179.14,180.0,180.49,178.03,58.53M,-1.22%,177.0932,161.80188
08/14/2018,181.35,180.91,181.56,179.95,20.91M,0.62%,177.0054,161.65036
08/13/2018,180.23,180.76,181.91,180.15,26.09M,-0.11%,176.8626,161.50176
08/10/2018,180.43,180.59,181.12,179.75,33.82M,-0.76%,176.711,161.35664
08/09/2018,181.81,181.84,182.53,181.54,18.85M,-0.06%,176.502,161.21032
08/08/2018,181.92,181.45,182.25,180.96,22.68M,0.12%,176.2676,161.0512
08/07/2018,181.7,181.53,182.04,181.16,29.90M,0.36%,176.0068,160.88736
08/06/2018,181.04,179.88,181.09,179.65,24.81M,0.58%,175.7654,160.73672
08/03/2018,179.99,179.71,180.0,178.99,28.93M,0.31%,175.5338,160.58948
08/02/2018,179.44,175.78,179.65,175.7,47.18M,1.36%,175.3242,160.44744
08/01/2018,177.03,176.78,177.56,176.0,37.10M,0.38%,175.0972,160.30396
07/31/2018,176.36,175.66,177.04,174.73,47.29M,0.77%,174.9228,160.16908
07/30/2018,175.02,177.57,177.64,174.18,60.19M,-1.41%,174.743,160.03912
07/27/2018,177.53,181.16,181.21,176.51,59.46M,-1.35%,174.6074,159.91296
07/26/2018,179.96,180.26,180.83,179.72,40.87M,-1.51%,174.4346,159.77544
07/25/2018,182.72,180.27,182.83,180.2,36.02M,1.39%,174.191,159.63064
07/24/2018,180.21,181.29,181.95,179.47,36.90M,0.41%,173.9298,159.47528
07/23/2018,179.47,178.36,179.55,177.65,22.18M,0.32%,173.713,159.3336
07/20/2018,178.9,179.48,180.08,178.7,35.91M,-0.02%,173.5142,159.193
07/19/2018,178.94,179.25,179.79,178.73,31.09M,-0.50%,173.292,159.05616
07/18/2018,179.84,180.19,180.35,179.29,23.22M,-0.19%,173.0328,158.91652
07/17/2018,180.18,177.21,180.56,177.19,31.03M,0.61%,172.759,158.77352
07/16/2018,179.09,179.55,179.86,178.79,21.41M,-0.24%,172.451,158.6284
07/13/2018,179.52,179.33,179.81,178.86,28.07M,0.08%,172.1036,158.48428
07/12/2018,179.37,177.12,179.37,176.99,27.93M,1.72%,171.748,158.33468
07/11/2018,176.33,175.87,176.98,175.71,30.28M,-0.51%,171.4144,158.1854
07/10/2018,177.23,177.32,177.63,176.62,23.90M,0.07%,171.105,158.04384
07/09/2018,177.1,176.4,177.14,175.73,27.36M,0.90%,170.8004,157.89744
07/06/2018,175.52,173.22,175.65,172.91,37.01M,1.56%,170.4964,157.74496
07/05/2018,172.83,171.82,172.97,170.94,31.63M,1.24%,170.1574,157.59724
07/03/2018,170.71,173.32,173.36,170.54,25.51M,-1.16%,169.8684,157.45668
07/02/2018,172.71,169.95,172.76,169.58,31.77M,0.67%,169.6904,157.31872
06/29/2018,171.56,171.91,172.83,171.31,36.41M,0.27%,169.4804,157.17772
06/28/2018,171.1,169.43,171.68,169.08,46.41M,0.86%,169.3456,157.03596
06/27/2018,169.64,172.68,173.49,169.52,52.84M,-1.36%,169.2506,156.90184
06/26/2018,171.98,171.9,172.97,171.28,39.01M,0.41%,169.178,156.77336
06/25/2018,171.28,173.67,173.9,169.72,77.80M,-2.25%,168.9886,156.64524
06/22/2018,175.23,176.22,176.28,174.6,30.07M,-0.22%,168.7888,156.51196
06/21/2018,175.62,177.6,177.79,175.28,43.47M,-0.87%,168.5266,156.37308
06/20/2018,177.16,176.7,177.89,176.56,33.04M,0.71%,168.2182,156.23528
06/19/2018,175.91,174.17,175.95,173.62,38.24M,-0.28%,167.8976,156.08916
06/18/2018,176.41,175.44,176.56,174.85,31.63M,-0.27%,167.5324,155.9482
06/15/2018,176.89,176.89,177.23,176.02,49.62M,-0.35%,167.1352,155.79972
06/14/2018,177.51,176.53,177.8,176.41,35.92M,1.01%,166.8088,155.65372
06/13/2018,175.73,176.0,177.05,175.34,37.86M,-0.01%,166.4518,155.496
06/12/2018,175.74,175.06,175.91,174.87,22.51M,0.53%,166.0808,155.34932
06/11/2018,174.82,174.21,175.25,174.19,22.32M,0.27%,165.6746,155.20508
06/08/2018,174.35,173.48,174.79,173.09,31.78M,0.01%,165.3792,155.06696
06/07/2018,174.34,175.82,175.84,173.46,39.60M,-0.81%,165.0356,154.9262
06/06/2018,175.77,174.93,175.8,174.05,25.04M,0.58%,164.7288,154.78848
06/05/2018,174.75,174.6,175.04,173.97,24.78M,0.31%,164.4996,154.65936
06/04/2018,174.21,173.07,174.25,172.98,20.46M,0.90%,164.1732,154.53372
06/01/2018,172.65,170.79,172.75,170.78,45.54M,1.57%,163.9432,154.408
05/31/2018,169.98,170.04,171.11,169.54,35.67M,-0.06%,163.8268,154.2908
05/30/2018,170.09,169.54,170.39,169.13,22.67M,0.72%,163.7784,154.1844
05/29/2018,168.88,168.82,169.83,167.87,41.22M,-0.44%,163.7168,154.07112
05/25/2018,169.63,169.45,170.24,169.12,27.46M,0.10%,163.7578,153.96048
05/24/2018,169.46,169.47,169.76,167.75,27.70M,-0.03%,163.794,153.84704
05/23/2018,169.51,166.81,169.53,166.79,26.56M,0.84%,163.8366,153.7338
05/22/2018,168.09,169.06,169.36,167.79,19.48M,-0.13%,163.8788,153.61936
05/21/2018,168.31,168.64,169.41,167.59,22.95M,0.56%,163.9968,153.50584
05/18/2018,167.37,167.62,168.17,167.12,26.22M,-0.52%,164.092,153.38888
05/17/2018,168.24,168.31,169.52,167.42,27.48M,-0.38%,164.14,153.27512
05/16/2018,168.89,168.01,169.28,167.92,22.94M,0.66%,164.152,153.15324
05/15/2018,167.78,168.31,168.41,166.89,49.36M,-1.11%,164.1432,153.02644
05/14/2018,169.66,169.75,170.73,169.38,21.82M,0.17%,164.1424,152.89932
05/11/2018,169.37,169.26,169.77,168.63,24.69M,-0.09%,164.0672,152.77888
05/10/2018,169.53,168.34,169.65,168.2,27.07M,1.04%,163.9676,152.65728
05/09/2018,167.79,166.31,167.91,165.69,29.12M,1.09%,163.9194,152.53328
05/08/2018,165.98,165.74,166.34,164.77,26.04M,-0.10%,163.9276,152.415
05/07/2018,166.15,165.55,166.69,165.42,32.50M,0.83%,164.0142,152.3044
05/04/2018,164.78,161.03,165.16,160.9,41.54M,1.89%,164.0528,152.1928
05/03/2018,161.72,161.0,162.31,159.14,60.34M,-0.01%,164.0514,152.08476
05/02/2018,161.74,163.01,163.48,161.55,38.65M,-0.58%,164.1116,151.98776
05/01/2018,162.69,160.44,162.71,160.06,36.51M,1.14%,164.1808,151.88868
04/30/2018,160.86,162.39,163.39,160.46,35.62M,-0.70%,164.2244,151.7856
04/27/2018,162.0,164.26,164.32,161.09,51.04M,0.06%,164.3194,151.6916
04/26/2018,161.9,160.64,162.44,160.1,43.01M,2.10%,164.3312,151.59212
04/25/2018,158.57,158.72,159.23,156.39,52.09M,0.12%,164.2854,151.4882
04/24/2018,158.38,162.53,162.82,157.31,70.26M,-2.12%,164.2898,151.39664
04/23/2018,161.81,162.99,163.64,160.94,33.04M,-0.25%,164.2426,151.3026
04/20/2018,162.21,164.4,164.52,161.65,49.20M,-1.58%,164.0738,151.1956
04/19/2018,164.82,165.56,165.9,164.25,34.71M,-0.92%,164.0322,151.08312
04/18/2018,166.35,166.03,166.91,165.22,29.57M,0.20%,163.9802,150.9538
04/17/2018,166.01,164.1,166.37,163.82,35.54M,2.15%,163.814,150.81848
04/16/2018,162.51,162.36,163.1,161.4,28.18M,0.76%,163.7842,150.68012
04/13/2018,161.29,162.92,163.17,160.59,44.60M,-0.51%,163.8914,150.55492
04/12/2018,162.12,161.22,162.68,161.08,30.47M,1.20%,164.0518,150.4354
04/11/2018,160.2,160.12,161.91,160.02,41.62M,-0.58%,164.1816,150.30824
04/10/2018,161.13,160.05,161.65,158.99,48.60M,2.21%,164.3778,150.19084
04/09/2018,157.65,157.93,160.8,157.38,41.81M,0.70%,164.572,150.07184
04/06/2018,156.55,158.86,160.38,155.8,59.87M,-2.50%,164.7842,149.96904
04/05/2018,160.57,161.25,161.5,159.4,43.05M,0.57%,165.0196,149.87044
04/04/2018,159.66,154.19,160.15,153.96,65.77M,1.58%,165.1966,149.75604
04/03/2018,157.18,156.84,157.84,154.36,64.09M,1.13%,165.364,149.645
04/02/2018,155.43,158.92,159.66,153.8,85.55M,-2.89%,165.5454,149.54604
03/29/2018,160.05,158.05,161.63,156.55,68.69M,1.83%,165.7514,149.45324
03/28/2018,157.17,158.17,159.7,155.96,89.37M,-1.15%,165.8644,149.34228
03/27/2018,159.0,165.51,165.53,157.6,78.89M,-3.23%,165.9996,149.2432
03/26/2018,164.31,161.6,164.51,159.08,57.48M,3.71%,166.1076,149.13592
03/23/2018,158.43,162.51,163.21,158.35,80.11M,-2.63%,166.0854,149.00496
03/22/2018,162.71,164.61,165.68,162.5,66.61M,-2.47%,166.1586,148.89432
03/21/2018,166.83,167.14,168.67,166.1,43.86M,-0.44%,166.1538,148.76572
03/20/2018,167.56,167.01,167.95,166.52,34.08M,0.33%,166.0664,148.61956
03/19/2018,167.01,169.07,169.13,165.55,71.40M,-2.29%,165.9518,148.4718
03/16/2018,170.93,171.69,172.11,170.85,31.18M,-0.30%,165.8162,148.32272
03/15/2018,171.44,171.74,172.44,170.81,28.81M,-0.09%,165.5966,148.16596
03/14/2018,171.59,172.49,172.65,170.84,40.54M,-0.02%,165.336,148.00668
03/13/2018,171.62,174.71,175.12,171.18,55.64M,-1.36%,165.0178,147.84808
03/12/2018,173.99,173.56,174.39,173.19,37.63M,0.53%,164.7184,147.68972
03/09/2018,173.07,171.01,173.07,170.73,38.31M,1.94%,164.3678,147.51864
03/08/2018,169.77,169.45,169.89,168.86,25.83M,0.55%,164.0352,147.35252
03/07/2018,168.84,167.17,168.98,166.87,34.61M,0.23%,163.7856,147.19872
03/06/2018,168.45,168.52,169.02,167.39,29.48M,0.42%,163.5582,147.04644
03/05/2018,167.74,165.17,168.17,164.5,38.54M,1.11%,163.3382,146.89532
03/02/2018,165.9,162.5,166.19,161.87,57.45M,0.92%,163.1358,146.74612
03/01/2018,164.39,167.2,167.98,162.92,76.81M,-1.63%,162.989,146.60516
02/28/2018,167.12,169.16,169.71,167.01,42.94M,-0.64%,162.8526,146.4714
02/27/2018,168.2,170.33,170.64,168.12,42.21M,-1.24%,162.6262,146.32576
02/26/2018,170.31,168.84,170.31,168.73,39.27M,1.33%,162.3804,146.17844
02/23/2018,168.08,165.97,168.08,165.36,50.10M,2.05%,162.0864,146.017
02/22/2018,164.71,165.45,166.33,164.29,37.07M,-0.01%,161.8412,145.86608
02/21/2018,164.73,165.97,167.63,164.63,41.16M,-0.28%,161.6394,145.728
02/20/2018,165.2,164.3,166.59,164.22,36.79M,0.20%,161.4236,145.58884
02/16/2018,164.87,165.09,166.67,164.59,62.26M,-0.45%,161.188,145.44976
02/15/2018,165.61,164.05,165.61,162.35,51.63M,1.86%,160.9452,145.3118
02/14/2018,162.59,158.71,162.84,157.92,52.11M,1.87%,160.6856,145.16832
02/13/2018,159.61,157.9,159.93,157.64,31.79M,0.52%,160.522,145.03468
02/12/2018,158.79,157.59,159.87,156.38,63.05M,1.78%,160.4312,144.91312
02/09/2018,156.02,155.58,157.16,150.05,113.84M,1.73%,160.331,144.7918
02/08/2018,153.37,160.61,160.72,153.37,94.18M,-4.22%,160.3408,144.67984
02/07/2018,160.13,161.71,163.46,160.12,91.03M,-1.29%,160.3956,144.5756
02/06/2018,162.22,155.88,162.42,155.02,118.54M,2.64%,160.3166,144.44264
02/05/2018,158.04,163.04,165.66,157.92,105.37M,-3.94%,160.1844,144.29948
02/02/2018,164.52,167.25,167.61,164.38,68.48M,-2.00%,160.132,144.1722
02/01/2018,167.87,168.03,169.64,167.33,38.04M,-0.85%,159.9166,144.01716
01/31/2018,169.31,169.58,169.9,168.25,42.45M,0.42%,159.6366,143.84812
01/30/2018,168.61,168.46,169.33,167.73,44.99M,-0.82%,159.3396,143.67188
01/29/2018,170.01,170.43,170.82,169.65,37.28M,-0.49%,159.0176,143.49888
01/26/2018,170.84,169.18,170.86,168.87,32.04M,1.53%,158.682,143.31684
01/25/2018,168.26,169.46,169.54,167.72,28.92M,-0.04%,158.341,143.13248
01/24/2018,168.32,169.72,170.15,167.35,54.29M,-0.65%,158.0478,142.96236
01/23/2018,169.42,168.55,169.57,168.47,37.99M,0.83%,157.7536,142.79104
01/22/2018,168.03,166.18,168.03,166.0,26.08M,1.07%,157.4536,142.6148
01/19/2018,166.25,166.23,166.52,165.45,38.94M,0.31%,157.169,142.43912
01/18/2018,165.73,165.46,166.11,165.05,26.43M,0.02%,156.9182,142.26728
01/17/2018,165.7,164.68,165.95,163.91,33.85M,1.08%,156.6674,142.09712
01/16/2018,163.93,165.46,166.33,163.44,41.23M,-0.29%,156.388,141.926
01/12/2018,164.4,162.94,164.57,162.85,37.76M,0.74%,156.1498,141.7622
01/11/2018,163.2,162.39,163.21,162.12,20.47M,0.68%,155.9032,141.59552
01/10/2018,162.09,161.72,162.12,161.04,34.00M,-0.23%,155.6692,141.43512
01/09/2018,162.47,162.76,162.95,161.98,24.78M,0.01%,155.4506,141.27748
01/08/2018,162.46,161.82,162.54,161.78,23.16M,0.39%,155.1388,141.11908
01/05/2018,161.83,160.96,161.94,160.69,26.99M,1.00%,154.8366,140.9594
01/04/2018,160.23,160.51,160.71,160.0,24.78M,0.18%,154.5582,140.80116
01/03/2018,159.95,158.53,160.09,158.53,29.38M,0.97%,154.3068,140.64772
01/02/2018,158.41,156.42,158.44,156.09,32.57M,1.75%,154.0804,140.49116
12/29/2017,155.68,156.82,156.82,155.62,33.19M,-0.62%,153.8768,140.33804
12/28/2017,156.65,156.97,156.98,156.46,25.39M,0.12%,153.7388,140.19324
12/27/2017,156.46,156.44,156.88,156.31,22.39M,0.01%,153.585,140.04032
12/26/2017,156.44,156.45,156.64,155.87,21.92M,-0.54%,153.4312,139.89308
12/22/2017,157.29,157.23,157.35,156.87,23.33M,-0.11%,153.2676,139.7466
12/21/2017,157.47,157.65,158.17,157.29,18.64M,0.01%,153.0756,139.60048
12/20/2017,157.45,158.17,158.2,156.83,38.97M,-0.11%,152.8854,139.45116
12/19/2017,157.62,158.26,158.42,157.18,31.41M,-0.59%,152.6868,139.3016
12/18/2017,158.56,158.21,158.69,157.99,26.84M,0.63%,152.4826,139.15272
12/15/2017,157.57,156.41,157.74,156.15,49.82M,1.14%,152.263,139.00044
12/14/2017,155.8,156.2,156.58,155.63,24.59M,-0.07%,152.0592,138.85028
12/13/2017,155.91,156.2,156.41,155.68,24.42M,0.19%,151.8622,138.70524
12/12/2017,155.61,155.73,156.07,155.28,20.31M,-0.13%,151.6602,138.56296
12/11/2017,155.82,154.68,155.87,154.68,20.82M,0.78%,151.458,138.42112
12/08/2017,154.62,155.02,155.45,154.38,28.08M,0.44%,151.249,138.27944
12/07/2017,153.94,153.41,154.38,153.25,32.67M,0.34%,151.0432,138.13656
12/06/2017,153.42,152.18,153.65,151.98,28.65M,0.45%,150.852,137.99856
12/05/2017,152.73,152.56,154.47,152.02,40.60M,0.07%,150.6454,137.85892
12/04/2017,152.63,155.39,155.54,152.48,51.32M,-1.15%,150.4454,137.7212
12/01/2017,154.41,154.11,155.16,152.18,59.02M,-0.43%,150.2776,137.57796
11/30/2017,155.07,154.38,155.37,154.06,56.60M,0.84%,150.077,137.42648
11/29/2017,153.78,156.37,156.37,153.04,71.99M,-1.74%,149.881,137.26876
11/28/2017,156.51,156.44,156.61,155.62,25.23M,0.26%,149.7198,137.11528
11/27/2017,156.11,156.12,156.48,155.75,22.65M,-0.04%,149.499,136.959
11/24/2017,156.18,155.78,156.23,155.68,8.28M,0.37%,149.2964,136.81008
11/22/2017,155.61,155.55,155.76,155.26,17.30M,0.12%,149.0824,136.65924
11/21/2017,155.42,154.48,155.49,154.4,20.15M,1.09%,148.897,136.51176
11/20/2017,153.75,154.0,154.12,153.53,21.14M,-0.08%,148.7114,136.36352
11/17/2017,153.87,154.5,154.61,153.72,28.73M,-0.38%,148.5522,136.22388
11/16/2017,154.46,153.3,154.81,153.25,34.79M,1.28%,148.3574,136.08232
11/15/2017,152.51,152.53,152.92,151.7,24.81M,-0.47%,148.176,135.93352
11/14/2017,153.23,153.23,153.42,152.49,25.17M,-0.36%,148.0268,135.79428
11/13/2017,153.79,153.04,153.99,153.02,12.52M,0.12%,147.8544,135.64876
11/10/2017,153.6,153.28,153.72,152.98,20.15M,-0.01%,147.697,135.49824
11/09/2017,153.61,153.18,153.69,152.03,40.59M,-0.52%,147.5474,135.34212
11/08/2017,154.42,153.73,154.46,153.54,17.37M,0.40%,147.3666,135.19064
11/07/2017,153.8,153.59,154.0,153.26,21.33M,0.06%,147.136,135.03572
11/06/2017,153.71,153.05,153.77,153.02,28.69M,0.34%,146.9068,134.89088
11/03/2017,153.19,152.31,153.21,151.76,26.20M,0.96%,146.6706,134.74424
11/02/2017,151.73,151.84,151.91,150.69,31.02M,-0.19%,146.4508,134.59664
11/01/2017,152.02,152.67,152.75,151.42,29.48M,-0.03%,146.2686,134.44408
10/31/2017,152.07,151.96,152.29,151.55,26.32M,0.38%,146.0906,134.29196
10/30/2017,151.5,151.0,152.11,150.91,31.73M,0.22%,145.8688,134.14416
10/27/2017,151.16,149.25,151.44,149.12,60.17M,2.91%,145.662,134.00236
10/26/2017,146.88,147.28,147.63,146.84,28.23M,-0.32%,145.464,133.86544
10/25/2017,147.35,147.62,148.1,146.25,36.18M,-0.38%,145.4104,133.74608
10/24/2017,147.91,147.92,148.22,147.36,20.29M,0.17%,145.3424,133.6278
10/23/2017,147.66,148.93,148.95,147.45,29.30M,-0.65%,145.2612,133.50944
10/20/2017,148.63,148.83,148.96,148.45,30.17M,0.27%,145.1486,133.39532
10/19/2017,148.23,147.94,148.25,147.19,27.68M,-0.37%,144.9952,133.27884
10/18/2017,148.78,149.13,149.13,148.56,17.22M,-0.12%,144.9114,133.15828
10/17/2017,148.96,148.71,148.98,148.49,13.14M,0.13%,144.8204,133.03376
10/16/2017,148.77,148.62,148.81,148.31,21.81M,0.34%,144.7308,132.90908
10/13/2017,148.26,148.32,148.43,147.7,18.41M,0.39%,144.6268,132.7852
10/12/2017,147.69,147.76,148.28,147.54,14.51M,-0.18%,144.5278,132.6592
10/11/2017,147.96,147.45,147.99,147.26,12.44M,0.30%,144.4514,132.53676
10/10/2017,147.52,147.9,148.06,146.87,19.22M,0.07%,144.3618,132.41268
10/09/2017,147.41,147.78,147.93,147.22,13.70M,-0.12%,144.2744,132.29204
10/06/2017,147.58,146.89,147.58,146.88,23.56M,0.14%,144.2014,132.17224
10/05/2017,147.38,146.46,147.46,146.33,31.56M,0.98%,144.1274,132.05856
10/04/2017,145.95,145.52,146.26,145.39,26.38M,0.10%,144.0756,131.94268
10/03/2017,145.81,145.66,145.98,145.37,19.72M,0.21%,144.043,131.83356
10/02/2017,145.5,145.59,146.09,144.85,27.35M,0.09%,144.0206,131.72524
09/29/2017,145.37,144.62,145.48,144.24,43.10M,0.72%,143.9912,131.61648
09/28/2017,144.33,144.06,144.48,143.7,24.15M,-0.03%,143.9656,131.50896
09/27/2017,144.38,143.85,144.92,143.49,33.25M,0.90%,143.957,131.40628
09/26/2017,143.09,143.43,143.72,142.6,29.63M,0.25%,143.9306,131.29988
09/25/2017,142.73,143.67,143.75,142.03,54.95M,-1.05%,143.9112,131.20208
09/22/2017,144.24,143.92,144.45,143.78,21.70M,-0.10%,143.8976,131.10492
09/21/2017,144.38,145.17,145.18,143.87,28.84M,-0.61%,143.8316,130.99708
09/20/2017,145.27,145.67,145.83,144.15,34.24M,-0.31%,143.7566,130.89264
09/19/2017,145.72,145.73,145.93,145.23,20.87M,0.17%,143.6308,130.78768
09/18/2017,145.47,145.8,146.29,145.03,24.86M,-0.35%,143.4882,130.67716
09/15/2017,145.98,145.48,146.51,145.21,46.42M,0.34%,143.3326,130.56304
09/14/2017,145.48,145.77,146.21,145.39,35.30M,-0.59%,143.1374,130.446
09/13/2017,146.34,145.87,146.36,145.65,28.45M,0.14%,142.977,130.333
09/12/2017,146.14,146.17,146.33,145.45,30.26M,0.24%,142.7726,130.21796
09/11/2017,145.79,145.22,146.04,145.22,27.13M,1.15%,142.6012,130.09652
09/08/2017,144.13,145.2,145.27,143.98,27.89M,-0.87%,142.4358,129.97428
09/07/2017,145.39,145.32,145.76,144.86,22.72M,0.23%,142.3522,129.86284
09/06/2017,145.05,144.98,145.38,144.0,30.72M,0.30%,142.2036,129.73816
09/05/2017,144.61,145.47,145.8,143.52,45.48M,-0.90%,142.1128,129.62664
09/01/2017,145.92,146.28,146.51,145.53,22.29M,-0.14%,142.044,129.51964
08/31/2017,146.12,144.95,146.13,144.9,38.48M,1.07%,141.9382,129.40712
08/30/2017,144.57,143.03,144.81,142.92,33.64M,1.18%,141.8292,129.29088
08/29/2017,142.89,141.11,143.13,140.99,24.50M,0.39%,141.7236,129.17932
08/28/2017,142.34,142.34,142.67,141.88,15.36M,0.31%,141.6736,129.07328
08/25/2017,141.9,142.73,143.1,141.71,26.38M,-0.21%,141.5884,128.96992
08/24/2017,142.2,142.95,143.09,141.4,38.16M,-0.29%,141.5316,128.86984
08/23/2017,142.62,142.43,142.93,142.31,25.70M,-0.35%,141.4812,128.76792
08/22/2017,143.12,141.73,143.27,141.69,36.29M,1.52%,141.4346,128.66364
08/21/2017,140.98,141.16,141.46,140.11,37.11M,-0.13%,141.3554,128.55812
08/18/2017,141.16,141.36,142.13,140.58,60.75M,-0.07%,141.334,128.4642
08/17/2017,141.26,143.65,143.86,141.26,70.19M,-2.04%,141.3806,128.36872
08/16/2017,144.2,144.29,144.88,143.73,31.91M,0.17%,141.4222,128.27248
08/15/2017,143.95,144.14,144.23,143.56,25.51M,0.07%,141.3938,128.1646
08/14/2017,143.85,143.15,144.07,143.11,34.16M,1.28%,141.3818,128.0576
08/11/2017,142.03,141.17,142.34,140.83,45.86M,0.76%,141.3724,127.95016
08/10/2017,140.96,143.25,143.32,140.82,63.33M,-2.14%,141.3672,127.8526
08/09/2017,144.04,143.06,144.11,142.72,36.17M,-0.13%,141.3724,127.75732
08/08/2017,144.23,144.19,145.39,143.82,30.81M,-0.17%,141.317,127.6494
08/07/2017,144.48,143.81,144.48,143.63,17.93M,0.63%,141.2554,127.53872
08/04/2017,143.57,143.57,143.89,142.98,29.47M,0.18%,141.1838,127.42824
08/03/2017,143.31,144.09,144.09,143.05,27.11M,-0.39%,141.1066,127.32032
08/02/2017,143.87,144.37,144.44,142.54,41.77M,0.27%,141.0218,127.21396
08/01/2017,143.48,143.62,143.68,143.04,20.15M,0.23%,140.923,127.10092
07/31/2017,143.15,144.14,144.35,142.84,33.85M,-0.42%,140.8088,126.98812
07/28/2017,143.76,143.06,144.0,142.79,38.01M,-0.08%,140.6896,126.87512
07/27/2017,143.88,145.78,145.88,142.23,80.67M,-0.63%,140.5344,126.7632
07/26/2017,144.79,144.66,144.87,144.45,18.61M,0.33%,140.4478,126.64836
07/25/2017,144.32,144.21,144.66,143.93,28.12M,-0.26%,140.3314,126.52888
07/24/2017,144.69,143.99,144.79,143.84,26.71M,0.46%,140.2156,126.40968
07/21/2017,144.03,143.54,144.03,143.27,39.70M,-0.04%,140.0862,126.28584
07/20/2017,144.09,144.23,144.36,143.44,36.14M,0.13%,139.9722,126.16412
07/19/2017,143.9,143.45,144.11,143.42,33.75M,0.59%,139.8554,126.04212
07/18/2017,143.06,141.99,143.09,141.57,25.75M,0.66%,139.7328,125.919
07/17/2017,142.12,142.18,142.62,141.85,25.34M,0.05%,139.621,125.80028
07/14/2017,142.05,141.5,142.23,141.12,34.54M,0.79%,139.518,125.68008
07/13/2017,140.94,140.78,141.28,140.53,31.07M,0.22%,139.4154,125.5618
07/12/2017,140.63,140.14,140.79,139.88,36.05M,1.19%,139.3438,125.445
07/11/2017,138.98,138.37,139.15,137.87,31.52M,0.28%,139.2738,125.33016
07/10/2017,138.59,137.77,138.91,137.43,24.85M,0.65%,139.2126,125.21888
07/07/2017,137.69,136.67,138.06,136.67,36.97M,1.08%,139.1544,125.11024
07/06/2017,136.22,136.4,136.99,135.73,48.43M,-0.90%,139.098,125.00296
07/05/2017,137.46,136.5,137.83,136.09,42.12M,0.98%,139.0748,124.89904
07/03/2017,136.12,138.18,138.36,136.03,32.80M,-1.05%,139.0074,124.78344
06/30/2017,137.57,137.93,138.6,137.12,68.90M,0.04%,138.9348,124.67192
06/29/2017,137.52,139.33,139.37,136.18,88.77M,-1.74%,138.8338,124.55108
06/28/2017,139.95,138.47,140.07,137.67,57.43M,1.44%,138.7118,124.43308
06/27/2017,137.96,140.0,140.15,137.95,65.96M,-1.81%,138.537,124.3032
06/26/2017,140.51,141.93,142.22,140.2,34.41M,-0.47%,138.406,124.17636
06/23/2017,141.17,140.46,141.35,140.08,21.65M,0.38%,138.2024,124.03196
06/22/2017,140.63,140.87,141.15,140.27,24.10M,-0.03%,137.996,123.87596
06/21/2017,140.67,139.59,140.74,139.52,35.74M,0.99%,137.811,123.7304
06/20/2017,139.29,140.24,140.43,139.24,40.94M,-0.78%,137.6366,123.60256
06/19/2017,140.39,139.38,140.52,139.21,39.63M,1.67%,137.4888,123.47412
06/16/2017,138.08,138.65,138.7,137.57,48.09M,-0.70%,137.3204,123.34232
06/15/2017,139.06,138.28,139.21,137.42,55.15M,-0.44%,137.1968,123.2184
06/14/2017,139.68,140.85,140.86,138.55,60.09M,-0.43%,137.0644,123.08788
06/13/2017,140.29,139.94,140.49,139.21,51.19M,0.81%,136.9154,122.96108
06/12/2017,139.16,138.77,139.41,137.4,104.45M,-0.54%,136.7558,122.83056
06/09/2017,139.91,143.65,143.82,138.04,109.78M,-2.49%,136.6206,122.7058
06/08/2017,143.49,143.66,143.72,142.72,25.42M,0.10%,136.466,122.57804
06/07/2017,143.34,143.15,143.46,142.53,18.84M,0.39%,136.2276,122.4396
06/06/2017,142.78,143.2,143.65,142.58,22.39M,-0.40%,135.9762,122.30676
06/05/2017,143.35,143.36,143.6,143.15,15.73M,-0.02%,135.7318,122.17688
06/02/2017,143.38,142.27,143.41,142.04,37.22M,1.14%,135.4706,122.04396
06/01/2017,141.77,141.5,141.83,140.91,20.12M,0.39%,135.2154,121.91204
05/31/2017,141.22,141.73,141.77,140.5,33.23M,-0.04%,134.9748,121.78496
05/30/2017,141.27,141.06,141.43,140.99,20.31M,0.09%,134.7852,121.66216
05/26/2017,141.15,140.93,141.21,140.74,13.85M,0.18%,134.5922,121.53824
05/25/2017,140.9,140.24,141.26,139.94,23.93M,0.85%,134.408,121.41476
05/24/2017,139.71,139.49,139.78,139.1,18.32M,0.46%,134.2306,121.29144
05/23/2017,139.07,139.35,139.35,138.71,19.69M,0.10%,134.0608,121.1706
05/22/2017,138.93,138.07,139.0,138.02,19.51M,0.84%,133.9102,121.05104
05/19/2017,137.77,137.64,138.35,137.59,36.73M,0.42%,133.758,120.92892
05/18/2017,137.19,135.99,137.65,135.8,41.32M,0.88%,133.618,120.80292
05/17/2017,136.0,138.48,138.7,135.98,55.64M,-2.54%,133.4876,120.6798
05/16/2017,139.55,139.29,139.57,138.92,21.79M,0.42%,133.3764,120.5568
05/15/2017,138.97,138.56,139.05,138.46,20.48M,0.32%,133.1986,120.4218
05/12/2017,138.53,138.3,138.56,138.16,19.74M,0.22%,133.0382,120.2876
05/11/2017,138.22,137.96,138.26,137.31,27.23M,-0.08%,132.8818,120.16052
05/10/2017,138.33,138.33,138.38,137.84,20.50M,0.06%,132.7448,120.0294
05/09/2017,138.25,137.98,138.56,137.86,28.43M,0.35%,132.5772,119.8994
05/08/2017,137.77,137.54,137.77,137.26,13.28M,0.22%,132.4192,119.7716
05/05/2017,137.47,137.32,137.47,136.81,19.33M,0.37%,132.2676,119.6496
05/04/2017,136.97,136.94,137.36,136.49,14.63M,0.04%,132.117,119.523
05/03/2017,136.92,137.07,137.1,136.54,23.83M,-0.32%,131.9862,119.3972
05/02/2017,137.36,137.31,137.42,136.95,18.35M,0.17%,131.8554,119.26936
05/01/2017,137.13,136.39,137.31,136.31,24.82M,0.89%,131.703,119.13988
04/28/2017,135.92,136.21,136.27,135.7,22.77M,0.18%,131.544,119.01404
04/27/2017,135.68,135.21,135.68,135.12,16.14M,0.60%,131.41,118.897
04/26/2017,134.87,135.1,135.44,134.79,25.40M,-0.14%,131.2656,118.77692
04/25/2017,135.06,134.51,135.3,134.41,19.38M,0.72%,131.1288,118.66232
04/24/2017,134.09,133.95,134.21,133.73,22.47M,1.21%,130.9738,118.55216
04/21/2017,132.49,132.63,132.69,132.15,22.45M,-0.02%,130.8298,118.44936
04/20/2017,132.52,131.97,132.81,131.75,21.98M,0.84%,130.7086,118.35508
04/19/2017,131.42,131.78,132.22,131.24,17.76M,0.16%,130.5826,118.26068
04/18/2017,131.21,130.94,131.59,130.88,12.84M,-0.15%,130.4694,118.17736
04/17/2017,131.41,130.73,131.43,130.65,13.33M,0.83%,130.3574,118.09484
04/13/2017,130.33,130.68,131.44,130.31,23.68M,-0.40%,130.2342,118.01116
04/12/2017,130.85,131.38,131.47,130.71,15.96M,-0.40%,130.1348,117.93452
04/11/2017,131.38,131.79,132.03,130.43,33.78M,-0.43%,130.0078,117.85344
04/10/2017,131.95,132.04,132.5,131.59,15.62M,0.04%,129.8752,117.77136
04/07/2017,131.9,131.92,132.3,131.43,16.74M,-0.05%,129.7508,117.68696
04/06/2017,131.97,132.05,132.32,131.63,18.83M,0.05%,129.6226,117.59716
04/05/2017,131.9,132.61,133.41,131.65,32.01M,-0.41%,129.4904,117.50344
04/04/2017,132.44,131.83,132.46,131.8,13.40M,0.16%,129.3346,117.4116
04/03/2017,132.23,132.41,132.74,131.49,23.70M,-0.06%,129.1516,117.31792
03/31/2017,132.31,132.2,132.67,132.06,19.84M,-0.07%,128.9708,117.23144
03/30/2017,132.4,132.15,132.54,132.01,16.09M,0.17%,128.783,117.13748
03/29/2017,132.18,131.66,132.23,131.52,13.71M,0.46%,128.5946,117.0474
03/28/2017,131.57,130.74,131.96,130.48,23.72M,0.61%,128.4056,116.95988
03/27/2017,130.77,129.66,131.0,129.33,18.47M,0.16%,128.2362,116.87016
03/24/2017,130.56,130.71,131.22,130.06,22.97M,0.21%,128.0744,116.78428
03/23/2017,130.29,130.45,130.81,130.07,20.31M,-0.25%,127.9206,116.69712
03/22/2017,130.62,129.82,130.75,129.61,29.18M,0.68%,127.7656,116.60416
03/21/2017,129.74,132.24,132.36,129.66,35.84M,-1.52%,127.5986,116.51048
03/20/2017,131.74,131.58,132.04,131.39,10.11M,0.09%,127.4412,116.4202
03/17/2017,131.62,131.79,131.97,131.55,21.23M,-0.24%,127.2226,116.32548
03/16/2017,131.94,132.26,132.28,131.64,18.46M,-0.07%,126.9928,116.22992
03/15/2017,132.03,131.51,132.34,131.07,22.71M,0.62%,126.7436,116.1314
03/14/2017,131.22,131.24,131.29,130.69,14.02M,-0.24%,126.4714,116.03312
03/13/2017,131.54,131.27,131.57,131.2,10.73M,0.17%,126.24,115.93832
03/10/2017,131.32,131.35,131.53,130.75,21.92M,0.42%,126.0056,115.83844
03/09/2017,130.77,130.64,130.95,130.07,20.86M,0.08%,125.7944,115.7396
03/08/2017,130.67,130.5,131.08,130.39,15.78M,0.18%,125.5818,115.64224
03/07/2017,130.44,130.38,131.01,130.21,15.50M,-0.17%,125.3696,115.538
03/06/2017,130.66,130.49,130.88,130.14,12.03M,-0.22%,125.1688,115.43528
03/03/2017,130.95,130.58,130.99,130.27,13.72M,0.18%,124.9654,115.32904
03/02/2017,130.71,131.36,131.36,130.55,19.95M,-0.50%,124.747,115.22508
03/01/2017,131.37,130.74,131.61,130.53,25.81M,1.09%,124.5236,115.12468
02/28/2017,129.95,130.32,130.38,129.59,16.60M,-0.31%,124.303,115.02148
02/27/2017,130.35,129.95,130.36,129.73,12.01M,0.12%,124.107,114.92476
02/24/2017,130.19,129.4,130.19,129.31,18.62M,0.19%,123.908,114.82628
02/23/2017,129.94,130.63,130.63,129.42,17.49M,-0.38%,123.6822,114.71532
02/22/2017,130.43,130.25,130.52,130.04,12.11M,0.04%,123.4722,114.60928
02/21/2017,130.38,129.96,130.46,129.92,18.48M,0.49%,123.2338,114.50108
02/17/2017,129.74,129.02,129.75,128.97,15.56M,0.43%,122.9922,114.3936
02/16/2017,129.18,129.29,129.56,128.85,15.10M,-0.03%,122.7338,114.28464
02/15/2017,129.22,128.37,129.28,128.3,17.89M,0.59%,122.481,114.17404
02/14/2017,128.46,128.08,128.47,127.67,16.33M,0.34%,122.2094,114.07008
02/13/2017,128.03,127.69,128.19,127.65,19.12M,0.57%,121.9484,113.96256
02/10/2017,127.31,127.13,127.49,126.95,13.92M,0.33%,121.7366,113.85556
02/09/2017,126.89,126.56,127.17,126.49,17.54M,0.36%,121.568,113.75612
02/08/2017,126.43,126.05,126.61,125.81,12.57M,0.17%,121.3996,113.64928
02/07/2017,126.22,125.99,126.48,125.9,17.54M,0.37%,121.2458,113.53544
02/06/2017,125.76,125.35,125.78,125.28,11.63M,0.12%,121.0886,113.41656
02/03/2017,125.61,125.42,125.74,125.26,16.96M,0.29%,120.9502,113.30008
02/02/2017,125.25,125.14,125.63,124.79,15.10M,-0.09%,120.8076,113.18272
02/01/2017,125.36,125.35,125.61,124.79,22.86M,0.69%,120.6478,113.068
01/31/2017,124.5,124.33,124.53,123.78,19.09M,-0.20%,120.4946,112.95884
01/30/2017,124.75,125.3,125.31,124.06,25.01M,-0.78%,120.3416,112.86724
01/27/2017,125.73,125.73,125.85,125.32,15.05M,0.19%,120.1698,112.77468
01/26/2017,125.49,125.52,125.75,125.28,16.05M,0.10%,119.9466,112.68016
01/25/2017,125.36,124.87,125.39,124.78,15.04M,1.01%,119.7516,112.59564
01/24/2017,124.11,123.53,124.3,123.32,17.64M,0.67%,119.5582,112.51052
01/23/2017,123.29,123.1,123.47,122.51,17.43M,0.08%,119.4278,112.42188
01/20/2017,123.19,123.45,123.76,122.86,22.09M,0.22%,119.303,112.33084
01/19/2017,122.92,123.13,123.59,122.66,12.71M,-0.05%,119.165,112.25048
01/18/2017,122.98,122.9,123.1,122.6,12.50M,0.20%,118.9784,112.16752
01/17/2017,122.73,122.73,122.97,122.37,14.54M,-0.30%,118.7986,112.09048
01/13/2017,123.1,122.75,123.31,122.74,16.93M,0.34%,118.6464,112.00276
01/12/2017,122.68,122.43,122.75,121.54,19.62M,-0.15%,118.5054,111.91316
01/11/2017,122.87,122.57,122.87,121.96,20.69M,0.27%,118.3904,111.82648
01/10/2017,122.54,122.31,122.91,122.04,16.18M,0.22%,118.2738,111.73816
01/09/2017,122.27,121.97,122.49,121.89,18.91M,0.33%,118.1786,111.66408
01/06/2017,121.87,120.93,122.19,120.62,24.07M,0.88%,118.0996,111.5824
01/05/2017,120.81,120.1,120.89,120.04,20.64M,0.57%,118.0448,111.51684
01/04/2017,120.13,119.61,120.35,119.59,19.75M,0.54%,118.0188,111.45072
01/03/2017,119.48,119.25,119.93,118.83,22.31M,0.90%,117.978,111.38604
12/30/2016,118.42,119.87,119.89,118.08,41.75M,-1.03%,117.9414,111.32736
12/29/2016,119.65,119.8,120.07,119.27,13.27M,-0.14%,117.9288,111.28648
12/28/2016,119.82,121.0,121.13,119.73,17.98M,-0.78%,117.8918,111.24488
12/27/2016,120.76,120.38,121.46,120.35,16.11M,0.52%,117.8306,111.20336
12/23/2016,120.14,119.9,120.19,119.75,9.01M,0.07%,117.757,111.16752
12/22/2016,120.06,120.4,120.44,119.59,16.64M,-0.28%,117.693,111.1398
12/21/2016,120.4,120.51,120.62,120.13,7.08M,-0.07%,117.639,111.11652
12/20/2016,120.49,120.37,120.71,120.27,11.46M,0.38%,117.5802,111.0848
12/19/2016,120.03,119.68,120.77,119.49,21.14M,0.41%,117.5536,111.05296
12/16/2016,119.54,120.22,120.52,119.3,26.28M,-0.66%,117.5212,111.02304
12/15/2016,120.34,120.31,121.05,120.02,22.76M,0.16%,117.5038,110.99176
12/14/2016,120.15,120.5,120.94,119.8,28.75M,-0.21%,117.4716,110.95436
12/13/2016,120.4,119.29,121.05,119.26,54.48M,1.26%,117.4348,110.91284
12/12/2016,118.9,118.89,119.15,118.41,23.26M,-0.45%,117.3966,110.88028
12/09/2016,119.44,118.97,119.48,118.94,21.86M,0.78%,117.3918,110.86036
12/08/2016,118.51,118.34,118.81,118.12,18.58M,0.18%,117.3586,110.8316
12/07/2016,118.3,116.58,118.45,116.23,26.62M,1.27%,117.3612,110.80384
12/06/2016,116.82,116.82,117.02,116.33,27.29M,0.24%,117.364,110.77356
12/05/2016,116.54,116.26,117.0,115.71,21.42M,0.78%,117.3732,110.75964
12/02/2016,115.64,115.51,116.1,115.16,32.88M,0.20%,117.4078,110.7448
12/01/2016,115.41,117.4,117.41,115.23,39.80M,-1.73%,117.4756,110.74052
11/30/2016,117.44,119.0,119.07,117.4,30.41M,-1.21%,117.5292,110.73712
11/29/2016,118.88,118.57,119.45,118.24,18.55M,0.35%,117.5192,110.72768
11/28/2016,118.47,118.58,119.02,118.35,13.48M,-0.23%,117.476,110.70196
11/25/2016,118.74,118.5,118.79,118.36,7.16M,0.32%,117.4512,110.68564
11/23/2016,118.36,118.45,118.58,117.84,22.93M,-0.40%,117.428,110.67108
11/22/2016,118.84,118.91,119.13,118.55,18.85M,0.30%,117.3764,110.65348
11/21/2016,118.48,117.54,118.59,117.51,20.27M,1.04%,117.3042,110.63512
11/18/2016,117.26,117.77,118.04,117.15,16.43M,-0.37%,117.26,110.61756
11/17/2016,117.7,116.8,117.72,116.55,20.60M,0.73%,117.1992,110.60448
11/16/2016,116.85,115.64,116.93,115.61,16.54M,0.59%,117.1886,110.59004
11/15/2016,116.16,115.41,116.56,115.27,31.80M,1.39%,117.2088,110.58032
11/14/2016,114.57,115.78,115.88,113.97,35.91M,-1.01%,117.2414,110.57028
11/11/2016,115.74,115.15,115.99,114.78,41.12M,0.04%,117.2912,110.56628
11/10/2016,115.69,118.08,118.32,114.14,72.83M,-1.62%,117.31,110.54904
11/09/2016,117.59,115.65,117.78,115.54,70.23M,0.46%,117.3238,110.53172
11/08/2016,117.05,116.15,117.58,115.9,20.78M,0.65%,117.302,110.50048
11/07/2016,116.29,115.39,116.41,115.24,26.59M,2.38%,117.2986,110.4802
11/04/2016,113.59,113.66,114.48,113.39,27.00M,-0.35%,117.3072,110.46736
11/03/2016,113.99,114.96,115.31,113.86,36.21M,-0.98%,117.3664,110.46588
11/02/2016,115.12,115.99,116.24,114.83,26.96M,-0.80%,117.4214,110.46396
11/01/2016,116.05,117.13,117.15,115.04,23.50M,-0.75%,117.469,110.4624
10/31/2016,116.93,117.47,117.47,116.87,18.75M,-0.09%,117.4938,110.4568
10/28/2016,117.04,117.41,118.05,116.68,35.37M,-0.63%,117.4992,110.44892
10/27/2016,117.78,118.84,118.93,117.61,19.10M,-0.46%,117.503,110.44056
10/26/2016,118.32,118.35,118.97,117.97,20.46M,-0.68%,117.4914,110.42764
10/25/2016,119.13,119.56,119.6,118.95,20.34M,-0.32%,117.4648,110.40744
10/24/2016,119.51,118.87,119.59,118.83,19.14M,1.20%,117.435,110.38604
10/21/2016,118.09,117.74,118.16,117.35,15.71M,0.37%,117.3876,110.36384
10/20/2016,117.65,117.62,117.91,116.97,18.13M,-0.12%,117.367,110.34356
10/19/2016,117.79,117.71,117.96,117.58,13.70M,-0.01%,117.3452,110.32412
10/18/2016,117.8,118.12,118.35,117.74,19.28M,0.89%,117.3266,110.30384
10/17/2016,116.76,117.04,117.24,116.61,14.18M,-0.27%,117.3024,110.27124
10/14/2016,117.08,117.52,117.99,117.01,21.31M,0.12%,117.3016,110.23404
10/13/2016,116.94,116.57,117.26,115.88,22.82M,-0.36%,117.2722,110.1982
10/12/2016,117.36,117.51,117.76,117.0,14.27M,-0.09%,117.239,110.16516
10/11/2016,117.46,119.04,119.08,116.94,27.77M,-1.43%,117.1898,110.12796
10/10/2016,119.16,119.0,119.42,118.97,19.69M,0.63%,117.1562,110.08856
10/07/2016,118.41,118.8,118.95,117.83,19.98M,-0.22%,117.0764,110.0354
10/06/2016,118.67,118.57,118.92,118.09,11.99M,-0.05%,117.0066,109.98592
10/05/2016,118.73,118.64,119.11,118.61,14.48M,0.36%,116.9236,109.93816
10/04/2016,118.31,118.8,119.1,117.86,21.24M,-0.15%,116.8236,109.88912
10/03/2016,118.49,118.47,118.64,118.03,19.22M,-0.14%,116.7294,109.83984
09/30/2016,118.66,118.08,119.01,117.97,25.54M,0.75%,116.6314,109.78816
09/29/2016,117.78,118.45,118.66,117.27,27.21M,-0.72%,116.5206,109.73328
09/28/2016,118.64,118.56,118.71,118.03,14.79M,0.17%,116.4326,109.68392
09/27/2016,118.44,117.25,118.49,117.09,20.24M,0.99%,116.3012,109.6252
09/26/2016,117.28,117.6,117.74,117.11,16.40M,-0.84%,116.182,109.56012
09/23/2016,118.27,118.86,118.94,118.1,22.21M,-0.64%,116.0712,109.49784
09/22/2016,119.03,118.79,119.16,118.66,22.61M,0.80%,115.9442,109.42244
09/21/2016,118.09,117.42,118.26,116.75,31.55M,0.98%,115.7868,109.34608
09/20/2016,116.94,117.13,117.42,116.74,18.08M,0.19%,115.6536,109.2852
09/19/2016,116.72,117.51,117.89,116.49,16.22M,-0.44%,115.5322,109.23244
09/16/2016,117.23,117.16,117.35,116.65,27.60M,-0.30%,115.4026,109.18208
09/15/2016,117.58,115.83,117.75,115.8,39.47M,1.55%,115.2292,109.12936
09/14/2016,115.78,115.37,116.41,115.32,28.22M,0.48%,115.0424,109.08152
09/13/2016,115.23,115.67,116.03,114.67,45.86M,-0.89%,114.874,109.03956
09/12/2016,116.27,113.58,116.43,113.57,39.65M,1.79%,114.7298,109.00692
09/09/2016,114.22,116.17,116.45,114.2,50.81M,-2.52%,114.554,108.96996
09/08/2016,117.17,117.51,117.54,116.86,20.13M,-0.59%,114.3946,108.9388
09/07/2016,117.86,117.89,118.06,117.41,17.55M,0.06%,114.1394,108.89088
09/06/2016,117.79,117.23,117.79,117.0,18.53M,0.62%,113.8256,108.84148
09/02/2016,117.06,117.26,117.5,116.62,18.09M,0.33%,113.5546,108.79004
09/01/2016,116.68,116.42,116.82,115.85,20.94M,0.26%,113.3876,108.73704
08/31/2016,116.38,116.32,116.5,115.89,16.17M,-0.10%,113.1976,108.69024
08/30/2016,116.5,116.67,117.03,116.1,19.84M,-0.33%,113.0188,108.63316
08/29/2016,116.88,116.75,117.19,116.73,11.18M,0.14%,112.8308,108.58052
08/26/2016,116.72,116.6,117.48,116.02,23.90M,0.15%,112.6218,108.5284
08/25/2016,116.55,116.42,116.91,116.3,24.27M,-0.16%,112.447,108.46552
08/24/2016,116.74,117.43,117.58,116.35,17.73M,-0.65%,112.2692,108.41636
08/23/2016,117.5,117.73,117.95,117.45,12.00M,0.18%,112.0938,108.37164
08/22/2016,117.29,117.03,117.49,116.81,14.50M,0.08%,111.9032,108.32396
08/19/2016,117.2,117.04,117.46,116.7,18.74M,-0.03%,111.735,108.26672
08/18/2016,117.23,117.09,117.4,116.88,10.04M,0.03%,111.5936,108.19008
08/17/2016,117.2,117.02,117.24,116.37,15.98M,0.18%,111.4552,108.1148
08/16/2016,116.99,117.41,117.43,116.97,14.16M,-0.55%,111.3136,108.0554
08/15/2016,117.64,117.27,117.91,117.25,11.78M,0.43%,111.1818,108.01552
08/12/2016,117.14,116.85,117.15,116.73,19.38M,0.07%,111.029,107.98524
08/11/2016,117.06,116.95,117.31,116.72,12.97M,0.43%,110.8966,107.95988
08/10/2016,116.56,116.9,116.96,116.25,14.69M,-0.26%,110.7612,107.93712
08/09/2016,116.86,116.67,117.23,116.61,13.28M,0.23%,110.6356,107.91268
08/08/2016,116.59,116.76,116.81,116.22,12.36M,-0.11%,110.4998,107.88636
08/05/2016,116.72,116.22,116.98,116.07,23.20M,0.96%,110.358,107.86184
08/04/2016,115.61,115.26,115.72,114.97,12.84M,0.29%,110.2072,107.83528
08/03/2016,115.28,114.82,115.29,114.74,15.01M,0.33%,110.063,107.81888
08/02/2016,114.9,115.62,115.71,114.16,21.28M,-0.76%,109.8828,107.79876
08/01/2016,115.78,115.25,118.72,115.11,13.99M,0.53%,109.713,107.78072
07/29/2016,115.17,115.18,115.48,114.81,22.39M,0.22%,109.5024,107.76636
07/28/2016,114.92,114.7,115.05,114.34,16.94M,0.35%,109.315,107.751
07/27/2016,114.52,114.7,114.82,114.04,27.65M,0.69%,109.125,107.73748
07/26/2016,113.73,113.57,114.14,113.16,21.22M,0.11%,108.9698,107.72696
07/25/2016,113.6,113.5,113.63,113.22,12.97M,0.01%,108.804,107.72012
07/22/2016,113.59,113.22,113.72,112.85,20.00M,0.42%,108.6486,107.71168
07/21/2016,113.12,113.46,113.68,112.81,18.89M,-0.23%,108.5028,107.7016
07/20/2016,113.38,112.69,113.59,112.54,25.00M,1.17%,108.3858,107.6896
07/19/2016,112.07,112.11,112.42,111.87,18.94M,-0.36%,108.2346,107.68024
07/18/2016,112.48,111.8,112.68,111.79,20.71M,0.66%,108.1036,107.68052
07/15/2016,111.74,112.16,112.24,111.49,18.00M,-0.16%,107.9532,107.68084
07/14/2016,111.92,111.9,112.13,111.64,20.87M,0.68%,107.8182,107.68928
07/13/2016,111.16,111.73,111.76,111.15,21.11M,-0.24%,107.6932,107.69728
07/12/2016,111.43,111.53,111.73,111.28,21.91M,0.51%,107.6032,107.70676
07/11/2016,110.87,110.62,111.28,110.6,20.22M,0.57%,107.4878,107.70856
07/08/2016,110.24,109.11,110.3,108.96,29.46M,1.55%,107.3948,107.70636
07/07/2016,108.56,108.33,108.8,108.05,19.16M,0.30%,107.3404,107.7062
07/06/2016,108.24,106.86,108.29,106.51,24.58M,0.82%,107.337,107.70988
07/05/2016,107.36,107.52,107.6,106.78,21.17M,-0.61%,107.3506,107.70728
07/01/2016,108.02,107.43,108.42,107.39,19.90M,0.50%,107.3818,107.70172
06/30/2016,107.48,106.46,107.55,106.07,36.30M,1.16%,107.4332,107.69376
06/29/2016,106.25,105.2,106.47,105.18,31.36M,1.76%,107.4952,107.69548
06/28/2016,104.41,103.28,104.46,103.25,28.26M,2.19%,107.58,107.70104
06/27/2016,102.17,103.55,103.55,101.7,50.04M,-1.99%,107.7152,107.71496
06/24/2016,104.24,104.75,106.44,104.01,68.01M,-4.11%,107.8834,107.73772
06/23/2016,108.71,108.03,108.73,107.56,18.71M,1.43%,108.0158,107.7488
06/22/2016,107.18,107.52,108.13,107.09,22.72M,-0.24%,108.0586,107.74048
06/21/2016,107.44,107.27,107.66,107.04,22.80M,0.32%,108.104,107.7486
06/20/2016,107.1,107.67,108.18,107.02,20.56M,0.63%,108.126,107.7586
06/17/2016,106.43,107.47,107.63,106.18,29.21M,-1.44%,108.1628,107.77084
06/16/2016,107.98,107.11,108.08,106.44,32.08M,0.30%,108.2146,107.78804
06/15/2016,107.66,108.26,108.38,107.48,24.61M,-0.29%,108.2672,107.79868
06/14/2016,107.97,107.72,108.36,107.18,24.59M,0.00%,108.2904,107.80736
06/13/2016,107.97,108.28,108.87,107.83,25.41M,-0.84%,108.3286,107.818
06/10/2016,108.88,109.14,109.34,108.5,32.97M,-1.14%,108.3752,107.82228
06/09/2016,110.13,109.87,110.25,109.65,17.57M,-0.16%,108.3804,107.82172
06/08/2016,110.31,110.31,110.54,109.9,14.57M,0.17%,108.3638,107.8138
06/07/2016,110.12,110.47,110.57,110.07,12.18M,-0.25%,108.333,107.80732
06/06/2016,110.4,110.19,110.69,110.01,12.50M,0.36%,108.2716,107.8052
06/03/2016,110.0,110.31,110.36,109.28,20.27M,-0.47%,108.2076,107.80132
06/02/2016,110.52,110.07,110.53,109.47,15.70M,0.21%,108.151,107.79312
06/01/2016,110.29,109.94,110.54,109.85,19.57M,0.01%,108.1018,107.78356
05/31/2016,110.28,110.22,110.45,109.73,24.37M,0.19%,108.0506,107.77936
05/27/2016,110.07,109.59,110.08,109.55,19.87M,0.52%,107.9912,107.77624
05/26/2016,109.5,109.29,109.64,109.03,21.89M,0.29%,107.939,107.77732
05/25/2016,109.18,108.8,109.51,108.63,38.46M,0.72%,107.8994,107.77936
05/24/2016,108.4,106.86,108.53,106.83,29.93M,2.00%,107.8472,107.78408
05/23/2016,106.27,106.49,106.91,106.17,15.73M,-0.13%,107.8114,107.79044
05/20/2016,106.41,105.68,106.84,105.61,29.55M,1.10%,107.8146,107.80796
05/19/2016,105.25,105.39,105.65,104.49,27.33M,-0.52%,107.7786,107.82592
05/18/2016,105.8,105.23,106.37,104.98,28.18M,0.36%,107.7688,107.84148
05/17/2016,105.42,106.68,106.98,105.14,29.93M,-1.26%,107.7348,107.85992
05/16/2016,106.76,105.61,107.15,105.5,18.31M,1.25%,107.7256,107.88032
05/13/2016,105.44,105.79,106.39,105.23,21.06M,-0.37%,107.7026,107.89308
05/12/2016,105.83,106.62,106.68,105.08,29.20M,-0.44%,107.7052,107.91084
05/11/2016,106.3,107.1,107.43,106.27,20.97M,-0.90%,107.704,107.92752
05/10/2016,107.27,106.2,107.32,106.01,21.18M,1.37%,107.6926,107.9404
05/09/2016,105.82,105.55,106.31,105.48,19.29M,0.28%,107.5962,107.9494
05/06/2016,105.52,104.46,105.54,104.35,30.76M,0.53%,107.5484,107.95788
05/05/2016,104.96,105.37,105.6,104.75,20.79M,-0.03%,107.5056,107.96668
05/04/2016,104.99,105.06,105.43,104.74,27.47M,-0.64%,107.4766,107.97968
05/03/2016,105.67,105.9,106.38,105.39,38.57M,-0.93%,107.4268,107.99424
05/02/2016,106.66,105.91,106.81,105.5,24.81M,0.95%,107.344,108.00072
04/29/2016,105.66,106.16,106.44,104.82,67.50M,-0.53%,107.2754,108.00068
04/28/2016,106.22,107.63,108.28,106.01,29.82M,-1.21%,107.1938,108.0076
04/27/2016,107.52,107.28,107.77,106.63,33.06M,-0.80%,107.095,108.0194
04/26/2016,108.39,109.14,109.33,108.06,19.12M,-0.49%,106.9936,108.02528
04/25/2016,108.92,108.56,108.93,108.39,14.35M,0.00%,106.8294,108.022
04/22/2016,108.92,109.15,109.66,108.06,39.07M,-1.51%,106.6104,108.02348
04/21/2016,110.59,110.52,110.99,110.09,20.22M,0.01%,106.362,108.02772
04/20/2016,110.58,110.48,111.09,110.11,18.08M,0.08%,106.083,108.02616
04/19/2016,110.49,111.38,111.38,109.82,42.48M,-0.61%,105.7968,108.02576
04/18/2016,111.17,110.27,111.21,110.19,17.13M,0.53%,105.5184,108.0198
04/15/2016,110.58,110.77,111.0,110.3,21.35M,-0.25%,105.2564,108.00948
04/14/2016,110.86,109.94,111.27,109.94,17.20M,0.01%,105.0768,107.99916
04/13/2016,110.85,110.26,111.02,110.15,25.36M,1.28%,104.8918,107.98588
04/12/2016,109.45,108.6,109.66,107.96,28.56M,0.84%,104.7168,107.96628
04/11/2016,108.54,109.42,109.96,108.53,25.77M,-0.37%,104.615,107.959
04/08/2016,108.94,109.71,109.96,108.56,22.90M,-0.07%,104.5258,107.95596
04/07/2016,109.02,109.98,110.17,108.55,28.57M,-1.44%,104.386,107.94864
04/06/2016,110.61,108.94,110.65,108.93,25.06M,1.64%,104.2162,107.94224
04/05/2016,108.82,109.02,109.44,108.68,20.11M,-0.96%,104.066,107.93056
04/04/2016,109.88,110.25,110.38,109.62,17.16M,-0.38%,103.9332,107.92428
04/01/2016,110.3,108.52,110.34,108.33,26.39M,1.06%,103.81,107.91108
03/31/2016,109.14,109.24,109.63,108.97,21.45M,-0.15%,103.62,107.89284
03/30/2016,109.3,109.42,109.98,109.07,23.81M,0.49%,103.4512,107.87996
03/29/2016,108.77,106.87,108.84,106.67,29.96M,1.61%,103.2854,107.863
03/28/2016,107.05,107.5,107.52,106.86,13.89M,-0.14%,103.1258,107.84788
03/24/2016,107.2,106.61,107.23,106.47,19.02M,0.03%,103.0652,107.84184
03/23/2016,107.17,107.85,107.93,106.93,20.91M,-0.82%,102.9582,107.83972
03/22/2016,108.06,107.12,108.31,107.1,18.84M,0.31%,102.9244,107.83288
03/21/2016,107.73,107.1,107.83,107.06,17.29M,0.39%,102.8488,107.8208
03/18/2016,107.31,107.4,107.58,106.74,37.68M,-0.14%,102.7734,107.81148
03/17/2016,107.46,107.2,107.71,106.81,29.62M,-0.06%,102.7234,107.81372
03/16/2016,107.52,106.31,107.8,106.28,31.69M,0.89%,102.7382,107.81692
03/15/2016,106.57,106.21,106.69,105.89,26.52M,-0.04%,102.7728,107.82072
03/14/2016,106.61,106.02,106.86,106.0,25.37M,0.17%,102.8302,107.82652
03/11/2016,106.43,105.74,106.43,105.4,31.45M,1.74%,102.934,107.83152
03/10/2016,104.61,105.25,105.8,103.26,45.00M,-0.14%,103.0696,107.83304
03/09/2016,104.76,104.52,104.78,103.91,31.05M,0.63%,103.2622,107.84116
03/08/2016,104.1,104.25,105.16,103.92,28.90M,-0.82%,103.4164,107.84324
03/07/2016,104.96,105.06,105.68,104.22,25.86M,-0.62%,103.585,107.8498
03/04/2016,105.61,105.7,106.29,104.91,31.66M,0.04%,103.7368,107.85016
03/03/2016,105.57,105.65,105.69,104.81,25.47M,-0.19%,103.859,107.85036
03/02/2016,105.77,105.57,105.79,104.95,29.21M,0.04%,103.9674,107.85872
03/01/2016,105.73,103.4,105.73,103.11,37.70M,3.20%,104.0474,107.86504
02/29/2016,102.45,103.26,104.05,102.45,27.55M,-0.95%,104.178,107.87644
02/27/2016,103.43,103.42,103.43,103.42,28.58M,0.05%,104.4074,107.9002
02/26/2016,103.38,104.23,104.31,103.13,30.93M,-0.13%,104.5838,107.92172
02/25/2016,103.51,102.71,103.51,101.79,29.39M,0.99%,104.7476,107.94548
02/24/2016,102.5,100.39,102.63,99.72,40.74M,0.96%,104.892,107.9648
02/23/2016,101.53,102.62,102.91,101.46,29.87M,-1.65%,105.1088,107.99008
02/22/2016,103.23,102.49,103.33,102.43,23.98M,1.62%,105.3348,108.01704
02/19/2016,101.58,100.86,101.89,100.56,28.26M,0.30%,105.5616,108.03828
02/18/2016,101.28,102.76,102.79,101.15,38.99M,-1.14%,105.8212,108.0658
02/17/2016,102.45,100.96,102.59,100.65,41.77M,2.27%,106.0972,108.09408
02/16/2016,100.18,99.39,100.18,98.8,40.57M,2.26%,106.2972,108.1148
02/12/2016,97.97,97.63,98.07,96.68,49.19M,1.52%,106.5814,108.14248
02/11/2016,96.5,95.4,97.27,95.14,76.84M,-0.14%,106.924,108.1784
02/10/2016,96.64,97.45,98.64,96.57,59.42M,0.38%,107.2732,108.2198
02/09/2016,96.27,95.31,97.73,95.13,73.78M,-0.31%,107.6254,108.257
02/08/2016,96.57,96.28,97.0,94.79,91.67M,-1.53%,107.9818,108.2908
02/05/2016,98.07,101.24,101.28,97.67,70.75M,-3.47%,108.3302,108.32192
02/04/2016,101.6,101.3,102.4,100.39,49.32M,-0.01%,108.6506,108.34064
02/03/2016,101.61,102.75,102.78,99.83,61.57M,-0.48%,108.907,108.34656
02/02/2016,102.1,103.92,103.92,101.79,44.93M,-2.17%,109.1478,108.35496
02/01/2016,104.36,103.57,104.74,103.18,32.75M,0.27%,109.3772,108.35784
01/29/2016,104.08,101.95,104.12,101.89,54.25M,2.09%,109.5186,108.35204
01/28/2016,101.95,102.14,102.24,100.21,47.64M,1.41%,109.6642,108.34344
01/27/2016,100.53,102.5,102.94,100.1,54.52M,-2.49%,109.8208,108.33984
01/26/2016,103.1,102.6,103.54,101.71,36.14M,0.90%,110.0498,108.34508
01/25/2016,102.18,103.41,103.94,102.09,38.88M,-1.48%,110.2494,108.33616
01/22/2016,103.72,102.79,103.76,102.48,42.23M,2.90%,110.4702,108.333
01/21/2016,100.8,101.14,102.3,99.77,61.66M,0.10%,110.666,108.33448
01/20/2016,100.7,99.43,101.78,97.2,86.67M,-0.31%,110.9446,108.34812
01/19/2016,101.01,102.15,102.32,99.83,56.56M,0.22%,111.2236,108.36124
01/15/2016,100.79,100.52,101.89,99.46,91.44M,-3.11%,111.5026,108.36556
01/14/2016,104.02,102.25,104.92,100.62,78.45M,2.13%,111.7858,108.36868
01/13/2016,101.85,105.94,106.17,101.69,69.87M,-3.44%,111.9964,108.35568
01/12/2016,105.48,105.25,106.02,104.03,46.73M,1.15%,112.2248,108.34668
01/11/2016,104.28,104.73,105.0,102.68,50.02M,0.31%,112.3908,108.3284
01/08/2016,103.96,105.61,106.23,103.85,69.34M,-0.81%,112.5844,108.31716
01/07/2016,104.81,105.9,107.23,104.75,61.39M,-3.13%,112.7656,108.30732
01/06/2016,108.2,107.37,108.83,107.35,41.89M,-0.96%,112.9252,108.29836
01/05/2016,109.25,109.98,110.12,108.74,38.80M,-0.17%,113.0156,108.27856
01/04/2016,109.44,109.37,109.54,108.06,50.81M,-2.11%,113.0236,108.2468
12/31/2015,111.8,112.81,113.02,111.78,29.89M,-1.25%,112.984,108.20912
12/30/2015,113.21,114.1,114.18,113.19,19.52M,-0.90%,112.9104,108.16744
12/29/2015,114.24,113.16,114.48,113.07,27.73M,1.57%,112.8198,108.12616
12/28/2015,112.47,112.26,112.49,111.45,19.18M,-0.05%,112.6962,108.082
12/24/2015,112.53,112.51,112.84,112.48,11.48M,-0.02%,112.599,108.0492
12/23/2015,112.55,112.28,112.63,112.1,25.66M,0.74%,112.4658,108.01892
12/22/2015,111.72,111.59,111.88,110.99,26.54M,0.66%,112.3356,107.98864
12/21/2015,110.99,110.81,111.01,109.99,26.43M,1.11%,112.2358,107.95876
12/18/2015,109.77,111.52,111.82,109.77,53.75M,-2.22%,112.1454,107.93144
12/17/2015,112.26,114.4,114.42,112.24,45.67M,-1.46%,112.0698,107.91048
12/16/2015,113.92,113.01,114.11,111.83,44.94M,1.49%,111.936,107.87852
12/15/2015,112.25,112.54,113.22,112.11,48.43M,0.61%,111.7564,107.83964
12/14/2015,111.57,110.92,111.62,109.32,53.10M,0.76%,111.6202,107.79764
12/11/2015,110.73,112.03,112.33,110.66,56.02M,-2.30%,111.468,107.75108
12/10/2015,113.34,113.09,114.1,112.75,30.15M,0.45%,111.2968,107.7144
12/09/2015,112.83,114.05,114.7,112.14,48.51M,-1.52%,111.0642,107.67152
12/08/2015,114.57,113.38,114.93,113.32,30.79M,0.01%,110.796,107.6352
12/07/2015,114.56,115.16,115.23,114.01,25.89M,-0.45%,110.5034,107.58996
12/04/2015,115.08,112.78,115.27,112.56,40.04M,2.34%,110.2696,107.55132
12/03/2015,112.45,114.7,114.9,111.78,42.75M,-1.70%,110.043,107.50932
12/02/2015,114.39,115.17,115.69,114.22,22.40M,-0.62%,109.8766,107.4808
12/01/2015,115.1,114.41,115.1,114.28,28.64M,1.00%,109.6698,107.44448
11/30/2015,113.96,114.54,114.59,113.59,25.04M,-0.25%,109.4802,107.40552
11/27/2015,114.25,114.33,114.48,113.86,8.83M,0.14%,109.3068,107.37036
11/25/2015,114.09,114.13,114.3,113.85,14.16M,0.09%,109.1632,107.33236
11/24/2015,113.99,113.36,114.26,112.78,26.37M,-0.09%,109.022,107.2998
11/23/2015,114.09,114.47,114.88,113.6,20.70M,-0.29%,108.8708,107.26568
11/20/2015,114.42,114.18,114.51,114.08,22.73M,0.68%,108.6928,107.22844
11/19/2015,113.65,113.62,114.17,113.43,26.19M,0.07%,108.5146,107.18928
11/18/2015,113.57,111.88,113.68,111.77,32.97M,1.92%,108.3402,107.14996
11/17/2015,111.43,111.55,112.23,111.15,30.58M,0.06%,108.145,107.11016
11/16/2015,111.36,109.68,111.38,109.42,33.98M,1.44%,108.016,107.07708
11/13/2015,109.78,111.51,111.63,109.72,52.84M,-1.96%,107.831,107.04616
11/12/2015,111.98,112.59,113.17,111.9,31.20M,-0.97%,107.7022,107.01848
11/11/2015,113.08,113.53,114.08,112.89,22.75M,-0.12%,107.5396,106.98324
11/10/2015,113.22,112.91,113.33,112.57,35.45M,-0.26%,107.298,106.94232
11/09/2015,113.51,114.3,114.45,112.81,33.48M,-1.06%,107.1188,106.89908
11/06/2015,114.73,114.43,114.86,113.7,29.92M,0.07%,106.9598,106.85396
11/05/2015,114.65,115.06,115.33,114.05,25.00M,-0.27%,106.7768,106.80268
11/04/2015,114.96,115.33,115.41,114.48,28.63M,0.01%,106.5434,106.75028
11/03/2015,114.95,114.32,115.36,114.15,20.42M,0.35%,106.205,106.697
11/02/2015,114.55,113.57,114.68,113.33,22.18M,1.13%,105.8742,106.64248
10/30/2015,113.27,113.83,114.02,113.24,27.20M,-0.45%,105.6302,106.58952
10/29/2015,113.78,113.44,113.97,113.32,24.91M,-0.16%,105.5052,106.54304
10/28/2015,113.96,113.19,113.96,112.28,42.22M,0.83%,105.431,106.49332
10/27/2015,113.02,112.49,113.18,112.46,31.39M,0.20%,105.3678,106.43736
10/26/2015,112.79,112.64,113.01,112.21,25.92M,0.06%,105.3348,106.38432
10/23/2015,112.72,112.6,113.18,112.01,53.17M,2.80%,105.288,106.33368
10/22/2015,109.65,108.42,109.74,108.11,42.78M,2.04%,105.2392,106.27736
10/21/2015,107.46,108.67,108.78,107.42,30.20M,-0.61%,105.2554,106.23304
10/20/2015,108.12,108.49,108.72,107.75,23.40M,-0.52%,105.3078,106.19428
10/19/2015,108.68,107.92,108.75,107.68,23.78M,0.57%,105.3756,106.14708
10/16/2015,108.06,107.84,108.12,107.32,27.09M,0.42%,105.407,106.09964
10/15/2015,107.61,106.26,107.62,106.12,38.39M,1.64%,105.4536,106.04476
10/14/2015,105.87,106.04,106.57,105.43,30.90M,-0.16%,105.5452,105.98612
10/13/2015,106.04,106.12,107.2,105.94,27.00M,-0.65%,105.6544,105.9296
10/12/2015,106.73,106.67,106.93,106.29,16.16M,0.24%,105.7644,105.87472
10/09/2015,106.47,106.04,106.67,105.75,23.92M,0.45%,105.8676,105.81948
10/08/2015,105.99,105.17,106.17,104.16,50.19M,0.40%,105.9786,105.76524
10/07/2015,105.57,105.6,105.8,104.24,37.39M,0.60%,106.0886,105.71884
10/06/2015,104.94,105.19,105.54,104.13,33.05M,-0.47%,106.1986,105.6838
10/05/2015,105.44,104.72,105.72,104.5,32.85M,1.42%,106.3022,105.65764
10/02/2015,103.96,100.75,103.96,100.43,59.37M,1.75%,106.4142,105.62196
10/01/2015,102.17,101.89,102.18,100.54,39.34M,0.45%,106.5778,105.59776
09/30/2015,101.71,100.84,101.82,100.45,41.41M,2.30%,106.7856,105.58156
09/29/2015,99.42,100.19,101.21,98.7,49.32M,-0.52%,107.0284,105.56336
09/28/2015,99.94,102.43,102.5,99.64,44.08M,-2.85%,107.3184,105.55432
09/25/2015,102.87,104.85,104.95,102.23,44.70M,-0.85%,107.5902,105.54952
09/24/2015,103.75,103.12,104.14,102.22,38.28M,-0.36%,107.7704,105.53244
09/23/2015,104.13,104.33,104.61,103.59,21.78M,0.08%,107.9018,105.51236
09/22/2015,104.05,104.01,104.37,103.08,47.36M,-1.49%,108.0232,105.4866
09/21/2015,105.62,105.87,106.49,104.68,35.77M,0.31%,108.1318,105.46956
09/18/2015,105.29,105.17,106.54,105.11,48.38M,-1.66%,108.1712,105.442
09/17/2015,107.07,106.92,108.67,106.58,56.14M,0.04%,108.1848,105.41684
09/16/2015,107.03,106.45,107.13,106.08,31.33M,0.56%,108.164,105.38828
09/15/2015,106.43,105.44,106.76,105.05,30.02M,1.18%,108.1816,105.36108
09/14/2015,105.19,105.9,105.92,104.79,19.72M,-0.30%,108.2058,105.33328
09/11/2015,105.51,104.46,105.51,104.16,29.11M,0.55%,108.2598,105.30984
09/10/2015,104.93,103.69,105.62,103.57,47.69M,1.08%,108.3068,105.28168
09/09/2015,103.81,106.22,106.25,103.54,47.15M,-1.11%,108.3484,105.25968
09/08/2015,104.98,104.07,105.11,103.64,37.34M,2.81%,108.4048,105.2442
09/04/2015,102.11,101.92,102.79,101.54,49.38M,-1.19%,108.4894,105.22436
09/03/2015,103.34,104.26,104.96,103.05,45.13M,-0.49%,108.646,105.21272
09/02/2015,103.85,102.83,103.87,101.65,43.96M,2.82%,108.7824,105.19948
09/01/2015,101.0,101.66,103.24,100.58,73.16M,-3.13%,108.92,105.18344
08/31/2015,104.26,104.97,105.55,104.0,39.55M,-1.23%,109.1128,105.1768
08/28/2015,105.56,105.02,105.94,104.79,49.92M,-0.02%,109.2242,105.15748
08/27/2015,105.58,104.47,105.65,103.23,69.38M,2.52%,109.3256,105.13532
08/26/2015,102.98,100.91,103.18,98.88,104.10M,5.04%,109.3948,105.11192
08/25/2015,98.04,102.02,102.69,97.96,75.09M,-0.38%,109.51,105.09744
08/24/2015,98.41,94.18,102.48,84.7,150.83M,-3.85%,109.7122,105.10316
08/21/2015,102.35,105.51,106.41,102.35,97.76M,-4.36%,109.9178,105.10732
08/20/2015,107.02,109.05,109.4,107.01,57.75M,-2.77%,110.0626,105.09532
08/19/2015,110.07,110.46,111.05,109.43,42.51M,-0.66%,110.1108,105.06324
08/18/2015,110.8,111.22,111.31,110.65,13.98M,-0.51%,110.0684,105.01836
08/17/2015,111.37,110.18,111.4,109.9,21.22M,0.83%,110.015,104.96976
08/14/2015,110.45,110.02,110.61,109.8,17.92M,0.15%,109.9724,104.91888
08/13/2015,110.28,110.57,111.1,110.04,22.51M,-0.16%,109.9534,104.86948
08/12/2015,110.46,109.32,110.68,108.16,41.89M,0.35%,109.9546,104.81776
08/11/2015,110.08,110.92,111.35,109.47,36.12M,-1.28%,109.9456,104.76344
08/10/2015,111.51,110.95,111.75,110.94,21.50M,1.14%,109.9512,104.70864
08/07/2015,110.25,110.12,110.51,109.34,30.01M,-0.13%,109.9208,104.64408
08/06/2015,110.39,112.29,112.44,109.89,42.13M,-1.60%,109.9288,104.58472
08/05/2015,112.19,111.95,112.94,111.82,28.99M,0.77%,109.939,104.52256
08/04/2015,111.33,111.49,111.69,110.87,22.13M,-0.19%,109.878,104.45048
08/03/2015,111.54,111.91,112.22,110.8,25.00M,-0.31%,109.8596,104.38304
07/31/2015,111.89,112.37,112.43,111.66,22.08M,-0.12%,109.8392,104.31504
07/30/2015,112.02,111.23,112.21,110.56,25.44M,0.48%,109.8004,104.24856
07/29/2015,111.49,111.31,111.73,110.88,26.71M,0.38%,109.7576,104.17896
07/28/2015,111.07,110.61,111.29,109.73,33.55M,0.86%,109.7278,104.11288
07/27/2015,110.12,110.41,110.89,109.88,35.99M,-0.83%,109.6968,104.05632
07/24/2015,111.04,112.74,112.94,110.87,30.84M,-0.98%,109.6848,104.00204
07/23/2015,112.14,112.67,113.04,111.85,25.70M,-0.37%,109.6228,103.94476
07/22/2015,112.56,112.11,113.11,112.11,35.57M,-1.13%,109.5344,103.88296
07/21/2015,113.85,113.96,114.14,113.52,35.47M,-0.06%,109.4474,103.821
07/20/2015,113.92,113.77,114.33,113.42,26.54M,0.34%,109.343,103.75432
07/17/2015,113.53,112.78,113.53,112.59,35.93M,1.47%,109.2104,103.68488
07/16/2015,111.88,111.23,111.9,111.01,29.84M,1.41%,109.0728,103.61456
07/15/2015,110.32,110.41,110.75,110.01,28.63M,0.11%,108.983,103.55132
07/14/2015,110.2,109.63,110.5,109.57,21.98M,0.66%,108.96,103.48832
07/13/2015,109.48,108.52,109.57,108.51,25.78M,1.76%,108.9358,103.43088
07/10/2015,107.59,107.38,107.99,106.99,26.42M,1.53%,108.8976,103.3748
07/09/2015,105.97,107.44,107.54,105.96,28.38M,-0.06%,108.9316,103.3276
07/08/2015,106.03,107.14,107.27,105.84,39.69M,-1.74%,109.0118,103.2846
07/07/2015,107.91,107.76,108.01,105.77,44.23M,0.25%,109.0952,103.23892
07/06/2015,107.64,107.21,108.26,106.98,24.31M,-0.23%,109.1466,103.18692
07/02/2015,107.89,108.17,108.26,107.56,20.50M,0.03%,109.1738,103.1332
07/01/2015,107.86,108.07,108.29,107.36,21.29M,0.79%,109.1878,103.08308
06/30/2015,107.01,107.43,107.66,106.68,34.81M,0.36%,109.1906,103.03424
06/29/2015,106.63,108.0,108.6,106.58,50.87M,-2.36%,109.2012,102.9864
06/26/2015,109.21,109.92,110.17,108.8,32.31M,-0.66%,109.1876,102.93944
06/25/2015,109.94,110.59,110.7,109.76,18.33M,-0.20%,109.156,102.87804
06/24/2015,110.16,110.6,111.07,110.13,15.82M,-0.51%,109.1128,102.81308
06/23/2015,110.73,110.76,110.83,110.27,18.13M,0.08%,109.0518,102.7456
06/22/2015,110.64,110.64,110.97,110.39,19.12M,0.74%,108.9856,102.67564
06/19/2015,109.83,110.43,110.52,109.75,27.88M,-0.72%,108.9266,102.60368
06/18/2015,110.63,109.44,110.82,109.38,43.03M,1.46%,108.875,102.53532
06/17/2015,109.04,108.92,109.39,108.37,23.30M,0.28%,108.794,102.46368
06/16/2015,108.74,108.04,108.92,107.99,16.46M,0.55%,108.728,102.39896
06/15/2015,108.15,107.88,108.32,107.25,31.24M,-0.50%,108.6716,102.33568
06/12/2015,108.69,109.01,109.24,108.54,27.20M,-0.82%,108.6098,102.27268
06/11/2015,109.59,109.8,110.09,109.4,17.59M,0.15%,108.5358,102.20732
06/10/2015,109.43,108.32,109.75,108.2,30.30M,1.37%,108.4548,102.13804
06/09/2015,107.95,107.87,108.34,107.14,27.55M,-0.17%,108.3996,102.06832
06/08/2015,108.13,109.19,109.27,107.91,24.55M,-1.02%,108.3498,102.00788
06/05/2015,109.24,109.37,109.63,108.57,22.64M,-0.24%,108.288,101.9468
06/04/2015,109.5,109.72,110.42,109.15,31.37M,-0.76%,108.2112,101.88064
06/03/2015,110.34,110.51,110.75,110.07,20.51M,0.30%,108.1786,101.81372
06/02/2015,110.01,109.95,110.55,109.41,19.45M,-0.32%,108.137,101.74132
06/01/2015,110.36,110.58,110.66,109.46,24.57M,0.34%,108.1062,101.66716
05/29/2015,109.99,110.58,110.73,109.73,30.38M,-0.60%,108.0594,101.59024
05/28/2015,110.65,110.69,110.95,110.31,17.30M,-0.23%,108.0168,101.51496
05/27/2015,110.9,109.47,111.02,109.23,30.57M,1.61%,107.94,101.4374
05/26/2015,109.14,110.17,110.32,108.7,25.49M,-1.15%,107.8548,101.3588
05/22/2015,110.41,110.39,110.81,110.32,13.54M,-0.10%,107.7776,101.28492
05/21/2015,110.52,109.76,110.67,109.6,16.77M,0.52%,107.6842,101.20708
05/20/2015,109.95,109.96,110.61,109.37,21.13M,0.06%,107.5748,101.12432
05/19/2015,109.88,110.12,110.29,109.7,14.21M,-0.11%,107.489,101.04124
05/18/2015,110.0,109.34,110.22,109.26,17.63M,0.44%,107.4446,100.95688
05/15/2015,109.52,109.8,109.95,109.25,23.94M,0.00%,107.3916,100.86868
05/14/2015,109.52,108.82,109.61,108.42,23.90M,1.46%,107.3728,100.78368
05/13/2015,107.94,108.19,108.75,107.78,20.74M,0.20%,107.3502,100.69624
05/12/2015,107.72,107.57,108.27,106.74,33.67M,-0.45%,107.3676,100.61284
05/11/2015,108.21,108.7,108.92,108.13,19.68M,-0.39%,107.3996,100.53308
05/08/2015,108.63,108.4,108.86,108.24,33.02M,1.25%,107.4022,100.4532
05/07/2015,107.29,106.62,107.59,106.54,29.34M,0.60%,107.406,100.3714
05/06/2015,106.65,107.58,107.89,105.94,42.69M,-0.69%,107.4256,100.28924
05/05/2015,107.39,108.74,108.94,107.34,47.84M,-1.63%,107.4634,100.20836
05/04/2015,109.17,109.34,109.85,109.11,23.51M,0.17%,107.4848,100.12484
05/01/2015,108.99,107.99,109.06,107.97,32.87M,1.32%,107.4684,100.0352
04/30/2015,107.57,108.67,109.11,107.0,44.08M,-1.57%,107.4412,99.95084
04/29/2015,109.29,109.37,110.01,108.69,34.04M,-0.63%,107.4318,99.87032
04/28/2015,109.98,110.28,110.49,109.05,36.85M,-0.20%,107.385,99.78356
04/27/2015,110.2,110.89,111.1,109.96,31.12M,-0.25%,107.3224,99.693
04/24/2015,110.48,110.15,110.63,109.97,32.51M,1.36%,107.2372,99.60064
04/23/2015,109.0,108.22,109.49,108.2,29.47M,0.38%,107.122,99.5044
04/22/2015,108.59,108.28,108.77,107.58,21.43M,0.55%,107.029,99.41296
04/21/2015,108.0,108.16,108.35,107.87,22.76M,0.43%,106.9122,99.32876
04/20/2015,107.54,106.48,107.73,106.44,28.95M,1.50%,106.8138,99.2436
04/17/2015,105.95,106.6,106.89,105.49,46.51M,-1.56%,106.7372,99.16336
04/16/2015,107.63,107.49,107.82,107.34,16.20M,-0.14%,106.6746,99.08672
04/15/2015,107.78,107.39,108.01,107.26,21.13M,0.63%,106.5802,99.0008
04/14/2015,107.11,107.31,107.62,106.5,23.76M,-0.29%,106.4632,98.9142
04/13/2015,107.42,107.77,108.32,107.3,17.78M,-0.25%,106.342,98.8258
04/10/2015,107.69,107.21,107.7,106.97,17.16M,0.41%,106.2304,98.73504
04/09/2015,107.25,106.53,107.29,106.17,23.11M,0.63%,106.094,98.64056
04/08/2015,106.58,105.78,106.73,105.77,25.87M,0.79%,105.9768,98.5518
04/07/2015,105.74,105.86,106.64,105.74,19.38M,-0.17%,105.927,98.47656
04/06/2015,105.92,104.45,106.21,104.29,24.45M,0.82%,105.8964,98.39876
04/02/2015,105.06,105.09,105.4,104.72,19.16M,0.07%,105.8576,98.31712
04/01/2015,104.99,105.54,105.56,104.32,32.97M,-0.52%,105.7982,98.24216
03/31/2015,105.54,106.37,106.59,105.51,30.49M,-1.06%,105.7298,98.17692
03/30/2015,106.67,106.1,106.76,106.1,30.57M,1.15%,105.6344,98.11232
03/27/2015,105.46,105.02,105.71,104.86,33.88M,0.40%,105.493,98.04228
03/26/2015,105.04,104.54,105.64,104.19,47.85M,-0.34%,105.402,97.97092
03/25/2015,105.4,108.04,108.14,105.36,41.58M,-2.29%,105.3306,97.89876
03/24/2015,107.87,108.25,108.75,107.85,22.45M,-0.36%,105.2526,97.82448
03/23/2015,108.26,108.41,108.71,108.22,17.27M,-0.19%,105.1466,97.74228
03/20/2015,108.47,108.66,109.01,108.45,31.76M,0.42%,105.0464,97.66308
03/19/2015,108.02,107.97,108.32,107.81,31.31M,0.15%,104.9032,97.58188
03/18/2015,107.86,106.52,108.35,105.97,40.62M,0.98%,104.7432,97.5056
03/17/2015,106.81,106.35,106.98,106.1,19.60M,0.16%,104.6136,97.43512
03/16/2015,106.64,105.67,106.68,105.56,25.67M,1.29%,104.5352,97.36784
03/13/2015,105.28,105.64,106.06,104.63,42.02M,-0.44%,104.4664,97.3032
03/12/2015,105.74,104.97,105.86,104.9,21.47M,0.66%,104.4462,97.23968
03/11/2015,105.05,105.82,105.95,105.01,25.46M,-0.58%,104.4306,97.1712
03/10/2015,105.66,106.89,106.92,105.66,34.23M,-1.86%,104.4292,97.10792
03/09/2015,107.66,107.57,107.93,107.13,26.24M,0.29%,104.401,97.04732
03/06/2015,107.35,108.44,108.65,107.08,30.99M,-1.13%,104.331,96.97736
03/05/2015,108.58,108.67,108.91,108.13,15.38M,0.18%,104.2746,96.9102
03/04/2015,108.39,108.45,108.61,107.8,21.01M,-0.39%,104.1884,96.8378
03/03/2015,108.81,108.99,109.1,108.12,20.79M,-0.47%,104.1046,96.76796
03/02/2015,109.32,108.55,109.36,108.53,22.99M,0.90%,103.9634,96.69676
02/27/2015,108.34,108.78,108.85,108.17,27.76M,-0.44%,103.7756,96.62252
02/26/2015,108.82,108.38,108.88,108.08,22.26M,0.51%,103.64,96.54764
02/25/2015,108.27,108.38,108.8,108.03,19.47M,-0.25%,103.516,96.47352
02/24/2015,108.54,108.32,108.67,107.99,19.75M,0.07%,103.4256,96.402
02/23/2015,108.46,108.29,108.49,108.05,17.87M,0.10%,103.32,96.32708
02/20/2015,108.35,107.56,108.41,107.22,28.34M,0.67%,103.2488,96.2528
02/19/2015,107.63,107.03,107.7,107.0,19.83M,0.49%,103.1734,96.17936
02/18/2015,107.1,106.82,107.16,106.68,15.15M,0.14%,103.1272,96.10688
02/17/2015,106.95,106.85,107.02,106.59,17.68M,0.09%,103.0914,96.037
02/13/2015,106.85,106.24,106.87,106.05,29.03M,0.86%,103.0596,95.96604
02/12/2015,105.94,105.4,105.98,105.24,22.52M,1.17%,103.026,95.89796
02/11/2015,104.72,104.47,104.96,104.27,20.30M,0.35%,103.0022,95.83176
02/10/2015,104.35,103.32,104.49,103.16,23.69M,1.56%,103.0268,95.76972
02/09/2015,102.75,102.68,103.23,102.5,22.60M,-0.32%,103.049,95.70656
02/06/2015,103.08,103.87,104.12,102.71,34.17M,-0.61%,103.0896,95.64912
02/05/2015,103.71,103.08,103.78,102.82,23.61M,0.87%,103.1206,95.58636
02/04/2015,102.82,102.49,103.5,102.26,34.07M,-0.09%,103.1228,95.51908
02/03/2015,102.91,102.3,102.98,101.63,30.75M,0.96%,103.1388,95.44928
02/02/2015,101.93,101.28,102.02,99.7,43.62M,0.87%,103.1438,95.37484
01/30/2015,101.05,101.75,102.53,100.91,42.93M,-0.78%,103.1778,95.30516
01/29/2015,101.84,100.79,102.02,99.91,46.54M,0.96%,103.214,95.23656
01/28/2015,100.87,103.02,103.13,100.85,43.59M,-0.51%,103.2406,95.17268
01/27/2015,101.39,102.45,102.51,101.05,45.25M,-2.59%,103.2802,95.1136
01/26/2015,104.09,104.09,104.28,103.56,19.96M,-0.12%,103.3006,95.04616
01/23/2015,104.21,103.97,104.53,103.67,34.78M,0.22%,103.2634,94.9716
01/22/2015,103.98,102.49,104.09,101.59,40.89M,1.85%,103.2174,94.89676
01/21/2015,102.09,101.27,102.57,100.91,40.13M,0.51%,103.1688,94.8262
01/20/2015,101.57,101.38,101.83,100.24,30.96M,0.79%,103.1598,94.77012
01/16/2015,100.77,99.47,100.9,99.31,35.36M,1.17%,103.1548,94.71732
01/15/2015,99.6,101.38,101.54,99.47,51.01M,-1.30%,103.1656,94.6668
01/14/2015,100.91,100.45,101.43,100.02,51.35M,-0.55%,103.2066,94.61828
01/13/2015,101.47,102.49,103.57,100.65,56.16M,-0.03%,103.2154,94.56652
01/12/2015,101.5,102.77,102.88,101.23,34.13M,-1.04%,103.1854,94.51248
01/09/2015,102.57,103.57,103.6,101.97,41.41M,-0.66%,103.1506,94.45544
01/08/2015,103.25,102.17,103.45,102.06,40.21M,1.91%,103.1018,94.3876
01/07/2015,101.31,100.68,101.55,100.43,37.58M,1.29%,103.0096,94.32216
01/06/2015,100.02,101.53,101.7,99.57,66.21M,-1.34%,102.9548,94.26336
01/05/2015,101.38,102.44,102.56,101.09,36.52M,-1.47%,102.9098,94.21088
01/02/2015,102.89,103.71,104.15,102.39,31.31M,-0.30%,102.8086,94.1522
12/31/2014,103.2,104.45,104.85,103.05,24.37M,-1.03%,102.6872,94.08432
12/30/2014,104.27,104.67,104.9,104.12,18.60M,-0.66%,102.51,94.01648
12/29/2014,104.96,104.88,105.19,104.82,17.07M,-0.02%,102.2836,93.94684
12/26/2014,104.98,104.55,105.2,104.52,13.92M,0.70%,102.0192,93.8772
12/24/2014,104.25,104.29,104.65,104.22,14.29M,0.09%,101.766,93.8052
12/23/2014,104.16,104.9,104.91,104.04,30.16M,-0.35%,101.5394,93.73664
12/22/2014,104.53,104.1,104.56,104.05,33.87M,0.25%,101.3144,93.66932
12/19/2014,104.27,103.92,104.69,103.66,51.42M,0.07%,101.1116,93.59936
12/18/2014,104.2,103.21,104.21,102.93,49.84M,2.41%,100.9624,93.53028
12/17/2014,101.75,100.0,102.04,99.87,79.72M,1.82%,100.8464,93.45788
12/16/2014,99.93,100.92,102.42,99.91,65.35M,-1.60%,100.7418,93.39288
12/15/2014,101.56,103.15,103.53,101.26,52.97M,-1.03%,100.7014,93.33612
12/12/2014,102.62,102.76,103.94,102.61,46.89M,-1.09%,100.6326,93.26888
12/11/2014,103.75,103.56,104.98,103.54,47.58M,0.47%,100.5234,93.19808
12/10/2014,103.26,104.71,104.97,103.07,39.33M,-1.56%,100.3916,93.12088
12/09/2014,104.9,103.36,104.98,102.99,46.04M,0.31%,100.3012,93.04608
12/08/2014,104.58,105.05,105.51,104.02,32.69M,-0.70%,100.1752,92.9656
12/05/2014,105.32,105.48,105.64,105.09,25.62M,0.01%,100.0582,92.89084
12/04/2014,105.31,105.26,105.72,104.87,31.01M,-0.05%,99.9056,92.81336
12/03/2014,105.36,105.33,105.51,104.71,32.97M,0.18%,99.7952,92.73452
12/02/2014,105.17,104.86,105.36,104.65,26.03M,0.40%,99.6626,92.653
12/01/2014,104.75,105.66,105.86,104.37,35.97M,-1.13%,99.5392,92.57268
11/28/2014,105.95,105.74,106.19,105.67,17.36M,0.46%,99.4428,92.49372
11/26/2014,105.46,104.88,105.52,104.78,18.97M,0.65%,99.3284,92.41024
11/25/2014,104.78,104.78,105.09,104.52,17.53M,0.14%,99.2088,92.32972
11/24/2014,104.63,104.1,104.68,104.01,17.93M,0.78%,99.0998,92.24988
11/21/2014,103.82,104.54,104.64,103.49,34.05M,0.19%,98.9766,92.16832
11/20/2014,103.62,102.72,103.71,102.64,22.87M,0.45%,98.8888,92.08824
11/19/2014,103.16,103.52,103.52,102.68,23.76M,-0.45%,98.8152,92.00816
11/18/2014,103.63,102.95,103.77,102.94,26.34M,0.75%,98.7524,91.92812
11/17/2014,102.86,102.93,103.16,102.37,23.36M,-0.30%,98.6638,91.84284
11/14/2014,103.17,102.82,103.17,102.48,19.25M,0.31%,98.6072,91.76144
11/13/2014,102.85,102.6,103.23,102.37,28.03M,0.43%,98.5406,91.67976
11/12/2014,102.41,101.82,102.52,101.82,22.05M,0.18%,98.4704,91.60264
11/11/2014,102.23,101.93,102.23,101.65,15.45M,0.31%,98.4108,91.52664
11/10/2014,101.91,101.6,102.04,101.33,20.36M,0.35%,98.3666,91.45032
11/07/2014,101.55,101.82,101.86,101.02,20.93M,-0.09%,98.323,91.37132
11/06/2014,101.64,101.27,101.67,100.87,24.67M,0.32%,98.2792,91.29324
11/05/2014,101.32,101.96,101.98,100.96,25.82M,0.01%,98.2358,91.21532
11/04/2014,101.31,101.31,101.57,100.62,22.77M,-0.33%,98.1984,91.13428
11/03/2014,101.65,101.48,101.92,101.38,33.48M,0.30%,98.1592,91.05948
10/31/2014,101.35,101.62,101.7,101.02,54.25M,1.38%,98.1062,90.9834
10/30/2014,99.97,99.32,100.21,99.09,35.94M,0.21%,98.0562,90.90816
10/29/2014,99.76,99.79,100.07,99.05,40.55M,-0.37%,98.0298,90.83796
10/28/2014,100.13,99.05,100.15,98.64,34.50M,1.51%,98.0076,90.76852
10/27/2014,98.64,98.35,98.82,97.97,29.55M,0.07%,97.967,90.69836
10/24/2014,98.57,97.91,98.64,97.59,43.16M,0.82%,97.9412,90.63448
10/23/2014,97.77,97.27,98.31,97.12,48.12M,1.51%,97.9074,90.57032
10/22/2014,96.32,97.11,97.25,96.25,39.18M,-0.52%,97.8796,90.50928
10/21/2014,96.82,95.49,96.82,95.27,53.61M,2.63%,97.8606,90.45172
10/20/2014,94.34,92.91,94.42,92.75,41.48M,1.50%,97.8324,90.39072
10/17/2014,92.95,92.94,93.84,92.41,69.55M,1.32%,97.8426,90.34164
10/16/2014,91.74,90.38,92.53,90.34,93.17M,-0.63%,97.867,90.29764
10/15/2014,92.32,91.5,92.71,90.19,108.85M,-0.65%,97.9216,90.25776
10/14/2014,92.92,93.55,94.12,92.66,71.81M,0.01%,97.966,90.21032
10/13/2014,92.91,94.24,94.94,92.83,80.84M,-1.57%,98.013,90.15868
10/10/2014,94.39,96.24,96.78,94.37,77.58M,-2.50%,98.0472,90.10348
10/09/2014,96.81,98.28,98.52,96.66,62.50M,-1.62%,98.0588,90.0436
10/08/2014,98.4,96.61,98.71,96.01,64.93M,1.95%,98.0612,89.9718
10/07/2014,96.52,97.43,97.73,96.51,45.15M,-1.42%,98.0242,89.89116
10/06/2014,97.91,98.42,98.67,97.61,36.04M,-0.21%,98.0282,89.81156
10/03/2014,98.12,97.71,98.52,97.39,41.63M,0.99%,98.0038,89.72736
10/02/2014,97.16,97.14,97.46,95.92,54.50M,0.00%,97.9828,89.64836
10/01/2014,97.16,98.49,98.56,96.85,58.16M,-1.60%,97.9832,89.57584
09/30/2014,98.74,98.87,99.25,98.27,41.83M,0.14%,97.9712,89.5006
09/29/2014,98.6,97.75,98.87,97.7,33.34M,-0.13%,97.9154,89.42276
09/26/2014,98.73,98.0,98.91,97.84,56.11M,1.06%,97.8648,89.3456
09/25/2014,97.69,99.48,99.6,97.65,68.64M,-2.10%,97.7816,89.26472
09/24/2014,99.79,98.82,99.83,98.49,35.96M,1.07%,97.7446,89.18876
09/23/2014,98.73,98.62,99.17,98.53,33.99M,-0.27%,97.658,89.1048
09/22/2014,99.0,99.69,99.7,98.57,48.66M,-0.93%,97.5992,89.02264
09/19/2014,99.93,100.41,100.51,99.53,46.92M,-0.30%,97.5236,88.94048
09/18/2014,100.23,99.78,100.24,99.68,30.20M,0.75%,97.4172,88.8546
09/17/2014,99.48,99.32,99.95,98.88,37.21M,0.15%,97.3108,88.76816
09/16/2014,99.33,98.11,99.52,98.0,38.17M,0.87%,97.2054,88.68676
09/15/2014,98.47,99.54,99.55,98.16,32.97M,-0.97%,97.126,88.6052
09/12/2014,99.43,99.85,99.88,99.12,30.45M,-0.51%,97.0696,88.52332
09/11/2014,99.94,99.6,99.99,99.19,28.76M,-0.08%,96.982,88.43556
09/10/2014,100.02,99.33,100.06,99.05,31.08M,0.83%,96.881,88.3466
09/09/2014,99.2,100.01,100.41,99.01,36.45M,-0.83%,96.7578,88.25712
09/08/2014,100.03,99.84,100.28,99.57,25.58M,0.19%,96.6478,88.17112
09/05/2014,99.84,99.53,99.9,98.98,30.81M,0.50%,96.513,88.0824
09/04/2014,99.34,99.68,100.17,99.09,24.66M,-0.09%,96.381,87.99292
09/03/2014,99.43,100.27,100.29,99.25,25.95M,-0.59%,96.2472,87.90184
09/02/2014,100.02,99.99,100.05,99.61,18.33M,0.29%,96.1134,87.81004
08/29/2014,99.73,99.6,99.86,99.22,17.91M,0.37%,95.9674,87.71536
08/28/2014,99.36,99.15,99.48,99.03,23.56M,-0.11%,95.83,87.61864
08/27/2014,99.47,99.48,99.59,99.26,15.60M,0.02%,95.7012,87.52168
08/26/2014,99.45,99.48,99.56,99.22,20.10M,0.10%,95.5598,87.42624
08/25/2014,99.35,99.47,99.63,99.11,24.12M,0.35%,95.4178,87.32876
08/22/2014,99.0,98.89,99.2,98.67,24.70M,0.15%,95.2762,87.23052
08/21/2014,98.85,98.71,98.9,98.55,19.34M,0.20%,95.1362,87.13992
08/20/2014,98.65,98.56,98.85,98.48,23.44M,0.00%,95.016,87.04976
08/19/2014,98.65,98.33,98.71,98.27,21.36M,0.56%,94.9002,86.9584
08/18/2014,98.1,97.84,98.19,97.72,38.94M,0.77%,94.7812,86.86408
08/15/2014,97.35,97.41,97.58,96.43,55.21M,0.49%,94.6746,86.773
08/14/2014,96.88,96.49,96.9,96.38,25.01M,0.52%,94.5724,86.6836
08/13/2014,96.38,95.76,96.42,95.71,28.00M,1.06%,94.4642,86.5966
08/12/2014,95.37,95.33,95.62,94.88,28.16M,-0.04%,94.3592,86.51172
08/11/2014,95.41,95.2,95.71,95.15,28.28M,0.59%,94.2752,86.43604
08/08/2014,94.85,94.33,94.96,93.92,40.24M,0.72%,94.1922,86.36136
08/07/2014,94.17,94.9,95.09,93.84,33.27M,-0.32%,94.1202,86.2872
08/06/2014,94.47,93.94,95.06,93.87,34.43M,-0.07%,94.0502,86.21504
08/05/2014,94.54,94.89,95.16,94.1,50.33M,-0.77%,93.9798,86.14292
08/04/2014,95.27,94.85,95.64,94.47,33.23M,0.69%,93.8856,86.069
08/01/2014,94.62,94.78,95.29,93.99,60.71M,-0.37%,93.7638,85.99272
07/31/2014,94.97,96.15,96.29,94.83,50.05M,-2.02%,93.6472,85.92088
07/30/2014,96.93,97.08,97.27,96.55,35.35M,0.39%,93.5068,85.84744
07/29/2014,96.55,96.92,97.15,96.47,27.02M,-0.18%,93.3336,85.76444
07/28/2014,96.72,96.75,96.97,95.97,25.60M,0.03%,93.1558,85.67992
07/25/2014,96.69,96.6,96.82,96.18,29.90M,-0.39%,92.9632,85.59416
07/24/2014,97.07,97.35,97.46,96.93,24.71M,-0.11%,92.785,85.50692
07/23/2014,97.18,96.89,97.29,96.72,28.95M,0.64%,92.6084,85.41872
07/22/2014,96.56,96.39,96.71,96.29,25.77M,0.64%,92.4284,85.32848
07/21/2014,95.95,95.87,96.11,95.5,29.75M,-0.12%,92.2322,85.23884
07/18/2014,96.07,95.09,96.12,94.95,36.69M,1.59%,92.0418,85.15068
07/17/2014,94.57,95.58,95.92,94.27,43.11M,-1.33%,91.8506,85.06424
07/16/2014,95.84,96.14,96.25,95.73,22.06M,0.40%,91.6944,84.98292
07/15/2014,95.46,95.93,96.08,94.78,39.48M,-0.34%,91.5356,84.89964
07/14/2014,95.79,95.65,96.0,95.48,19.58M,0.60%,91.3752,84.81864
07/11/2014,95.22,94.82,95.22,94.56,19.57M,0.64%,91.2114,84.73556
07/10/2014,94.61,93.73,95.0,93.58,44.25M,-0.32%,91.0538,84.65516
07/09/2014,94.91,94.46,95.02,94.19,29.93M,0.74%,90.9038,84.57652
07/08/2014,94.21,95.19,95.25,93.82,40.61M,-1.21%,90.734,84.49536
07/07/2014,95.36,95.54,95.66,95.18,23.27M,-0.30%,90.5726,84.4112
07/03/2014,95.65,95.36,95.65,95.1,15.29M,0.63%,90.4162,84.32076
07/02/2014,95.05,94.93,95.19,94.86,18.78M,0.17%,90.2374,84.2274
07/01/2014,94.89,94.16,95.14,94.15,31.86M,1.10%,90.086,84.13616
06/30/2014,93.86,93.66,94.09,93.62,19.76M,0.17%,89.924,84.0434
06/27/2014,93.7,93.16,93.72,93.14,22.88M,0.44%,89.7698,83.9536
06/26/2014,93.29,93.3,93.31,92.57,22.57M,0.05%,89.6184,83.86432
06/25/2014,93.24,92.44,93.4,92.43,32.82M,0.64%,89.4528,83.77492
06/24/2014,92.65,92.74,93.52,92.38,31.95M,-0.10%,89.2826,83.68532
06/23/2014,92.74,92.69,92.77,92.46,20.84M,0.02%,89.111,83.59688
06/20/2014,92.72,92.65,92.82,92.48,25.90M,-0.15%,88.9574,83.50556
06/19/2014,92.86,93.05,93.12,92.44,38.43M,-0.06%,88.8584,83.41232
06/18/2014,92.92,92.5,93.05,91.93,34.51M,0.56%,88.727,83.32128
06/17/2014,92.4,92.29,92.65,92.13,19.98M,0.05%,88.5788,83.23236
06/16/2014,92.35,92.11,92.62,91.91,25.22M,0.09%,88.4572,83.15244
06/13/2014,92.27,92.42,92.5,91.87,39.45M,0.29%,88.3838,83.076
06/12/2014,92.0,92.64,92.74,91.68,35.28M,-0.90%,88.3262,82.99748
06/11/2014,92.84,92.54,92.97,92.45,22.88M,-0.02%,88.2694,82.91724
06/10/2014,92.86,92.62,92.91,92.51,20.64M,0.17%,88.165,82.83556
06/09/2014,92.7,92.8,92.93,92.45,23.40M,-0.08%,88.0478,82.7502
06/06/2014,92.77,92.61,92.77,92.4,22.68M,0.57%,87.9304,82.6688
06/05/2014,92.24,91.56,92.41,91.24,35.58M,0.84%,87.8214,82.59004
06/04/2014,91.47,90.91,91.62,90.76,20.13M,0.37%,87.7458,82.51328
06/03/2014,91.13,90.86,91.28,90.75,21.78M,-0.04%,87.6798,82.43564
06/02/2014,91.17,91.38,91.39,90.59,30.42M,-0.10%,87.6362,82.35796
05/30/2014,91.26,91.28,91.4,90.78,29.92M,0.01%,87.6176,82.28392
05/29/2014,91.25,91.0,91.26,90.81,33.04M,0.64%,87.5922,82.21104
05/28/2014,90.67,90.92,91.05,90.6,30.48M,-0.31%,87.5768,82.13768
05/27/2014,90.95,90.23,90.97,90.15,29.73M,1.25%,87.5514,82.06936
05/23/2014,89.83,89.28,89.85,89.07,22.69M,0.73%,87.5048,81.99836
05/22/2014,89.18,88.89,89.43,88.75,30.62M,0.44%,87.4928,81.93324
05/21/2014,88.79,88.11,88.84,88.06,36.84M,0.96%,87.5194,81.8688
05/20/2014,87.95,88.23,88.55,87.59,33.72M,-0.36%,87.547,81.80608
05/19/2014,88.27,87.42,88.41,87.25,32.02M,0.70%,87.5992,81.7474
05/16/2014,87.66,87.19,87.71,86.59,66.81M,0.65%,87.6434,81.69
05/15/2014,87.09,87.76,87.91,86.53,59.68M,-0.79%,87.7088,81.63472
05/14/2014,87.78,87.98,88.3,87.57,26.48M,-0.52%,87.7872,81.58216
05/13/2014,88.24,88.27,88.56,88.07,30.31M,0.07%,87.8468,81.52404
05/12/2014,88.18,87.26,88.21,87.19,38.95M,1.65%,87.8744,81.4644
05/09/2014,86.75,86.36,86.81,85.8,35.08M,0.37%,87.9166,81.4044
05/08/2014,86.43,86.21,87.48,86.0,46.56M,-0.09%,87.9894,81.3486
05/07/2014,86.51,86.95,87.03,85.49,67.49M,-0.29%,88.057,81.29372
05/06/2014,86.76,87.78,87.81,86.72,33.70M,-1.30%,88.1246,81.23676
05/05/2014,87.9,86.93,87.92,86.71,27.92M,0.53%,88.1892,81.1792
05/02/2014,87.44,87.89,88.06,87.23,40.07M,-0.18%,88.2214,81.11568
05/01/2014,87.6,87.48,88.1,87.26,37.13M,0.30%,88.2652,81.05416
04/30/2014,87.34,86.74,87.43,86.49,38.69M,0.26%,88.2974,80.99088
04/29/2014,87.11,86.7,87.27,86.26,36.74M,0.80%,88.3472,80.92532
04/28/2014,86.42,86.53,87.06,85.07,58.62M,0.33%,88.3928,80.85712
04/25/2014,86.14,87.03,87.12,85.93,44.34M,-1.60%,88.4486,80.793
04/24/2014,87.54,88.15,88.16,86.6,48.93M,0.96%,88.497,80.72796
04/23/2014,86.71,87.5,87.51,86.66,34.38M,-0.88%,88.514,80.6548
04/22/2014,87.48,87.05,87.7,86.94,38.59M,0.80%,88.5276,80.5858
04/21/2014,86.79,86.36,86.79,85.95,25.95M,0.74%,88.5158,80.51228
04/17/2014,86.15,85.84,86.58,85.59,53.72M,0.02%,88.4874,80.44164
04/16/2014,86.13,85.78,86.13,85.05,46.97M,1.32%,88.4504,80.37092
04/15/2014,85.01,85.02,85.5,83.24,84.63M,0.33%,88.418,80.29748
04/14/2014,84.73,84.81,85.18,83.95,46.50M,0.79%,88.3958,80.22488
04/11/2014,84.07,84.3,85.4,83.87,93.66M,-1.16%,88.4186,80.15716
04/10/2014,85.06,87.82,87.83,84.82,73.66M,-3.09%,88.4592,80.09748
04/09/2014,87.77,86.62,87.82,86.38,45.69M,1.72%,88.4486,80.0302
04/08/2014,86.29,85.61,86.41,85.31,51.50M,0.91%,88.4022,79.95756
04/07/2014,85.51,85.79,86.58,84.91,84.00M,-0.94%,88.3864,79.89104
04/04/2014,86.32,89.24,89.36,86.09,131.21M,-2.66%,88.403,79.82776
04/03/2014,88.68,89.5,89.63,88.17,30.32M,-0.79%,88.438,79.75592
04/02/2014,89.39,89.54,89.63,88.99,34.63M,0.26%,88.4318,79.6728
04/01/2014,89.16,88.05,89.22,87.66,38.68M,1.76%,88.4068,79.5854
03/31/2014,87.62,87.68,88.21,87.57,33.92M,0.71%,88.373,79.5012
03/28/2014,87.0,87.1,87.96,86.76,39.90M,0.20%,88.38,79.42308
03/27/2014,86.83,87.22,87.59,86.35,64.78M,-0.56%,88.3992,79.34996
03/26/2014,87.32,88.91,89.1,87.31,40.93M,-1.29%,88.4074,79.27536
03/25/2014,88.46,88.64,89.2,87.72,41.72M,0.33%,88.3732,79.20068
03/24/2014,88.17,89.27,89.34,87.36,77.74M,-0.88%,88.3418,79.12076
03/21/2014,88.95,90.56,90.6,88.78,62.81M,-1.43%,88.3106,79.04164
03/20/2014,90.24,89.73,90.51,89.53,31.63M,0.28%,88.2696,78.95792
03/19/2014,89.99,90.51,90.61,89.4,40.87M,-0.54%,88.199,78.87004
03/18/2014,90.48,89.5,90.59,89.48,31.25M,1.21%,88.1176,78.78052
03/17/2014,89.4,89.19,89.86,89.14,28.48M,0.88%,88.0328,78.69216
03/14/2014,88.62,88.94,89.33,88.58,38.74M,-0.68%,87.982,78.6062
03/13/2014,89.23,90.85,90.88,88.82,48.54M,-1.41%,87.9606,78.52388
03/12/2014,90.51,89.77,90.56,89.43,28.00M,0.38%,87.9156,78.43972
03/11/2014,90.17,90.78,91.01,89.9,27.51M,-0.43%,87.8476,78.35184
03/10/2014,90.56,90.43,90.61,89.98,18.14M,0.09%,87.7908,78.2644
03/07/2014,90.48,91.22,91.31,90.02,31.17M,-0.49%,87.7204,78.17576
03/06/2014,90.93,91.2,91.29,90.6,24.09M,-0.09%,87.6508,78.08844
03/05/2014,91.01,90.92,91.17,90.72,27.22M,0.28%,87.5542,77.99852
03/04/2014,90.76,90.58,90.93,90.51,33.21M,1.27%,87.444,77.90796
03/03/2014,89.62,89.43,89.86,88.82,38.95M,-0.74%,87.3436,77.81768
02/28/2014,90.29,90.36,90.91,89.49,48.62M,-0.11%,87.2462,77.73264
02/27/2014,90.39,89.82,90.48,89.68,28.75M,0.65%,87.1388,77.64092
02/26/2014,89.81,90.15,90.42,89.45,42.97M,-0.09%,87.02,77.54764
02/25/2014,89.89,90.1,90.3,89.6,27.46M,-0.11%,86.915,77.45556
02/24/2014,89.99,89.68,90.4,89.62,31.52M,0.54%,86.8128,77.36372
02/21/2014,89.51,89.91,90.04,89.4,31.22M,-0.13%,86.7308,77.26876
02/20/2014,89.63,89.28,89.8,88.89,41.83M,0.47%,86.6596,77.17472
02/19/2014,89.21,89.65,89.86,89.03,41.78M,-0.69%,86.579,77.08352
02/18/2014,89.83,89.51,90.0,89.32,29.61M,0.49%,86.4944,76.99132
02/14/2014,89.39,89.14,89.59,88.91,34.09M,0.20%,86.3996,76.89952
02/13/2014,89.21,87.9,89.28,87.89,40.49M,0.73%,86.312,76.81364
02/12/2014,88.56,88.56,88.75,88.29,32.53M,0.19%,86.2294,76.72652
02/11/2014,88.39,87.53,88.56,87.48,38.68M,1.14%,86.1648,76.6428
02/10/2014,87.39,86.82,87.43,86.8,30.23M,0.58%,86.0934,76.55984
02/07/2014,86.89,85.87,86.95,85.6,38.47M,1.78%,86.0304,76.47992
02/06/2014,85.37,84.54,85.48,84.52,32.34M,1.27%,85.9686,76.40312
02/05/2014,84.3,84.25,84.59,83.35,41.97M,-0.25%,85.9332,76.33232
02/04/2014,84.51,84.31,84.85,84.07,37.80M,0.73%,85.9102,76.26308
02/03/2014,83.9,85.74,86.1,83.68,65.62M,-2.29%,85.8662,76.19276
01/31/2014,85.87,85.14,86.28,85.05,45.20M,-0.27%,85.8384,76.12576
01/30/2014,86.1,85.59,86.4,85.48,66.86M,1.86%,85.776,76.04696
01/29/2014,84.53,84.7,85.34,84.37,52.06M,-1.08%,85.7254,75.97192
01/28/2014,85.45,85.02,85.54,84.91,44.44M,-0.06%,85.703,75.90004
01/27/2014,85.5,86.37,86.49,84.85,63.68M,-0.97%,85.657,75.82508
01/24/2014,86.34,87.65,87.77,86.31,64.33M,-1.96%,85.5902,75.75048
01/23/2014,88.07,88.09,88.11,87.45,35.08M,-0.34%,85.504,75.67248
01/22/2014,88.37,88.34,88.59,88.11,29.43M,0.26%,85.3858,75.58696
01/21/2014,88.14,88.02,88.18,87.4,26.43M,0.77%,85.2396,75.49888
01/17/2014,87.47,87.71,87.96,87.26,36.91M,-0.57%,85.129,75.41544
01/16/2014,87.97,87.87,88.1,87.75,34.26M,0.01%,85.0322,75.33304
01/15/2014,87.96,87.59,88.13,87.53,39.86M,0.83%,84.9236,75.2482
01/14/2014,87.24,85.9,87.31,85.9,37.19M,1.90%,84.8128,75.164
01/13/2014,85.61,86.77,87.07,85.28,48.86M,-1.47%,84.716,75.0814
01/10/2014,86.89,86.83,86.99,86.18,38.01M,0.32%,84.6556,75.00424
01/09/2014,86.61,87.21,87.23,86.32,23.70M,-0.33%,84.5712,74.92328
01/08/2014,86.9,86.7,87.14,86.54,27.21M,0.22%,84.4896,74.84464
01/07/2014,86.71,86.3,86.84,86.16,25.91M,0.92%,84.4018,74.76448
01/06/2014,85.92,86.25,86.36,85.6,32.09M,-0.37%,84.3062,74.68348
01/03/2014,86.24,86.86,86.94,86.22,35.73M,-0.71%,84.2192,74.60464
01/02/2014,86.86,87.14,87.17,86.61,29.19M,-0.79%,84.1358,74.52504
12/31/2013,87.55,87.13,87.55,87.11,24.90M,0.66%,84.0376,74.44288
12/30/2013,86.98,86.99,87.1,86.73,18.99M,-0.15%,83.922,74.35884
12/27/2013,87.11,87.42,87.49,87.0,15.83M,-0.25%,83.7916,74.27848
12/26/2013,87.33,87.19,87.4,87.03,15.24M,0.33%,83.6496,74.18936
12/24/2013,87.04,87.02,87.1,86.86,13.85M,0.05%,83.4852,74.09396
12/23/2013,87.0,86.78,87.0,86.55,28.18M,1.05%,83.3328,74.0022
12/20/2013,86.1,85.35,86.28,85.33,40.48M,0.70%,83.17,73.911
12/19/2013,85.5,85.59,85.61,85.12,46.49M,-0.28%,83.0128,73.82568
12/18/2013,85.74,84.82,85.82,83.66,68.39M,1.17%,82.8352,73.74328
12/17/2013,84.75,84.92,85.13,84.59,24.45M,-0.20%,82.6576,73.66412
12/16/2013,84.92,84.87,85.41,84.81,24.91M,0.56%,82.53,73.58892
12/13/2013,84.45,84.96,85.0,84.31,34.08M,-0.13%,82.4122,73.5142
12/12/2013,84.56,84.84,85.02,84.5,33.66M,-0.26%,82.2902,73.43736
12/11/2013,84.78,85.87,86.0,84.66,36.83M,-1.29%,82.1846,73.35668
12/10/2013,85.89,85.79,86.05,85.72,26.97M,-0.07%,82.0752,73.2776
12/09/2013,85.95,85.95,86.13,85.8,22.60M,0.41%,81.9276,73.19612
12/06/2013,85.6,85.7,85.78,85.19,36.84M,0.73%,81.7826,73.11496
12/05/2013,84.98,85.17,85.26,84.77,39.83M,-0.13%,81.6466,73.03184
12/04/2013,85.09,84.66,85.37,84.39,37.19M,0.09%,81.5108,72.95044
12/03/2013,85.01,85.02,85.24,84.68,37.15M,-0.08%,81.3782,72.87016
12/02/2013,85.08,85.43,85.56,84.95,26.35M,-0.29%,81.2472,72.78852
11/29/2013,85.33,85.14,85.44,85.08,16.71M,0.60%,81.118,72.70948
11/27/2013,84.82,84.4,84.84,84.34,21.64M,0.69%,80.994,72.6296
11/26/2013,84.24,83.83,84.44,83.63,26.63M,0.53%,80.8764,72.55228
11/25/2013,83.8,83.9,83.99,83.59,21.70M,0.24%,80.7516,72.47772
11/22/2013,83.6,83.3,83.63,83.23,25.36M,0.54%,80.6254,72.40336
11/21/2013,83.15,82.64,83.22,82.59,28.13M,1.02%,80.5074,72.3276
11/20/2013,82.31,82.75,83.04,82.07,32.18M,-0.24%,80.3974,72.25452
11/19/2013,82.51,82.7,83.1,82.37,25.55M,-0.29%,80.3052,72.18368
11/18/2013,82.75,83.55,83.71,82.59,31.68M,-0.98%,80.212,72.10816
11/15/2013,83.57,83.44,83.57,83.22,20.52M,0.19%,80.1064,72.03116
11/14/2013,83.41,82.9,83.47,82.75,31.10M,0.31%,79.9664,71.9508
11/13/2013,83.15,81.63,83.16,81.62,31.35M,1.20%,79.8278,71.8652
11/12/2013,82.16,81.78,82.27,81.74,20.11M,0.16%,79.6918,71.77956
11/11/2013,82.03,82.01,82.26,81.76,24.82M,-0.16%,79.5596,71.69872
11/08/2013,82.16,81.35,82.18,81.13,31.48M,1.36%,79.4214,71.62136
11/07/2013,81.06,82.6,82.74,80.99,52.17M,-1.88%,79.2904,71.5452
11/06/2013,82.61,82.96,83.01,82.34,25.58M,-0.02%,79.1708,71.47348
11/05/2013,82.63,82.21,82.83,81.99,27.98M,0.11%,79.0144,71.39452
11/04/2013,82.54,82.66,82.68,82.26,16.84M,0.15%,78.8888,71.31948
11/01/2013,82.42,82.65,82.78,82.02,30.87M,0.02%,78.7642,71.25096
10/31/2013,82.4,82.38,82.91,82.1,31.31M,-0.23%,78.632,71.18244
10/30/2013,82.59,82.97,83.1,82.2,33.54M,-0.10%,78.4854,71.11232
10/29/2013,82.67,82.77,82.87,82.31,36.88M,0.17%,78.3402,71.04424
10/28/2013,82.53,82.51,82.66,82.17,28.62M,0.02%,78.1868,70.97216
10/25/2013,82.51,82.71,82.89,82.12,35.83M,0.71%,78.0388,70.90224
10/24/2013,81.93,81.61,82.1,81.5,23.16M,0.44%,77.8918,70.83164
10/23/2013,81.57,81.66,81.82,81.17,38.02M,-0.61%,77.7822,70.76336
10/22/2013,82.07,82.24,82.51,81.55,43.94M,0.15%,77.6856,70.69744
10/21/2013,81.95,81.93,82.16,81.69,31.18M,0.22%,77.5704,70.632
10/18/2013,81.77,81.18,81.8,80.97,39.63M,1.63%,77.454,70.56568
10/17/2013,80.46,79.63,80.49,79.58,32.19M,0.56%,77.3474,70.50652
10/16/2013,80.01,79.46,80.05,79.42,46.74M,1.14%,77.2594,70.45572
10/15/2013,79.11,79.36,79.74,79.01,38.68M,-0.39%,77.1832,70.40688
10/14/2013,79.42,78.37,79.42,78.31,31.47M,0.71%,77.1342,70.35788
10/11/2013,78.86,78.04,78.92,78.03,25.21M,0.79%,77.078,70.30568
10/10/2013,78.24,77.44,78.42,77.43,48.06M,2.11%,77.0244,70.25584
10/09/2013,76.62,77.04,77.08,75.99,64.53M,-0.31%,76.968,70.20932
10/08/2013,76.86,78.39,78.44,76.83,43.66M,-1.93%,76.9412,70.17064
10/07/2013,78.37,78.35,78.98,78.3,20.23M,-0.84%,76.9016,70.13532
10/04/2013,79.03,78.35,79.14,78.28,22.85M,0.87%,76.8346,70.09648
10/03/2013,78.35,79.18,79.35,77.94,43.00M,-1.17%,76.7464,70.05648
10/02/2013,79.28,78.76,79.39,78.69,25.50M,-0.04%,76.6624,70.01824
10/01/2013,79.31,78.5,79.35,78.48,33.13M,1.02%,76.555,69.97452
09/30/2013,78.51,77.91,78.72,77.64,28.03M,-0.24%,76.458,69.92988
09/27/2013,78.7,78.37,78.84,78.22,25.15M,-0.13%,76.3726,69.88884
09/26/2013,78.8,78.5,78.99,78.48,22.42M,0.78%,76.299,69.84932
09/25/2013,78.19,78.51,78.63,78.03,22.75M,-0.34%,76.2272,69.80564
09/24/2013,78.46,78.63,78.88,78.2,21.88M,0.00%,76.1638,69.76664
09/23/2013,78.46,78.97,79.04,78.09,30.32M,-0.20%,76.097,69.73044
09/20/2013,78.62,79.1,79.17,78.58,26.33M,-0.64%,76.0268,69.69588
09/19/2013,79.13,79.17,79.31,78.99,26.44M,0.24%,75.9468,69.6614
09/18/2013,78.94,78.12,79.1,77.97,31.71M,1.21%,75.8276,69.62516
09/17/2013,78.0,77.63,78.1,77.62,27.18M,0.66%,75.7038,69.58916
09/16/2013,77.49,78.32,78.35,77.31,25.91M,-0.27%,75.59,69.55668
09/13/2013,77.7,77.75,77.78,77.28,16.93M,0.06%,75.485,69.52612
09/12/2013,77.65,77.7,77.89,77.49,18.33M,-0.06%,75.365,69.49228
09/11/2013,77.7,77.33,77.75,77.23,28.14M,-0.19%,75.2402,69.45492
09/10/2013,77.85,77.91,77.96,77.56,27.62M,0.49%,75.1138,69.41656
09/09/2013,77.47,76.87,77.6,76.87,25.16M,1.18%,74.9756,69.37804
09/06/2013,76.57,76.73,76.98,75.7,27.72M,0.12%,74.843,69.3446
09/05/2013,76.48,76.39,76.7,76.37,17.82M,0.17%,74.7224,69.31516
09/04/2013,76.35,75.79,76.48,75.58,27.14M,1.06%,74.591,69.28004
09/03/2013,75.55,75.75,76.08,75.19,27.24M,0.57%,74.4522,69.24572
08/30/2013,75.12,75.69,75.69,74.85,26.23M,-0.65%,74.3432,69.21488
08/29/2013,75.61,75.05,75.98,74.95,27.29M,0.71%,74.2546,69.18396
08/28/2013,75.08,74.73,75.4,74.7,20.49M,0.39%,74.1908,69.15384
08/27/2013,74.79,75.47,75.83,74.61,40.07M,-2.04%,74.154,69.12584
08/26/2013,76.35,76.36,76.92,76.19,27.53M,0.05%,74.111,69.099
08/23/2013,76.31,76.37,76.41,76.04,20.70M,0.66%,74.0228,69.06548
08/22/2013,75.81,75.38,75.86,75.36,17.27M,0.99%,73.945,69.03044
08/21/2013,75.07,75.11,75.74,74.79,30.71M,-0.35%,73.8592,68.99964
08/20/2013,75.33,75.14,75.68,75.08,18.84M,0.44%,73.8048,68.97068
08/19/2013,75.0,75.15,75.78,74.98,29.59M,-0.17%,73.7598,68.94176
08/16/2013,75.13,75.19,75.52,75.0,23.82M,-0.04%,73.7208,68.91376
08/15/2013,75.16,75.63,75.64,74.94,39.41M,-1.69%,73.6594,68.88404
08/14/2013,76.45,76.71,76.82,76.34,29.92M,-0.38%,73.5904,68.85104
08/13/2013,76.74,76.41,76.91,75.86,23.92M,0.56%,73.5146,68.8122
08/12/2013,76.31,75.85,76.45,75.84,20.52M,0.24%,73.4406,68.77208
08/09/2013,76.13,76.34,76.58,75.91,18.57M,-0.41%,73.3726,68.73304
08/08/2013,76.44,76.48,76.62,75.94,19.99M,0.50%,73.3218,68.69456
08/07/2013,76.06,76.0,76.21,75.52,20.28M,-0.18%,73.257,68.65404
08/06/2013,76.2,76.56,76.63,75.89,23.68M,-0.60%,73.2068,68.61516
08/05/2013,76.66,76.53,76.72,76.42,15.46M,0.07%,73.1442,68.57352
08/02/2013,76.61,76.2,76.63,76.02,18.11M,0.56%,73.0732,68.52804
08/01/2013,76.18,75.94,76.29,75.86,16.88M,1.01%,73.0066,68.47792
07/31/2013,75.42,75.42,75.85,75.28,25.01M,0.19%,72.9614,68.43044
07/30/2013,75.28,75.15,75.6,75.0,24.10M,0.53%,72.9298,68.38676
07/29/2013,74.88,74.87,75.19,74.68,20.97M,-0.19%,72.9032,68.34372
07/26/2013,75.02,74.32,75.03,74.2,20.89M,0.54%,72.8706,68.30248
07/25/2013,74.62,74.54,74.71,74.11,23.17M,0.63%,72.8368,68.25468
07/24/2013,74.15,74.64,74.67,73.98,24.43M,0.32%,72.808,68.2052
07/23/2013,73.91,74.6,74.61,73.85,24.75M,-0.74%,72.781,68.15928
07/22/2013,74.46,74.52,74.63,74.23,21.14M,0.30%,72.757,68.11628
07/19/2013,74.24,74.37,74.39,74.02,37.73M,-1.04%,72.7132,68.0742
07/18/2013,75.02,75.19,75.39,74.9,36.28M,-0.25%,72.6758,68.03644
07/17/2013,75.21,75.25,75.39,75.0,24.63M,0.25%,72.6158,67.99272
07/16/2013,75.02,75.19,75.24,74.83,31.75M,-0.13%,72.5528,67.9448
07/15/2013,75.12,75.01,75.17,74.82,19.79M,0.23%,72.488,67.89636
07/12/2013,74.95,74.67,75.0,74.47,31.42M,0.44%,72.4046,67.8482
07/11/2013,74.62,73.94,74.68,73.9,47.78M,1.98%,72.3068,67.79696
07/10/2013,73.17,72.66,73.28,72.64,25.60M,0.58%,72.2222,67.7494
07/09/2013,72.75,72.64,72.91,72.31,26.12M,0.61%,72.1564,67.709
07/08/2013,72.31,72.6,72.65,72.04,20.56M,0.10%,72.0864,67.6728
07/05/2013,72.24,72.11,72.27,71.53,28.80M,0.75%,72.0294,67.63884
07/03/2013,71.7,71.15,72.03,71.09,18.85M,0.41%,71.9666,67.6084
07/02/2013,71.41,71.35,71.84,71.02,23.07M,0.04%,71.9152,67.57996
07/01/2013,71.38,71.43,71.96,71.31,24.95M,0.62%,71.8564,67.55052
06/28/2013,70.94,70.59,71.36,70.46,28.30M,0.14%,71.7842,67.52044
06/27/2013,70.84,70.89,71.29,70.8,23.55M,0.43%,71.7026,67.48432
06/26/2013,70.54,70.49,70.67,70.26,23.75M,0.90%,71.6418,67.4514
06/25/2013,69.91,70.08,70.19,69.48,28.90M,0.72%,71.614,67.41816
06/24/2013,69.41,69.51,69.94,68.83,41.49M,-0.98%,71.5806,67.38588
06/21/2013,70.1,70.45,70.64,69.51,51.57M,-0.83%,71.5846,67.36044
06/20/2013,70.69,71.59,71.82,70.46,60.91M,-2.39%,71.5758,67.32964
06/19/2013,72.42,73.23,73.34,72.34,43.15M,-1.12%,71.5558,67.30284
06/18/2013,73.24,72.73,73.38,72.72,24.86M,0.83%,71.4746,67.26892
06/17/2013,72.64,72.54,73.06,72.26,32.44M,0.97%,71.3678,67.22908
06/14/2013,71.94,72.42,72.5,71.83,27.70M,-0.66%,71.2658,67.18932
06/13/2013,72.42,71.43,72.58,71.22,28.23M,1.26%,71.1892,67.14984
06/12/2013,71.52,72.78,72.8,71.41,42.08M,-1.15%,71.1026,67.10752
06/11/2013,72.35,72.33,73.0,72.1,40.28M,-1.00%,71.0466,67.07052
06/10/2013,73.08,73.21,73.42,72.92,25.39M,0.04%,70.9632,67.0272
06/07/2013,73.05,72.39,73.13,72.18,31.97M,1.37%,70.8746,66.9852
06/06/2013,72.06,71.81,72.07,71.14,62.52M,0.49%,70.7832,66.94092
06/05/2013,71.71,72.43,72.7,71.65,48.65M,-1.31%,70.7098,66.9016
06/04/2013,72.66,73.18,73.48,72.36,35.26M,-0.52%,70.636,66.85812
06/03/2013,73.04,72.97,73.06,72.09,47.61M,0.18%,70.5482,66.80984
05/31/2013,72.91,73.31,73.86,72.83,38.35M,-0.92%,70.4396,66.7582
05/30/2013,73.59,73.23,73.93,73.21,32.39M,0.53%,70.3492,66.71364
05/29/2013,73.2,73.25,73.46,72.78,32.10M,-0.48%,70.2356,66.66744
05/28/2013,73.55,73.9,74.19,73.32,27.07M,0.66%,70.1324,66.62492
05/24/2013,73.07,72.62,73.09,72.42,26.44M,-0.05%,70.0252,66.57784
05/23/2013,73.11,72.61,73.36,72.49,48.23M,-0.23%,69.9346,66.533
05/22/2013,73.28,74.01,74.6,72.9,59.84M,-0.87%,69.8386,66.48964
05/21/2013,73.92,73.83,74.19,73.55,25.90M,0.11%,69.741,66.44512
05/20/2013,73.84,73.74,74.08,73.55,25.14M,-0.15%,69.6356,66.39832
05/17/2013,73.95,73.61,73.98,73.39,31.12M,0.96%,69.5278,66.34508
05/16/2013,73.25,73.43,73.75,73.21,27.25M,-0.11%,69.4162,66.29456
05/15/2013,73.33,73.04,73.4,72.86,27.21M,0.20%,69.315,66.25216
05/14/2013,73.18,72.79,73.4,72.79,36.02M,0.52%,69.2156,66.21112
05/13/2013,72.8,72.59,72.98,72.52,29.73M,0.12%,69.0992,66.17152
05/10/2013,72.71,72.39,72.74,72.29,20.66M,0.61%,68.9846,66.13584
05/09/2013,72.27,72.21,72.76,72.13,29.34M,-0.14%,68.8662,66.10056
05/08/2013,72.37,71.97,72.43,71.86,24.26M,0.49%,68.7594,66.06756
05/07/2013,72.02,72.16,72.23,71.75,25.84M,-0.06%,68.637,66.03496
05/06/2013,72.06,71.91,72.17,71.85,19.24M,0.39%,68.5166,66.00472
05/03/2013,71.78,71.6,72.0,71.58,34.06M,1.17%,68.412,65.97408
05/02/2013,70.95,70.18,71.1,70.12,31.74M,1.27%,68.2996,65.95112
05/01/2013,70.06,70.38,70.52,69.92,28.54M,-0.47%,68.2182,65.93432
04/30/2013,70.39,69.96,70.4,69.71,30.15M,0.73%,68.1754,65.92032
04/29/2013,69.88,69.45,70.15,69.44,31.66M,0.91%,68.1162,65.90456
04/26/2013,69.25,69.3,69.45,68.95,24.08M,-0.30%,68.0712,65.89276
04/25/2013,69.46,69.31,69.72,69.27,26.44M,0.52%,68.0392,65.88188
04/24/2013,69.1,68.94,69.35,68.8,44.50M,-0.04%,67.9982,65.8686
04/23/2013,69.13,68.88,69.38,68.5,53.08M,0.96%,67.97,65.84992
04/22/2013,68.47,68.01,68.72,67.76,34.41M,1.03%,67.9408,65.83252
04/19/2013,67.77,67.0,67.91,66.89,43.07M,1.36%,67.9112,65.82012
04/18/2013,66.86,68.01,68.01,66.57,56.80M,-1.39%,67.8944,65.81124
04/17/2013,67.8,68.52,68.57,67.39,60.20M,-1.95%,67.9002,65.809
04/16/2013,69.15,68.67,69.23,68.49,27.68M,1.33%,67.8676,65.80368
04/15/2013,68.24,69.36,69.46,68.16,48.80M,-1.97%,67.8314,65.78768
04/12/2013,69.61,69.52,69.66,69.09,32.79M,-0.07%,67.7978,65.77824
04/11/2013,69.66,69.51,69.82,69.45,37.24M,-0.04%,67.7398,65.76736
04/10/2013,69.69,68.57,69.84,68.56,55.27M,1.95%,67.6836,65.75328
04/09/2013,68.36,68.1,68.64,67.77,30.93M,0.68%,67.6266,65.7378
04/08/2013,67.9,67.56,67.92,67.37,17.90M,0.53%,67.5932,65.73196
04/05/2013,67.54,67.04,67.64,66.88,55.61M,-0.84%,67.5622,65.72996
04/04/2013,68.11,68.09,68.28,67.74,32.29M,0.03%,67.557,65.72776
04/03/2013,68.09,68.76,68.86,67.92,35.13M,-0.92%,67.5322,65.72696
04/02/2013,68.72,68.49,68.95,68.45,29.43M,0.79%,67.5056,65.72632
04/01/2013,68.18,68.69,68.77,67.99,28.12M,-0.68%,67.4694,65.7204
03/28/2013,68.65,68.49,68.74,68.32,23.67M,0.25%,67.4376,65.71712
03/27/2013,68.48,67.93,68.53,67.82,22.54M,0.13%,67.391,65.713
03/26/2013,68.39,68.28,68.41,68.13,19.73M,0.54%,67.3544,65.71064
03/25/2013,68.02,68.49,68.64,67.69,24.91M,-0.37%,67.3256,65.70824
03/22/2013,68.27,67.89,68.32,67.81,28.84M,0.98%,67.3024,65.70268
03/21/2013,67.61,67.77,67.93,67.45,30.05M,-1.14%,67.2662,65.69628
03/20/2013,68.39,68.42,68.54,68.07,28.04M,0.71%,67.2382,65.69308
03/19/2013,67.91,68.22,68.38,67.31,33.13M,-0.19%,67.1972,65.68672
03/18/2013,68.04,67.57,68.32,67.41,36.16M,-0.22%,67.1654,65.6818
03/15/2013,68.19,68.43,68.47,68.02,30.74M,-0.51%,67.1354,65.67448
03/14/2013,68.54,68.55,68.69,68.39,31.54M,0.34%,67.1094,65.6672
03/13/2013,68.31,68.48,68.57,68.07,34.30M,-0.13%,67.0352,65.65776
03/12/2013,68.4,68.47,68.61,68.07,27.58M,-0.36%,66.9386,65.64832
03/11/2013,68.65,68.36,68.67,68.15,23.19M,0.29%,66.8526,65.63372
03/08/2013,68.45,68.61,68.7,68.18,26.16M,0.12%,66.7636,65.618
03/07/2013,68.37,68.25,68.48,68.13,21.78M,0.26%,66.69,65.602
03/06/2013,68.19,68.57,68.59,68.1,29.07M,-0.25%,66.6206,65.58356
03/05/2013,68.36,67.78,68.45,67.76,35.59M,1.48%,66.5758,65.56388
03/04/2013,67.36,66.88,67.37,66.76,19.38M,0.43%,66.5276,65.54604
03/01/2013,67.07,66.55,67.19,66.23,31.62M,0.42%,66.5052,65.53488
02/28/2013,66.79,66.93,67.42,66.78,28.56M,-0.21%,66.4686,65.52508
02/27/2013,66.93,66.26,67.33,66.16,36.34M,1.03%,66.4206,65.51436
02/26/2013,66.25,66.11,66.37,65.65,42.09M,0.38%,66.3822,65.50424
02/25/2013,66.0,67.29,67.49,65.94,40.93M,-1.24%,66.3676,65.49424
02/22/2013,66.83,66.53,66.84,66.28,21.97M,1.01%,66.3608,65.48488
02/21/2013,66.16,66.65,66.7,65.92,45.86M,-1.08%,66.3206,65.47132
02/20/2013,66.88,67.92,67.93,66.87,38.20M,-1.53%,66.29,65.4588
02/19/2013,67.92,67.57,67.94,67.54,23.43M,0.73%,66.2528,65.44452
02/15/2013,67.43,67.63,67.79,67.25,25.33M,-0.30%,66.1864,65.42536
02/14/2013,67.63,67.32,67.73,67.31,24.48M,-0.03%,66.1442,65.40896
02/13/2013,67.65,67.61,67.91,67.45,23.50M,0.36%,66.0988,65.38836
02/12/2013,67.41,67.6,67.73,67.34,22.06M,-0.41%,66.0556,65.36944
02/11/2013,67.69,67.7,67.74,67.46,17.65M,0.03%,66.0194,65.35084
02/08/2013,67.67,67.32,67.81,67.31,39.85M,1.02%,65.9698,65.3288
02/07/2013,66.99,67.02,67.06,66.25,46.01M,0.09%,65.9096,65.3086
02/06/2013,66.93,66.91,67.24,66.73,43.60M,-0.33%,65.8674,65.28932
02/05/2013,67.15,66.45,67.35,66.3,35.13M,1.48%,65.8208,65.26896
02/04/2013,66.17,66.94,67.15,66.15,48.48M,-1.74%,65.7504,65.2472
02/01/2013,67.34,67.03,67.46,66.76,53.12M,1.17%,65.697,65.22956
01/31/2013,66.56,66.68,67.04,66.5,34.87M,-0.22%,65.6198,65.20388
01/30/2013,66.71,66.97,67.17,66.56,34.44M,-0.21%,65.5288,65.1806
01/29/2013,66.85,66.75,67.0,66.32,35.55M,0.01%,65.4294,65.15476
01/28/2013,66.84,66.7,67.07,66.62,32.93M,0.22%,65.3314,65.12804
01/25/2013,66.69,66.58,66.88,66.43,39.25M,0.51%,65.2484,65.10116
01/24/2013,66.35,66.38,66.97,66.25,42.60M,-1.38%,65.177,65.07416
01/23/2013,67.28,67.25,67.47,67.15,31.98M,0.61%,65.1126,65.04936
01/22/2013,66.87,66.84,66.92,66.42,32.12M,0.16%,65.0244,65.01784
01/18/2013,66.76,66.7,66.83,66.46,31.99M,-0.22%,64.9644,64.9884
01/17/2013,66.91,66.87,67.17,66.75,32.03M,0.48%,64.9374,64.95932
01/16/2013,66.59,66.44,66.82,66.29,33.83M,0.41%,64.905,64.93
01/15/2013,66.32,66.32,66.42,66.02,31.68M,-0.50%,64.8706,64.90048
01/14/2013,66.65,66.59,66.84,66.36,36.78M,-0.45%,64.8556,64.86896
01/11/2013,66.95,66.83,66.98,66.69,21.16M,0.13%,64.8156,64.834
01/10/2013,66.86,66.9,66.96,66.24,37.53M,0.60%,64.7776,64.79868
01/09/2013,66.46,66.31,66.64,66.24,25.61M,0.38%,64.7376,64.7628
01/08/2013,66.21,66.33,66.5,65.86,28.74M,-0.20%,64.7056,64.72804
01/07/2013,66.34,66.15,66.45,65.94,26.77M,0.03%,64.6832,64.6926
01/04/2013,66.32,66.56,66.57,66.16,33.97M,-0.33%,64.6706,64.6574
01/03/2013,66.54,66.89,67.03,66.34,47.37M,-0.52%,64.6516,64.62148
01/02/2013,66.89,66.38,66.92,66.17,70.70M,3.18%,64.6604,64.5828
12/31/2012,64.83,63.38,64.95,63.28,57.55M,2.13%,64.6778,64.54176
12/28/2012,63.48,63.63,64.13,63.45,33.08M,-0.97%,64.7372,64.50472
12/27/2012,64.1,64.26,64.34,63.3,52.94M,-0.16%,64.8048,64.47372
12/26/2012,64.2,64.78,64.88,63.99,21.76M,-0.88%,64.8502,64.43864
12/24/2012,64.77,64.76,64.84,64.62,11.42M,-0.20%,64.8942,64.40576
12/21/2012,64.9,64.59,64.98,64.3,51.14M,-1.59%,64.931,64.36996
12/20/2012,65.95,66.07,66.1,65.62,40.75M,0.00%,64.972,64.33172
12/19/2012,65.95,66.41,66.45,65.91,34.83M,-0.44%,65.0136,64.2874
12/18/2012,66.24,65.54,66.34,65.39,55.60M,1.53%,65.0678,64.24628
12/17/2012,65.24,64.43,65.26,64.36,42.30M,1.32%,65.1236,64.1976
12/14/2012,64.39,64.6,64.78,64.17,39.63M,-0.95%,65.1946,64.15504
12/13/2012,65.01,65.4,65.85,64.73,45.47M,-0.78%,65.2738,64.11544
12/12/2012,65.52,65.98,66.01,65.34,45.92M,-0.21%,65.3366,64.07392
12/11/2012,65.66,65.27,66.03,65.21,40.75M,1.30%,65.3912,64.03384
12/10/2012,64.82,64.45,65.15,64.45,33.22M,0.29%,65.4544,63.99568
12/07/2012,64.63,65.34,65.4,64.41,30.09M,-0.60%,65.5156,63.9634
12/06/2012,65.02,64.41,65.18,64.23,47.52M,0.65%,65.5918,63.92832
12/05/2012,64.6,65.22,65.23,64.25,54.08M,-1.10%,65.6796,63.89548
12/04/2012,65.32,65.38,65.46,64.9,49.67M,-0.06%,65.784,63.86432
12/03/2012,65.36,66.01,66.06,65.33,28.24M,-0.20%,65.8776,63.83092
11/30/2012,65.49,65.61,65.66,65.3,33.50M,-0.17%,65.9718,63.79492
11/29/2012,65.6,65.51,65.83,65.27,41.14M,0.60%,66.0608,63.75904
11/28/2012,65.21,64.36,65.26,63.95,37.30M,0.85%,66.1464,63.72116
11/27/2012,64.66,64.86,65.1,64.55,25.83M,-0.34%,66.2392,63.67684
11/26/2012,64.88,64.47,64.92,64.24,26.43M,0.43%,66.3308,63.63608
11/23/2012,64.6,64.02,64.62,63.95,16.46M,1.52%,66.3994,63.58708
11/21/2012,63.63,63.53,63.72,63.3,19.62M,0.20%,66.4696,63.54084
11/20/2012,63.5,63.47,63.59,62.9,52.01M,0.03%,66.5614,63.5034
11/19/2012,63.48,62.68,63.53,62.67,55.31M,2.37%,66.6736,63.46576
11/16/2012,62.01,61.79,62.19,61.02,70.87M,0.44%,66.7882,63.4324
11/15/2012,61.74,62.0,62.2,61.51,55.12M,-0.34%,66.902,63.40664
11/14/2012,61.95,62.98,63.06,61.85,82.66M,-1.18%,67.0226,63.38728
11/13/2012,62.69,62.63,63.28,62.49,43.29M,-0.68%,67.1404,63.37092
11/12/2012,63.12,63.49,63.57,62.96,32.66M,-0.02%,67.2344,63.34904
11/09/2012,63.13,62.9,63.81,62.87,51.55M,0.41%,67.3336,63.32688
11/08/2012,62.87,64.03,64.19,62.87,58.59M,-1.57%,67.4326,63.30044
11/07/2012,63.87,64.74,64.8,63.6,70.74M,-2.35%,67.5368,63.27516
11/06/2012,65.41,65.4,65.86,65.16,29.61M,0.18%,67.6188,63.25412
11/05/2012,65.29,64.89,65.42,64.74,28.10M,0.65%,67.6616,63.22424
11/02/2012,64.87,65.9,65.9,64.81,44.08M,-1.07%,67.718,63.1932
11/01/2012,65.57,65.02,65.69,64.87,26.94M,1.42%,67.7772,63.16504
10/31/2012,64.65,65.01,65.09,64.43,38.52M,-0.61%,67.8278,63.12936
10/26/2012,65.05,64.88,65.32,64.35,54.22M,0.29%,67.8948,63.09548
10/25/2012,64.86,65.3,65.41,64.67,52.69M,0.00%,67.9478,63.066
10/24/2012,64.86,65.45,65.56,64.76,39.87M,-0.35%,67.9888,63.04124
10/23/2012,65.09,65.18,65.64,64.89,52.60M,-0.94%,68.0264,63.01612
10/22/2012,65.71,65.31,65.88,65.19,38.62M,0.52%,68.0588,62.98376
10/19/2012,65.37,66.9,66.96,65.29,75.36M,-2.40%,68.0756,62.9492
10/18/2012,66.98,67.55,67.76,66.73,61.71M,-1.15%,68.0984,62.9206
10/17/2012,67.76,67.43,67.98,67.36,33.44M,-0.06%,68.085,62.8808
10/16/2012,67.8,66.98,67.88,66.94,33.96M,1.41%,68.0566,62.83508
10/15/2012,66.86,66.63,66.95,66.22,22.22M,0.74%,68.0164,62.79032
10/12/2012,66.37,66.42,66.75,66.24,24.89M,-0.05%,67.985,62.75376
10/11/2012,66.4,67.13,67.16,66.36,30.48M,-0.32%,67.9392,62.71632
10/10/2012,66.61,66.94,67.12,66.49,45.13M,-0.51%,67.8974,62.68236
10/09/2012,66.95,67.85,68.02,66.79,67.97M,-1.59%,67.8552,62.64332
10/08/2012,68.03,68.26,68.4,67.87,30.91M,-0.92%,67.8066,62.60088
10/05/2012,68.66,69.36,69.47,68.48,25.21M,-0.54%,67.7374,62.553
10/04/2012,69.03,68.92,69.22,68.68,26.13M,0.35%,67.6256,62.50108
10/03/2012,68.79,68.56,68.92,68.27,38.24M,0.64%,67.49,62.44024
10/02/2012,68.35,68.47,68.66,67.81,33.25M,0.29%,67.3676,62.3818
10/01/2012,68.15,68.58,69.01,67.93,37.72M,-0.15%,67.2638,62.32152
09/28/2012,68.25,68.6,68.8,68.19,30.12M,-0.83%,67.1796,62.25672
09/27/2012,68.82,68.03,68.98,67.93,25.34M,1.38%,67.1106,62.18732
09/26/2012,67.88,68.35,68.39,67.53,32.77M,-0.82%,67.016,62.12104
09/25/2012,68.44,69.59,69.75,68.41,41.31M,-1.40%,66.923,62.06404
09/24/2012,69.41,69.24,69.53,69.1,32.34M,-0.59%,66.8124,62.0074
09/21/2012,69.82,70.14,70.21,69.75,23.68M,-0.26%,66.6858,61.95012
09/20/2012,70.0,69.74,70.07,69.54,42.52M,-0.10%,66.5322,61.88892
09/19/2012,70.07,69.96,70.25,69.73,36.48M,0.19%,66.3868,61.82452
09/18/2012,69.94,69.71,69.97,69.69,27.17M,0.09%,66.2468,61.75756
09/17/2012,69.88,69.87,69.91,69.63,31.80M,0.04%,66.122,61.69828
09/14/2012,69.85,69.51,70.1,69.46,38.89M,0.88%,66.0008,61.64316
09/13/2012,69.24,68.39,69.53,68.3,45.42M,1.36%,65.8964,61.58916
09/12/2012,68.31,68.36,68.49,67.89,42.21M,0.29%,65.8034,61.53752
09/11/2012,68.11,68.22,68.5,68.0,29.81M,-0.16%,65.7182,61.48796
09/10/2012,68.22,68.94,69.08,68.17,25.49M,-1.29%,65.6332,61.43592
09/07/2012,69.11,69.05,69.23,68.91,32.97M,-0.14%,65.507,61.38036
09/06/2012,69.21,68.1,69.23,68.1,43.10M,2.23%,65.377,61.31836
09/05/2012,67.7,67.72,68.03,67.52,26.13M,-0.10%,65.2374,61.25324
09/04/2012,67.77,67.71,68.03,67.11,32.02M,-0.10%,65.1202,61.199
08/31/2012,67.84,67.88,68.13,67.16,42.13M,0.67%,65.0258,61.14548
08/30/2012,67.39,67.79,67.81,67.29,24.43M,-1.01%,64.917,61.08628
08/29/2012,68.08,68.09,68.25,67.79,26.67M,0.00%,64.849,61.02884
08/28/2012,68.08,68.02,68.27,67.79,27.34M,0.00%,64.7662,60.97376
08/27/2012,68.08,68.28,68.35,67.93,20.67M,0.16%,64.6702,60.92064
08/24/2012,67.97,67.4,68.13,67.29,38.38M,0.62%,64.5626,60.86716
08/23/2012,67.55,67.82,68.02,67.38,28.80M,-0.82%,64.4446,60.81272
08/22/2012,68.11,67.67,68.24,67.49,44.56M,0.41%,64.3304,60.75404
08/21/2012,67.83,68.31,68.56,67.56,41.39M,-0.40%,64.2136,60.68796
08/20/2012,68.1,67.95,68.11,67.68,26.92M,0.15%,64.0874,60.6264
08/17/2012,68.0,67.85,68.01,67.69,22.58M,0.44%,63.977,60.56216
08/16/2012,67.7,67.16,67.85,67.08,35.71M,1.18%,63.8566,60.49008
08/15/2012,66.91,66.69,67.01,66.68,29.11M,0.25%,63.7472,60.41848
08/14/2012,66.74,66.97,67.1,66.55,24.22M,0.04%,63.6258,60.35368
08/13/2012,66.71,66.53,66.72,66.19,19.89M,0.24%,63.5028,60.30004
08/10/2012,66.55,66.28,66.57,66.1,20.32M,0.06%,63.3712,60.2478
08/09/2012,66.51,66.31,66.6,66.18,20.73M,0.30%,63.2756,60.19804
08/08/2012,66.31,66.17,66.45,66.06,20.72M,-0.05%,63.1862,60.14528
08/07/2012,66.34,66.07,66.61,65.97,28.22M,0.84%,63.1114,60.09144
08/06/2012,65.79,65.63,66.08,65.49,23.53M,0.77%,63.0202,60.02856
08/03/2012,65.29,65.08,65.57,64.89,42.12M,1.89%,62.9416,59.97652
08/02/2012,64.08,63.8,64.72,63.61,40.54M,-0.36%,62.8812,59.91676
08/01/2012,64.31,64.95,64.98,64.05,30.92M,-0.29%,62.8426,59.87476
07/31/2012,64.5,64.61,64.88,64.44,34.60M,-0.03%,62.8008,59.8332
07/30/2012,64.52,64.71,65.01,64.3,37.82M,-0.08%,62.7214,59.8014
07/27/2012,64.57,63.53,64.69,63.34,42.62M,2.38%,62.6574,59.76736
07/26/2012,63.07,63.14,63.43,62.68,41.93M,1.32%,62.619,59.73892
07/25/2012,62.25,62.2,62.66,61.86,46.27M,-0.67%,62.619,59.71756
07/24/2012,62.67,63.28,63.36,62.26,57.27M,-0.78%,62.6396,59.70024
07/23/2012,63.16,62.71,63.38,62.22,48.66M,-1.22%,62.6638,59.68084
07/20/2012,63.94,64.79,64.8,63.91,40.57M,-1.33%,62.6784,59.6656
07/19/2012,64.8,64.54,65.01,64.42,53.02M,1.11%,62.68,59.64664
07/18/2012,64.09,63.1,64.28,63.09,44.49M,1.36%,62.6684,59.62472
07/17/2012,63.23,63.28,63.44,62.34,42.48M,0.51%,62.6758,59.60324
07/16/2012,62.91,62.95,63.22,62.66,27.62M,-0.27%,62.6992,59.58364
07/13/2012,63.08,62.27,63.22,62.27,32.36M,1.51%,62.7618,59.56632
07/12/2012,62.14,62.26,62.4,61.57,57.68M,-0.94%,62.8352,59.54308
07/11/2012,62.73,63.0,63.16,62.21,43.43M,-0.54%,62.9236,59.52484
07/10/2012,63.07,64.03,64.21,62.83,47.37M,-0.99%,62.998,59.5012
07/09/2012,63.7,63.73,63.96,63.38,35.64M,-0.19%,63.0752,59.47888
07/06/2012,63.82,64.35,64.39,63.35,40.68M,-1.25%,63.1318,59.45308
07/05/2012,64.63,64.48,64.95,64.18,37.03M,0.06%,63.1782,59.42856
07/03/2012,64.59,64.08,64.59,63.99,15.90M,0.84%,63.1742,59.40508
07/02/2012,64.05,63.93,64.08,63.57,33.43M,0.30%,63.178,59.38236
06/29/2012,63.86,63.07,63.86,62.92,44.77M,3.15%,63.2044,59.35864
06/28/2012,61.91,62.13,62.18,61.25,49.79M,-1.12%,63.2382,59.33492
06/27/2012,62.61,62.47,62.89,62.4,35.71M,0.61%,63.326,59.31784
06/26/2012,62.23,62.04,62.41,61.77,30.61M,0.63%,63.4032,59.29452
06/25/2012,61.84,62.55,62.56,61.66,33.14M,-1.92%,63.4616,59.26976
06/22/2012,63.05,62.59,63.13,62.44,29.51M,1.04%,63.5424,59.24564
06/21/2012,62.4,63.91,64.01,62.33,42.49M,-2.48%,63.6192,59.2134
06/20/2012,63.99,64.06,64.27,63.51,51.39M,0.08%,63.694,59.18032
06/19/2012,63.94,63.6,64.21,63.55,36.48M,1.04%,63.7306,59.14468
06/18/2012,63.28,62.46,63.44,62.34,32.19M,0.93%,63.7898,59.10724
06/15/2012,62.7,62.08,62.79,62.07,41.54M,1.01%,63.8722,59.074
06/14/2012,62.07,61.85,62.32,61.51,65.17M,0.37%,63.958,59.03848
06/13/2012,61.84,62.09,62.56,61.63,50.84M,-0.69%,64.0748,59.00436
06/12/2012,62.27,61.8,62.3,61.39,48.80M,1.22%,64.1966,58.97232
06/11/2012,61.52,63.05,63.08,61.48,51.01M,-1.69%,64.296,58.9394
06/08/2012,62.58,61.87,62.66,61.67,39.74M,0.97%,64.4128,58.91364
06/07/2012,61.98,62.87,62.89,61.93,38.41M,-0.40%,64.5136,58.88088
06/06/2012,62.23,61.31,62.28,61.23,58.78M,2.28%,64.6318,58.85052
06/05/2012,60.84,60.37,60.95,60.35,47.92M,0.41%,64.743,58.82252
06/04/2012,60.59,60.29,60.68,59.76,74.12M,0.77%,64.8588,58.79968
06/01/2012,60.13,60.69,61.03,60.11,71.43M,-2.66%,64.9804,58.77944
05/31/2012,61.77,61.96,62.12,61.3,55.26M,-0.44%,65.114,58.76144
05/30/2012,62.04,62.0,62.26,61.39,56.43M,-0.85%,65.2146,58.73872
05/29/2012,62.57,62.34,62.86,61.99,44.22M,1.28%,65.3074,58.71832
05/25/2012,61.78,61.92,62.03,61.6,32.08M,-0.13%,65.3802,58.69532
05/24/2012,61.86,62.37,62.42,61.4,83.13M,-0.66%,65.472,58.68056
05/23/2012,62.27,61.64,62.42,61.08,56.95M,0.19%,65.5584,58.66176
05/22/2012,62.15,62.37,62.66,61.7,62.95M,-0.11%,65.632,58.6402
05/21/2012,62.22,60.64,62.28,60.57,61.47M,2.79%,65.684,58.61772
05/18/2012,60.53,61.5,61.67,60.48,79.50M,-1.29%,65.734,58.59408
05/17/2012,61.32,62.65,62.77,61.31,62.25M,-2.12%,65.8124,58.57856
05/16/2012,62.65,63.32,63.48,62.52,52.83M,-0.67%,65.8612,58.56328
05/15/2012,63.07,63.49,63.97,62.97,66.91M,-0.33%,65.8736,58.54444
05/14/2012,63.28,63.33,63.78,63.18,46.36M,-0.94%,65.8902,58.52324
05/11/2012,63.88,63.64,64.56,63.61,47.11M,-0.02%,65.916,58.49928
05/10/2012,63.89,64.31,64.33,63.65,49.45M,-0.20%,65.9308,58.47228
05/09/2012,64.02,63.47,64.38,63.21,85.72M,-0.31%,65.9352,58.44928
05/08/2012,64.22,64.04,64.44,63.18,72.66M,-0.37%,65.9428,58.42852
05/07/2012,64.46,64.01,64.77,63.99,50.27M,0.09%,65.9334,58.40556
05/04/2012,64.4,65.44,66.04,64.39,107.55M,-2.48%,65.9174,58.38336
05/03/2012,66.04,66.79,66.84,65.87,51.31M,-1.06%,65.8982,58.35944
05/02/2012,66.75,66.19,66.8,66.07,38.30M,0.29%,65.838,58.32808
05/01/2012,66.56,66.37,67.31,66.28,37.64M,0.17%,65.7692,58.29312
04/30/2012,66.45,66.71,66.86,66.4,37.79M,-0.72%,65.7006,58.2602
04/27/2012,66.93,66.81,67.14,66.46,46.01M,0.60%,65.6382,58.22808
04/26/2012,66.53,66.11,66.68,66.04,41.80M,0.59%,65.5492,58.19516
04/25/2012,66.14,65.75,66.18,65.66,57.53M,2.65%,65.477,58.16424
04/24/2012,64.43,64.67,64.93,64.15,49.66M,-0.54%,65.4094,58.13508
04/23/2012,64.78,64.78,64.88,64.19,70.51M,-0.90%,65.3644,58.11312
04/20/2012,65.37,65.91,66.2,65.27,59.91M,-0.27%,65.3212,58.0882
04/19/2012,65.55,66.07,66.86,65.31,81.11M,-1.13%,65.2572,58.0596
04/18/2012,66.3,66.28,66.69,66.1,42.54M,-0.26%,65.183,58.02968
04/17/2012,66.47,65.44,66.68,65.32,47.36M,2.03%,65.0912,57.99492
04/16/2012,65.15,66.22,66.25,64.94,57.59M,-1.11%,64.997,57.9544
04/13/2012,65.88,66.65,66.89,65.85,55.23M,-1.51%,64.9124,57.91776
04/12/2012,66.89,66.27,66.97,66.17,57.41M,1.13%,64.8096,57.8798
04/11/2012,66.14,66.39,66.58,65.97,62.95M,0.49%,64.6768,57.8382
04/10/2012,65.82,66.88,67.13,65.61,69.25M,-1.61%,64.5574,57.8
04/09/2012,66.9,66.57,67.17,66.45,36.91M,-0.74%,64.4434,57.76116
04/05/2012,67.4,66.88,67.46,66.82,42.71M,0.61%,64.3042,57.71956
04/04/2012,66.99,67.41,67.44,66.6,54.09M,-1.35%,64.1592,57.67668
04/03/2012,67.91,67.99,68.23,67.53,45.54M,-0.03%,64.0074,57.63652
04/02/2012,67.93,67.15,68.02,67.05,40.03M,1.03%,63.8394,57.59284
03/30/2012,67.24,67.67,67.7,66.97,39.48M,-0.18%,63.6706,57.54852
03/29/2012,67.36,67.3,67.61,66.89,53.98M,-0.38%,63.5174,57.50756
03/28/2012,67.62,67.93,68.19,67.23,44.42M,-0.40%,63.3544,57.46688
03/27/2012,67.89,67.83,68.17,67.81,37.28M,0.15%,63.1708,57.42504
03/26/2012,67.79,67.06,67.79,67.02,40.86M,1.74%,62.9712,57.3818
03/23/2012,66.63,66.75,66.77,66.25,45.55M,-0.06%,62.7778,57.33788
03/22/2012,66.67,66.4,66.83,66.37,56.96M,-0.21%,62.603,57.29644
03/21/2012,66.81,66.82,67.18,66.72,39.65M,0.01%,62.425,57.25608
03/20/2012,66.8,66.35,66.87,66.15,47.29M,0.18%,62.2358,57.2146
03/19/2012,66.68,66.31,66.84,66.14,60.97M,0.71%,62.0506,57.1692
03/16/2012,66.21,66.34,66.36,66.05,53.02M,-0.24%,61.8638,57.12304
03/15/2012,66.37,66.38,66.51,66.04,65.53M,0.29%,61.677,57.07916
03/14/2012,66.18,66.0,66.43,65.77,59.93M,0.35%,61.4822,57.03048
03/13/2012,65.95,65.12,65.95,64.97,61.56M,1.85%,61.27,56.98336
03/12/2012,64.75,64.67,64.81,64.42,32.69M,0.05%,61.0656,56.93516
03/09/2012,64.72,64.55,64.84,64.52,43.12M,0.42%,60.8772,56.89708
03/08/2012,64.45,64.12,64.64,64.0,43.71M,1.08%,60.7024,56.86232
03/07/2012,63.76,63.56,63.91,63.47,42.74M,0.77%,60.5298,56.82944
03/06/2012,63.27,63.29,63.42,62.94,54.64M,-0.99%,60.3614,56.79792
03/05/2012,63.9,64.53,64.61,63.69,45.79M,-1.04%,60.1934,56.77188
03/02/2012,64.57,64.53,64.78,64.36,33.36M,-0.08%,60.0288,56.74488
03/01/2012,64.62,64.36,64.68,64.16,67.56M,0.80%,59.8188,56.71428
02/29/2012,64.11,64.44,64.66,63.9,59.78M,-0.45%,59.6184,56.6866
02/28/2012,64.4,63.8,64.4,63.73,43.73M,1.02%,59.426,56.66212
02/27/2012,63.75,63.3,63.96,63.04,42.68M,0.14%,59.2306,56.632
02/24/2012,63.66,63.62,63.77,63.5,41.37M,0.35%,59.0656,56.60332
02/23/2012,63.44,63.1,63.51,62.8,54.25M,0.65%,58.9148,56.57868
02/22/2012,63.03,63.19,63.38,62.94,43.17M,-0.44%,58.781,56.55444
02/21/2012,63.31,63.21,63.59,62.92,38.14M,0.29%,58.6376,56.52868
02/17/2012,63.13,63.34,63.39,62.86,76.11M,-0.32%,58.5076,56.50064
02/16/2012,63.33,62.5,63.4,62.34,83.64M,1.36%,58.3812,56.47516
02/15/2012,62.48,63.22,63.56,62.38,105.71M,-0.70%,58.254,56.45568
02/14/2012,62.92,62.61,62.93,62.4,51.69M,0.25%,58.1316,56.44012
02/13/2012,62.76,62.64,62.84,62.36,36.81M,0.93%,58.0036,56.42288
02/10/2012,62.18,62.18,62.35,61.96,58.09M,-0.70%,57.871,56.40476
02/09/2012,62.62,62.38,62.69,62.03,46.86M,0.72%,57.71,56.38928
02/08/2012,62.17,61.85,62.17,61.62,41.17M,0.53%,57.547,56.37148
02/07/2012,61.84,61.66,61.96,61.38,37.94M,0.21%,57.3562,56.3538
02/06/2012,61.71,61.53,61.73,61.37,28.54M,-0.08%,57.1802,56.33708
02/03/2012,61.76,61.49,61.83,61.39,36.45M,1.38%,57.0314,56.32124
02/02/2012,60.92,60.91,61.12,60.69,46.37M,0.30%,56.878,56.30372
02/01/2012,60.74,60.57,60.95,60.38,46.15M,0.81%,56.7624,56.28848
01/31/2012,60.25,60.47,60.58,59.86,51.45M,0.13%,56.659,56.27268
01/30/2012,60.17,59.6,60.26,59.38,42.80M,0.08%,56.592,56.25844
01/27/2012,60.12,59.81,60.23,59.78,45.54M,0.30%,56.5458,56.24488
01/26/2012,59.94,60.39,60.52,59.65,37.85M,-0.35%,56.4878,56.22736
01/25/2012,60.15,60.0,60.3,59.55,61.59M,1.26%,56.4406,56.20948
01/24/2012,59.4,59.26,59.56,59.13,38.44M,-0.18%,56.368,56.19652
01/23/2012,59.51,59.52,59.93,59.16,40.96M,0.03%,56.311,56.1852
01/20/2012,59.49,59.33,59.52,59.28,41.05M,-0.15%,56.293,56.17224
01/19/2012,59.58,59.48,59.69,59.37,47.77M,0.62%,56.262,56.15904
01/18/2012,59.21,58.57,59.21,58.41,48.69M,1.32%,56.221,56.1424
01/17/2012,58.44,58.44,58.69,58.22,41.79M,0.92%,56.1934,56.12896
01/13/2012,57.91,57.83,57.93,57.41,35.99M,-0.36%,56.1576,56.1202
01/12/2012,58.12,58.02,58.2,57.59,26.19M,0.40%,56.123,56.11612
01/11/2012,57.89,57.75,58.02,57.54,37.14M,0.21%,56.1142,56.11056
01/10/2012,57.77,57.99,58.13,57.37,35.95M,0.73%,56.1298,56.10424
01/09/2012,57.35,57.68,57.71,57.16,39.20M,-0.33%,56.146,56.09832
01/06/2012,57.54,57.38,57.67,57.13,46.33M,0.35%,56.139,56.09252
01/05/2012,57.34,56.75,57.39,56.54,41.26M,0.83%,56.1296,56.08564
01/04/2012,56.87,56.54,56.95,56.3,29.40M,0.42%,56.1472,56.07872
01/03/2012,56.63,56.64,56.92,56.49,39.51M,1.91%,56.1504,56.07388
12/30/2011,55.57,55.6,55.86,55.56,21.83M,-0.29%,56.1444,56.06928
12/29/2011,55.73,55.42,55.77,55.24,28.08M,0.72%,56.1652,56.06704
12/28/2011,55.33,55.91,56.0,55.18,38.19M,-1.16%,56.205,56.06432
12/27/2011,55.98,55.75,56.16,55.67,21.44M,0.29%,56.2386,56.05984
12/23/2011,55.82,55.42,55.82,55.32,26.59M,0.87%,56.2772,56.05356
12/22/2011,55.34,54.96,55.37,54.91,40.33M,0.86%,56.2978,56.0484
12/21/2011,54.87,55.38,55.38,54.23,78.55M,-1.44%,56.3178,56.04472
12/20/2011,55.67,54.94,55.74,54.91,81.76M,2.96%,56.3416,56.04328
12/19/2011,54.07,54.8,54.94,53.92,46.73M,-0.97%,56.3418,56.03856
12/16/2011,54.6,54.62,55.35,54.51,60.98M,0.20%,56.3368,56.0408
12/15/2011,54.49,55.1,55.16,54.41,58.73M,-0.26%,56.3284,56.04092
12/14/2011,54.63,55.26,55.33,54.33,63.68M,-1.57%,56.3042,56.0402
12/13/2011,55.5,56.5,56.71,55.27,68.56M,-1.10%,56.2506,56.03876
12/12/2011,56.12,56.16,56.74,55.64,55.41M,-1.11%,56.1586,56.03408
12/09/2011,56.75,56.0,56.92,55.98,55.76M,1.59%,56.0812,56.02524
12/08/2011,55.86,56.48,56.88,55.75,51.69M,-1.67%,56.0188,56.0148
12/07/2011,56.81,56.63,57.07,56.09,44.58M,0.00%,55.9872,56.00756
12/06/2011,56.81,57.02,57.18,56.63,38.67M,-0.28%,55.9528,55.99728
12/05/2011,56.97,57.22,57.35,56.65,40.50M,1.08%,55.907,55.98556
12/02/2011,56.36,57.06,57.07,56.31,36.94M,-0.28%,55.8456,55.973
12/01/2011,56.52,56.11,56.66,56.09,45.36M,0.69%,55.785,55.96208
11/30/2011,56.13,55.58,56.18,55.41,66.92M,3.69%,55.757,55.95036
11/29/2011,54.13,54.4,54.84,53.97,52.06M,-0.62%,55.7564,55.94032
11/28/2011,54.47,53.91,54.53,53.89,46.71M,3.50%,55.8008,55.93772
11/25/2011,52.63,52.84,53.42,52.62,25.45M,-0.77%,55.838,55.9316
11/23/2011,53.04,53.86,53.92,53.01,48.47M,-2.27%,55.9038,55.92844
11/22/2011,54.27,53.95,54.43,53.62,51.94M,0.33%,55.945,55.9262
11/21/2011,54.09,54.43,54.48,53.53,52.29M,-1.90%,55.9462,55.91988
11/18/2011,55.14,55.59,55.64,55.04,60.42M,-0.77%,55.9366,55.915
11/17/2011,55.57,56.75,56.77,55.22,101.71M,-2.34%,55.8924,55.90176
11/16/2011,56.9,57.46,57.89,56.79,68.34M,-1.66%,55.8638,55.89012
11/15/2011,57.86,57.07,58.09,56.99,52.20M,1.12%,55.8136,55.87144
11/14/2011,57.22,57.42,57.74,57.01,44.62M,-0.63%,55.7172,55.84876
11/11/2011,57.58,57.01,57.75,56.93,54.47M,1.88%,55.6334,55.82532
11/10/2011,56.52,57.13,57.15,55.97,66.05M,-0.05%,55.568,55.79984
11/09/2011,56.55,57.45,57.56,56.37,69.54M,-3.51%,55.5336,55.78204
11/08/2011,58.61,58.36,58.71,57.7,62.91M,1.16%,55.4968,55.76492
11/07/2011,57.94,57.48,57.98,56.9,65.54M,0.71%,55.4118,55.74304
11/04/2011,57.53,57.52,57.78,56.95,61.53M,-0.52%,55.3106,55.72512
11/03/2011,57.83,57.09,57.9,56.45,78.99M,2.08%,55.1918,55.7078
11/02/2011,56.65,56.74,56.89,56.12,65.18M,0.84%,55.084,55.69044
11/01/2011,56.18,56.3,57.64,55.86,99.93M,-2.60%,54.9918,55.67752
10/31/2011,57.68,58.14,58.37,57.64,60.52M,-1.69%,54.8678,55.66648
10/28/2011,58.67,58.23,58.74,58.23,42.95M,0.15%,54.7102,55.64684
10/27/2011,58.58,58.37,58.92,57.76,104.46M,2.77%,54.551,55.62228
10/26/2011,57.0,57.38,57.51,55.95,98.19M,-0.12%,54.446,55.59588
10/25/2011,57.07,58.0,58.05,56.95,65.30M,-1.98%,54.379,55.57564
10/24/2011,58.22,57.25,58.38,57.04,61.45M,2.09%,54.3198,55.5556
10/21/2011,57.03,56.9,57.39,56.52,60.46M,1.24%,54.2218,55.53052
10/20/2011,56.33,56.55,56.65,55.53,80.38M,-0.49%,54.1382,55.50956
10/19/2011,56.61,57.44,57.58,56.42,67.64M,-1.92%,54.024,55.49084
10/18/2011,57.72,56.92,58.02,56.4,91.43M,1.25%,53.9474,55.47
10/17/2011,57.01,57.63,57.82,56.71,65.16M,-1.55%,53.8,55.44332
10/14/2011,57.91,57.57,57.92,57.24,65.64M,1.86%,53.7314,55.41908
10/13/2011,56.85,56.23,56.92,56.17,63.44M,0.91%,53.6516,55.38976
10/12/2011,56.34,56.61,56.96,56.3,85.63M,0.50%,53.6456,55.3666
10/11/2011,56.06,55.55,56.2,55.44,66.45M,0.68%,53.639,55.34624
10/10/2011,55.68,54.72,55.68,54.63,48.23M,3.46%,53.667,55.32276
10/07/2011,53.82,54.16,54.41,53.47,72.53M,-0.66%,53.708,55.30116
10/06/2011,54.18,53.22,54.19,52.96,71.94M,1.69%,53.79,55.2854
10/05/2011,53.28,51.83,53.43,51.42,108.83M,2.56%,53.8628,55.26684
10/04/2011,51.95,50.36,52.05,49.86,137.01M,2.06%,53.9842,55.2518
10/03/2011,50.9,51.8,52.6,50.87,99.15M,-2.58%,54.1292,55.24072
09/30/2011,52.25,52.93,53.36,52.22,104.96M,-2.57%,54.2976,55.23312
09/29/2011,53.63,55.1,55.17,52.72,116.90M,-1.20%,54.427,55.22184
09/28/2011,54.28,55.31,55.71,54.15,76.76M,-1.47%,54.521,55.20032
09/27/2011,55.09,55.44,55.94,54.72,81.15M,1.05%,54.607,55.17832
09/26/2011,54.52,54.17,54.62,52.96,96.26M,1.15%,54.6506,55.15332
09/23/2011,53.9,52.89,54.13,52.84,85.94M,1.07%,54.7118,55.13148
09/22/2011,53.33,53.68,54.21,52.5,151.89M,-3.25%,54.7702,55.11244
09/21/2011,55.12,56.39,56.66,55.11,79.94M,-1.75%,54.8534,55.09576
09/20/2011,56.1,56.63,57.08,55.97,66.57M,-0.44%,54.896,55.073
09/19/2011,56.35,55.64,56.64,55.17,73.04M,0.04%,54.9278,55.04236
09/16/2011,56.33,55.99,56.39,55.83,91.90M,0.73%,54.976,55.0108
09/15/2011,55.92,55.71,56.02,55.13,83.54M,1.49%,55.0276,54.97984
09/14/2011,55.1,54.59,55.72,54.07,90.76M,1.42%,55.0716,54.95056
09/13/2011,54.33,53.83,54.44,53.55,59.02M,1.34%,55.1282,54.92124
09/12/2011,53.61,52.36,53.65,52.33,65.97M,1.28%,55.1944,54.8948
09/09/2011,52.93,53.76,53.99,52.6,63.66M,-2.23%,55.2578,54.87048
09/08/2011,54.14,54.12,54.91,53.96,61.42M,-0.46%,55.32,54.84768
09/07/2011,54.39,53.78,54.4,53.65,48.95M,2.55%,55.3534,54.81924
09/06/2011,53.04,51.8,53.12,51.67,52.99M,0.02%,55.3654,54.7872
09/02/2011,53.03,53.33,54.36,52.74,58.19M,-2.36%,55.3872,54.75988
09/01/2011,54.31,54.95,55.38,54.21,57.16M,-0.89%,55.4282,54.73188
08/31/2011,54.8,55.03,55.48,54.35,60.90M,0.16%,55.4336,54.6966
08/30/2011,54.71,54.14,55.04,53.86,61.62M,0.64%,55.437,54.6606
08/29/2011,54.36,53.39,54.42,53.39,45.99M,2.80%,55.4192,54.62196
08/26/2011,52.88,51.44,53.06,50.91,91.57M,2.50%,55.4028,54.58272
08/25/2011,51.59,52.39,52.66,51.41,93.62M,-1.62%,55.4218,54.54424
08/24/2011,52.44,51.94,52.55,51.47,80.20M,0.77%,55.4708,54.51152
08/23/2011,52.04,50.32,52.04,50.11,75.69M,4.12%,55.5236,54.4772
08/22/2011,49.98,50.97,51.0,49.83,77.11M,0.36%,55.5706,54.4424
08/19/2011,49.8,50.2,51.43,49.76,96.67M,-1.79%,55.6588,54.41792
08/18/2011,50.71,51.89,51.9,50.24,130.02M,-4.91%,55.7674,54.39252
08/17/2011,53.33,53.73,54.17,52.77,84.42M,-0.60%,55.8558,54.36676
08/16/2011,53.65,53.57,54.1,52.93,89.22M,-0.85%,55.8998,54.33228
08/15/2011,54.11,53.52,54.11,53.28,73.55M,1.48%,55.9394,54.29628
08/12/2011,53.32,53.17,53.65,52.63,90.48M,0.89%,55.979,54.2612
08/11/2011,52.85,51.34,53.44,51.1,143.82M,4.41%,56.0514,54.22856
08/10/2011,50.62,51.58,52.8,50.56,205.92M,-4.09%,56.1308,54.19552
08/09/2011,52.78,51.07,52.83,49.7,193.71M,4.83%,56.2802,54.17108
08/08/2011,50.35,51.97,52.87,50.35,204.80M,-6.03%,56.3678,54.13928
08/05/2011,53.58,54.53,54.77,52.08,214.11M,-0.63%,56.4984,54.11864
08/04/2011,53.92,55.72,55.83,53.92,132.83M,-4.65%,56.5574,54.09016
08/03/2011,56.55,56.11,56.62,55.09,103.61M,0.96%,56.6052,54.06192
08/02/2011,56.01,57.19,57.45,55.95,90.85M,-2.52%,56.6072,54.02188
08/01/2011,57.46,58.4,58.55,56.76,85.42M,-0.47%,56.637,53.98428
07/29/2011,57.73,57.46,58.34,57.17,82.86M,-0.33%,56.6466,53.94132
07/28/2011,57.92,57.83,58.66,57.62,61.03M,0.17%,56.6474,53.8954
07/27/2011,57.82,58.97,59.01,57.67,83.97M,-2.58%,56.6348,53.84952
07/26/2011,59.35,59.16,59.55,59.04,40.92M,0.25%,56.621,53.80064
07/25/2011,59.2,58.85,59.53,58.75,48.92M,-0.20%,56.5968,53.74524
07/22/2011,59.32,58.7,59.42,58.65,43.62M,1.02%,56.5894,53.6918
07/21/2011,58.72,58.38,59.04,58.07,70.15M,0.67%,56.5726,53.63932
07/20/2011,58.33,58.9,58.91,58.23,57.08M,-0.43%,56.5764,53.58932
07/19/2011,58.58,57.86,58.63,57.82,73.90M,2.29%,56.5782,53.5394
07/18/2011,57.27,57.27,57.52,56.71,59.51M,-0.54%,56.5706,53.48732
07/15/2011,57.58,57.45,57.58,57.04,68.29M,1.34%,56.5854,53.43596
07/14/2011,56.82,57.66,57.91,56.61,98.77M,-1.17%,56.6004,53.38584
07/13/2011,57.49,57.67,58.07,57.28,82.37M,0.42%,56.6324,53.3366
07/12/2011,57.25,57.67,57.8,57.19,84.00M,-0.76%,56.6566,53.28316
07/11/2011,57.69,58.14,58.44,57.49,52.08M,-1.82%,56.6876,53.23572
07/08/2011,58.76,58.43,58.77,58.1,69.53M,-0.25%,56.7108,53.18636
07/07/2011,58.91,58.55,59.08,58.47,54.80M,1.36%,56.7144,53.1318
07/06/2011,58.12,57.87,58.22,57.67,49.28M,0.33%,56.7072,53.07432
07/05/2011,57.93,57.68,57.99,57.56,43.13M,0.50%,56.7092,53.01948
07/01/2011,57.64,56.83,57.71,56.65,53.20M,1.51%,56.712,52.96372
06/30/2011,56.78,56.24,56.82,56.21,50.48M,1.32%,56.7114,52.9082
06/29/2011,56.04,55.97,56.15,55.64,65.42M,0.41%,56.7026,52.85068
06/28/2011,55.81,55.12,55.82,55.03,47.03M,1.49%,56.7016,52.7956
06/27/2011,54.99,54.18,55.27,54.07,49.97M,1.59%,56.7132,52.74192
06/24/2011,54.13,54.81,54.87,54.02,56.30M,-1.72%,56.7432,52.692
06/23/2011,55.08,54.03,55.11,53.81,80.74M,0.92%,56.7924,52.64816
06/22/2011,54.58,54.74,55.06,54.56,36.83M,-0.71%,56.813,52.60744
06/21/2011,54.97,54.01,55.03,53.78,55.89M,2.14%,56.8514,52.56936
06/20/2011,53.82,53.41,53.98,53.39,37.40M,0.52%,56.8856,52.53004
06/17/2011,53.54,54.2,54.34,53.38,70.35M,-0.54%,56.9482,52.49812
06/16/2011,53.83,54.08,54.25,53.37,66.32M,-0.39%,57.0172,52.46804
06/15/2011,54.04,54.57,54.89,53.93,59.02M,-1.89%,57.0776,52.43824
06/14/2011,55.08,54.79,55.21,54.77,40.57M,1.27%,57.1368,52.4092
06/13/2011,54.39,54.46,54.67,54.2,37.75M,0.00%,57.179,52.3762
06/10/2011,54.39,54.97,55.08,54.34,53.74M,-1.52%,57.2344,52.34536
06/09/2011,55.23,55.11,55.5,54.97,45.31M,0.18%,57.2882,52.31376
06/08/2011,55.13,55.41,55.51,54.97,46.43M,-0.72%,57.3198,52.27396
06/07/2011,55.53,55.79,56.0,55.49,46.31M,-0.18%,57.3426,52.2346
06/06/2011,55.63,55.98,56.27,55.6,50.18M,-0.82%,57.3636,52.19192
06/03/2011,56.09,56.3,56.72,56.01,57.77M,-1.49%,57.3798,52.14388
06/02/2011,56.94,56.94,57.14,56.63,50.20M,0.21%,57.367,52.09544
06/01/2011,56.82,57.95,58.09,56.77,51.79M,-2.19%,57.331,52.04392
05/31/2011,58.09,57.7,58.09,57.4,47.59M,1.63%,57.2994,51.99616
05/27/2011,57.16,56.97,57.22,56.92,30.13M,0.49%,57.2216,51.94968
05/26/2011,56.88,56.36,57.03,56.35,40.56M,0.62%,57.1664,51.90516
05/25/2011,56.53,56.23,56.79,56.21,41.37M,0.39%,57.1068,51.85752
05/24/2011,56.31,56.8,56.8,56.3,39.31M,-0.60%,57.0808,51.81296
05/23/2011,56.65,56.72,56.88,56.39,43.68M,-1.48%,57.0752,51.77036
05/20/2011,57.5,57.88,57.94,57.42,44.70M,-0.76%,57.0668,51.71972
05/19/2011,57.94,57.96,58.07,57.58,35.02M,0.29%,57.0344,51.66768
05/18/2011,57.77,57.21,57.87,57.14,42.35M,0.84%,57.0108,51.61372
05/17/2011,57.29,56.85,57.3,56.71,63.18M,0.28%,56.9984,51.56116
05/16/2011,57.13,57.89,58.05,57.0,73.14M,-1.74%,56.991,51.50856
05/13/2011,58.14,58.71,58.79,58.12,63.51M,-1.17%,57.0024,51.46344
05/12/2011,58.83,58.29,58.91,57.97,66.13M,0.60%,56.9994,51.41572
05/11/2011,58.48,58.82,59.03,58.09,61.91M,-0.73%,56.9602,51.36784
05/10/2011,58.91,58.6,59.0,58.5,38.05M,0.84%,56.9222,51.32076
05/09/2011,58.42,58.29,58.65,58.07,40.03M,0.38%,56.894,51.27564
05/06/2011,58.2,58.59,58.92,58.04,72.51M,0.33%,56.8732,51.23552
05/05/2011,58.01,58.05,58.7,57.81,72.15M,-0.55%,56.841,51.19272
05/04/2011,58.33,58.45,58.6,57.84,53.11M,-0.15%,56.8068,51.15088
05/03/2011,58.42,58.68,58.73,58.06,38.14M,-0.48%,56.7754,51.09836
05/02/2011,58.7,58.91,59.06,58.55,48.15M,-0.17%,56.7762,51.05008
04/29/2011,58.8,58.77,59.01,58.71,44.83M,-0.08%,56.774,51.00712
04/28/2011,58.85,58.78,58.95,58.61,48.14M,-0.15%,56.7702,50.96472
04/27/2011,58.94,58.63,59.01,58.39,56.47M,0.67%,56.7578,50.92812
04/26/2011,58.55,58.38,58.76,58.24,49.39M,0.57%,56.7452,50.8884
04/25/2011,58.22,58.13,58.25,58.01,25.38M,0.26%,56.7376,50.8542
04/21/2011,58.07,58.2,58.2,57.89,43.67M,0.80%,56.7282,50.81788
04/20/2011,57.61,57.32,57.67,56.34,67.40M,2.25%,56.72,50.78204
04/19/2011,56.34,56.13,56.34,55.84,38.61M,0.63%,56.7228,50.75232
04/18/2011,55.99,55.83,56.01,55.06,69.07M,-0.71%,56.7436,50.72808
04/15/2011,56.39,56.27,56.61,56.02,68.53M,-0.18%,56.766,50.70444
04/14/2011,56.49,56.19,56.57,55.97,53.54M,-0.18%,56.774,50.67808
04/13/2011,56.59,56.51,56.73,56.14,49.98M,0.86%,56.778,50.6502
04/12/2011,56.11,56.26,56.38,55.89,50.64M,-0.69%,56.7818,50.62092
04/11/2011,56.5,56.89,57.02,56.3,42.45M,-0.32%,56.7744,50.59368
04/08/2011,56.68,57.21,57.3,56.39,42.78M,-0.47%,56.7538,50.56728
04/07/2011,56.95,56.96,57.33,56.55,60.71M,-0.07%,56.7584,50.53928
04/06/2011,56.99,57.27,57.46,56.66,49.53M,0.25%,56.7508,50.50784
04/05/2011,56.85,56.89,57.22,56.73,55.38M,-0.26%,56.7364,50.47524
04/04/2011,57.0,57.35,57.41,56.75,48.66M,-0.33%,56.7232,50.44304
04/01/2011,57.19,57.45,57.63,57.02,68.03M,0.05%,56.6916,50.40908
03/31/2011,57.16,56.98,57.21,56.88,50.14M,0.14%,56.6648,50.37392
03/30/2011,57.08,57.09,57.16,56.81,44.94M,0.48%,56.6466,50.33936
03/29/2011,56.81,56.14,56.81,55.97,47.99M,0.96%,56.6428,50.30456
03/28/2011,56.27,56.82,56.83,56.24,37.82M,-0.55%,56.6412,50.26908
03/25/2011,56.58,56.63,56.95,56.47,74.13M,0.25%,56.642,50.23576
03/24/2011,56.44,55.86,56.56,55.56,69.50M,1.79%,56.6362,50.20208
03/23/2011,55.45,54.93,55.61,54.56,60.37M,0.56%,56.6254,50.16836
03/22/2011,55.14,55.31,55.35,55.02,36.25M,-0.18%,56.6328,50.13768
03/21/2011,55.24,55.03,55.52,54.24,57.42M,1.92%,56.6422,50.10804
03/18/2011,54.2,54.94,54.96,54.16,94.89M,-0.37%,56.6506,50.07828
03/17/2011,54.4,54.75,54.98,53.88,94.43M,0.93%,56.6762,50.0536
03/16/2011,53.9,54.77,55.08,53.52,176.51M,-2.41%,56.6884,50.0268
03/15/2011,55.23,54.39,55.56,54.22,101.28M,-1.43%,56.7114,50.00028
03/14/2011,56.03,55.92,56.33,55.6,73.62M,-0.36%,56.691,49.9698
03/11/2011,56.23,55.57,56.4,55.56,81.68M,0.63%,56.6586,49.93548
03/10/2011,55.88,56.13,56.26,55.65,102.99M,-1.55%,56.6246,49.89984
03/09/2011,56.76,56.94,57.0,56.46,84.76M,-0.68%,56.5954,49.8644
03/08/2011,57.15,56.83,57.41,56.51,62.40M,0.40%,56.5504,49.82592
03/07/2011,56.92,57.94,57.99,56.41,98.47M,-1.35%,56.4972,49.78584
03/04/2011,57.7,57.98,57.99,57.32,62.33M,-0.50%,56.4514,49.74596
03/03/2011,57.99,57.41,58.09,57.4,64.25M,1.97%,56.39,49.70144
03/02/2011,56.87,56.56,57.24,56.53,61.55M,0.51%,56.3164,49.65472
03/01/2011,56.58,57.72,57.75,56.43,91.99M,-1.60%,56.2644,49.61212
02/28/2011,57.5,57.6,57.78,57.16,51.40M,0.21%,56.2194,49.56796
02/25/2011,57.38,56.89,57.45,56.85,54.09M,1.40%,56.1476,49.51952
02/24/2011,56.59,56.44,56.76,55.88,98.72M,0.52%,56.0828,49.47136
02/23/2011,56.3,56.73,56.96,55.87,97.84M,-0.81%,56.032,49.4258
02/22/2011,56.76,57.73,57.86,56.67,92.60M,-2.91%,55.9908,49.3788
02/18/2011,58.46,58.61,58.7,58.24,44.34M,-0.22%,55.9332,49.32932
02/17/2011,58.59,58.33,58.7,58.28,38.36M,-0.03%,55.8406,49.27308
02/16/2011,58.61,58.37,58.77,58.36,53.06M,0.65%,55.7414,49.21452
02/15/2011,58.23,58.17,58.3,57.96,39.72M,-0.14%,55.641,49.1582
02/14/2011,58.31,58.16,58.39,58.11,48.51M,0.24%,55.5488,49.10376
02/11/2011,58.17,57.6,58.21,57.5,47.85M,0.73%,55.4522,49.04908
02/10/2011,57.75,57.34,57.83,57.22,70.19M,0.16%,55.3476,48.99384
02/09/2011,57.66,57.67,57.85,57.48,62.54M,-0.16%,55.2294,48.93928
02/08/2011,57.75,57.38,57.8,57.29,38.10M,0.64%,55.1258,48.88288
02/07/2011,57.38,57.22,57.7,57.13,45.63M,0.47%,55.0246,48.82576
02/04/2011,57.11,56.78,57.15,56.63,47.65M,0.56%,54.9344,48.76752
02/03/2011,56.79,56.59,56.87,56.14,45.34M,0.18%,54.8288,48.71072
02/02/2011,56.69,56.65,56.9,56.58,48.66M,-0.16%,54.7462,48.65344
02/01/2011,56.78,56.16,56.91,56.1,76.95M,1.87%,54.657,48.5978
01/31/2011,55.74,55.55,55.9,55.13,70.57M,0.49%,54.5652,48.54036
01/28/2011,55.47,56.89,56.95,55.21,123.36M,-2.53%,54.4776,48.49216
01/27/2011,56.91,56.74,57.08,56.65,53.66M,0.60%,54.3924,48.44408
01/26/2011,56.57,56.37,56.71,56.19,60.55M,0.53%,54.2956,48.38868
01/25/2011,56.27,55.92,56.29,55.79,55.31M,0.14%,54.2096,48.33276
01/24/2011,56.19,55.53,56.2,55.42,64.10M,1.39%,54.147,48.28108
01/21/2011,55.42,56.13,56.23,55.39,59.67M,-0.77%,54.0924,48.23428
01/20/2011,55.85,56.04,56.09,55.42,92.36M,-0.71%,54.048,48.18916
01/19/2011,56.25,56.97,56.99,56.06,67.77M,-1.12%,54.0008,48.14216
01/18/2011,56.89,56.26,56.96,56.23,65.80M,0.28%,53.9442,48.09296
01/14/2011,56.73,56.33,56.75,56.2,43.87M,0.75%,53.8748,48.04652
01/13/2011,56.31,56.33,56.47,56.15,47.43M,0.04%,53.7956,48.00244
01/12/2011,56.29,56.16,56.3,55.94,51.98M,0.70%,53.72,47.96268
01/11/2011,55.9,56.03,56.1,55.69,56.66M,0.14%,53.6338,47.92008
01/10/2011,55.82,55.46,55.92,55.32,55.55M,0.38%,53.5546,47.88116
01/07/2011,55.61,55.76,55.79,55.06,72.26M,-0.09%,53.4794,47.8424
01/06/2011,55.66,55.53,55.7,55.42,46.14M,0.32%,53.4062,47.80224
01/05/2011,55.48,54.85,55.5,54.81,43.79M,0.85%,53.3288,47.76416
01/04/2011,55.01,55.27,55.29,54.66,43.85M,-0.07%,53.2522,47.72756
01/03/2011,55.05,54.7,55.43,54.69,90.99M,1.55%,53.18,47.69132
12/31/2010,54.21,54.35,54.37,53.96,38.57M,-0.37%,53.1,47.65484
12/30/2010,54.41,54.53,54.54,54.3,27.56M,-0.22%,53.0348,47.6228
12/29/2010,54.53,54.56,54.64,54.48,24.13M,0.20%,52.9582,47.58996
12/28/2010,54.42,54.62,54.66,54.3,24.17M,-0.17%,52.8888,47.554
12/27/2010,54.51,54.37,54.6,53.96,29.26M,0.04%,52.8254,47.52012
12/23/2010,54.49,54.52,54.61,54.36,21.67M,-0.26%,52.739,47.48536
12/22/2010,54.63,54.6,54.7,54.53,35.77M,0.00%,52.6548,47.4514
12/21/2010,54.63,54.51,54.63,54.37,35.78M,0.59%,52.5598,47.41596
12/20/2010,54.31,54.34,54.5,53.91,48.16M,0.07%,52.458,47.37884
12/17/2010,54.27,54.29,54.43,54.16,36.85M,-0.11%,52.3622,47.34168
12/16/2010,54.33,53.96,54.41,53.81,65.52M,0.78%,52.2604,47.3036
12/15/2010,53.91,54.12,54.45,53.78,76.95M,-0.42%,52.1538,47.26328
12/14/2010,54.14,54.17,54.37,53.98,69.94M,0.17%,52.0642,47.22212
12/13/2010,54.05,54.46,54.49,54.02,53.11M,-0.35%,51.9464,47.18216
12/10/2010,54.24,54.04,54.3,53.84,44.70M,0.67%,51.841,47.14232
12/09/2010,53.88,54.16,54.19,53.7,51.68M,0.09%,51.733,47.10272
12/08/2010,53.83,53.77,53.9,53.44,48.07M,0.37%,51.6366,47.06288
12/07/2010,53.63,54.24,54.27,53.57,59.07M,0.07%,51.5428,47.02392
12/06/2010,53.59,53.61,53.7,53.43,39.31M,-0.06%,51.4534,46.98488
12/03/2010,53.62,53.25,53.69,53.25,38.01M,0.26%,51.3702,46.94428
12/02/2010,53.48,53.02,53.56,52.96,56.88M,1.02%,51.2666,46.90464
12/01/2010,52.94,52.62,53.21,52.59,81.76M,2.12%,51.1662,46.86636
11/30/2010,51.84,51.94,52.49,51.64,118.86M,-1.22%,51.0792,46.82936
11/29/2010,52.48,52.45,52.65,51.86,89.27M,-0.40%,51.0144,46.79744
11/26/2010,52.69,52.55,52.88,52.42,23.64M,-0.34%,50.9202,46.76276
11/24/2010,52.87,52.34,53.0,52.32,53.46M,2.01%,50.8208,46.72544
11/23/2010,51.83,52.15,52.21,51.53,76.90M,-1.58%,50.714,46.6872
11/22/2010,52.66,52.01,52.66,51.93,69.92M,0.82%,50.622,46.65576
11/19/2010,52.23,52.1,52.35,51.9,54.51M,0.08%,50.5094,46.62028
11/18/2010,52.19,51.91,52.54,51.89,71.49M,1.62%,50.3924,46.58708
11/17/2010,51.36,51.25,51.63,51.11,77.84M,0.29%,50.2728,46.55128
11/16/2010,51.21,51.69,52.0,50.61,101.10M,-1.65%,50.1662,46.51968
11/15/2010,52.07,52.53,52.63,52.05,56.72M,-0.38%,50.0518,46.49144
11/12/2010,52.27,52.85,53.12,51.87,99.16M,-1.64%,49.9264,46.46072
11/11/2010,53.14,52.65,53.23,52.41,85.16M,-0.60%,49.782,46.42864
11/10/2010,53.46,53.28,53.52,52.85,83.55M,0.49%,49.6102,46.39132
11/09/2010,53.2,53.72,53.79,52.96,66.97M,-0.54%,49.4062,46.35128
11/08/2010,53.49,53.32,53.58,53.2,39.62M,0.13%,49.2104,46.31328
11/05/2010,53.42,53.45,53.56,53.26,77.94M,0.00%,49.0178,46.273
11/04/2010,53.42,53.38,53.61,53.25,84.20M,1.23%,48.8162,46.23256
11/03/2010,52.77,52.59,52.79,52.12,126.23M,0.46%,48.625,46.18848
11/02/2010,52.53,52.41,52.68,52.33,48.14M,1.06%,48.4386,46.146
11/01/2010,51.98,52.14,52.5,51.74,60.56M,0.08%,48.2734,46.10044
10/29/2010,51.94,52.05,52.25,51.93,46.67M,-0.23%,48.128,46.0568
10/28/2010,52.06,52.18,52.21,51.6,61.22M,0.21%,47.9822,46.0128
10/27/2010,51.95,51.53,51.99,51.42,57.48M,0.31%,47.8478,45.96764
10/26/2010,51.79,51.38,51.91,51.18,60.50M,0.27%,47.712,45.9274
10/25/2010,51.65,51.61,51.99,51.61,51.41M,0.49%,47.568,45.88504
10/22/2010,51.4,51.06,51.45,50.97,47.41M,0.69%,47.4252,45.847
10/21/2010,51.05,51.27,51.47,50.55,85.89M,0.20%,47.2938,45.81256
10/20/2010,50.95,50.72,51.33,50.63,80.86M,0.73%,47.1766,45.78008
10/19/2010,50.58,50.57,51.06,50.19,105.74M,-0.94%,47.0868,45.74872
10/18/2010,51.06,51.28,51.48,51.06,72.51M,-0.37%,47.0124,45.71816
10/15/2010,51.25,50.8,51.26,50.39,104.65M,2.11%,46.922,45.686
10/14/2010,50.19,50.3,50.4,49.94,68.46M,-0.18%,46.8292,45.65304
10/13/2010,50.28,50.17,50.51,50.05,71.12M,0.80%,46.7598,45.6226
10/12/2010,49.88,49.46,49.98,49.03,88.57M,0.69%,46.6792,45.59292
10/11/2010,49.54,49.55,49.79,49.39,46.88M,0.04%,46.6106,45.56524
10/08/2010,49.52,49.22,49.64,48.85,83.22M,0.69%,46.5318,45.5366
10/07/2010,49.18,49.29,49.31,48.77,75.69M,0.37%,46.4514,45.508
10/06/2010,49.0,49.36,49.48,48.68,81.83M,-0.87%,46.3846,45.4804
10/05/2010,49.43,48.8,49.53,48.77,99.30M,2.45%,46.3286,45.45256
10/04/2010,48.25,48.63,48.82,47.98,71.36M,-1.09%,46.2644,45.42228
10/01/2010,48.78,49.23,49.3,48.55,77.68M,-0.12%,46.2164,45.39624
09/30/2010,48.84,49.31,49.61,48.52,122.46M,-0.45%,46.152,45.3652
09/29/2010,49.06,49.07,49.3,48.88,81.68M,-0.16%,46.0638,45.3326
09/28/2010,49.14,49.28,49.31,48.36,104.92M,-0.04%,45.9836,45.2996
09/27/2010,49.16,49.42,49.52,49.12,43.88M,-0.55%,45.891,45.27124
09/24/2010,49.43,48.99,49.46,48.92,79.50M,2.04%,45.7904,45.24268
09/23/2010,48.44,48.16,48.93,48.09,85.04M,-0.04%,45.7096,45.2138
09/22/2010,48.46,48.38,48.79,48.19,88.32M,-0.27%,45.6478,45.18608
09/21/2010,48.59,48.61,48.94,48.38,82.35M,-0.02%,45.581,45.15972
09/20/2010,48.6,47.96,48.7,47.89,84.54M,1.74%,45.5,45.13436
09/17/2010,47.77,47.92,47.92,47.53,76.37M,0.10%,45.4162,45.10976
09/16/2010,47.72,47.46,47.76,47.32,66.89M,0.40%,45.3406,45.08816
09/15/2010,47.53,47.13,47.58,46.97,67.11M,0.64%,45.2614,45.06624
09/14/2010,47.23,46.95,47.48,46.86,91.41M,0.43%,45.1588,45.04496
09/13/2010,47.03,46.73,47.15,46.72,64.52M,1.40%,45.0596,45.02492
09/10/2010,46.38,46.27,46.45,46.03,67.00M,0.37%,44.9668,45.00328
09/09/2010,46.21,46.45,46.48,46.1,61.48M,0.39%,44.8894,44.98372
09/08/2010,46.03,45.63,46.23,45.61,66.88M,1.19%,44.8286,44.9642
09/07/2010,45.49,45.61,45.82,45.41,51.20M,-0.68%,44.806,44.94524
09/03/2010,45.8,45.52,45.81,45.34,64.04M,1.66%,44.7974,44.92688
09/02/2010,45.05,44.63,45.07,44.52,41.82M,1.12%,44.7842,44.90588
09/01/2010,44.55,43.89,44.7,43.86,83.52M,2.98%,44.8,44.88636
08/31/2010,43.26,43.19,43.65,42.98,72.07M,-0.35%,44.8294,44.86548
08/30/2010,43.41,43.67,44.04,43.4,49.37M,-1.03%,44.8918,44.84872
08/27/2010,43.86,43.66,43.95,42.77,109.60M,1.20%,44.9592,44.83148
08/26/2010,43.34,44.03,44.11,43.3,91.22M,-1.19%,45.0186,44.8154
08/25/2010,43.86,43.15,44.05,43.07,87.35M,0.94%,45.0854,44.80304
08/24/2010,43.45,43.81,43.91,43.26,79.10M,-1.85%,45.138,44.78844
08/23/2010,44.27,45.04,45.13,44.25,69.61M,-0.98%,45.1746,44.77508
08/20/2010,44.71,44.58,44.82,44.33,66.81M,0.13%,45.195,44.75872
08/19/2010,44.65,45.08,45.25,44.35,82.97M,-1.52%,45.198,44.74012
08/18/2010,45.34,45.08,45.61,44.9,61.84M,0.40%,45.1774,44.72192
08/17/2010,45.16,44.9,45.57,44.82,56.93M,1.28%,45.1502,44.69884
08/16/2010,44.59,44.27,44.9,44.09,55.47M,0.18%,45.1282,44.67468
08/13/2010,44.51,44.66,44.85,44.5,46.39M,-0.71%,45.134,44.65172
08/12/2010,44.83,44.35,45.03,44.24,66.00M,-0.80%,45.1732,44.62688
08/11/2010,45.19,45.7,45.71,45.0,92.22M,-2.73%,45.1972,44.60536
08/10/2010,46.46,46.5,46.73,46.06,86.69M,-0.85%,45.1928,44.5842
08/09/2010,46.86,46.79,46.97,46.57,26.94M,0.69%,45.1714,44.55708
08/06/2010,46.54,46.1,46.63,45.84,71.34M,-0.15%,45.1474,44.52596
08/05/2010,46.61,46.5,46.7,46.3,39.15M,-0.24%,45.0964,44.49748
08/04/2010,46.72,46.47,46.77,46.28,43.82M,1.02%,45.054,44.4698
08/03/2010,46.25,46.41,46.48,46.03,60.86M,-0.43%,45.0086,44.43972
08/02/2010,46.45,46.16,46.57,45.99,68.71M,1.86%,44.9762,44.41288
07/30/2010,45.6,45.15,45.88,44.86,98.96M,0.22%,44.93,44.38648
07/29/2010,45.5,46.08,46.19,45.04,85.69M,-0.74%,44.935,44.36348
07/28/2010,45.84,46.16,46.36,45.67,51.99M,-0.78%,44.9492,44.33856
07/27/2010,46.2,46.47,46.5,45.99,67.66M,-0.04%,44.9696,44.31276
07/26/2010,46.22,45.91,46.24,45.7,64.85M,0.81%,44.9798,44.2846
07/23/2010,45.85,45.25,45.89,45.17,81.06M,0.64%,45.008,44.25532
07/22/2010,45.56,45.05,45.77,45.03,82.89M,2.54%,45.0588,44.2286
07/21/2010,44.43,45.54,45.55,44.35,83.58M,-1.38%,45.0976,44.20184
07/20/2010,45.05,43.79,45.05,43.66,89.06M,1.21%,45.16,44.1808
07/19/2010,44.51,44.27,44.6,43.89,81.80M,0.86%,45.163,44.15388
07/16/2010,44.13,45.23,45.42,44.09,98.83M,-2.78%,45.1998,44.12784
07/15/2010,45.39,45.25,45.53,44.78,95.99M,0.09%,45.2764,44.10228
07/14/2010,45.35,45.21,45.6,45.03,87.69M,0.51%,45.3326,44.07028
07/13/2010,45.12,44.92,45.29,44.59,93.31M,1.30%,45.4196,44.03764
07/12/2010,44.54,44.37,44.82,44.25,60.93M,0.29%,45.4974,44.00416
07/09/2010,44.41,43.97,44.42,43.87,47.86M,0.95%,45.6066,43.9682
07/08/2010,43.99,44.1,44.17,43.48,78.26M,0.53%,45.7012,43.93224
07/07/2010,43.76,42.54,43.81,42.5,72.45M,3.21%,45.8036,43.89532
07/06/2010,42.4,42.89,43.17,42.05,88.59M,0.31%,45.932,43.85872
07/02/2010,42.27,42.47,42.62,41.89,78.57M,-0.28%,46.0896,43.82732
07/01/2010,42.39,42.62,42.76,41.58,158.69M,-0.28%,46.2458,43.79572
06/30/2010,42.51,43.03,43.47,42.44,101.31M,-1.53%,46.394,43.76716
06/29/2010,43.17,44.21,44.25,42.87,136.38M,-3.85%,46.5342,43.73948
06/28/2010,44.9,45.08,45.34,44.6,71.38M,-0.36%,46.6562,43.70852
06/25/2010,45.06,45.3,45.45,44.74,89.04M,-0.18%,46.7442,43.67384
06/24/2010,45.14,45.63,45.78,44.99,114.71M,-1.53%,46.841,43.63844
06/23/2010,45.84,46.07,46.25,45.48,92.40M,-0.39%,46.9318,43.603
06/22/2010,46.02,46.57,46.92,45.94,94.49M,-0.78%,46.9968,43.56444
06/21/2010,46.38,47.38,47.46,46.11,95.49M,-0.86%,47.0532,43.52484
06/18/2010,46.78,46.84,47.12,46.64,75.92M,-0.11%,47.1016,43.481
06/17/2010,46.83,46.94,46.96,46.42,77.11M,0.32%,47.1362,43.43324
06/16/2010,46.68,46.36,46.92,46.28,78.40M,0.41%,47.1676,43.3856
06/15/2010,46.49,45.5,46.55,45.24,76.33M,2.67%,47.2044,43.34284
06/14/2010,45.28,45.7,46.02,45.2,68.08M,-0.02%,47.2422,43.29948
06/11/2010,45.29,44.42,45.33,44.4,74.35M,0.96%,47.2954,43.26124
06/10/2010,44.86,44.18,44.91,44.03,76.89M,2.84%,47.3484,43.2216
06/09/2010,43.62,44.27,44.7,43.49,102.08M,-0.82%,47.4144,43.18508
06/08/2010,43.98,44.16,44.27,43.39,133.99M,-0.18%,47.5022,43.15652
06/07/2010,44.06,45.13,45.25,44.01,88.44M,-1.83%,47.5782,43.1272
06/04/2010,44.88,45.5,46.07,44.73,112.85M,-3.42%,47.6516,43.09756
06/03/2010,46.47,46.14,46.55,45.87,98.93M,0.96%,47.71,43.06516
06/02/2010,46.03,45.24,46.06,44.92,97.25M,2.36%,47.7412,43.02528
06/01/2010,44.97,45.24,46.03,44.92,104.24M,-0.93%,47.7746,42.9876
05/28/2010,45.39,45.73,45.78,44.99,128.54M,-0.59%,47.8206,42.954
05/27/2010,45.66,45.01,45.68,44.88,110.74M,3.80%,47.865,42.91708
05/26/2010,43.99,44.72,45.36,43.91,140.20M,-1.12%,47.9008,42.87952
05/25/2010,44.49,43.47,44.55,43.03,155.64M,0.09%,47.9674,42.84844
05/24/2010,44.45,44.6,45.11,44.43,113.39M,-0.40%,48.018,42.81136
05/21/2010,44.63,43.44,45.43,43.29,190.63M,1.11%,48.0718,42.77272
05/20/2010,44.14,44.96,45.07,44.04,189.29M,-3.73%,48.1218,42.73176
05/19/2010,45.85,46.04,46.41,45.34,159.00M,-0.78%,48.178,42.69372
05/18/2010,46.21,47.25,47.36,46.0,153.07M,-1.39%,48.1924,42.64384
05/17/2010,46.86,46.82,47.05,45.86,120.97M,0.32%,48.1944,42.59296
05/14/2010,46.71,47.27,47.3,46.16,147.39M,-1.93%,48.1816,42.542
05/13/2010,47.63,48.2,48.56,47.51,102.84M,-1.57%,48.1582,42.49212
05/12/2010,48.39,47.76,48.43,47.68,85.46M,1.87%,48.1134,42.43792
05/11/2010,47.5,47.09,48.16,46.98,113.20M,-0.11%,48.0524,42.3772
05/10/2010,47.55,47.2,47.58,47.09,136.04M,5.20%,48.0064,42.32012
05/07/2010,45.2,46.0,46.58,44.08,288.20M,-2.48%,47.9464,42.2614
05/06/2010,46.35,47.63,48.1,41.36,274.36M,-3.36%,47.9302,42.21568
05/05/2010,47.96,47.76,48.27,47.42,128.56M,-0.50%,47.8912,42.16704
05/04/2010,48.2,49.08,49.09,47.86,141.14M,-3.02%,47.811,42.11148
05/03/2010,49.7,49.2,49.94,49.2,74.17M,1.41%,47.7376,42.05488
04/30/2010,49.01,49.98,50.06,48.97,110.90M,-1.98%,47.636,41.99556
04/29/2010,50.0,49.38,50.1,49.38,84.18M,1.75%,47.5486,41.93896
04/28/2010,49.14,49.37,49.4,48.75,130.08M,0.06%,47.4358,41.87852
04/27/2010,49.11,49.99,50.2,48.98,112.61M,-2.13%,47.3352,41.8188
04/26/2010,50.18,50.29,50.41,50.07,67.36M,-0.20%,47.2242,41.75884
04/23/2010,50.28,50.06,50.33,49.86,77.21M,0.40%,47.09,41.69324
04/22/2010,50.08,49.34,50.13,49.03,110.48M,0.56%,46.9408,41.6254
04/21/2010,49.8,49.86,49.96,49.49,74.75M,0.57%,46.7974,41.55936
04/20/2010,49.52,49.52,49.65,49.2,69.54M,0.51%,46.6508,41.49428
04/19/2010,49.27,49.13,49.43,48.67,98.25M,-0.06%,46.516,41.42804
04/16/2010,49.3,49.72,49.89,48.97,127.39M,-1.20%,46.379,41.36152
04/15/2010,49.9,49.65,49.96,49.64,72.25M,0.44%,46.2668,41.29448
04/14/2010,49.68,49.34,49.69,49.27,69.00M,1.20%,46.1378,41.22324
04/13/2010,49.09,48.79,49.12,48.63,59.38M,0.51%,46.0054,41.15712
04/12/2010,48.84,48.82,48.97,48.71,44.28M,0.08%,45.8754,41.09312
04/09/2010,48.8,48.54,48.82,48.41,54.23M,0.60%,45.7656,41.02676
04/08/2010,48.51,48.28,48.59,48.02,68.32M,0.23%,45.6794,40.96092
04/07/2010,48.4,48.46,48.64,48.14,77.21M,-0.25%,45.592,40.89784
04/06/2010,48.52,48.26,48.67,48.16,54.10M,0.29%,45.506,40.8354
04/05/2010,48.38,48.04,48.49,47.92,56.22M,0.92%,45.4146,40.76852
04/01/2010,47.94,48.11,48.47,47.57,83.73M,0.00%,45.3526,40.70008
03/31/2010,47.94,48.01,48.22,47.85,59.95M,-0.46%,45.308,40.6368
03/30/2010,48.16,48.13,48.32,47.84,49.46M,0.31%,45.2766,40.57384
03/29/2010,48.01,48.01,48.17,47.88,57.99M,0.48%,45.2262,40.50764
03/26/2010,47.78,47.92,48.1,47.52,78.07M,0.10%,45.1894,40.43812
03/25/2010,47.73,48.19,48.37,47.68,76.35M,-0.15%,45.1564,40.36772
03/24/2010,47.8,47.92,47.95,47.69,63.03M,-0.48%,45.1132,40.29648
03/23/2010,48.03,47.78,48.08,47.55,59.18M,0.69%,45.08,40.228
03/22/2010,47.7,47.09,47.89,47.03,71.90M,0.91%,45.046,40.16092
03/19/2010,47.27,47.73,47.73,47.1,86.34M,-0.71%,45.011,40.09144
03/18/2010,47.61,47.5,47.66,47.38,77.83M,0.34%,44.9842,40.02312
03/17/2010,47.45,47.38,47.68,47.31,75.64M,0.27%,44.956,39.95572
03/16/2010,47.32,47.17,47.39,47.01,74.95M,0.64%,44.931,39.88208
03/15/2010,47.02,47.04,47.16,46.69,60.15M,-0.25%,44.8954,39.81096
03/12/2010,47.14,47.28,47.31,46.88,64.07M,0.02%,44.874,39.74112
03/11/2010,47.13,46.85,47.13,46.76,67.51M,0.38%,44.8476,39.66932
03/10/2010,46.95,46.58,47.06,46.58,102.58M,0.82%,44.825,39.59332
03/09/2010,46.57,46.18,46.83,46.18,98.00M,0.56%,44.8014,39.51996
03/08/2010,46.31,46.24,46.42,46.22,58.71M,0.19%,44.777,39.44784
03/05/2010,46.22,45.89,46.32,45.78,68.14M,1.49%,44.7512,39.37308
03/04/2010,45.54,45.43,45.6,45.19,54.47M,0.33%,44.7218,39.297
03/03/2010,45.39,45.46,45.61,45.22,65.74M,0.11%,44.696,39.21732
03/02/2010,45.34,45.33,45.64,45.24,76.37M,0.31%,44.6606,39.14048
03/01/2010,45.2,44.74,45.28,44.74,77.29M,1.46%,44.6368,39.06468
02/26/2010,44.55,44.39,44.65,44.19,66.22M,0.36%,44.6146,38.99268
02/25/2010,44.39,43.9,44.49,43.63,97.96M,-0.02%,44.6104,38.92048
02/24/2010,44.4,44.2,44.58,44.11,86.59M,1.02%,44.601,38.849
02/23/2010,43.95,44.48,44.53,43.75,95.81M,-1.30%,44.5948,38.781
02/22/2010,44.53,44.8,44.82,44.35,72.05M,-0.20%,44.5932,38.71584
02/19/2010,44.62,44.55,44.84,44.41,80.42M,-0.04%,44.5714,38.65156
02/18/2010,44.64,44.33,44.72,44.24,65.75M,0.63%,44.5532,38.58768
02/17/2010,44.36,44.29,44.36,44.05,82.69M,0.57%,44.5386,38.52004
02/16/2010,44.11,43.87,44.14,43.65,83.86M,1.26%,44.5252,38.45756
02/12/2010,43.56,43.07,43.68,42.96,93.94M,0.21%,44.5202,38.39576
02/11/2010,43.47,42.81,43.59,42.56,93.05M,1.52%,44.5252,38.33792
02/10/2010,42.82,42.9,43.11,42.55,94.10M,-0.21%,44.523,38.28036
02/09/2010,42.91,42.97,43.31,42.56,118.96M,1.04%,44.5328,38.23024
02/08/2010,42.47,42.72,42.98,42.44,94.35M,-0.72%,44.554,38.18032
02/05/2010,42.78,42.55,42.82,41.92,213.62M,0.85%,44.5804,38.13068
02/04/2010,42.42,43.38,43.46,42.42,151.65M,-2.91%,44.6034,38.08036
02/03/2010,43.69,43.25,43.77,43.22,93.58M,0.55%,44.6198,38.03608
02/02/2010,43.45,43.11,43.58,42.83,110.73M,0.91%,44.6152,37.9862
02/01/2010,43.06,42.71,43.08,42.68,136.83M,1.10%,44.6292,37.93412
01/29/2010,42.59,43.7,43.81,42.43,212.13M,-1.75%,44.6558,37.88096
01/28/2010,43.35,44.19,44.22,43.12,221.44M,-2.56%,44.689,37.82952
01/27/2010,44.49,44.08,44.64,43.81,161.63M,0.79%,44.6982,37.7732
01/26/2010,44.14,44.07,44.68,43.84,140.82M,0.09%,44.6774,37.71092
01/25/2010,44.1,44.18,44.39,43.91,154.22M,0.34%,44.6686,37.65212
01/22/2010,43.95,45.13,45.27,43.83,171.10M,-2.94%,44.655,37.59656
01/21/2010,45.28,45.85,46.13,45.09,204.94M,-0.94%,44.6422,37.53748
01/20/2010,45.71,46.05,46.39,45.22,145.68M,-1.42%,44.5846,37.47224
01/19/2010,46.37,45.75,46.42,45.74,84.39M,1.60%,44.5134,37.40448
01/15/2010,45.64,46.24,46.33,45.44,126.87M,-1.15%,44.4088,37.33352
01/14/2010,46.17,46.04,46.3,46.0,75.81M,0.09%,44.3174,37.267
01/13/2010,46.13,45.72,46.27,45.4,100.66M,1.23%,44.2128,37.19364
01/12/2010,45.57,45.87,45.93,45.32,90.67M,-1.24%,44.1056,37.12624
01/11/2010,46.14,46.38,46.42,45.91,104.67M,-0.41%,44.032,37.0598
01/08/2010,46.33,45.83,46.33,45.72,88.89M,0.83%,43.9332,36.98924
01/07/2010,45.95,45.98,46.05,45.71,77.09M,0.04%,43.8494,36.92148
01/06/2010,45.93,46.17,46.33,45.86,96.03M,-0.58%,43.7862,36.8552
01/05/2010,46.2,46.16,46.28,45.94,62.94M,0.00%,43.7262,36.7912
01/04/2010,46.2,46.1,46.27,46.05,62.82M,1.45%,43.6644,36.72888
12/31/2009,45.54,46.03,46.06,45.54,50.08M,-0.89%,43.5992,36.66528
12/30/2009,45.95,45.79,46.04,45.75,57.61M,0.28%,43.5488,36.60784
12/29/2009,45.82,46.0,46.03,45.78,32.41M,-0.39%,43.49,36.54756
12/28/2009,46.0,45.87,46.08,45.73,49.38M,0.50%,43.4252,36.48784
12/24/2009,45.77,45.4,45.77,45.39,31.77M,0.93%,43.3624,36.42224
12/23/2009,45.35,45.13,45.36,45.0,73.93M,0.73%,43.3062,36.35656
12/22/2009,45.02,44.87,45.08,44.82,51.57M,0.60%,43.2468,36.2902
12/21/2009,44.75,44.46,44.92,44.46,82.38M,1.13%,43.1938,36.22608
12/18/2009,44.25,43.93,44.27,43.8,96.44M,1.44%,43.1444,36.16308
12/17/2009,43.62,43.96,44.0,43.56,90.44M,-1.20%,43.1002,36.10176
12/16/2009,44.15,44.26,44.49,44.08,61.63M,0.14%,43.065,36.04356
12/15/2009,44.09,44.2,44.46,43.96,61.17M,-0.56%,43.0168,35.98584
12/14/2009,44.34,44.22,44.39,43.98,47.97M,0.96%,42.9554,35.92756
12/11/2009,43.92,44.31,44.38,43.75,66.64M,-0.39%,42.8824,35.8704
12/10/2009,44.09,44.04,44.33,44.03,76.72M,0.50%,42.8202,35.8164
12/09/2009,43.87,43.41,43.91,43.12,78.82M,0.99%,42.7794,35.75612
12/08/2009,43.44,43.48,43.8,43.16,86.62M,-0.62%,42.7424,35.6988
12/07/2009,43.71,43.87,44.08,43.62,67.47M,-0.46%,42.7178,35.64084
12/04/2009,43.91,44.24,44.52,43.46,125.06M,0.50%,42.6738,35.58508
12/03/2009,43.69,44.03,44.29,43.68,72.46M,-0.39%,42.633,35.52892
12/02/2009,43.86,43.95,44.28,43.78,81.65M,0.11%,42.6042,35.47392
12/01/2009,43.81,43.68,44.09,43.68,81.82M,1.04%,42.576,35.41372
11/30/2009,43.36,43.21,43.42,42.91,84.82M,0.12%,42.5472,35.3492
11/27/2009,43.31,42.8,43.63,42.7,61.23M,-1.50%,42.5248,35.28972
11/25/2009,43.97,43.93,44.01,43.81,37.63M,0.41%,42.5028,35.22728
11/24/2009,43.79,43.93,43.94,43.53,60.67M,-0.32%,42.4678,35.1586
11/23/2009,43.93,43.67,44.19,43.66,91.62M,1.60%,42.4244,35.09936
11/20/2009,43.24,43.21,43.35,43.08,70.91M,-0.51%,42.3756,35.04048
11/19/2009,43.46,43.85,43.87,43.15,114.56M,-1.56%,42.3374,34.97968
11/18/2009,44.15,44.26,44.28,43.84,100.24M,-0.54%,42.294,34.91852
11/17/2009,44.39,44.13,44.39,44.04,81.88M,0.32%,42.229,34.84812
11/16/2009,44.25,43.98,44.44,43.91,87.78M,1.00%,42.1522,34.77232
11/13/2009,43.81,43.58,43.93,43.43,87.96M,0.83%,42.0706,34.70224
11/12/2009,43.45,43.72,43.95,43.35,92.43M,-0.57%,41.981,34.63984
11/11/2009,43.7,43.74,43.93,43.41,84.68M,0.64%,41.8934,34.579
11/10/2009,43.42,43.25,43.57,43.2,72.85M,0.25%,41.8014,34.5196
11/09/2009,43.31,42.72,43.32,42.68,101.62M,2.15%,41.7298,34.4672
11/06/2009,42.4,41.96,42.45,41.88,96.31M,0.59%,41.6686,34.40828
11/05/2009,42.15,41.62,42.2,41.59,135.20M,2.46%,41.6248,34.35852
11/04/2009,41.14,41.32,41.67,41.09,107.97M,0.17%,41.584,34.31244
11/03/2009,41.07,40.78,41.13,40.65,95.11M,0.32%,41.5648,34.27204
11/02/2009,40.94,40.82,41.38,40.45,142.52M,0.42%,41.5446,34.22944
10/30/2009,40.77,41.86,41.95,40.73,162.80M,-2.67%,41.5278,34.19304
10/29/2009,41.89,41.49,41.99,41.35,85.21M,1.67%,41.5038,34.16432
10/28/2009,41.2,41.99,42.12,41.11,143.55M,-2.23%,41.4484,34.12744
10/27/2009,42.14,42.75,42.91,41.98,121.44M,-1.52%,41.4014,34.0936
10/26/2009,42.79,42.97,43.56,42.59,107.07M,-0.33%,41.3246,34.0558
10/23/2009,42.93,43.49,43.53,42.82,117.03M,-0.42%,41.2578,34.01116
10/22/2009,43.11,42.87,43.29,42.59,85.87M,0.40%,41.1972,33.96628
10/21/2009,42.94,43.0,43.62,42.86,110.40M,-0.19%,41.1286,33.90808
10/20/2009,43.02,43.25,43.26,42.74,89.85M,0.02%,41.0514,33.8538
10/19/2009,43.01,42.61,43.07,42.39,83.51M,1.01%,40.9794,33.80312
10/16/2009,42.58,42.72,42.79,42.28,111.86M,-0.65%,40.913,33.75296
10/15/2009,42.86,42.73,42.92,42.67,85.77M,-0.23%,40.8454,33.70796
10/14/2009,42.96,42.9,43.09,42.65,91.00M,1.37%,40.779,33.66872
10/13/2009,42.38,42.34,42.55,42.17,70.94M,0.02%,40.7168,33.62548
10/12/2009,42.37,42.43,42.67,42.08,53.22M,0.21%,40.6662,33.5844
10/09/2009,42.28,41.95,42.35,41.86,62.83M,0.57%,40.6042,33.53676
10/08/2009,42.04,42.11,42.42,41.94,107.85M,0.43%,40.5464,33.50144
10/07/2009,41.86,41.68,41.88,41.58,93.79M,0.29%,40.4888,33.47316
10/06/2009,41.74,41.24,41.94,41.03,124.63M,1.76%,40.4296,33.4304
10/05/2009,41.02,40.9,41.21,40.64,97.05M,0.81%,40.3782,33.38892
10/02/2009,40.69,40.53,41.06,40.53,145.29M,-0.29%,40.3352,33.3538
10/01/2009,40.81,41.91,41.93,40.81,140.12M,-2.95%,40.3048,33.32104
09/30/2009,42.05,42.19,42.4,41.41,173.10M,0.07%,40.255,33.2966
09/29/2009,42.02,42.21,42.42,41.83,106.69M,-0.45%,40.174,33.27244
09/28/2009,42.21,41.72,42.46,41.69,84.48M,1.69%,40.0884,33.25068
09/25/2009,41.51,41.59,41.89,41.39,109.22M,-0.86%,39.992,33.23512
09/24/2009,41.87,42.41,42.49,41.58,111.02M,-0.90%,39.9056,33.224
09/23/2009,42.25,42.63,42.97,42.18,143.92M,-0.47%,39.8032,33.20708
09/22/2009,42.45,42.62,42.63,42.24,75.64M,0.19%,39.6692,33.20164
09/21/2009,42.37,42.02,42.5,41.96,71.35M,0.31%,39.5286,33.19708
09/18/2009,42.24,42.36,42.42,42.01,87.45M,0.07%,39.3764,33.19024
09/17/2009,42.21,42.12,42.46,42.01,102.17M,-0.02%,39.2238,33.1828
09/16/2009,42.22,41.78,42.28,41.65,96.89M,1.44%,39.0706,33.17672
09/15/2009,41.62,41.47,41.75,41.38,91.59M,0.31%,38.9136,33.17864
09/14/2009,41.49,41.04,41.52,41.02,90.56M,0.39%,38.7862,33.17768
09/11/2009,41.33,41.31,41.43,41.03,93.87M,0.10%,38.6682,33.17236
09/10/2009,41.29,40.92,41.34,40.81,99.29M,0.95%,38.5502,33.17588
09/09/2009,40.9,40.57,41.1,40.4,99.29M,0.86%,38.449,33.17824
09/08/2009,40.55,40.46,40.59,40.27,71.02M,0.95%,38.3552,33.18756
09/04/2009,40.17,39.4,40.19,39.34,74.87M,2.14%,38.2698,33.19896
09/03/2009,39.33,39.26,39.39,38.84,76.78M,0.67%,38.1904,33.20868
09/02/2009,39.07,38.91,39.29,38.86,92.76M,-0.08%,38.1262,33.22036
09/01/2009,39.1,39.68,40.4,38.98,162.96M,-1.86%,38.0532,33.23676
08/31/2009,39.84,39.97,40.01,39.6,96.42M,-1.02%,37.968,33.25336
08/28/2009,40.25,40.7,40.89,39.97,114.31M,0.10%,37.8696,33.26784
08/27/2009,40.21,40.13,40.28,39.49,121.96M,0.25%,37.7844,33.28648
08/26/2009,40.11,40.1,40.41,39.89,96.41M,-0.17%,37.6932,33.307
08/25/2009,40.18,40.15,40.57,40.06,92.90M,0.30%,37.6054,33.3302
08/24/2009,40.06,40.17,40.38,39.91,109.90M,-0.10%,37.5094,33.35704
08/21/2009,40.1,39.82,40.17,39.55,114.66M,1.34%,37.4228,33.38284
08/20/2009,39.57,39.1,39.65,39.02,81.47M,1.15%,37.3504,33.40728
08/19/2009,39.12,38.41,39.22,38.36,88.04M,0.69%,37.292,33.43408
08/18/2009,38.85,38.54,39.79,38.43,84.61M,1.44%,37.2426,33.46668
08/17/2009,38.3,38.79,38.83,38.28,131.80M,-2.92%,37.2012,33.49772
08/14/2009,39.45,39.7,39.77,39.1,124.48M,-1.13%,37.1652,33.532
08/13/2009,39.9,39.91,39.97,39.46,110.11M,0.55%,37.1084,33.56136
08/12/2009,39.68,39.03,40.03,39.02,147.24M,1.54%,37.0418,33.59128
08/11/2009,39.08,39.24,39.32,38.87,91.92M,-0.86%,36.9714,33.62428
08/10/2009,39.42,39.54,39.66,39.16,87.16M,-0.68%,36.9152,33.66008
08/07/2009,39.69,39.72,39.88,39.41,107.51M,1.25%,36.8512,33.69264
08/06/2009,39.2,39.6,39.74,39.06,116.94M,-0.86%,36.7618,33.72408
08/05/2009,39.54,39.94,39.95,39.28,118.09M,-0.78%,36.6736,33.7574
08/04/2009,39.85,39.67,40.0,39.58,100.69M,0.00%,36.5706,33.78764
08/03/2009,39.85,39.66,39.87,39.46,111.72M,1.48%,36.4662,33.81244
07/31/2009,39.27,39.38,39.67,39.23,78.21M,-0.30%,36.3368,33.83868
07/30/2009,39.39,39.55,39.99,39.33,108.97M,0.59%,36.2212,33.86448
07/29/2009,39.16,39.14,39.25,38.82,126.54M,0.67%,36.1158,33.8838
07/28/2009,38.9,39.0,39.41,38.75,111.56M,-0.69%,36.0174,33.90584
07/27/2009,39.17,39.11,39.23,38.69,94.72M,0.77%,35.921,33.93124
07/24/2009,38.87,38.75,39.19,38.6,109.31M,-0.77%,35.8018,33.956
07/23/2009,39.17,38.27,39.31,38.21,160.57M,2.22%,35.689,33.98104
07/22/2009,38.32,38.02,38.51,37.95,113.81M,0.84%,35.563,34.0012
07/21/2009,38.0,37.89,38.0,37.46,130.59M,0.69%,35.472,34.02816
07/20/2009,37.74,37.57,37.82,37.43,97.17M,0.94%,35.3958,34.05408
07/17/2009,37.39,37.19,37.4,37.0,104.91M,0.54%,35.3224,34.08376
07/16/2009,37.19,36.57,37.27,36.55,119.84M,1.20%,35.2556,34.11248
07/15/2009,36.75,36.14,36.76,35.97,160.87M,3.38%,35.2092,34.142
07/14/2009,35.55,35.35,35.62,35.24,115.63M,0.37%,35.1714,34.17252
07/13/2009,35.42,34.79,35.43,34.32,127.14M,1.90%,35.1582,34.21204
07/10/2009,34.76,34.5,34.98,34.4,108.48M,0.43%,35.134,34.25088
07/09/2009,34.61,34.68,34.85,34.49,97.85M,0.17%,35.1212,34.28796
07/08/2009,34.55,34.57,34.71,34.14,152.78M,0.52%,35.1046,34.3256
07/07/2009,34.37,35.26,35.32,34.35,149.77M,-2.50%,35.08,34.3648
07/06/2009,35.25,35.22,35.37,34.88,107.63M,-0.96%,35.064,34.4076
07/03/2009,35.59,35.59,35.59,35.59,,0.45%,35.0296,34.44476
07/02/2009,35.43,35.92,35.93,35.33,113.31M,-2.21%,34.977,34.48544
07/01/2009,36.23,36.37,36.67,36.22,85.98M,0.06%,34.9212,34.52248
06/30/2009,36.21,36.38,36.56,35.94,97.84M,-0.19%,34.8474,34.55524
06/29/2009,36.28,36.27,36.58,35.95,93.82M,0.22%,34.765,34.5884
06/26/2009,36.2,35.96,36.33,35.88,87.68M,0.22%,34.7024,34.62568
06/25/2009,36.12,35.22,36.19,35.12,112.54M,1.98%,34.6402,34.66072
06/24/2009,35.42,35.14,35.7,35.12,103.31M,1.66%,34.5628,34.698
06/23/2009,34.84,35.04,35.1,34.61,114.90M,-0.23%,34.5012,34.73808
06/22/2009,34.92,35.63,35.72,34.86,137.71M,-2.97%,34.4592,34.78812
06/19/2009,35.99,35.87,36.19,35.74,122.05M,0.95%,34.4166,34.8348
06/18/2009,35.65,35.66,35.89,35.4,126.27M,-0.20%,34.3328,34.87816
06/17/2009,35.72,35.5,36.04,35.28,153.42M,0.96%,34.2452,34.92436
06/16/2009,35.38,35.89,36.02,35.35,110.55M,-0.98%,34.1732,34.97564
06/15/2009,35.73,36.11,36.16,35.41,112.15M,-2.06%,34.1096,35.02532
06/12/2009,36.48,36.5,36.55,36.03,109.45M,-0.46%,34.0272,35.07564
06/11/2009,36.65,36.59,37.06,36.58,147.91M,0.00%,33.9102,35.124
06/10/2009,36.65,37.0,37.01,36.12,133.40M,-0.35%,33.7808,35.16996
06/09/2009,36.78,36.67,37.0,36.5,109.19M,0.77%,33.6462,35.21216
06/08/2009,36.5,36.36,36.78,35.95,89.19M,-0.30%,33.5242,35.2536
06/05/2009,36.61,36.79,36.91,36.25,121.96M,0.11%,33.4194,35.30084
06/04/2009,36.57,36.23,36.62,36.17,89.28M,1.13%,33.2938,35.34856
06/03/2009,36.16,36.11,36.2,35.76,93.33M,-0.30%,33.1662,35.39748
06/02/2009,36.27,36.02,36.62,35.94,126.86M,0.14%,33.0582,35.45408
06/01/2009,36.22,35.56,36.33,35.44,119.19M,2.84%,32.9136,35.50712
05/29/2009,35.22,34.82,35.33,34.6,111.54M,1.24%,32.78,35.55784
05/28/2009,34.79,34.61,34.91,34.05,118.93M,1.16%,32.6668,35.61364
05/27/2009,34.39,34.52,35.03,34.27,121.39M,-0.69%,32.5548,35.6736
05/26/2009,34.63,33.04,34.67,33.03,144.86M,3.74%,32.4296,35.73388
05/22/2009,33.38,33.62,33.81,33.16,83.52M,-0.33%,32.3092,35.79144
05/21/2009,33.49,33.86,34.1,33.15,139.25M,-1.85%,32.2124,35.85332
05/20/2009,34.12,34.38,34.88,34.02,131.87M,-0.35%,32.095,35.91128
05/19/2009,34.24,33.98,34.58,33.79,129.09M,0.47%,31.9566,35.96728
05/18/2009,34.08,33.43,34.12,33.23,114.33M,2.62%,31.7842,36.02216
05/15/2009,33.21,33.2,33.66,33.08,121.33M,-0.06%,31.6262,36.082
05/14/2009,33.23,32.95,33.54,32.93,140.02M,1.10%,31.4898,36.14684
05/13/2009,32.87,33.47,33.49,32.81,175.55M,-2.67%,31.3692,36.21304
05/12/2009,33.77,34.26,34.32,33.36,147.84M,-1.23%,31.2418,36.28052
05/11/2009,34.19,33.62,34.56,33.52,142.78M,0.35%,31.0968,36.34096
05/08/2009,34.07,34.19,34.58,33.72,183.51M,0.06%,30.961,36.40016
05/07/2009,34.05,35.09,35.11,33.72,216.48M,-2.35%,30.8328,36.45932
05/06/2009,34.87,35.16,35.18,34.3,178.84M,0.03%,30.721,36.51508
05/05/2009,34.86,34.83,34.9,34.47,113.64M,-0.09%,30.5966,36.56828
05/04/2009,34.89,34.51,34.93,34.36,119.32M,1.99%,30.454,36.62012
05/01/2009,34.21,34.12,34.38,33.85,100.11M,0.26%,30.331,36.67536
04/30/2009,34.12,34.21,34.74,33.88,144.12M,1.01%,30.22,36.73212
04/29/2009,33.78,33.59,34.24,33.48,141.41M,1.38%,30.1196,36.7898
04/28/2009,33.32,33.36,33.75,33.2,108.97M,-0.74%,30.0256,36.84856
04/27/2009,33.57,33.26,33.9,33.19,120.75M,0.12%,29.965,36.90324
04/24/2009,33.53,33.19,33.77,32.92,141.17M,1.73%,29.9022,36.95848
04/23/2009,32.96,32.86,32.99,32.34,181.85M,0.98%,29.8328,37.01244
04/22/2009,32.64,32.35,33.37,32.24,165.04M,0.31%,29.7776,37.06832
04/21/2009,32.54,31.94,32.59,31.93,145.49M,1.40%,29.7518,37.12596
04/20/2009,32.09,32.55,32.67,31.91,123.08M,-3.20%,29.7254,37.18232
04/17/2009,33.15,33.01,33.34,32.78,129.84M,0.18%,29.6922,37.23844
04/16/2009,33.09,32.68,33.27,32.36,171.17M,2.60%,29.6246,37.29312
04/15/2009,32.25,32.09,32.28,31.7,124.81M,-0.28%,29.5574,37.34672
04/14/2009,32.34,32.54,32.73,32.12,124.07M,-1.22%,29.4978,37.39796
04/13/2009,32.74,32.65,32.92,32.38,119.31M,-0.15%,29.4294,37.44924
04/09/2009,32.79,32.38,32.86,32.28,131.87M,3.11%,29.3634,37.494
04/08/2009,31.8,31.57,32.0,31.34,126.13M,1.69%,29.3118,37.53832
04/07/2009,31.27,31.75,31.77,31.06,147.53M,-2.65%,29.2594,37.5874
04/06/2009,32.12,31.82,32.18,31.5,160.41M,-0.25%,29.2134,37.64364
04/03/2009,32.2,31.9,32.25,31.68,134.58M,1.87%,29.1464,37.69392
04/02/2009,31.61,31.19,32.12,31.08,212.27M,3.20%,29.075,37.74592
04/01/2009,30.63,29.8,30.74,29.65,137.95M,1.49%,29.023,37.80168
03/31/2009,30.18,30.17,30.81,30.13,150.24M,0.87%,28.967,37.86176
03/30/2009,29.92,30.15,30.18,29.48,162.92M,-2.48%,28.949,37.92256
03/27/2009,30.68,30.93,31.03,30.57,156.11M,-1.86%,28.9298,37.984
03/26/2009,31.26,30.74,31.31,30.28,182.46M,3.07%,28.8862,38.0428
03/25/2009,30.33,30.44,30.91,29.52,190.60M,0.46%,28.8488,38.09184
03/24/2009,30.19,30.51,30.74,30.17,120.85M,-1.85%,28.8298,38.14368
03/23/2009,30.76,29.72,30.8,29.06,179.64M,5.92%,28.8246,38.19696
03/20/2009,29.04,29.52,29.89,28.85,149.44M,-1.69%,28.8218,38.25188
03/19/2009,29.54,29.98,29.99,29.32,146.77M,-0.07%,28.847,38.3142
03/18/2009,29.56,29.09,30.06,28.94,208.15M,1.27%,28.8798,38.37352
03/17/2009,29.19,28.28,29.19,28.17,169.85M,3.77%,28.9062,38.42684
03/16/2009,28.13,28.77,28.85,28.06,190.33M,-1.68%,28.9402,38.47832
03/13/2009,28.61,28.55,28.71,28.19,156.78M,0.25%,28.9696,38.53832
03/12/2009,28.54,27.59,28.63,27.31,184.51M,3.33%,28.9844,38.58904
03/11/2009,27.62,27.5,27.86,27.13,173.15M,1.54%,28.9888,38.64308
03/10/2009,27.2,26.14,27.26,26.04,175.07M,6.17%,29.0162,38.70396
03/09/2009,25.62,25.93,26.69,25.51,181.15M,-2.14%,29.0522,38.7652
03/06/2009,26.18,26.51,26.69,25.59,218.42M,-0.80%,29.1182,38.83324
03/05/2009,26.39,26.9,27.11,26.3,199.62M,-2.98%,29.176,38.8928
03/04/2009,27.2,26.88,27.58,26.79,164.91M,2.64%,29.2426,38.95472
03/03/2009,26.5,26.72,27.03,26.3,158.74M,-0.08%,29.289,39.0138
03/02/2009,26.52,26.99,27.38,26.35,188.18M,-3.21%,29.36,39.07948
02/27/2009,27.4,27.36,27.85,27.26,204.49M,-0.94%,29.438,39.14424
02/26/2009,27.66,28.65,28.82,27.57,211.28M,-2.81%,29.4704,39.20452
02/25/2009,28.46,28.49,29.03,28.01,220.22M,-0.66%,29.508,39.26488
02/24/2009,28.65,27.87,28.85,27.83,181.34M,3.32%,29.5178,39.32668
02/23/2009,27.73,28.89,28.91,27.6,169.47M,-3.51%,29.5402,39.3884
02/20/2009,28.74,28.33,29.01,28.26,210.75M,0.28%,29.583,39.45292
02/19/2009,28.66,29.29,29.47,28.59,155.32M,-1.51%,29.607,39.51276
02/18/2009,29.1,29.27,29.53,28.74,161.27M,0.07%,29.61,39.57204
02/17/2009,29.08,29.33,29.53,28.92,157.78M,-3.99%,29.5816,39.62892
02/13/2009,30.29,30.32,30.64,30.15,145.06M,-0.46%,29.5698,39.68756
02/12/2009,30.43,29.69,30.47,29.5,201.15M,1.23%,29.518,39.74056
02/11/2009,30.06,30.2,30.39,29.59,169.17M,-0.46%,29.4454,39.79332
02/10/2009,30.2,31.15,31.53,29.96,232.79M,-3.67%,29.4238,39.84816
02/09/2009,31.35,31.24,31.52,31.04,98.85M,0.42%,29.404,39.90564
02/06/2009,31.22,30.57,31.36,30.44,164.51M,2.60%,29.3378,39.95472
02/05/2009,30.43,29.33,30.63,29.32,217.57M,2.22%,29.2768,40.00528
02/04/2009,29.77,29.79,30.72,29.65,175.78M,0.13%,29.1992,40.05716
02/03/2009,29.73,29.32,30.29,28.89,120.61M,1.57%,29.1126,40.10972
02/02/2009,29.27,28.64,29.47,28.61,126.88M,1.21%,29.0526,40.16124
01/30/2009,28.92,29.68,29.79,28.81,140.36M,-1.77%,29.0314,40.21804
01/29/2009,29.44,29.83,30.26,29.34,130.77M,-2.55%,29.0178,40.28132
01/28/2009,30.21,29.69,30.51,29.67,139.80M,3.53%,29.006,40.34508
01/27/2009,29.18,29.0,29.43,28.98,110.91M,0.72%,29.0082,40.40392
01/26/2009,28.97,28.83,29.45,28.62,140.48M,0.70%,28.9962,40.46384
01/23/2009,28.77,28.18,29.21,28.01,170.16M,0.49%,29.016,40.52476
01/22/2009,28.63,28.39,29.09,28.13,200.60M,-1.31%,29.0532,40.58616
01/21/2009,29.01,28.3,29.05,27.97,149.24M,4.24%,29.1014,40.6468
01/20/2009,27.83,29.15,29.29,27.83,135.25M,-4.95%,29.1296,40.70956
01/16/2009,29.28,29.39,29.46,28.57,175.49M,1.10%,29.2098,40.77348
01/15/2009,28.96,28.42,29.2,27.94,192.79M,1.61%,29.296,40.83224
01/14/2009,28.5,29.03,29.14,28.34,137.10M,-3.03%,29.3702,40.89696
01/13/2009,29.39,29.38,29.84,29.04,186.39M,0.03%,29.455,40.96376
01/12/2009,29.38,29.98,30.01,29.06,102.78M,-1.84%,29.521,41.02956
01/09/2009,29.93,30.65,30.65,29.78,117.17M,-2.25%,29.566,41.09736
01/08/2009,30.62,30.2,30.66,29.94,131.93M,1.06%,29.6016,41.16824
01/07/2009,30.3,30.67,30.76,30.05,134.06M,-2.82%,29.5604,41.23308
01/06/2009,31.18,31.13,31.48,30.97,136.82M,0.97%,29.5418,41.30296
01/05/2009,30.88,30.68,31.18,30.45,91.82M,-0.03%,29.5252,41.36904
01/02/2009,30.89,29.63,30.99,29.55,107.92M,4.36%,29.517,41.43232
12/31/2008,29.6,29.34,29.94,29.31,89.22M,0.85%,29.5258,41.50056
12/30/2008,29.35,28.85,29.45,28.81,77.13M,2.05%,29.5948,41.57484
12/29/2008,28.76,29.09,29.1,28.33,52.74M,-0.79%,29.6508,41.65896
12/26/2008,28.99,29.05,29.09,28.84,20.95M,-0.03%,29.7178,41.7448
12/24/2008,29.0,29.06,29.07,28.85,27.21M,0.28%,29.7472,41.83276
12/23/2008,28.92,29.14,29.48,28.76,68.80M,-0.52%,29.8362,41.92324
12/22/2008,29.07,29.72,29.78,28.61,95.42M,-2.19%,29.9572,42.01432
12/19/2008,29.72,29.84,30.23,29.52,118.33M,0.68%,29.9992,42.10708
12/18/2008,29.52,30.05,30.26,29.22,142.77M,-1.76%,30.0322,42.1962
12/17/2008,30.05,30.09,30.46,29.68,159.97M,-1.22%,30.0866,42.28456
12/16/2008,30.42,29.28,30.52,28.96,172.05M,4.82%,30.1356,42.367
12/15/2008,29.02,29.59,29.62,28.61,107.94M,-1.76%,30.2212,42.44392
12/12/2008,29.54,28.56,29.72,28.34,158.61M,2.04%,30.361,42.52648
12/11/2008,28.95,29.66,30.13,28.81,167.45M,-2.75%,30.5018,42.60632
12/10/2008,29.77,29.95,30.32,29.48,162.46M,-0.33%,30.6892,42.69344
12/09/2008,29.87,29.54,30.69,29.43,178.39M,-0.23%,30.8684,42.7794
12/08/2008,29.94,29.41,30.32,29.3,185.85M,3.92%,31.0238,42.86608
12/05/2008,28.81,27.37,28.93,26.82,212.31M,4.08%,31.2428,42.95064
12/04/2008,27.68,28.02,28.65,27.19,188.92M,-2.84%,31.4928,43.0446
12/03/2008,28.49,27.0,28.58,26.94,231.01M,2.85%,31.7524,43.14224
12/02/2008,27.7,27.15,27.76,26.72,181.78M,3.36%,31.9902,43.2366
12/01/2008,26.8,28.37,28.38,26.76,149.33M,-7.52%,32.25,43.33112
11/28/2008,28.98,28.9,29.05,28.7,41.24M,-0.79%,32.568,43.42564
11/26/2008,29.21,27.75,29.22,27.68,165.06M,4.17%,32.816,43.51228
11/25/2008,28.04,28.49,28.51,27.39,203.05M,-0.46%,33.035,43.59972
11/24/2008,28.17,27.09,28.51,26.85,225.21M,6.10%,33.3184,43.6934
11/21/2008,26.55,25.84,26.56,24.93,282.77M,4.36%,33.5926,43.78568
11/20/2008,25.44,26.42,27.32,25.35,342.47M,-4.83%,33.9262,43.8784
11/19/2008,26.73,28.27,28.65,26.67,244.29M,-5.25%,34.2854,43.97164
11/18/2008,28.21,28.43,28.62,27.26,252.79M,-0.11%,34.6028,44.06316
11/17/2008,28.24,28.36,29.09,28.13,202.89M,-2.11%,34.8836,44.14664
11/14/2008,28.85,29.66,30.28,28.74,259.41M,-4.85%,35.1822,44.23236
11/13/2008,30.32,28.5,30.39,27.15,318.27M,6.09%,35.4702,44.31484
11/12/2008,28.58,29.51,29.66,28.52,184.94M,-4.61%,35.733,44.39376
11/11/2008,29.96,30.33,30.62,29.58,162.92M,-2.19%,36.0596,44.4778
11/10/2008,30.63,31.79,31.82,30.26,142.74M,-1.32%,36.3672,44.5574
11/07/2008,31.04,30.78,31.33,30.45,176.98M,2.04%,36.6728,44.63688
11/06/2008,30.42,31.35,31.72,30.26,220.78M,-4.46%,36.9898,44.70672
11/05/2008,31.84,33.33,33.44,31.77,184.15M,-5.21%,37.3116,44.78412
11/04/2008,33.59,33.33,33.85,32.83,182.53M,2.82%,37.599,44.86272
11/03/2008,32.67,32.66,33.14,32.36,128.50M,-0.21%,37.8526,44.94076
10/31/2008,32.74,32.21,33.27,31.94,224.28M,0.15%,38.1446,45.0278
10/30/2008,32.69,32.52,32.91,31.83,255.29M,3.35%,38.422,45.11212
10/29/2008,31.63,31.8,32.93,31.1,341.39M,-0.25%,38.7056,45.19804
10/28/2008,31.71,29.54,31.73,28.72,327.37M,11.03%,39.0088,45.28652
10/27/2008,28.56,29.0,30.06,28.53,239.49M,-2.76%,39.3222,45.37876
10/24/2008,29.37,28.0,30.11,27.96,322.13M,-3.23%,39.7096,45.48056
10/23/2008,30.35,30.32,30.95,28.77,377.97M,-0.39%,40.0828,45.57872
10/22/2008,30.47,31.24,31.45,29.57,289.99M,-2.74%,40.427,45.67204
10/21/2008,31.33,32.51,33.1,31.33,239.93M,-5.20%,40.7686,45.76136
10/20/2008,33.05,32.64,33.11,31.55,232.78M,2.80%,41.0926,45.85012
10/17/2008,32.15,31.47,33.49,31.26,326.59M,0.12%,41.3736,45.93364
10/16/2008,32.11,30.68,32.12,29.11,494.91M,5.42%,41.6516,46.01632
10/15/2008,30.46,33.08,33.19,30.4,312.09M,-8.94%,41.9376,46.09668
10/14/2008,33.45,35.93,35.98,33.04,342.31M,-4.35%,42.2428,46.18896
10/13/2008,34.97,32.71,35.09,32.25,277.35M,12.19%,42.4582,46.26836
10/10/2008,31.17,30.38,32.33,29.24,472.45M,-0.64%,42.6522,46.33896
10/09/2008,31.37,33.0,33.52,30.83,352.62M,-2.70%,42.9338,46.42576
10/08/2008,32.24,31.8,33.96,31.69,452.57M,-0.80%,43.2136,46.5134
10/07/2008,32.5,34.98,35.04,32.12,329.54M,-6.34%,43.4714,46.59408
10/06/2008,34.7,35.1,35.36,32.76,394.16M,-3.64%,43.7056,46.67712
10/03/2008,36.01,37.09,38.0,35.93,272.14M,-1.56%,43.9128,46.75084
10/02/2008,36.58,38.07,38.07,36.47,192.19M,-4.54%,44.0822,46.8184
10/01/2008,38.32,38.65,38.79,37.85,174.12M,-1.06%,44.2538,46.88236
09/30/2008,38.73,37.56,39.12,37.42,195.51M,2.90%,44.3788,46.9352
09/29/2008,37.64,40.07,40.19,37.01,307.95M,-7.95%,44.4956,46.98592
09/26/2008,40.89,40.11,41.3,40.03,182.68M,-1.02%,44.6304,47.04244
09/25/2008,41.31,41.02,41.82,40.84,148.59M,1.60%,44.7212,47.08592
09/24/2008,40.66,40.66,41.07,40.33,159.31M,0.69%,44.7976,47.12536
09/23/2008,40.38,40.99,41.56,40.25,185.95M,-0.76%,44.865,47.16808
09/22/2008,40.69,42.55,42.64,40.61,164.70M,-4.71%,44.9378,47.21088
09/19/2008,42.7,43.62,43.63,41.9,263.40M,3.19%,45.011,47.25144
09/18/2008,41.38,40.93,41.77,39.32,423.93M,3.04%,45.0584,47.28204
09/17/2008,40.16,41.65,42.22,40.0,340.09M,-4.86%,45.1216,47.31704
09/16/2008,42.21,41.28,42.64,41.24,349.55M,0.79%,45.2336,47.3556
09/15/2008,41.88,42.2,43.09,41.83,616.80M,-3.12%,45.2832,47.38652
09/12/2008,43.23,43.03,43.51,42.7,172.09M,-0.39%,45.334,47.41824
09/11/2008,43.4,41.97,43.49,41.97,203.44M,1.88%,45.3594,47.43964
09/10/2008,42.6,42.67,42.98,42.25,160.66M,0.83%,45.4034,47.462
09/09/2008,42.25,43.15,43.59,42.15,214.18M,-2.13%,45.4506,47.4874
09/08/2008,43.17,43.83,44.01,42.48,311.07M,-0.18%,45.5144,47.51324
09/05/2008,43.25,43.1,43.58,42.61,247.98M,-0.48%,45.5598,47.53536
09/04/2008,43.46,44.64,44.7,43.46,219.36M,-3.23%,45.6418,47.55428
09/03/2008,44.91,45.23,45.43,44.58,161.68M,-0.95%,45.7044,47.57248
09/02/2008,45.34,46.64,46.86,45.13,162.40M,-1.24%,45.7428,47.58848
08/29/2008,45.91,46.39,46.9,45.71,133.27M,-2.09%,45.78,47.60292
08/28/2008,46.89,46.7,47.06,46.61,112.81M,0.82%,45.8326,47.61708
08/27/2008,46.51,46.23,46.87,46.07,108.49M,0.65%,45.8508,47.62408
08/26/2008,46.21,46.29,46.55,45.91,107.23M,-0.13%,45.8868,47.63044
08/25/2008,46.27,46.93,46.99,46.15,128.08M,-2.12%,45.934,47.63704
08/22/2008,47.27,46.9,47.46,46.86,96.53M,1.42%,45.9714,47.63804
08/21/2008,46.61,46.51,46.86,46.16,118.92M,-0.55%,45.97,47.6396
08/20/2008,46.87,47.14,47.34,46.52,155.47M,0.17%,45.9806,47.64508
08/19/2008,46.79,47.14,47.37,46.53,155.42M,-1.25%,46.0094,47.64684
08/18/2008,47.38,48.07,48.08,47.04,151.40M,-1.15%,46.0444,47.64944
08/15/2008,47.93,48.12,48.34,47.74,123.12M,-0.21%,46.0728,47.64712
08/14/2008,48.03,47.32,48.23,47.27,158.07M,0.99%,46.1204,47.64064
08/13/2008,47.56,47.52,47.9,47.03,169.66M,0.02%,46.1504,47.63288
08/12/2008,47.55,47.54,47.94,47.29,140.60M,0.04%,46.1772,47.6236
08/11/2008,47.53,47.08,48.06,46.92,157.29M,0.91%,46.2096,47.61616
08/08/2008,47.1,46.03,47.22,45.94,143.12M,2.28%,46.2546,47.61232
08/07/2008,46.05,46.13,46.63,45.87,152.81M,-0.78%,46.3018,47.61344
08/06/2008,46.41,45.72,46.59,45.37,133.46M,1.51%,46.3612,47.61748
08/05/2008,45.72,44.69,45.76,44.63,151.73M,3.39%,46.41,47.6218
08/04/2008,44.22,44.66,44.71,44.09,116.31M,-1.01%,46.4552,47.63336
08/01/2008,44.67,45.31,45.34,44.19,180.38M,-1.28%,46.5332,47.6488
07/31/2008,45.25,44.9,45.94,44.81,180.73M,-0.24%,46.599,47.66112
07/30/2008,45.36,45.25,45.61,44.67,165.68M,0.51%,46.6748,47.66892
07/29/2008,45.13,44.42,45.33,44.36,142.29M,2.08%,46.756,47.67992
07/28/2008,44.21,45.06,45.31,44.0,124.03M,-1.89%,46.849,47.69012
07/25/2008,45.06,44.77,45.27,44.55,111.62M,1.30%,46.9596,47.70252
07/24/2008,44.48,45.38,45.4,44.44,145.56M,-1.51%,47.036,47.71556
07/23/2008,45.16,44.63,45.68,44.51,169.26M,1.32%,47.1262,47.72872
07/22/2008,44.57,43.81,44.6,43.66,152.52M,0.00%,47.2002,47.74308
07/21/2008,44.57,44.79,44.98,44.28,128.11M,0.43%,47.2686,47.76148
07/18/2008,44.38,44.96,44.96,44.38,160.66M,-2.31%,47.3406,47.7796
07/17/2008,45.43,45.35,45.61,44.77,197.56M,0.66%,47.4094,47.80144
07/16/2008,45.13,44.09,45.17,43.72,186.05M,2.50%,47.4748,47.819
07/15/2008,44.03,43.81,44.72,43.1,283.89M,0.02%,47.5402,47.83884
07/14/2008,44.02,44.92,44.97,43.86,177.39M,-0.74%,47.6304,47.86248
07/11/2008,44.35,44.6,45.06,43.65,265.51M,-1.60%,47.7194,47.8864
07/10/2008,45.07,44.61,45.21,44.17,238.81M,1.19%,47.7722,47.90748
07/09/2008,44.54,45.75,45.82,44.52,168.58M,-2.67%,47.8184,47.92588
07/08/2008,45.76,44.74,45.8,44.56,206.26M,2.39%,47.868,47.94504
07/07/2008,44.69,44.84,45.25,44.03,181.01M,0.61%,47.8914,47.95632
07/03/2008,44.42,44.77,44.87,44.07,123.12M,-0.18%,47.9386,47.97056
07/02/2008,44.5,45.75,45.92,44.43,199.73M,-2.41%,47.9828,47.98752
07/01/2008,45.6,44.65,45.65,44.47,245.49M,1.42%,48.0152,48.00404
06/30/2008,44.96,45.32,45.62,44.94,132.93M,-1.06%,48.0396,48.01536
06/27/2008,45.44,45.37,45.69,44.76,181.35M,0.00%,48.0702,48.02784
06/26/2008,45.44,46.48,46.48,45.43,190.03M,-4.03%,48.0626,48.03724
06/25/2008,47.35,46.79,47.78,46.72,179.02M,1.63%,48.057,48.045
06/24/2008,46.59,46.61,47.15,46.19,178.29M,-0.51%,47.9886,48.0448
06/23/2008,46.83,47.4,47.52,46.76,131.55M,-0.78%,47.9342,48.04772
06/20/2008,47.2,48.11,48.12,46.99,197.43M,-2.76%,47.879,48.0468
06/19/2008,48.54,47.7,48.78,47.39,221.37M,1.55%,47.8416,48.04548
06/18/2008,47.8,48.04,48.22,47.61,169.34M,-1.06%,47.7646,48.0396
06/17/2008,48.31,48.72,48.83,48.24,122.95M,-0.54%,47.7126,48.03848
06/16/2008,48.57,47.9,48.79,47.85,136.34M,0.89%,47.6574,48.0336
06/13/2008,48.14,47.48,48.24,47.24,167.85M,1.99%,47.599,48.02948
06/12/2008,47.2,47.49,47.89,46.78,189.92M,0.13%,47.5438,48.02712
06/11/2008,47.14,48.22,48.29,47.13,170.37M,-2.42%,47.5054,48.02836
06/10/2008,48.31,48.06,48.71,47.94,162.80M,-0.47%,47.4702,48.02836
06/09/2008,48.54,48.88,48.96,47.73,208.90M,-0.53%,47.3744,48.02244
06/06/2008,48.8,49.88,49.98,48.79,189.14M,-3.00%,47.2694,48.01356
06/05/2008,50.31,49.64,50.37,49.47,126.65M,1.57%,47.1636,48.00476
06/04/2008,49.53,48.74,49.87,48.71,174.97M,1.29%,47.0472,47.99028
06/03/2008,48.9,49.36,49.67,48.44,167.68M,-0.55%,46.949,47.97664
06/02/2008,49.17,49.69,49.69,48.73,144.36M,-1.23%,46.8584,47.96844
05/30/2008,49.78,49.66,50.01,49.52,94.16M,0.65%,46.7328,47.9612
05/29/2008,49.46,49.04,49.74,49.02,143.99M,0.90%,46.5784,47.95152
05/28/2008,49.02,49.05,49.13,48.52,121.37M,0.35%,46.4518,47.94256
05/27/2008,48.85,48.09,48.88,48.07,106.99M,1.81%,46.2972,47.93524
05/23/2008,47.98,47.96,48.13,47.6,121.71M,-0.29%,46.1612,47.92772
05/22/2008,48.12,48.08,48.46,47.89,153.20M,0.33%,46.0584,47.92216
05/21/2008,47.96,49.08,49.37,47.8,192.81M,-2.20%,45.9462,47.9146
05/20/2008,49.04,49.22,49.24,48.66,137.16M,-0.77%,45.8396,47.90652
05/19/2008,49.42,49.82,50.23,49.11,140.18M,-0.72%,45.6802,47.8968
05/16/2008,49.78,49.86,49.88,49.22,146.56M,0.08%,45.5292,47.88644
05/15/2008,49.74,48.88,49.79,48.75,157.25M,1.76%,45.373,47.87448
05/14/2008,48.88,49.19,49.7,48.81,143.60M,-0.22%,45.2366,47.86148
05/13/2008,48.99,48.9,49.1,48.53,85.45M,0.27%,45.1132,47.8504
05/12/2008,48.86,48.06,48.96,47.98,89.64M,1.81%,44.9828,47.83976
05/09/2008,47.99,47.81,48.23,47.68,97.06M,-0.37%,44.8606,47.82788
05/08/2008,48.17,48.02,48.47,47.84,128.06M,0.73%,44.779,47.82088
05/07/2008,47.82,48.7,49.0,47.65,140.01M,-1.81%,44.6972,47.81444
05/06/2008,48.7,48.26,48.9,47.92,139.58M,0.62%,44.618,47.80704
05/05/2008,48.4,48.5,48.8,48.17,75.62M,-0.29%,44.518,47.79868
05/02/2008,48.54,48.96,48.96,48.11,124.99M,0.14%,44.4196,47.79112
05/01/2008,48.47,47.02,48.49,47.0,143.60M,3.15%,44.3152,47.7826
04/30/2008,46.99,47.47,47.84,46.81,132.15M,-0.82%,44.2206,47.77436
04/29/2008,47.38,46.93,47.54,46.84,91.27M,0.77%,44.1516,47.77188
04/28/2008,47.02,47.03,47.4,46.91,71.24M,0.19%,44.0764,47.76716
04/25/2008,46.93,47.09,47.13,46.35,121.95M,-0.26%,44.0114,47.76248
04/24/2008,47.05,46.65,47.57,46.17,166.69M,0.90%,43.9642,47.75776
04/23/2008,46.63,46.46,46.84,46.06,131.09M,1.11%,43.8956,47.75496
04/22/2008,46.12,46.51,46.55,45.72,104.69M,-1.50%,43.8402,47.75376
04/21/2008,46.82,46.39,46.86,46.27,83.30M,0.71%,43.7858,47.75364
04/18/2008,46.49,46.29,46.71,46.0,133.02M,3.17%,43.7076,47.74832
04/17/2008,45.06,45.21,45.54,44.77,125.06M,-0.22%,43.63,47.7434
04/16/2008,45.16,44.48,45.27,44.44,134.03M,2.80%,43.5982,47.74392
04/15/2008,43.93,44.03,44.14,43.48,124.23M,0.14%,43.5898,47.74304
04/14/2008,43.87,44.0,44.27,43.75,89.27M,-0.45%,43.6188,47.74652
04/11/2008,44.07,44.81,44.89,43.91,120.14M,-2.78%,43.6398,47.75084
04/10/2008,45.33,44.72,45.63,44.72,112.80M,1.43%,43.6416,47.75396
04/09/2008,44.69,45.26,45.28,44.42,127.26M,-1.13%,43.619,47.7504
04/08/2008,45.2,45.2,45.51,44.97,97.57M,-0.77%,43.6076,47.74904
04/07/2008,45.55,45.94,46.19,45.44,102.61M,-0.22%,43.5794,47.74424
04/04/2008,45.65,45.57,46.13,45.19,139.28M,0.59%,43.5624,47.73992
04/03/2008,45.38,45.08,45.7,44.93,140.03M,0.22%,43.5256,47.73428
04/02/2008,45.28,45.48,45.81,44.96,132.49M,-0.22%,43.4974,47.73016
04/01/2008,45.38,44.24,45.4,44.2,137.49M,4.27%,43.4946,47.72556
03/31/2008,43.52,43.45,43.81,43.25,113.64M,0.53%,43.491,47.71984
03/28/2008,43.29,43.82,44.13,43.13,111.84M,-0.51%,43.5374,47.71932
03/27/2008,43.51,44.23,44.3,43.51,143.87M,-2.20%,43.5982,47.71948
03/26/2008,44.49,44.48,44.64,44.07,124.82M,-0.29%,43.681,47.71892
03/25/2008,44.62,44.47,44.86,44.07,118.22M,0.56%,43.7278,47.71424
03/24/2008,44.37,43.08,44.55,43.08,125.08M,3.45%,43.7908,47.71092
03/20/2008,42.89,42.15,42.9,41.9,128.40M,1.97%,43.8574,47.7098
03/19/2008,42.06,43.31,43.4,42.03,216.16M,-2.48%,43.9336,47.71388
03/18/2008,43.13,42.04,43.14,41.91,216.30M,4.46%,44.0514,47.72184
03/17/2008,41.29,41.07,41.81,40.86,193.13M,-1.81%,44.1522,47.72616
03/14/2008,42.05,43.16,43.18,41.55,309.59M,-1.84%,44.334,47.73452
03/13/2008,42.84,42.01,43.13,41.62,208.99M,0.78%,44.4974,47.7386
03/12/2008,42.51,42.82,43.24,42.4,155.57M,-0.28%,44.6602,47.73776
03/11/2008,42.63,41.67,42.65,41.32,196.89M,3.80%,44.8424,47.73848
03/10/2008,41.07,41.81,41.94,40.98,146.96M,-1.91%,45.0236,47.73912
03/07/2008,41.87,41.71,42.44,41.19,242.55M,-0.24%,45.2474,47.74352
03/06/2008,41.97,42.89,43.07,41.9,152.75M,-2.21%,45.45,47.74808
03/05/2008,42.92,42.79,43.34,42.55,183.21M,0.49%,45.6428,47.75132
03/04/2008,42.71,42.21,42.84,41.82,183.85M,0.57%,45.7976,47.75072
03/03/2008,42.47,42.73,42.79,42.04,133.64M,-0.65%,45.9364,47.7498
02/29/2008,42.75,43.45,43.57,42.65,188.72M,-2.64%,46.0802,47.75052
02/28/2008,43.91,43.9,44.32,43.75,129.20M,-0.39%,46.2152,47.74732
02/27/2008,44.08,43.57,44.25,43.47,125.68M,0.50%,46.3516,47.7408
02/26/2008,43.86,43.45,44.27,43.17,148.38M,0.37%,46.4952,47.7362
02/25/2008,43.7,43.42,43.86,43.14,121.44M,0.51%,46.6488,47.73328
02/22/2008,43.48,43.47,43.49,42.4,157.36M,0.37%,46.7964,47.73044
02/21/2008,43.32,44.15,44.26,43.14,127.86M,-0.96%,46.9728,47.73584
02/20/2008,43.74,43.05,43.88,43.04,137.34M,0.46%,47.1482,47.74276
02/19/2008,43.54,44.18,44.29,43.07,110.51M,-0.18%,47.315,47.74864
02/15/2008,43.62,43.57,43.78,43.25,100.05M,-0.34%,47.4708,47.7544
02/14/2008,43.77,44.63,44.64,43.69,170.87M,-1.79%,47.607,47.75928
02/13/2008,44.57,44.18,44.67,43.95,148.69M,2.18%,47.7444,47.7622
02/12/2008,43.62,44.12,44.47,43.31,145.41M,-0.55%,47.8744,47.76252
02/11/2008,43.86,43.58,44.01,43.34,119.56M,1.06%,48.0312,47.7656
02/08/2008,43.4,42.98,43.57,42.74,173.78M,1.14%,48.1788,47.7648
02/07/2008,42.91,42.15,43.59,41.95,286.34M,0.70%,48.3054,47.7652
02/06/2008,42.61,43.72,43.96,42.57,178.28M,-1.98%,48.4222,47.76812
02/05/2008,43.47,43.91,44.39,43.44,188.99M,-2.84%,48.5622,47.77464
02/04/2008,44.74,45.37,45.4,44.73,100.21M,-1.41%,48.6744,47.77776
02/01/2008,45.38,45.31,45.67,44.67,161.92M,1.02%,48.773,47.77416
01/31/2008,44.92,43.67,45.38,43.62,246.82M,1.72%,48.8548,47.76828
01/30/2008,44.16,44.03,45.11,43.97,220.82M,-0.09%,48.9574,47.7644
01/29/2008,44.2,44.35,44.47,43.83,138.52M,0.18%,49.066,47.763
01/28/2008,44.12,43.81,44.23,43.37,163.71M,0.75%,49.1792,47.76164
01/25/2008,43.79,45.65,45.66,43.74,199.30M,-2.04%,49.3068,47.75888
01/24/2008,44.7,43.98,44.72,43.85,250.25M,2.03%,49.401,47.75736
01/23/2008,43.81,42.34,43.94,41.42,390.16M,-0.36%,49.5024,47.75204
01/22/2008,43.97,42.63,44.56,42.53,325.73M,-2.59%,49.656,47.75092
01/18/2008,45.14,45.43,45.93,44.55,273.06M,-0.13%,49.8386,47.7514
01/17/2008,45.2,46.02,46.36,44.99,254.46M,-1.40%,50.0244,47.74436
01/16/2008,45.84,45.97,46.69,45.25,265.73M,-1.06%,50.1968,47.73752
01/15/2008,46.33,47.16,47.3,46.13,241.79M,-2.77%,50.3634,47.73
01/14/2008,47.65,47.47,47.79,47.09,168.05M,1.75%,50.5118,47.72016
01/11/2008,46.83,47.5,47.55,46.48,211.69M,-1.97%,50.6542,47.70836
01/10/2008,47.77,47.2,48.18,47.07,249.96M,0.15%,50.7978,47.70132
01/09/2008,47.7,46.87,47.74,46.24,254.11M,2.14%,50.9206,47.69064
01/08/2008,46.7,48.07,48.53,46.7,261.70M,-2.61%,51.0402,47.67932
01/07/2008,47.95,48.18,48.37,47.21,235.08M,-0.46%,51.1622,47.67016
01/04/2008,48.17,49.56,49.6,47.99,212.66M,-4.39%,51.2736,47.65392
01/03/2008,50.38,50.17,50.52,49.92,114.11M,0.32%,51.3888,47.63596
01/02/2008,50.22,51.03,51.23,49.9,152.34M,-1.49%,51.4376,47.60904
12/31/2007,50.98,51.32,51.44,50.97,70.14M,-1.24%,51.4772,47.58356
12/28/2007,51.62,51.8,51.92,51.19,67.56M,-0.14%,51.5282,47.5518
12/27/2007,51.69,52.09,52.26,51.47,65.78M,-1.09%,51.5618,47.51716
12/26/2007,52.26,51.91,52.38,51.76,58.49M,0.50%,51.5804,47.48208
12/24/2007,52.0,51.77,52.16,51.71,34.50M,0.76%,51.5926,47.44556
12/21/2007,51.61,51.47,51.66,51.24,107.61M,1.88%,51.6182,47.4092
12/20/2007,50.66,50.43,50.72,49.97,167.34M,2.03%,51.6342,47.37368
12/19/2007,49.65,49.66,49.97,49.38,137.97M,-0.02%,51.6862,47.34376
12/18/2007,49.66,50.01,50.04,48.95,154.25M,0.32%,51.7558,47.31912
12/17/2007,49.5,50.54,50.75,49.48,134.38M,-2.42%,51.8206,47.29508
12/14/2007,50.73,50.85,51.36,50.68,128.41M,-1.03%,51.882,47.27224
12/13/2007,51.26,51.09,51.39,50.74,153.68M,-0.54%,51.898,47.2462
12/12/2007,51.54,52.01,52.19,50.65,162.98M,0.90%,51.901,47.2178
12/11/2007,51.08,52.36,52.59,50.97,167.06M,-2.33%,51.9056,47.18636
12/10/2007,52.3,52.2,52.44,52.08,75.66M,0.40%,51.9192,47.15644
12/07/2007,52.09,52.05,52.3,51.84,88.99M,0.02%,51.8966,47.12264
12/06/2007,52.08,51.39,52.13,51.37,99.76M,1.46%,51.8816,47.08908
12/05/2007,51.33,50.96,51.76,50.92,137.62M,1.78%,51.8616,47.05476
12/04/2007,50.43,50.22,50.7,50.15,113.37M,-0.41%,51.8516,47.02564
12/03/2007,50.64,50.9,51.29,50.58,108.63M,-0.84%,51.85,47.00076
11/30/2007,51.07,51.97,52.01,50.71,171.42M,-0.76%,51.8398,46.9744
11/29/2007,51.46,51.03,51.65,50.96,172.09M,0.43%,51.8144,46.94396
11/28/2007,51.24,50.39,51.46,50.36,216.87M,3.04%,51.784,46.91344
11/27/2007,49.73,49.16,49.82,48.87,211.37M,2.01%,51.7554,46.88392
11/26/2007,48.75,49.75,50.14,48.67,150.35M,-1.73%,51.7324,46.85928
11/23/2007,49.61,49.4,49.74,49.14,46.47M,1.08%,51.7372,46.83812
11/21/2007,49.08,49.2,49.94,48.62,212.72M,-1.19%,51.724,46.81744
11/20/2007,49.67,49.72,50.54,48.7,300.76M,0.40%,51.7166,46.7992
11/19/2007,49.47,49.94,50.22,49.18,198.65M,-1.16%,51.6972,46.77748
11/16/2007,50.05,49.91,50.25,49.11,263.62M,0.93%,51.6674,46.75632
11/15/2007,49.59,49.77,50.3,49.14,251.55M,-0.54%,51.6266,46.73248
11/14/2007,49.86,51.15,51.2,49.67,263.29M,-1.27%,51.613,46.71048
11/13/2007,50.5,49.16,50.55,49.12,255.63M,4.12%,51.5948,46.68664
11/12/2007,48.5,49.69,50.01,48.42,283.22M,-2.55%,51.5738,46.65956
11/09/2007,49.77,50.49,50.88,49.77,309.42M,-3.34%,51.5766,46.6386
11/08/2007,51.49,52.89,53.08,50.56,380.63M,-3.03%,51.5432,46.61084
11/07/2007,53.1,53.97,54.33,53.06,197.91M,-2.44%,51.4706,46.57528
11/06/2007,54.43,54.08,54.44,53.53,131.88M,1.13%,51.339,46.5342
11/05/2007,53.82,53.61,54.15,53.34,150.59M,-0.65%,51.2036,46.487
11/02/2007,54.17,54.17,54.3,53.35,217.88M,0.78%,51.0868,46.44108
11/01/2007,53.75,54.43,54.51,53.72,181.97M,-1.86%,50.9496,46.39132
10/31/2007,54.77,54.22,54.81,53.79,148.43M,1.41%,50.8234,46.34368
10/30/2007,54.01,53.69,54.31,53.65,114.62M,0.19%,50.664,46.2918
10/29/2007,53.91,53.94,54.08,53.59,101.90M,0.43%,50.51,46.24528
10/26/2007,53.68,53.83,53.95,53.19,146.69M,1.67%,50.3536,46.19876
10/25/2007,52.8,53.63,53.73,52.5,233.84M,-1.35%,50.1848,46.15208
10/24/2007,53.52,53.49,53.69,51.76,298.35M,-0.76%,50.0426,46.11136
10/23/2007,53.93,53.36,53.96,53.09,162.36M,2.10%,49.9036,46.0662
10/22/2007,52.82,51.92,52.87,51.78,207.09M,1.19%,49.7726,46.0182
10/19/2007,52.2,53.52,53.52,52.15,245.11M,-2.48%,49.6574,45.97584
10/18/2007,53.53,53.08,53.64,52.87,144.50M,0.43%,49.5632,45.93424
10/17/2007,53.3,53.37,53.41,52.43,183.99M,1.29%,49.4648,45.88692
10/16/2007,52.62,52.54,53.03,52.43,193.68M,-0.47%,49.3604,45.84016
10/15/2007,52.87,53.36,53.46,52.45,121.58M,-0.77%,49.263,45.79688
10/12/2007,53.28,52.65,53.29,52.55,131.68M,1.66%,49.1496,45.7544
10/11/2007,52.41,53.54,53.69,52.04,239.79M,-1.60%,49.0462,45.7102
10/10/2007,53.26,53.14,53.32,52.96,91.78M,0.24%,48.9516,45.66868
10/09/2007,53.13,53.02,53.2,52.78,94.21M,0.43%,48.8326,45.62104
10/08/2007,52.9,52.55,52.91,52.46,63.02M,0.63%,48.7364,45.57424
10/05/2007,52.57,51.93,52.65,51.82,115.68M,2.02%,48.6338,45.52808
10/04/2007,51.53,51.51,51.59,51.1,84.13M,0.23%,48.5574,45.48268
10/03/2007,51.41,51.6,51.83,51.26,106.78M,-0.70%,48.5102,45.4418
10/02/2007,51.77,51.8,51.82,51.48,71.05M,0.02%,48.464,45.4006
10/01/2007,51.76,51.21,51.92,51.14,100.40M,1.15%,48.4254,45.354
09/28/2007,51.17,51.3,51.44,50.94,75.55M,-0.33%,48.3866,45.30676
09/27/2007,51.34,51.38,51.41,51.12,73.43M,0.51%,48.365,45.26392
09/26/2007,51.08,51.12,51.27,50.88,96.12M,0.49%,48.337,45.22112
09/25/2007,50.83,50.19,50.83,50.13,101.10M,0.95%,48.3154,45.17892
09/24/2007,50.35,50.25,50.72,50.1,107.23M,0.44%,48.2912,45.13792
09/21/2007,50.13,50.05,50.28,49.78,86.84M,0.66%,48.2776,45.09804
09/20/2007,49.8,49.83,50.03,49.69,109.97M,-0.28%,48.2616,45.05624
09/19/2007,49.94,50.06,50.35,49.75,127.03M,0.26%,48.2372,45.017
09/18/2007,49.81,48.86,52.52,48.6,151.45M,2.53%,48.2034,44.9782
09/17/2007,48.58,48.76,48.87,48.36,84.88M,-0.84%,48.1804,44.9376
09/14/2007,48.99,48.57,49.08,48.5,99.80M,0.08%,48.1814,44.90296
09/13/2007,48.95,49.06,49.12,48.71,80.81M,0.49%,48.1702,44.86668
09/12/2007,48.71,48.61,49.14,48.55,94.01M,0.02%,48.1528,44.83008
09/11/2007,48.7,48.28,48.76,48.2,103.06M,1.50%,48.1344,44.79432
09/10/2007,47.98,48.39,48.52,47.59,125.21M,-0.06%,48.108,44.75752
09/07/2007,48.01,48.3,48.37,47.73,152.44M,-1.84%,48.0944,44.72072
09/06/2007,48.91,49.0,49.13,48.58,99.22M,-0.08%,48.0806,44.68284
09/05/2007,48.95,49.32,49.42,48.64,114.05M,-1.01%,48.0344,44.6404
09/04/2007,49.45,48.69,49.77,48.68,98.48M,1.67%,47.9928,44.59856
08/31/2007,48.64,48.63,48.83,48.38,94.69M,1.12%,47.9452,44.55788
08/30/2007,48.1,47.61,48.51,47.53,138.93M,0.50%,47.9228,44.51892
08/29/2007,47.86,46.83,47.9,46.83,113.20M,2.88%,47.9026,44.48128
08/28/2007,46.52,47.38,47.48,46.49,106.02M,-2.39%,47.8962,44.44476
08/27/2007,47.66,47.83,47.98,47.62,72.49M,-0.67%,47.9168,44.41288
08/24/2007,47.98,47.16,48.02,47.1,88.19M,1.42%,47.9138,44.37596
08/23/2007,47.31,47.6,47.63,47.01,118.66M,-0.27%,47.897,44.3366
08/22/2007,47.44,47.15,47.48,47.05,115.82M,1.37%,47.8874,44.29964
08/21/2007,46.8,46.26,46.91,46.17,115.03M,1.06%,47.865,44.26172
08/20/2007,46.31,46.26,46.5,45.87,144.72M,0.48%,47.861,44.22752
08/17/2007,46.09,46.09,46.37,45.38,223.25M,1.88%,47.8686,44.19524
08/16/2007,45.24,45.33,45.7,45.24,362.48M,-0.98%,47.8692,44.16532
08/15/2007,45.69,46.46,46.87,45.6,214.85M,-1.89%,47.9014,44.13856
08/14/2007,46.57,47.47,47.52,46.51,153.54M,-1.71%,47.9348,44.1094
08/13/2007,47.38,47.46,47.66,47.26,116.96M,0.68%,47.9506,44.0732
08/10/2007,47.06,46.99,47.61,46.41,247.01M,-0.91%,47.9474,44.03008
08/09/2007,47.49,47.97,48.74,47.47,242.87M,-2.30%,47.95,43.98728
08/08/2007,48.61,48.28,48.83,48.17,165.28M,1.10%,47.9396,43.9438
08/07/2007,48.08,47.66,48.39,47.26,167.58M,0.69%,47.8992,43.8948
08/06/2007,47.75,47.24,47.8,46.81,190.96M,1.17%,47.8622,43.84772
08/03/2007,47.2,48.03,48.08,46.93,166.05M,-1.89%,47.826,43.80288
08/02/2007,48.11,47.72,48.2,47.57,177.80M,0.90%,47.8142,43.7612
08/01/2007,47.68,47.17,47.71,46.76,301.21M,0.78%,47.7886,43.71656
07/31/2007,47.31,48.74,48.76,47.21,260.32M,-2.09%,47.7708,43.67272
07/30/2007,48.32,47.99,48.5,47.73,166.52M,1.15%,47.7544,43.62872
07/27/2007,47.77,48.66,48.89,47.77,246.39M,-2.01%,47.7102,43.58316
07/26/2007,48.75,48.84,49.24,47.83,318.65M,-0.85%,47.6814,43.53984
07/25/2007,49.17,49.34,49.44,48.83,170.91M,0.14%,47.6242,43.48956
07/24/2007,49.1,49.48,49.87,48.82,175.55M,-1.48%,47.5656,43.43856
07/23/2007,49.84,49.98,50.08,49.69,107.46M,0.04%,47.5148,43.38796
07/20/2007,49.82,50.06,50.13,49.51,163.72M,-0.54%,47.4374,43.33356
07/19/2007,50.09,50.18,50.42,50.08,116.56M,0.30%,47.3732,43.2764
07/18/2007,49.94,49.71,49.94,49.41,144.92M,-0.12%,47.3016,43.21968
07/17/2007,50.0,49.74,50.07,49.69,124.84M,0.77%,47.231,43.16572
07/16/2007,49.62,49.67,49.85,49.53,77.80M,-0.10%,47.1592,43.10964
07/13/2007,49.67,49.39,49.74,49.34,74.23M,0.69%,47.0942,43.0546
07/12/2007,49.33,48.82,49.44,48.69,107.67M,1.54%,47.0248,42.999
07/11/2007,48.58,48.14,48.58,48.09,99.64M,0.68%,46.9552,42.94624
07/10/2007,48.25,48.39,48.67,48.2,104.40M,-0.84%,46.8986,42.89896
07/09/2007,48.66,48.67,48.75,48.49,66.77M,0.06%,46.8606,42.8558
07/06/2007,48.63,48.48,48.68,48.27,65.81M,0.41%,46.814,42.80992
07/05/2007,48.43,48.12,48.54,48.07,73.59M,0.73%,46.7632,42.76544
07/03/2007,48.08,47.88,48.09,47.82,34.80M,0.61%,46.7044,42.72344
07/02/2007,47.79,47.49,47.82,47.46,80.93M,0.87%,46.648,42.683
06/29/2007,47.38,47.57,47.66,46.99,124.79M,0.17%,46.596,42.64712
06/28/2007,47.3,47.3,47.63,47.25,116.60M,-0.04%,46.5472,42.61196
06/27/2007,47.32,46.52,47.34,46.48,141.24M,1.55%,46.4972,42.57788
06/26/2007,46.6,47.1,47.1,46.52,128.21M,-0.58%,46.4498,42.53912
06/25/2007,46.87,47.09,47.36,46.6,136.62M,-0.42%,46.4148,42.50216
06/22/2007,47.07,47.42,47.49,46.92,153.42M,-0.95%,46.3662,42.46696
06/21/2007,47.52,47.08,47.57,46.86,143.20M,0.91%,46.3118,42.43056
06/20/2007,47.09,47.61,47.7,47.02,161.94M,-0.95%,46.2414,42.39252
06/19/2007,47.54,47.41,47.64,47.29,109.68M,-0.02%,46.189,42.35816
06/18/2007,47.55,47.63,47.65,47.45,75.77M,0.08%,46.123,42.3196
06/15/2007,47.51,47.53,47.65,47.43,100.41M,0.78%,46.059,42.2808
06/14/2007,47.14,46.88,47.27,46.87,101.55M,0.66%,45.9914,42.2434
06/13/2007,46.83,46.52,46.87,46.32,148.03M,1.10%,45.9276,42.20872
06/12/2007,46.32,46.35,46.82,46.23,154.11M,-0.60%,45.8588,42.1712
06/11/2007,46.6,46.67,46.97,46.54,97.15M,-0.19%,45.799,42.13424
06/08/2007,46.69,46.11,46.71,45.94,177.61M,1.24%,45.7344,42.09676
06/07/2007,46.12,46.69,46.99,46.1,221.63M,-1.56%,45.667,42.06188
06/06/2007,46.85,47.15,47.16,46.74,183.21M,-1.08%,45.6204,42.03028
06/05/2007,47.36,47.21,47.36,46.78,151.18M,0.00%,45.5652,41.996
06/04/2007,47.36,47.05,47.42,47.02,65.39M,0.30%,45.4962,41.96084
06/01/2007,47.22,47.36,47.55,47.15,125.12M,0.06%,45.43,41.9258
05/31/2007,47.19,47.1,47.3,46.99,110.73M,0.47%,45.3698,41.89476
05/30/2007,46.97,46.26,46.98,46.13,134.48M,0.82%,45.2936,41.8642
05/29/2007,46.59,46.27,46.64,46.19,99.72M,0.78%,45.2156,41.83088
05/25/2007,46.23,46.04,46.34,45.96,87.15M,0.63%,45.1364,41.79836
05/24/2007,45.94,46.64,46.82,45.76,206.34M,-1.44%,45.0656,41.77068
05/23/2007,46.61,46.97,47.15,46.58,119.43M,-0.47%,45.0026,41.74364
05/22/2007,46.83,46.82,47.06,46.65,98.13M,0.09%,44.9138,41.71188
05/21/2007,46.79,46.52,47.02,46.45,112.90M,0.65%,44.8374,41.6782
05/18/2007,46.49,46.26,46.49,46.16,104.99M,0.82%,44.7572,41.6462
05/17/2007,46.11,46.28,46.35,46.07,110.31M,-0.47%,44.6828,41.61692
05/16/2007,46.33,45.98,46.34,45.7,144.72M,0.96%,44.6102,41.58796
05/15/2007,45.89,46.19,46.48,45.78,179.49M,-0.76%,44.5366,41.5592
05/14/2007,46.24,46.55,46.66,45.97,118.97M,-0.69%,44.4578,41.53432
05/11/2007,46.56,46.02,46.56,45.96,103.20M,1.28%,44.3786,41.50924
05/10/2007,45.97,46.45,46.56,45.86,171.26M,-1.37%,44.306,41.483
05/09/2007,46.61,46.27,46.75,46.24,116.01M,0.22%,44.2492,41.46132
05/08/2007,46.51,46.25,46.55,46.08,95.20M,0.22%,44.1768,41.4408
05/07/2007,46.41,46.43,46.56,46.35,47.69M,0.00%,44.1432,41.42212
05/04/2007,46.41,46.55,46.67,46.2,93.63M,0.09%,44.116,41.40448
05/03/2007,46.37,46.31,46.5,46.21,98.02M,0.37%,44.092,41.38668
05/02/2007,46.2,45.88,46.36,45.84,91.99M,0.76%,44.0642,41.36776
05/01/2007,45.85,45.76,45.93,45.45,135.09M,0.22%,44.037,41.34816
04/30/2007,45.75,46.28,46.31,45.71,93.47M,-1.29%,44.01,41.3302
04/27/2007,46.35,46.15,46.48,46.07,96.61M,0.04%,43.988,41.3122
04/26/2007,46.33,46.2,46.43,46.11,99.41M,0.52%,43.9488,41.29344
04/25/2007,46.09,45.64,46.1,45.49,106.95M,1.32%,43.8954,41.27636
04/24/2007,45.49,45.42,45.62,45.12,108.20M,0.51%,43.8436,41.25868
04/23/2007,45.26,45.23,45.39,45.13,85.45M,0.15%,43.8066,41.2434
04/20/2007,45.19,45.31,45.46,44.99,122.44M,0.56%,43.7862,41.2294
04/19/2007,44.94,44.6,45.04,44.51,95.51M,0.31%,43.7674,41.21584
04/18/2007,44.8,44.72,45.02,44.62,82.05M,-0.33%,43.7454,41.20528
04/17/2007,44.95,44.93,44.99,44.75,81.88M,0.22%,43.7276,41.19588
04/16/2007,44.85,44.62,44.94,44.62,73.03M,0.92%,43.7076,41.18512
04/13/2007,44.44,44.36,44.51,44.08,94.58M,0.20%,43.6868,41.1716
04/12/2007,44.35,43.93,44.41,43.75,114.84M,0.80%,43.6752,41.16144
04/11/2007,44.0,44.43,44.45,43.86,116.95M,-1.06%,43.6568,41.15096
04/10/2007,44.47,44.23,44.47,44.2,76.44M,0.52%,43.645,41.14184
04/09/2007,44.24,44.5,44.54,44.17,63.06M,-0.25%,43.623,41.1322
04/05/2007,44.35,44.08,44.37,44.02,54.26M,0.50%,43.6088,41.12372
04/04/2007,44.13,43.99,44.17,43.92,85.20M,0.41%,43.6036,41.11644
04/03/2007,43.95,43.62,44.1,43.59,105.89M,1.29%,43.5886,41.10956
04/02/2007,43.39,43.47,43.56,43.1,89.63M,0.14%,43.5794,41.1018
03/30/2007,43.33,43.36,43.67,43.02,120.43M,-0.09%,43.5908,41.09536
03/29/2007,43.37,43.64,43.65,42.9,124.45M,0.12%,43.6016,41.08896
03/28/2007,43.32,43.58,43.82,43.31,144.92M,-1.07%,43.6282,41.08288
03/27/2007,43.79,44.02,44.03,43.75,76.68M,-0.68%,43.6632,41.07648
03/26/2007,44.09,43.93,44.11,43.43,114.26M,0.41%,43.6894,41.06512
03/23/2007,43.91,44.05,44.16,43.86,68.62M,-0.32%,43.705,41.05324
03/22/2007,44.05,44.23,44.24,43.88,114.91M,-0.36%,43.715,41.04204
03/21/2007,44.21,43.43,44.23,43.15,173.97M,1.91%,43.7118,41.02944
03/20/2007,43.38,43.06,43.39,43.01,81.05M,0.72%,43.7012,41.01668
03/19/2007,43.07,42.86,43.19,42.75,95.96M,1.03%,43.7066,41.00684
03/16/2007,42.63,42.74,42.84,42.41,108.37M,-0.14%,43.7222,41.0
03/15/2007,42.69,42.7,42.86,42.52,111.63M,-0.23%,43.7304,40.99452
03/14/2007,42.79,42.23,42.8,41.9,192.59M,1.47%,43.7358,40.98848
03/13/2007,42.17,42.8,43.04,42.16,171.23M,-1.95%,43.7384,40.98344
03/12/2007,43.01,42.68,43.08,42.63,81.37M,0.54%,43.7576,40.97948
03/09/2007,42.78,43.13,43.14,42.45,128.63M,0.02%,43.7556,40.9694
03/08/2007,42.77,42.93,43.04,42.64,121.05M,0.68%,43.7546,40.95976
03/07/2007,42.48,42.66,42.78,42.45,116.63M,-0.40%,43.7628,40.95
03/06/2007,42.65,42.36,42.79,42.3,155.74M,1.67%,43.783,40.9428
03/05/2007,41.95,41.96,42.6,41.86,174.69M,-0.78%,43.803,40.93484
03/02/2007,42.28,42.58,42.94,42.27,183.42M,-1.51%,43.8398,40.93064
03/01/2007,42.93,42.35,43.34,42.04,231.92M,-0.46%,43.8786,40.92656
02/28/2007,43.13,42.96,43.56,42.73,217.51M,0.33%,43.9032,40.92084
02/27/2007,42.99,44.15,44.27,42.86,317.95M,-4.10%,43.9142,40.9142
02/26/2007,44.83,45.27,45.29,44.55,102.25M,-0.49%,43.9264,40.90588
02/23/2007,45.05,45.21,45.25,44.85,113.51M,-0.35%,43.9068,40.89268
02/22/2007,45.21,45.15,45.34,44.86,116.39M,0.51%,43.8798,40.87676
02/21/2007,44.98,44.71,45.0,44.62,95.94M,0.31%,43.8456,40.85976
02/20/2007,44.84,44.44,44.91,44.22,93.68M,0.76%,43.827,40.84412
02/16/2007,44.5,44.47,44.62,44.36,72.36M,-0.34%,43.8144,40.827
02/15/2007,44.65,44.42,44.65,44.34,110.50M,0.59%,43.8054,40.81308
02/14/2007,44.39,43.84,44.5,43.83,133.56M,1.67%,43.7816,40.79988
02/13/2007,43.66,43.59,43.8,43.5,95.56M,0.37%,43.7704,40.7862
02/12/2007,43.5,43.68,43.69,43.39,126.97M,-0.32%,43.7744,40.7744
02/09/2007,43.64,44.36,44.51,43.53,133.50M,-1.36%,43.7758,40.7616
02/08/2007,44.24,44.18,44.39,44.02,89.56M,-0.02%,43.7722,40.75012
02/07/2007,44.25,44.08,44.44,43.91,118.01M,0.94%,43.7762,40.73524
02/06/2007,43.84,43.99,44.02,43.44,121.18M,-0.16%,43.7816,40.72188
02/05/2007,43.91,43.93,44.15,43.76,96.39M,-0.09%,43.7896,40.70828
02/02/2007,43.95,43.9,44.04,43.74,98.20M,0.32%,43.795,40.69512
02/01/2007,43.81,44.06,44.19,43.65,147.41M,-0.11%,43.7978,40.68224
01/31/2007,43.86,43.4,43.98,43.13,157.95M,0.99%,43.8034,40.67196
01/30/2007,43.43,43.48,43.59,43.32,69.98M,0.05%,43.8042,40.66432
01/29/2007,43.41,43.25,43.71,43.2,104.21M,0.09%,43.8102,40.6578
01/26/2007,43.37,43.61,43.63,43.09,146.29M,-0.37%,43.8072,40.65212
01/25/2007,43.53,44.16,44.26,43.38,158.46M,-1.27%,43.7964,40.64628
01/24/2007,44.09,43.67,44.11,43.57,117.69M,1.64%,43.7778,40.6376
01/23/2007,43.38,43.44,43.78,43.3,133.26M,-0.25%,43.7526,40.62552
01/22/2007,43.49,44.0,44.02,43.31,123.48M,-1.07%,43.7376,40.617
01/19/2007,43.96,43.78,44.07,43.71,127.58M,0.21%,43.7146,40.60732
01/18/2007,43.87,44.58,44.63,43.75,189.19M,-1.86%,43.67,40.59572
01/17/2007,44.7,44.88,45.08,44.62,127.62M,-0.82%,43.6294,40.58952
01/16/2007,45.07,45.11,45.19,44.92,95.95M,-0.07%,43.5714,40.57876
01/12/2007,45.1,44.81,45.14,44.76,104.24M,0.51%,43.5176,40.56848
01/11/2007,44.87,44.5,45.03,44.44,174.10M,1.04%,43.4612,40.5592
01/10/2007,44.41,43.76,44.45,43.62,121.17M,1.18%,43.404,40.55092
01/09/2007,43.89,43.8,44.08,43.43,121.76M,0.48%,43.3682,40.54532
01/08/2007,43.68,43.68,43.91,43.44,106.56M,0.07%,43.335,40.54048
01/05/2007,43.65,43.73,43.75,43.28,140.72M,-0.46%,43.3,40.53636
01/04/2007,43.85,43.1,44.0,42.95,137.38M,1.88%,43.2716,40.53168
01/03/2007,43.04,43.26,43.85,42.32,168.79M,0.19%,43.2306,40.52316
12/29/2006,42.96,43.01,43.41,42.92,75.17M,0.09%,43.2038,40.5172
12/28/2006,42.92,43.0,43.18,42.85,70.76M,-0.49%,43.1768,40.50984
12/27/2006,43.13,42.99,43.2,42.9,54.16M,0.51%,43.1544,40.49904
12/26/2006,42.91,42.73,42.92,42.68,50.87M,0.42%,43.1368,40.48864
12/22/2006,42.73,43.19,43.21,42.73,92.88M,-1.04%,43.1232,40.4802
12/21/2006,43.18,43.56,43.59,43.01,102.98M,-0.71%,43.1092,40.47268
12/20/2006,43.49,43.69,43.9,43.47,67.36M,-0.37%,43.0726,40.4648
12/19/2006,43.65,43.45,43.85,43.18,136.55M,-0.32%,43.0314,40.45564
12/18/2006,43.79,44.37,44.54,43.6,121.60M,-0.97%,42.9856,40.4448
12/15/2006,44.22,44.45,44.55,44.14,99.95M,0.14%,42.9342,40.43268
12/14/2006,44.16,43.77,44.36,43.74,109.14M,1.10%,42.876,40.41872
12/13/2006,43.68,43.9,43.9,43.42,79.07M,0.18%,42.815,40.40764
12/12/2006,43.6,43.82,43.92,43.36,111.27M,-0.57%,42.7438,40.4
12/11/2006,43.85,43.63,44.16,43.55,72.99M,0.34%,42.6708,40.3924
12/08/2006,43.7,43.37,44.05,43.27,133.82M,0.46%,42.603,40.3844
12/07/2006,43.5,44.13,44.27,43.5,124.97M,-1.25%,42.5418,40.37628
12/06/2006,44.05,44.08,44.19,43.86,78.25M,-0.36%,42.4824,40.36836
12/05/2006,44.21,44.18,44.34,43.98,84.72M,0.36%,42.413,40.35764
12/04/2006,44.05,43.59,44.27,43.59,89.97M,1.36%,42.3364,40.34748
12/01/2006,43.46,43.8,43.99,43.06,144.58M,-0.84%,42.249,40.33824
11/30/2006,43.83,43.84,44.07,43.59,125.02M,-0.07%,42.1796,40.33084
11/29/2006,43.86,43.8,43.97,43.46,139.57M,0.67%,42.1078,40.32316
11/28/2006,43.57,43.32,43.64,43.14,118.28M,0.25%,42.0238,40.31496
11/27/2006,43.46,44.31,44.4,43.44,159.54M,-2.21%,41.9508,40.30488
11/24/2006,44.44,44.19,44.65,44.17,51.80M,-0.18%,41.88,40.29564
11/22/2006,44.52,44.37,44.54,44.05,69.88M,0.63%,41.7872,40.28328
11/21/2006,44.24,44.21,44.3,44.04,68.15M,0.14%,41.6922,40.27196
11/20/2006,44.18,43.95,44.27,43.81,107.25M,0.20%,41.5974,40.26144
11/17/2006,44.09,43.85,44.09,43.75,95.20M,0.00%,41.4894,40.25076
11/16/2006,44.09,44.04,44.21,43.81,113.56M,0.43%,41.3784,40.23984
11/15/2006,43.9,43.78,44.19,43.72,116.59M,0.39%,41.2626,40.22852
11/14/2006,43.73,43.3,43.77,43.04,121.99M,1.09%,41.1544,40.21736
11/13/2006,43.26,42.86,43.34,42.8,89.17M,1.00%,41.0654,40.20476
11/10/2006,42.83,42.64,42.84,42.47,82.44M,0.54%,40.9782,40.19304
11/09/2006,42.6,43.07,43.15,42.47,124.30M,-0.54%,40.8954,40.1838
11/08/2006,42.83,42.38,43.0,42.27,180.47M,0.47%,40.818,40.17548
11/07/2006,42.63,42.33,42.89,42.27,139.89M,0.68%,40.7324,40.1658
11/06/2006,42.34,41.86,42.51,41.86,101.36M,1.46%,40.6484,40.15516
11/03/2006,41.73,41.9,41.99,41.42,119.31M,-0.26%,40.5644,40.1456
11/02/2006,41.84,41.62,41.94,41.55,100.23M,0.10%,40.4912,40.13844
11/01/2006,41.8,42.53,42.57,41.63,148.97M,-1.37%,40.4136,40.13064
10/31/2006,42.38,42.36,42.56,42.11,135.83M,0.24%,40.3426,40.12244
10/30/2006,42.28,41.97,42.45,41.86,103.95M,0.64%,40.2598,40.10956
10/27/2006,42.01,42.53,42.62,41.88,129.38M,-1.43%,40.1864,40.09508
10/26/2006,42.62,42.37,42.72,42.02,130.87M,0.92%,40.1172,40.0818
10/25/2006,42.23,41.94,42.32,41.85,125.41M,0.72%,40.0328,40.06388
10/24/2006,41.93,42.09,42.25,41.72,103.68M,-0.71%,39.9386,40.04636
10/23/2006,42.23,41.72,42.38,41.63,127.00M,1.03%,39.832,40.03316
10/20/2006,41.8,41.85,41.89,41.45,105.46M,0.24%,39.7146,40.01956
10/19/2006,41.7,41.5,41.91,41.4,108.24M,0.22%,39.611,40.00828
10/18/2006,41.61,42.02,42.11,41.46,121.16M,-0.45%,39.5042,39.99496
10/17/2006,41.8,41.97,42.0,41.57,146.15M,-1.07%,39.3982,39.98104
10/16/2006,42.25,42.23,42.42,42.2,62.05M,0.05%,39.293,39.9678
10/13/2006,42.23,42.02,42.32,41.94,80.48M,0.48%,39.1836,39.94972
10/12/2006,42.03,41.57,42.05,41.51,95.34M,1.64%,39.078,39.9328
10/11/2006,41.35,41.24,41.64,40.98,136.57M,-0.19%,38.9718,39.9162
10/10/2006,41.43,41.42,41.56,41.12,98.21M,0.17%,38.871,39.9012
10/09/2006,41.36,41.18,41.55,41.13,62.82M,0.34%,38.781,39.88472
10/06/2006,41.22,41.19,41.37,41.05,85.45M,-0.22%,38.6926,39.87032
10/05/2006,41.31,41.09,41.37,40.99,92.19M,0.49%,38.5918,39.85724
10/04/2006,41.11,40.03,41.12,39.95,149.50M,2.47%,38.494,39.84464
10/03/2006,40.12,39.86,40.29,39.69,116.29M,0.43%,38.4008,39.83248
10/02/2006,39.95,40.41,40.51,39.89,97.15M,-1.26%,38.3232,39.82632
09/29/2006,40.46,40.7,40.74,40.43,85.45M,-0.44%,38.2348,39.823
09/28/2006,40.64,40.58,40.7,40.24,86.05M,0.27%,38.1438,39.81868
09/27/2006,40.53,40.51,40.76,40.31,113.15M,-0.12%,38.06,39.81324
09/26/2006,40.58,40.33,40.61,40.21,113.55M,0.50%,37.969,39.8072
09/25/2006,40.38,39.86,40.47,39.5,136.56M,1.76%,37.8746,39.79888
09/22/2006,39.68,39.96,39.97,39.52,101.04M,-0.78%,37.7824,39.79132
09/21/2006,39.99,40.33,40.48,39.89,126.90M,-0.62%,37.7116,39.78692
09/20/2006,40.24,40.01,40.35,40.0,116.65M,1.46%,37.647,39.78124
09/19/2006,39.66,40.05,40.06,39.34,159.08M,-0.65%,37.5914,39.77412
09/18/2006,39.92,39.93,40.21,39.75,117.82M,0.00%,37.542,39.76876
09/15/2006,39.92,40.15,40.27,39.81,137.85M,0.30%,37.4938,39.76408
09/14/2006,39.8,39.66,40.03,39.57,98.12M,0.08%,37.454,39.76004
09/13/2006,39.77,39.54,39.8,39.45,116.10M,0.68%,37.4174,39.75772
09/12/2006,39.5,38.77,39.61,38.77,124.11M,1.86%,37.3984,39.75456
09/11/2006,38.78,38.23,38.97,38.14,142.38M,0.62%,37.3802,39.75256
09/08/2006,38.54,38.36,38.64,38.28,96.63M,0.63%,37.3802,39.75524
09/07/2006,38.3,38.39,38.72,38.18,115.90M,-0.49%,37.362,39.75924
09/06/2006,38.49,38.9,39.01,38.43,97.90M,-2.01%,37.3432,39.76376
09/05/2006,39.28,38.93,39.3,38.67,85.59M,0.98%,37.3348,39.76668
09/01/2006,38.9,38.89,39.03,38.72,69.39M,0.54%,37.3086,39.76648
08/31/2006,38.69,38.76,38.85,38.58,61.22M,-0.10%,37.2908,39.76752
08/30/2006,38.73,38.57,38.85,38.42,75.71M,0.47%,37.287,39.76712
08/29/2006,38.55,38.4,38.58,38.0,104.87M,0.31%,37.2704,39.76716
08/28/2006,38.43,38.1,38.61,38.06,80.09M,0.76%,37.2564,39.76816
08/25/2006,38.14,37.99,38.46,37.88,73.59M,0.18%,37.251,39.7682
08/24/2006,38.07,38.08,38.17,37.74,79.00M,0.29%,37.2576,39.76996
08/23/2006,37.96,38.29,38.49,37.74,96.07M,-0.76%,37.2452,39.7708
08/22/2006,38.25,38.18,38.63,38.02,102.13M,0.03%,37.2276,39.7726
08/21/2006,38.24,38.29,38.38,38.08,66.67M,-0.96%,37.2072,39.77288
08/18/2006,38.61,38.47,38.65,38.1,97.77M,0.16%,37.2018,39.77412
08/17/2006,38.55,38.29,38.8,38.26,129.70M,0.39%,37.194,39.77432
08/16/2006,38.4,37.81,38.43,37.66,135.47M,2.35%,37.1886,39.77468
08/15/2006,37.52,37.05,37.57,36.92,133.72M,2.51%,37.192,39.77572
08/14/2006,36.6,36.69,37.1,36.53,109.35M,0.66%,37.2136,39.78108
08/11/2006,36.36,36.48,36.52,36.2,86.93M,-0.71%,37.2708,39.7892
08/10/2006,36.62,36.29,36.71,36.14,102.51M,0.72%,37.3346,39.8008
08/09/2006,36.36,36.84,37.14,36.26,145.39M,0.14%,37.375,39.81044
08/08/2006,36.31,36.64,36.73,36.09,124.51M,-0.63%,37.417,39.822
08/07/2006,36.54,36.75,36.77,36.36,69.67M,-0.65%,37.477,39.83248
08/04/2006,36.78,37.25,37.45,36.45,123.50M,-0.46%,37.5298,39.8434
08/03/2006,36.95,36.37,37.17,36.31,99.30M,0.63%,37.5676,39.85232
08/02/2006,36.72,36.44,36.96,36.44,87.40M,1.13%,37.5968,39.86172
08/01/2006,36.31,36.62,36.63,36.09,98.57M,-1.68%,37.6382,39.8728
07/31/2006,36.93,36.91,37.15,36.72,78.10M,-0.03%,37.6954,39.88704
07/28/2006,36.94,36.39,36.97,36.33,93.57M,2.10%,37.7342,39.89888
07/27/2006,36.18,36.56,36.87,36.08,99.71M,-0.66%,37.7782,39.909
07/26/2006,36.42,36.33,36.7,36.06,107.19M,-0.08%,37.848,39.92184
07/25/2006,36.45,36.3,36.57,36.07,108.87M,0.58%,37.919,39.93504
07/24/2006,36.24,35.68,36.26,35.63,130.30M,2.00%,37.99,39.94736
07/21/2006,35.53,35.71,35.79,35.45,119.38M,-1.06%,38.0762,39.95936
07/20/2006,35.91,36.57,36.63,35.87,152.35M,-1.48%,38.1952,39.9736
07/19/2006,36.45,35.93,36.66,35.92,193.01M,1.31%,38.3138,39.98692
07/18/2006,35.98,36.05,36.16,35.37,207.27M,0.33%,38.4248,39.99828
07/17/2006,35.86,35.78,36.08,35.7,134.36M,0.25%,38.5444,40.01148
07/14/2006,35.77,36.13,36.21,35.62,172.45M,-1.02%,38.66,40.02404
07/13/2006,36.14,36.49,36.87,36.14,177.75M,-1.69%,38.7706,40.03516
07/12/2006,36.76,37.39,37.46,36.67,154.46M,-1.87%,38.875,40.04544
07/11/2006,37.46,37.11,37.56,36.91,136.12M,0.73%,38.9648,40.05276
07/10/2006,37.19,37.61,37.75,37.0,105.13M,-0.85%,39.0488,40.05576
07/07/2006,37.51,37.71,37.99,37.4,108.07M,-1.11%,39.1462,40.05948
07/06/2006,37.93,38.08,38.3,37.83,70.63M,-0.11%,39.2294,40.0612
07/05/2006,37.97,38.46,38.5,37.91,93.73M,-2.19%,39.3042,40.05984
07/03/2006,38.82,38.7,38.82,38.63,21.60M,0.60%,39.38,40.05552
06/30/2006,38.59,38.94,38.96,38.5,82.72M,-0.49%,39.4396,40.04728
06/29/2006,38.78,37.78,38.78,37.72,182.43M,3.06%,39.5138,40.04068
06/28/2006,37.63,37.45,37.66,37.21,91.58M,0.72%,39.5872,40.03176
06/27/2006,37.36,38.1,38.15,37.32,128.23M,-1.86%,39.6798,40.02768
06/26/2006,38.07,37.99,38.21,37.89,65.16M,0.26%,39.762,40.02584
06/23/2006,37.97,37.98,38.35,37.75,88.05M,-0.11%,39.8386,40.02148
06/22/2006,38.01,38.42,38.5,37.81,143.83M,-1.27%,39.9138,40.01612
06/21/2006,38.5,37.96,38.81,37.95,129.57M,1.58%,39.988,40.01128
06/20/2006,37.9,37.91,38.3,37.76,102.89M,0.13%,40.0592,40.00616
06/19/2006,37.85,38.32,38.36,37.73,129.46M,-0.81%,40.1436,40.00508
06/16/2006,38.16,38.37,38.5,38.02,120.02M,-0.81%,40.2372,40.00436
06/15/2006,38.47,37.66,38.61,37.62,200.73M,2.72%,40.3222,40.00248
06/14/2006,37.45,37.19,37.53,37.03,201.89M,1.00%,40.393,39.99936
06/13/2006,37.08,37.35,37.62,36.99,207.14M,-0.40%,40.4796,40.00044
06/12/2006,37.23,38.02,38.08,37.22,145.63M,-1.95%,40.5726,40.0022
06/09/2006,37.97,38.36,38.56,37.93,144.15M,-0.65%,40.665,40.00288
06/08/2006,38.22,38.09,38.38,37.32,280.56M,-0.16%,40.74,40.0012
06/07/2006,38.28,38.62,38.99,38.27,130.87M,-0.75%,40.7946,39.9978
06/06/2006,38.57,38.67,38.77,38.17,127.30M,-0.08%,40.8514,39.99576
06/05/2006,38.6,39.37,39.38,38.6,103.30M,-2.18%,40.9022,39.9916
06/02/2006,39.46,39.78,39.81,39.13,128.87M,-0.23%,40.9482,39.98764
06/01/2006,39.55,38.73,39.55,38.66,119.44M,2.36%,40.9794,39.98152
05/31/2006,38.64,38.54,38.88,38.36,137.10M,0.47%,41.0068,39.975
05/30/2006,38.46,39.13,39.15,38.43,105.61M,-2.16%,41.0612,39.97436
05/26/2006,39.31,39.27,39.4,39.05,91.33M,0.33%,41.1172,39.97344
05/25/2006,39.18,38.9,39.2,38.64,123.53M,1.32%,41.1546,39.9678
05/24/2006,38.67,38.35,38.86,38.05,235.00M,0.68%,41.2016,39.9632
05/23/2006,38.41,39.08,39.2,38.39,142.65M,-0.98%,41.2518,39.96056
05/22/2006,38.79,38.84,39.06,38.44,169.61M,-0.97%,41.2934,39.95744
05/19/2006,39.17,38.99,39.29,38.57,194.31M,0.77%,41.325,39.95344
05/18/2006,38.87,39.31,39.48,38.82,139.72M,-0.69%,41.3482,39.94744
05/17/2006,39.14,39.5,39.62,39.05,207.93M,-1.34%,41.3844,39.94188
05/16/2006,39.67,39.97,40.07,39.58,132.41M,-0.75%,41.4148,39.93468
05/15/2006,39.97,39.84,40.15,39.6,127.90M,-0.07%,41.4394,39.92412
05/12/2006,40.0,40.38,40.57,39.77,153.95M,-1.36%,41.4652,39.91036
05/11/2006,40.55,41.44,41.46,40.44,141.03M,-2.24%,41.4952,39.8956
05/10/2006,41.48,41.73,41.78,41.36,92.44M,-0.86%,41.5136,39.87768
05/09/2006,41.84,41.9,41.98,41.77,48.57M,-0.38%,41.5022,39.85448
05/08/2006,42.0,41.88,42.08,41.87,45.09M,0.10%,41.496,39.83024
05/05/2006,41.96,41.91,42.01,41.74,80.39M,0.77%,41.4774,39.80464
05/04/2006,41.64,41.34,41.79,41.34,88.71M,0.82%,41.4574,39.78024
05/03/2006,41.3,41.39,41.45,41.09,74.98M,-0.15%,41.446,39.75644
05/02/2006,41.36,41.42,41.54,41.21,85.17M,0.27%,41.4312,39.7336
05/01/2006,41.25,41.72,42.1,41.12,92.93M,-0.98%,41.4244,39.7104
04/28/2006,41.66,41.8,42.02,41.59,88.88M,-0.95%,41.4264,39.68596
04/27/2006,42.06,41.48,42.29,41.31,174.12M,0.94%,41.4126,39.65916
04/26/2006,41.67,41.67,41.86,41.51,82.57M,0.00%,41.3856,39.6302
04/25/2006,41.67,41.88,41.9,41.46,77.66M,-0.22%,41.3582,39.60188
04/24/2006,41.76,41.76,41.87,41.53,78.56M,-0.10%,41.3402,39.57496
04/21/2006,41.8,42.46,42.66,41.63,130.19M,-1.18%,41.3154,39.54748
04/20/2006,42.3,42.42,42.62,42.18,81.41M,-0.35%,41.2976,39.52112
04/19/2006,42.45,42.34,42.45,42.1,79.13M,0.45%,41.2604,39.49164
04/18/2006,42.26,41.59,42.36,41.58,124.33M,1.90%,41.2238,39.46364
04/17/2006,41.47,41.84,42.01,41.2,104.09M,-1.03%,41.1932,39.43276
04/13/2006,41.9,41.7,42.13,41.6,63.48M,0.41%,41.1886,39.4062
04/12/2006,41.73,41.75,41.88,41.61,58.88M,0.02%,41.1896,39.37696
04/11/2006,41.72,42.2,42.23,41.52,91.49M,-0.81%,41.191,39.34836
04/10/2006,42.06,42.2,42.3,41.89,58.99M,-0.14%,41.1964,39.323
04/07/2006,42.12,42.7,42.85,42.1,116.61M,-0.96%,41.1934,39.29832
04/06/2006,42.53,42.39,42.74,42.24,91.71M,0.28%,41.1782,39.2758
04/05/2006,42.41,42.1,42.47,42.01,91.66M,0.95%,41.149,39.25092
04/04/2006,42.01,41.84,42.11,41.73,90.04M,0.55%,41.1258,39.22716
04/03/2006,41.78,41.95,42.17,41.7,80.73M,0.12%,41.107,39.2062
03/31/2006,41.73,41.94,41.99,41.65,71.09M,-0.29%,41.0926,39.1844
03/30/2006,41.85,41.79,42.1,41.6,115.94M,0.31%,41.1044,39.16304
03/29/2006,41.72,41.01,41.9,40.98,130.73M,1.88%,41.1076,39.1408
03/28/2006,40.95,41.18,41.48,40.8,100.53M,-0.41%,41.1232,39.11804
03/27/2006,41.12,41.09,41.32,41.05,54.41M,0.02%,41.1598,39.09984
03/24/2006,41.11,41.04,41.31,40.83,81.81M,0.51%,41.1934,39.0816
03/23/2006,40.9,40.9,41.03,40.63,75.22M,-0.29%,41.2314,39.06068
03/22/2006,41.02,40.69,41.09,40.67,112.32M,0.24%,41.267,39.04176
03/21/2006,40.92,41.32,41.81,40.89,136.57M,-1.06%,41.2996,39.02208
03/20/2006,41.36,41.4,41.49,41.21,60.24M,0.24%,41.3308,39.00276
03/17/2006,41.26,41.13,41.4,41.04,78.23M,0.19%,41.338,38.98116
03/16/2006,41.18,41.66,41.72,41.14,101.39M,-0.84%,41.3438,38.96176
03/15/2006,41.53,41.34,41.53,41.13,84.40M,0.85%,41.3426,38.9424
03/14/2006,41.18,40.46,41.23,40.45,118.22M,1.70%,41.3164,38.92244
03/13/2006,40.49,40.57,40.75,40.43,69.17M,0.30%,41.3034,38.90348
03/10/2006,40.37,40.29,40.6,40.0,124.49M,0.10%,41.3096,38.889
03/09/2006,40.33,40.81,40.96,40.28,108.64M,-0.86%,41.3192,38.8762
03/08/2006,40.68,40.58,40.9,40.31,104.01M,0.05%,41.3368,38.86288
03/07/2006,40.66,40.84,40.88,40.46,96.50M,-0.59%,41.3472,38.84956
03/06/2006,40.9,41.34,41.44,40.77,99.59M,-0.87%,41.3528,38.83652
03/03/2006,41.26,41.26,41.81,41.2,112.08M,-0.58%,41.35,38.82292
03/02/2006,41.5,41.36,41.65,41.22,69.88M,0.07%,41.3394,38.8094
03/01/2006,41.47,41.02,41.58,40.96,80.98M,1.37%,41.3372,38.7928
02/28/2006,40.91,41.4,41.53,40.78,117.64M,-1.49%,41.3432,38.77544
02/27/2006,41.53,41.18,41.67,41.14,64.96M,1.12%,41.359,38.76152
02/24/2006,41.07,40.96,41.1,40.82,57.09M,0.27%,41.3654,38.7452
02/23/2006,40.96,41.03,41.35,40.89,66.53M,-0.27%,41.3774,38.72912
02/22/2006,41.07,40.61,41.35,40.49,91.00M,1.26%,41.3886,38.71504
02/21/2006,40.56,41.02,41.08,40.42,85.11M,-1.12%,41.3946,38.69972
02/17/2006,41.02,41.26,41.27,41.01,81.77M,-0.80%,41.4168,38.68456
02/16/2006,41.35,41.11,41.36,40.96,103.88M,0.93%,41.4312,38.66736
02/15/2006,40.97,40.6,41.07,40.54,92.27M,0.64%,41.4364,38.65068
02/14/2006,40.71,40.36,40.83,40.22,94.76M,1.02%,41.4552,38.636
02/13/2006,40.3,40.53,40.55,40.11,70.66M,-1.15%,41.4772,38.62436
02/10/2006,40.77,40.49,40.87,40.07,102.58M,0.62%,41.4922,38.61492
02/09/2006,40.52,41.01,41.18,40.44,78.22M,-0.95%,41.4998,38.6026
02/08/2006,40.91,40.73,40.96,40.5,89.93M,1.16%,41.5164,38.5906
02/07/2006,40.44,40.55,40.74,40.25,87.38M,-0.44%,41.532,38.57488
02/06/2006,40.62,40.71,40.82,40.4,58.17M,-0.27%,41.5554,38.56088
02/03/2006,40.73,40.92,41.04,40.59,121.10M,-1.24%,41.5732,38.54864
02/02/2006,41.24,41.83,41.88,41.22,94.05M,-1.69%,41.5858,38.53572
02/01/2006,41.95,41.56,41.97,41.51,89.24M,0.36%,41.5862,38.52104
01/31/2006,41.8,41.94,42.07,41.62,101.42M,-0.45%,41.5694,38.50116
01/30/2006,41.99,41.95,42.12,41.87,53.94M,0.19%,41.545,38.48356
01/27/2006,41.91,41.62,42.19,41.55,110.84M,1.33%,41.5118,38.465
01/26/2006,41.36,41.31,41.5,41.04,112.78M,0.71%,41.484,38.44628
01/25/2006,41.07,41.45,41.48,40.89,99.83M,-0.44%,41.4672,38.42784
01/24/2006,41.25,41.17,41.51,41.12,77.97M,0.44%,41.454,38.41128
01/23/2006,41.07,41.18,41.26,40.89,111.43M,0.02%,41.4284,38.3942
01/20/2006,41.06,42.24,42.29,40.96,188.67M,-2.98%,41.406,38.37608
01/19/2006,42.32,42.2,42.62,42.09,111.11M,0.74%,41.3836,38.35728
01/18/2006,42.01,41.84,42.26,41.82,122.43M,-1.15%,41.335,38.33552
01/17/2006,42.5,42.46,42.59,42.3,78.11M,-0.65%,41.2898,38.3162
01/13/2006,42.78,42.74,42.85,42.53,64.59M,-0.05%,41.223,38.2978
01/12/2006,42.8,42.96,43.09,42.65,82.43M,-0.49%,41.1406,38.28084
01/11/2006,43.01,42.81,43.11,42.67,100.78M,0.77%,41.0584,38.26264
01/10/2006,42.68,42.44,42.72,42.35,84.42M,0.07%,40.961,38.24216
01/09/2006,42.65,42.46,42.72,42.32,80.78M,0.40%,40.8644,38.22504
01/06/2006,42.48,42.06,42.5,41.86,110.12M,1.82%,40.784,38.20676
01/05/2006,41.72,41.56,41.8,41.51,77.69M,0.41%,40.711,38.19024
01/04/2006,41.55,41.22,41.55,41.12,92.78M,1.05%,40.6562,38.17684
01/03/2006,41.12,40.46,41.3,39.97,109.42M,2.24%,40.5926,38.16332
12/30/2005,40.22,40.36,40.39,40.17,60.05M,-0.76%,40.5328,38.15228
12/29/2005,40.53,40.84,40.93,40.46,47.31M,-0.66%,40.4982,38.1458
12/28/2005,40.8,40.87,41.04,40.68,50.32M,-0.12%,40.4422,38.14096
12/27/2005,40.85,41.33,41.49,40.78,55.67M,-0.87%,40.3862,38.13668
12/23/2005,41.21,41.32,41.4,41.11,38.00M,0.02%,40.3268,38.13248
12/22/2005,41.2,40.92,41.27,40.79,59.16M,0.64%,40.2546,38.12696
12/21/2005,40.94,40.83,41.22,40.76,68.93M,0.44%,40.1768,38.12128
12/20/2005,40.76,40.76,40.96,40.56,70.26M,0.07%,40.1132,38.11516
12/19/2005,40.73,41.49,41.52,40.71,75.42M,-1.59%,40.057,38.1104
12/16/2005,41.39,41.67,41.74,41.36,63.74M,-0.91%,40.0056,38.10564
12/15/2005,41.77,41.8,41.87,41.41,72.68M,0.17%,39.9392,38.09808
12/14/2005,41.7,41.75,41.9,41.51,73.58M,-0.36%,39.8754,38.08708
12/13/2005,41.85,41.63,42.01,41.57,76.61M,0.43%,39.8238,38.07744
12/12/2005,41.67,41.67,41.74,41.49,44.87M,0.36%,39.7744,38.06908
12/09/2005,41.52,41.38,41.58,41.19,56.53M,0.36%,39.7266,38.06296
12/08/2005,41.37,41.76,41.8,41.08,112.04M,-0.72%,39.6766,38.05804
12/07/2005,41.67,41.81,41.83,41.44,83.89M,-0.17%,39.6192,38.05292
12/06/2005,41.74,41.83,42.11,41.7,81.51M,0.31%,39.5556,38.0452
12/05/2005,41.61,41.85,41.86,41.44,61.59M,-0.72%,39.4924,38.03768
12/02/2005,41.91,41.74,41.94,41.67,72.93M,0.24%,39.4316,38.02972
12/01/2005,41.81,41.32,41.85,41.31,91.91M,1.85%,39.3626,38.01968
11/30/2005,41.05,41.1,41.3,41.0,88.04M,-0.24%,39.2928,38.01276
11/29/2005,41.15,41.57,41.66,41.15,77.44M,-0.48%,39.2468,38.00832
11/28/2005,41.35,41.77,41.8,41.31,74.72M,-0.82%,39.202,38.00324
11/25/2005,41.69,41.65,41.74,41.54,22.93M,0.19%,39.1594,37.99676
11/23/2005,41.61,41.54,41.82,41.52,64.10M,0.24%,39.1052,37.98576
11/22/2005,41.51,41.27,41.67,41.17,88.82M,0.36%,39.053,37.9754
11/21/2005,41.36,41.2,41.39,41.05,69.73M,0.24%,39.0118,37.96548
11/18/2005,41.26,41.32,41.46,40.83,108.82M,0.36%,38.9754,37.95664
11/17/2005,41.11,40.72,41.13,40.66,94.45M,1.31%,38.9388,37.94684
11/16/2005,40.58,40.46,40.59,40.27,65.91M,0.62%,38.901,37.93788
11/15/2005,40.33,40.54,40.71,40.19,79.54M,-0.47%,38.874,37.92956
11/14/2005,40.52,40.58,40.67,40.41,53.65M,0.00%,38.8506,37.92468
11/11/2005,40.52,40.58,40.73,40.49,80.11M,0.27%,38.812,37.91832
11/10/2005,40.41,39.99,40.5,39.73,120.76M,1.10%,38.7764,37.90988
11/09/2005,39.97,39.93,40.14,39.84,72.46M,0.05%,38.7442,37.90284
11/08/2005,39.95,39.88,40.16,39.8,78.86M,0.03%,38.7136,37.89688
11/07/2005,39.94,40.01,40.1,39.76,65.37M,0.13%,38.6862,37.88952
11/04/2005,39.89,39.81,40.04,39.65,100.94M,0.35%,38.653,37.8802
11/03/2005,39.75,39.55,39.9,39.5,137.05M,1.51%,38.6234,37.8716
11/02/2005,39.16,38.54,39.28,38.53,101.56M,1.29%,38.5948,37.86388
11/01/2005,38.66,38.58,38.83,38.53,73.63M,-0.08%,38.5826,37.85836
10/31/2005,38.69,38.25,38.87,38.24,115.43M,1.44%,38.5826,37.85348
10/28/2005,38.14,37.99,38.21,37.74,95.37M,0.77%,38.5816,37.84768
10/27/2005,37.85,38.6,38.62,37.85,135.44M,-2.02%,38.592,37.84308
10/26/2005,38.63,38.78,39.09,38.58,90.03M,-0.52%,38.6122,37.83916
10/25/2005,38.83,38.9,39.01,38.59,86.96M,-0.38%,38.6122,37.83156
10/24/2005,38.98,38.53,39.0,38.29,111.79M,1.59%,38.6208,37.8234
10/21/2005,38.37,38.52,38.68,38.15,110.05M,0.63%,38.6218,37.81372
10/20/2005,38.13,38.48,38.67,37.92,132.68M,-0.94%,38.6394,37.80284
10/19/2005,38.49,37.56,38.49,37.43,132.94M,2.01%,38.6554,37.79216
10/18/2005,37.73,37.96,38.0,37.73,88.10M,-0.71%,38.671,37.78072
10/17/2005,38.0,37.88,38.01,37.64,64.21M,0.32%,38.6966,37.77552
10/14/2005,37.88,37.69,37.89,37.46,131.48M,0.74%,38.7226,37.76704
10/13/2005,37.6,37.3,37.73,37.16,138.58M,0.78%,38.7548,37.75836
10/12/2005,37.31,37.58,37.88,37.26,146.12M,-1.19%,38.8002,37.75184
10/11/2005,37.76,38.03,38.06,37.62,114.77M,-0.50%,38.8518,37.74444
10/10/2005,37.95,38.11,38.28,37.88,64.03M,-0.55%,38.886,37.73452
10/07/2005,38.16,38.23,38.39,38.0,91.13M,0.24%,38.9148,37.72448
10/06/2005,38.07,38.55,38.68,37.74,162.27M,-1.32%,38.946,37.71392
10/05/2005,38.58,39.13,39.16,38.55,106.23M,-1.38%,38.9752,37.70396
10/04/2005,39.12,39.42,39.69,39.11,85.38M,-0.66%,38.9884,37.69128
10/03/2005,39.38,39.36,39.56,39.33,81.69M,0.25%,38.9878,37.67908
09/30/2005,39.28,38.98,39.3,38.95,79.26M,0.67%,38.985,37.66748
09/29/2005,39.02,38.45,39.03,38.27,117.77M,1.35%,38.9852,37.65512
09/28/2005,38.5,38.59,38.77,38.38,72.06M,0.03%,38.9904,37.6436
09/27/2005,38.49,38.62,38.72,38.33,64.09M,-0.23%,39.0004,37.63332
09/26/2005,38.58,38.79,38.85,38.37,69.35M,0.03%,39.0016,37.61928
09/23/2005,38.57,38.33,38.7,38.23,70.17M,0.29%,39.0042,37.60464
09/22/2005,38.46,38.26,38.55,38.06,119.17M,0.37%,39.0046,37.588
09/21/2005,38.32,38.64,38.69,38.29,116.42M,-1.11%,38.9996,37.57152
09/20/2005,38.75,38.98,39.36,38.63,115.51M,-0.41%,38.9956,37.5568
09/19/2005,38.91,39.14,39.2,38.73,73.40M,-0.79%,38.9794,37.54084
09/16/2005,39.22,39.07,39.28,38.93,71.05M,0.62%,38.953,37.52436
09/15/2005,38.98,39.08,39.16,38.87,80.48M,-0.05%,38.9064,37.50908
09/14/2005,39.0,39.47,39.5,38.97,98.67M,-1.14%,38.862,37.49424
09/13/2005,39.45,39.49,39.72,39.36,66.19M,-0.23%,38.8208,37.47928
09/12/2005,39.54,39.45,39.68,39.4,51.70M,0.28%,38.7628,37.46212
09/09/2005,39.43,39.23,39.51,39.13,75.39M,0.54%,38.7042,37.44432
09/08/2005,39.22,39.11,39.39,39.09,73.54M,-0.03%,38.6536,37.42844
09/07/2005,39.23,39.12,39.3,39.03,57.47M,0.18%,38.6088,37.4132
09/06/2005,39.16,38.75,39.23,38.72,78.13M,1.48%,38.5568,37.39612
09/02/2005,38.59,38.81,38.85,38.56,53.27M,-0.39%,38.5096,37.3772
09/01/2005,38.74,38.8,38.97,38.6,74.92M,-0.15%,38.4822,37.3594
08/31/2005,38.8,38.46,38.83,38.3,93.45M,0.94%,38.46,37.34152
08/30/2005,38.44,38.38,38.47,38.14,87.51M,-0.36%,38.4374,37.32224
08/29/2005,38.58,38.08,38.67,38.08,74.97M,0.78%,38.4224,37.30696
08/26/2005,38.28,38.35,38.42,38.09,63.88M,-0.34%,38.4046,37.28908
08/25/2005,38.41,38.38,38.51,38.31,52.34M,0.23%,38.3934,37.2714
08/24/2005,38.32,38.47,39.0,38.28,95.04M,-0.60%,38.3756,37.25304
08/23/2005,38.55,38.66,38.74,38.43,57.53M,-0.28%,38.3572,37.23736
08/22/2005,38.66,38.7,39.0,38.42,93.27M,0.05%,38.3372,37.22012
08/19/2005,38.64,38.71,38.82,38.61,52.18M,-0.05%,38.3114,37.20304
08/18/2005,38.66,38.69,38.92,38.59,72.73M,-0.51%,38.294,37.18416
08/17/2005,38.86,38.74,38.99,38.61,75.63M,0.60%,38.2714,37.16524
08/16/2005,38.63,39.12,39.15,38.56,94.91M,-1.60%,38.2464,37.1452
08/15/2005,39.26,38.96,39.45,38.89,63.07M,0.59%,38.2324,37.12476
08/12/2005,39.03,38.94,39.14,38.79,86.47M,-0.56%,38.2056,37.10248
08/11/2005,39.25,38.95,39.36,38.92,93.64M,0.82%,38.1946,37.0788
08/10/2005,38.93,39.37,39.5,38.79,104.47M,-0.87%,38.1742,37.05272
08/09/2005,39.27,39.19,39.41,39.12,64.62M,0.67%,38.1536,37.02648
08/08/2005,39.01,39.34,39.43,38.96,64.63M,-0.74%,38.1288,36.99868
08/05/2005,39.3,39.43,39.6,39.24,71.26M,-0.48%,38.1088,36.97372
08/04/2005,39.49,39.69,39.75,39.39,72.06M,-0.95%,38.0754,36.94876
08/03/2005,39.87,39.72,39.94,39.69,61.98M,-0.05%,38.0414,36.9214
08/02/2005,39.89,39.52,39.95,39.47,79.72M,1.06%,37.9974,36.8922
08/01/2005,39.47,39.46,39.64,39.34,59.88M,0.20%,37.9492,36.8664
07/29/2005,39.39,39.68,39.73,39.34,74.76M,-0.83%,37.9066,36.84484
07/28/2005,39.72,39.55,39.74,39.46,67.12M,0.48%,37.8594,36.82356
07/27/2005,39.53,39.25,39.57,39.04,83.63M,0.74%,37.7956,36.80388
07/26/2005,39.24,39.21,39.35,39.01,69.66M,0.38%,37.7312,36.78468
07/25/2005,39.09,39.28,39.44,39.02,52.06M,-0.38%,37.6678,36.7662
07/22/2005,39.24,39.29,39.41,39.04,71.72M,-0.13%,37.5996,36.74672
07/21/2005,39.29,39.38,39.51,39.03,127.79M,0.03%,37.5304,36.72724
07/20/2005,39.28,38.75,39.39,38.72,91.98M,0.72%,37.4566,36.70568
07/19/2005,39.0,38.73,39.01,38.66,78.69M,1.17%,37.3882,36.68476
07/18/2005,38.55,38.59,38.71,38.51,59.12M,-0.41%,37.322,36.6676
07/15/2005,38.71,38.66,38.82,38.47,67.73M,0.31%,37.2628,36.65036
07/14/2005,38.59,38.48,38.7,38.34,103.21M,0.99%,37.1998,36.63656
07/13/2005,38.21,38.14,38.25,37.99,72.55M,0.24%,37.1308,36.61996
07/12/2005,38.12,37.94,38.28,37.83,86.11M,0.47%,37.0658,36.60516
07/11/2005,37.94,37.69,37.98,37.62,96.46M,0.93%,36.9998,36.59232
07/08/2005,37.59,36.91,37.63,36.82,101.47M,1.90%,36.9328,36.58068
07/07/2005,36.89,36.41,36.92,36.38,120.22M,0.35%,36.8798,36.57184
07/06/2005,36.76,36.86,37.11,36.69,79.33M,-0.49%,36.8398,36.566
07/05/2005,36.94,36.46,37.02,36.43,79.29M,1.07%,36.8088,36.56128
07/01/2005,36.55,36.69,36.83,36.51,55.29M,-0.16%,36.7686,36.55564
06/30/2005,36.61,36.97,37.04,36.58,87.96M,-0.79%,36.7466,36.55316
06/29/2005,36.9,37.08,37.09,36.8,71.58M,-0.22%,36.7052,36.55016
06/28/2005,36.98,36.78,37.09,36.73,73.38M,0.96%,36.6638,36.54916
06/27/2005,36.63,36.78,36.89,36.53,72.89M,-0.46%,36.616,36.54872
06/24/2005,36.8,37.21,37.24,36.79,142.33M,-1.13%,36.575,36.55244
06/23/2005,37.22,37.69,38.0,37.16,122.22M,-1.09%,36.5466,36.55404
06/22/2005,37.63,37.82,37.92,37.45,75.52M,-0.11%,36.52,36.55256
06/21/2005,37.67,37.66,37.83,37.52,97.92M,-0.05%,36.4972,36.55068
06/20/2005,37.69,37.54,37.9,37.4,68.17M,0.00%,36.47,36.54752
06/17/2005,37.69,37.93,38.03,37.57,89.17M,-0.08%,36.4456,36.54456
06/16/2005,37.72,37.56,37.82,37.48,90.51M,0.53%,36.4272,36.53984
06/15/2005,37.52,37.65,37.69,37.08,104.08M,0.32%,36.3994,36.53288
06/14/2005,37.4,37.51,37.66,37.33,62.76M,-0.40%,36.3768,36.52788
06/13/2005,37.55,37.31,37.77,37.29,82.36M,0.48%,36.3546,36.52316
06/10/2005,37.37,37.72,37.72,37.21,86.01M,-1.06%,36.3242,36.5192
06/09/2005,37.77,37.49,37.88,37.33,99.44M,0.64%,36.3048,36.5162
06/08/2005,37.53,37.72,37.77,37.39,79.25M,-0.21%,36.2806,36.50972
06/07/2005,37.61,37.97,38.29,37.56,109.62M,-0.84%,36.2476,36.50628
06/06/2005,37.93,37.94,38.01,37.78,53.08M,0.03%,36.2188,36.50148
06/03/2005,37.92,38.45,38.46,37.84,97.07M,-1.46%,36.1822,36.49748
06/02/2005,38.48,38.15,38.48,38.12,76.15M,0.65%,36.1456,36.49332
06/01/2005,38.23,37.85,38.5,37.84,110.99M,0.87%,36.0952,36.48348
05/31/2005,37.9,38.01,38.06,37.74,75.29M,-0.34%,36.0588,36.4738
05/27/2005,38.03,37.96,38.07,37.84,50.13M,0.05%,36.0276,36.4672
05/26/2005,38.01,37.8,38.09,37.8,84.09M,1.01%,35.9978,36.4604
05/25/2005,37.63,37.66,37.7,37.41,76.49M,-0.42%,35.9664,36.45388
05/24/2005,37.79,37.58,37.82,37.52,100.99M,0.32%,35.9512,36.44836
05/23/2005,37.67,37.48,37.81,37.42,93.08M,0.51%,35.9388,36.44128
05/20/2005,37.48,37.28,37.51,37.18,66.71M,0.37%,35.9254,36.43376
05/19/2005,37.34,37.12,37.35,37.03,94.00M,0.84%,35.9228,36.42424
05/18/2005,37.03,36.63,37.19,36.54,128.15M,1.37%,35.924,36.41432
05/17/2005,36.53,36.18,36.57,36.04,91.71M,0.61%,35.9334,36.40496
05/16/2005,36.31,36.07,36.37,35.96,79.14M,0.67%,35.9604,36.39696
05/13/2005,36.07,35.83,36.3,35.72,133.31M,1.09%,35.9812,36.39
05/12/2005,35.68,35.83,36.03,35.49,116.67M,-0.28%,36.0024,36.38276
05/11/2005,35.78,35.66,35.86,35.14,132.09M,0.51%,36.0374,36.3784
05/10/2005,35.6,35.69,35.79,35.45,77.48M,-0.73%,36.0708,36.37468
05/09/2005,35.86,35.7,35.89,35.49,66.37M,0.48%,36.0998,36.37268
05/06/2005,35.69,35.8,35.85,35.56,77.40M,0.28%,36.1314,36.36936
05/05/2005,35.59,35.58,35.76,35.36,79.63M,0.08%,36.1624,36.36464
05/04/2005,35.56,35.13,35.67,35.08,90.93M,1.20%,36.186,36.36152
05/03/2005,35.14,34.89,35.43,34.87,104.08M,0.51%,36.2092,36.35968
05/02/2005,34.96,34.94,35.1,34.72,68.21M,0.40%,36.25,36.36056
04/29/2005,34.82,34.84,34.9,34.19,144.51M,0.66%,36.2968,36.36108
04/28/2005,34.59,34.76,34.99,34.56,98.66M,-1.00%,36.3564,36.36156
04/27/2005,34.94,34.71,35.09,34.57,112.64M,0.14%,36.4234,36.36164
04/26/2005,34.89,35.13,35.53,34.88,108.10M,-0.91%,36.4784,36.36376
04/25/2005,35.21,35.14,35.3,34.99,72.22M,0.80%,36.531,36.36832
04/22/2005,34.93,35.29,35.3,34.65,115.15M,-1.47%,36.5664,36.37428
04/21/2005,35.45,34.93,35.54,34.8,125.00M,2.63%,36.6066,36.38164
04/20/2005,34.54,35.05,35.13,34.43,140.46M,-0.83%,36.6488,36.388
04/19/2005,34.83,34.84,34.94,34.59,97.51M,0.69%,36.708,36.39684
04/18/2005,34.59,34.57,34.94,34.48,110.71M,0.03%,36.7628,36.4008
04/15/2005,34.58,35.08,35.21,34.52,170.27M,-2.26%,36.8106,36.40448
04/14/2005,35.38,35.9,35.93,35.33,158.93M,-1.42%,36.867,36.4116
04/13/2005,35.89,36.39,36.43,35.81,109.07M,-1.64%,36.9064,36.41376
04/12/2005,36.49,36.27,36.57,35.74,145.34M,0.50%,36.9332,36.41412
04/11/2005,36.31,36.58,36.61,36.23,71.01M,-0.44%,36.9384,36.41472
04/08/2005,36.47,36.83,36.9,36.43,92.41M,-0.82%,36.9508,36.41532
04/07/2005,36.77,36.36,36.78,36.34,88.71M,1.21%,36.961,36.41744
04/06/2005,36.33,36.49,36.73,36.25,82.22M,-0.16%,36.9564,36.41744
04/05/2005,36.39,36.33,36.5,36.25,66.46M,0.28%,36.957,36.4192
04/04/2005,36.29,36.08,36.43,35.86,100.15M,0.72%,36.9668,36.42088
04/01/2005,36.03,36.65,36.71,35.96,143.85M,-1.02%,36.9846,36.42484
03/31/2005,36.4,36.56,36.58,36.27,86.65M,-0.44%,37.022,36.42844
03/30/2005,36.56,36.06,36.61,36.05,115.02M,1.90%,37.0648,36.4268
03/29/2005,35.88,36.09,36.41,35.77,119.63M,-0.80%,37.0986,36.42324
03/28/2005,36.17,36.24,36.44,36.14,59.77M,0.19%,37.1388,36.42268
03/24/2005,36.1,36.22,36.48,36.1,77.71M,0.03%,37.1834,36.42048
03/23/2005,36.09,35.92,36.32,35.9,97.52M,0.36%,37.223,36.41632
03/22/2005,35.96,36.46,36.58,35.94,114.13M,-1.24%,37.2682,36.41268
03/21/2005,36.41,36.42,36.58,36.08,92.84M,0.19%,37.3164,36.40588
03/18/2005,36.34,36.58,36.61,36.18,109.19M,-0.55%,37.3516,36.39572
03/17/2005,36.54,36.44,36.72,36.37,101.80M,0.27%,37.392,36.38696
03/16/2005,36.44,36.74,37.01,36.36,159.76M,-1.17%,37.4332,36.37916
03/15/2005,36.87,37.27,37.31,36.82,93.92M,-0.81%,37.4908,36.37412
03/14/2005,37.17,37.07,37.19,36.86,71.60M,0.46%,37.548,36.36796
03/11/2005,37.0,37.51,37.65,36.85,102.87M,-0.94%,37.6006,36.35844
03/10/2005,37.35,37.43,37.49,36.91,98.05M,-0.13%,37.6572,36.34936
03/09/2005,37.4,37.49,37.75,37.3,98.09M,-0.27%,37.7058,36.34132
03/08/2005,37.5,37.79,38.03,37.47,89.62M,-1.00%,37.746,36.33056
03/07/2005,37.88,37.42,38.11,37.39,94.89M,1.42%,37.7874,36.32068
03/04/2005,37.35,37.41,37.57,37.23,86.65M,0.59%,37.8206,36.31112
03/03/2005,37.13,37.53,37.55,36.85,90.10M,-0.80%,37.8636,36.30412
03/02/2005,37.43,37.25,37.84,37.18,107.99M,-0.05%,37.9014,36.30144
03/01/2005,37.45,37.2,37.52,37.16,79.29M,1.08%,37.9386,36.29808
02/28/2005,37.05,37.29,37.42,36.75,96.02M,-1.04%,37.9848,36.29328
02/25/2005,37.44,37.21,37.52,37.12,80.14M,0.54%,38.0466,36.29088
02/24/2005,37.24,36.68,37.27,36.59,99.84M,1.28%,38.1036,36.28864
02/23/2005,36.77,36.87,36.9,36.53,95.42M,0.14%,38.1606,36.28528
02/22/2005,36.72,36.86,37.37,36.62,122.63M,-1.24%,38.22,36.2842
02/18/2005,37.18,37.32,37.4,37.09,69.39M,-0.32%,38.2828,36.28296
02/17/2005,37.3,37.87,37.96,37.26,116.32M,-1.32%,38.3316,36.279
02/16/2005,37.8,37.85,37.98,37.65,80.62M,-0.37%,38.3736,36.27492
02/15/2005,37.94,37.72,38.3,37.64,133.21M,0.66%,38.4192,36.27048
02/14/2005,37.69,37.52,37.76,37.51,55.06M,0.45%,38.4592,36.26596
02/11/2005,37.52,36.89,37.67,36.76,108.77M,1.46%,38.503,36.26472
02/10/2005,36.98,37.09,37.15,36.71,110.43M,0.11%,38.5472,36.26372
02/09/2005,36.94,37.59,37.62,36.89,93.43M,-1.65%,38.5864,36.26288
02/08/2005,37.56,37.48,37.83,37.44,73.23M,0.16%,38.628,36.26344
02/07/2005,37.5,37.62,37.73,37.35,71.63M,-0.19%,38.6574,36.2628
02/04/2005,37.57,36.98,37.64,36.98,99.37M,1.60%,38.6904,36.26084
02/03/2005,36.98,37.21,37.24,36.83,90.93M,-1.12%,38.7152,36.25836
02/02/2005,37.4,37.46,37.55,37.14,101.91M,0.13%,38.753,36.25828
02/01/2005,37.35,37.32,37.47,37.2,76.82M,0.32%,38.775,36.25388
01/31/2005,37.23,37.19,37.36,37.09,89.38M,1.31%,38.8102,36.24912
01/28/2005,36.75,37.05,37.1,36.45,111.79M,-0.49%,38.8442,36.24724
01/27/2005,36.93,36.9,37.1,36.7,109.79M,-0.14%,38.8774,36.24744
01/26/2005,36.98,36.79,37.12,36.65,107.71M,1.20%,38.9118,36.24732
01/25/2005,36.54,36.6,36.92,36.49,120.05M,0.50%,38.9418,36.24768
01/24/2005,36.36,36.97,37.03,36.29,137.59M,-1.41%,38.9732,36.24924
01/21/2005,36.88,37.32,37.38,36.82,115.50M,-0.81%,38.9982,36.25404
01/20/2005,37.18,37.47,37.63,37.15,121.11M,-1.90%,39.0154,36.26016
01/19/2005,37.9,38.55,38.57,37.88,105.30M,-1.66%,39.0282,36.26276
01/18/2005,38.54,38.1,38.61,38.04,92.04M,0.76%,39.0258,36.26304
01/14/2005,38.25,38.02,38.34,38.01,93.53M,0.95%,39.0038,36.26168
01/13/2005,37.89,38.42,38.67,37.83,102.12M,-1.33%,38.9836,36.26212
01/12/2005,38.4,38.26,38.42,37.83,127.89M,0.84%,38.9656,36.26412
01/11/2005,38.08,38.19,38.32,37.89,107.28M,-0.70%,38.935,36.26252
01/10/2005,38.35,38.27,38.69,38.21,88.82M,-0.05%,38.908,36.2618
01/07/2005,38.37,38.38,38.69,38.03,123.16M,0.52%,38.8768,36.25948
01/06/2005,38.17,38.44,38.53,38.16,103.98M,-0.50%,38.8406,36.2586
01/05/2005,38.36,38.5,38.78,38.29,128.42M,-0.62%,38.7902,36.25612
01/04/2005,38.6,39.51,39.55,38.37,136.76M,-1.83%,38.7322,36.25388
01/03/2005,39.32,39.88,40.1,39.19,101.05M,-1.03%,38.6728,36.24948
12/31/2004,39.73,39.84,39.93,39.71,44.15M,-0.18%,38.615,36.24088
12/30/2004,39.8,39.88,39.94,39.74,41.73M,-0.08%,38.538,36.22964
12/29/2004,39.83,39.73,39.97,39.71,50.11M,0.13%,38.4562,36.2152
12/28/2004,39.78,39.49,39.81,39.43,62.62M,0.94%,38.379,36.20104
12/27/2004,39.41,39.78,39.83,39.22,67.28M,-0.40%,38.2926,36.18748
12/23/2004,39.57,39.43,39.72,39.36,45.82M,0.08%,38.21,36.17492
12/22/2004,39.54,39.35,39.74,39.3,75.51M,0.10%,38.1274,36.15936
12/21/2004,39.5,39.21,39.53,39.1,83.24M,1.23%,38.047,36.14412
12/20/2004,39.02,39.4,39.59,38.91,103.37M,-0.69%,37.9686,36.1288
12/17/2004,39.29,39.47,39.62,37.04,102.21M,-1.18%,37.8964,36.11432
12/16/2004,39.76,40.15,40.26,39.63,86.27M,-0.95%,37.832,36.09832
12/15/2004,40.14,40.3,40.49,39.97,95.23M,-0.37%,37.7664,36.08084
12/14/2004,40.29,40.07,40.4,40.06,92.02M,0.50%,37.6874,36.05928
12/13/2004,40.09,40.04,40.15,39.79,74.34M,0.88%,37.6044,36.03688
12/10/2004,39.74,39.55,39.88,39.55,86.25M,-0.30%,37.5212,36.015
12/09/2004,39.86,39.32,40.0,39.06,134.42M,0.61%,37.426,35.99636
12/08/2004,39.62,39.48,39.79,38.63,96.44M,0.56%,37.3272,35.97748
12/07/2004,39.4,40.13,40.31,39.35,121.67M,-1.70%,37.223,35.9566
12/06/2004,40.08,39.93,40.24,39.72,70.51M,0.35%,37.1218,35.93608
12/03/2004,39.94,40.16,40.4,39.89,114.28M,0.15%,37.013,35.91604
12/02/2004,39.88,39.63,40.2,39.57,122.31M,0.38%,36.9094,35.8958
12/01/2004,39.73,39.04,39.77,39.09,102.44M,2.03%,36.8076,35.87812
11/30/2004,38.94,39.12,39.21,38.88,87.72M,-0.21%,36.721,35.85956
11/29/2004,39.02,39.28,39.46,38.79,94.79M,-0.03%,36.6476,35.84592
11/26/2004,39.03,39.19,39.3,38.99,31.30M,-0.31%,36.5724,35.83276
11/24/2004,39.15,38.91,39.21,38.89,74.10M,0.88%,36.495,35.81752
11/23/2004,38.81,38.83,38.97,38.43,91.94M,-0.15%,36.4138,35.80164
11/22/2004,38.87,38.43,38.89,38.3,79.99M,0.96%,36.3468,35.78648
11/19/2004,38.5,39.06,39.11,38.41,118.57M,-1.56%,36.2776,35.77108
11/18/2004,39.11,38.8,39.18,38.71,95.01M,0.46%,36.2068,35.75336
11/17/2004,38.93,38.65,39.14,38.65,125.45M,1.35%,36.1132,35.7318
11/16/2004,38.41,38.48,38.5,38.14,97.48M,-0.62%,36.0174,35.71228
11/15/2004,38.65,38.46,38.68,38.32,82.78M,0.44%,35.9346,35.69352
11/12/2004,38.48,38.16,38.58,37.99,102.71M,0.97%,35.8412,35.677
11/11/2004,38.11,37.73,38.2,37.68,99.86M,1.33%,35.764,35.6626
11/10/2004,37.61,37.75,37.88,37.46,95.19M,-0.34%,35.684,35.65256
11/09/2004,37.74,37.75,37.97,37.63,85.27M,-0.21%,35.609,35.64468
11/08/2004,37.82,37.77,37.92,37.67,66.53M,0.11%,35.5306,35.63332
11/05/2004,37.78,37.84,37.98,37.43,117.09M,0.91%,35.4622,35.62216
11/04/2004,37.44,37.09,37.6,36.94,112.66M,0.54%,35.3914,35.61288
11/03/2004,37.24,37.59,37.72,36.98,141.21M,0.68%,35.3304,35.6062
11/02/2004,36.99,36.92,37.38,36.84,109.23M,0.33%,35.264,35.59992
11/01/2004,36.87,36.81,37.01,36.63,72.56M,0.38%,35.2028,35.59336
10/29/2004,36.73,36.74,37.07,36.5,100.83M,-0.16%,35.1424,35.58824
10/28/2004,36.79,36.51,36.95,36.4,111.17M,0.63%,35.0782,35.5814
10/27/2004,36.56,35.67,36.73,35.54,152.66M,2.55%,35.0162,35.57516
10/26/2004,35.65,35.48,35.67,35.25,98.25M,0.54%,34.9472,35.56956
10/25/2004,35.46,35.56,35.64,35.32,103.01M,-0.48%,34.8888,35.56776
10/22/2004,35.63,36.44,36.48,35.57,114.39M,-2.20%,34.827,35.56212
10/21/2004,36.43,36.07,36.62,35.93,124.50M,1.53%,34.7608,35.55576
10/20/2004,35.88,35.66,36.06,35.48,106.87M,0.48%,34.6876,35.54608
10/19/2004,35.71,36.21,36.4,35.62,130.15M,-0.72%,34.6312,35.5402
10/18/2004,35.97,35.34,36.08,35.24,109.35M,1.44%,34.57,35.53772
10/15/2004,35.46,35.32,35.69,35.12,129.20M,0.51%,34.502,35.53336
10/14/2004,35.28,35.52,35.61,35.17,99.45M,-0.45%,34.4616,35.52932
10/13/2004,35.44,35.89,35.97,35.26,132.84M,-0.23%,34.4376,35.52936
10/12/2004,35.52,35.26,35.67,35.04,98.33M,-0.17%,34.4102,35.52768
10/11/2004,35.58,35.52,35.69,35.43,51.31M,0.48%,34.3958,35.52628
10/08/2004,35.41,35.91,36.07,35.33,115.13M,-1.83%,34.3788,35.52428
10/07/2004,36.07,36.37,36.5,36.0,82.47M,-1.12%,34.363,35.52204
10/06/2004,36.48,36.14,36.78,35.94,88.02M,0.80%,34.326,35.51588
10/05/2004,36.19,36.06,36.32,35.99,89.83M,0.14%,34.2838,35.50704
10/04/2004,36.14,36.19,36.45,36.08,108.53M,0.58%,34.238,35.50024
10/01/2004,35.93,35.28,35.98,35.2,118.33M,2.72%,34.1962,35.4928
09/30/2004,34.98,34.89,35.11,34.73,74.68M,0.17%,34.1718,35.4852
09/29/2004,34.92,34.4,34.96,34.37,95.90M,1.48%,34.157,35.47772
09/28/2004,34.41,34.39,34.53,34.07,87.29M,0.20%,34.1638,35.47004
09/27/2004,34.34,34.46,34.58,34.22,86.11M,-0.87%,34.1644,35.46148
09/24/2004,34.64,34.83,35.03,34.59,103.29M,-0.35%,34.1678,35.45608
09/23/2004,34.76,34.82,34.99,34.71,92.63M,-0.09%,34.1732,35.44724
09/22/2004,34.79,35.27,35.29,34.71,101.57M,-1.72%,34.1786,35.43876
09/21/2004,35.4,35.38,35.68,35.26,93.77M,0.37%,34.1904,35.43188
09/20/2004,35.27,35.13,35.6,35.02,111.36M,0.03%,34.191,35.42772
09/17/2004,35.26,35.07,35.35,35.0,84.07M,0.28%,34.1972,35.42168
09/16/2004,35.16,35.1,35.4,34.97,67.18M,0.20%,34.2026,35.41832
09/15/2004,35.09,35.26,35.28,34.94,90.53M,-1.04%,34.218,35.41616
09/14/2004,35.46,35.28,35.56,35.2,76.94M,0.14%,34.2334,35.4122
09/13/2004,35.41,35.09,35.55,34.98,109.46M,1.29%,34.2572,35.40732
09/10/2004,34.96,34.46,35.03,34.31,108.66M,1.54%,34.2864,35.399
09/09/2004,34.43,34.29,34.59,33.97,104.59M,0.85%,34.3384,35.3938
09/08/2004,34.14,34.15,34.52,34.02,101.72M,-0.38%,34.3938,35.39
09/07/2004,34.27,34.24,34.45,33.96,96.62M,0.85%,34.448,35.38592
09/03/2004,33.98,34.28,34.51,33.89,90.28M,-1.85%,34.5058,35.38456
09/02/2004,34.62,34.02,34.72,34.0,83.31M,1.50%,34.5638,35.386
09/01/2004,34.11,33.77,34.31,33.64,96.70M,0.74%,34.6104,35.38264
08/31/2004,33.86,33.86,33.96,33.49,81.40M,0.12%,34.6584,35.3822
08/30/2004,33.82,34.25,34.27,33.79,62.46M,-1.69%,34.7008,35.38152
08/27/2004,34.4,34.3,34.52,34.28,58.62M,0.47%,34.7498,35.38108
08/26/2004,34.24,34.3,34.39,34.15,57.81M,-0.44%,34.7862,35.3764
08/25/2004,34.39,33.9,34.44,33.74,88.45M,1.39%,34.8326,35.3712
08/24/2004,33.92,34.09,34.15,33.65,86.91M,-0.03%,34.8772,35.36424
08/23/2004,33.93,33.89,34.11,33.75,83.59M,0.24%,34.9218,35.35812
08/20/2004,33.85,33.41,33.98,33.35,92.07M,0.98%,34.9766,35.35184
08/19/2004,33.52,33.57,33.69,33.25,106.88M,-0.50%,35.0278,35.3456
08/18/2004,33.69,32.91,33.75,32.86,108.02M,1.75%,35.096,35.34148
08/17/2004,33.11,32.97,33.28,32.83,89.62M,1.16%,35.1598,35.33528
08/16/2004,32.73,32.46,33.04,32.43,77.94M,1.11%,35.218,35.33172
08/13/2004,32.37,32.5,32.59,32.2,91.44M,0.15%,35.2796,35.32808
08/12/2004,32.32,32.54,32.7,32.22,114.18M,-1.37%,35.3572,35.32268
08/11/2004,32.77,32.7,32.89,32.4,121.31M,-0.88%,35.4374,35.31644
08/10/2004,33.06,32.82,33.33,32.77,106.38M,1.26%,35.5096,35.30828
08/09/2004,32.65,32.66,32.81,32.5,78.65M,0.25%,35.5734,35.29892
08/06/2004,32.57,33.24,33.25,32.51,148.87M,-2.60%,35.6408,35.28936
08/05/2004,33.44,34.19,34.24,33.44,109.96M,-1.88%,35.7052,35.2788
08/04/2004,34.08,33.99,34.3,33.85,86.89M,0.03%,35.7384,35.26572
08/03/2004,34.07,34.68,34.77,34.03,85.88M,-2.10%,35.754,35.2496
08/02/2004,34.8,34.45,34.86,34.3,81.37M,0.20%,35.7664,35.2336
07/30/2004,34.73,34.6,34.94,34.49,83.04M,0.32%,35.761,35.2196
07/29/2004,34.62,34.55,34.76,34.34,99.09M,1.17%,35.7578,35.20592
07/28/2004,34.22,34.25,34.46,33.65,155.07M,-0.44%,35.7506,35.19404
07/27/2004,34.37,34.03,34.55,33.88,103.54M,1.39%,35.758,35.18224
07/26/2004,33.9,34.08,34.25,33.54,113.06M,-0.44%,35.7676,35.17076
07/23/2004,34.05,34.48,34.5,33.87,107.15M,-1.90%,35.7916,35.16212
07/22/2004,34.71,34.32,34.95,34.09,132.85M,1.37%,35.8112,35.15252
07/21/2004,34.24,35.42,35.48,34.18,136.17M,-2.89%,35.8072,35.1378
07/20/2004,35.26,34.58,35.42,34.55,120.17M,2.38%,35.8186,35.12664
07/19/2004,34.44,34.62,34.81,34.31,106.44M,-0.20%,35.8154,35.11036
07/16/2004,34.51,35.27,35.28,34.46,120.44M,-1.15%,35.8338,35.09556
07/15/2004,34.91,35.16,35.32,34.9,90.57M,-0.34%,35.8454,35.08204
07/14/2004,35.03,35.04,35.48,34.89,119.88M,-0.99%,35.846,35.06652
07/13/2004,35.38,35.52,35.64,35.25,81.64M,-0.14%,35.8376,35.05444
07/12/2004,35.43,35.4,35.52,34.55,81.88M,-0.42%,35.8394,35.04136
07/09/2004,35.58,35.67,35.87,35.46,86.05M,0.14%,35.8514,35.02792
07/08/2004,35.53,35.64,35.96,35.38,108.95M,-1.11%,35.8738,35.01236
07/07/2004,35.93,35.79,36.12,35.75,96.20M,0.20%,35.8986,34.99604
07/06/2004,35.86,36.43,36.43,35.66,130.40M,-2.16%,35.9208,34.98052
07/02/2004,36.65,36.87,37.02,36.46,74.11M,-0.60%,35.9386,34.9656
07/01/2004,36.87,37.48,37.48,36.6,122.19M,-1.84%,35.922,34.94596
06/30/2004,37.56,37.28,37.72,37.18,97.91M,0.97%,35.8948,34.92024
06/29/2004,37.2,36.93,37.41,36.91,68.38M,0.95%,35.8708,34.89332
06/28/2004,36.85,37.32,37.35,36.73,94.25M,-0.83%,35.8452,34.86536
06/25/2004,37.16,36.83,37.22,36.81,81.03M,0.76%,35.8278,34.8372
06/24/2004,36.88,36.85,37.18,36.75,92.39M,-0.19%,35.8174,34.80732
06/23/2004,36.95,36.4,37.02,36.34,95.34M,1.21%,35.809,34.78012
06/22/2004,36.51,35.99,36.53,35.85,101.64M,1.47%,35.81,34.74984
06/21/2004,35.98,36.35,36.46,35.89,65.47M,-0.80%,35.8152,34.72196
06/18/2004,36.27,36.13,36.67,36.09,78.79M,0.14%,35.831,34.69712
06/17/2004,36.22,36.48,36.49,36.08,77.86M,-0.93%,35.8418,34.673
06/16/2004,36.56,36.58,36.73,36.48,65.49M,-0.16%,35.863,34.64924
06/15/2004,36.62,36.39,36.82,36.39,92.00M,1.30%,35.8704,34.62612
06/14/2004,36.15,36.44,36.44,35.93,85.29M,-1.42%,35.8578,34.60212
06/10/2004,36.67,36.52,36.67,36.38,57.14M,0.71%,35.8482,34.58048
06/09/2004,36.41,36.81,36.88,36.2,98.25M,-1.41%,35.8296,34.55308
06/08/2004,36.93,36.73,37.02,36.68,72.58M,0.14%,35.8138,34.52948
06/07/2004,36.88,36.27,36.93,36.17,107.69M,2.39%,35.7764,34.50328
06/04/2004,36.02,36.18,36.45,36.0,91.30M,0.59%,35.7424,34.47592
06/03/2004,35.81,36.13,36.19,35.65,97.73M,-1.21%,35.7072,34.4502
06/02/2004,36.25,36.39,36.49,36.0,103.56M,-0.22%,35.6684,34.42692
06/01/2004,36.33,36.09,36.38,35.94,90.72M,-0.14%,35.6264,34.40304
05/28/2004,36.38,36.21,36.38,36.04,56.42M,0.36%,35.5916,34.37884
05/27/2004,36.25,36.12,36.33,35.89,110.23M,0.64%,35.5676,34.3522
05/26/2004,36.02,35.69,36.02,35.64,93.85M,0.64%,35.5492,34.32496
05/25/2004,35.79,34.99,35.91,34.79,146.47M,1.97%,35.5246,34.29948
05/24/2004,35.1,35.14,35.29,34.84,100.16M,0.69%,35.5034,34.273
05/21/2004,34.86,34.86,35.01,34.58,111.49M,0.49%,35.5082,34.2488
05/20/2004,34.69,34.62,34.86,34.4,95.04M,0.46%,35.5052,34.2252
05/19/2004,34.53,35.0,35.35,34.47,141.78M,-0.12%,35.512,34.19832
05/18/2004,34.57,34.5,34.74,34.44,96.73M,0.90%,35.5312,34.17204
05/17/2004,34.26,34.22,34.45,33.95,150.71M,-0.95%,35.5518,34.144
05/14/2004,34.59,35.04,35.15,34.48,133.76M,-0.75%,35.5958,34.11752
05/13/2004,34.85,34.9,35.28,34.76,138.10M,-0.71%,35.6358,34.0894
05/12/2004,35.1,34.96,35.18,34.11,197.89M,0.20%,35.6638,34.06428
05/11/2004,35.03,34.81,35.22,34.76,120.84M,1.51%,35.6908,34.03904
05/10/2004,34.51,34.51,34.74,34.26,157.20M,-0.86%,35.7278,34.0128
05/07/2004,34.81,34.93,35.47,34.75,137.73M,-0.83%,35.7656,33.98888
05/06/2004,35.1,35.04,35.36,34.69,102.76M,-0.74%,35.7994,33.96448
05/05/2004,35.36,35.26,35.53,35.04,97.58M,0.77%,35.8256,33.9372
05/04/2004,35.09,35.05,35.58,34.87,126.25M,0.43%,35.8422,33.90632
05/03/2004,34.94,34.84,35.35,34.73,117.07M,0.95%,35.866,33.8786
04/30/2004,34.61,35.49,35.63,34.56,150.92M,-2.42%,35.901,33.85276
04/29/2004,35.47,35.92,36.17,35.14,157.05M,-1.55%,35.945,33.8268
04/28/2004,36.03,36.54,36.55,35.85,111.78M,-1.83%,35.9832,33.79752
04/27/2004,36.7,36.78,37.02,36.52,87.67M,-0.19%,36.008,33.76364
04/26/2004,36.77,37.01,37.12,36.48,74.55M,-0.73%,36.0094,33.72612
04/23/2004,37.04,36.91,37.09,36.73,92.04M,0.79%,36.0156,33.68944
04/22/2004,36.75,35.83,36.84,35.81,137.90M,2.60%,36.0228,33.65068
04/21/2004,35.82,35.73,35.94,35.28,119.22M,0.87%,36.028,33.61096
04/20/2004,35.51,36.44,36.62,35.47,119.96M,-2.34%,36.0506,33.57708
04/19/2004,36.36,35.84,36.42,35.81,85.90M,1.22%,36.0796,33.54504
04/16/2004,35.92,36.03,36.15,35.62,110.83M,-0.17%,36.0784,33.5088
04/15/2004,35.98,36.58,36.69,35.85,123.83M,-1.80%,36.0832,33.47228
04/14/2004,36.64,36.24,36.78,36.19,113.80M,0.49%,36.0988,33.43516
04/13/2004,36.46,37.17,37.19,36.29,100.84M,-1.46%,36.102,33.393
04/12/2004,37.0,36.9,37.07,36.81,55.44M,0.63%,36.1108,33.3518
04/08/2004,36.77,37.18,37.22,36.57,77.26M,0.00%,36.1122,33.30744
04/07/2004,36.77,36.82,36.94,36.49,91.13M,-0.11%,36.1154,33.26192
04/06/2004,36.81,36.99,37.23,36.75,98.72M,-1.26%,36.1312,33.21744
04/05/2004,37.28,36.87,37.33,36.8,67.40M,0.95%,36.1632,33.17156
04/02/2004,36.93,36.72,36.99,36.35,146.02M,2.61%,36.1742,33.1262
04/01/2004,35.99,35.64,36.08,35.61,93.11M,0.90%,36.195,33.08236
03/31/2004,35.67,35.75,35.83,35.44,86.07M,-0.20%,36.2392,33.04212
03/30/2004,35.74,35.5,35.78,35.35,95.90M,0.34%,36.293,33.00488
03/29/2004,35.62,35.34,35.79,35.32,103.94M,1.60%,36.346,32.96688
03/26/2004,35.06,35.14,35.42,35.04,78.45M,-0.34%,36.3936,32.92572
03/25/2004,35.18,34.49,35.29,34.46,142.16M,2.69%,36.4504,32.886
03/24/2004,34.26,33.99,34.47,33.85,119.05M,1.15%,36.5022,32.84912
03/23/2004,33.87,34.43,34.49,33.85,126.12M,-0.82%,36.58,32.81708
03/22/2004,34.15,34.37,34.39,33.87,134.59M,-1.27%,36.6536,32.78736
03/19/2004,34.59,35.12,35.29,34.56,100.17M,-1.68%,36.7266,32.75592
03/18/2004,35.18,35.21,35.29,34.81,111.36M,-0.42%,36.7848,32.72124
03/17/2004,35.33,35.05,35.45,35.02,91.96M,1.55%,36.8246,32.68868
03/16/2004,34.79,34.95,35.09,34.47,123.77M,0.17%,36.8564,32.65408
03/15/2004,34.73,35.2,35.24,34.65,115.90M,-1.73%,36.8844,32.62124
03/12/2004,35.34,35.04,35.42,34.99,118.42M,1.82%,36.9156,32.58952
03/11/2004,34.71,34.91,35.36,34.64,152.59M,-0.91%,36.9366,32.55408
03/10/2004,35.03,35.58,35.83,34.97,134.35M,-1.30%,36.9678,32.51764
03/09/2004,35.49,35.66,35.81,35.35,126.26M,-0.31%,36.9808,32.47952
03/08/2004,35.6,36.52,36.65,35.56,112.74M,-2.36%,36.9856,32.43404
03/05/2004,36.46,36.24,36.98,36.19,118.14M,-0.36%,36.987,32.3864
03/04/2004,36.59,36.27,36.66,36.22,66.04M,0.94%,36.9658,32.33616
03/03/2004,36.25,36.34,36.46,36.04,84.05M,-0.55%,36.9398,32.28752
03/02/2004,36.45,36.81,37.01,36.44,91.63M,-1.17%,36.9226,32.24004
03/01/2004,36.88,36.51,36.9,36.3,79.79M,1.32%,36.8886,32.192
02/27/2004,36.4,36.59,36.77,36.1,99.46M,-0.27%,36.8448,32.14204
02/26/2004,36.5,36.3,36.67,36.14,71.49M,0.25%,36.8092,32.0946
02/25/2004,36.41,36.26,36.5,36.16,74.56M,0.61%,36.7808,32.04876
02/24/2004,36.19,36.1,36.5,35.83,124.57M,-0.25%,36.7554,32.00172
02/23/2004,36.28,36.83,36.86,35.73,125.32M,-1.12%,36.7196,31.9534
02/20/2004,36.69,36.8,36.97,36.38,132.39M,-0.33%,36.6794,31.90688
02/19/2004,36.81,37.65,37.72,36.65,100.95M,-1.52%,36.647,31.8586
02/18/2004,37.38,37.34,37.49,37.15,71.20M,0.30%,36.6084,31.81156
02/17/2004,37.27,37.11,37.44,37.05,69.82M,1.36%,36.57,31.76148
02/13/2004,36.77,37.22,37.79,36.59,90.60M,-0.84%,36.5264,31.71224
02/12/2004,37.08,37.35,37.52,37.07,70.75M,-0.86%,36.5016,31.66568
02/11/2004,37.4,37.06,37.49,36.83,92.51M,1.05%,36.4746,31.61488
02/10/2004,37.01,36.88,37.24,36.86,65.10M,0.16%,36.431,31.5606
02/09/2004,36.95,37.17,37.21,36.88,58.92M,-0.03%,36.3944,31.5074
02/06/2004,36.96,36.43,37.11,36.36,107.25M,1.82%,36.3558,31.45576
02/05/2004,36.3,36.34,36.54,36.16,96.97M,0.39%,36.317,31.40356
02/04/2004,36.16,36.45,37.58,36.16,110.07M,-1.63%,36.2724,31.35316
02/03/2004,36.76,36.74,37.07,36.55,73.89M,-0.11%,36.2236,31.30492
02/02/2004,36.8,37.03,37.31,36.65,94.54M,-0.27%,36.1694,31.25376
01/30/2004,36.9,37.03,37.27,36.8,84.31M,-0.46%,36.1078,31.20288
01/29/2004,37.07,37.06,37.14,36.49,144.04M,0.38%,36.0602,31.1528
01/28/2004,36.93,37.76,37.88,36.83,128.17M,-1.68%,36.0164,31.10184
01/27/2004,37.56,38.33,38.45,37.51,97.37M,-2.21%,35.9898,31.05184
01/26/2004,38.41,37.8,38.47,37.66,84.70M,1.53%,35.9514,31.00172
01/23/2004,37.83,38.03,38.28,37.6,88.81M,-0.37%,35.8812,30.94672
01/22/2004,37.97,38.37,38.51,37.88,90.97M,-0.60%,35.8252,30.89308
01/21/2004,38.2,38.21,38.48,37.82,112.32M,-0.42%,35.775,30.84
01/20/2004,38.36,38.55,38.82,38.13,82.08M,-0.08%,35.7264,30.78876
01/16/2004,38.39,38.2,38.45,37.99,77.37M,1.03%,35.6726,30.73456
01/15/2004,38.0,37.75,38.28,37.45,104.60M,0.26%,35.6118,30.68064
01/14/2004,37.9,37.93,38.07,37.57,69.07M,0.34%,35.5636,30.6294
01/13/2004,37.77,38.09,38.18,37.42,93.06M,-1.00%,35.506,30.58308
01/12/2004,38.15,37.67,38.17,37.5,77.72M,1.60%,35.4552,30.53848
01/09/2004,37.55,37.53,38.17,37.41,94.33M,-0.66%,35.3954,30.49368
01/08/2004,37.8,37.67,37.82,37.42,78.27M,0.80%,35.3484,30.45072
01/07/2004,37.5,37.11,37.5,36.9,71.90M,0.89%,35.2734,30.4074
01/06/2004,37.17,36.91,37.25,36.78,60.08M,0.68%,35.2042,30.36372
01/05/2004,36.92,36.41,36.98,36.39,69.76M,2.02%,35.141,30.31816
01/02/2004,36.19,36.49,36.62,36.05,55.26M,-0.28%,35.0908,30.2766
12/31/2003,36.29,36.45,36.47,36.08,60.53M,-0.27%,35.0688,30.23664
12/30/2003,36.39,36.36,36.41,36.13,48.28M,0.33%,35.0406,30.19372
12/29/2003,36.27,35.86,36.36,35.85,63.37M,1.65%,35.0018,30.14928
12/26/2003,35.68,35.79,35.92,35.65,25.50M,-0.14%,34.9822,30.10124
12/24/2003,35.73,35.67,35.85,35.63,44.84M,0.17%,34.969,30.0566
12/23/2003,35.67,35.43,35.85,35.36,67.06M,0.76%,34.9578,30.01248
12/22/2003,35.4,35.19,35.51,35.13,63.62M,0.31%,34.946,29.97044
12/19/2003,35.29,35.44,35.48,35.04,89.77M,-0.28%,34.935,29.92976
12/18/2003,35.39,34.79,35.47,34.79,90.03M,1.84%,34.9198,29.8908
12/17/2003,34.75,34.65,34.84,34.41,68.58M,0.17%,34.8974,29.85004
12/16/2003,34.69,34.63,34.86,34.26,89.90M,0.20%,34.8922,29.8108
12/15/2003,34.62,35.76,35.82,34.49,106.26M,-1.31%,34.884,29.77308
12/12/2003,35.08,35.13,35.18,34.74,72.23M,-0.17%,34.8722,29.73784
12/11/2003,35.14,34.34,35.23,34.33,108.45M,2.15%,34.8328,29.70044
12/10/2003,34.4,34.37,34.54,33.97,103.57M,0.38%,34.79,29.65956
12/09/2003,34.27,35.28,35.29,34.19,110.02M,-2.28%,34.7474,29.62492
12/08/2003,35.07,34.86,35.17,34.62,87.16M,0.54%,34.7218,29.59024
12/05/2003,34.88,35.11,35.33,34.8,87.64M,-1.64%,34.669,29.55188
12/04/2003,35.46,35.22,35.54,34.92,102.49M,1.05%,34.6242,29.51276
12/03/2003,35.09,35.67,35.95,35.09,107.87M,-1.24%,34.5764,29.47632
12/02/2003,35.53,35.65,35.88,35.41,65.09M,-0.56%,34.5618,29.44028
12/01/2003,35.73,35.54,35.84,35.3,82.83M,1.45%,34.5264,29.40396
11/28/2003,35.22,35.1,35.33,35.04,24.81M,0.11%,34.5002,29.3692
11/26/2003,35.18,35.24,35.35,34.65,72.88M,0.46%,34.4882,29.3398
11/25/2003,35.02,35.13,35.28,34.93,72.58M,0.00%,34.4666,29.30944
11/24/2003,35.02,34.36,35.09,34.31,92.21M,2.79%,34.451,29.28048
11/21/2003,34.07,33.92,34.11,33.57,81.83M,1.04%,34.4172,29.24808
11/20/2003,33.72,33.73,34.52,33.65,117.42M,-0.97%,34.409,29.22324
11/19/2003,34.05,33.85,34.24,33.72,86.62M,0.98%,34.4042,29.19872
11/18/2003,33.72,34.71,34.81,33.66,108.77M,-2.32%,34.3856,29.17292
11/17/2003,34.52,34.68,34.75,34.1,108.53M,-1.03%,34.3898,29.14452
11/14/2003,34.88,35.64,35.85,34.79,91.06M,-2.02%,34.3862,29.10856
11/13/2003,35.6,35.54,35.73,35.38,64.34M,-0.11%,34.3642,29.07276
11/12/2003,35.64,35.01,35.8,34.98,81.20M,2.12%,34.3322,29.03564
11/11/2003,34.9,34.99,35.14,34.69,75.95M,-0.37%,34.2932,28.997
11/10/2003,35.03,35.53,35.58,34.93,68.96M,-1.21%,34.2694,28.95784
11/07/2003,35.46,35.91,36.01,35.43,63.62M,-0.87%,34.2334,28.91696
11/06/2003,35.77,35.62,35.8,35.18,90.66M,0.28%,34.183,28.87192
11/05/2003,35.67,35.35,35.72,34.99,68.54M,0.91%,34.1206,28.82864
11/04/2003,35.35,35.52,35.7,35.28,60.12M,-0.67%,34.055,28.78764
11/03/2003,35.59,35.26,35.81,35.2,71.20M,1.63%,33.9952,28.75164
10/31/2003,35.02,35.27,35.32,34.9,55.50M,-0.60%,33.9292,28.7132
10/30/2003,35.23,35.64,35.83,34.98,95.16M,0.20%,33.8786,28.67624
10/29/2003,35.16,35.04,35.25,34.91,74.14M,-0.11%,33.8168,28.63584
10/28/2003,35.2,34.27,35.25,34.21,107.54M,3.38%,33.758,28.59296
10/27/2003,34.05,34.12,34.29,33.88,63.49M,0.03%,33.6904,28.54996
10/24/2003,34.04,33.63,34.07,33.33,101.85M,0.09%,33.6298,28.509
10/23/2003,34.01,33.99,34.35,33.89,99.46M,-1.16%,33.5642,28.47036
10/22/2003,34.41,34.73,34.77,34.28,88.87M,-1.94%,33.4986,28.43236
10/21/2003,35.09,34.98,35.28,34.78,75.05M,0.60%,33.4248,28.3902
10/20/2003,34.88,34.49,35.51,33.92,76.22M,1.25%,33.3282,28.3478
10/17/2003,34.45,35.25,35.32,34.44,98.04M,-2.38%,33.2292,28.3044
10/16/2003,35.29,34.94,35.36,34.84,74.13M,0.77%,33.1436,28.26332
10/15/2003,35.02,35.63,35.68,34.87,97.82M,-0.43%,33.0388,28.21696
10/14/2003,35.17,34.94,35.26,34.8,64.30M,0.26%,32.9398,28.17064
10/13/2003,35.08,34.98,35.21,34.76,61.00M,0.66%,32.8624,28.12064
10/10/2003,34.85,34.61,34.87,34.48,68.41M,0.93%,32.787,28.07412
10/09/2003,34.53,34.75,35.11,34.27,118.30M,0.76%,32.723,28.02424
10/08/2003,34.27,34.65,34.68,34.06,71.45M,-0.64%,32.6578,27.9746
10/07/2003,34.49,34.0,34.49,33.85,80.20M,0.61%,32.6024,27.92144
10/06/2003,34.28,34.12,34.29,33.9,49.28M,0.73%,32.5474,27.86336
10/03/2003,34.03,33.69,34.31,33.66,112.95M,2.78%,32.4948,27.80652
10/02/2003,33.11,32.95,33.27,32.78,83.95M,0.33%,32.4348,27.75068
10/01/2003,33.0,32.46,33.08,32.27,106.84M,2.26%,32.4016,27.69928
09/30/2003,32.27,32.77,32.81,32.21,119.20M,-2.18%,32.3654,27.64984
09/29/2003,32.99,32.61,33.02,32.3,97.13M,1.73%,32.3348,27.60536
09/26/2003,32.43,32.74,33.02,32.37,106.72M,-0.64%,32.2976,27.56092
09/25/2003,32.64,33.22,33.82,32.61,118.07M,-1.30%,32.2696,27.51368
09/24/2003,33.07,34.35,34.64,33.02,115.62M,-3.75%,32.257,27.46796
09/23/2003,34.36,33.81,34.4,33.75,77.88M,1.78%,32.2378,27.42168
09/22/2003,33.76,33.97,34.04,33.61,97.50M,-1.92%,32.192,27.37132
09/19/2003,34.42,34.63,34.7,34.2,69.84M,-0.58%,32.1506,27.32
09/18/2003,34.62,34.01,34.7,33.84,91.66M,1.52%,32.0912,27.266
09/17/2003,34.1,34.17,34.34,33.87,79.83M,-0.41%,32.0398,27.2138
09/16/2003,34.24,33.36,34.27,33.36,87.64M,2.73%,32.0004,27.16332
09/15/2003,33.33,33.68,33.75,33.29,54.64M,-0.98%,31.9504,27.11368
09/12/2003,33.66,33.18,33.68,32.9,105.04M,0.54%,31.8926,27.06868
09/11/2003,33.48,33.12,33.62,32.86,96.98M,1.09%,31.836,27.02424
09/10/2003,33.12,33.59,33.73,32.96,111.72M,-2.39%,31.7706,26.98184
09/09/2003,33.93,34.17,34.23,33.76,88.04M,-1.19%,31.7044,26.94016
09/08/2003,34.34,33.84,34.37,33.79,69.38M,1.66%,31.6196,26.8978
09/05/2003,33.78,33.81,34.18,33.51,91.06M,-0.65%,31.5344,26.8546
09/04/2003,34.0,33.67,34.06,33.54,63.96M,0.92%,31.4464,26.81136
09/03/2003,33.69,33.94,34.04,33.49,85.27M,-0.06%,31.3572,26.76632
09/02/2003,33.71,33.33,33.73,32.98,80.53M,1.44%,31.2788,26.71984
08/29/2003,33.23,32.89,33.3,32.83,53.20M,0.88%,31.2094,26.67548
08/28/2003,32.94,32.79,32.97,32.37,55.37M,0.89%,31.1504,26.63268
08/27/2003,32.65,32.34,32.68,32.22,47.29M,0.80%,31.1072,26.59444
08/26/2003,32.39,32.13,32.44,31.66,79.93M,0.09%,31.0666,26.55856
08/25/2003,32.36,32.21,32.42,32.06,43.09M,0.22%,31.0336,26.52248
08/22/2003,32.29,33.11,33.21,32.18,93.04M,-0.62%,30.9828,26.49008
08/21/2003,32.49,32.44,32.67,32.12,77.28M,1.09%,30.9472,26.46144
08/20/2003,32.14,31.95,32.37,31.87,58.29M,-0.25%,30.905,26.4316
08/19/2003,32.22,31.96,32.23,31.7,68.43M,1.26%,30.863,26.4072
08/18/2003,31.82,31.16,31.86,30.91,67.54M,2.58%,30.8104,26.38084
08/15/2003,31.02,30.85,31.14,30.79,28.14M,0.85%,30.7738,26.35384
08/14/2003,30.76,30.74,31.04,30.53,51.23M,0.10%,30.759,26.33048
08/13/2003,30.73,30.84,30.92,30.51,58.08M,0.03%,30.7494,26.30576
08/12/2003,30.72,30.37,30.76,30.18,59.79M,1.52%,30.7292,26.28052
08/11/2003,30.26,29.94,30.46,29.89,63.75M,1.10%,30.7036,26.25336
08/08/2003,29.93,30.29,30.41,29.79,66.71M,-0.80%,30.6914,26.22228
08/07/2003,30.17,30.08,30.37,29.88,67.37M,0.40%,30.6762,26.19572
08/06/2003,30.05,30.22,30.63,29.96,96.86M,-0.07%,30.6538,26.16792
08/05/2003,30.07,31.26,31.33,29.91,111.22M,-3.93%,30.632,26.14156
08/04/2003,31.3,31.27,31.77,30.7,96.44M,-0.03%,30.59,26.11204
08/01/2003,31.31,31.54,31.64,31.15,73.58M,-1.07%,30.5232,26.07644
07/31/2003,31.65,31.64,32.18,31.37,85.74M,1.22%,30.4482,26.03656
07/30/2003,31.27,31.56,31.59,31.18,56.66M,-0.73%,30.368,25.99856
07/29/2003,31.5,31.78,31.87,31.08,80.63M,-0.76%,30.2938,25.96396
07/28/2003,31.74,31.71,31.84,31.45,56.22M,0.28%,30.2352,25.93292
07/25/2003,31.65,30.99,31.69,30.63,83.09M,2.00%,30.1762,25.90276
07/24/2003,31.03,31.7,31.87,30.94,83.64M,-1.34%,30.1126,25.87104
07/23/2003,31.45,31.24,31.49,30.85,69.22M,0.83%,30.0626,25.83716
07/22/2003,31.19,30.97,31.35,30.72,91.65M,1.46%,30.0078,25.79996
07/21/2003,30.74,31.09,31.15,30.47,112.04M,-1.25%,29.9496,25.76924
07/18/2003,31.13,31.25,31.81,30.78,80.60M,0.32%,29.8876,25.73548
07/17/2003,31.03,31.52,31.69,30.9,110.52M,-3.06%,29.8282,25.70412
07/16/2003,32.01,32.31,32.35,31.58,81.73M,-0.31%,29.7772,25.67552
07/15/2003,32.11,32.38,32.5,31.79,76.34M,0.12%,29.6994,25.64592
07/14/2003,32.07,32.19,32.6,31.92,84.58M,1.20%,29.6202,25.6196
07/11/2003,31.69,31.5,31.84,31.46,67.82M,0.76%,29.53,25.5916
07/10/2003,31.45,31.7,31.84,31.18,103.23M,-1.87%,29.4426,25.56664
07/09/2003,32.05,32.03,32.34,31.78,89.87M,-0.25%,29.3656,25.53956
07/08/2003,32.13,31.63,32.16,31.47,82.34M,1.23%,29.2716,25.51008
07/07/2003,31.74,30.83,31.75,30.82,88.77M,4.27%,29.1654,25.47672
07/03/2003,30.44,30.56,30.96,30.33,50.05M,-1.26%,29.0776,25.44796
07/02/2003,30.83,30.27,30.85,30.24,82.02M,2.05%,29.0188,25.42724
07/01/2003,30.21,29.56,30.24,29.12,105.98M,1.34%,28.9482,25.4088
06/30/2003,29.81,30.02,30.2,29.66,72.10M,0.40%,28.8798,25.38648
06/27/2003,29.69,30.11,30.43,29.63,82.57M,-1.30%,28.8176,25.3626
06/26/2003,30.08,29.57,30.14,29.47,79.30M,2.38%,28.7458,25.34276
06/25/2003,29.38,29.53,30.04,29.33,94.37M,-0.54%,28.6674,25.32636
06/24/2003,29.54,29.59,29.99,29.39,83.06M,-0.77%,28.598,25.3132
06/23/2003,29.77,30.19,30.23,29.42,86.65M,-1.55%,28.515,25.29636
06/20/2003,30.24,30.55,30.64,30.11,71.59M,-0.13%,28.4326,25.27864
06/19/2003,30.28,30.84,31.09,30.24,79.57M,-1.62%,28.3346,25.26252
06/18/2003,30.78,30.52,31.08,30.31,80.26M,0.52%,28.2478,25.2442
06/17/2003,30.62,30.88,30.97,30.42,67.73M,-0.39%,28.1516,25.22644
06/16/2003,30.74,30.03,30.76,29.86,71.63M,3.09%,28.0578,25.2128
06/13/2003,29.82,30.51,30.59,29.72,83.40M,-2.26%,27.9702,25.20536
06/12/2003,30.51,30.5,30.61,30.12,79.62M,0.43%,27.8986,25.1998
06/11/2003,30.38,29.93,30.5,29.66,87.43M,1.13%,27.795,25.18772
06/10/2003,30.04,29.72,30.06,29.54,69.96M,1.52%,27.69,25.1764
06/09/2003,29.59,29.86,30.08,29.39,94.99M,-1.33%,27.6084,25.16716
06/06/2003,29.99,31.02,31.32,29.88,157.20M,-0.96%,27.5416,25.15812
06/05/2003,30.28,29.99,30.54,29.83,89.55M,0.00%,27.4706,25.15064
06/04/2003,30.28,29.67,30.44,29.58,87.15M,1.88%,27.3908,25.1422
06/03/2003,29.72,29.3,29.74,28.53,82.25M,0.95%,27.3036,25.13608
06/02/2003,29.44,29.94,30.06,29.17,103.12M,-0.71%,27.25,25.13528
05/30/2003,29.65,29.39,29.73,29.31,78.19M,1.65%,27.1948,25.1344
05/29/2003,29.17,29.09,29.66,29.02,97.64M,0.41%,27.1334,25.1312
05/28/2003,29.05,29.02,29.26,28.83,76.42M,0.31%,27.086,25.13412
05/27/2003,28.96,27.8,29.08,27.77,101.60M,3.54%,27.0346,25.13952
05/23/2003,27.97,27.91,28.12,27.82,37.94M,0.04%,26.9674,25.14424
05/22/2003,27.96,27.63,28.19,27.49,62.49M,1.45%,26.918,25.1562
05/21/2003,27.56,27.52,27.62,27.31,64.16M,-0.29%,26.8412,25.16872
05/20/2003,27.64,27.63,27.83,27.28,72.05M,0.29%,26.7638,25.186
05/19/2003,27.56,28.39,28.55,27.48,91.82M,-3.54%,26.689,25.20044
05/16/2003,28.57,28.6,28.81,28.35,70.66M,-0.76%,26.6264,25.21492
05/15/2003,28.79,28.62,28.85,28.43,62.52M,1.12%,26.5426,25.22888
05/14/2003,28.47,28.74,28.84,28.23,62.27M,-0.21%,26.4556,25.24484
05/13/2003,28.53,28.5,28.85,28.41,65.21M,-0.63%,26.374,25.2618
05/12/2003,28.71,28.23,28.83,28.04,67.63M,1.52%,26.2942,25.27832
05/09/2003,28.28,27.91,28.35,27.86,58.60M,2.32%,26.2208,25.29316
05/08/2003,27.64,27.73,28.06,27.63,80.37M,-1.85%,26.1482,25.30252
05/07/2003,28.16,28.28,28.56,27.99,70.39M,-1.12%,26.0776,25.30964
05/06/2003,28.48,28.09,28.77,28.08,77.65M,1.28%,26.0074,25.32024
05/05/2003,28.12,28.19,28.58,28.04,80.69M,-0.11%,25.9302,25.3328
05/02/2003,28.15,27.48,28.16,27.44,85.08M,2.14%,25.8688,25.3346
05/01/2003,27.56,27.31,27.74,27.06,66.08M,0.88%,25.803,25.33736
04/30/2003,27.32,27.52,27.66,27.3,60.47M,-1.01%,25.751,25.34552
04/29/2003,27.6,27.51,27.93,27.28,80.39M,0.91%,25.7072,25.35772
04/28/2003,27.35,26.92,27.5,26.82,59.71M,1.98%,25.6428,25.37296
04/25/2003,26.82,27.19,27.29,26.73,63.36M,-1.94%,25.5724,25.38988
04/24/2003,27.35,27.23,27.62,27.14,72.61M,-0.55%,25.5102,25.40652
04/23/2003,27.5,27.37,27.62,27.13,70.60M,0.73%,25.444,25.42072
04/22/2003,27.3,26.61,27.33,26.53,70.94M,1.90%,25.3722,25.4398
04/21/2003,26.79,26.82,26.98,26.5,52.76M,0.34%,25.3002,25.46
04/17/2003,26.7,26.04,26.85,26.03,70.33M,2.30%,25.2464,25.48428
04/16/2003,26.1,26.53,26.71,26.0,70.76M,-0.23%,25.1918,25.5112
04/15/2003,26.16,25.85,26.34,25.73,64.70M,0.96%,25.1514,25.544
04/14/2003,25.91,25.48,26.02,25.37,53.44M,2.05%,25.1158,25.57612
04/11/2003,25.39,25.9,26.05,25.24,68.01M,-1.01%,25.0842,25.61192
04/10/2003,25.65,25.34,25.65,25.18,57.50M,1.22%,25.065,25.65052
04/09/2003,25.34,25.98,26.5,25.29,76.58M,-2.31%,25.0526,25.68244
04/08/2003,25.94,26.03,26.17,25.76,54.29M,-0.12%,25.039,25.71452
04/07/2003,25.97,26.98,27.07,25.95,83.96M,0.15%,25.0086,25.74216
04/04/2003,25.93,26.45,26.48,25.85,65.77M,-1.63%,24.9832,25.773
04/03/2003,26.36,26.52,26.72,26.19,71.17M,0.46%,24.9724,25.803
04/02/2003,26.24,25.94,26.44,25.91,76.05M,3.59%,24.9414,25.83612
04/01/2003,25.33,25.32,25.55,25.13,73.63M,0.80%,24.9148,25.868
03/31/2003,25.13,25.48,25.61,25.09,89.43M,-3.20%,24.912,25.90508
03/28/2003,25.96,26.02,26.31,25.83,45.42M,-1.10%,24.9358,25.94404
03/27/2003,26.25,26.15,26.53,25.98,64.21M,-0.72%,24.949,25.97992
03/26/2003,26.44,26.38,26.65,26.24,68.04M,0.57%,24.963,26.02124
03/25/2003,26.29,26.04,26.64,25.89,78.82M,1.43%,24.9704,26.05904
03/24/2003,25.92,26.35,26.48,25.85,85.35M,-4.14%,24.984,26.09564
03/21/2003,27.04,27.08,27.25,26.08,93.42M,1.35%,24.9972,26.13484
03/20/2003,26.68,26.42,27.01,26.05,93.14M,0.38%,24.972,26.16824
03/19/2003,26.58,26.72,26.85,26.21,91.46M,-0.82%,24.969,26.20756
03/18/2003,26.8,26.68,26.84,26.3,97.22M,1.21%,24.9614,26.24864
03/17/2003,26.48,25.31,26.68,25.23,141.23M,3.44%,24.9366,26.285
03/14/2003,25.6,25.61,25.86,25.24,89.84M,0.39%,24.9126,26.32792
03/13/2003,25.5,24.53,25.53,24.29,128.61M,5.72%,24.8858,26.3746
03/12/2003,24.12,23.65,24.13,23.43,78.04M,1.82%,24.8662,26.42084
03/11/2003,23.69,23.95,24.13,23.67,54.97M,-0.88%,24.8778,26.47112
03/10/2003,23.9,24.22,24.34,23.8,56.00M,-2.17%,24.9072,26.524
03/07/2003,24.43,23.97,24.83,23.85,73.34M,0.21%,24.9338,26.57968
03/06/2003,24.38,24.32,24.57,24.12,59.67M,-0.25%,24.9562,26.63536
03/05/2003,24.44,24.29,24.66,24.21,69.23M,0.21%,24.9726,26.6918
03/04/2003,24.39,24.55,24.65,24.31,56.12M,-0.61%,24.9826,26.74404
03/03/2003,24.54,25.15,25.36,24.45,60.46M,-2.00%,25.0,26.79616
02/28/2003,25.04,24.69,25.1,24.6,50.61M,1.58%,25.0254,26.847
02/27/2003,24.65,24.31,24.8,24.16,66.53M,2.24%,25.0392,26.89476
02/26/2003,24.11,24.57,24.82,24.09,60.17M,-2.19%,25.0446,26.93844
02/25/2003,24.65,24.34,24.83,23.97,74.66M,0.12%,25.0772,26.97648
02/24/2003,24.62,25.01,25.09,24.59,56.73M,-1.72%,25.0962,27.01484
02/21/2003,25.05,24.81,25.25,24.4,70.36M,0.76%,25.1134,27.05524
02/20/2003,24.86,25.03,25.15,24.72,59.96M,-0.40%,25.1144,27.09444
02/19/2003,24.96,25.08,25.12,24.59,45.63M,-0.68%,25.1442,27.12896
02/18/2003,25.13,24.58,25.22,24.57,74.05M,3.08%,25.1666,27.1624
02/14/2003,24.38,23.72,24.39,23.51,67.59M,2.31%,25.193,27.20184
02/13/2003,23.83,23.74,23.87,23.21,77.80M,0.51%,25.2462,27.2424
02/12/2003,23.71,23.96,24.22,23.67,51.83M,-1.37%,25.327,27.28952
02/11/2003,24.04,24.14,24.5,23.81,78.06M,0.54%,25.4046,27.34152
02/10/2003,23.91,23.79,24.14,23.51,67.65M,0.89%,25.4794,27.39248
02/07/2003,23.7,24.25,24.34,23.54,72.35M,-1.66%,25.5396,27.44148
02/06/2003,24.1,23.93,24.24,23.75,103.61M,0.54%,25.6228,27.49252
02/05/2003,23.97,24.22,24.74,23.9,80.19M,-0.46%,25.6926,27.54012
02/04/2003,24.08,24.07,24.19,23.71,69.62M,-1.23%,25.7652,27.58436
02/03/2003,24.38,24.41,24.68,24.27,53.20M,0.21%,25.816,27.6316
01/31/2003,24.33,23.95,24.64,23.9,90.56M,-0.41%,25.839,27.67864
01/30/2003,24.43,25.2,25.3,24.38,70.52M,-2.40%,25.871,27.72832
01/29/2003,25.03,24.64,25.33,24.23,95.82M,1.50%,25.9088,27.78244
01/28/2003,24.66,24.65,24.93,24.31,65.32M,0.98%,25.9278,27.83564
01/27/2003,24.42,24.34,24.91,24.26,76.61M,-1.13%,25.9368,27.88936
01/24/2003,24.7,25.41,25.41,24.53,74.60M,-2.72%,25.9446,27.94288
01/23/2003,25.39,25.28,25.72,24.99,78.68M,2.34%,25.9346,27.99956
01/22/2003,24.81,24.85,25.41,24.75,81.02M,-0.40%,25.9258,28.0526
01/21/2003,24.91,25.29,25.43,24.9,68.05M,-1.11%,25.938,28.1084
01/17/2003,25.19,25.78,25.82,25.15,77.46M,-4.29%,25.9668,28.16176
01/16/2003,26.32,26.67,26.85,26.13,69.78M,-1.13%,25.9826,28.20992
01/15/2003,26.62,27.11,27.23,26.46,55.47M,-1.22%,25.9718,28.25828
01/14/2003,26.95,26.78,27.19,26.72,47.30M,0.52%,25.942,28.30968
01/13/2003,26.81,27.2,27.34,26.61,72.96M,-0.59%,25.8918,28.35628
01/10/2003,26.97,26.23,27.13,26.1,82.65M,1.47%,25.8446,28.40964
01/09/2003,26.58,26.12,26.85,26.1,75.45M,3.10%,25.7814,28.46084
01/08/2003,25.78,26.27,26.37,25.72,75.10M,-2.83%,25.7374,28.51716
01/07/2003,26.53,26.29,26.8,26.13,88.79M,1.26%,25.712,28.5788
01/06/2003,26.2,25.59,26.47,25.08,67.43M,2.50%,25.6588,28.63636
01/03/2003,25.56,25.34,25.59,25.16,39.11M,1.11%,25.6246,28.69676
01/02/2003,25.28,24.6,25.43,24.34,66.32M,4.20%,25.594,28.7586
12/31/2002,24.26,24.43,24.59,24.17,46.03M,-1.06%,25.572,28.8234
12/30/2002,24.52,24.72,24.85,24.25,57.47M,-0.73%,25.5608,28.8916
12/27/2002,24.7,25.06,25.73,24.63,42.56M,-1.83%,25.5392,28.9532
12/26/2002,25.16,25.41,25.79,25.05,33.82M,-0.28%,25.4986,29.00932
12/24/2002,25.23,25.38,25.61,25.2,16.77M,-1.25%,25.4644,29.06924
12/23/2002,25.55,25.06,25.64,25.01,46.01M,1.39%,25.4074,29.1276
12/20/2002,25.2,25.21,25.33,24.95,65.61M,1.04%,25.3388,29.18344
12/19/2002,24.94,25.05,25.66,24.69,96.19M,-1.27%,25.2544,29.2392
12/18/2002,25.26,25.43,25.48,24.93,67.60M,-2.13%,25.155,29.29664
12/17/2002,25.81,25.69,26.08,25.54,63.04M,0.31%,25.0512,29.35004
12/16/2002,25.73,25.1,25.84,24.95,60.40M,3.25%,24.9364,29.40808
12/13/2002,24.92,25.4,25.45,24.89,72.72M,-3.19%,24.827,29.46944
12/12/2002,25.74,25.88,26.57,25.44,62.40M,0.55%,24.7414,29.5322
12/11/2002,25.6,25.32,25.95,25.2,64.29M,0.47%,24.6496,29.58892
12/10/2002,25.48,25.3,25.83,25.23,69.68M,1.51%,24.5752,29.6448
12/09/2002,25.1,26.1,26.43,25.08,76.22M,-4.74%,24.478,29.70836
12/06/2002,26.35,25.69,26.6,25.62,81.77M,1.04%,24.4002,29.77212
12/05/2002,26.08,26.82,26.87,26.01,85.41M,-1.40%,24.3032,29.82996
12/04/2002,26.45,26.44,26.82,26.09,130.49M,-2.18%,24.217,29.8918
12/03/2002,27.04,27.42,27.45,26.8,76.72M,-2.98%,24.1066,29.95684
12/02/2002,27.87,28.29,28.66,27.44,86.01M,1.01%,23.9842,30.01928
11/29/2002,27.59,28.08,28.16,27.09,34.65M,-0.68%,23.8582,30.07036
11/27/2002,27.78,27.4,28.07,27.36,73.70M,3.19%,23.736,30.11516
11/26/2002,26.92,27.65,27.8,26.77,80.06M,-3.37%,23.617,30.16192
11/25/2002,27.86,27.63,28.07,27.41,72.73M,0.98%,23.5202,30.21328
11/22/2002,27.59,27.24,27.81,27.19,73.83M,-0.04%,23.414,30.25612
11/21/2002,27.6,26.8,27.71,26.63,105.62M,3.68%,23.3198,30.3058
11/20/2002,26.62,25.44,26.63,25.42,75.65M,4.27%,23.2218,30.35564
11/19/2002,25.53,25.68,25.93,25.18,88.22M,-1.54%,23.1562,30.40556
11/18/2002,25.93,26.59,26.65,25.87,76.94M,-1.48%,23.1164,30.45728
11/15/2002,26.32,25.78,26.33,25.63,69.33M,1.31%,23.0572,30.50732
11/14/2002,25.98,25.46,26.3,25.4,86.67M,3.46%,22.9856,30.56324
11/13/2002,25.11,24.58,25.33,24.38,119.40M,1.21%,22.9074,30.61608
11/12/2002,24.81,24.29,25.28,24.29,88.96M,2.52%,22.8576,30.67284
11/11/2002,24.2,24.83,24.9,24.04,74.66M,-3.01%,22.812,30.73144
11/08/2002,24.95,25.37,25.75,24.84,77.03M,-1.85%,22.7956,30.79136
11/07/2002,25.42,25.87,25.98,25.19,82.77M,-3.53%,22.7702,30.84284
11/06/2002,26.35,26.17,26.49,25.52,116.87M,1.42%,22.7292,30.89136
11/05/2002,25.98,25.59,26.05,25.44,79.63M,0.78%,22.6874,30.93624
11/04/2002,25.78,25.93,26.7,25.68,110.58M,2.59%,22.6704,30.98416
11/01/2002,25.13,24.26,25.28,24.03,86.70M,2.82%,22.6554,31.03308
10/31/2002,24.44,24.55,24.92,24.25,81.53M,-0.04%,22.6736,31.07892
10/30/2002,24.45,23.96,24.67,23.74,103.55M,2.69%,22.6974,31.12288
10/29/2002,23.81,24.2,24.36,23.26,90.39M,-2.34%,22.7098,31.1658
10/28/2002,24.38,24.88,24.92,24.06,90.30M,-0.53%,22.7372,31.20552
10/25/2002,24.51,23.88,24.64,23.88,71.81M,2.68%,22.7412,31.24088
10/24/2002,23.87,24.57,24.74,23.81,89.21M,-2.53%,22.7394,31.27836
10/23/2002,24.49,23.74,24.52,23.56,88.34M,1.91%,22.7406,31.32624
10/22/2002,24.03,23.63,24.23,23.54,90.34M,-0.62%,22.7006,31.3748
10/21/2002,24.18,23.41,24.34,23.19,85.77M,2.03%,22.6858,31.41956
10/18/2002,23.7,23.17,23.74,22.82,85.25M,1.11%,22.6666,31.46072
10/17/2002,23.44,23.49,23.7,22.47,96.26M,3.40%,22.6618,31.50308
10/16/2002,22.67,22.61,23.05,21.97,97.78M,-3.33%,22.6468,31.54288
10/15/2002,23.45,23.33,23.52,23.07,118.20M,4.78%,22.6414,31.58488
10/14/2002,22.38,21.77,22.4,21.68,78.96M,1.18%,22.5992,31.62028
10/11/2002,22.12,21.45,22.28,21.32,124.83M,5.43%,22.5946,31.66996
10/10/2002,20.98,20.01,21.11,19.82,109.61M,5.06%,22.6046,31.71844
10/09/2002,19.97,19.85,20.43,19.75,103.35M,-0.50%,22.6598,31.77208
10/08/2002,20.07,20.19,20.51,19.67,94.12M,0.00%,22.7444,31.83036
10/07/2002,20.07,20.17,20.49,19.76,79.90M,-0.94%,22.8174,31.87948
10/04/2002,20.26,20.84,20.92,20.02,81.89M,-1.84%,22.8672,31.923
10/03/2002,20.64,20.96,21.3,20.58,74.41M,-2.41%,22.905,31.9688
10/02/2002,21.15,21.41,21.87,20.87,94.90M,-3.34%,22.9624,32.01268
10/01/2002,21.88,20.81,21.89,20.37,102.14M,6.11%,22.9854,32.05268
09/30/2002,20.62,20.97,21.14,20.39,91.58M,-2.78%,23.0136,32.0886
09/27/2002,21.21,21.45,22.11,21.21,92.28M,-1.35%,23.0788,32.12088
09/26/2002,21.5,22.06,22.23,21.27,104.46M,-1.24%,23.1468,32.15044
09/25/2002,21.77,21.25,21.94,21.0,98.11M,4.01%,23.2274,32.17984
09/24/2002,20.93,20.59,21.35,20.55,91.56M,0.05%,23.2934,32.20616
09/23/2002,20.92,21.35,21.42,20.71,72.78M,-3.01%,23.3838,32.2366
09/20/2002,21.57,21.73,21.8,21.38,78.20M,0.42%,23.459,32.27116
09/19/2002,21.48,21.6,22.03,21.45,86.32M,-1.60%,23.5212,32.30276
09/18/2002,21.83,21.91,22.44,21.68,92.41M,-1.13%,23.5674,32.32908
09/17/2002,22.08,22.94,23.1,22.08,89.21M,-2.08%,23.6218,32.35712
09/16/2002,22.55,22.75,22.9,22.27,58.90M,-1.44%,23.6854,32.38812
09/13/2002,22.88,22.49,22.97,22.42,79.72M,0.79%,23.7588,32.41936
09/12/2002,22.7,23.13,23.16,22.6,70.80M,-2.74%,23.7938,32.45204
09/11/2002,23.34,24.01,24.24,23.31,73.92M,-0.85%,23.8166,32.497
09/10/2002,23.54,23.12,23.56,22.92,74.69M,2.48%,23.8444,32.5378
09/09/2002,22.97,22.57,23.26,22.29,72.72M,1.01%,23.8932,32.5786
09/06/2002,22.74,22.55,23.11,22.49,86.03M,3.04%,23.9556,32.6274
09/05/2002,22.07,22.3,22.4,21.83,92.66M,-2.43%,24.0074,32.67764
09/04/2002,22.62,22.4,22.91,22.14,82.73M,0.40%,24.0728,32.7352
09/03/2002,22.53,22.95,23.32,22.24,81.89M,-3.64%,24.1446,32.78872
08/30/2002,23.38,23.51,23.9,23.27,59.51M,-1.27%,24.208,32.84816
08/29/2002,23.68,23.09,24.11,22.91,97.08M,1.33%,24.2672,32.9064
08/28/2002,23.37,23.91,23.98,23.28,115.76M,-3.67%,24.3378,32.96836
08/27/2002,24.26,25.31,25.4,24.04,92.36M,-3.46%,24.448,33.03136
08/26/2002,25.13,25.18,25.27,24.5,83.35M,0.40%,24.5314,33.08292
08/23/2002,25.03,25.68,25.69,24.83,75.25M,-3.88%,24.5786,33.13244
08/22/2002,26.04,25.63,26.09,25.3,80.39M,1.60%,24.629,33.1784
08/21/2002,25.63,25.28,25.73,24.88,101.40M,2.23%,24.6628,33.22664
08/20/2002,25.07,25.07,25.31,24.73,89.99M,-0.44%,24.6968,33.27444
08/19/2002,25.18,24.65,25.47,24.57,76.04M,2.44%,24.7578,33.33168
08/16/2002,24.58,24.02,24.88,23.62,95.86M,0.66%,24.8176,33.38664
08/15/2002,24.42,24.13,24.44,23.61,120.31M,2.05%,24.901,33.44996
08/14/2002,23.93,22.56,24.09,22.37,102.71M,6.40%,25.003,33.51592
08/13/2002,22.49,23.12,23.76,22.44,88.36M,-3.43%,25.1088,33.58056
08/12/2002,23.29,22.94,23.37,22.79,62.92M,0.30%,25.236,33.65252
08/09/2002,23.22,23.1,23.61,22.77,93.58M,-1.02%,25.3682,33.7206
08/08/2002,23.46,22.65,23.49,22.2,111.70M,3.39%,25.5118,33.79604
08/07/2002,22.69,23.09,23.26,21.86,126.23M,1.29%,25.6454,33.8714
08/06/2002,22.4,21.7,22.9,21.69,115.36M,4.97%,25.8108,33.95256
08/05/2002,21.34,22.01,22.22,21.2,84.93M,-3.66%,25.9846,34.0378
08/02/2002,22.15,22.67,22.73,21.72,86.75M,-2.08%,26.1954,34.12404
08/01/2002,22.62,23.63,23.79,22.55,85.21M,-4.72%,26.3774,34.20172
07/31/2002,23.74,23.89,24.08,23.25,93.88M,-1.90%,26.5486,34.27728
07/30/2002,24.2,23.62,24.57,23.48,117.40M,2.02%,26.715,34.34932
07/29/2002,23.72,23.17,24.01,22.97,96.76M,5.14%,26.8866,34.41616
07/26/2002,22.56,22.46,22.74,21.91,96.05M,1.85%,27.0664,34.48252
07/25/2002,22.15,23.15,23.29,21.7,153.93M,-5.78%,27.2684,34.55212
07/24/2002,23.51,21.71,23.55,21.54,186.59M,5.43%,27.4738,34.6252
07/23/2002,22.3,23.34,23.64,22.18,150.85M,-4.25%,27.616,34.697
07/22/2002,23.29,23.74,24.39,22.98,150.03M,-2.47%,27.7584,34.77756
07/19/2002,23.88,24.22,24.59,23.69,124.80M,-2.97%,27.9088,34.85024
07/18/2002,24.61,25.27,25.45,24.41,114.05M,-3.60%,28.0636,34.92712
07/17/2002,25.53,25.96,26.32,24.77,158.23M,1.83%,28.1428,34.99728
07/16/2002,25.07,25.13,25.91,24.78,148.28M,-1.49%,28.209,35.06696
07/15/2002,25.45,24.57,25.52,23.64,140.57M,3.12%,28.2996,35.14028
07/12/2002,24.68,25.13,25.41,24.44,130.03M,0.00%,28.398,35.20172
07/11/2002,24.68,23.66,24.77,23.42,170.29M,3.74%,28.5326,35.26424
07/10/2002,23.79,24.88,24.91,23.72,115.37M,-3.10%,28.6706,35.33276
07/09/2002,24.55,25.13,25.36,24.48,91.10M,-2.81%,28.8144,35.40344
07/08/2002,25.26,26.08,26.43,24.96,97.37M,-3.66%,28.9414,35.47824
07/05/2002,26.22,25.15,26.27,24.93,56.77M,6.46%,29.0816,35.55892
07/03/2002,24.63,23.74,24.63,22.62,101.09M,3.31%,29.2042,35.635
07/02/2002,23.84,24.49,24.63,22.98,111.63M,-3.60%,29.3688,35.71844
07/01/2002,24.73,25.86,26.02,24.66,64.80M,-4.81%,29.5606,35.79964
06/28/2002,25.98,25.93,26.63,25.73,87.87M,-0.42%,29.752,35.87508
06/27/2002,26.09,25.88,26.13,24.9,121.39M,3.00%,29.9162,35.9444
06/26/2002,25.33,24.32,25.66,24.28,149.08M,-0.04%,30.0916,36.01268
06/25/2002,25.34,26.46,26.6,25.18,137.01M,-3.32%,30.2858,36.08356
06/24/2002,26.21,25.34,26.68,25.09,139.73M,1.98%,30.4516,36.1548
06/21/2002,25.7,26.24,26.66,25.53,101.84M,-2.43%,30.5946,36.22024
06/20/2002,26.34,27.14,27.32,25.55,99.93M,-3.20%,30.7376,36.28396
06/19/2002,27.21,27.97,28.19,27.12,93.53M,-5.78%,30.8844,36.34592
06/18/2002,28.88,28.19,29.01,28.15,100.63M,1.58%,31.0088,36.40668
06/17/2002,28.43,27.87,28.62,27.78,87.65M,3.42%,31.124,36.45936
06/14/2002,27.49,26.74,27.59,26.08,122.11M,-0.22%,31.2396,36.523
06/13/2002,27.55,27.64,28.08,27.23,97.62M,-0.65%,31.3818,36.5954
06/12/2002,27.73,27.12,27.83,26.71,153.04M,1.46%,31.5282,36.66856
06/11/2002,27.33,28.47,28.56,27.24,84.62M,-2.81%,31.6722,36.74616
06/10/2002,28.12,28.23,28.62,28.01,73.15M,-0.18%,31.8572,36.83072
06/07/2002,28.17,27.5,28.66,27.39,106.06M,-2.02%,32.0126,36.90728
06/06/2002,28.75,29.37,29.38,27.77,93.74M,-2.61%,32.158,36.98512
06/05/2002,29.52,29.28,29.66,28.84,95.37M,1.03%,32.2974,37.0526
06/04/2002,29.22,28.62,29.54,28.48,98.41M,1.28%,32.4148,37.11788
06/03/2002,28.85,29.87,30.11,28.66,77.08M,-3.51%,32.5606,37.17908
05/31/2002,29.9,30.62,30.9,29.86,79.91M,-1.64%,32.7206,37.24056
05/30/2002,30.4,29.87,30.58,29.76,92.10M,0.86%,32.8404,37.3046
05/29/2002,30.14,30.52,30.76,30.1,73.48M,-2.65%,32.9766,37.37804
05/28/2002,30.96,31.32,31.38,30.35,68.85M,-0.42%,33.1192,37.45616
05/24/2002,31.09,31.44,31.55,30.87,55.90M,-2.48%,33.2412,37.526
05/23/2002,31.88,31.48,31.95,30.66,94.46M,2.02%,33.3532,37.60428
05/22/2002,31.25,30.85,31.44,30.27,89.55M,0.22%,33.4538,37.68
05/21/2002,31.18,32.22,32.44,30.86,104.18M,-2.74%,33.5852,37.74628
05/20/2002,32.06,32.45,32.55,31.79,78.17M,-2.20%,33.7286,37.81228
05/17/2002,32.78,33.13,33.26,32.32,82.73M,0.21%,33.8572,37.87176
05/16/2002,32.71,32.39,32.9,32.07,89.98M,0.15%,33.9516,37.9204
05/15/2002,32.66,31.93,33.47,31.7,204.69M,0.74%,34.0458,37.968
05/14/2002,32.42,31.91,32.5,31.72,107.86M,5.88%,34.1376,38.01872
05/13/2002,30.62,29.73,30.84,29.54,93.98M,4.08%,34.2288,38.07128
05/10/2002,29.42,30.87,30.95,29.36,112.39M,-4.51%,34.3278,38.13412
05/09/2002,30.81,31.43,31.74,30.66,106.54M,-2.56%,34.4118,38.20836
05/08/2002,31.62,29.99,31.73,29.86,129.95M,10.68%,34.4804,38.27304
05/07/2002,28.57,29.13,29.21,28.29,102.25M,-0.94%,34.5424,38.33848
05/06/2002,28.84,29.5,29.84,28.72,96.53M,-2.57%,34.668,38.41052
05/03/2002,29.6,30.33,30.37,29.35,92.14M,-2.54%,34.761,38.49016
05/02/2002,30.37,31.25,31.84,30.32,85.87M,-3.31%,34.8354,38.56308
05/01/2002,31.41,31.52,31.69,30.44,109.98M,-0.54%,34.9278,38.62536
04/30/2002,31.58,30.89,32.05,30.8,95.43M,1.94%,34.99,38.67948
04/29/2002,30.98,31.1,31.4,30.43,85.34M,0.26%,35.0706,38.72816
04/26/2002,30.9,32.51,33.84,30.87,100.21M,-4.25%,35.1852,38.7838
04/25/2002,32.27,32.16,32.58,31.85,103.10M,-0.25%,35.3028,38.83656
04/24/2002,32.35,33.06,33.15,32.05,69.01M,-1.55%,35.3806,38.88724
04/23/2002,32.86,33.44,33.62,32.55,73.14M,-1.71%,35.4628,38.95052
04/22/2002,33.43,33.85,33.86,33.1,64.65M,-2.54%,35.5256,39.0114
04/19/2002,34.3,34.89,34.9,34.22,62.44M,0.32%,35.5576,39.05904
04/18/2002,34.19,34.62,34.99,33.84,91.27M,-1.92%,35.5894,39.08608
04/17/2002,34.86,35.24,35.33,34.29,69.14M,-0.51%,35.6284,39.10956
04/16/2002,35.04,34.27,35.06,34.26,72.18M,4.19%,35.6662,39.14052
04/15/2002,33.63,33.65,33.8,33.05,69.34M,0.81%,35.7246,39.1636
04/12/2002,33.36,33.17,33.64,32.8,78.36M,1.55%,35.8186,39.18752
04/11/2002,32.85,33.5,33.69,32.74,90.71M,-2.46%,35.9132,39.2016
04/10/2002,33.68,33.6,34.09,32.98,85.77M,0.75%,36.0122,39.21472
04/09/2002,33.43,34.62,34.82,33.34,80.94M,-3.49%,36.116,39.22856
04/08/2002,34.64,33.32,34.64,33.27,74.99M,1.26%,36.2204,39.2304
04/05/2002,34.21,34.85,35.01,34.02,68.44M,-1.13%,36.3028,39.22984
04/04/2002,34.6,34.35,35.0,34.12,90.54M,-0.77%,36.3836,39.24192
04/03/2002,34.87,35.14,35.28,34.14,85.80M,-0.17%,36.4362,39.2594
04/02/2002,34.93,35.82,35.98,34.84,77.80M,-4.51%,36.507,39.275
04/01/2002,36.58,35.63,36.73,35.14,70.74M,1.92%,36.5978,39.29336
03/28/2002,35.89,35.85,36.2,35.73,59.58M,1.27%,36.6382,39.31924
03/27/2002,35.44,35.47,35.83,35.24,64.55M,-0.78%,36.7234,39.34216
03/26/2002,35.72,35.26,36.25,35.24,92.47M,0.93%,36.81,39.3708
03/25/2002,35.39,36.52,36.73,35.35,87.44M,-3.07%,36.9088,39.39832
03/22/2002,36.51,36.77,36.97,36.3,58.93M,-0.92%,37.0248,39.4174
03/21/2002,36.85,35.98,36.97,35.73,92.33M,2.67%,37.113,39.432
03/20/2002,35.89,36.71,36.91,35.87,61.84M,-3.55%,37.202,39.45684
03/19/2002,37.21,37.43,37.7,37.05,58.96M,-0.16%,37.3046,39.47692
03/18/2002,37.27,37.46,37.76,36.88,78.96M,0.57%,37.39,39.49588
03/15/2002,37.06,36.73,37.16,36.43,63.98M,1.01%,37.4708,39.521
03/14/2002,36.69,36.9,37.23,36.55,70.75M,-0.60%,37.528,39.54972
03/13/2002,36.91,37.24,37.48,35.83,71.41M,-2.41%,37.5688,39.57136
03/12/2002,37.82,37.4,37.82,37.15,82.68M,-1.38%,37.6334,39.60328
03/11/2002,38.35,38.17,39.01,37.88,71.08M,-0.36%,37.6734,39.64508
03/08/2002,38.49,38.05,38.85,37.95,84.45M,2.64%,37.6966,39.68844
03/07/2002,37.5,37.94,38.15,36.84,85.51M,0.21%,37.7096,39.73116
03/06/2002,37.42,36.91,37.77,36.43,86.85M,0.46%,37.7456,39.77048
03/05/2002,37.25,36.77,37.69,36.64,91.46M,0.73%,37.7694,39.80672
03/04/2002,36.98,35.54,37.06,35.24,105.73M,3.96%,37.8308,39.852
03/01/2002,35.57,33.99,35.58,33.93,86.08M,5.80%,37.9126,39.893
02/28/2002,33.62,34.35,34.81,33.59,95.71M,-1.81%,38.0134,39.9458
02/27/2002,34.24,35.23,35.34,33.9,95.16M,-1.38%,38.1394,40.01896
02/26/2002,34.72,35.07,35.26,34.21,94.68M,-0.37%,38.246,40.08576
02/25/2002,34.85,33.85,35.09,33.8,89.00M,4.06%,38.379,40.14992
02/22/2002,33.49,33.46,34.04,32.94,99.82M,0.51%,38.5028,40.21556
02/21/2002,33.32,34.63,34.79,33.32,109.31M,-4.77%,38.6492,40.29256
02/20/2002,34.99,34.75,35.01,33.77,106.55M,1.36%,38.8136,40.37876
02/19/2002,34.52,35.21,35.29,33.84,72.44M,-3.06%,38.968,40.47132
02/15/2002,35.61,36.67,36.74,35.47,79.83M,-3.00%,39.1306,40.56196
02/14/2002,36.71,36.98,37.4,35.83,77.51M,-0.19%,39.2312,40.63948
02/13/2002,36.78,36.55,36.98,36.44,60.98M,1.71%,39.2728,40.71988
02/12/2002,36.16,36.14,36.81,35.87,51.48M,-0.82%,39.3266,40.79732
02/11/2002,36.46,35.97,38.99,35.81,57.64M,1.28%,39.3986,40.88676
02/08/2002,36.0,35.29,36.07,34.81,80.48M,2.77%,39.4408,40.9822
02/07/2002,35.03,35.83,36.38,34.84,97.73M,-2.40%,39.521,41.08344
02/06/2002,35.89,36.67,36.72,35.53,98.68M,-0.69%,39.6216,41.18816
02/05/2002,36.14,36.42,37.16,36.02,86.85M,-1.66%,39.6858,41.28964
02/04/2002,36.75,37.78,37.89,36.44,82.76M,-3.19%,39.7322,41.40448
02/01/2002,37.96,38.22,38.7,37.52,61.21M,-0.97%,39.766,41.51348
01/31/2002,38.33,38.4,38.57,37.84,69.66M,0.63%,39.8128,41.6274
01/30/2002,38.09,37.82,38.67,36.68,101.39M,0.77%,39.83,41.74084
01/29/2002,37.8,38.95,39.22,37.34,83.34M,-2.75%,39.8542,41.84944
01/28/2002,38.87,38.97,39.2,38.25,47.80M,0.57%,39.8874,41.95504
01/25/2002,38.65,38.29,38.97,38.18,58.83M,-0.28%,39.8936,42.0668
01/24/2002,38.76,38.76,39.33,38.17,77.25M,1.33%,39.877,42.182
01/23/2002,38.25,37.47,38.51,37.18,74.97M,2.74%,39.8528,42.29124
01/22/2002,37.23,38.82,38.84,37.16,81.77M,-3.07%,39.8392,42.40224
01/18/2002,38.41,38.65,39.27,38.04,81.99M,-2.69%,39.8538,42.51832
01/17/2002,39.47,39.3,39.79,38.83,75.29M,2.25%,39.8458,42.619
01/16/2002,38.6,39.35,39.75,38.59,90.94M,-3.86%,39.7882,42.70792
01/15/2002,40.15,39.85,40.56,39.38,66.92M,0.96%,39.7248,42.80328
01/14/2002,39.77,40.3,40.49,39.52,71.31M,-2.19%,39.6254,42.88928
01/11/2002,40.66,41.16,41.41,40.28,60.83M,-1.29%,39.5048,42.96984
01/10/2002,41.19,40.98,41.35,40.49,75.55M,0.66%,39.356,43.03512
01/09/2002,40.92,41.84,42.4,40.71,85.12M,-0.92%,39.2098,43.09828
01/08/2002,41.3,40.92,41.58,40.65,66.96M,0.68%,39.1082,43.16004
01/07/2002,41.02,41.92,42.02,39.92,75.17M,-1.11%,39.0148,43.23896
01/04/2002,41.48,41.75,42.09,40.74,86.88M,0.41%,38.8988,43.32348
01/03/2002,41.31,40.12,41.36,40.07,85.77M,3.48%,38.7586,43.37032
01/02/2002,39.92,39.39,39.96,38.75,61.71M,3.07%,38.6182,43.43748
12/31/2001,38.73,40.12,40.26,38.73,46.18M,-3.51%,38.4876,43.5224
12/28/2001,40.14,40.1,40.61,40.04,38.25M,0.80%,38.3764,43.6126
12/27/2001,39.82,39.66,40.01,39.42,34.26M,0.78%,38.2196,43.6944
12/26/2001,39.51,39.19,40.11,38.98,37.69M,0.95%,38.1192,43.776
12/24/2001,39.14,39.36,39.45,38.97,13.66M,-0.41%,38.0138,43.84116
12/21/2001,39.3,39.24,39.53,38.97,56.21M,1.79%,37.9188,43.90648
12/20/2001,38.61,39.91,40.11,38.5,83.05M,-4.24%,37.8236,43.98468
12/19/2001,40.32,40.37,41.13,40.13,79.60M,-1.83%,37.6984,44.08504
12/18/2001,41.07,40.97,41.31,39.97,50.85M,1.13%,37.511,44.17808
12/17/2001,40.61,39.83,41.05,39.83,62.45M,1.73%,37.3238,44.27408
12/14/2001,39.92,39.69,40.27,39.39,70.01M,0.88%,37.1438,44.38528
12/13/2001,39.57,40.52,40.81,39.57,79.59M,-4.35%,36.9684,44.51088
12/12/2001,41.37,41.31,41.74,40.41,76.09M,0.80%,36.7942,44.64872
12/11/2001,41.04,41.27,42.06,40.94,66.06M,0.56%,36.5406,44.75396
12/10/2001,40.81,41.13,42.03,40.69,69.09M,-1.76%,36.2918,44.85456
12/07/2001,41.54,42.29,42.4,40.95,81.63M,-2.74%,36.0526,44.96204
12/06/2001,42.71,42.51,43.04,42.16,77.70M,0.14%,35.7888,45.07732
12/05/2001,42.65,41.02,42.95,40.93,115.77M,4.95%,35.5054,45.16004
12/04/2001,40.64,39.16,40.65,38.26,79.41M,4.77%,35.2436,45.24424
12/03/2001,38.79,39.11,39.42,38.69,60.45M,-1.72%,35.0202,45.33244
11/30/2001,39.47,39.54,39.85,39.18,66.02M,-0.73%,34.8056,45.42784
11/29/2001,39.76,38.85,39.81,38.61,83.82M,3.09%,34.593,45.53056
11/28/2001,38.57,39.54,40.18,38.51,101.57M,-3.60%,34.3944,45.64848
11/27/2001,40.01,39.86,40.78,39.02,100.29M,-0.12%,34.2302,45.77464
11/26/2001,40.06,39.4,40.17,38.83,75.27M,2.46%,34.051,45.87984
11/23/2001,39.1,38.58,39.25,38.39,27.05M,1.66%,33.9286,45.99732
11/21/2001,38.46,38.29,38.77,37.8,60.87M,0.05%,33.8174,46.11904
11/20/2001,38.44,39.89,40.04,38.3,85.22M,-4.62%,33.723,46.25516
11/19/2001,40.3,39.6,40.3,39.31,69.20M,2.83%,33.6576,46.39156
11/16/2001,39.19,39.3,39.5,38.74,64.04M,-0.28%,33.5576,46.5384
11/15/2001,39.3,38.98,39.92,38.77,86.35M,-0.41%,33.503,46.6836
11/14/2001,39.46,39.77,40.05,38.56,88.66M,0.71%,33.437,46.80536
11/13/2001,39.18,38.85,39.32,38.45,97.93M,3.60%,33.3956,46.9332
11/12/2001,37.82,36.83,38.17,36.13,112.99M,0.72%,33.3708,47.0778
11/09/2001,37.55,37.42,37.9,36.95,74.12M,-0.05%,33.3978,47.22792
11/08/2001,37.57,38.37,39.22,37.08,105.92M,-1.03%,33.4292,47.40468
11/07/2001,37.96,37.43,38.66,37.33,92.14M,-0.13%,33.4208,47.5826
11/06/2001,38.01,36.44,38.02,36.22,107.00M,3.88%,33.4118,47.76148
11/05/2001,36.59,36.09,36.99,35.99,64.43M,3.27%,33.382,47.93592
11/02/2001,35.43,35.11,35.68,34.73,64.92M,0.71%,33.4122,48.11204
11/01/2001,35.18,34.28,35.4,33.62,92.72M,4.27%,33.4552,48.2956
10/31/2001,33.74,33.88,34.8,33.52,106.18M,1.57%,33.5392,48.46052
10/30/2001,33.22,33.55,33.93,32.69,96.09M,-1.95%,33.6428,48.64296
10/29/2001,33.88,35.83,35.99,33.88,92.15M,-5.47%,33.7866,48.82808
10/26/2001,35.84,36.33,36.89,35.84,93.82M,-2.16%,33.9272,49.0026
10/25/2001,36.63,34.54,36.65,34.07,118.55M,4.00%,34.0122,49.18772
10/24/2001,35.22,34.44,35.51,34.16,90.06M,2.18%,34.0892,49.38436
10/23/2001,34.47,34.66,35.24,33.84,103.63M,0.52%,34.191,49.58712
10/22/2001,34.29,33.28,34.34,33.07,74.08M,2.70%,34.3432,49.78792
10/19/2001,33.39,32.72,33.59,31.85,73.43M,0.66%,34.5034,49.96132
10/18/2001,33.17,32.55,33.38,32.25,94.45M,2.69%,34.6952,50.13932
10/17/2001,32.3,35.7,35.83,32.15,141.53M,-7.18%,34.906,50.33312
10/16/2001,34.8,34.51,34.94,33.91,81.35M,1.64%,35.118,50.5274
10/15/2001,34.24,33.96,34.39,33.5,78.32M,-0.44%,35.2534,50.68732
10/12/2001,34.39,34.17,34.64,32.99,111.90M,-0.43%,35.3988,50.85716
10/11/2001,34.54,33.04,35.09,32.99,117.27M,6.77%,35.546,51.0314
10/10/2001,32.35,30.73,32.39,30.61,73.84M,4.52%,35.6734,51.2222
10/09/2001,30.95,31.71,31.87,30.73,57.46M,-2.40%,35.8326,51.42324
10/08/2001,31.71,30.99,32.2,30.82,67.79M,0.32%,36.0128,51.64136
10/05/2001,31.61,30.86,31.75,30.12,96.56M,1.48%,36.187,51.85544
10/04/2001,31.15,31.5,33.05,30.8,127.40M,0.94%,36.384,52.06344
10/03/2001,30.86,28.3,31.46,28.2,136.22M,7.56%,36.6098,52.28424
10/02/2001,28.69,28.52,29.27,28.27,74.18M,0.31%,36.8218,52.51416
10/01/2001,28.6,28.72,28.85,27.72,53.46M,-0.87%,37.11,52.76396
09/28/2001,28.85,28.71,29.78,28.18,84.81M,1.76%,37.381,53.00616
09/27/2001,28.35,28.27,28.66,27.29,70.05M,-0.67%,37.663,53.24684
09/26/2001,28.54,29.81,29.86,28.28,59.26M,-3.45%,37.964,53.49364
09/25/2001,29.56,29.57,30.29,28.82,83.80M,0.31%,38.2094,53.74948
09/24/2001,29.47,28.94,29.86,28.46,85.69M,5.02%,38.4244,53.9806
09/21/2001,28.06,27.28,28.84,27.07,112.12M,-2.70%,38.6712,54.23944
09/20/2001,28.84,29.16,29.95,28.67,90.69M,-3.32%,38.9392,54.4982
09/19/2001,29.83,30.5,30.86,28.13,116.62M,-1.75%,39.2274,54.74068
09/18/2001,30.36,31.38,32.35,30.23,65.94M,-2.22%,39.5394,54.98492
09/17/2001,31.05,31.1,32.65,30.95,97.09M,-8.52%,39.837,55.23376
09/10/2001,33.94,33.33,34.16,33.19,80.37M,1.19%,40.1258,55.4818
09/07/2001,33.54,33.46,34.94,33.19,95.53M,-0.59%,40.3298,55.70984
09/06/2001,33.74,34.58,35.35,33.62,87.71M,-4.07%,40.5308,55.9452
09/05/2001,35.17,35.32,35.74,33.99,94.91M,-0.37%,40.7222,56.18896
09/04/2001,35.3,36.35,37.33,35.19,74.03M,-3.18%,40.882,56.43896
08/31/2001,36.46,35.87,36.86,35.77,54.30M,1.28%,41.037,56.67996
08/30/2001,36.0,36.63,37.14,35.58,65.84M,-3.72%,41.1708,56.93028
08/29/2001,37.39,38.19,38.27,36.96,59.06M,-1.45%,41.3022,57.19488
08/28/2001,37.94,39.14,39.26,37.83,65.28M,-3.14%,41.387,57.44992
08/27/2001,39.17,39.1,39.71,38.65,50.82M,0.13%,41.4648,57.6918
08/24/2001,39.12,37.68,39.21,37.57,58.45M,5.30%,41.5294,57.92928
08/23/2001,37.15,37.5,38.28,37.13,54.71M,-0.96%,41.588,58.16496
08/22/2001,37.51,37.28,37.66,36.37,65.24M,2.71%,41.7318,58.40664
08/21/2001,36.52,38.11,38.47,36.48,56.45M,-4.15%,41.8934,58.649
08/20/2001,38.1,37.67,38.47,37.35,49.91M,1.38%,42.0798,58.88936
08/17/2001,37.58,38.26,38.62,37.53,56.65M,-4.57%,42.2604,59.1172
08/16/2001,39.38,38.47,39.41,37.86,68.23M,1.18%,42.4782,59.34712
08/15/2001,38.92,40.43,40.74,38.89,58.81M,-3.69%,42.6358,59.56884
08/14/2001,40.41,41.3,41.51,40.35,51.27M,-1.22%,42.81,59.79436
08/13/2001,40.91,40.4,41.15,40.01,48.43M,2.05%,42.9142,60.00672
08/10/2001,40.09,40.24,40.56,39.05,68.49M,-0.96%,43.0128,60.21336
08/09/2001,40.48,40.22,40.69,39.79,66.86M,0.42%,43.1014,60.42328
08/08/2001,40.31,41.66,42.45,40.11,76.07M,-4.21%,43.1762,60.62392
08/07/2001,42.08,41.9,42.62,41.74,38.41M,-0.52%,43.2882,60.82024
08/06/2001,42.3,42.34,42.65,42.15,31.11M,-1.58%,43.4218,61.01672
08/03/2001,42.98,43.33,43.33,42.36,51.51M,-1.67%,43.5692,61.22228
08/02/2001,43.71,43.59,43.8,42.62,53.19M,1.89%,43.678,61.41764
08/01/2001,42.9,42.44,43.3,42.21,53.86M,3.20%,43.817,61.60164
07/31/2001,41.57,41.65,42.58,41.31,55.73M,0.14%,43.9752,61.79012
07/30/2001,41.51,41.93,42.1,41.21,39.46M,-0.57%,44.1002,61.96896
07/27/2001,41.75,41.45,42.06,40.71,47.49M,2.05%,44.2236,62.15428
07/26/2001,40.91,40.26,41.69,39.79,69.22M,1.49%,44.3272,62.34336
07/25/2001,40.31,39.95,40.53,39.22,68.86M,0.88%,44.4078,62.5256
07/24/2001,39.96,40.19,40.71,39.13,70.43M,-1.14%,44.4938,62.73016
07/23/2001,40.42,42.04,42.2,40.36,55.33M,-2.51%,44.6014,62.95104
07/20/2001,41.46,41.3,41.94,41.17,49.01M,-2.31%,44.7042,63.17056
07/19/2001,42.44,42.26,43.15,41.56,76.59M,2.36%,44.8016,63.38296
07/18/2001,41.46,42.08,42.65,40.95,64.80M,-3.81%,44.9124,63.5994
07/17/2001,43.1,41.63,43.2,41.35,59.81M,2.25%,45.0228,63.8332
07/16/2001,42.15,43.17,43.66,41.7,53.39M,-1.86%,45.1204,64.048
07/13/2001,42.95,43.18,44.22,42.7,62.48M,-1.04%,45.209,64.27556
07/12/2001,43.4,42.43,43.63,42.1,70.37M,6.35%,45.325,64.50888
07/11/2001,40.81,40.23,40.91,39.68,77.84M,1.24%,45.4136,64.73592
07/10/2001,40.31,42.56,42.68,40.21,58.62M,-3.59%,45.5162,64.96484
07/09/2001,41.81,41.7,42.49,41.31,45.55M,0.84%,45.6088,65.1908
07/06/2001,41.46,42.81,42.91,41.3,53.44M,-4.14%,45.6476,65.4018
07/05/2001,43.25,44.66,44.98,43.25,44.41M,-4.80%,45.7162,65.61212
07/03/2001,45.43,45.04,45.48,44.59,24.76M,0.42%,45.733,65.82108
07/02/2001,45.24,45.44,46.26,44.98,50.88M,-0.55%,45.7232,66.0136
06/29/2001,45.49,44.88,46.3,44.49,59.72M,3.06%,45.7818,66.1972
06/28/2001,44.14,44.2,46.14,44.14,89.99M,1.26%,45.8336,66.39448
06/27/2001,43.59,43.48,43.94,42.8,53.29M,0.65%,45.8576,66.58992
06/26/2001,43.31,42.34,43.69,42.28,55.16M,0.35%,45.807,66.7804
06/25/2001,43.16,43.41,43.6,42.45,39.21M,0.26%,45.742,66.9814
06/22/2001,43.05,43.42,43.99,42.39,51.87M,-0.23%,45.7308,67.17852
06/21/2001,43.15,42.47,44.02,42.1,67.21M,1.36%,45.686,67.38056
06/20/2001,42.57,41.11,42.77,41.09,83.59M,2.26%,45.6152,67.57224
06/19/2001,41.63,43.12,43.36,41.07,73.39M,-0.48%,45.5014,67.7812
06/18/2001,41.83,42.44,42.97,41.21,63.54M,-1.34%,45.3914,68.00832
06/15/2001,42.4,41.61,42.9,41.09,84.59M,0.83%,45.2976,68.22968
06/14/2001,42.05,43.82,44.19,41.8,91.05M,-5.16%,45.1274,68.45024
06/13/2001,44.34,46.06,46.53,44.31,68.54M,-2.74%,44.9764,68.65728
06/12/2001,45.59,44.66,46.58,44.02,78.45M,-0.55%,44.8342,68.85316
06/11/2001,45.84,46.68,47.54,45.28,48.87M,-2.74%,44.7018,69.0376
06/08/2001,47.13,48.49,48.54,46.73,56.39M,-2.76%,44.5604,69.22948
06/07/2001,48.47,46.92,49.26,46.86,65.40M,2.56%,44.4082,69.40228
06/06/2001,47.26,47.86,48.66,46.85,61.17M,-0.78%,44.2998,69.58164
06/05/2001,47.63,46.09,48.13,45.98,68.15M,4.41%,44.187,69.76388
06/04/2001,45.62,46.12,46.68,45.08,41.70M,-0.48%,44.0864,69.94636
06/01/2001,45.84,45.33,46.01,44.12,61.87M,2.96%,44.026,70.12716
05/31/2001,44.52,44.33,45.64,44.09,68.02M,0.68%,43.9124,70.31748
05/30/2001,44.22,45.23,45.64,43.87,81.40M,-3.68%,43.8252,70.51216
05/29/2001,45.91,48.27,48.27,45.89,66.61M,-5.84%,43.802,70.68316
05/25/2001,48.76,49.73,49.79,47.8,36.19M,-1.83%,43.702,70.83048
05/24/2001,49.67,48.74,49.76,48.05,61.79M,2.58%,43.5658,70.97608
05/23/2001,48.42,50.21,50.22,48.41,65.62M,-4.42%,43.4434,71.08696
05/22/2001,50.66,51.07,51.71,49.95,77.24M,-0.30%,43.3598,71.20284
05/21/2001,50.81,47.95,50.91,47.43,85.43M,6.25%,43.1886,71.31672
05/18/2001,47.82,47.42,48.15,46.87,41.10M,0.29%,43.0702,71.41132
05/17/2001,47.68,47.23,48.56,47.04,73.81M,1.60%,43.0792,71.545
05/16/2001,46.93,44.1,47.3,43.85,80.11M,4.43%,43.1094,71.67952
05/15/2001,44.94,44.69,46.08,44.37,69.01M,0.74%,43.1542,71.8332
05/14/2001,44.61,45.09,45.15,43.9,43.06M,-1.61%,43.202,72.00752
05/11/2001,45.34,45.63,46.2,44.88,48.76M,-0.48%,43.2394,72.19064
05/10/2001,45.56,47.7,47.83,45.51,61.13M,-1.66%,43.304,72.36088
05/09/2001,46.33,46.83,47.73,46.22,60.98M,-3.44%,43.3374,72.51556
05/08/2001,47.98,48.08,48.12,46.77,56.97M,2.13%,43.3862,72.66716
05/07/2001,46.98,47.78,48.37,46.88,45.56M,-2.08%,43.4648,72.79276
05/04/2001,47.98,45.09,47.98,44.9,72.67M,3.01%,43.544,72.94724
05/03/2001,46.58,47.68,47.68,45.98,67.12M,-4.45%,43.5996,73.1052
05/02/2001,48.75,48.57,49.17,47.28,77.57M,1.92%,43.6932,73.28292
05/01/2001,47.83,45.98,47.86,45.19,54.50M,4.11%,43.773,73.44352
04/30/2001,45.94,46.03,47.35,45.09,73.86M,2.23%,43.9138,73.60704
04/27/2001,44.94,44.94,45.26,44.03,56.47M,2.72%,44.1576,73.78212
04/26/2001,43.75,45.69,46.03,43.67,71.11M,-2.54%,44.4024,73.98308
04/25/2001,44.89,43.7,45.37,42.9,68.42M,1.81%,44.6272,74.18532
04/24/2001,44.09,44.89,46.2,43.55,88.89M,-1.89%,44.8656,74.36904
04/23/2001,44.94,46.77,47.5,44.68,79.32M,-6.71%,45.1066,74.54056
04/20/2001,48.17,47.96,49.21,46.78,80.60M,0.19%,45.3782,74.721
04/19/2001,48.08,45.89,48.52,45.37,110.47M,6.04%,45.6212,74.86576
04/18/2001,45.34,43.52,48.73,43.0,129.20M,10.42%,45.8858,75.0208
04/17/2001,41.06,39.76,42.5,39.71,94.69M,2.50%,46.2032,75.19452
04/16/2001,40.06,41.75,42.23,39.87,65.23M,-5.96%,46.6072,75.39656
04/12/2001,42.6,40.11,42.6,39.81,79.53M,4.39%,47.103,75.59316
04/11/2001,40.81,41.96,42.3,40.26,92.83M,3.03%,47.531,75.74276
04/10/2001,39.61,37.72,40.27,37.6,94.27M,7.40%,48.0436,75.92988
04/09/2001,36.88,36.62,37.22,35.68,51.64M,2.08%,48.5852,76.1392
04/06/2001,36.13,36.73,36.93,35.33,86.13M,-2.72%,49.1524,76.38084
04/05/2001,37.14,35.83,37.78,35.54,87.04M,9.59%,49.7138,76.63496
04/04/2001,33.89,34.55,35.64,33.44,76.47M,-1.77%,50.3072,76.91092
04/03/2001,34.5,37.03,37.57,34.46,89.02M,-7.33%,50.9784,77.18344
04/02/2001,37.23,38.99,39.66,37.13,69.71M,-4.46%,51.6098,77.44408
03/30/2001,38.97,39.12,39.79,37.82,63.66M,0.52%,52.1852,77.701
03/29/2001,38.77,39.2,40.42,38.22,79.65M,-1.90%,52.7308,77.95496
03/28/2001,39.52,41.7,42.0,39.5,77.98M,-8.20%,53.227,78.23584
03/27/2001,43.05,41.61,43.52,41.23,69.95M,3.44%,53.6706,78.50476
03/26/2001,41.62,43.27,43.3,41.36,57.67M,-2.30%,54.0584,78.77052
03/23/2001,42.6,43.35,43.63,41.31,95.28M,0.00%,54.459,79.06092
03/22/2001,42.6,40.41,42.6,39.31,130.21M,6.08%,54.8052,79.35932
03/21/2001,40.16,40.33,41.61,39.53,96.20M,0.00%,55.0928,79.65696
03/20/2001,40.16,43.24,43.61,40.01,105.00M,-6.73%,55.4292,79.95816
03/19/2001,43.06,41.25,43.06,40.56,53.25M,5.26%,55.7532,80.2514
03/16/2001,40.91,41.68,42.6,40.37,77.79M,-2.48%,56.1126,80.52408
03/15/2001,41.95,44.99,45.11,41.85,74.14M,-3.67%,56.5374,80.7892
03/14/2001,43.55,42.5,44.98,42.11,97.19M,-1.56%,56.7622,81.0626
03/13/2001,44.24,42.58,44.53,41.93,80.02M,5.08%,57.0532,81.32136
03/12/2001,42.1,43.8,44.74,41.61,80.67M,-6.22%,57.3914,81.554
03/09/2001,44.89,47.03,47.15,44.74,79.99M,-7.00%,57.775,81.81308
03/08/2001,48.27,49.12,49.58,47.88,48.97M,-1.87%,58.089,82.07744
03/07/2001,49.19,50.17,50.2,48.74,55.22M,0.04%,58.328,82.34024
03/06/2001,49.17,49.07,50.42,48.87,60.83M,3.89%,58.4602,82.60132
03/05/2001,47.33,47.28,48.13,46.87,43.89M,1.83%,58.5862,82.84756
03/02/2001,46.48,46.98,49.4,45.44,95.98M,-4.30%,58.8166,83.0972
03/01/2001,48.57,46.75,48.97,45.54,101.77M,2.84%,59.161,83.35696
02/28/2001,47.23,49.22,49.98,46.64,102.22M,-3.16%,59.4612,83.60488
02/27/2001,48.77,51.3,51.84,48.67,66.74M,-6.05%,59.818,83.83452
02/26/2001,51.91,51.84,52.35,50.02,78.34M,1.90%,60.2108,84.06792
02/23/2001,50.94,49.86,51.36,48.01,93.34M,0.35%,60.599,84.28528
02/22/2001,50.76,51.21,51.92,48.66,103.91M,-0.98%,61.0608,84.4956
02/21/2001,51.26,51.31,53.82,50.68,72.35M,-2.81%,61.3992,84.70688
02/20/2001,52.74,55.48,55.58,52.06,55.30M,-3.88%,61.6978,84.92584
02/16/2001,54.87,55.7,56.61,54.28,66.78M,-5.61%,61.9966,85.12992
02/15/2001,58.13,58.53,60.21,58.03,67.80M,1.66%,62.3064,85.3036
02/14/2001,57.18,55.14,57.48,53.87,63.05M,3.98%,62.4116,85.463
02/13/2001,54.99,57.38,58.9,54.72,58.91M,-3.20%,62.542,85.64088
02/12/2001,56.81,55.99,57.67,55.36,50.54M,1.19%,62.696,85.81904
02/09/2001,56.14,57.98,60.76,55.74,55.40M,-4.07%,62.8126,85.9918
02/08/2001,58.52,60.62,61.21,58.31,48.27M,-2.98%,62.9928,86.1644
02/07/2001,60.32,60.23,60.91,58.31,61.97M,-1.61%,63.2072,86.32796
02/06/2001,61.31,61.2,62.83,60.88,42.42M,0.16%,63.403,86.49376
02/05/2001,61.21,60.9,61.61,59.84,36.02M,-0.08%,63.503,86.64268
02/02/2001,61.26,64.64,65.0,59.72,47.47M,-5.54%,63.6674,86.80644
02/01/2001,64.85,64.25,65.3,63.3,45.16M,1.33%,63.8328,86.95356
01/31/2001,64.0,66.94,67.68,64.0,59.33M,-3.67%,63.9856,87.08096
01/30/2001,66.44,66.84,67.42,63.25,42.84M,-0.37%,64.1564,87.20916
01/29/2001,66.69,64.45,66.94,63.95,31.51M,2.22%,64.3678,87.31316
01/26/2001,65.24,63.27,65.63,62.71,45.68M,1.62%,64.5438,87.41304
01/25/2001,64.2,66.56,67.36,64.09,57.17M,-3.91%,64.6338,87.50916
01/24/2001,66.81,67.75,68.8,66.44,53.94M,-0.95%,64.7782,87.59476
01/23/2001,67.45,65.6,68.09,65.01,49.86M,2.09%,64.9486,87.68808
01/22/2001,66.07,65.57,66.69,64.45,35.78M,0.11%,65.1066,87.7736
01/19/2001,66.0,67.82,67.99,65.26,56.20M,-0.38%,65.42,87.8796
01/18/2001,66.25,63.83,66.44,62.4,54.93M,4.20%,65.741,87.9804
01/17/2001,63.58,64.2,65.3,62.85,61.40M,3.05%,66.0696,88.0986
01/16/2001,61.7,62.27,62.63,60.28,32.20M,-1.19%,66.4304,88.22276
01/12/2001,62.44,62.46,64.32,61.21,60.79M,1.28%,66.8088,88.35816
01/11/2001,61.65,58.99,63.39,58.91,65.46M,2.90%,67.1864,88.48216
01/10/2001,59.91,55.86,60.09,55.49,74.28M,5.14%,67.4816,88.60732
01/09/2001,56.98,57.48,58.85,56.36,53.32M,0.00%,67.8704,88.73096
01/08/2001,56.98,56.05,57.23,53.27,55.58M,1.10%,68.3208,88.84568
01/05/2001,56.36,61.03,61.03,55.74,68.78M,-7.65%,68.7314,88.96812
01/04/2001,61.03,61.34,63.33,59.95,58.47M,-1.80%,69.2466,89.11096
01/03/2001,62.15,51.94,64.95,51.91,118.25M,16.85%,69.7418,89.22516
01/02/2001,53.19,58.29,58.41,52.19,62.52M,-8.45%,70.217,89.29544
12/29/2000,58.1,61.28,61.94,57.73,49.20M,-4.99%,70.8466,89.42508
12/28/2000,61.15,60.5,62.19,59.97,31.00M,-0.21%,71.2374,89.54404
12/27/2000,61.28,59.41,61.9,58.66,33.96M,1.14%,71.5722,89.67668
12/26/2000,60.59,60.31,61.63,57.73,37.08M,0.61%,71.979,89.79536
12/22/2000,60.22,57.36,60.47,57.36,57.26M,7.92%,72.3846,89.91728
12/21/2000,55.8,54.76,58.48,54.0,85.88M,0.59%,72.6758,90.04468
12/20/2000,55.47,57.05,58.1,54.49,81.43M,-5.74%,73.0938,90.17632
12/19/2000,58.85,63.16,65.55,58.48,80.50M,-7.61%,73.5434,90.31152
12/18/2000,63.7,64.85,65.66,62.27,42.95M,0.19%,74.0112,90.43532
12/15/2000,63.58,63.95,65.32,62.27,59.03M,-2.29%,74.3894,90.53548
12/14/2000,65.07,68.2,69.36,64.95,41.57M,-4.88%,74.8274,90.63724
12/13/2000,68.41,73.1,73.16,67.99,51.66M,-4.08%,75.2306,90.71488
12/12/2000,71.32,73.16,73.53,70.98,31.05M,-3.66%,75.5346,90.7748
12/11/2000,74.03,71.72,74.43,70.62,51.83M,9.38%,75.8352,90.82024
12/08/2000,67.68,70.76,73.66,67.31,65.86M,2.25%,76.1214,90.84684
12/07/2000,66.19,66.69,68.66,65.19,41.48M,-2.20%,76.5906,90.89276
12/06/2000,67.68,70.26,71.96,67.43,63.35M,-3.81%,77.0498,90.95044
12/05/2000,70.36,65.75,70.67,65.19,76.54M,11.00%,77.4766,90.99784
12/04/2000,63.39,63.83,65.05,61.46,49.11M,-0.49%,77.8704,91.03192
12/01/2000,63.7,63.76,66.45,61.84,57.11M,1.61%,78.4526,91.0924
11/30/2000,62.69,61.46,63.95,60.22,74.88M,0.08%,78.9254,91.15548
11/29/2000,62.64,65.51,66.44,62.21,66.20M,-3.85%,79.5552,91.2226
11/28/2000,65.15,68.62,69.61,65.01,48.81M,-5.91%,80.1574,91.28708
11/27/2000,69.24,72.22,72.6,68.43,35.42M,-1.24%,80.6436,91.33496
11/24/2000,70.11,68.06,70.3,67.85,19.99M,5.73%,81.0766,91.35696
11/22/2000,66.31,68.12,69.8,66.19,56.62M,-4.49%,81.5258,91.36916
11/21/2000,69.43,69.86,70.79,68.12,42.13M,-0.14%,82.0608,91.40812
11/20/2000,69.53,70.61,71.73,68.93,46.86M,-4.08%,82.4912,91.43972
11/17/2000,72.49,72.85,74.84,70.67,49.91M,-0.07%,82.9482,91.46992
11/16/2000,72.54,75.02,76.64,72.54,33.90M,-5.80%,83.392,91.47844
11/15/2000,77.01,75.21,77.7,74.45,37.76M,2.01%,83.8946,91.49684
11/14/2000,75.49,72.66,75.65,72.41,44.83M,8.24%,84.2654,91.49052
11/13/2000,69.74,70.62,73.84,67.95,75.02M,-2.35%,84.7364,91.4876
11/10/2000,71.42,73.9,75.33,71.42,49.24M,-5.19%,85.3846,91.4988
11/09/2000,75.33,74.4,76.58,72.66,64.96M,-0.03%,85.9792,91.50724
11/08/2000,75.35,81.74,81.87,75.27,40.34M,-7.82%,86.4408,91.49276
11/07/2000,81.74,81.06,82.08,79.88,24.34M,-0.38%,86.9046,91.47876
11/06/2000,82.05,83.24,83.73,81.62,23.49M,-0.76%,87.2306,91.43548
11/03/2000,82.68,82.49,83.55,81.26,29.84M,1.30%,87.541,91.38596
11/02/2000,81.62,81.8,82.86,80.68,26.59M,1.24%,87.8494,91.33032
11/01/2000,80.62,79.94,82.43,78.82,45.19M,-0.86%,88.1492,91.2808
10/31/2000,81.32,77.64,82.18,77.51,43.86M,6.43%,88.438,91.2298
10/30/2000,76.41,77.82,79.5,75.35,35.50M,-3.71%,88.7128,91.17328
10/27/2000,79.35,80.48,81.48,77.12,51.05M,-0.19%,89.0808,91.1334
10/26/2000,79.5,77.82,79.63,73.28,70.01M,2.57%,89.3998,91.07656
10/25/2000,77.51,80.87,81.62,76.53,48.64M,-5.61%,89.6798,91.01896
10/24/2000,82.12,86.03,86.59,81.99,31.47M,-4.28%,89.981,90.97068
10/23/2000,85.79,85.79,87.09,83.73,28.99M,-0.14%,90.19,90.89516
10/20/2000,85.91,84.11,87.47,84.0,40.69M,1.46%,90.287,90.79648
10/19/2000,84.67,82.01,84.71,81.06,42.45M,9.05%,90.3566,90.69768
10/18/2000,77.64,76.39,80.81,74.22,64.81M,-0.32%,90.4872,90.60584
10/17/2000,77.89,82.74,82.78,77.64,52.11M,-4.57%,90.8082,90.542
10/16/2000,81.62,80.75,81.93,79.38,27.64M,0.93%,91.0868,90.47828
10/13/2000,80.87,74.34,81.24,74.28,42.41M,8.14%,91.2486,90.39564
10/12/2000,74.78,78.88,79.19,73.97,53.22M,-2.50%,91.4316,90.3088
10/11/2000,76.7,76.52,80.08,75.71,48.46M,-1.60%,91.6616,90.24504
10/10/2000,77.95,81.43,82.92,77.51,35.28M,-5.22%,91.8844,90.17664
10/09/2000,82.24,82.18,83.42,79.01,28.83M,-0.45%,92.1058,90.11048
10/06/2000,82.61,85.16,86.16,80.88,36.34M,-3.36%,92.1904,90.02564
10/05/2000,85.48,84.85,86.78,84.17,23.44M,0.29%,92.3672,89.94676
10/04/2000,85.23,83.11,86.45,81.74,37.68M,1.94%,92.5612,89.86228
10/03/2000,83.61,87.65,88.09,82.88,35.73M,-3.17%,92.7626,89.7752
10/02/2000,86.35,89.83,89.83,85.6,24.97M,-2.25%,92.9816,89.69196
09/29/2000,88.34,91.57,92.02,88.27,27.20M,-3.07%,93.1856,89.59836
09/28/2000,91.14,88.31,92.57,88.31,29.05M,2.23%,93.417,89.49184
09/27/2000,89.15,90.2,90.76,87.59,28.48M,0.15%,93.5302,89.3724
09/26/2000,89.02,90.34,92.07,88.51,26.01M,-1.14%,93.728,89.25552
09/25/2000,90.05,93.19,93.81,89.58,20.56M,-2.65%,93.9732,89.13908
09/22/2000,92.5,87.22,92.82,87.09,33.71M,5.91%,94.1754,89.01604
09/21/2000,87.34,93.31,94.04,86.59,25.03M,-7.26%,94.2862,88.88804
09/20/2000,94.18,92.94,94.79,90.89,33.12M,1.54%,94.4754,88.77956
09/19/2000,92.75,90.33,93.34,89.46,27.57M,3.68%,94.483,88.64204
09/18/2000,89.46,91.38,92.57,87.59,29.22M,-1.57%,94.5088,88.50992
09/15/2000,90.89,92.69,93.19,90.27,24.99M,-1.81%,94.6294,88.40128
09/14/2000,92.57,94.81,95.49,92.21,28.62M,-0.53%,94.6828,88.28432
09/13/2000,93.06,89.83,93.44,89.58,34.09M,2.32%,94.6542,88.16672
09/12/2000,90.95,93.06,94.25,90.42,24.26M,-1.55%,94.6892,88.04656
09/11/2000,92.38,94.06,95.68,91.57,27.26M,-2.43%,94.7302,87.92748
09/08/2000,94.68,97.31,97.54,94.32,23.48M,-3.06%,94.7068,87.8028
09/07/2000,97.67,96.36,98.96,96.11,16.67M,2.22%,94.6844,87.67376
09/06/2000,95.55,98.79,99.02,95.06,20.96M,-3.52%,94.5798,87.5314
09/05/2000,99.04,101.15,101.28,98.96,16.35M,-3.04%,94.54,87.40052
09/01/2000,102.15,102.52,103.03,100.72,14.07M,0.99%,94.3806,87.25284
08/31/2000,101.15,99.16,101.52,99.1,15.59M,2.78%,94.2338,87.0892
08/30/2000,98.41,97.85,99.04,97.31,10.55M,-0.13%,94.179,86.93292
08/29/2000,98.54,98.17,98.71,97.4,11.16M,0.51%,94.1542,86.78872
08/28/2000,98.04,97.79,99.38,97.48,12.31M,0.48%,94.1342,86.63308
08/25/2000,97.57,98.03,99.49,96.55,11.76M,-0.54%,94.0496,86.48028
08/24/2000,98.1,96.98,98.23,95.62,13.57M,1.54%,93.9644,86.32764
08/23/2000,96.61,94.25,96.98,93.39,21.40M,1.63%,93.8364,86.17028
08/22/2000,95.06,95.55,96.91,94.82,14.88M,0.00%,93.7804,86.02224
08/21/2000,95.06,95.55,96.41,93.94,13.56M,0.26%,93.6858,85.88276
08/18/2000,94.81,95.49,96.17,94.25,14.71M,-0.51%,93.6508,85.74736
08/17/2000,95.3,92.5,95.43,92.44,14.49M,1.93%,93.611,85.60788
08/16/2000,93.5,93.0,94.25,91.57,15.25M,1.00%,93.57,85.4648
08/15/2000,92.57,92.32,93.55,91.57,14.09M,0.00%,93.5164,85.3216
08/14/2000,92.57,90.95,92.57,89.78,12.54M,2.13%,93.5334,85.17852
08/11/2000,90.64,88.83,90.69,87.47,21.05M,1.40%,93.5458,85.03816
08/10/2000,89.39,91.38,91.8,89.08,15.34M,-1.98%,93.4724,84.90812
08/09/2000,91.2,93.25,94.0,90.95,18.65M,-2.66%,93.3394,84.78196
08/08/2000,93.69,91.63,94.56,91.07,14.83M,2.04%,93.2186,84.64672
08/07/2000,91.82,90.45,92.6,89.83,15.10M,2.35%,92.8926,84.49192
08/04/2000,89.71,91.57,92.33,88.71,22.28M,-0.34%,92.604,84.34724
08/03/2000,90.02,83.86,90.82,82.92,35.87M,4.33%,92.3924,84.20388
08/02/2000,86.28,87.47,89.97,86.1,23.58M,-1.78%,92.0812,84.06124
08/01/2000,87.84,89.39,89.57,87.28,15.75M,-1.33%,91.9804,83.9364
07/31/2000,89.02,87.22,89.71,85.32,27.61M,2.95%,91.8498,83.80772
07/28/2000,86.47,91.76,92.44,85.6,36.49M,-5.45%,91.7764,83.67084
07/27/2000,91.45,93.5,94.62,91.14,26.14M,-3.92%,91.8174,83.5482
07/26/2000,95.18,95.06,95.68,92.82,20.32M,-0.13%,91.7962,83.40708
07/25/2000,95.3,95.18,96.55,93.38,19.07M,0.78%,91.6506,83.25168
07/24/2000,94.56,97.48,98.54,93.81,18.58M,-2.06%,91.4292,83.09692
07/21/2000,96.55,97.98,99.05,96.55,14.41M,-3.36%,91.2226,82.95008
07/20/2000,99.91,97.42,100.03,96.81,19.52M,3.21%,90.8792,82.7908
07/19/2000,96.8,97.85,98.48,95.21,21.83M,-2.26%,90.593,82.6136
07/18/2000,99.04,99.91,100.31,97.9,20.68M,-2.21%,90.4064,82.45444
07/17/2000,101.28,100.47,101.59,99.41,13.14M,1.12%,90.2458,82.286
07/14/2000,100.16,99.78,100.65,98.35,17.22M,2.16%,89.9982,82.11452
07/13/2000,98.04,97.48,99.29,96.67,19.57M,1.28%,89.7692,81.9464
07/12/2000,96.8,94.99,97.29,94.18,18.25M,2.37%,89.6026,81.79612
07/11/2000,94.56,93.62,95.3,92.38,14.37M,0.55%,89.5702,81.65328
07/10/2000,94.04,94.25,95.43,93.56,12.66M,-1.52%,89.5652,81.51716
07/07/2000,95.49,94.56,96.55,94.0,16.60M,2.06%,89.5008,81.38092
07/06/2000,93.56,91.14,94.31,89.64,23.59M,2.66%,89.3304,81.23484
07/05/2000,91.14,93.19,93.53,90.45,16.49M,-3.87%,89.2602,81.0976
07/03/2000,94.81,93.06,94.81,92.82,5.21M,1.95%,89.1246,80.97132
06/30/2000,93.0,91.38,93.52,90.89,15.15M,1.96%,88.9652,80.82796
06/29/2000,91.21,92.5,92.94,90.2,21.36M,-2.51%,88.8806,80.68876
06/28/2000,93.56,92.55,95.06,92.07,19.26M,1.21%,88.8878,80.55632
06/27/2000,92.44,93.33,94.62,91.94,14.79M,-1.20%,88.8008,80.416
06/26/2000,93.56,92.63,93.98,91.57,22.17M,2.73%,88.552,80.27724
06/23/2000,91.07,94.56,95.06,90.95,24.89M,-3.94%,88.4326,80.13244
06/22/2000,94.81,98.17,98.54,94.06,21.53M,-3.66%,88.45,79.99412
06/21/2000,98.41,96.36,99.25,96.24,20.88M,1.28%,88.4996,79.83776
06/20/2000,97.17,97.79,99.22,96.73,20.99M,-0.38%,88.5246,79.66184
06/19/2000,97.54,93.58,97.79,92.26,20.04M,3.98%,88.7038,79.49116
06/16/2000,93.81,94.31,94.87,92.63,21.20M,0.54%,88.7934,79.32344
06/15/2000,93.31,91.45,93.44,90.45,18.81M,1.76%,88.9104,79.16716
06/14/2000,91.7,94.43,94.43,91.07,20.27M,-2.25%,89.0734,79.01972
06/13/2000,93.81,90.08,94.18,88.94,25.19M,3.85%,89.2886,78.87216
06/12/2000,90.33,93.87,93.87,89.58,16.48M,-3.19%,89.5922,78.71516
06/09/2000,93.31,94.31,94.31,92.57,17.01M,0.53%,89.9206,78.56968
06/08/2000,92.82,94.18,94.43,91.2,19.31M,-0.46%,90.2442,78.40172
06/07/2000,93.25,91.14,93.56,89.15,22.52M,2.68%,90.6722,78.23272
06/06/2000,90.82,92.75,94.56,90.45,23.20M,-2.78%,91.1512,78.06588
06/05/2000,93.42,91.82,94.87,91.45,23.78M,0.25%,91.675,77.91192
06/02/2000,93.19,92.19,93.67,91.45,32.24M,7.15%,92.1158,77.75
06/01/2000,86.97,84.79,87.96,83.61,28.99M,5.11%,92.5214,77.58552
05/31/2000,82.74,84.08,86.27,82.36,29.68M,-2.84%,93.0066,77.45128
05/30/2000,85.16,79.63,85.54,79.63,30.89M,10.04%,93.4956,77.3296
05/26/2000,77.39,77.39,78.88,75.4,18.20M,0.00%,93.9984,77.192
05/25/2000,77.39,79.88,81.87,76.14,29.63M,-2.20%,94.6154,77.0884
05/24/2000,79.13,74.65,79.5,71.91,49.48M,6.27%,95.1156,76.9814
05/23/2000,74.46,81.0,82.24,73.9,31.92M,-8.35%,95.6704,76.87204
05/22/2000,81.24,81.24,81.87,75.23,43.88M,-0.09%,96.4008,76.778
05/19/2000,81.31,83.36,84.6,80.93,28.18M,-4.73%,97.0554,76.65704
05/18/2000,85.35,88.59,88.94,84.98,19.06M,-3.58%,97.7184,76.53024
05/17/2000,88.52,88.83,90.08,87.34,20.34M,-2.07%,98.226,76.394
05/16/2000,90.39,89.58,91.07,87.65,23.83M,2.83%,98.6504,76.25044
05/15/2000,87.9,84.42,88.21,82.24,17.95M,4.36%,99.071,76.10136
05/12/2000,84.23,84.98,87.15,83.61,17.83M,0.00%,99.524,75.96824
05/11/2000,84.23,82.36,84.85,80.5,24.71M,6.11%,99.9322,75.8468
05/10/2000,79.38,83.98,84.59,79.13,34.85M,-7.27%,100.39,75.72632
05/09/2000,85.6,88.09,88.71,83.92,19.81M,-2.14%,100.9274,75.62144
05/08/2000,87.47,90.08,90.33,87.34,13.90M,-3.89%,101.2858,75.49576
05/05/2000,91.01,87.71,91.88,87.62,20.57M,2.37%,101.608,75.36672
05/04/2000,88.9,88.59,90.33,87.22,17.75M,0.21%,101.9078,75.21904
05/03/2000,88.71,89.08,89.83,85.12,26.59M,-1.11%,102.205,75.07644
05/02/2000,89.71,94.43,95.18,89.33,20.31M,-5.75%,102.3966,74.93248
05/01/2000,95.18,95.3,96.42,93.81,23.21M,0.92%,102.562,74.78156
04/28/2000,94.31,93.13,94.31,91.7,24.83M,3.84%,102.6914,74.6166
04/27/2000,90.82,83.11,92.05,83.11,37.04M,4.43%,102.7958,74.44876
04/26/2000,86.97,90.2,91.99,86.72,25.69M,-3.42%,102.9794,74.29824
04/25/2000,90.05,86.1,90.08,85.6,28.66M,6.74%,103.2258,74.16424
04/24/2000,84.36,83.05,84.85,79.5,31.25M,-2.86%,103.413,74.01656
04/20/2000,86.84,89.95,90.55,85.66,21.26M,-2.17%,103.7612,73.89336
04/19/2000,88.77,92.07,93.19,88.65,28.08M,-3.06%,103.9952,73.76784
04/18/2000,91.57,89.07,92.57,86.97,36.26M,2.65%,104.2628,73.63804
04/17/2000,89.21,77.65,89.58,77.64,55.40M,11.51%,104.3922,73.49196
04/14/2000,80.0,85.66,88.09,77.64,60.85M,-8.67%,104.542,73.35248
04/13/2000,87.59,92.38,95.55,87.59,46.33M,-4.73%,104.863,73.24412
04/12/2000,91.94,97.17,98.29,89.83,34.83M,-5.50%,104.96,73.09544
04/11/2000,97.29,96.67,101.03,95.3,34.50M,-2.38%,104.9544,72.92488
04/10/2000,99.66,107.12,107.19,98.79,26.99M,-6.10%,104.794,72.74264
04/07/2000,106.13,103.64,106.87,102.15,20.65M,4.03%,104.5128,72.55712
04/06/2000,102.02,101.9,103.39,99.29,30.50M,2.37%,104.193,72.34288
04/05/2000,99.66,97.05,103.45,95.8,37.01M,-1.77%,103.9292,72.15252
04/04/2000,101.46,103.14,103.45,87.9,66.21M,-0.98%,103.7874,71.9746
04/03/2000,102.46,107.26,108.62,100.28,31.55M,-5.99%,103.5822,71.79096
03/31/2000,108.99,107.64,110.11,103.52,31.35M,2.10%,103.449,71.60196
03/30/2000,106.75,106.75,112.22,103.02,42.33M,-2.50%,103.1616,71.38508
03/29/2000,109.49,114.84,114.9,109.49,27.19M,-4.14%,102.9376,71.17948
03/28/2000,114.22,116.44,117.26,112.6,18.34M,-2.54%,102.6166,70.96248
03/27/2000,117.2,117.45,118.94,116.58,11.75M,0.16%,102.191,70.71884
03/24/2000,117.01,116.94,119.94,114.48,22.06M,1.34%,101.6634,70.45892
03/23/2000,115.46,113.95,117.2,113.03,19.23M,1.75%,101.0364,70.20288
03/22/2000,113.47,112.97,115.43,110.61,24.37M,2.01%,100.479,69.95456
03/21/2000,111.23,105.63,111.42,103.08,33.44M,3.77%,100.051,69.70672
03/20/2000,107.19,110.48,110.98,105.76,21.17M,-2.82%,99.618,69.47008
03/17/2000,110.3,107.5,110.55,107.43,31.42M,1.90%,99.0686,69.24224
03/16/2000,108.24,104.88,108.74,100.53,55.28M,5.70%,98.5746,68.9954
03/15/2000,102.4,106.0,106.5,101.4,51.20M,-4.18%,98.1666,68.76388
03/14/2000,106.87,112.22,112.85,104.51,39.11M,-3.70%,98.0048,68.5582
03/13/2000,110.98,109.49,113.59,109.02,37.54M,-2.62%,97.6864,68.34
03/10/2000,113.97,114.34,115.9,112.98,29.75M,-0.43%,97.2882,68.10136
03/09/2000,114.46,110.7,114.96,108.59,30.10M,3.37%,96.8502,67.85228
03/08/2000,110.73,110.48,111.48,105.79,43.51M,0.90%,96.3352,67.59948
03/07/2000,109.74,113.28,113.34,108.24,39.47M,-1.51%,95.906,67.35588
03/06/2000,111.42,111.23,112.69,109.74,23.27M,0.79%,95.5072,67.1212
03/03/2000,110.55,107.5,110.61,106.5,32.02M,5.65%,95.0536,
03/02/2000,104.64,107.56,107.68,104.26,32.74M,-2.32%,94.623,
03/01/2000,107.12,106.75,108.06,106.0,24.47M,0.82%,94.2198,
02/29/2000,106.25,105.26,106.59,104.45,23.98M,2.64%,93.7452,
02/28/2000,103.52,102.77,105.2,100.03,38.22M,-0.06%,93.2738,
02/25/2000,103.58,105.69,107.0,103.39,32.62M,-2.28%,92.817,
02/24/2000,106.0,104.39,106.31,101.52,48.87M,2.16%,92.3286,
02/23/2000,103.76,99.22,104.51,98.69,32.17M,5.57%,91.8208,
02/22/2000,98.29,98.54,99.47,95.8,37.23M,0.32%,91.3362,
02/18/2000,97.98,102.15,102.52,97.98,25.27M,-3.61%,90.948,
02/17/2000,101.65,100.72,102.77,99.16,30.08M,2.13%,90.5586,
02/16/2000,99.53,99.44,101.21,98.85,25.31M,-0.47%,90.115,
02/15/2000,100.0,98.48,100.16,95.43,30.57M,0.72%,89.7138,
02/14/2000,99.29,99.53,99.53,97.29,22.81M,-0.12%,89.289,
02/11/2000,99.41,101.59,101.59,97.54,24.88M,-2.32%,88.8456,
02/10/2000,101.77,99.35,101.77,98.1,26.34M,3.28%,88.3522,
02/09/2000,98.54,101.59,101.72,98.29,27.29M,-3.53%,87.78,
02/08/2000,102.15,98.91,102.4,98.91,22.00M,4.19%,87.3302,
02/07/2000,98.04,96.8,98.17,95.8,17.76M,1.39%,86.8338,
02/04/2000,96.7,96.55,97.78,95.77,26.64M,0.68%,86.4146,
02/03/2000,96.05,93.87,96.17,91.85,30.58M,3.91%,85.973,
02/02/2000,92.44,91.82,94.28,91.66,26.17M,0.85%,85.5948,
02/01/2000,91.66,89.11,92.07,88.03,26.42M,2.68%,85.2546,
01/31/2000,89.27,85.48,89.58,83.11,36.01M,4.29%,84.9166,
01/28/2000,85.6,89.58,90.05,84.36,35.31M,-5.04%,84.582,
01/27/2000,90.14,91.32,92.07,87.22,30.74M,1.47%,84.3406,
01/26/2000,88.83,92.82,92.88,88.59,23.10M,-4.04%,83.972,
01/25/2000,92.57,91.45,93.68,88.99,33.28M,1.50%,83.6324,
01/24/2000,91.2,96.98,97.17,90.55,28.34M,-4.80%,83.1994,
01/21/2000,95.8,96.05,96.11,94.62,18.70M,1.25%,82.7688,
01/20/2000,94.62,95.06,96.42,93.57,25.96M,-0.97%,82.2282,
01/19/2000,95.55,93.06,95.55,92.0,19.01M,2.26%,81.7206,
01/18/2000,93.44,91.63,94.0,91.01,16.75M,0.54%,81.167,
01/14/2000,92.94,92.57,93.19,91.57,21.90M,2.33%,80.642,
01/13/2000,90.82,88.09,91.07,86.67,25.17M,6.02%,80.112,
01/12/2000,85.66,88.59,88.83,85.6,29.05M,-2.20%,79.5984,
01/11/2000,87.59,91.32,92.44,86.59,32.55M,-4.87%,79.1872,
01/10/2000,92.07,90.58,93.5,89.52,29.68M,2.78%,78.7442,
01/07/2000,89.58,82.55,89.58,82.12,28.14M,12.37%,78.1676,
01/06/2000,79.72,86.47,87.59,79.38,37.14M,-6.87%,77.5984,
01/05/2000,85.6,87.09,89.21,83.86,42.50M,-2.55%,77.2282,
01/04/2000,87.84,91.57,93.06,87.53,33.79M,-6.86%,76.7504,
01/03/2000,94.31,95.74,95.74,90.33,36.43M,3.69%,76.2272,
12/31/1999,90.95,92.19,92.75,90.95,14.46M,-0.13%,75.5802,
12/30/1999,91.07,93.19,93.31,91.07,21.89M,-1.09%,74.9804,
12/29/1999,92.07,89.58,92.07,89.46,16.51M,3.79%,74.3422,
12/28/1999,88.71,89.33,90.08,88.15,15.35M,-0.63%,73.6776,
12/27/1999,89.27,89.89,89.92,87.5,19.28M,-0.59%,73.0954,
12/23/1999,89.8,89.45,90.33,88.59,17.54M,1.19%,72.5382,
12/22/1999,88.74,88.77,88.9,87.03,22.31M,-0.31%,71.9628,
12/21/1999,89.02,84.73,89.02,84.25,26.00M,5.37%,71.4458,
12/20/1999,84.48,84.01,84.85,83.3,15.39M,1.31%,70.9526,
12/17/1999,83.39,84.11,84.48,83.04,23.89M,0.86%,70.5322,
12/16/1999,82.68,81.74,82.86,81.37,27.22M,2.48%,70.1204,
12/15/1999,80.68,78.26,80.68,77.57,31.80M,1.92%,69.7258,
12/14/1999,79.16,80.37,80.84,78.63,27.76M,-1.80%,69.3464,
12/13/1999,80.61,79.26,80.96,78.91,16.21M,1.36%,68.9888,
12/10/1999,79.53,79.53,79.81,77.76,20.43M,0.82%,68.5752,
12/09/1999,78.88,79.63,80.06,76.89,28.45M,0.47%,68.1828,
12/08/1999,78.51,79.5,80.12,78.32,19.56M,-1.21%,67.791,
12/07/1999,79.47,79.72,80.03,78.47,23.40M,0.00%,67.4308,
12/06/1999,79.47,79.06,80.13,78.32,16.02M,0.90%,67.0458,
12/03/1999,78.76,78.94,79.81,78.54,21.44M,2.13%,66.6524,
12/02/1999,77.12,75.02,77.26,74.98,17.23M,3.18%,66.2716,
12/01/1999,74.74,73.97,75.12,73.41,23.21M,2.16%,65.9752,
11/30/1999,73.16,76.21,76.33,73.16,23.70M,-3.80%,65.7134,
11/29/1999,76.05,77.17,77.82,75.96,20.49M,-1.66%,65.5136,
11/26/1999,77.33,78.04,78.41,77.01,8.05M,0.32%,65.253,
11/24/1999,77.08,74.84,77.38,74.06,18.62M,3.30%,64.93,
11/23/1999,74.62,76.08,76.14,73.9,24.05M,-3.27%,64.6126,
11/22/1999,77.14,75.58,77.14,74.78,18.84M,2.27%,64.3686,
11/19/1999,75.43,74.43,75.55,74.15,17.94M,0.90%,64.0674,
11/18/1999,74.76,73.03,74.76,72.6,17.74M,3.06%,63.8154,
11/17/1999,72.54,73.53,73.85,72.16,21.68M,-1.35%,63.5626,
11/16/1999,73.53,71.98,73.87,71.66,19.13M,2.54%,63.3366,
11/15/1999,71.71,71.91,72.16,71.35,10.91M,-0.19%,63.1076,
11/12/1999,71.85,71.29,71.91,69.05,28.65M,1.31%,62.9206,
11/11/1999,70.92,70.42,71.01,69.8,18.50M,1.79%,62.6762,
11/10/1999,69.67,68.8,70.26,68.49,16.56M,1.31%,62.4546,
11/09/1999,68.77,69.8,69.92,68.18,14.63M,-0.68%,62.2494,
11/08/1999,69.24,68.12,69.48,67.9,10.89M,2.02%,62.0492,
11/05/1999,67.87,68.55,68.9,67.87,15.13M,1.01%,61.8564,
11/04/1999,67.19,67.36,67.5,66.47,20.05M,1.13%,61.7028,
11/03/1999,66.44,66.07,66.81,65.88,18.75M,2.00%,61.5832,
11/02/1999,65.14,65.44,66.25,64.89,12.83M,0.06%,61.4532,
11/01/1999,65.1,65.44,66.22,65.02,9.68M,-0.52%,61.341,
10/29/1999,65.44,64.7,65.94,64.48,19.00M,3.48%,61.193,
10/28/1999,63.24,62.08,63.45,61.52,14.10M,3.47%,61.0202,
10/27/1999,61.12,61.06,61.34,60.16,15.23M,-0.15%,60.905,
10/26/1999,61.21,62.46,62.8,61.09,13.54M,-0.81%,60.8452,
10/25/1999,61.71,61.4,62.39,61.15,13.86M,0.05%,60.778,
10/22/1999,61.68,62.33,62.96,61.46,16.59M,-0.45%,60.6916,
10/21/1999,61.96,59.97,61.96,59.53,22.45M,1.64%,60.5578,
10/20/1999,60.96,60.06,61.45,59.47,22.49M,3.04%,60.4316,
10/19/1999,59.16,59.48,59.78,58.17,26.66M,0.54%,60.2898,
10/18/1999,58.84,59.66,59.88,57.15,24.71M,-1.28%,60.1938,
10/15/1999,59.6,59.84,60.72,59.23,33.70M,-2.95%,60.1184,
10/14/1999,61.41,61.24,61.84,60.25,22.13M,0.62%,60.0398,
10/13/1999,61.03,62.18,62.92,60.78,22.57M,-2.96%,59.9076,
10/12/1999,62.89,64.14,64.65,62.71,20.18M,-2.28%,59.8032,
10/11/1999,64.36,63.64,64.39,63.48,13.02M,1.42%,59.6688,
10/08/1999,63.46,62.55,63.64,61.71,22.52M,1.05%,59.5082,
10/07/1999,62.8,63.3,63.6,62.33,22.01M,-0.24%,59.3712,
10/06/1999,62.95,62.08,63.04,61.14,19.10M,2.01%,59.2722,
10/05/1999,61.71,61.49,62.46,60.4,19.53M,0.70%,59.1478,
10/04/1999,61.28,60.25,61.49,59.91,12.43M,2.25%,59.0258,
10/01/1999,59.93,59.1,59.93,58.48,19.61M,0.03%,58.9404,
09/30/1999,59.91,59.84,60.53,59.1,17.60M,1.05%,58.8804,
09/29/1999,59.29,60.5,60.93,59.29,15.56M,-2.00%,58.8504,
09/28/1999,60.5,59.91,60.72,58.63,20.62M,0.46%,58.8272,
09/27/1999,60.22,60.65,61.09,60.03,12.61M,0.70%,58.8266,
09/24/1999,59.8,59.35,60.03,58.35,23.57M,0.13%,58.844,
09/23/1999,59.72,62.96,63.08,59.36,19.77M,-4.14%,58.8586,
09/22/1999,62.3,61.74,62.63,61.0,12.44M,1.05%,58.8638,
09/21/1999,61.65,62.61,62.74,61.47,12.27M,-2.41%,58.7972,
09/20/1999,63.17,63.2,63.45,62.74,6.19M,0.24%,58.7492,
09/17/1999,63.02,61.74,63.14,61.65,14.51M,3.01%,58.6772,
09/16/1999,61.18,61.18,61.74,59.91,15.37M,-0.05%,58.5962,
09/15/1999,61.21,63.2,63.2,61.15,16.10M,-1.94%,58.5366,
09/14/1999,62.42,61.84,62.85,61.71,10.02M,0.55%,58.4744,
09/13/1999,62.08,62.77,62.89,61.74,7.24M,-1.19%,58.3956,
09/10/1999,62.83,62.96,63.45,62.24,10.25M,1.14%,58.309,
09/09/1999,62.12,61.28,62.27,60.96,12.68M,1.44%,58.1996,
09/08/1999,61.24,61.71,62.33,60.75,14.30M,-1.35%,58.087,
09/07/1999,62.08,62.24,62.86,61.99,9.01M,-0.45%,57.9766,
09/03/1999,62.36,61.34,62.39,61.12,14.20M,4.58%,57.8236,
09/02/1999,59.63,58.73,59.94,58.6,14.58M,-0.35%,57.6664,
09/01/1999,59.84,59.78,60.34,59.41,10.75M,0.72%,57.586,
08/31/1999,59.41,59.16,59.78,57.85,14.59M,1.11%,57.484,
08/30/1999,58.76,59.84,60.03,58.6,10.14M,-1.41%,57.4248,
08/27/1999,59.6,60.65,60.65,59.44,9.64M,-0.98%,57.3458,
08/26/1999,60.19,61.21,61.43,60.1,9.75M,-1.67%,57.245,
08/25/1999,61.21,60.31,61.46,59.66,11.35M,2.12%,57.1204,
08/24/1999,59.94,59.1,60.59,58.98,13.89M,0.69%,56.9226,
08/23/1999,59.53,58.23,59.53,58.1,9.65M,3.17%,56.7352,
08/20/1999,57.7,56.86,57.7,56.55,6.92M,1.58%,56.5754,
08/19/1999,56.8,56.95,57.36,56.43,10.16M,-1.18%,56.468,
08/18/1999,57.48,57.85,58.57,57.26,7.04M,-1.12%,56.3908,
08/17/1999,58.13,58.35,58.41,57.08,11.41M,0.48%,56.2826,
08/16/1999,57.85,57.36,58.04,56.98,11.47M,0.80%,56.1882,
08/13/1999,57.39,56.14,57.45,56.05,14.34M,4.36%,56.0776,
08/12/1999,54.99,55.86,56.24,54.87,12.72M,-1.19%,55.945,
08/11/1999,55.65,54.84,55.74,54.01,13.10M,3.30%,55.875,
08/10/1999,53.87,54.22,54.61,52.69,16.77M,-0.90%,55.7748,
08/09/1999,54.36,55.27,55.43,54.25,7.98M,-1.29%,55.7332,
08/06/1999,55.07,55.27,56.3,54.68,12.39M,-1.08%,55.665,
08/05/1999,55.67,54.81,55.67,53.5,18.70M,1.59%,55.5836,
08/04/1999,54.8,55.81,56.23,54.75,13.23M,-1.81%,55.4624,
08/03/1999,55.81,56.94,56.95,54.99,13.01M,-0.64%,55.3922,
08/02/1999,56.17,56.42,57.54,55.96,9.64M,-0.28%,55.3286,
07/30/1999,56.33,56.86,57.48,56.24,10.95M,-0.49%,55.2676,
07/29/1999,56.61,56.77,57.23,56.05,13.03M,-2.14%,55.2334,
07/28/1999,57.85,57.42,58.17,56.68,10.16M,1.97%,55.1786,
07/27/1999,56.73,56.73,57.61,56.25,13.73M,2.01%,55.1038,
07/26/1999,55.61,56.24,56.86,55.52,10.72M,-2.46%,55.0324,
07/23/1999,57.01,57.36,57.6,56.42,12.12M,0.14%,55.0038,
07/22/1999,56.93,58.41,58.41,56.77,15.15M,-2.53%,54.9678,
07/21/1999,58.41,58.26,58.92,57.79,10.98M,0.48%,54.911,
07/20/1999,58.13,59.73,59.81,57.98,14.84M,-3.87%,54.8078,
07/19/1999,60.47,61.34,61.34,60.23,6.83M,-1.01%,54.6996,
07/16/1999,61.09,60.56,61.43,60.54,4.91M,0.93%,54.5298,
07/15/1999,60.53,60.19,60.53,59.85,6.54M,0.92%,54.3868,
07/14/1999,59.98,59.57,60.09,58.73,6.91M,1.71%,54.2232,
07/13/1999,58.97,58.97,59.19,58.51,6.23M,-0.47%,54.0874,
07/12/1999,59.25,59.78,60.09,58.91,7.82M,-0.54%,53.9774,
07/09/1999,59.57,59.19,59.63,58.76,4.19M,1.02%,53.855,
07/08/1999,58.97,58.2,59.22,57.92,11.23M,1.32%,53.7348,
07/07/1999,58.2,58.07,58.45,57.67,10.52M,0.17%,53.6646,
07/06/1999,58.1,58.79,59.38,57.79,8.79M,-0.65%,53.627,
07/02/1999,58.48,57.73,58.54,57.73,3.30M,1.26%,53.566,
07/01/1999,57.75,57.54,58.07,56.55,6.82M,0.68%,53.4832,
06/30/1999,57.36,56.54,59.66,55.87,19.47M,1.54%,53.3864,
06/29/1999,56.49,55.68,56.7,55.4,9.00M,1.38%,53.2476,
06/28/1999,55.72,54.9,55.8,54.45,7.67M,2.37%,53.1038,
06/25/1999,54.43,54.87,55.3,53.94,8.64M,-0.13%,53.024,
06/24/1999,54.5,55.58,55.61,54.25,14.99M,-2.00%,53.001,
06/23/1999,55.61,54.75,55.74,54.4,9.61M,1.59%,52.9624,
06/22/1999,54.74,56.11,56.83,54.74,10.86M,-3.03%,52.9388,
06/21/1999,56.45,55.18,56.48,55.09,10.57M,2.99%,52.9476,
06/18/1999,54.81,54.06,54.96,53.97,5.39M,0.46%,52.9296,
06/17/1999,54.56,53.25,54.81,53.25,16.28M,1.11%,52.9376,
06/16/1999,53.96,52.6,53.96,52.54,15.06M,5.14%,52.9418,
06/15/1999,51.32,50.69,51.63,50.54,9.15M,1.48%,52.9696,
06/14/1999,50.57,51.73,51.73,50.45,14.14M,-1.88%,53.048,
06/11/1999,51.54,52.69,52.75,51.07,16.57M,-1.51%,53.1028,
06/10/1999,52.33,52.38,52.69,51.7,9.39M,-1.15%,53.1164,
06/09/1999,52.94,52.26,53.09,52.22,8.38M,1.67%,53.1298,
06/08/1999,52.07,53.53,53.78,51.8,8.13M,-2.51%,53.1386,
06/07/1999,53.41,52.68,53.74,52.57,11.49M,2.08%,53.1274,
06/04/1999,52.32,51.14,52.5,51.14,12.99M,3.07%,53.1006,
06/03/1999,50.76,51.88,51.88,50.45,11.15M,-1.42%,53.0588,
06/02/1999,51.49,50.61,51.76,49.34,12.00M,1.68%,53.0154,
06/01/1999,50.64,51.7,51.94,50.36,6.96M,-2.22%,52.9928,
05/28/1999,51.79,51.26,52.07,50.61,12.97M,1.65%,52.9996,
05/27/1999,50.95,50.79,51.69,50.14,23.33M,-0.10%,53.0102,
05/26/1999,51.0,50.26,51.2,48.71,26.77M,2.80%,53.0176,
05/25/1999,49.61,51.23,51.98,49.39,17.77M,-3.28%,53.0316,
05/24/1999,51.29,52.72,52.82,50.95,9.57M,-2.55%,53.0646,
05/21/1999,52.63,53.28,53.44,52.35,10.47M,-0.92%,53.0354,
05/20/1999,53.12,54.74,54.74,53.03,6.00M,-2.75%,53.0042,
05/19/1999,54.62,54.09,54.65,53.25,7.99M,1.39%,,
05/18/1999,53.87,54.06,54.37,53.25,9.27M,-0.44%,,
05/17/1999,54.11,52.69,54.28,52.17,9.91M,1.79%,,
05/14/1999,53.16,53.13,53.75,52.75,12.21M,-1.88%,,
05/13/1999,54.18,55.65,55.74,53.94,9.86M,-1.87%,,
05/12/1999,55.21,54.34,55.4,52.75,12.51M,2.07%,,
05/11/1999,54.09,53.69,54.37,53.38,8.80M,1.58%,,
05/10/1999,53.25,53.06,53.61,52.44,10.60M,1.01%,,
05/07/1999,52.72,52.44,52.88,51.32,16.43M,1.42%,,
05/06/1999,51.98,53.44,53.9,51.48,15.17M,-3.63%,,
05/05/1999,53.94,52.38,53.94,50.79,12.64M,3.04%,,
05/04/1999,52.35,53.28,54.12,52.04,15.43M,-1.58%,,
05/03/1999,53.19,53.31,53.53,52.29,11.11M,-0.52%,,
04/30/1999,53.47,53.87,54.15,51.57,15.30M,0.64%,,
04/29/1999,53.13,53.31,53.62,52.01,19.15M,-0.80%,,
04/28/1999,53.56,54.99,55.18,53.32,7.68M,-3.43%,,
04/27/1999,55.46,56.73,57.01,54.75,16.48M,-1.53%,,
04/26/1999,56.32,55.43,56.73,55.25,5.42M,2.31%,,
04/23/1999,55.05,54.06,55.46,53.5,7.06M,1.31%,,
04/22/1999,54.34,53.41,54.49,53.06,13.63M,2.70%,,
04/21/1999,52.91,50.89,52.94,50.2,10.94M,4.94%,,
04/20/1999,50.42,49.08,50.82,48.62,17.41M,2.27%,,
04/19/1999,49.3,52.07,52.5,48.78,19.46M,-4.70%,,
04/16/1999,51.73,53.16,53.16,51.45,17.27M,-2.91%,,
04/15/1999,53.28,52.75,53.37,50.89,17.65M,1.35%,,
04/14/1999,52.57,55.12,55.18,52.26,21.25M,-3.42%,,
04/13/1999,54.43,55.52,55.65,54.0,9.96M,-1.36%,,
04/12/1999,55.18,54.25,55.55,54.18,10.93M,-0.67%,,
04/09/1999,55.55,55.12,55.68,54.96,4.95M,0.62%,,
04/08/1999,55.21,54.68,55.47,53.56,7.95M,0.80%,,
04/07/1999,54.77,55.86,55.99,53.59,11.92M,-1.05%,,
04/06/1999,55.35,55.18,55.96,54.71,7.52M,0.20%,,
04/05/1999,55.24,54.18,55.32,53.84,5.70M,3.62%,,
04/01/1999,53.31,53.75,53.81,52.44,8.72M,2.09%,,
03/31/1999,52.22,53.87,53.94,52.07,8.26M,-1.47%,,
03/30/1999,53.0,53.31,53.75,52.78,4.94M,-0.71%,,
03/29/1999,53.38,52.13,53.41,51.82,5.11M,3.63%,,
03/26/1999,51.51,51.63,52.22,51.29,8.26M,-1.08%,,
03/25/1999,52.07,51.01,52.07,50.68,8.13M,3.66%,,
03/24/1999,50.23,49.02,50.26,48.27,8.45M,3.38%,,
03/23/1999,48.59,50.08,50.26,48.49,10.96M,-3.51%,,
03/22/1999,50.36,51.2,51.32,50.26,5.02M,-1.22%,,
03/19/1999,50.98,53.0,53.0,50.95,7.16M,-2.56%,,
03/18/1999,52.32,51.26,52.35,51.24,4.85M,1.95%,,
03/17/1999,51.32,51.7,51.76,51.17,3.97M,-0.74%,,
03/16/1999,51.7,51.48,51.91,50.92,4.91M,0.86%,,
03/15/1999,51.26,50.2,51.32,49.67,6.37M,2.87%,,
03/12/1999,49.83,50.89,50.92,49.42,8.74M,-2.43%,,
03/11/1999,51.07,51.2,51.49,50.08,9.69M,0.49%,,
