Date,Price,Open,High,Low,Vol.,Change %
10/24/2025,617.1,615.99,618.42,615.13,47.63M,1.07%
10/23/2025,610.58,604.91,611.37,604.52,42.84M,0.84%
10/22/2025,605.49,610.82,611.41,599.74,61.48M,-0.96%
10/21/2025,611.38,611.64,612.72,609.32,44.54M,-0.03%
10/20/2025,611.54,607.14,612.8,607.07,45.76M,1.26%
10/17/2025,603.93,597.95,605.51,596.37,72.02M,0.66%
10/16/2025,599.99,605.11,608.31,595.5,70.98M,-0.37%
10/15/2025,602.22,604.01,606.7,595.93,62.81M,0.71%
10/14/2025,598.0,595.31,602.69,590.13,69.20M,-0.67%
10/13/2025,602.01,599.68,602.95,597.23,65.87M,2.12%
10/10/2025,589.5,611.4,613.18,589.05,97.61M,-3.47%
10/9/2025,610.7,611.48,611.61,607.48,45.55M,-0.12%
10/8/2025,611.44,605.41,611.75,605.26,50.63M,1.15%
10/7/2025,604.51,609.02,609.71,603.03,58.21M,-0.53%
10/6/2025,607.71,608.45,609.36,605.97,41.96M,0.75%
10/3/2025,603.18,606.51,607.33,601.39,46.48M,-0.42%
10/2/2025,605.73,607.06,607.16,602.93,43.77M,0.41%
10/1/2025,603.25,597.17,603.79,596.34,46.90M,0.48%
9/30/2025,600.37,598.43,600.71,596.1,46.53M,0.27%
9/29/2025,598.73,599.11,602.05,597.41,48.33M,0.46%
9/26/2025,595.97,594.35,596.3,591.06,54.34M,0.41%
9/25/2025,593.53,592.2,595.11,588.5,70.92M,-0.43%
9/24/2025,596.1,599.58,599.9,593.36,49.85M,-0.35%
9/23/2025,598.2,602.37,602.57,596.98,64.64M,-0.66%
9/22/2025,602.2,597.74,602.87,597.72,57.15M,0.48%
9/19/2025,599.35,597.33,600.05,595.85,58.20M,0.68%
9/18/2025,595.32,594.91,598.14,592.96,61.07M,0.90%
9/17/2025,590.0,591.1,591.75,584.36,69.38M,-0.20%
9/16/2025,591.18,592.61,592.86,590.49,36.94M,-0.08%
9/15/2025,591.68,588.44,591.79,588.29,44.36M,0.86%
9/12/2025,586.66,585.04,587.86,584.1,50.75M,0.44%
9/11/2025,584.08,583.24,584.88,581.62,44.75M,0.58%
9/10/2025,580.7,583.74,583.77,578.55,49.31M,0.03%
9/9/2025,580.51,579.67,580.94,577.04,44.01M,0.28%
9/8/2025,578.87,578.37,580.84,577.77,46.37M,0.49%
9/5/2025,576.06,580.49,581.12,571.53,68.34M,0.14%
9/4/2025,575.23,570.74,575.6,569.03,47.53M,0.91%
9/3/2025,570.07,569.23,571.7,566.72,54.23M,0.79%
9/2/2025,565.62,561.31,565.97,559.53,65.88M,-0.84%
8/29/2025,570.4,574.66,575.03,568.54,56.03M,-1.16%
8/28/2025,577.08,574.11,578.0,572.46,46.79M,0.63%
8/27/2025,573.49,571.59,574.41,570.37,36.93M,0.15%
8/26/2025,572.61,569.83,572.92,568.8,34.10M,0.40%
8/25/2025,570.32,570.4,573.29,569.16,34.04M,-0.29%
8/22/2025,571.97,564.67,573.99,563.27,51.50M,1.54%
8/21/2025,563.28,564.35,566.49,560.98,46.44M,-0.46%
8/20/2025,565.9,568.33,568.45,558.84,76.78M,-0.59%
8/19/2025,569.28,576.39,576.56,568.25,53.75M,-1.36%
8/18/2025,577.11,576.44,577.77,575.24,29.83M,-0.04%
8/15/2025,577.34,579.8,579.84,575.57,49.48M,-0.44%
8/14/2025,579.89,578.28,581.88,577.91,45.43M,-0.08%
8/13/2025,580.34,582.76,583.32,578.94,41.21M,0.05%
8/12/2025,580.05,575.16,580.35,572.48,42.27M,1.26%
8/11/2025,572.85,574.69,576.8,571.57,33.11M,-0.30%
8/8/2025,574.55,570.45,574.77,570.15,35.26M,0.93%
8/7/2025,569.24,571.67,573.32,565.11,44.46M,0.34%
8/6/2025,567.32,561.11,567.76,560.63,41.82M,1.26%
8/5/2025,560.27,565.39,566.56,559.73,48.67M,-0.68%
8/4/2025,564.1,559.05,564.32,558.95,47.67M,1.85%
8/1/2025,553.88,558.83,559.02,551.68,69.40M,-1.97%
7/31/2025,565.01,574.54,574.63,563.87,64.61M,-0.53%
7/30/2025,568.02,568.18,570.62,565.05,43.43M,0.13%
7/29/2025,567.26,570.76,572.11,566.53,45.46M,-0.15%
7/28/2025,568.14,567.74,569.04,566.87,31.50M,0.31%
7/25/2025,566.37,564.93,567.7,564.27,30.63M,0.24%
7/24/2025,565.01,565.13,566.24,563.29,42.28M,0.21%
7/23/2025,563.81,562.34,563.85,559.58,40.22M,0.46%
7/22/2025,561.25,564.3,564.35,558.61,43.27M,-0.52%
7/21/2025,564.17,562.09,566.06,562.06,39.60M,0.52%
7/18/2025,561.26,563.12,564.73,559.98,50.48M,-0.10%
7/17/2025,561.8,558.02,562.31,557.21,40.42M,0.81%
7/16/2025,557.29,557.28,560.21,551.56,52.31M,0.10%
7/15/2025,556.72,560.25,560.8,556.66,43.28M,0.09%
7/14/2025,556.21,553.99,556.95,551.63,36.45M,0.36%
7/11/2025,554.2,553.3,555.79,552.05,39.62M,-0.23%
7/10/2025,555.45,556.89,557.3,552.75,34.71M,-0.14%
7/9/2025,556.25,554.48,557.63,553.1,43.05M,0.71%
7/8/2025,552.34,553.38,554.01,551.1,36.15M,0.06%
7/7/2025,552.03,553.52,554.34,549.58,45.35M,-0.75%
7/3/2025,556.22,553.18,557.2,553.18,26.44M,0.98%
7/2/2025,550.8,546.16,551.0,546.12,36.54M,0.70%
7/1/2025,546.99,549.73,550.71,544.66,56.17M,-0.84%
6/30/2025,551.64,551.26,552.8,549.01,45.55M,0.65%
6/27/2025,548.09,547.26,549.99,544.54,57.58M,0.34%
6/26/2025,546.22,543.35,546.67,541.52,43.81M,0.94%
6/25/2025,541.16,542.06,543.31,539.38,44.80M,0.26%
6/24/2025,539.78,536.89,540.7,536.27,45.44M,1.53%
6/23/2025,531.65,526.81,532.17,523.65,50.67M,0.91%
6/20/2025,526.83,532.26,533.56,524.88,61.64M,-0.41%
6/18/2025,528.99,530.1,532.55,527.4,43.98M,-0.02%
6/17/2025,529.08,531.71,533.33,527.91,42.18M,-0.98%
6/16/2025,534.29,530.5,535.37,530.45,37.62M,1.39%
6/13/2025,526.96,527.68,531.87,525.73,55.81M,-1.26%
6/12/2025,533.66,531.09,534.64,530.84,34.10M,0.23%
6/11/2025,532.41,535.62,536.78,530.11,53.70M,-0.34%
6/10/2025,534.21,531.17,534.9,528.89,40.66M,0.66%
6/9/2025,530.7,530.14,532.35,529.01,33.69M,0.15%
6/6/2025,529.92,530.0,531.8,528.21,42.47M,0.98%
6/5/2025,524.79,530.18,533.05,522.66,61.29M,-0.75%
6/4/2025,528.77,528.01,529.84,525.97,41.36M,0.28%
6/3/2025,527.3,523.56,528.74,522.69,44.07M,0.78%
6/2/2025,523.21,517.24,523.45,515.97,44.76M,0.79%
5/30/2025,519.11,519.44,520.68,511.93,67.66M,-0.16%
5/29/2025,519.93,526.33,526.48,517.32,58.72M,0.20%
5/28/2025,518.91,522.18,523.68,518.39,46.64M,-0.44%
5/27/2025,521.22,516.15,521.71,514.59,47.23M,2.35%
5/23/2025,509.24,506.18,511.84,505.58,58.37M,-0.93%
5/22/2025,514.0,513.66,517.71,512.3,55.61M,0.19%
5/21/2025,513.04,516.27,523.0,511.24,71.29M,-1.39%
5/20/2025,520.27,519.47,520.93,516.66,42.52M,-0.33%
5/19/2025,522.01,514.24,522.53,514.24,52.54M,0.10%
5/16/2025,521.51,520.66,521.7,517.1,48.39M,0.44%
5/15/2025,519.25,516.52,521.93,515.17,50.15M,0.11%
5/14/2025,518.68,516.77,519.23,515.75,47.01M,0.60%
5/13/2025,515.59,509.16,517.39,508.42,53.27M,1.52%
5/12/2025,507.85,506.99,507.89,501.48,45.09M,4.07%
5/9/2025,487.97,490.21,491.54,486.2,27.77M,-0.07%
5/8/2025,488.29,488.53,492.7,484.17,39.58M,1.03%
5/7/2025,483.3,482.08,485.8,476.78,38.11M,0.39%
5/6/2025,481.41,479.56,485.05,478.19,32.79M,-0.93%
5/5/2025,485.93,484.6,489.03,484.1,28.31M,-0.59%
5/2/2025,488.83,486.54,490.91,484.83,39.22M,1.48%
5/1/2025,481.68,483.41,487.18,480.74,43.32M,1.31%
4/30/2025,475.47,467.13,477.2,462.43,46.81M,-0.01%
4/29/2025,475.53,470.17,476.42,469.59,30.61M,0.66%
4/28/2025,472.41,473.03,474.81,466.03,33.55M,-0.03%
4/25/2025,472.56,466.97,473.09,465.39,38.70M,1.11%
4/24/2025,467.35,456.48,467.66,455.83,45.96M,2.81%
4/23/2025,454.56,458.17,463.38,452.88,55.80M,2.27%
4/22/2025,444.48,438.82,447.58,437.62,52.30M,2.63%
4/21/2025,433.11,438.23,439.08,427.93,44.15M,-2.47%
4/17/2025,444.1,447.17,447.75,441.36,44.84M,-0.02%
4/16/2025,444.18,449.03,452.62,437.76,48.98M,-3.02%
4/15/2025,457.99,458.54,462.38,456.15,35.40M,0.11%
4/14/2025,457.48,464.46,465.05,452.63,43.94M,0.68%
4/11/2025,454.4,444.65,455.79,441.33,52.48M,1.84%
4/10/2025,446.18,453.56,455.59,432.63,108.38M,-4.25%
4/9/2025,466.0,415.57,467.83,415.43,142.88M,12.00%
4/8/2025,416.06,438.16,443.14,409.79,101.25M,-1.80%
4/7/2025,423.69,408.66,443.14,402.39,161.56M,0.24%
4/4/2025,422.67,438.14,440.37,422.67,117.09M,-6.21%
4/3/2025,450.66,456.44,460.07,450.14,70.46M,-5.35%
4/2/2025,476.15,466.12,479.56,465.86,49.89M,0.73%
4/1/2025,472.7,467.3,473.63,464.42,41.16M,0.81%
3/31/2025,468.92,461.92,469.86,457.33,53.00M,0.00%
3/28/2025,468.94,479.81,480.52,468.05,46.36M,-2.63%
3/27/2025,481.62,482.41,486.58,480.25,33.47M,-0.57%
3/26/2025,484.38,492.3,493.16,482.82,35.04M,-1.84%
3/25/2025,493.46,491.39,493.62,490.42,26.04M,0.57%
3/24/2025,490.66,487.74,491.51,484.4,34.57M,2.04%
3/21/2025,480.84,474.08,481.61,472.9,42.23M,0.33%
3/20/2025,479.26,476.88,484.55,476.18,36.78M,-0.34%
3/19/2025,480.89,476.81,485.33,474.87,40.43M,1.34%
3/18/2025,474.54,479.41,479.61,472.41,39.07M,-1.70%
3/17/2025,482.77,479.61,485.84,477.8,41.74M,0.65%
3/14/2025,479.66,473.73,480.56,473.12,43.56M,2.42%
3/13/2025,468.34,476.25,476.28,466.43,46.56M,-1.80%
3/12/2025,476.92,479.16,481.06,471.79,46.97M,1.13%
3/11/2025,471.6,472.35,478.8,467.01,68.76M,-0.24%
3/10/2025,472.73,483.45,483.97,468.66,76.67M,-3.88%
3/7/2025,491.79,487.16,493.28,480.53,54.71M,0.74%
3/6/2025,488.2,493.69,498.58,486.2,57.57M,-2.75%
3/5/2025,502.01,496.2,503.63,491.26,46.32M,1.30%
3/4/2025,495.55,494.18,503.74,487.73,67.88M,-0.30%
3/3/2025,497.05,511.52,513.04,493.58,44.59M,-2.19%
2/28/2025,508.17,500.13,508.78,496.93,47.65M,1.58%
2/27/2025,500.27,518.13,519.07,500.05,52.45M,-2.78%
2/26/2025,514.56,515.53,519.66,511.37,34.46M,0.24%
2/25/2025,513.32,519.24,519.32,509.44,48.94M,-1.26%
2/24/2025,519.87,527.88,529.07,519.53,39.27M,-1.18%
2/21/2025,526.08,538.38,538.4,525.71,47.09M,-2.08%
2/20/2025,537.23,538.73,539.1,532.46,26.55M,-0.42%
2/19/2025,539.52,538.57,540.81,536.46,19.67M,0.03%
2/18/2025,539.37,539.73,540.0,536.04,20.57M,0.23%
2/14/2025,538.15,536.01,538.84,535.67,17.86M,0.42%
2/13/2025,535.9,529.98,536.22,529.19,28.71M,1.44%
2/12/2025,528.3,522.3,529.19,521.95,25.01M,0.06%
2/11/2025,527.99,525.96,529.92,525.83,19.33M,-0.24%
2/10/2025,529.25,527.22,530.36,526.75,20.85M,1.21%
2/7/2025,522.92,530.14,532.1,522.19,29.61M,-1.26%
2/6/2025,529.6,527.36,529.81,525.74,19.43M,0.52%
2/5/2025,526.85,521.82,527.01,520.62,21.13M,0.45%
2/4/2025,524.47,518.63,525.11,518.23,26.05M,1.23%
2/3/2025,518.11,513.47,520.85,511.05,40.58M,-0.80%
1/31/2025,522.29,526.92,531.52,521.19,38.85M,-0.15%
1/30/2025,523.05,523.71,526.09,518.21,27.43M,0.43%
1/29/2025,520.83,522.46,522.59,516.9,26.65M,-0.19%
1/28/2025,521.81,515.22,523.0,511.78,33.19M,1.48%
1/27/2025,514.21,511.0,517.99,510.15,60.77M,-2.91%
1/24/2025,529.63,533.02,533.79,528.15,19.88M,-0.57%
1/23/2025,532.64,529.04,532.76,528.45,23.10M,0.21%
1/22/2025,531.51,529.57,533.82,529.26,33.59M,1.28%
1/21/2025,524.8,524.48,525.97,520.06,23.63M,0.59%
1/17/2025,521.74,522.85,524.07,513.11,51.84M,1.69%
1/16/2025,513.08,518.98,519.06,512.95,28.23M,-0.70%
1/15/2025,516.7,513.03,517.85,511.46,34.96M,2.30%
1/14/2025,505.08,508.74,510.15,501.59,33.74M,-0.09%
1/13/2025,505.56,501.2,506.02,499.7,31.69M,-0.32%
1/10/2025,507.19,511.48,511.58,503.92,40.53M,-1.57%
1/8/2025,515.27,515.08,516.92,510.57,30.78M,0.02%
1/7/2025,515.18,525.59,525.99,513.28,36.69M,-1.78%
1/6/2025,524.54,524.02,527.92,522.03,36.11M,1.15%
1/3/2025,518.58,513.35,519.65,512.53,29.06M,1.64%
1/2/2025,510.23,514.3,516.64,505.71,36.39M,-0.20%
12/31/2024,511.23,516.9,517.66,510.26,29.12M,-0.85%
12/30/2024,515.61,515.51,519.36,511.83,34.58M,-1.33%
12/27/2024,522.56,526.01,526.45,517.86,33.84M,-1.33%
12/26/2024,529.6,528.32,531.24,526.31,19.14M,-0.07%
12/24/2024,529.96,524.83,530.05,524.19,17.56M,1.36%
12/23/2024,522.87,519.55,523.25,516.13,29.67M,0.81%
12/20/2024,518.66,510.44,524.82,509.29,60.53M,0.87%
12/19/2024,514.17,521.19,521.76,513.83,46.44M,-0.45%
12/18/2024,516.47,535.15,536.88,515.01,54.70M,-3.61%
12/17/2024,535.8,536.36,537.48,534.13,28.58M,-0.44%
12/16/2024,538.17,533.08,539.15,533.0,31.98M,1.44%
12/13/2024,530.53,530.46,533.17,527.3,28.78M,0.77%
12/12/2024,526.5,527.68,528.96,526.02,23.58M,-0.65%
12/11/2024,529.92,525.0,530.61,524.59,32.17M,1.79%
12/10/2024,520.6,523.62,525.38,519.16,24.35M,-0.34%
12/9/2024,522.38,525.55,526.35,521.22,20.67M,-0.78%
12/6/2024,526.48,522.48,526.72,522.35,23.76M,0.89%
12/5/2024,521.81,523.31,524.04,521.42,18.17M,-0.28%
12/4/2024,523.26,520.32,523.52,519.6,26.09M,1.24%
12/3/2024,516.87,513.95,517.15,513.37,18.60M,0.31%
12/2/2024,515.29,511.01,516.26,510.62,25.15M,1.09%
11/29/2024,509.74,505.93,510.34,505.31,15.33M,0.88%
11/27/2024,505.3,508.17,508.24,501.93,24.96M,-0.79%
11/26/2024,509.31,508.08,510.14,507.23,26.56M,0.54%
11/25/2024,506.59,509.9,511.45,504.26,26.38M,0.16%
11/22/2024,505.79,504.42,506.53,502.78,23.83M,0.16%
11/21/2024,504.98,506.24,506.96,497.56,34.53M,0.36%
11/20/2024,503.17,503.16,503.48,496.55,29.57M,-0.06%
11/19/2024,503.46,497.42,503.95,497.08,24.52M,0.69%
11/18/2024,500.02,498.13,502.14,496.73,27.19M,0.69%
11/15/2024,496.57,502.94,503.33,494.49,51.46M,-2.38%
11/14/2024,508.69,511.91,512.79,507.77,28.68M,-0.69%
11/13/2024,512.25,512.4,514.98,509.95,24.57M,-0.13%
11/12/2024,512.91,513.77,514.66,509.83,25.84M,-0.18%
11/11/2024,513.84,515.37,515.58,510.92,24.17M,-0.06%
11/8/2024,514.14,513.03,514.92,512.41,22.92M,0.12%
11/7/2024,513.54,508.4,514.33,508.34,32.85M,1.57%
11/6/2024,505.58,500.56,506.41,499.6,43.08M,2.72%
11/5/2024,492.21,487.61,492.88,487.52,24.35M,1.28%
11/4/2024,486.01,486.82,489.38,484.25,23.29M,-0.29%
11/1/2024,487.43,485.5,490.75,485.2,33.66M,0.74%
10/31/2024,483.85,492.38,492.43,483.75,41.25M,-2.52%
10/30/2024,496.38,499.39,500.35,495.89,29.76M,-0.76%
10/29/2024,500.16,495.72,501.35,493.85,28.01M,0.96%
10/28/2024,495.4,498.46,498.52,495.1,20.48M,0.02%
10/25/2024,495.32,495.14,500.28,494.43,38.76M,0.61%
10/24/2024,492.32,492.11,493.0,489.44,22.02M,0.81%
10/23/2024,488.36,493.59,494.25,485.05,39.35M,-1.53%
10/22/2024,495.96,492.73,497.45,491.97,26.69M,0.11%
10/21/2024,495.42,493.25,496.23,491.31,30.34M,0.19%
10/18/2024,494.47,494.06,495.57,493.3,25.34M,0.66%
10/17/2024,491.25,496.44,496.49,491.19,27.21M,0.07%
10/16/2024,490.91,491.18,491.69,487.57,23.00M,0.01%
10/15/2024,490.85,497.83,498.5,488.68,34.78M,-1.34%
10/14/2024,497.5,495.77,498.83,495.26,26.06M,0.84%
10/11/2024,493.36,490.74,494.39,490.17,20.64M,0.16%
10/10/2024,492.59,490.85,494.47,489.53,25.75M,-0.11%
10/9/2024,493.15,489.0,493.73,487.95,24.99M,0.79%
10/8/2024,489.3,484.66,489.99,483.85,28.27M,1.49%
10/7/2024,482.1,485.39,486.57,480.87,24.98M,-1.07%
10/4/2024,487.32,487.45,487.88,482.39,30.74M,1.19%
10/3/2024,481.59,479.74,484.55,478.99,25.34M,-0.07%
10/2/2024,481.95,480.36,483.88,477.72,23.74M,0.14%
10/1/2024,481.27,487.7,488.0,477.4,42.74M,-1.39%
9/30/2024,488.07,485.78,488.41,482.92,30.33M,0.27%
9/27/2024,486.75,490.5,490.64,485.56,22.85M,-0.56%
9/26/2024,489.47,493.37,493.7,485.8,32.02M,0.75%
9/25/2024,485.82,484.74,487.79,484.56,26.55M,0.09%
9/24/2024,485.37,484.46,486.33,480.17,25.95M,0.48%
9/23/2024,483.04,482.95,484.14,481.6,24.84M,0.12%
9/20/2024,482.44,482.49,483.69,478.3,34.58M,-0.19%
9/19/2024,483.36,482.61,486.23,480.49,52.78M,2.53%
9/18/2024,471.44,474.7,478.83,470.83,39.91M,-0.43%
9/17/2024,473.49,476.29,477.6,470.97,30.08M,0.05%
9/16/2024,473.24,473.19,473.86,469.89,22.59M,-0.44%
9/13/2024,475.34,472.48,476.53,472.25,29.11M,0.45%
9/12/2024,473.22,468.65,474.04,466.85,40.18M,0.98%
9/11/2024,468.62,459.91,469.37,451.28,57.84M,2.17%
9/10/2024,458.66,456.24,459.17,452.23,29.68M,0.92%
9/9/2024,454.46,453.06,455.46,449.82,32.98M,1.29%
9/6/2024,448.69,460.33,461.22,448.19,50.62M,-2.68%
9/5/2024,461.04,458.97,465.36,457.94,34.45M,0.09%
9/4/2024,460.61,458.67,464.45,457.73,32.51M,-0.26%
9/3/2024,461.81,473.2,473.33,459.41,44.99M,-3.04%
8/30/2024,476.27,475.04,476.9,470.51,33.47M,1.19%
8/29/2024,470.66,473.28,477.93,469.37,41.08M,-0.15%
8/28/2024,471.35,476.29,477.02,467.89,37.37M,-1.13%
8/27/2024,476.76,473.69,477.84,471.71,27.51M,0.30%
8/26/2024,475.34,479.45,480.38,473.24,27.45M,-0.97%
8/23/2024,480.0,479.24,482.74,475.28,36.06M,1.08%
8/22/2024,474.85,484.84,485.54,473.81,37.74M,-1.59%
8/21/2024,482.5,481.05,484.37,479.32,25.66M,0.47%
8/20/2024,480.26,480.35,482.94,478.55,29.21M,-0.21%
8/19/2024,481.27,475.17,481.31,473.37,23.74M,1.31%
8/16/2024,475.03,472.62,476.41,471.65,38.38M,0.13%
8/15/2024,474.42,468.76,474.82,468.38,38.28M,2.53%
8/14/2024,462.73,463.51,465.11,458.4,34.73M,0.03%
8/13/2024,462.58,455.82,462.85,455.68,40.08M,2.48%
8/12/2024,451.38,451.39,454.37,448.55,27.80M,0.22%
8/9/2024,450.41,446.74,452.06,445.61,33.57M,0.52%
8/8/2024,448.07,441.06,448.99,437.15,47.89M,3.06%
8/7/2024,434.77,446.49,449.0,434.37,54.93M,-1.08%
8/6/2024,439.53,437.23,447.07,434.56,63.16M,0.96%
8/5/2024,435.37,424.71,442.29,423.45,87.48M,-2.98%
8/2/2024,448.75,450.89,453.57,444.47,66.32M,-2.37%
8/1/2024,459.66,471.76,475.55,455.98,56.65M,-2.42%
7/31/2024,471.07,467.87,472.79,466.41,44.55M,2.96%
7/30/2024,457.53,465.85,466.56,454.15,41.32M,-1.37%
7/29/2024,463.9,465.71,467.91,461.61,28.22M,0.20%
7/26/2024,462.97,462.65,465.93,459.77,39.99M,1.03%
7/25/2024,458.27,463.72,467.94,455.63,59.26M,-1.10%
7/24/2024,463.38,473.82,474.19,462.51,58.82M,-3.59%
7/23/2024,480.62,481.41,484.43,480.14,23.28M,-0.35%
7/22/2024,482.32,481.16,483.35,477.71,40.30M,1.49%
7/19/2024,475.24,479.15,481.69,473.94,42.04M,-0.89%
7/18/2024,479.49,485.53,485.71,476.27,49.35M,-0.47%
7/17/2024,481.77,488.28,488.8,481.7,56.27M,-2.94%
7/16/2024,496.34,497.62,498.44,493.15,25.95M,0.04%
7/15/2024,496.15,496.61,501.01,494.09,31.15M,0.27%
7/12/2024,494.82,492.51,499.62,492.04,37.11M,0.59%
7/11/2024,491.93,503.07,503.28,490.73,49.97M,-2.19%
7/10/2024,502.96,499.71,503.52,498.39,28.05M,1.04%
7/9/2024,497.77,498.87,500.0,496.24,25.70M,0.09%
7/8/2024,497.34,496.53,497.89,495.5,22.11M,0.24%
7/5/2024,496.16,491.89,496.6,491.59,28.50M,1.04%
7/3/2024,491.04,486.22,491.17,486.22,18.06M,0.83%
7/2/2024,486.98,480.41,487.04,480.28,26.72M,1.05%
7/1/2024,481.92,480.04,482.49,476.26,24.90M,0.59%
6/28/2024,479.11,482.41,487.2,478.46,34.88M,-0.52%
6/27/2024,481.61,480.12,483.1,479.3,26.22M,0.26%
6/26/2024,480.37,478.55,480.92,478.13,22.74M,0.21%
6/25/2024,479.38,476.07,479.68,475.12,29.25M,1.14%
6/24/2024,473.96,478.18,479.93,473.82,37.75M,-1.30%
6/21/2024,480.18,481.19,482.54,478.67,39.43M,-0.27%
6/20/2024,481.47,486.42,486.84,479.62,33.92M,-0.77%
6/18/2024,485.21,485.01,485.9,483.43,24.44M,0.03%
6/17/2024,485.06,479.46,486.86,478.14,37.05M,1.22%
6/14/2024,479.19,476.52,479.26,476.05,23.37M,0.52%
6/13/2024,476.72,477.72,478.39,474.42,25.86M,0.54%
6/12/2024,474.15,471.99,476.5,471.29,34.53M,1.31%
6/11/2024,468.02,463.54,468.14,462.03,22.05M,0.69%
6/10/2024,464.83,461.82,465.19,461.53,20.72M,0.40%
6/7/2024,462.96,463.0,465.74,461.84,25.83M,-0.09%
6/6/2024,463.37,464.22,464.54,462.19,21.97M,-0.03%
6/5/2024,463.53,457.98,463.61,454.41,33.82M,2.02%
6/4/2024,454.37,452.87,455.58,451.13,23.77M,0.27%
6/3/2024,453.13,454.57,455.58,447.9,33.00M,0.54%
5/31/2024,450.71,451.78,452.48,443.05,55.94M,-0.19%
5/30/2024,451.55,455.5,455.64,450.21,30.71M,-1.07%
5/29/2024,456.44,455.48,458.24,455.34,29.74M,-0.70%
5/28/2024,459.68,459.18,459.74,456.69,26.22M,0.38%
5/24/2024,457.95,455.29,459.23,453.57,29.67M,0.95%
5/23/2024,453.66,460.55,460.58,451.85,40.90M,-0.45%
5/22/2024,455.71,456.06,456.82,453.08,25.12M,-0.02%
5/21/2024,455.8,453.04,455.99,452.84,23.17M,0.20%
5/20/2024,454.91,451.98,455.58,451.79,24.47M,0.70%
5/17/2024,451.76,452.11,452.72,449.54,35.80M,-0.05%
5/16/2024,451.98,452.71,454.69,451.81,34.78M,-0.20%
5/15/2024,452.9,448.43,453.15,446.9,41.46M,1.56%
5/14/2024,445.93,442.65,446.46,442.46,34.48M,0.64%
5/13/2024,443.08,443.99,444.09,441.65,22.99M,0.23%
5/10/2024,442.06,442.54,444.31,440.5,27.12M,0.24%
5/9/2024,441.02,440.33,441.6,438.46,24.58M,0.22%
5/8/2024,440.06,437.67,441.48,437.55,24.90M,-0.06%
5/7/2024,440.32,440.7,441.97,439.58,31.00M,0.02%
5/6/2024,440.25,437.3,440.34,436.52,30.23M,1.10%
5/3/2024,435.48,434.44,436.48,432.62,48.52M,2.01%
5/2/2024,426.9,425.3,427.81,420.63,36.56M,1.28%
5/1/2024,421.52,423.15,430.14,420.66,52.25M,-0.72%
4/30/2024,424.59,431.15,432.56,424.51,43.67M,-1.89%
4/29/2024,432.75,433.13,433.76,429.98,30.02M,0.41%
4/26/2024,431.0,427.62,432.55,426.92,41.87M,1.54%
4/25/2024,424.45,419.24,425.32,418.14,57.39M,-0.48%
4/24/2024,426.51,428.2,429.73,424.2,48.44M,0.34%
4/23/2024,425.07,420.77,426.28,418.87,44.38M,1.49%
4/22/2024,418.82,417.31,421.18,413.94,47.81M,1.01%
4/19/2024,414.65,422.22,422.75,413.07,75.23M,-2.07%
4/18/2024,423.41,426.49,428.24,422.83,46.55M,-0.57%
4/17/2024,425.84,433.1,433.12,424.9,56.88M,-1.22%
4/16/2024,431.1,430.9,433.76,429.7,47.62M,0.01%
4/15/2024,431.06,442.06,442.15,430.21,63.45M,-1.65%
4/12/2024,438.27,441.1,442.24,436.88,53.66M,-1.59%
4/11/2024,445.37,440.26,446.33,437.96,45.47M,1.60%
4/10/2024,438.37,437.0,439.24,436.28,61.50M,-0.87%
4/9/2024,442.23,442.96,443.24,437.44,39.52M,0.37%
4/8/2024,440.6,441.41,442.5,439.2,28.14M,0.03%
4/5/2024,440.47,436.78,443.17,435.96,54.74M,1.18%
4/4/2024,435.34,446.33,446.95,435.11,57.27M,-1.53%
4/3/2024,442.1,438.96,444.0,438.95,39.95M,0.22%
4/2/2024,441.11,440.08,441.43,438.03,44.26M,-0.86%
4/1/2024,444.95,444.97,447.53,443.02,38.73M,0.21%
3/28/2024,444.01,444.78,445.64,443.65,36.84M,-0.18%
3/27/2024,444.83,446.44,446.54,441.93,41.36M,0.34%
3/26/2024,443.32,446.3,447.23,443.09,34.14M,-0.32%
3/25/2024,444.76,443.55,446.26,442.54,27.79M,-0.36%
3/22/2024,446.38,445.35,447.49,444.49,28.25M,0.11%
3/21/2024,445.87,448.88,449.34,445.67,39.35M,0.47%
3/20/2024,443.77,439.78,444.11,438.06,43.65M,1.19%
3/19/2024,438.57,435.45,438.98,433.33,43.00M,0.25%
3/18/2024,437.48,438.73,441.04,437.24,47.32M,0.82%
3/15/2024,433.92,436.07,438.87,432.74,73.07M,-1.19%
3/14/2024,439.14,441.5,442.03,436.39,52.20M,-0.25%
3/13/2024,440.25,442.65,442.67,439.12,37.93M,-0.77%
3/12/2024,443.66,439.73,444.02,436.46,55.30M,1.43%
3/11/2024,437.39,437.51,438.66,435.44,45.86M,-0.37%
3/8/2024,439.02,445.81,448.64,438.34,72.10M,-1.44%
3/7/2024,445.45,442.42,446.72,440.86,44.53M,1.52%
3/6/2024,438.79,440.32,441.99,436.89,46.23M,0.63%
3/5/2024,436.05,440.94,440.95,433.65,57.92M,-1.79%
3/4/2024,444.02,445.61,446.04,443.77,34.33M,-0.36%
3/1/2024,445.61,439.9,446.58,439.84,43.85M,1.51%
2/29/2024,439.0,438.23,440.09,435.02,42.50M,0.86%
2/28/2024,435.27,435.43,436.67,434.3,32.94M,-0.53%
2/27/2024,437.6,437.67,437.99,435.02,33.71M,0.24%
2/26/2024,436.55,437.6,438.6,436.36,33.04M,-0.05%
2/23/2024,436.78,439.65,440.59,435.79,39.85M,-0.29%
2/22/2024,438.07,434.49,439.12,433.71,53.89M,2.93%
2/21/2024,425.61,424.55,425.7,421.63,50.18M,-0.40%
2/20/2024,427.32,428.55,430.08,423.5,54.00M,-0.75%
2/16/2024,430.57,434.89,434.99,429.85,53.72M,-0.91%
2/15/2024,434.51,433.92,434.98,431.33,38.80M,0.30%
2/14/2024,433.22,431.26,433.65,428.88,45.09M,1.09%
2/13/2024,428.55,427.28,431.27,425.33,64.49M,-1.56%
2/12/2024,435.34,436.94,439.14,434.65,33.20M,-0.39%
2/9/2024,437.05,433.94,437.85,433.14,36.94M,0.98%
2/8/2024,432.79,432.11,433.56,431.42,29.89M,0.19%
2/7/2024,431.99,430.41,432.83,429.09,37.71M,1.03%
2/6/2024,427.59,429.61,430.22,425.22,35.85M,-0.20%
2/5/2024,428.45,429.07,429.61,425.0,39.89M,-0.13%
2/2/2024,429.01,423.8,430.24,422.79,59.60M,1.69%
2/1/2024,421.88,418.79,422.38,417.81,51.01M,1.18%
1/31/2024,416.97,420.85,422.87,416.79,64.01M,-1.96%
1/30/2024,425.3,427.1,427.68,424.38,36.74M,-0.67%
1/29/2024,428.15,424.27,428.35,423.61,38.69M,1.02%
1/26/2024,423.81,424.44,426.21,423.15,37.14M,-0.60%
1/25/2024,426.35,428.36,429.04,423.98,44.37M,0.12%
1/24/2024,425.83,427.44,429.85,425.33,46.95M,0.55%
1/23/2024,423.48,422.43,423.7,420.57,33.00M,0.41%
1/22/2024,421.73,423.41,424.73,421.12,44.88M,0.13%
1/19/2024,421.18,415.22,421.34,414.63,70.33M,1.98%
1/18/2024,412.99,410.52,413.58,409.16,59.56M,1.42%
1/17/2024,407.21,406.17,407.58,402.92,54.39M,-0.56%
1/16/2024,409.52,408.31,411.12,406.83,43.90M,-0.01%
1/12/2024,409.56,410.4,411.25,408.15,39.59M,0.05%
1/11/2024,409.35,409.79,411.2,404.24,54.54M,0.21%
1/10/2024,408.5,406.07,409.52,405.17,33.96M,0.68%
1/9/2024,405.75,401.91,406.69,401.71,39.13M,0.20%
1/8/2024,404.95,397.99,405.24,397.84,42.47M,2.07%
1/5/2024,396.75,396.45,399.56,395.34,44.92M,0.12%
1/4/2024,396.28,396.44,399.59,396.06,39.43M,-0.51%
1/3/2024,398.33,399.93,401.0,397.89,47.00M,-1.06%
1/2/2024,402.59,405.84,406.09,400.24,58.03M,-1.69%
12/29/2023,409.52,411.28,411.64,407.58,42.66M,-0.43%
12/28/2023,411.3,412.67,412.92,410.94,27.03M,-0.05%
12/27/2023,411.5,410.95,411.79,410.08,31.98M,0.20%
12/26/2023,410.66,409.04,411.34,408.94,22.72M,0.61%
12/22/2023,408.17,408.79,409.75,406.27,34.31M,0.15%
12/21/2023,407.56,406.85,407.93,404.26,45.57M,1.16%
12/20/2023,402.87,408.14,410.25,402.69,54.04M,-1.49%
12/19/2023,408.95,407.33,409.07,407.13,35.71M,0.51%
12/18/2023,406.87,404.72,407.78,404.39,46.61M,0.43%
12/15/2023,405.13,403.97,406.33,403.36,62.90M,0.48%
12/14/2023,403.18,404.77,406.09,400.13,55.45M,-0.09%
12/13/2023,403.53,399.41,404.15,398.63,55.41M,1.27%
12/12/2023,398.46,395.35,398.58,394.2,39.22M,0.80%
12/11/2023,395.31,391.53,395.58,391.32,41.20M,0.85%
12/8/2023,391.96,388.47,392.41,388.28,46.69M,0.45%
12/7/2023,390.23,387.87,391.06,386.76,49.59M,1.40%
12/6/2023,384.85,390.07,390.17,384.5,41.99M,-0.58%
12/5/2023,387.09,384.19,388.3,384.01,42.93M,0.25%
12/4/2023,386.12,385.89,386.39,382.46,51.19M,-0.93%
12/1/2023,389.74,387.55,390.33,385.87,40.49M,0.29%
11/30/2023,388.63,389.88,390.35,385.62,52.83M,-0.25%
11/29/2023,389.61,392.48,393.93,389.26,38.81M,-0.10%
11/28/2023,389.99,388.21,390.57,387.85,35.49M,0.26%
11/27/2023,388.97,388.81,390.94,388.08,34.14M,-0.09%
11/24/2023,389.31,389.45,390.05,388.3,15.72M,-0.14%
11/22/2023,389.86,390.36,392.86,388.84,44.18M,0.41%
11/21/2023,388.27,388.81,389.03,386.5,43.34M,-0.58%
11/20/2023,390.53,385.85,391.2,385.85,44.54M,1.22%
11/17/2023,385.84,385.01,386.87,384.09,46.62M,0.02%
11/16/2023,385.75,384.64,385.99,383.36,45.34M,0.09%
11/15/2023,385.42,387.05,387.55,384.03,54.14M,0.08%
11/14/2023,385.13,383.51,386.06,382.98,67.79M,2.15%
11/13/2023,377.01,376.59,378.08,375.04,40.73M,-0.31%
11/10/2023,378.19,371.62,378.34,371.09,58.37M,2.25%
11/9/2023,369.88,373.44,374.6,369.38,53.86M,-0.77%
11/8/2023,372.74,372.88,373.59,370.43,35.66M,0.06%
11/7/2023,372.5,370.08,373.38,368.85,50.78M,0.95%
11/6/2023,369.02,368.3,369.59,366.72,38.85M,0.41%
11/3/2023,367.52,364.56,368.83,364.33,53.28M,1.17%
11/2/2023,363.25,361.35,363.49,360.11,58.16M,1.82%
11/1/2023,356.77,351.54,357.34,351.44,58.99M,1.74%
10/31/2023,350.69,349.05,351.07,346.44,47.67M,0.48%
10/30/2023,349.02,347.65,350.36,346.27,55.30M,1.13%
10/27/2023,345.13,346.25,348.66,343.9,63.48M,0.48%
10/26/2023,343.48,348.94,349.89,342.17,78.62M,-1.91%
10/25/2023,350.16,356.51,356.69,349.57,71.19M,-2.45%
10/24/2023,358.94,357.32,359.72,355.6,47.08M,0.97%
10/23/2023,355.48,353.07,359.07,350.94,60.67M,0.30%
10/20/2023,354.41,359.27,359.85,354.18,72.56M,-1.49%
10/19/2023,359.78,364.62,365.83,358.97,72.27M,-0.94%
10/18/2023,363.18,365.48,367.72,361.83,54.28M,-1.31%
10/17/2023,368.01,365.62,369.73,363.47,51.00M,-0.33%
10/16/2023,369.22,366.43,370.29,366.28,44.20M,1.13%
10/13/2023,365.09,370.38,370.97,363.67,52.52M,-1.26%
10/12/2023,369.74,371.53,373.54,367.31,49.59M,-0.35%
10/11/2023,371.03,369.75,371.22,368.0,38.22M,0.71%
10/10/2023,368.4,366.71,371.09,366.2,46.97M,0.55%
10/9/2023,366.37,362.11,366.92,360.59,45.30M,0.51%
10/6/2023,364.51,355.46,365.72,354.66,75.05M,1.68%
10/5/2023,358.5,359.55,359.96,354.95,45.90M,-0.29%
10/4/2023,359.56,355.58,360.42,355.11,54.79M,1.36%
10/3/2023,354.73,358.59,360.82,353.09,60.48M,-1.75%
10/2/2023,361.07,358.35,362.49,357.73,51.63M,0.83%
9/29/2023,358.08,361.35,362.76,356.83,64.83M,0.07%
9/28/2023,357.82,353.92,359.98,353.05,56.45M,0.84%
9/27/2023,354.85,355.19,356.79,351.18,56.07M,0.23%
9/26/2023,354.02,356.8,357.35,353.02,53.66M,-1.50%
9/25/2023,359.42,356.74,359.51,355.74,39.17M,0.47%
9/22/2023,357.72,359.44,361.61,357.4,51.59M,0.01%
9/21/2023,357.67,360.61,361.41,357.5,69.73M,-1.83%
9/20/2023,364.35,370.76,371.12,364.27,45.51M,-1.44%
9/19/2023,369.68,369.13,370.49,366.61,37.62M,-0.21%
9/18/2023,370.47,369.13,371.59,368.84,36.90M,-0.04%
9/15/2023,370.62,375.71,376.12,369.67,69.81M,-1.71%
9/14/2023,377.07,375.79,378.07,373.69,48.04M,0.82%
9/13/2023,374.01,372.83,375.64,371.68,46.30M,0.38%
9/12/2023,372.59,375.07,376.75,372.3,41.39M,-1.11%
9/11/2023,376.77,375.46,377.29,373.46,39.94M,1.18%
9/8/2023,372.38,371.81,374.65,371.4,35.85M,0.14%
9/7/2023,371.86,370.02,372.65,368.96,52.06M,-0.72%
9/6/2023,374.54,377.08,377.43,372.5,43.00M,-0.88%
9/5/2023,377.87,376.57,379.11,375.63,32.34M,0.13%
9/1/2023,377.39,380.2,380.63,375.88,39.80M,-0.11%
8/31/2023,377.79,376.74,379.52,376.67,35.73M,0.30%
8/30/2023,376.66,374.68,377.25,373.66,41.73M,0.56%
8/29/2023,374.57,366.37,374.93,366.04,58.49M,2.18%
8/28/2023,366.57,366.8,367.52,364.06,40.91M,0.75%
8/25/2023,363.83,361.88,365.55,358.39,69.96M,0.78%
8/24/2023,361.03,372.44,372.54,360.82,66.84M,-2.14%
8/23/2023,368.92,364.39,370.03,364.17,51.77M,1.58%
8/22/2023,363.19,366.36,366.37,362.49,44.61M,-0.14%
8/21/2023,363.71,359.43,364.4,358.96,50.70M,1.61%
8/18/2023,357.94,355.07,359.22,354.52,61.19M,-0.13%
8/17/2023,358.39,363.77,364.12,357.97,62.60M,-1.09%
8/16/2023,362.35,365.68,367.24,362.25,53.19M,-1.06%
8/15/2023,366.23,369.17,369.97,365.55,45.54M,-1.06%
8/14/2023,370.16,365.24,370.28,364.51,42.13M,1.12%
8/11/2023,366.05,365.8,367.81,364.5,48.71M,-0.64%
8/10/2023,368.4,370.78,374.16,366.84,72.04M,0.18%
8/9/2023,367.72,372.09,372.25,366.95,51.15M,-1.10%
8/8/2023,371.8,372.44,372.46,368.63,44.73M,-0.85%
8/7/2023,374.99,373.68,375.09,371.32,37.23M,0.85%
8/4/2023,371.84,375.55,377.9,371.33,61.70M,-0.47%
8/3/2023,373.59,371.74,375.75,371.57,47.86M,-0.16%
8/2/2023,374.19,379.06,379.06,372.93,72.69M,-2.19%
8/1/2023,382.59,382.11,383.36,380.49,41.31M,-0.23%
7/31/2023,383.48,383.59,384.68,382.14,44.02M,0.05%
7/28/2023,383.28,380.54,384.32,380.02,56.90M,1.82%
7/27/2023,376.42,382.87,384.51,375.11,63.94M,-0.24%
7/26/2023,377.32,377.52,379.04,374.98,47.08M,-0.33%
7/25/2023,378.58,376.75,380.27,376.73,38.89M,0.68%
7/24/2023,376.03,376.42,377.38,374.14,40.38M,0.16%
7/21/2023,375.43,378.98,379.72,374.99,60.50M,-0.30%
7/20/2023,376.56,382.41,383.89,375.52,71.94M,-2.31%
7/19/2023,385.45,386.62,387.78,384.1,54.09M,-0.02%
7/18/2023,385.54,381.76,386.93,379.8,55.34M,0.82%
7/17/2023,382.41,379.6,383.3,379.11,40.87M,0.93%
7/14/2023,378.87,379.39,382.66,377.98,55.15M,-0.02%
7/13/2023,378.95,375.85,379.79,375.26,46.96M,1.70%
7/12/2023,372.62,372.14,373.99,370.11,61.70M,1.26%
7/11/2023,367.98,366.6,368.44,364.43,38.21M,0.49%
7/10/2023,366.17,365.77,366.86,363.22,48.50M,0.03%
7/7/2023,366.05,367.04,370.29,365.82,47.13M,-0.33%
7/6/2023,367.27,366.32,367.72,364.33,49.37M,-0.76%
7/5/2023,370.09,368.5,371.81,368.47,34.46M,0.00%
7/3/2023,370.1,369.88,370.74,368.78,19.43M,0.24%
6/30/2023,369.23,367.36,370.3,367.04,58.71M,1.54%
6/29/2023,363.62,364.05,364.7,361.95,46.15M,-0.20%
6/28/2023,364.35,361.79,366.33,361.71,46.50M,0.20%
6/27/2023,363.64,359.06,364.38,358.32,49.43M,1.72%
6/26/2023,357.49,361.81,364.65,357.4,52.69M,-1.34%
6/23/2023,362.35,362.02,364.69,360.63,48.92M,-0.99%
6/22/2023,365.98,360.44,366.14,360.03,47.60M,1.18%
6/21/2023,361.71,365.55,365.99,360.77,53.38M,-1.36%
6/20/2023,366.71,365.76,368.13,363.7,49.20M,-0.28%
6/16/2023,367.74,372.52,372.65,367.29,80.93M,-0.63%
6/15/2023,370.07,364.42,371.57,363.79,71.14M,1.19%
6/14/2023,365.71,363.08,366.0,360.23,69.53M,0.73%
6/13/2023,363.07,363.1,363.92,359.84,57.10M,0.77%
6/12/2023,360.3,356.0,360.4,355.01,44.82M,1.69%
6/9/2023,354.31,354.44,357.47,352.84,53.20M,0.38%
6/8/2023,352.96,348.94,353.43,348.71,47.15M,1.24%
6/7/2023,348.64,354.94,356.93,348.0,69.23M,-1.70%
6/6/2023,354.65,354.09,355.63,352.74,41.39M,-0.02%
6/5/2023,354.71,354.24,357.31,353.66,47.27M,0.07%
6/2/2023,354.46,353.61,355.64,351.83,53.37M,0.75%
6/1/2023,351.83,347.55,353.17,346.48,50.49M,1.16%
5/31/2023,347.81,348.19,350.42,346.33,65.11M,-0.57%
5/30/2023,349.8,352.52,353.74,348.35,72.65M,0.45%
5/26/2023,348.22,340.58,349.06,340.48,63.01M,2.56%
5/25/2023,339.54,338.96,340.83,336.49,66.86M,2.43%
5/24/2023,331.48,331.2,332.73,329.39,62.89M,-0.51%
5/23/2023,333.18,335.71,336.88,332.83,48.22M,-1.27%
5/22/2023,337.46,336.07,338.49,336.06,43.02M,0.34%
5/19/2023,336.33,337.31,338.03,335.25,61.55M,-0.23%
5/18/2023,337.09,331.35,337.31,331.33,64.21M,1.86%
5/17/2023,330.95,328.07,331.54,326.87,47.49M,1.21%
5/16/2023,326.99,325.89,328.73,325.85,40.02M,0.11%
5/15/2023,326.62,325.34,326.86,323.79,33.38M,0.54%
5/12/2023,324.86,326.57,327.0,322.77,48.43M,-0.36%
5/11/2023,326.03,325.53,326.58,323.95,44.28M,0.33%
5/10/2023,324.97,323.95,325.84,321.43,60.45M,1.09%
5/9/2023,321.47,321.83,322.71,321.15,31.77M,-0.63%
5/8/2023,323.52,322.25,323.87,321.15,36.47M,0.25%
5/5/2023,322.72,318.3,323.59,316.05,51.81M,2.13%
5/4/2023,316.0,316.89,318.06,314.95,50.22M,-0.35%
5/3/2023,317.12,319.58,322.3,317.01,59.88M,-0.65%
5/2/2023,319.21,321.95,322.28,317.44,56.52M,-0.87%
5/1/2023,322.02,321.92,323.46,320.92,41.01M,-0.11%
4/28/2023,322.39,319.94,322.48,318.79,59.71M,0.69%
4/27/2023,320.18,315.53,320.69,314.88,65.43M,2.72%
4/26/2023,311.71,313.28,314.77,311.18,55.40M,0.61%
4/25/2023,309.83,314.13,314.8,309.73,57.12M,-1.89%
4/24/2023,315.78,316.21,317.57,313.58,44.04M,-0.21%
4/21/2023,316.44,315.74,317.23,313.94,59.00M,0.10%
4/20/2023,316.11,315.52,319.1,314.8,62.46M,-0.76%
4/19/2023,318.54,316.24,319.62,316.11,38.96M,-0.05%
4/18/2023,318.69,320.82,321.25,317.47,46.75M,0.01%
4/17/2023,318.67,317.98,319.03,315.87,43.01M,0.08%
4/14/2023,318.4,317.42,320.19,315.44,56.28M,-0.19%
4/13/2023,319.0,314.66,319.48,313.47,54.61M,1.96%
4/12/2023,312.88,317.65,318.25,312.4,62.81M,-0.88%
4/11/2023,315.66,317.66,317.72,315.14,40.11M,-0.64%
4/10/2023,317.7,314.9,317.75,313.09,45.13M,-0.06%
4/6/2023,317.88,314.08,318.38,312.66,46.92M,0.67%
4/5/2023,315.75,317.93,318.89,313.91,62.80M,-0.99%
4/4/2023,318.9,320.43,321.46,317.66,45.88M,-0.34%
4/3/2023,319.98,318.6,320.25,317.25,47.13M,-0.24%
3/31/2023,320.76,315.74,321.0,315.43,62.14M,1.66%
3/30/2023,315.51,315.07,316.15,312.64,58.35M,0.95%
3/29/2023,312.56,310.72,313.19,309.89,53.27M,1.82%
3/28/2023,306.96,308.01,308.04,304.61,48.59M,-0.53%
3/27/2023,308.6,311.44,312.54,307.73,50.29M,-0.69%
3/24/2023,310.73,309.16,310.83,306.79,57.25M,0.37%
3/23/2023,309.59,309.76,313.99,306.85,74.58M,1.19%
3/22/2023,305.96,310.11,315.08,305.79,75.79M,-1.36%
3/21/2023,310.18,307.78,310.64,306.23,49.76M,1.43%
3/20/2023,305.81,304.1,306.14,301.85,56.36M,0.20%
3/17/2023,305.2,306.56,308.99,303.21,89.92M,-0.47%
3/16/2023,306.65,297.84,307.02,297.03,98.56M,2.64%
3/15/2023,298.77,294.56,299.11,293.09,83.63M,0.52%
3/14/2023,297.21,294.16,297.77,293.3,73.60M,2.30%
3/13/2023,290.54,286.58,294.32,285.04,97.12M,0.74%
3/10/2023,288.4,292.68,294.2,287.23,98.59M,-1.40%
3/9/2023,292.51,298.17,300.82,291.68,71.46M,-1.73%
3/8/2023,297.66,296.61,298.27,294.73,50.88M,0.50%
3/7/2023,296.18,299.91,300.85,295.56,65.96M,-1.23%
3/6/2023,299.86,300.78,303.84,299.66,56.74M,0.11%
3/3/2023,299.52,295.23,299.76,294.72,60.51M,2.07%
3/2/2023,293.46,288.51,294.28,288.22,53.74M,0.83%
3/1/2023,291.05,293.11,293.78,290.05,58.29M,-0.80%
2/28/2023,293.41,293.15,295.97,292.81,48.24M,-0.13%
2/27/2023,293.79,294.92,296.33,293.19,49.00M,0.72%
2/24/2023,291.7,291.61,292.82,289.9,74.33M,-1.67%
2/23/2023,296.66,297.81,297.97,292.4,69.29M,0.87%
2/22/2023,294.1,294.47,296.2,292.41,51.39M,0.07%
2/21/2023,293.88,297.1,298.57,293.74,46.53M,-2.37%
2/17/2023,301.0,300.91,301.77,297.94,58.23M,-0.71%
2/16/2023,303.14,304.22,308.27,302.99,59.50M,-1.88%
2/15/2023,308.94,304.74,309.11,304.04,43.43M,0.77%
2/14/2023,306.59,302.73,307.56,300.75,64.08M,0.74%
2/13/2023,304.34,300.97,304.94,299.77,39.64M,1.60%
2/10/2023,299.54,299.32,301.41,297.09,50.05M,-0.66%
2/9/2023,301.52,308.68,308.83,300.04,49.14M,-0.88%
2/8/2023,304.21,308.38,309.34,303.51,56.72M,-1.78%
2/7/2023,309.72,303.3,310.87,302.16,67.58M,2.07%
2/6/2023,303.43,303.35,305.75,302.06,40.80M,-0.85%
2/3/2023,306.02,304.78,312.23,304.38,76.17M,-1.78%
2/2/2023,311.56,307.41,313.52,306.57,83.07M,3.59%
2/1/2023,300.76,294.26,303.27,292.15,67.56M,2.14%
1/31/2023,294.47,290.16,294.57,290.05,46.71M,1.50%
1/30/2023,290.12,292.78,294.23,289.74,49.41M,-2.02%
1/27/2023,296.1,291.85,298.1,291.73,56.44M,1.00%
1/26/2023,293.19,291.07,293.37,288.37,51.60M,1.95%
1/25/2023,287.58,283.62,288.21,281.03,50.87M,-0.22%
1/24/2023,288.22,287.16,289.4,286.63,44.88M,-0.20%
1/23/2023,288.81,283.39,290.06,282.58,52.80M,2.22%
1/20/2023,282.53,276.64,282.87,275.57,60.61M,2.74%
1/19/2023,275.01,276.08,277.23,273.75,44.15M,-0.98%
1/18/2023,277.73,282.96,284.54,277.52,47.75M,-1.30%
1/17/2023,281.39,280.62,282.7,279.43,36.27M,0.20%
1/13/2023,280.82,276.35,281.07,276.02,44.80M,0.69%
1/12/2023,278.9,277.97,279.95,273.6,60.60M,0.54%
1/11/2023,277.4,273.78,277.51,272.98,44.08M,1.73%
1/10/2023,272.69,269.35,272.8,268.83,35.25M,0.85%
1/9/2023,270.4,270.69,275.15,269.78,45.57M,0.65%
1/6/2023,268.66,263.21,269.8,260.2,54.66M,2.76%
1/5/2023,261.44,263.9,264.07,261.12,45.40M,-1.57%
1/4/2023,265.6,266.5,267.31,262.39,47.75M,0.48%
1/3/2023,264.34,268.51,270.01,261.99,42.34M,-0.68%
12/30/2022,266.14,263.48,266.27,262.15,37.86M,-0.06%
12/29/2022,266.3,262.82,267.26,262.11,45.89M,2.44%
12/28/2022,259.96,263.03,265.33,259.59,47.14M,-1.32%
12/27/2022,263.44,266.6,266.71,262.89,38.01M,-1.41%
12/23/2022,267.22,265.33,267.9,263.39,39.37M,0.22%
12/22/2022,266.62,270.24,270.37,262.32,60.28M,-2.45%
12/21/2022,273.31,270.46,274.64,269.6,46.39M,1.45%
12/20/2022,269.4,268.42,271.18,266.81,51.06M,-0.08%
12/19/2022,269.61,273.73,273.82,268.35,44.17M,-1.64%
12/16/2022,274.11,276.05,277.62,272.47,68.30M,-0.95%
12/15/2022,276.74,282.18,282.86,275.53,60.55M,-3.36%
12/14/2022,286.36,287.9,291.26,283.04,64.98M,-0.74%
12/13/2022,288.5,296.49,296.72,285.76,80.67M,1.08%
12/12/2022,285.43,282.07,285.49,281.01,35.73M,1.26%
12/9/2022,281.89,282.66,285.49,281.44,47.86M,-0.64%
12/8/2022,283.7,281.76,284.69,279.64,42.59M,1.18%
12/7/2022,280.38,280.32,282.42,278.63,45.61M,-0.41%
12/6/2022,281.53,287.33,287.47,280.11,53.94M,-2.07%
12/5/2022,287.49,290.23,291.53,286.0,41.48M,-1.68%
12/2/2022,292.4,288.39,293.3,288.21,53.58M,-0.40%
12/1/2022,293.57,293.54,295.59,290.73,51.55M,0.12%
11/30/2022,293.21,280.69,293.32,279.82,74.72M,4.56%
11/29/2022,280.42,282.79,283.2,279.02,35.62M,-0.76%
11/28/2022,282.56,284.75,286.81,281.61,38.88M,-1.47%
11/25/2022,286.77,287.04,287.76,286.27,15.50M,-0.66%
11/23/2022,288.67,285.82,289.31,285.64,46.39M,1.00%
11/22/2022,285.8,282.49,285.96,280.31,41.87M,1.44%
11/21/2022,281.74,283.25,284.43,280.89,40.08M,-1.03%
11/18/2022,284.67,287.74,287.84,282.17,53.59M,0.00%
11/17/2022,284.66,280.73,286.17,280.57,55.46M,-0.22%
11/16/2022,285.29,287.24,289.33,284.45,48.86M,-1.36%
11/15/2022,289.24,292.06,293.11,285.82,73.99M,1.38%
11/14/2022,285.29,285.71,289.06,284.29,55.08M,-0.88%
11/11/2022,287.81,282.41,288.49,281.04,66.96M,1.84%
11/10/2022,282.6,275.87,282.9,273.71,99.26M,7.38%
11/9/2022,263.18,267.62,268.42,262.89,64.86M,-2.31%
11/8/2022,269.4,269.0,272.71,265.38,63.21M,0.73%
11/7/2022,267.45,265.61,268.0,263.43,47.33M,1.10%
11/4/2022,264.54,265.39,266.47,258.94,78.31M,1.61%
11/3/2022,260.35,262.87,264.36,259.96,70.04M,-1.95%
11/2/2022,265.54,274.94,278.06,265.47,79.80M,-3.43%
11/1/2022,274.97,281.35,281.92,274.6,45.90M,-1.02%
10/31/2022,277.8,278.77,279.61,275.85,47.74M,-1.16%
10/28/2022,281.07,272.09,281.55,271.92,62.65M,3.06%
10/27/2022,272.73,276.64,278.13,272.2,57.76M,-1.82%
10/26/2022,277.78,278.31,283.83,277.28,63.90M,-2.21%
10/25/2022,284.06,279.26,284.45,277.75,59.01M,2.07%
10/24/2022,278.3,275.55,279.25,271.83,63.96M,1.10%
10/21/2022,275.28,267.84,275.82,266.68,77.90M,2.34%
10/20/2022,268.97,269.44,274.7,267.78,60.61M,-0.51%
10/19/2022,270.35,269.79,273.54,267.93,53.12M,-0.36%
10/18/2022,271.34,276.38,277.06,268.6,69.78M,0.79%
10/17/2022,269.21,266.7,270.1,266.6,64.58M,3.30%
10/14/2022,260.6,271.06,271.67,260.0,77.24M,-3.01%
10/13/2022,268.68,255.03,270.03,254.13,112.89M,2.35%
10/12/2022,262.52,263.26,265.22,261.81,50.58M,-0.03%
10/11/2022,262.61,264.56,267.49,260.89,66.52M,-1.37%
10/10/2022,266.27,269.16,269.56,263.5,60.39M,-1.00%
10/7/2022,268.96,274.88,275.01,267.6,71.35M,-3.81%
10/6/2022,279.61,280.81,284.03,279.28,53.49M,-0.79%
10/5/2022,281.83,278.13,283.66,275.28,55.77M,-0.05%
10/4/2022,281.98,278.84,282.7,278.84,66.70M,3.14%
10/3/2022,273.39,268.93,275.02,267.39,61.27M,2.35%
9/30/2022,267.12,270.89,275.05,266.96,78.48M,-1.70%
9/29/2022,271.73,275.72,276.11,268.7,81.22M,-2.88%
9/28/2022,279.79,274.32,281.1,272.8,79.65M,1.99%
9/27/2022,274.34,277.66,280.06,271.97,69.78M,0.04%
9/26/2022,274.23,274.89,279.34,273.42,71.18M,-0.41%
9/23/2022,275.37,277.4,277.7,271.88,74.82M,-1.63%
9/22/2022,279.92,281.85,282.88,278.67,62.76M,-1.23%
9/21/2022,283.41,289.44,293.8,283.27,82.93M,-1.79%
9/20/2022,288.58,288.34,290.92,286.23,51.27M,-0.80%
9/19/2022,290.9,285.95,291.06,285.89,52.61M,0.60%
9/16/2022,289.17,287.57,289.57,285.47,79.92M,-0.61%
9/15/2022,290.95,293.92,296.37,289.31,65.30M,-1.67%
9/14/2022,295.87,294.71,296.77,292.91,54.91M,0.79%
9/13/2022,293.55,301.64,302.86,292.63,79.56M,-5.48%
9/12/2022,310.58,308.34,310.92,308.02,45.91M,1.19%
9/9/2022,306.93,302.67,307.44,300.36,56.13M,2.19%
9/8/2022,300.36,296.69,301.71,295.29,55.65M,0.52%
9/7/2022,298.81,293.39,299.83,293.12,49.26M,2.02%
9/6/2022,292.9,295.5,296.44,290.72,57.01M,-0.72%
9/2/2022,295.02,302.18,303.59,293.37,64.67M,-1.41%
9/1/2022,299.24,296.56,299.62,292.8,57.99M,0.04%
8/31/2022,299.11,303.83,304.75,299.0,50.04M,-0.58%
8/30/2022,300.86,305.94,306.57,298.28,51.18M,-1.11%
8/29/2022,304.25,304.46,307.06,303.12,48.32M,-0.99%
8/26/2022,307.28,320.11,321.34,307.19,69.05M,-4.10%
8/25/2022,320.41,316.66,320.43,315.59,38.10M,1.77%
8/24/2022,314.84,313.45,316.7,312.83,38.06M,0.29%
8/23/2022,313.94,313.96,316.83,313.17,39.50M,-0.08%
8/22/2022,314.2,318.33,318.57,313.37,51.10M,-2.63%
8/19/2022,322.69,326.0,326.67,321.91,51.77M,-1.95%
8/18/2022,329.11,328.27,330.32,326.62,41.94M,0.24%
8/17/2022,328.32,328.9,331.26,326.19,47.84M,-1.14%
8/16/2022,332.11,331.88,334.25,328.99,41.19M,-0.23%
8/15/2022,332.89,329.25,333.39,329.23,38.27M,0.81%
8/12/2022,330.22,326.0,330.41,324.93,40.93M,1.95%
8/11/2022,323.91,328.13,330.19,323.19,45.90M,-0.57%
8/10/2022,325.76,324.42,326.06,321.89,51.46M,2.79%
8/9/2022,316.91,318.6,318.86,315.25,39.76M,-1.13%
8/8/2022,320.54,322.52,326.3,319.04,44.07M,-0.32%
8/5/2022,321.58,319.02,323.66,318.22,53.89M,-0.82%
8/4/2022,324.23,322.8,324.55,320.6,38.97M,0.47%
8/3/2022,322.72,315.88,323.56,315.82,53.74M,2.72%
8/2/2022,314.16,312.76,318.38,311.68,48.68M,-0.30%
8/1/2022,315.1,313.49,318.64,312.37,46.36M,-0.06%
7/29/2022,315.29,311.22,316.22,309.77,57.50M,1.82%
7/28/2022,309.65,306.43,310.23,302.59,55.14M,0.98%
7/27/2022,306.65,298.88,308.38,298.3,69.30M,4.22%
7/26/2022,294.22,298.37,298.63,293.39,50.07M,-1.96%
7/25/2022,300.11,301.86,302.34,298.06,40.58M,-0.57%
7/22/2022,301.83,306.27,308.39,299.96,57.13M,-1.75%
7/21/2022,307.22,303.34,307.27,300.62,55.05M,1.44%
7/20/2022,302.87,298.57,304.08,297.78,67.77M,1.59%
7/19/2022,298.14,292.96,298.44,291.32,55.17M,3.07%
7/18/2022,289.25,294.57,296.0,288.05,59.52M,-0.85%
7/15/2022,291.72,289.58,291.83,287.93,63.82M,1.81%
7/14/2022,286.52,282.84,287.41,279.65,63.74M,0.36%
7/13/2022,285.5,280.45,287.9,279.87,73.94M,-0.21%
7/12/2022,286.09,290.17,292.13,284.46,55.80M,-0.97%
7/11/2022,288.89,292.73,292.96,287.99,55.27M,-2.13%
7/8/2022,295.19,291.93,296.59,290.97,59.90M,0.12%
7/7/2022,294.83,289.48,295.54,289.48,56.62M,2.14%
7/6/2022,288.65,287.2,290.8,285.44,63.19M,0.64%
7/5/2022,286.81,278.16,286.93,276.6,61.83M,1.71%
7/1/2022,281.98,278.8,282.38,276.88,56.68M,0.66%
6/30/2022,280.13,280.6,283.8,275.64,79.31M,-1.24%
6/29/2022,283.65,283.25,285.19,280.69,57.30M,0.09%
6/28/2022,283.39,292.85,295.49,283.2,61.87M,-3.05%
6/27/2022,292.3,295.84,296.42,291.14,54.15M,-0.73%
6/24/2022,294.46,287.59,294.89,287.35,58.42M,3.43%
6/23/2022,284.7,283.06,285.57,280.16,57.46M,1.49%
6/22/2022,280.52,278.37,285.03,277.76,67.47M,-0.15%
6/21/2022,280.93,278.6,283.3,278.49,51.63M,2.32%
6/17/2022,274.55,272.04,277.04,270.37,82.70M,1.22%
6/16/2022,271.25,275.45,275.92,269.14,81.91M,-4.03%
6/15/2022,282.65,279.27,286.68,276.46,86.05M,2.49%
6/14/2022,275.77,277.51,278.51,273.19,64.70M,0.18%
6/13/2022,275.27,279.6,282.19,274.39,94.44M,-4.65%
6/10/2022,288.69,293.5,294.72,288.23,85.96M,-3.53%
6/9/2022,299.24,305.75,308.89,299.07,55.90M,-2.68%
6/8/2022,307.48,308.89,311.56,306.61,38.34M,-0.72%
6/7/2022,309.71,303.65,310.51,302.53,44.90M,0.86%
6/6/2022,307.06,310.59,312.19,305.46,51.79M,0.33%
6/3/2022,306.04,308.87,310.31,304.76,60.91M,-2.60%
6/2/2022,314.21,304.69,314.39,303.24,59.29M,2.74%
6/1/2022,305.84,310.31,312.49,303.57,65.34M,-0.74%
5/31/2022,308.12,308.91,311.17,304.17,60.97M,-0.27%
5/27/2022,308.94,302.38,309.09,302.26,66.99M,3.27%
5/26/2022,299.17,290.29,300.76,290.0,59.46M,2.77%
5/25/2022,291.11,285.56,293.24,285.35,67.14M,1.40%
5/24/2022,287.09,287.97,288.71,282.1,73.49M,-2.13%
5/23/2022,293.33,289.6,293.72,287.14,63.65M,1.66%
5/20/2022,288.53,292.98,293.65,280.06,91.76M,-0.31%
5/19/2022,289.43,289.14,294.24,287.43,79.92M,-0.54%
5/18/2022,290.99,301.38,302.09,289.7,79.48M,-4.91%
5/17/2022,306.01,304.29,306.4,300.39,62.72M,2.59%
5/16/2022,298.28,299.99,302.1,296.97,59.19M,-1.16%
5/13/2022,301.78,295.56,302.84,293.93,83.68M,3.70%
5/12/2022,291.0,287.3,295.59,284.79,120.91M,-0.24%
5/11/2022,291.69,298.28,303.93,290.8,140.33M,-2.96%
5/10/2022,300.6,304.35,305.6,296.41,124.12M,1.22%
5/9/2022,296.99,303.32,309.19,295.56,113.39M,-3.91%
5/6/2022,309.09,310.79,314.92,304.94,139.57M,-1.20%
5/5/2022,312.84,325.0,325.08,309.46,154.61M,-5.04%
5/4/2022,329.43,319.14,330.12,313.73,116.08M,3.38%
5/3/2022,318.65,318.33,321.0,315.81,78.19M,0.11%
5/2/2022,318.31,312.67,318.55,309.48,115.51M,1.67%
4/29/2022,313.09,323.53,327.05,312.44,91.98M,-4.50%
4/28/2022,327.84,321.68,329.72,317.35,99.45M,3.55%
4/27/2022,316.59,317.07,322.71,314.83,111.20M,-0.12%
4/26/2022,316.97,327.3,327.49,316.69,105.82M,-3.78%
4/25/2022,329.41,323.56,329.73,322.26,101.76M,1.29%
4/22/2022,325.23,334.13,335.38,324.79,82.56M,-2.62%
4/21/2022,333.97,345.01,347.69,333.03,75.80M,-2.07%
4/20/2022,341.03,346.91,347.38,339.78,65.50M,-1.46%
4/19/2022,346.08,337.85,346.67,336.8,56.52M,2.24%
4/18/2022,338.51,337.17,340.86,335.61,58.56M,0.08%
4/14/2022,338.25,346.26,346.79,338.03,73.52M,-2.29%
4/13/2022,346.17,339.62,347.25,338.88,61.37M,2.03%
4/12/2022,339.27,345.58,347.51,337.86,72.79M,-0.42%
4/11/2022,340.71,344.63,345.57,340.36,66.11M,-2.37%
4/8/2022,348.97,352.14,352.9,348.32,61.96M,-1.40%
4/7/2022,353.91,352.06,356.16,348.51,63.78M,0.24%
4/6/2022,353.07,355.46,356.59,350.38,90.08M,-2.17%
4/5/2022,360.91,367.62,368.35,359.74,62.74M,-2.22%
4/4/2022,369.11,362.52,369.12,362.25,45.95M,2.06%
4/1/2022,361.66,362.62,363.42,358.4,54.53M,-0.19%
3/31/2022,362.35,367.05,367.41,361.49,67.01M,-1.24%
3/30/2022,366.9,369.08,370.79,365.38,68.76M,-1.11%
3/29/2022,371.0,368.71,371.63,365.87,68.07M,1.72%
3/28/2022,364.72,359.15,364.82,357.88,56.83M,1.55%
3/25/2022,359.16,359.4,360.48,354.76,57.58M,-0.08%
3/24/2022,359.46,353.61,359.51,351.41,53.56M,2.22%
3/23/2022,351.65,353.82,357.47,351.59,70.62M,-1.44%
3/22/2022,356.77,350.41,357.66,350.02,63.35M,1.96%
3/21/2022,349.9,350.02,352.29,345.39,73.80M,-0.40%
3/18/2022,351.31,342.56,351.61,341.37,85.45M,2.05%
3/17/2022,344.26,338.19,344.32,336.86,67.81M,1.21%
3/16/2022,340.14,332.0,340.26,328.23,105.24M,3.71%
3/15/2022,327.98,320.71,328.78,319.06,76.47M,3.14%
3/14/2022,318.0,322.96,326.42,317.28,79.80M,-1.92%
3/11/2022,324.23,334.14,334.46,323.73,66.23M,-2.07%
3/10/2022,331.1,330.65,332.34,326.54,69.36M,-1.11%
3/9/2022,334.81,331.58,336.2,328.92,64.72M,3.60%
3/8/2022,323.18,323.88,333.04,319.77,116.15M,-0.47%
3/7/2022,324.69,337.11,338.3,324.48,89.93M,-3.69%
3/4/2022,337.12,339.66,341.13,334.74,77.01M,-1.45%
3/3/2022,342.08,349.75,349.86,340.17,71.09M,-1.43%
3/2/2022,347.04,342.9,348.41,340.06,70.61M,1.68%
3/1/2022,341.31,345.57,347.9,338.72,67.41M,-1.53%
2/28/2022,346.62,342.33,348.36,341.14,77.52M,0.30%
2/25/2022,345.59,341.13,345.8,337.21,78.84M,1.55%
2/24/2022,340.31,318.67,340.86,318.09,130.61M,3.36%
2/23/2022,329.25,341.14,342.0,328.93,86.22M,-2.56%
2/22/2022,337.9,338.31,343.86,334.17,85.97M,-1.00%
2/18/2022,341.33,346.23,346.63,338.96,80.00M,-1.14%
2/17/2022,345.27,352.55,353.27,344.84,61.80M,-2.97%
2/16/2022,355.85,353.63,356.9,350.53,58.95M,-0.03%
2/15/2022,355.94,352.72,356.18,351.64,55.39M,2.48%
2/14/2022,347.31,346.31,350.8,343.71,80.25M,0.12%
2/11/2022,346.88,358.24,359.88,345.62,101.57M,-3.17%
2/10/2022,358.24,359.33,366.3,356.35,112.47M,-2.26%
2/9/2022,366.54,363.57,366.62,361.93,55.77M,2.12%
2/8/2022,358.93,353.77,360.05,352.61,64.72M,1.12%
2/7/2022,354.94,358.43,360.86,353.65,58.20M,-0.80%
2/4/2022,357.82,353.89,361.21,351.79,86.32M,1.26%
2/3/2022,353.36,358.34,361.74,352.27,95.38M,-4.06%
2/2/2022,368.3,369.57,369.91,364.09,78.78M,0.81%
2/1/2022,365.33,364.24,366.0,358.95,74.43M,0.68%
1/31/2022,362.86,353.01,363.46,351.34,94.33M,3.20%
1/28/2022,351.62,342.85,351.84,337.77,108.17M,3.14%
1/27/2022,340.92,349.22,351.09,339.87,95.26M,-1.01%
1/26/2022,344.39,352.72,356.69,340.6,146.56M,-0.16%
1/25/2022,344.93,346.49,350.85,341.5,124.40M,-2.32%
1/24/2022,353.11,345.72,353.79,333.97,199.45M,0.46%
1/21/2022,351.51,359.28,361.99,351.22,143.39M,-2.77%
1/20/2022,361.53,369.6,373.67,360.98,88.61M,-1.30%
1/19/2022,366.29,371.95,374.49,366.02,81.79M,-1.10%
1/18/2022,370.36,373.84,376.02,369.58,75.81M,-2.49%
1/14/2022,379.81,374.87,380.15,374.66,80.12M,0.62%
1/13/2022,377.46,388.57,389.27,376.5,77.99M,-2.50%
1/12/2022,387.15,388.26,390.0,384.81,54.58M,0.40%
1/11/2022,385.62,379.16,385.79,377.02,68.30M,1.50%
1/10/2022,379.91,374.62,380.44,369.12,91.77M,0.07%
1/7/2022,379.66,383.83,385.56,377.84,72.65M,-1.08%
1/6/2022,383.82,382.22,387.15,379.93,70.81M,-0.07%
1/5/2022,384.09,394.53,395.68,383.83,75.74M,-3.07%
1/4/2022,396.26,402.03,402.07,393.08,58.03M,-1.30%
1/3/2022,401.47,398.84,401.73,396.67,40.58M,0.96%
12/31/2021,397.64,399.45,400.85,397.13,34.75M,-0.62%
12/30/2021,400.14,401.12,403.36,399.54,23.85M,-0.30%
12/29/2021,401.34,401.54,402.84,398.9,32.25M,-0.01%
12/28/2021,401.4,404.19,404.37,400.5,33.11M,-0.46%
12/27/2021,403.27,398.04,403.27,398.01,32.82M,1.65%
12/23/2021,396.71,394.1,398.22,393.93,29.60M,0.75%
12/22/2021,393.74,388.71,393.95,388.03,37.04M,1.22%
12/21/2021,389.01,383.85,389.33,380.0,48.90M,2.24%
12/20/2021,380.49,379.37,381.3,377.27,65.34M,-1.10%
12/17/2021,384.71,383.13,388.99,381.57,81.64M,-0.50%
12/16/2021,386.64,397.83,398.27,385.01,82.59M,-2.57%
12/15/2021,396.84,387.74,397.21,383.68,73.86M,2.28%
12/14/2021,388.0,387.1,389.89,383.43,75.20M,-1.03%
12/13/2021,392.05,397.79,398.12,391.67,50.17M,-1.45%
12/10/2021,397.8,396.41,398.07,393.15,52.55M,1.09%
12/9/2021,393.52,398.14,399.99,393.32,49.97M,-1.47%
12/8/2021,399.4,397.96,399.61,396.01,39.20M,0.45%
12/7/2021,397.62,392.82,398.25,392.78,56.01M,3.01%
12/6/2021,386.0,383.43,387.4,379.1,67.59M,0.80%
12/3/2021,382.93,391.1,392.13,378.7,105.35M,-1.74%
12/2/2021,389.71,385.6,391.53,384.14,84.42M,0.72%
12/1/2021,386.92,398.07,400.27,386.44,78.38M,-1.70%
11/30/2021,393.61,398.57,400.98,391.54,81.33M,-1.47%
11/29/2021,399.48,395.68,400.52,394.93,54.45M,2.17%
11/26/2021,390.99,395.9,397.33,389.57,51.53M,-1.90%
11/24/2021,398.55,394.72,398.84,392.33,46.95M,0.32%
11/23/2021,397.27,397.9,400.02,392.71,70.10M,-0.46%
11/22/2021,399.09,405.36,408.5,398.98,61.72M,-1.16%
11/19/2021,403.78,403.22,405.09,402.37,45.19M,0.56%
11/18/2021,401.54,399.52,402.06,397.24,45.72M,1.04%
11/17/2021,397.42,397.54,399.51,396.43,28.70M,0.05%
11/16/2021,397.21,393.65,397.72,393.45,27.87M,0.71%
11/15/2021,394.4,395.7,396.03,391.89,33.72M,-0.02%
11/12/2021,394.49,391.56,395.04,389.93,34.73M,1.05%
11/11/2021,390.38,392.36,392.54,390.04,32.24M,0.27%
11/10/2021,389.31,392.26,395.15,387.33,54.94M,-1.47%
11/9/2021,395.11,398.95,399.36,393.71,50.49M,-0.69%
11/8/2021,397.85,398.36,399.41,397.19,29.26M,-0.14%
11/5/2021,398.39,399.83,400.78,396.95,43.38M,0.10%
11/4/2021,398.01,394.27,398.99,393.71,40.27M,1.28%
11/3/2021,392.97,389.35,393.4,388.28,33.75M,1.06%
11/2/2021,388.85,386.6,389.34,386.55,25.14M,0.42%
11/1/2021,387.23,386.36,387.36,384.22,30.77M,0.34%
10/29/2021,385.91,380.86,386.08,380.5,37.31M,0.49%
10/28/2021,384.02,381.75,384.28,380.95,38.01M,1.11%
10/27/2021,379.8,379.38,382.95,379.11,45.76M,0.23%
10/26/2021,378.92,380.03,382.51,377.71,47.19M,0.32%
10/25/2021,377.73,375.36,378.67,373.36,32.60M,1.02%
10/22/2021,373.9,375.78,376.77,372.19,36.28M,-0.84%
10/21/2021,377.07,373.96,377.27,373.65,25.47M,0.61%
10/20/2021,374.78,375.74,376.37,373.26,31.39M,-0.13%
10/19/2021,375.27,373.55,375.32,372.5,29.09M,0.76%
10/18/2021,372.45,367.42,372.67,366.8,34.51M,1.00%
10/15/2021,368.75,367.69,368.87,366.63,40.42M,0.63%
10/14/2021,366.44,363.5,366.66,362.82,43.43M,1.84%
10/13/2021,359.81,359.32,360.5,357.24,40.12M,0.80%
10/12/2021,356.95,359.69,360.14,356.29,43.91M,-0.35%
10/11/2021,358.2,359.39,363.01,358.11,34.85M,-0.77%
10/8/2021,360.97,363.89,364.13,360.42,41.82M,-0.50%
10/7/2021,362.78,362.61,365.5,362.06,39.41M,0.92%
10/6/2021,359.48,353.89,359.76,352.96,56.81M,0.64%
10/5/2021,357.19,353.52,359.5,353.29,47.23M,1.35%
10/4/2021,352.43,358.33,358.67,350.14,76.77M,-2.10%
10/1/2021,359.99,358.41,361.06,354.19,56.38M,0.62%
9/30/2021,357.77,360.78,362.49,356.91,61.38M,-0.37%
9/29/2021,359.09,360.98,363.18,358.45,58.08M,-0.16%
9/28/2021,359.68,365.48,370.11,359.16,97.70M,-2.83%
9/27/2021,370.16,370.01,371.06,367.54,43.34M,-0.80%
9/24/2021,373.13,370.46,373.56,370.08,36.06M,0.09%
9/23/2021,372.78,370.57,373.84,369.9,44.65M,0.92%
9/22/2021,369.38,366.9,370.88,365.77,46.97M,0.93%
9/21/2021,365.96,367.39,368.62,364.8,41.93M,0.12%
9/20/2021,365.51,367.27,369.06,360.74,76.20M,-2.17%
9/17/2021,373.63,377.62,377.67,372.56,60.91M,-1.18%
9/16/2021,378.11,376.48,378.7,374.5,35.19M,0.07%
9/15/2021,377.85,375.53,378.21,373.17,34.10M,0.74%
9/14/2021,375.06,377.66,378.41,374.08,41.83M,-0.28%
9/13/2021,376.13,378.79,379.23,374.02,48.74M,-0.07%
9/10/2021,376.39,381.03,381.77,376.05,40.25M,-0.76%
9/9/2021,379.27,380.81,381.95,379.02,29.40M,-0.34%
9/8/2021,380.58,381.73,381.73,378.25,32.95M,-0.35%
9/7/2021,381.91,381.48,382.58,380.29,23.97M,0.14%
9/3/2021,381.37,379.02,381.78,379.0,24.62M,0.31%
9/2/2021,380.2,381.77,382.11,378.95,25.50M,-0.05%
9/1/2021,380.38,380.84,382.51,380.17,28.14M,0.17%
8/31/2021,379.75,380.31,380.38,378.16,29.63M,-0.08%
8/30/2021,380.06,376.65,380.56,376.63,27.30M,1.12%
8/27/2021,375.84,372.87,376.36,372.37,27.10M,0.97%
8/26/2021,372.22,373.72,374.42,371.77,29.13M,-0.64%
8/25/2021,374.6,374.43,375.19,373.66,20.44M,0.11%
8/24/2021,374.17,373.64,374.79,373.16,21.73M,0.31%
8/23/2021,373.03,368.61,373.74,368.6,34.03M,1.49%
8/20/2021,367.54,364.87,367.95,364.55,39.49M,1.04%
8/19/2021,363.77,360.03,365.49,359.77,48.50M,0.48%
8/18/2021,362.02,364.99,366.43,361.68,38.54M,-0.96%
8/17/2021,365.54,365.96,366.96,363.04,44.79M,-0.88%
8/16/2021,368.79,367.48,368.83,363.51,35.04M,0.04%
8/13/2021,368.63,367.7,368.97,367.19,19.34M,0.35%
8/12/2021,367.34,365.5,367.71,364.1,26.00M,0.36%
8/11/2021,366.02,367.95,368.46,364.65,34.25M,-0.17%
8/10/2021,366.65,369.07,369.37,365.43,35.13M,-0.51%
8/9/2021,368.54,368.33,369.08,367.2,25.96M,0.18%
8/6/2021,367.86,368.18,369.18,366.71,33.33M,-0.44%
8/5/2021,369.48,367.99,369.72,367.26,21.44M,0.63%
8/4/2021,367.15,366.58,368.13,365.44,29.60M,0.14%
8/3/2021,366.62,365.09,366.74,361.81,35.56M,0.61%
8/2/2021,364.41,366.09,366.69,363.68,27.33M,0.01%
7/30/2021,364.38,362.25,364.98,362.22,36.48M,-0.52%
7/29/2021,366.29,365.06,367.49,365.06,25.67M,0.18%
7/28/2021,365.64,365.41,367.26,363.05,42.07M,0.38%
7/27/2021,364.24,368.03,368.03,359.97,57.93M,-1.10%
7/26/2021,368.3,367.3,368.7,366.41,28.44M,0.08%
7/23/2021,368.01,365.12,368.29,363.72,31.96M,1.17%
7/22/2021,363.76,361.58,363.77,361.58,30.25M,0.66%
7/21/2021,361.37,358.16,361.37,357.93,30.26M,0.77%
7/20/2021,358.6,355.44,360.09,353.61,42.18M,1.16%
7/19/2021,354.48,353.86,354.99,351.86,64.40M,-0.82%
7/16/2021,357.41,361.21,362.22,357.05,47.26M,-0.81%
7/15/2021,360.33,362.79,363.0,358.27,53.39M,-0.70%
7/14/2021,362.88,364.64,365.3,362.03,35.34M,0.18%
7/13/2021,362.23,361.84,365.27,361.35,39.72M,0.00%
7/12/2021,362.23,362.26,362.7,360.64,25.72M,0.39%
7/9/2021,360.82,357.98,361.31,357.38,35.18M,0.62%
7/8/2021,358.58,355.55,359.46,354.23,50.89M,-0.60%
7/7/2021,360.76,362.26,362.57,358.75,35.27M,0.21%
7/6/2021,360.0,359.07,360.29,356.3,38.84M,0.43%
7/2/2021,358.45,356.33,358.78,356.09,32.73M,1.15%
7/1/2021,354.38,353.88,354.9,352.49,29.29M,0.04%
6/30/2021,354.24,354.64,355.04,353.64,32.72M,-0.16%
6/29/2021,354.8,353.34,354.83,352.48,29.43M,0.36%
6/28/2021,353.52,350.6,353.66,350.54,39.13M,1.21%
6/25/2021,349.28,350.29,350.54,348.66,28.68M,-0.12%
6/24/2021,349.71,349.55,351.28,348.99,32.58M,0.62%
6/23/2021,347.56,347.33,348.74,346.7,27.19M,0.05%
6/22/2021,347.39,343.97,347.85,343.66,28.94M,0.93%
6/21/2021,344.18,342.25,344.51,339.97,32.99M,0.51%
6/18/2021,342.45,343.45,344.63,341.68,55.41M,-0.79%
6/17/2021,345.16,339.79,346.2,339.74,59.72M,1.27%
6/16/2021,340.83,342.56,343.66,337.27,55.40M,-0.37%
6/15/2021,342.08,343.97,344.29,341.34,35.96M,-0.65%
6/14/2021,344.33,341.5,344.34,340.28,27.83M,0.96%
6/11/2021,341.06,340.18,341.07,339.51,21.22M,0.26%
6/10/2021,340.17,337.01,340.28,336.55,33.70M,1.04%
6/9/2021,336.66,337.99,338.79,336.47,21.49M,0.02%
6/8/2021,336.58,338.22,339.11,334.85,27.28M,0.05%
6/7/2021,336.42,334.87,336.48,334.16,32.61M,0.30%
6/4/2021,335.42,331.68,335.88,331.61,38.74M,1.69%
6/3/2021,329.83,330.38,331.69,328.11,37.06M,-1.04%
6/2/2021,333.29,333.08,334.16,331.52,22.05M,0.19%
6/1/2021,332.65,335.12,335.61,331.26,31.15M,-0.33%
5/28/2021,333.75,333.94,335.39,333.42,29.93M,0.31%
5/27/2021,332.71,333.49,334.36,332.5,27.93M,-0.37%
5/26/2021,333.95,333.48,334.43,332.78,25.44M,0.35%
5/25/2021,332.8,333.89,334.63,331.58,31.28M,0.14%
5/24/2021,332.34,329.2,333.49,326.73,32.48M,1.68%
5/21/2021,326.84,330.26,330.69,326.47,50.33M,-0.55%
5/20/2021,328.66,323.95,329.54,323.72,46.47M,1.94%
5/19/2021,322.42,316.49,322.73,316.13,66.32M,0.11%
5/18/2021,322.05,325.22,326.48,321.77,36.53M,-0.68%
5/17/2021,324.24,324.46,326.2,321.28,39.39M,-0.61%
5/14/2021,326.22,322.43,327.16,321.91,44.37M,2.21%
5/13/2021,319.17,319.75,322.23,316.73,69.88M,0.77%
5/12/2021,316.72,320.06,322.45,315.83,91.16M,-2.59%
5/11/2021,325.14,319.53,325.96,318.85,71.96M,-0.14%
5/10/2021,325.59,332.61,332.79,325.38,60.70M,-2.52%
5/7/2021,334.02,334.19,336.47,331.52,53.32M,0.81%
5/6/2021,331.34,328.59,331.5,326.28,46.81M,0.75%
5/5/2021,328.86,332.08,332.97,328.06,46.22M,-0.34%
5/4/2021,329.97,333.38,333.71,326.04,65.15M,-1.80%
5/3/2021,336.01,339.05,339.82,335.55,29.73M,-0.53%
4/30/2021,337.81,337.52,340.08,336.87,38.26M,-0.66%
4/29/2021,340.04,342.19,342.62,336.72,37.71M,0.36%
4/28/2021,338.82,339.63,340.67,338.15,33.62M,-0.34%
4/27/2021,339.97,341.75,341.97,338.99,33.19M,-0.43%
4/26/2021,341.45,339.49,341.74,338.72,30.81M,0.65%
4/23/2021,339.24,335.67,340.59,335.67,36.41M,1.26%
4/22/2021,335.02,338.71,339.72,333.83,45.94M,-1.21%
4/21/2021,339.11,334.91,339.3,333.79,36.60M,0.86%
4/20/2021,336.23,338.02,339.34,334.21,38.08M,-0.73%
4/19/2021,338.7,340.21,341.4,336.72,34.53M,-0.92%
4/16/2021,341.83,341.97,342.05,339.9,40.86M,0.12%
4/15/2021,341.43,339.29,341.83,336.04,36.34M,1.52%
4/14/2021,336.33,340.67,340.8,335.49,42.56M,-1.20%
4/13/2021,340.42,338.06,340.9,337.84,30.37M,1.17%
4/12/2021,336.49,335.86,336.92,334.55,25.83M,-0.13%
4/9/2021,336.93,333.5,337.14,332.75,36.66M,0.61%
4/8/2021,334.9,334.38,335.09,333.56,29.94M,1.04%
4/7/2021,331.45,330.16,332.31,329.2,32.05M,0.24%
4/6/2021,330.65,330.56,332.66,329.85,33.54M,-0.07%
4/5/2021,330.88,326.96,331.67,324.47,42.17M,2.00%
4/1/2021,324.4,322.9,324.54,322.64,55.69M,1.71%
3/31/2021,318.96,315.99,320.57,315.64,55.03M,1.53%
3/30/2021,314.15,313.73,314.74,311.38,44.64M,-0.50%
3/29/2021,315.74,315.28,316.82,312.31,54.61M,-0.03%
3/26/2021,315.83,310.95,316.16,309.51,63.52M,1.50%
3/25/2021,311.17,309.81,312.72,307.23,78.73M,-0.17%
3/24/2021,311.71,318.46,318.5,311.56,64.80M,-1.68%
3/23/2021,317.05,319.56,320.92,316.21,53.46M,-0.44%
3/22/2021,318.44,315.04,320.57,315.04,56.19M,1.74%
3/19/2021,312.98,311.71,314.56,309.5,78.45M,0.35%
3/18/2021,311.88,316.7,317.71,311.41,82.94M,-3.06%
3/17/2021,321.73,317.28,323.68,315.51,78.26M,0.41%
3/16/2021,320.41,320.92,324.03,318.93,54.93M,0.55%
3/15/2021,318.66,315.62,318.83,313.93,43.12M,1.07%
3/12/2021,315.29,313.7,318.06,311.23,69.32M,-0.81%
3/11/2021,317.87,315.6,319.69,314.68,53.48M,2.30%
3/10/2021,310.72,315.99,316.3,310.01,76.80M,-0.29%
3/9/2021,311.61,307.31,313.57,306.76,80.39M,3.95%
3/8/2021,299.78,307.96,309.9,299.35,88.41M,-2.83%
3/5/2021,308.52,306.63,309.45,297.29,121.52M,1.51%
3/4/2021,303.94,308.62,311.88,299.95,139.13M,-1.64%
3/3/2021,309.0,317.1,318.07,308.94,86.30M,-2.90%
3/2/2021,318.23,324.08,324.16,317.97,48.37M,-1.60%
3/1/2021,323.42,319.1,323.77,317.77,49.16M,3.01%
2/26/2021,313.98,315.68,318.94,310.72,104.74M,0.42%
2/25/2021,312.67,321.22,323.86,311.08,110.18M,-3.48%
2/24/2021,323.96,318.57,324.28,315.79,58.21M,0.82%
2/23/2021,321.31,316.83,323.03,310.84,97.24M,-0.30%
2/22/2021,322.27,326.33,327.63,322.06,47.26M,-2.59%
2/19/2021,330.85,333.68,333.81,329.8,39.16M,-0.44%
2/18/2021,332.3,330.06,333.69,328.19,32.24M,-0.43%
2/17/2021,333.75,332.3,335.48,330.0,31.47M,-0.48%
2/16/2021,335.36,337.09,338.01,334.16,27.08M,-0.27%
2/12/2021,336.27,333.53,336.44,332.46,20.35M,0.56%
2/11/2021,334.4,334.15,334.82,331.95,22.05M,0.55%
2/10/2021,332.58,334.81,335.28,329.33,28.07M,-0.23%
2/9/2021,333.33,332.45,334.63,332.44,17.60M,-0.02%
2/8/2021,333.4,332.93,333.56,331.24,20.46M,0.67%
2/5/2021,331.19,331.05,332.23,329.36,22.73M,0.34%
2/4/2021,330.07,327.65,330.16,326.29,22.35M,1.18%
2/3/2021,326.21,329.65,330.02,326.15,24.82M,-0.40%
2/2/2021,327.51,325.31,328.7,325.14,33.93M,1.63%
2/1/2021,322.25,317.94,323.37,315.85,35.65M,2.50%
1/29/2021,314.39,319.41,320.55,312.6,55.26M,-2.10%
1/28/2021,321.15,320.5,326.25,319.86,42.84M,0.59%
1/27/2021,319.26,326.09,326.1,317.19,55.26M,-2.79%
1/26/2021,328.42,328.68,329.59,327.05,25.50M,0.15%
1/25/2021,327.94,328.74,330.15,321.24,39.08M,0.83%
1/22/2021,325.25,325.12,326.29,324.54,21.61M,-0.29%
1/21/2021,326.19,324.98,326.96,323.56,25.32M,0.80%
1/20/2021,323.6,319.97,324.57,316.34,30.73M,2.33%
1/19/2021,316.24,314.09,316.76,312.96,24.54M,1.46%
1/15/2021,311.7,313.97,314.95,310.42,35.12M,-0.79%
1/14/2021,314.18,316.33,317.36,313.7,23.50M,-0.54%
1/13/2021,315.87,314.03,316.69,313.41,22.90M,0.67%
1/12/2021,313.76,314.29,315.41,311.04,29.27M,-0.16%
1/11/2021,314.25,315.81,317.02,313.59,32.87M,-1.45%
1/8/2021,318.86,317.17,319.22,314.92,33.96M,1.29%
1/7/2021,314.81,310.12,315.67,310.09,30.39M,2.42%
1/6/2021,307.38,306.84,311.72,305.82,52.81M,-1.39%
1/5/2021,311.7,308.13,311.98,308.13,29.32M,0.82%
1/4/2021,309.15,314.94,315.12,305.02,45.31M,-1.41%
12/31/2020,313.58,312.71,314.08,311.6,21.61M,0.25%
12/30/2020,312.81,314.0,314.32,312.17,18.14M,0.00%
12/29/2020,312.8,313.89,314.52,311.87,25.87M,0.09%
12/28/2020,312.52,312.09,313.01,310.2,22.50M,1.01%
12/24/2020,309.4,308.31,309.86,308.23,16.78M,0.44%
12/23/2020,308.04,309.65,310.02,307.87,21.20M,-0.50%
12/22/2020,309.6,309.69,310.55,306.68,26.38M,0.27%
12/21/2020,308.76,306.3,309.31,303.44,37.10M,-0.37%
12/18/2020,309.9,311.5,311.82,307.45,41.17M,-0.30%
12/17/2020,310.84,310.47,311.08,309.23,23.73M,0.65%
12/16/2020,308.82,307.54,309.62,306.46,25.46M,0.55%
12/15/2020,307.13,306.21,307.13,303.95,25.79M,1.07%
12/14/2020,303.88,302.92,305.89,302.85,28.80M,0.73%
12/11/2020,301.69,300.65,301.82,298.31,26.76M,-0.22%
12/10/2020,302.36,299.05,303.52,297.93,27.52M,0.40%
12/9/2020,301.15,307.91,308.2,300.05,48.84M,-2.27%
12/8/2020,308.13,306.6,308.44,304.79,18.34M,0.34%
12/7/2020,307.09,305.55,307.47,305.36,20.85M,0.57%
12/4/2020,305.36,304.17,305.51,303.47,19.33M,0.41%
12/3/2020,304.12,303.91,305.72,303.37,22.83M,0.14%
12/2/2020,303.69,302.06,304.04,300.19,23.62M,0.13%
12/1/2020,303.3,301.71,304.98,300.67,27.64M,1.28%
11/30/2020,299.46,299.14,299.81,294.63,27.84M,0.20%
11/27/2020,298.85,298.13,300.01,297.74,17.16M,0.92%
11/25/2020,296.12,295.28,296.78,294.44,23.33M,0.61%
11/24/2020,294.32,291.34,294.83,289.48,24.52M,1.41%
11/23/2020,290.24,291.26,292.6,287.92,26.88M,0.00%
11/20/2020,290.23,292.15,292.91,290.14,25.91M,-0.68%
11/19/2020,292.23,289.33,292.55,288.7,22.72M,0.78%
11/18/2020,289.96,291.55,293.22,289.87,28.07M,-0.74%
11/17/2020,292.12,293.25,293.59,291.46,21.84M,-0.32%
11/16/2020,293.05,290.53,293.36,289.84,30.17M,0.78%
11/13/2020,290.78,289.86,291.42,287.72,24.88M,0.88%
11/12/2020,288.25,290.57,291.92,287.1,34.52M,-0.47%
11/11/2020,289.61,285.77,290.1,283.23,36.10M,2.24%
11/10/2020,283.27,285.11,286.51,280.47,69.02M,-1.79%
11/9/2020,288.44,297.15,298.98,287.97,86.54M,-2.04%
11/6/2020,294.46,293.43,295.2,289.68,40.96M,0.07%
11/5/2020,294.24,293.26,295.23,291.85,52.05M,2.61%
11/4/2020,286.76,283.41,288.62,281.72,75.73M,4.46%
11/3/2020,274.51,271.72,276.67,270.7,43.60M,1.73%
11/2/2020,269.84,271.59,273.38,266.83,39.99M,0.22%
10/30/2020,269.24,274.23,275.1,266.93,65.94M,-2.53%
10/29/2020,276.24,272.9,279.34,272.38,43.25M,1.75%
10/28/2020,271.5,277.98,278.49,271.24,53.41M,-3.90%
10/27/2020,282.51,281.27,283.36,280.05,30.56M,0.78%
10/26/2020,280.32,282.17,285.15,276.61,38.42M,-1.50%
10/23/2020,284.59,284.64,284.76,281.63,24.66M,0.20%
10/22/2020,284.03,284.9,285.83,280.67,32.20M,0.00%
10/21/2020,284.04,284.52,287.17,283.54,29.31M,-0.08%
10/20/2020,284.26,284.41,287.47,282.8,32.20M,0.22%
10/19/2020,283.65,290.34,291.33,282.64,36.76M,-1.63%
10/16/2020,288.36,291.65,293.12,288.0,40.57M,-0.55%
10/15/2020,289.95,287.1,290.56,286.39,42.51M,-0.67%
10/14/2020,291.91,295.16,296.19,290.11,37.18M,-0.84%
10/13/2020,294.37,296.18,296.89,292.96,64.24M,0.00%
10/12/2020,294.38,290.45,297.3,289.32,79.37M,3.09%
10/9/2020,285.56,282.94,285.64,282.56,30.20M,1.53%
10/8/2020,281.26,282.17,282.32,280.16,25.44M,0.53%
10/7/2020,279.77,277.68,280.59,277.13,27.54M,1.73%
10/6/2020,275.02,279.14,281.04,274.11,49.70M,-1.78%
10/5/2020,280.01,276.19,280.34,276.08,28.18M,2.13%
10/2/2020,274.17,275.87,282.09,273.3,75.50M,-2.81%
10/1/2020,282.1,281.64,282.73,279.69,50.02M,1.59%
9/30/2020,277.69,275.95,280.94,275.73,49.38M,0.68%
9/29/2020,275.81,276.57,277.56,275.23,27.18M,-0.45%
9/28/2020,277.05,276.47,277.05,271.53,58.44M,2.07%
9/25/2020,271.42,265.68,272.25,264.16,55.24M,2.33%
9/24/2020,265.25,261.44,268.56,261.08,70.63M,0.47%
9/23/2020,264.02,272.01,272.2,263.11,48.84M,-3.06%
9/22/2020,272.34,269.91,272.94,266.4,41.13M,1.86%
9/21/2020,267.37,262.38,267.51,259.97,57.17M,0.24%
9/18/2020,266.73,271.48,271.95,262.49,86.25M,-1.28%
9/17/2020,270.18,267.38,274.25,266.54,81.57M,-1.56%
9/16/2020,274.47,279.62,280.21,274.11,42.44M,-1.59%
9/15/2020,278.91,278.75,280.3,274.99,41.85M,1.41%
9/14/2020,275.02,274.14,277.07,272.82,38.53M,1.74%
9/11/2020,270.31,274.19,275.08,266.76,71.81M,-0.69%
9/10/2020,272.2,280.82,282.05,270.42,69.67M,-1.99%
9/9/2020,277.73,275.4,279.9,272.86,64.84M,2.94%
9/8/2020,269.81,272.13,278.07,269.52,99.57M,-4.81%
9/4/2020,283.43,285.61,288.78,271.66,123.96M,-1.33%
9/3/2020,287.26,298.04,298.46,284.26,110.08M,-5.07%
9/2/2020,302.6,303.1,303.34,296.73,50.84M,0.95%
9/1/2020,299.76,297.44,299.88,295.63,36.40M,1.71%
8/31/2020,294.73,293.01,296.59,292.47,36.32M,0.80%
8/28/2020,292.38,292.12,293.03,290.78,28.02M,0.51%
8/27/2020,290.9,292.93,293.7,288.55,49.48M,-0.31%
8/26/2020,291.81,286.96,292.07,285.68,42.22M,2.14%
8/25/2020,285.71,282.63,285.91,282.22,34.87M,0.79%
8/24/2020,283.48,284.91,285.85,281.12,36.42M,0.62%
8/21/2020,281.72,279.92,282.19,279.31,34.75M,0.69%
8/20/2020,279.78,275.16,280.28,274.72,27.72M,1.38%
8/19/2020,275.96,277.78,278.87,275.43,32.00M,-0.67%
8/18/2020,277.82,276.26,278.32,274.77,23.53M,0.96%
8/17/2020,275.18,273.77,275.7,272.05,24.80M,1.16%
8/14/2020,272.02,272.87,273.26,270.58,30.80M,-0.12%
8/13/2020,272.34,272.5,274.69,271.37,31.90M,0.23%
8/12/2020,271.72,267.23,272.7,267.23,38.89M,2.52%
8/11/2020,265.05,268.96,270.3,264.49,43.10M,-1.90%
8/10/2020,270.17,271.6,271.84,266.53,35.09M,-0.43%
8/7/2020,271.33,273.9,274.74,269.1,44.97M,-1.15%
8/6/2020,274.5,270.64,274.84,270.05,28.05M,1.33%
8/5/2020,270.91,270.69,271.38,269.82,21.69M,0.25%
8/4/2020,270.24,268.6,270.34,267.95,24.91M,0.37%
8/3/2020,269.24,267.91,270.01,267.73,32.08M,1.35%
7/31/2020,265.65,265.69,265.81,260.71,53.76M,1.79%
7/30/2020,260.99,257.64,261.57,256.42,41.77M,0.52%
7/29/2020,259.63,258.19,260.52,257.77,27.56M,1.15%
7/28/2020,256.68,259.19,259.71,256.38,31.30M,-1.27%
7/27/2020,259.98,257.22,260.38,256.31,36.45M,1.78%
7/24/2020,255.43,253.99,256.8,251.19,54.05M,-0.95%
7/23/2020,257.87,264.41,265.1,256.42,51.36M,-2.61%
7/22/2020,264.79,264.32,265.75,262.41,29.87M,0.35%
7/21/2020,263.86,268.27,268.27,262.99,43.44M,-1.04%
7/20/2020,266.64,259.98,267.29,258.65,40.61M,2.84%
7/17/2020,259.28,259.57,260.17,257.03,35.14M,0.12%
7/16/2020,258.98,257.83,259.64,255.49,47.59M,-0.68%
7/15/2020,260.76,261.54,262.55,257.35,54.52M,0.20%
7/14/2020,260.23,255.94,260.65,252.63,72.23M,0.71%
7/13/2020,258.4,266.73,269.65,257.55,64.11M,-2.06%
7/10/2020,263.83,261.86,264.09,259.12,32.89M,0.68%
7/9/2020,262.04,261.75,262.73,257.49,40.31M,0.84%
7/8/2020,259.85,257.86,259.88,256.37,30.43M,1.31%
7/7/2020,256.48,257.96,260.74,256.17,36.58M,-0.69%
7/6/2020,258.25,255.33,258.79,255.3,34.59M,2.46%
7/2/2020,252.06,252.84,254.14,251.58,31.96M,0.68%
7/1/2020,250.36,247.53,251.39,246.95,34.69M,1.17%
6/30/2020,247.47,242.64,248.03,242.45,38.91M,1.96%
6/29/2020,242.71,239.85,242.72,237.23,34.38M,1.09%
6/26/2020,240.09,245.62,245.83,239.55,52.82M,-2.36%
6/25/2020,245.9,243.78,246.21,241.01,36.94M,0.95%
6/24/2020,243.58,247.86,249.19,242.03,46.03M,-2.06%
6/23/2020,248.71,248.26,251.02,247.69,32.77M,0.85%
6/22/2020,246.61,243.64,246.74,243.25,24.07M,1.02%
6/19/2020,244.11,246.61,246.87,242.32,49.42M,-0.02%
6/18/2020,244.15,243.16,244.4,242.36,30.58M,0.27%
6/17/2020,243.49,244.27,245.37,242.6,34.75M,0.32%
6/16/2020,242.72,243.65,244.26,238.97,48.89M,1.72%
6/15/2020,238.62,232.32,239.32,231.35,45.31M,1.21%
6/12/2020,235.76,238.96,240.27,231.62,72.03M,0.80%
6/11/2020,233.9,242.16,243.46,233.84,72.92M,-4.95%
6/10/2020,246.09,244.87,247.68,244.38,58.08M,1.20%
6/9/2020,243.17,240.53,244.05,240.34,35.05M,0.72%
6/8/2020,241.42,239.41,241.55,237.79,32.94M,0.78%
6/5/2020,239.56,235.94,240.17,235.51,47.37M,1.98%
6/4/2020,234.91,236.2,237.67,233.56,38.72M,-0.70%
6/3/2020,236.57,236.11,237.35,235.23,37.23M,0.45%
6/2/2020,235.51,234.3,235.57,231.89,33.38M,0.67%
6/1/2020,233.94,232.28,234.33,231.88,26.14M,0.30%
5/29/2020,233.24,230.31,233.48,228.64,50.88M,1.47%
5/28/2020,229.87,228.93,233.35,228.93,43.01M,-0.13%
5/27/2020,230.17,228.39,230.29,223.82,55.67M,0.55%
5/26/2020,228.92,233.32,233.45,228.67,33.06M,-0.27%
5/22/2020,229.54,228.34,229.75,227.38,28.76M,0.35%
5/21/2020,228.75,231.37,232.01,228.22,43.64M,-1.09%
5/20/2020,231.27,229.36,231.64,229.36,37.42M,2.00%
5/19/2020,226.74,227.54,229.73,226.59,36.24M,-0.25%
5/18/2020,227.31,226.16,228.56,225.35,42.60M,1.86%
5/15/2020,223.15,218.66,223.21,218.22,55.75M,0.65%
5/14/2020,221.71,218.01,221.75,215.88,51.55M,1.14%
5/13/2020,219.22,222.53,224.49,216.6,65.52M,-1.25%
5/12/2020,222.0,227.36,227.98,221.97,41.05M,-2.09%
5/11/2020,226.75,223.38,227.81,223.13,35.71M,0.89%
5/8/2020,224.74,223.43,224.88,222.36,31.96M,1.37%
5/7/2020,221.7,221.63,222.61,220.3,38.62M,1.28%
5/6/2020,218.89,219.25,220.92,218.0,36.46M,0.62%
5/5/2020,217.55,217.29,220.02,216.74,37.78M,1.13%
5/4/2020,215.11,211.5,215.34,211.01,32.84M,1.17%
5/1/2020,212.63,214.43,216.56,211.57,48.79M,-2.82%
4/30/2020,218.8,219.89,219.92,217.24,43.36M,-0.04%
4/29/2020,218.89,216.1,219.85,215.03,48.72M,3.55%
4/28/2020,211.39,217.16,217.21,211.1,46.86M,-1.88%
4/27/2020,215.45,216.07,216.52,214.39,36.45M,0.80%
4/24/2020,213.73,210.83,214.19,209.39,34.30M,1.58%
4/23/2020,210.41,211.69,214.32,209.98,43.28M,-0.21%
4/22/2020,210.86,209.03,212.24,208.22,40.19M,2.97%
4/21/2020,204.78,210.52,211.05,203.52,72.93M,-3.69%
4/20/2020,212.63,213.16,215.77,212.46,38.25M,-1.19%
4/17/2020,215.18,215.85,216.4,211.97,62.86M,0.96%
4/16/2020,213.14,211.67,214.26,209.58,64.66M,1.82%
4/15/2020,209.32,208.37,211.72,207.01,47.04M,-1.15%
4/14/2020,211.75,207.06,212.39,206.31,63.96M,4.35%
4/13/2020,202.92,199.82,203.31,198.65,42.85M,1.08%
4/9/2020,200.75,202.16,203.11,198.92,68.32M,0.14%
4/8/2020,200.46,197.98,201.06,196.07,45.94M,2.12%
4/7/2020,196.3,202.03,202.55,195.9,69.90M,-0.04%
4/6/2020,196.38,190.28,197.55,189.09,64.76M,7.15%
4/3/2020,183.27,185.4,186.97,181.19,47.49M,-1.42%
4/2/2020,185.91,181.49,190.0,180.87,56.47M,2.03%
4/1/2020,182.21,184.71,187.56,180.77,53.72M,-4.25%
3/31/2020,190.3,191.43,195.15,189.1,62.66M,-0.85%
3/30/2020,191.94,187.0,192.39,186.24,49.36M,3.64%
3/27/2020,185.2,186.83,190.41,184.56,58.84M,-3.44%
3/26/2020,191.8,183.77,192.62,183.51,79.89M,5.27%
3/25/2020,182.2,184.32,189.41,179.89,88.75M,-0.74%
3/24/2020,183.56,179.82,183.73,177.86,94.88M,7.74%
3/23/2020,170.37,170.83,174.12,164.84,124.64M,-0.14%
3/20/2020,170.61,181.64,182.77,170.01,118.98M,-3.92%
3/19/2020,177.57,175.6,183.39,171.54,120.90M,0.60%
3/18/2020,176.51,171.51,179.13,166.71,114.16M,-3.04%
3/17/2020,182.04,175.38,184.29,169.69,121.26M,7.58%
3/16/2020,169.21,174.06,184.58,169.07,92.05M,-11.98%
3/13/2020,192.24,186.97,194.38,178.04,134.88M,8.47%
3/12/2020,177.23,181.99,190.68,176.85,137.82M,-9.17%
3/11/2020,195.12,199.25,200.64,192.63,89.17M,-4.35%
3/10/2020,204.0,201.0,204.19,193.58,100.60M,5.44%
3/9/2020,193.47,193.38,201.05,192.01,116.42M,-6.95%
3/6/2020,207.91,204.56,209.04,202.8,89.83M,-1.69%
3/5/2020,211.48,212.58,216.25,209.99,78.71M,-3.04%
3/4/2020,218.11,213.21,218.22,211.26,73.09M,4.17%
3/3/2020,209.37,217.0,219.49,207.51,131.95M,-3.21%
3/2/2020,216.31,208.77,216.46,205.83,112.93M,5.16%
2/28/2020,205.69,198.82,207.06,198.07,149.25M,0.08%
2/27/2020,205.53,210.94,216.31,205.39,121.82M,-5.01%
2/26/2020,216.37,216.56,220.16,214.79,80.40M,0.52%
2/25/2020,215.26,223.07,223.87,214.63,97.74M,-2.72%
2/24/2020,221.27,221.72,224.13,220.14,84.52M,-3.86%
2/21/2020,230.15,233.52,233.89,229.2,66.06M,-1.92%
2/20/2020,234.66,236.34,236.83,231.76,42.60M,-0.93%
2/19/2020,236.86,235.95,237.35,235.73,22.23M,0.96%
2/18/2020,234.61,233.35,235.05,233.13,24.52M,0.04%
2/14/2020,234.52,234.16,234.74,233.43,23.44M,0.29%
2/13/2020,233.85,232.5,234.81,232.24,22.77M,-0.13%
2/12/2020,234.15,233.22,234.26,232.68,24.47M,0.97%
2/11/2020,231.89,233.09,233.9,231.28,30.20M,0.02%
2/10/2020,231.85,228.31,231.86,228.26,21.48M,1.21%
2/7/2020,229.08,229.04,230.32,228.42,25.88M,-0.43%
2/6/2020,230.07,228.65,230.13,227.86,22.47M,0.86%
2/5/2020,228.1,230.1,230.13,226.73,38.53M,0.33%
2/4/2020,227.35,225.27,227.74,224.53,30.69M,2.29%
2/3/2020,222.26,220.02,222.77,219.87,25.47M,1.51%
1/31/2020,218.95,223.38,223.44,218.17,52.02M,-1.59%
1/30/2020,222.48,220.25,222.58,219.57,39.57M,0.36%
1/29/2020,221.69,222.54,222.81,220.71,29.06M,0.16%
1/28/2020,221.33,219.48,221.84,218.94,26.73M,1.53%
1/27/2020,217.99,217.61,219.17,217.07,42.26M,-2.06%
1/24/2020,222.58,225.5,225.76,221.55,37.44M,-0.84%
1/23/2020,224.47,223.59,224.57,222.58,26.50M,0.32%
1/22/2020,223.75,224.26,225.03,223.47,20.74M,0.26%
1/21/2020,223.16,222.61,223.72,222.54,21.15M,-0.04%
1/17/2020,223.26,223.12,223.44,222.01,24.33M,0.50%
1/16/2020,222.16,221.12,222.2,220.68,18.80M,0.96%
1/15/2020,220.05,220.06,221.08,219.33,25.74M,0.04%
1/14/2020,219.96,220.63,221.09,219.62,24.57M,-0.39%
1/13/2020,220.83,219.19,220.86,218.87,22.85M,1.15%
1/10/2020,218.32,219.64,219.75,217.93,21.91M,-0.26%
1/9/2020,218.88,218.8,219.29,217.6,23.64M,0.85%
1/8/2020,217.04,215.36,218.03,215.05,26.46M,0.75%
1/7/2020,215.42,215.53,216.03,214.74,23.12M,-0.01%
1/6/2020,215.45,212.38,215.48,212.13,21.73M,0.64%
1/3/2020,214.07,213.18,215.36,213.17,27.53M,-0.92%
1/2/2020,216.05,214.29,216.05,213.87,31.01M,1.67%
12/31/2019,212.5,211.51,212.65,211.09,18.20M,0.19%
12/30/2019,212.1,213.4,213.52,211.05,21.83M,-0.66%
12/27/2019,213.5,214.44,214.45,212.93,18.14M,-0.08%
12/26/2019,213.68,212.15,213.7,212.12,17.16M,0.88%
12/24/2019,211.81,211.86,211.98,211.33,7.09M,0.05%
12/23/2019,211.7,211.92,212.04,211.52,23.80M,0.05%
12/20/2019,211.6,211.7,212.41,211.16,27.69M,0.40%
12/19/2019,210.75,209.53,210.82,209.51,17.89M,0.63%
12/18/2019,209.44,209.49,210.02,209.22,15.49M,0.08%
12/17/2019,209.28,209.39,209.6,208.93,16.03M,0.06%
12/16/2019,209.16,208.39,209.42,208.37,21.37M,1.00%
12/13/2019,207.08,206.25,207.8,205.85,32.53M,0.33%
12/12/2019,206.4,204.66,207.21,204.38,32.70M,0.75%
12/11/2019,204.87,204.26,205.08,203.93,18.90M,0.53%
12/10/2019,203.79,204.06,204.77,203.33,21.85M,-0.08%
12/9/2019,203.96,204.52,205.49,203.87,14.03M,-0.45%
12/6/2019,204.89,204.14,205.04,204.04,16.56M,1.07%
12/5/2019,202.72,203.04,203.04,201.73,15.04M,0.20%
12/4/2019,202.32,202.38,202.8,202.03,15.34M,0.51%
12/3/2019,201.3,200.21,201.38,193.68,31.43M,-0.78%
12/2/2019,202.89,205.0,205.07,201.67,28.12M,-1.02%
11/29/2019,204.99,205.48,205.72,204.89,9.85M,-0.46%
11/27/2019,205.93,205.02,205.94,204.78,17.06M,0.70%
11/26/2019,204.5,204.21,204.76,203.94,14.81M,0.19%
11/25/2019,204.11,202.56,204.15,202.56,17.79M,1.18%
11/22/2019,201.72,202.06,202.21,200.63,17.20M,0.06%
11/21/2019,201.59,201.83,201.96,200.96,17.93M,-0.22%
11/20/2019,202.04,202.74,203.34,200.51,36.71M,-0.60%
11/19/2019,203.26,203.73,203.73,202.48,17.00M,0.15%
11/18/2019,202.96,202.5,203.28,201.66,18.41M,0.08%
11/15/2019,202.8,202.5,202.8,201.89,18.43M,0.74%
11/14/2019,201.32,200.72,201.45,200.11,17.06M,-0.08%
11/13/2019,201.48,200.73,201.67,200.6,16.11M,0.02%
11/12/2019,201.43,201.02,202.1,200.71,14.78M,0.29%
11/11/2019,200.85,200.12,200.93,199.84,10.19M,-0.13%
11/8/2019,201.12,199.91,201.14,199.44,15.27M,0.40%
11/7/2019,200.32,200.65,201.61,199.75,17.83M,0.33%
11/6/2019,199.66,199.88,199.9,198.68,19.73M,-0.22%
11/5/2019,200.1,200.24,200.44,199.45,15.05M,0.06%
11/4/2019,199.99,200.08,200.42,198.76,19.02M,0.61%
11/1/2019,198.77,197.83,198.78,197.53,22.13M,0.91%
10/31/2019,196.98,197.46,197.55,195.84,26.80M,0.05%
10/30/2019,196.89,196.32,197.22,195.19,21.76M,0.48%
10/29/2019,195.94,197.14,197.43,195.91,18.57M,-0.77%
10/28/2019,197.47,196.47,197.73,196.45,18.84M,0.99%
10/25/2019,195.54,192.99,195.64,192.95,21.51M,0.80%
10/24/2019,193.99,193.52,194.11,192.64,19.26M,0.97%
10/23/2019,192.12,191.33,192.16,191.05,15.20M,0.19%
10/22/2019,191.75,193.96,194.32,191.69,22.99M,-0.80%
10/21/2019,193.29,192.55,193.42,192.04,15.87M,0.89%
10/18/2019,191.59,193.16,193.57,190.6,27.72M,-0.96%
10/17/2019,193.45,194.08,194.4,192.71,19.16M,0.26%
10/16/2019,192.94,192.78,193.43,192.33,20.69M,-0.25%
10/15/2019,193.42,191.55,193.87,191.46,23.74M,1.27%
10/14/2019,190.99,190.72,191.6,190.54,15.37M,-0.01%
10/11/2019,191.01,190.7,192.53,190.62,41.43M,1.29%
10/10/2019,188.58,187.15,189.33,187.02,26.69M,0.77%
10/9/2019,187.13,186.86,187.98,186.33,20.83M,0.98%
10/8/2019,185.32,186.91,187.76,185.17,33.20M,-1.50%
10/7/2019,188.14,188.13,189.64,187.81,21.40M,-0.30%
10/4/2019,188.71,186.89,188.98,186.78,32.75M,1.47%
10/3/2019,185.97,183.97,186.11,181.72,39.61M,1.10%
10/2/2019,183.95,185.91,187.11,182.92,48.93M,-1.72%
10/1/2019,187.17,189.44,190.49,186.86,32.67M,-0.82%
9/30/2019,188.71,187.65,189.01,187.3,26.56M,0.95%
9/27/2019,186.93,189.6,189.73,185.65,40.80M,-1.24%
9/26/2019,189.28,189.77,189.9,187.88,27.03M,-0.37%
9/25/2019,189.98,187.69,190.48,186.11,36.50M,1.12%
9/24/2019,187.87,191.27,191.69,187.05,41.10M,-1.33%
9/23/2019,190.4,190.26,190.97,189.62,22.92M,-0.16%
9/20/2019,190.7,193.01,193.21,190.06,30.13M,-1.06%
9/19/2019,192.74,192.76,193.93,192.37,26.21M,0.17%
9/18/2019,192.42,192.1,192.5,190.01,31.17M,-0.04%
9/17/2019,192.5,191.6,192.5,191.19,21.11M,0.48%
9/16/2019,191.58,191.2,191.98,191.01,20.32M,-0.45%
9/13/2019,192.44,192.85,193.3,192.19,27.67M,-0.36%
9/12/2019,193.13,193.54,194.61,192.87,28.69M,0.42%
9/11/2019,192.33,190.88,192.43,190.46,25.06M,0.94%
9/10/2019,190.54,190.09,190.64,188.81,23.74M,-0.29%
9/9/2019,191.09,192.08,192.17,190.12,24.41M,-0.21%
9/6/2019,191.49,191.93,192.07,191.07,19.49M,-0.10%
9/5/2019,191.68,190.29,192.22,190.24,34.06M,1.83%
9/4/2019,188.23,187.33,188.39,186.8,21.68M,1.44%
9/3/2019,185.55,186.16,187.08,184.93,28.03M,-0.97%
8/30/2019,187.37,188.84,188.87,186.31,26.33M,-0.24%
8/29/2019,187.82,187.27,188.36,186.58,25.43M,1.53%
8/28/2019,184.99,183.74,185.3,182.81,21.85M,0.36%
8/27/2019,184.33,185.98,186.32,183.61,28.08M,-0.21%
8/26/2019,184.72,184.09,184.77,182.98,27.69M,1.51%
8/23/2019,181.97,186.66,188.35,181.46,55.44M,-3.17%
8/22/2019,187.92,188.88,189.36,186.44,24.27M,-0.32%
8/21/2019,188.53,188.56,189.13,187.86,20.75M,0.89%
8/20/2019,186.87,187.9,188.54,186.82,19.94M,-0.78%
8/19/2019,188.33,187.93,188.73,187.4,22.57M,1.59%
8/16/2019,185.38,184.01,185.85,184.0,34.79M,1.61%
8/15/2019,182.45,183.01,183.49,181.06,36.85M,-0.11%
8/14/2019,182.66,185.21,185.85,182.32,51.00M,-2.99%
8/13/2019,188.29,184.17,189.58,183.92,40.47M,2.19%
8/12/2019,184.25,185.24,185.8,183.4,24.64M,-1.15%
8/9/2019,186.39,187.22,187.9,184.93,33.61M,-0.94%
8/8/2019,188.16,185.05,188.22,184.47,38.42M,2.18%
8/7/2019,184.15,181.22,184.41,179.8,49.99M,0.54%
8/6/2019,183.16,182.28,183.7,180.97,41.90M,1.40%
8/5/2019,180.64,183.41,183.41,179.11,75.04M,-3.53%
8/2/2019,187.25,188.72,188.89,186.11,55.21M,-1.47%
8/1/2019,190.05,191.41,194.88,189.13,63.25M,-0.50%
7/31/2019,191.0,194.21,194.33,189.22,41.63M,-1.38%
7/30/2019,193.68,193.06,194.44,192.89,18.71M,-0.43%
7/29/2019,194.52,195.08,195.08,193.29,20.45M,-0.34%
7/26/2019,195.19,194.42,195.45,194.33,20.43M,1.03%
7/25/2019,193.2,194.38,194.42,192.83,23.43M,-0.95%
7/24/2019,195.05,192.97,195.06,192.93,20.42M,0.70%
7/23/2019,193.69,193.48,193.71,192.19,23.79M,0.65%
7/22/2019,192.43,191.4,192.84,191.34,18.95M,0.80%
7/19/2019,190.91,193.72,193.73,190.71,29.39M,-0.73%
7/18/2019,192.32,191.2,192.69,190.59,29.07M,0.11%
7/17/2019,192.1,193.1,193.39,192.08,16.77M,-0.49%
7/16/2019,193.05,193.76,193.99,192.46,20.19M,-0.52%
7/15/2019,194.05,193.87,194.09,193.34,15.61M,0.32%
7/12/2019,193.43,192.53,193.44,192.35,20.21M,0.58%
7/11/2019,192.32,192.78,193.24,191.71,23.74M,-0.07%
7/10/2019,192.46,191.69,192.99,191.37,28.37M,1.00%
7/9/2019,190.56,188.69,190.8,188.55,19.19M,0.50%
7/8/2019,189.61,189.76,189.77,188.83,17.60M,-0.70%
7/5/2019,190.95,190.05,191.3,189.29,21.42M,-0.20%
7/3/2019,191.34,190.35,191.34,190.19,15.79M,0.75%
7/2/2019,189.91,189.09,189.93,188.56,18.04M,0.40%
7/1/2019,189.16,190.2,190.47,188.28,31.19M,1.35%
6/28/2019,186.64,186.85,187.05,185.97,21.18M,0.13%
6/27/2019,186.4,186.37,186.84,185.89,19.71M,0.38%
6/26/2019,185.69,186.03,187.23,185.39,22.60M,0.47%
6/25/2019,184.83,187.96,188.04,184.55,33.92M,-1.72%
6/24/2019,188.06,188.42,188.62,187.96,19.38M,-0.22%
6/21/2019,188.47,188.47,189.67,188.07,39.98M,-0.15%
6/20/2019,188.75,189.62,189.66,187.06,40.92M,0.93%
6/19/2019,187.01,186.63,187.43,185.47,31.67M,0.38%
6/18/2019,186.31,185.78,187.62,185.33,48.18M,1.45%
6/17/2019,183.64,182.91,184.15,182.74,20.38M,0.60%
6/14/2019,182.54,182.34,183.01,181.84,22.84M,-0.43%
6/13/2019,183.32,183.02,183.77,182.64,23.72M,0.59%
6/12/2019,182.24,182.78,183.18,181.9,27.76M,-0.58%
6/11/2019,183.3,184.97,185.3,182.68,41.26M,0.14%
6/10/2019,183.05,182.13,184.75,182.11,41.39M,1.17%
6/7/2019,180.94,178.41,181.67,178.24,45.89M,1.93%
6/6/2019,177.52,176.43,177.95,175.64,29.91M,0.79%
6/5/2019,176.12,176.51,176.52,174.29,34.41M,0.74%
6/4/2019,174.82,171.89,174.88,171.28,47.80M,2.82%
6/3/2019,170.03,173.43,173.86,169.18,75.84M,-2.20%
5/31/2019,173.86,174.62,175.2,173.78,45.45M,-1.60%
5/30/2019,176.68,176.45,177.18,175.68,30.35M,0.42%
5/29/2019,175.94,176.36,176.91,175.0,42.18M,-0.82%
5/28/2019,177.4,178.58,179.57,177.38,24.76M,-0.38%
5/24/2019,178.07,179.21,179.76,177.85,25.90M,-0.05%
5/23/2019,178.16,178.91,178.93,177.05,45.35M,-1.53%
5/22/2019,180.92,180.72,181.97,180.66,24.33M,-0.45%
5/21/2019,181.73,181.4,182.23,180.83,31.61M,1.04%
5/20/2019,179.86,180.42,181.08,179.25,38.61M,-1.68%
5/17/2019,182.94,183.0,185.48,182.78,44.70M,-1.02%
5/16/2019,184.83,183.01,185.97,182.85,39.28M,1.01%
5/15/2019,182.99,179.3,183.45,179.22,40.94M,1.41%
5/14/2019,180.45,179.42,181.53,178.77,43.36M,1.10%
5/13/2019,178.49,180.21,181.16,177.97,67.19M,-3.47%
5/10/2019,184.9,183.96,185.79,180.94,58.53M,0.12%
5/9/2019,184.67,183.66,185.31,181.99,55.35M,-0.54%
5/8/2019,185.67,185.58,187.07,184.86,37.17M,-0.25%
5/7/2019,186.14,187.76,188.57,184.41,58.82M,-1.95%
5/6/2019,189.84,187.0,190.1,186.66,38.37M,-0.61%
5/3/2019,191.01,189.59,191.15,189.23,30.39M,1.60%
5/2/2019,188.01,188.78,189.75,186.77,44.11M,-0.43%
5/1/2019,188.83,190.66,191.22,188.7,34.80M,-0.32%
4/30/2019,189.44,189.38,189.75,188.11,31.50M,-0.78%
4/29/2019,190.92,190.52,191.22,190.24,21.72M,0.19%
4/26/2019,190.55,190.1,190.59,188.49,26.36M,0.09%
4/25/2019,190.38,191.05,191.12,189.35,29.52M,0.41%
4/24/2019,189.61,190.34,190.61,189.55,24.98M,-0.32%
4/23/2019,190.21,188.27,190.44,188.03,33.67M,1.27%
4/22/2019,187.82,186.44,187.89,186.33,17.94M,0.28%
4/18/2019,187.29,187.38,187.69,186.19,28.58M,0.13%
4/17/2019,187.05,187.65,187.83,186.5,29.65M,0.35%
4/16/2019,186.4,186.41,186.81,185.83,27.20M,0.34%
4/15/2019,185.76,185.71,185.97,184.52,21.07M,0.02%
4/12/2019,185.73,185.76,185.85,184.96,24.99M,0.43%
4/11/2019,184.93,185.67,185.68,184.59,20.65M,-0.24%
4/10/2019,185.37,184.65,185.43,184.42,24.56M,0.54%
4/9/2019,184.38,184.4,185.01,183.99,25.63M,-0.35%
4/8/2019,185.03,184.27,185.18,183.53,22.70M,0.25%
4/5/2019,184.56,184.2,184.67,183.92,25.67M,0.52%
4/4/2019,183.61,183.71,184.4,182.55,28.53M,-0.04%
4/3/2019,183.68,183.64,184.82,183.11,31.63M,0.57%
4/2/2019,182.63,182.13,182.81,181.68,22.65M,0.38%
4/1/2019,181.94,181.32,182.16,180.68,30.97M,1.32%
3/29/2019,179.57,179.54,179.74,178.5,35.21M,0.76%
3/28/2019,178.22,178.27,178.89,177.15,30.37M,0.23%
3/27/2019,177.81,179.18,179.63,176.51,37.10M,-0.64%
3/26/2019,178.96,179.49,180.6,178.05,33.25M,0.47%
3/25/2019,178.13,177.83,178.75,176.84,46.34M,-0.19%
3/22/2019,178.47,181.66,182.17,178.28,70.79M,-2.19%
3/21/2019,182.47,179.15,182.73,179.11,42.43M,1.56%
3/20/2019,179.67,178.97,180.77,178.15,50.10M,0.40%
3/19/2019,178.96,179.07,179.91,178.2,36.89M,0.34%
3/18/2019,178.36,177.86,178.9,177.5,32.94M,0.06%
3/15/2019,178.26,177.34,178.79,177.19,38.19M,0.93%
3/14/2019,176.62,177.02,177.25,176.57,23.75M,-0.17%
3/13/2019,176.92,176.51,177.84,176.26,42.43M,0.75%
3/12/2019,175.6,175.08,176.05,174.68,33.95M,0.55%
3/11/2019,174.64,171.77,174.76,171.76,30.52M,2.08%
3/8/2019,171.08,169.42,171.17,169.25,39.30M,-0.15%
3/7/2019,171.34,173.0,173.09,170.7,39.41M,-1.23%
3/6/2019,173.47,174.59,174.66,173.19,27.19M,-0.57%
3/5/2019,174.46,174.43,174.99,173.59,22.32M,0.07%
3/4/2019,174.33,175.28,175.7,172.38,38.06M,0.02%
3/1/2019,174.3,174.32,174.56,173.09,31.43M,0.69%
2/28/2019,173.1,172.95,173.72,172.61,25.09M,-0.23%
2/27/2019,173.5,172.83,173.71,171.67,25.16M,-0.06%
2/26/2019,173.61,172.95,174.16,172.72,21.94M,0.10%
2/25/2019,173.43,174.11,174.57,173.31,32.61M,0.36%
2/22/2019,172.8,171.89,172.92,171.81,27.74M,0.74%
2/21/2019,171.53,171.68,172.17,170.62,25.21M,-0.37%
2/20/2019,172.16,172.34,172.99,171.23,32.59M,-0.02%
2/19/2019,172.19,171.3,172.71,171.29,19.49M,0.20%
2/15/2019,171.85,172.42,172.47,171.05,32.52M,0.42%
2/14/2019,171.13,170.29,171.74,169.74,30.33M,0.12%
2/13/2019,170.92,171.53,172.07,170.73,26.09M,0.07%
2/12/2019,170.8,169.5,171.05,169.24,29.72M,1.48%
2/11/2019,168.31,169.05,169.49,167.89,21.43M,-0.09%
2/8/2019,168.47,166.64,168.5,166.48,29.02M,0.20%
2/7/2019,168.14,168.94,169.36,166.86,42.04M,-1.34%
2/6/2019,170.43,170.97,171.28,169.66,27.97M,-0.30%
2/5/2019,170.94,169.66,171.14,169.6,28.16M,0.89%
2/4/2019,169.44,167.42,169.44,167.24,26.72M,1.24%
2/1/2019,167.36,167.28,168.51,166.9,32.14M,-0.42%
1/31/2019,168.07,166.56,168.9,166.38,37.26M,1.50%
1/30/2019,165.59,163.3,166.19,162.8,41.35M,2.54%
1/29/2019,161.49,163.11,163.15,160.91,30.78M,-0.94%
1/28/2019,163.02,162.94,163.03,161.67,33.49M,-1.24%
1/25/2019,165.06,164.39,165.56,163.86,36.47M,1.20%
1/24/2019,163.11,162.57,163.35,161.98,32.41M,0.65%
1/23/2019,162.06,162.68,163.42,160.24,38.11M,0.13%
1/22/2019,161.85,163.96,164.05,160.68,56.71M,-2.00%
1/18/2019,165.16,164.75,165.93,163.73,57.18M,0.99%
1/17/2019,163.54,161.76,164.27,161.49,39.33M,0.79%
1/16/2019,162.26,162.54,163.69,162.2,33.81M,-0.02%
1/15/2019,162.29,159.89,162.51,159.83,40.87M,1.95%
1/14/2019,159.19,159.24,159.88,158.51,30.71M,-0.88%
1/11/2019,160.61,160.24,160.78,159.71,30.18M,-0.37%
1/10/2019,161.2,159.51,161.29,158.62,38.94M,0.29%
1/9/2019,160.74,160.07,161.44,159.39,46.49M,0.82%
1/8/2019,159.44,159.48,160.03,157.12,49.39M,0.91%
1/7/2019,158.01,156.46,158.78,156.03,52.06M,1.19%
1/4/2019,156.15,152.1,156.92,151.66,74.71M,4.28%
1/3/2019,149.74,152.52,153.18,149.41,74.82M,-3.27%
1/2/2019,154.8,150.91,155.67,150.8,58.58M,0.40%
12/31/2018,154.18,154.39,154.9,152.63,53.02M,0.84%
12/28/2018,152.89,153.93,155.51,151.64,77.86M,-0.05%
12/27/2018,152.97,150.49,153.1,147.0,85.82M,0.39%
12/26/2018,152.38,145.04,152.46,144.01,98.98M,6.25%
12/24/2018,143.42,146.06,147.9,143.38,56.16M,-2.76%
12/21/2018,147.49,152.98,154.01,146.64,141.13M,-3.10%
12/20/2018,152.21,154.08,155.79,150.31,99.00M,-1.45%
12/19/2018,154.45,158.16,160.64,153.26,81.86M,-2.46%
12/18/2018,158.34,158.59,159.87,156.96,63.64M,0.63%
12/17/2018,157.35,160.33,161.59,156.09,74.83M,-2.27%
12/14/2018,161.0,163.1,163.72,160.62,56.55M,-2.43%
12/13/2018,165.01,165.97,166.73,163.94,46.38M,0.03%
12/12/2018,164.96,165.97,167.51,164.87,53.78M,0.88%
12/11/2018,163.52,165.57,165.68,162.14,59.06M,0.33%
12/10/2018,162.98,161.03,163.69,159.33,73.96M,1.04%
12/7/2018,161.3,166.04,167.03,160.78,80.43M,-3.30%
12/6/2018,166.8,162.37,166.82,161.69,71.72M,0.71%
12/4/2018,165.63,171.29,171.82,165.43,70.59M,-3.84%
12/3/2018,172.24,173.01,173.22,169.42,50.77M,1.75%
11/30/2018,169.28,168.29,169.38,167.45,36.72M,0.73%
11/29/2018,168.06,167.91,169.17,166.73,44.89M,-0.33%
11/28/2018,168.61,164.53,168.61,163.39,70.14M,3.22%
11/27/2018,163.35,161.91,163.76,161.1,36.61M,0.34%
11/26/2018,162.8,161.36,162.88,160.68,42.01M,2.31%
11/23/2018,159.13,159.01,160.76,159.01,23.50M,-0.72%
11/21/2018,160.29,161.21,161.88,159.15,42.97M,0.76%
11/20/2018,159.08,158.29,161.3,157.05,102.65M,-1.78%
11/19/2018,161.97,166.65,166.81,161.46,67.28M,-3.25%
11/16/2018,167.41,166.4,168.22,165.69,65.39M,-0.35%
11/15/2018,168.0,164.75,168.45,163.37,73.25M,1.75%
11/14/2018,165.11,168.0,168.61,164.16,75.27M,-0.76%
11/13/2018,166.38,167.06,169.39,165.91,64.13M,0.08%
11/12/2018,166.24,170.24,170.55,166.09,62.58M,-3.03%
11/9/2018,171.43,172.74,173.16,170.07,50.60M,-1.69%
11/8/2018,174.37,174.67,175.21,173.54,40.30M,-0.64%
11/7/2018,175.49,172.16,175.49,171.78,51.17M,3.14%
11/6/2018,170.15,168.84,171.1,168.63,34.41M,0.76%
11/5/2018,168.87,169.52,169.57,166.99,39.57M,-0.25%
11/2/2018,169.29,171.44,172.46,168.13,75.97M,-1.56%
11/1/2018,171.97,169.99,172.15,168.69,52.71M,1.32%
10/31/2018,169.73,168.46,171.16,168.45,73.83M,2.35%
10/30/2018,165.83,162.71,165.95,161.93,92.58M,1.65%
10/29/2018,163.14,169.07,169.77,160.01,111.87M,-2.06%
10/26/2018,166.57,165.15,169.87,164.14,130.97M,-2.57%
10/25/2018,170.97,167.9,171.99,167.07,83.48M,3.46%
10/24/2018,165.25,173.03,173.27,164.95,103.00M,-4.58%
10/23/2018,173.18,170.7,174.04,168.73,77.57M,-0.37%
10/22/2018,173.82,173.97,175.16,172.5,52.91M,0.51%
10/19/2018,172.93,174.3,175.98,172.3,82.92M,-0.09%
10/18/2018,173.09,176.51,176.59,172.35,82.49M,-2.32%
10/17/2018,177.2,178.05,178.16,175.38,66.99M,0.04%
10/16/2018,177.13,173.93,177.56,173.61,71.98M,2.91%
10/15/2018,172.12,173.6,173.95,171.47,64.89M,-1.21%
10/12/2018,174.23,173.9,174.77,170.84,102.08M,2.78%
10/11/2018,169.51,170.95,173.31,167.72,143.08M,-1.24%
10/10/2018,171.64,178.44,178.53,171.41,114.47M,-4.40%
10/9/2018,179.54,179.11,180.92,178.66,49.10M,0.32%
10/8/2018,178.96,179.28,180.55,176.84,66.86M,-0.61%
10/5/2018,180.06,182.29,182.87,178.34,83.33M,-1.22%
10/4/2018,182.28,185.12,185.22,180.96,80.56M,-1.92%
10/3/2018,185.85,186.42,186.87,185.56,29.13M,0.11%
10/2/2018,185.65,185.85,187.08,185.22,25.62M,-0.23%
10/1/2018,186.07,186.72,187.43,185.6,27.37M,0.20%
9/28/2018,185.69,185.15,186.18,184.87,28.08M,-0.02%
9/27/2018,185.73,184.94,186.39,184.82,33.11M,0.85%
9/26/2018,184.17,184.15,185.89,183.81,36.21M,0.07%
9/25/2018,184.04,183.68,184.18,183.08,25.28M,0.14%
9/24/2018,183.79,181.95,183.86,181.2,34.95M,0.10%
9/21/2018,183.61,185.17,185.38,183.38,38.61M,-0.55%
9/20/2018,184.62,183.85,184.87,183.42,33.30M,1.11%
9/19/2018,182.6,182.76,183.2,181.41,31.84M,-0.08%
9/18/2018,182.74,181.42,183.63,181.3,31.88M,0.83%
9/17/2018,181.24,183.56,183.71,181.07,33.07M,-1.44%
9/14/2018,183.89,184.56,184.85,183.16,31.22M,-0.29%
9/13/2018,184.43,183.57,184.78,183.54,31.13M,1.07%
9/12/2018,182.48,182.77,182.88,180.91,36.20M,-0.30%
9/11/2018,183.02,180.87,183.32,180.43,30.12M,0.77%
9/10/2018,181.62,182.02,182.15,180.63,26.13M,0.34%
9/7/2018,181.01,180.44,182.57,180.35,46.63M,-0.39%
9/6/2018,181.71,183.44,183.65,180.49,46.09M,-0.89%
9/5/2018,183.35,185.45,185.45,182.72,42.62M,-1.29%
9/4/2018,185.75,186.0,186.3,184.75,29.06M,-0.43%
8/31/2018,186.55,186.08,187.08,185.88,28.65M,0.13%
8/30/2018,186.31,186.31,187.42,185.69,29.32M,-0.18%
8/29/2018,186.64,184.81,186.74,184.76,29.18M,1.15%
8/28/2018,184.51,184.7,184.92,184.12,20.28M,0.15%
8/27/2018,184.24,183.33,184.24,183.01,29.34M,1.02%
8/24/2018,182.38,181.3,182.53,181.26,23.14M,0.92%
8/23/2018,180.71,180.68,181.95,180.41,25.78M,-0.14%
8/22/2018,180.96,179.87,181.17,179.66,18.04M,0.38%
8/21/2018,180.27,180.17,181.34,180.04,26.26M,0.37%
8/20/2018,179.61,180.19,180.23,178.91,24.94M,-0.09%
8/17/2018,179.77,179.27,180.22,178.17,36.09M,0.02%
8/16/2018,179.73,180.48,180.89,179.38,27.71M,0.33%
8/15/2018,179.14,180.0,180.49,178.03,58.53M,-1.22%
8/14/2018,181.35,180.91,181.56,179.95,20.91M,0.62%
8/13/2018,180.23,180.76,181.91,180.15,26.09M,-0.11%
8/10/2018,180.43,180.59,181.12,179.75,33.82M,-0.76%
8/9/2018,181.81,181.84,182.53,181.54,18.85M,-0.06%
8/8/2018,181.92,181.45,182.25,180.96,22.68M,0.12%
8/7/2018,181.7,181.53,182.04,181.16,29.90M,0.36%
8/6/2018,181.04,179.88,181.09,179.65,24.81M,0.58%
8/3/2018,179.99,179.71,180.0,178.99,28.93M,0.31%
8/2/2018,179.44,175.78,179.65,175.7,47.18M,1.36%
8/1/2018,177.03,176.78,177.56,176.0,37.10M,0.38%
7/31/2018,176.36,175.66,177.04,174.73,47.29M,0.77%
7/30/2018,175.02,177.57,177.64,174.18,60.19M,-1.41%
7/27/2018,177.53,181.16,181.21,176.51,59.46M,-1.35%
7/26/2018,179.96,180.26,180.83,179.72,40.87M,-1.51%
7/25/2018,182.72,180.27,182.83,180.2,36.02M,1.39%
7/24/2018,180.21,181.29,181.95,179.47,36.90M,0.41%
7/23/2018,179.47,178.36,179.55,177.65,22.18M,0.32%
7/20/2018,178.9,179.48,180.08,178.7,35.91M,-0.02%
7/19/2018,178.94,179.25,179.79,178.73,31.09M,-0.50%
7/18/2018,179.84,180.19,180.35,179.29,23.22M,-0.19%
7/17/2018,180.18,177.21,180.56,177.19,31.03M,0.61%
7/16/2018,179.09,179.55,179.86,178.79,21.41M,-0.24%
7/13/2018,179.52,179.33,179.81,178.86,28.07M,0.08%
7/12/2018,179.37,177.12,179.37,176.99,27.93M,1.72%
7/11/2018,176.33,175.87,176.98,175.71,30.28M,-0.51%
7/10/2018,177.23,177.32,177.63,176.62,23.90M,0.07%
7/9/2018,177.1,176.4,177.14,175.73,27.36M,0.90%
7/6/2018,175.52,173.22,175.65,172.91,37.01M,1.56%
7/5/2018,172.83,171.82,172.97,170.94,31.63M,1.24%
7/3/2018,170.71,173.32,173.36,170.54,25.51M,-1.16%
7/2/2018,172.71,169.95,172.76,169.58,31.77M,0.67%
6/29/2018,171.56,171.91,172.83,171.31,36.41M,0.27%
6/28/2018,171.1,169.43,171.68,169.08,46.41M,0.86%
6/27/2018,169.64,172.68,173.49,169.52,52.84M,-1.36%
6/26/2018,171.98,171.9,172.97,171.28,39.01M,0.41%
6/25/2018,171.28,173.67,173.9,169.72,77.80M,-2.25%
6/22/2018,175.23,176.22,176.28,174.6,30.07M,-0.22%
6/21/2018,175.62,177.6,177.79,175.28,43.47M,-0.87%
6/20/2018,177.16,176.7,177.89,176.56,33.04M,0.71%
6/19/2018,175.91,174.17,175.95,173.62,38.24M,-0.28%
6/18/2018,176.41,175.44,176.56,174.85,31.63M,-0.27%
6/15/2018,176.89,176.89,177.23,176.02,49.62M,-0.35%
6/14/2018,177.51,176.53,177.8,176.41,35.92M,1.01%
6/13/2018,175.73,176.0,177.05,175.34,37.86M,-0.01%
6/12/2018,175.74,175.06,175.91,174.87,22.51M,0.53%
6/11/2018,174.82,174.21,175.25,174.19,22.32M,0.27%
6/8/2018,174.35,173.48,174.79,173.09,31.78M,0.01%
6/7/2018,174.34,175.82,175.84,173.46,39.60M,-0.81%
6/6/2018,175.77,174.93,175.8,174.05,25.04M,0.58%
6/5/2018,174.75,174.6,175.04,173.97,24.78M,0.31%
6/4/2018,174.21,173.07,174.25,172.98,20.46M,0.90%
6/1/2018,172.65,170.79,172.75,170.78,45.54M,1.57%
5/31/2018,169.98,170.04,171.11,169.54,35.67M,-0.06%
5/30/2018,170.09,169.54,170.39,169.13,22.67M,0.72%
5/29/2018,168.88,168.82,169.83,167.87,41.22M,-0.44%
5/25/2018,169.63,169.45,170.24,169.12,27.46M,0.10%
5/24/2018,169.46,169.47,169.76,167.75,27.70M,-0.03%
5/23/2018,169.51,166.81,169.53,166.79,26.56M,0.84%
5/22/2018,168.09,169.06,169.36,167.79,19.48M,-0.13%
5/21/2018,168.31,168.64,169.41,167.59,22.95M,0.56%
5/18/2018,167.37,167.62,168.17,167.12,26.22M,-0.52%
5/17/2018,168.24,168.31,169.52,167.42,27.48M,-0.38%
5/16/2018,168.89,168.01,169.28,167.92,22.94M,0.66%
5/15/2018,167.78,168.31,168.41,166.89,49.36M,-1.11%
5/14/2018,169.66,169.75,170.73,169.38,21.82M,0.17%
5/11/2018,169.37,169.26,169.77,168.63,24.69M,-0.09%
5/10/2018,169.53,168.34,169.65,168.2,27.07M,1.04%
5/9/2018,167.79,166.31,167.91,165.69,29.12M,1.09%
5/8/2018,165.98,165.74,166.34,164.77,26.04M,-0.10%
5/7/2018,166.15,165.55,166.69,165.42,32.50M,0.83%
5/4/2018,164.78,161.03,165.16,160.9,41.54M,1.89%
5/3/2018,161.72,161.0,162.31,159.14,60.34M,-0.01%
5/2/2018,161.74,163.01,163.48,161.55,38.65M,-0.58%
5/1/2018,162.69,160.44,162.71,160.06,36.51M,1.14%
4/30/2018,160.86,162.39,163.39,160.46,35.62M,-0.70%
4/27/2018,162.0,164.26,164.32,161.09,51.04M,0.06%
4/26/2018,161.9,160.64,162.44,160.1,43.01M,2.10%
4/25/2018,158.57,158.72,159.23,156.39,52.09M,0.12%
4/24/2018,158.38,162.53,162.82,157.31,70.26M,-2.12%
4/23/2018,161.81,162.99,163.64,160.94,33.04M,-0.25%
4/20/2018,162.21,164.4,164.52,161.65,49.20M,-1.58%
4/19/2018,164.82,165.56,165.9,164.25,34.71M,-0.92%
4/18/2018,166.35,166.03,166.91,165.22,29.57M,0.20%
4/17/2018,166.01,164.1,166.37,163.82,35.54M,2.15%
4/16/2018,162.51,162.36,163.1,161.4,28.18M,0.76%
4/13/2018,161.29,162.92,163.17,160.59,44.60M,-0.51%
4/12/2018,162.12,161.22,162.68,161.08,30.47M,1.20%
4/11/2018,160.2,160.12,161.91,160.02,41.62M,-0.58%
4/10/2018,161.13,160.05,161.65,158.99,48.60M,2.21%
4/9/2018,157.65,157.93,160.8,157.38,41.81M,0.70%
4/6/2018,156.55,158.86,160.38,155.8,59.87M,-2.50%
4/5/2018,160.57,161.25,161.5,159.4,43.05M,0.57%
4/4/2018,159.66,154.19,160.15,153.96,65.77M,1.58%
4/3/2018,157.18,156.84,157.84,154.36,64.09M,1.13%
4/2/2018,155.43,158.92,159.66,153.8,85.55M,-2.89%
3/29/2018,160.05,158.05,161.63,156.55,68.69M,1.83%
3/28/2018,157.17,158.17,159.7,155.96,89.37M,-1.15%
3/27/2018,159.0,165.51,165.53,157.6,78.89M,-3.23%
3/26/2018,164.31,161.6,164.51,159.08,57.48M,3.71%
3/23/2018,158.43,162.51,163.21,158.35,80.11M,-2.63%
3/22/2018,162.71,164.61,165.68,162.5,66.61M,-2.47%
3/21/2018,166.83,167.14,168.67,166.1,43.86M,-0.44%
3/20/2018,167.56,167.01,167.95,166.52,34.08M,0.33%
3/19/2018,167.01,169.07,169.13,165.55,71.40M,-2.29%
3/16/2018,170.93,171.69,172.11,170.85,31.18M,-0.30%
3/15/2018,171.44,171.74,172.44,170.81,28.81M,-0.09%
3/14/2018,171.59,172.49,172.65,170.84,40.54M,-0.02%
3/13/2018,171.62,174.71,175.12,171.18,55.64M,-1.36%
3/12/2018,173.99,173.56,174.39,173.19,37.63M,0.53%
3/9/2018,173.07,171.01,173.07,170.73,38.31M,1.94%
3/8/2018,169.77,169.45,169.89,168.86,25.83M,0.55%
3/7/2018,168.84,167.17,168.98,166.87,34.61M,0.23%
3/6/2018,168.45,168.52,169.02,167.39,29.48M,0.42%
3/5/2018,167.74,165.17,168.17,164.5,38.54M,1.11%
3/2/2018,165.9,162.5,166.19,161.87,57.45M,0.92%
3/1/2018,164.39,167.2,167.98,162.92,76.81M,-1.63%
2/28/2018,167.12,169.16,169.71,167.01,42.94M,-0.64%
2/27/2018,168.2,170.33,170.64,168.12,42.21M,-1.24%
2/26/2018,170.31,168.84,170.31,168.73,39.27M,1.33%
2/23/2018,168.08,165.97,168.08,165.36,50.10M,2.05%
2/22/2018,164.71,165.45,166.33,164.29,37.07M,-0.01%
2/21/2018,164.73,165.97,167.63,164.63,41.16M,-0.28%
2/20/2018,165.2,164.3,166.59,164.22,36.79M,0.20%
2/16/2018,164.87,165.09,166.67,164.59,62.26M,-0.45%
2/15/2018,165.61,164.05,165.61,162.35,51.63M,1.86%
2/14/2018,162.59,158.71,162.84,157.92,52.11M,1.87%
2/13/2018,159.61,157.9,159.93,157.64,31.79M,0.52%
2/12/2018,158.79,157.59,159.87,156.38,63.05M,1.78%
2/9/2018,156.02,155.58,157.16,150.05,113.84M,1.73%
2/8/2018,153.37,160.61,160.72,153.37,94.18M,-4.22%
2/7/2018,160.13,161.71,163.46,160.12,91.03M,-1.29%
2/6/2018,162.22,155.88,162.42,155.02,118.54M,2.64%
2/5/2018,158.04,163.04,165.66,157.92,105.37M,-3.94%
2/2/2018,164.52,167.25,167.61,164.38,68.48M,-2.00%
2/1/2018,167.87,168.03,169.64,167.33,38.04M,-0.85%
1/31/2018,169.31,169.58,169.9,168.25,42.45M,0.42%
1/30/2018,168.61,168.46,169.33,167.73,44.99M,-0.82%
1/29/2018,170.01,170.43,170.82,169.65,37.28M,-0.49%
1/26/2018,170.84,169.18,170.86,168.87,32.04M,1.53%
1/25/2018,168.26,169.46,169.54,167.72,28.92M,-0.04%
1/24/2018,168.32,169.72,170.15,167.35,54.29M,-0.65%
1/23/2018,169.42,168.55,169.57,168.47,37.99M,0.83%
1/22/2018,168.03,166.18,168.03,166.0,26.08M,1.07%
1/19/2018,166.25,166.23,166.52,165.45,38.94M,0.31%
1/18/2018,165.73,165.46,166.11,165.05,26.43M,0.02%
1/17/2018,165.7,164.68,165.95,163.91,33.85M,1.08%
1/16/2018,163.93,165.46,166.33,163.44,41.23M,-0.29%
1/12/2018,164.4,162.94,164.57,162.85,37.76M,0.74%
1/11/2018,163.2,162.39,163.21,162.12,20.47M,0.68%
1/10/2018,162.09,161.72,162.12,161.04,34.00M,-0.23%
1/9/2018,162.47,162.76,162.95,161.98,24.78M,0.01%
1/8/2018,162.46,161.82,162.54,161.78,23.16M,0.39%
1/5/2018,161.83,160.96,161.94,160.69,26.99M,1.00%
1/4/2018,160.23,160.51,160.71,160.0,24.78M,0.18%
1/3/2018,159.95,158.53,160.09,158.53,29.38M,0.97%
1/2/2018,158.41,156.42,158.44,156.09,32.57M,1.75%
12/29/2017,155.68,156.82,156.82,155.62,33.19M,-0.62%
12/28/2017,156.65,156.97,156.98,156.46,25.39M,0.12%
12/27/2017,156.46,156.44,156.88,156.31,22.39M,0.01%
12/26/2017,156.44,156.45,156.64,155.87,21.92M,-0.54%
12/22/2017,157.29,157.23,157.35,156.87,23.33M,-0.11%
12/21/2017,157.47,157.65,158.17,157.29,18.64M,0.01%
12/20/2017,157.45,158.17,158.2,156.83,38.97M,-0.11%
12/19/2017,157.62,158.26,158.42,157.18,31.41M,-0.59%
12/18/2017,158.56,158.21,158.69,157.99,26.84M,0.63%
12/15/2017,157.57,156.41,157.74,156.15,49.82M,1.14%
12/14/2017,155.8,156.2,156.58,155.63,24.59M,-0.07%
12/13/2017,155.91,156.2,156.41,155.68,24.42M,0.19%
12/12/2017,155.61,155.73,156.07,155.28,20.31M,-0.13%
12/11/2017,155.82,154.68,155.87,154.68,20.82M,0.78%
12/8/2017,154.62,155.02,155.45,154.38,28.08M,0.44%
12/7/2017,153.94,153.41,154.38,153.25,32.67M,0.34%
12/6/2017,153.42,152.18,153.65,151.98,28.65M,0.45%
12/5/2017,152.73,152.56,154.47,152.02,40.60M,0.07%
12/4/2017,152.63,155.39,155.54,152.48,51.32M,-1.15%
12/1/2017,154.41,154.11,155.16,152.18,59.02M,-0.43%
11/30/2017,155.07,154.38,155.37,154.06,56.60M,0.84%
11/29/2017,153.78,156.37,156.37,153.04,71.99M,-1.74%
11/28/2017,156.51,156.44,156.61,155.62,25.23M,0.26%
11/27/2017,156.11,156.12,156.48,155.75,22.65M,-0.04%
11/24/2017,156.18,155.78,156.23,155.68,8.28M,0.37%
11/22/2017,155.61,155.55,155.76,155.26,17.30M,0.12%
11/21/2017,155.42,154.48,155.49,154.4,20.15M,1.09%
11/20/2017,153.75,154.0,154.12,153.53,21.14M,-0.08%
11/17/2017,153.87,154.5,154.61,153.72,28.73M,-0.38%
11/16/2017,154.46,153.3,154.81,153.25,34.79M,1.28%
11/15/2017,152.51,152.53,152.92,151.7,24.81M,-0.47%
11/14/2017,153.23,153.23,153.42,152.49,25.17M,-0.36%
11/13/2017,153.79,153.04,153.99,153.02,12.52M,0.12%
11/10/2017,153.6,153.28,153.72,152.98,20.15M,-0.01%
11/9/2017,153.61,153.18,153.69,152.03,40.59M,-0.52%
11/8/2017,154.42,153.73,154.46,153.54,17.37M,0.40%
11/7/2017,153.8,153.59,154.0,153.26,21.33M,0.06%
11/6/2017,153.71,153.05,153.77,153.02,28.69M,0.34%
11/3/2017,153.19,152.31,153.21,151.76,26.20M,0.96%
11/2/2017,151.73,151.84,151.91,150.69,31.02M,-0.19%
11/1/2017,152.02,152.67,152.75,151.42,29.48M,-0.03%
10/31/2017,152.07,151.96,152.29,151.55,26.32M,0.38%
10/30/2017,151.5,151.0,152.11,150.91,31.73M,0.22%
10/27/2017,151.16,149.25,151.44,149.12,60.17M,2.91%
10/26/2017,146.88,147.28,147.63,146.84,28.23M,-0.32%
10/25/2017,147.35,147.62,148.1,146.25,36.18M,-0.38%
10/24/2017,147.91,147.92,148.22,147.36,20.29M,0.17%
10/23/2017,147.66,148.93,148.95,147.45,29.30M,-0.65%
10/20/2017,148.63,148.83,148.96,148.45,30.17M,0.27%
10/19/2017,148.23,147.94,148.25,147.19,27.68M,-0.37%
10/18/2017,148.78,149.13,149.13,148.56,17.22M,-0.12%
10/17/2017,148.96,148.71,148.98,148.49,13.14M,0.13%
10/16/2017,148.77,148.62,148.81,148.31,21.81M,0.34%
10/13/2017,148.26,148.32,148.43,147.7,18.41M,0.39%
10/12/2017,147.69,147.76,148.28,147.54,14.51M,-0.18%
10/11/2017,147.96,147.45,147.99,147.26,12.44M,0.30%
10/10/2017,147.52,147.9,148.06,146.87,19.22M,0.07%
10/9/2017,147.41,147.78,147.93,147.22,13.70M,-0.12%
10/6/2017,147.58,146.89,147.58,146.88,23.56M,0.14%
10/5/2017,147.38,146.46,147.46,146.33,31.56M,0.98%
10/4/2017,145.95,145.52,146.26,145.39,26.38M,0.10%
10/3/2017,145.81,145.66,145.98,145.37,19.72M,0.21%
10/2/2017,145.5,145.59,146.09,144.85,27.35M,0.09%
9/29/2017,145.37,144.62,145.48,144.24,43.10M,0.72%
9/28/2017,144.33,144.06,144.48,143.7,24.15M,-0.03%
9/27/2017,144.38,143.85,144.92,143.49,33.25M,0.90%
9/26/2017,143.09,143.43,143.72,142.6,29.63M,0.25%
9/25/2017,142.73,143.67,143.75,142.03,54.95M,-1.05%
9/22/2017,144.24,143.92,144.45,143.78,21.70M,-0.10%
9/21/2017,144.38,145.17,145.18,143.87,28.84M,-0.61%
9/20/2017,145.27,145.67,145.83,144.15,34.24M,-0.31%
9/19/2017,145.72,145.73,145.93,145.23,20.87M,0.17%
9/18/2017,145.47,145.8,146.29,145.03,24.86M,-0.35%
9/15/2017,145.98,145.48,146.51,145.21,46.42M,0.34%
9/14/2017,145.48,145.77,146.21,145.39,35.30M,-0.59%
9/13/2017,146.34,145.87,146.36,145.65,28.45M,0.14%
9/12/2017,146.14,146.17,146.33,145.45,30.26M,0.24%
9/11/2017,145.79,145.22,146.04,145.22,27.13M,1.15%
9/8/2017,144.13,145.2,145.27,143.98,27.89M,-0.87%
9/7/2017,145.39,145.32,145.76,144.86,22.72M,0.23%
9/6/2017,145.05,144.98,145.38,144.0,30.72M,0.30%
9/5/2017,144.61,145.47,145.8,143.52,45.48M,-0.90%
9/1/2017,145.92,146.28,146.51,145.53,22.29M,-0.14%
8/31/2017,146.12,144.95,146.13,144.9,38.48M,1.07%
8/30/2017,144.57,143.03,144.81,142.92,33.64M,1.18%
8/29/2017,142.89,141.11,143.13,140.99,24.50M,0.39%
8/28/2017,142.34,142.34,142.67,141.88,15.36M,0.31%
8/25/2017,141.9,142.73,143.1,141.71,26.38M,-0.21%
8/24/2017,142.2,142.95,143.09,141.4,38.16M,-0.29%
8/23/2017,142.62,142.43,142.93,142.31,25.70M,-0.35%
8/22/2017,143.12,141.73,143.27,141.69,36.29M,1.52%
8/21/2017,140.98,141.16,141.46,140.11,37.11M,-0.13%
8/18/2017,141.16,141.36,142.13,140.58,60.75M,-0.07%
8/17/2017,141.26,143.65,143.86,141.26,70.19M,-2.04%
8/16/2017,144.2,144.29,144.88,143.73,31.91M,0.17%
8/15/2017,143.95,144.14,144.23,143.56,25.51M,0.07%
8/14/2017,143.85,143.15,144.07,143.11,34.16M,1.28%
8/11/2017,142.03,141.17,142.34,140.83,45.86M,0.76%
8/10/2017,140.96,143.25,143.32,140.82,63.33M,-2.14%
8/9/2017,144.04,143.06,144.11,142.72,36.17M,-0.13%
8/8/2017,144.23,144.19,145.39,143.82,30.81M,-0.17%
8/7/2017,144.48,143.81,144.48,143.63,17.93M,0.63%
8/4/2017,143.57,143.57,143.89,142.98,29.47M,0.18%
8/3/2017,143.31,144.09,144.09,143.05,27.11M,-0.39%
8/2/2017,143.87,144.37,144.44,142.54,41.77M,0.27%
8/1/2017,143.48,143.62,143.68,143.04,20.15M,0.23%
7/31/2017,143.15,144.14,144.35,142.84,33.85M,-0.42%
7/28/2017,143.76,143.06,144.0,142.79,38.01M,-0.08%
7/27/2017,143.88,145.78,145.88,142.23,80.67M,-0.63%
7/26/2017,144.79,144.66,144.87,144.45,18.61M,0.33%
7/25/2017,144.32,144.21,144.66,143.93,28.12M,-0.26%
7/24/2017,144.69,143.99,144.79,143.84,26.71M,0.46%
7/21/2017,144.03,143.54,144.03,143.27,39.70M,-0.04%
7/20/2017,144.09,144.23,144.36,143.44,36.14M,0.13%
7/19/2017,143.9,143.45,144.11,143.42,33.75M,0.59%
7/18/2017,143.06,141.99,143.09,141.57,25.75M,0.66%
7/17/2017,142.12,142.18,142.62,141.85,25.34M,0.05%
7/14/2017,142.05,141.5,142.23,141.12,34.54M,0.79%
7/13/2017,140.94,140.78,141.28,140.53,31.07M,0.22%
7/12/2017,140.63,140.14,140.79,139.88,36.05M,1.19%
7/11/2017,138.98,138.37,139.15,137.87,31.52M,0.28%
7/10/2017,138.59,137.77,138.91,137.43,24.85M,0.65%
7/7/2017,137.69,136.67,138.06,136.67,36.97M,1.08%
7/6/2017,136.22,136.4,136.99,135.73,48.43M,-0.90%
7/5/2017,137.46,136.5,137.83,136.09,42.12M,0.98%
7/3/2017,136.12,138.18,138.36,136.03,32.80M,-1.05%
6/30/2017,137.57,137.93,138.6,137.12,68.90M,0.04%
6/29/2017,137.52,139.33,139.37,136.18,88.77M,-1.74%
6/28/2017,139.95,138.47,140.07,137.67,57.43M,1.44%
6/27/2017,137.96,140.0,140.15,137.95,65.96M,-1.81%
6/26/2017,140.51,141.93,142.22,140.2,34.41M,-0.47%
6/23/2017,141.17,140.46,141.35,140.08,21.65M,0.38%
6/22/2017,140.63,140.87,141.15,140.27,24.10M,-0.03%
6/21/2017,140.67,139.59,140.74,139.52,35.74M,0.99%
6/20/2017,139.29,140.24,140.43,139.24,40.94M,-0.78%
6/19/2017,140.39,139.38,140.52,139.21,39.63M,1.67%
6/16/2017,138.08,138.65,138.7,137.57,48.09M,-0.70%
6/15/2017,139.06,138.28,139.21,137.42,55.15M,-0.44%
6/14/2017,139.68,140.85,140.86,138.55,60.09M,-0.43%
6/13/2017,140.29,139.94,140.49,139.21,51.19M,0.81%
6/12/2017,139.16,138.77,139.41,137.4,104.45M,-0.54%
6/9/2017,139.91,143.65,143.82,138.04,109.78M,-2.49%
6/8/2017,143.49,143.66,143.72,142.72,25.42M,0.10%
6/7/2017,143.34,143.15,143.46,142.53,18.84M,0.39%
6/6/2017,142.78,143.2,143.65,142.58,22.39M,-0.40%
6/5/2017,143.35,143.36,143.6,143.15,15.73M,-0.02%
6/2/2017,143.38,142.27,143.41,142.04,37.22M,1.14%
6/1/2017,141.77,141.5,141.83,140.91,20.12M,0.39%
5/31/2017,141.22,141.73,141.77,140.5,33.23M,-0.04%
5/30/2017,141.27,141.06,141.43,140.99,20.31M,0.09%
5/26/2017,141.15,140.93,141.21,140.74,13.85M,0.18%
5/25/2017,140.9,140.24,141.26,139.94,23.93M,0.85%
5/24/2017,139.71,139.49,139.78,139.1,18.32M,0.46%
5/23/2017,139.07,139.35,139.35,138.71,19.69M,0.10%
5/22/2017,138.93,138.07,139.0,138.02,19.51M,0.84%
5/19/2017,137.77,137.64,138.35,137.59,36.73M,0.42%
5/18/2017,137.19,135.99,137.65,135.8,41.32M,0.88%
5/17/2017,136.0,138.48,138.7,135.98,55.64M,-2.54%
5/16/2017,139.55,139.29,139.57,138.92,21.79M,0.42%
5/15/2017,138.97,138.56,139.05,138.46,20.48M,0.32%
5/12/2017,138.53,138.3,138.56,138.16,19.74M,0.22%
5/11/2017,138.22,137.96,138.26,137.31,27.23M,-0.08%
5/10/2017,138.33,138.33,138.38,137.84,20.50M,0.06%
5/9/2017,138.25,137.98,138.56,137.86,28.43M,0.35%
5/8/2017,137.77,137.54,137.77,137.26,13.28M,0.22%
5/5/2017,137.47,137.32,137.47,136.81,19.33M,0.37%
5/4/2017,136.97,136.94,137.36,136.49,14.63M,0.04%
5/3/2017,136.92,137.07,137.1,136.54,23.83M,-0.32%
5/2/2017,137.36,137.31,137.42,136.95,18.35M,0.17%
5/1/2017,137.13,136.39,137.31,136.31,24.82M,0.89%
4/28/2017,135.92,136.21,136.27,135.7,22.77M,0.18%
4/27/2017,135.68,135.21,135.68,135.12,16.14M,0.60%
4/26/2017,134.87,135.1,135.44,134.79,25.40M,-0.14%
4/25/2017,135.06,134.51,135.3,134.41,19.38M,0.72%
4/24/2017,134.09,133.95,134.21,133.73,22.47M,1.21%
4/21/2017,132.49,132.63,132.69,132.15,22.45M,-0.02%
4/20/2017,132.52,131.97,132.81,131.75,21.98M,0.84%
4/19/2017,131.42,131.78,132.22,131.24,17.76M,0.16%
4/18/2017,131.21,130.94,131.59,130.88,12.84M,-0.15%
4/17/2017,131.41,130.73,131.43,130.65,13.33M,0.83%
4/13/2017,130.33,130.68,131.44,130.31,23.68M,-0.40%
4/12/2017,130.85,131.38,131.47,130.71,15.96M,-0.40%
4/11/2017,131.38,131.79,132.03,130.43,33.78M,-0.43%
4/10/2017,131.95,132.04,132.5,131.59,15.62M,0.04%
4/7/2017,131.9,131.92,132.3,131.43,16.74M,-0.05%
4/6/2017,131.97,132.05,132.32,131.63,18.83M,0.05%
4/5/2017,131.9,132.61,133.41,131.65,32.01M,-0.41%
4/4/2017,132.44,131.83,132.46,131.8,13.40M,0.16%
4/3/2017,132.23,132.41,132.74,131.49,23.70M,-0.06%
3/31/2017,132.31,132.2,132.67,132.06,19.84M,-0.07%
3/30/2017,132.4,132.15,132.54,132.01,16.09M,0.17%
3/29/2017,132.18,131.66,132.23,131.52,13.71M,0.46%
3/28/2017,131.57,130.74,131.96,130.48,23.72M,0.61%
3/27/2017,130.77,129.66,131.0,129.33,18.47M,0.16%
3/24/2017,130.56,130.71,131.22,130.06,22.97M,0.21%
3/23/2017,130.29,130.45,130.81,130.07,20.31M,-0.25%
3/22/2017,130.62,129.82,130.75,129.61,29.18M,0.68%
3/21/2017,129.74,132.24,132.36,129.66,35.84M,-1.52%
3/20/2017,131.74,131.58,132.04,131.39,10.11M,0.09%
3/17/2017,131.62,131.79,131.97,131.55,21.23M,-0.24%
3/16/2017,131.94,132.26,132.28,131.64,18.46M,-0.07%
3/15/2017,132.03,131.51,132.34,131.07,22.71M,0.62%
3/14/2017,131.22,131.24,131.29,130.69,14.02M,-0.24%
3/13/2017,131.54,131.27,131.57,131.2,10.73M,0.17%
3/10/2017,131.32,131.35,131.53,130.75,21.92M,0.42%
3/9/2017,130.77,130.64,130.95,130.07,20.86M,0.08%
3/8/2017,130.67,130.5,131.08,130.39,15.78M,0.18%
3/7/2017,130.44,130.38,131.01,130.21,15.50M,-0.17%
3/6/2017,130.66,130.49,130.88,130.14,12.03M,-0.22%
3/3/2017,130.95,130.58,130.99,130.27,13.72M,0.18%
3/2/2017,130.71,131.36,131.36,130.55,19.95M,-0.50%
3/1/2017,131.37,130.74,131.61,130.53,25.81M,1.09%
2/28/2017,129.95,130.32,130.38,129.59,16.60M,-0.31%
2/27/2017,130.35,129.95,130.36,129.73,12.01M,0.12%
2/24/2017,130.19,129.4,130.19,129.31,18.62M,0.19%
2/23/2017,129.94,130.63,130.63,129.42,17.49M,-0.38%
2/22/2017,130.43,130.25,130.52,130.04,12.11M,0.04%
2/21/2017,130.38,129.96,130.46,129.92,18.48M,0.49%
2/17/2017,129.74,129.02,129.75,128.97,15.56M,0.43%
2/16/2017,129.18,129.29,129.56,128.85,15.10M,-0.03%
2/15/2017,129.22,128.37,129.28,128.3,17.89M,0.59%
2/14/2017,128.46,128.08,128.47,127.67,16.33M,0.34%
2/13/2017,128.03,127.69,128.19,127.65,19.12M,0.57%
2/10/2017,127.31,127.13,127.49,126.95,13.92M,0.33%
2/9/2017,126.89,126.56,127.17,126.49,17.54M,0.36%
2/8/2017,126.43,126.05,126.61,125.81,12.57M,0.17%
2/7/2017,126.22,125.99,126.48,125.9,17.54M,0.37%
2/6/2017,125.76,125.35,125.78,125.28,11.63M,0.12%
2/3/2017,125.61,125.42,125.74,125.26,16.96M,0.29%
2/2/2017,125.25,125.14,125.63,124.79,15.10M,-0.09%
2/1/2017,125.36,125.35,125.61,124.79,22.86M,0.69%
1/31/2017,124.5,124.33,124.53,123.78,19.09M,-0.20%
1/30/2017,124.75,125.3,125.31,124.06,25.01M,-0.78%
1/27/2017,125.73,125.73,125.85,125.32,15.05M,0.19%
1/26/2017,125.49,125.52,125.75,125.28,16.05M,0.10%
1/25/2017,125.36,124.87,125.39,124.78,15.04M,1.01%
1/24/2017,124.11,123.53,124.3,123.32,17.64M,0.67%
1/23/2017,123.29,123.1,123.47,122.51,17.43M,0.08%
1/20/2017,123.19,123.45,123.76,122.86,22.09M,0.22%
1/19/2017,122.92,123.13,123.59,122.66,12.71M,-0.05%
1/18/2017,122.98,122.9,123.1,122.6,12.50M,0.20%
1/17/2017,122.73,122.73,122.97,122.37,14.54M,-0.30%
1/13/2017,123.1,122.75,123.31,122.74,16.93M,0.34%
1/12/2017,122.68,122.43,122.75,121.54,19.62M,-0.15%
1/11/2017,122.87,122.57,122.87,121.96,20.69M,0.27%
1/10/2017,122.54,122.31,122.91,122.04,16.18M,0.22%
1/9/2017,122.27,121.97,122.49,121.89,18.91M,0.33%
1/6/2017,121.87,120.93,122.19,120.62,24.07M,0.88%
1/5/2017,120.81,120.1,120.89,120.04,20.64M,0.57%
1/4/2017,120.13,119.61,120.35,119.59,19.75M,0.54%
1/3/2017,119.48,119.25,119.93,118.83,22.31M,0.90%
12/30/2016,118.42,119.87,119.89,118.08,41.75M,-1.03%
12/29/2016,119.65,119.8,120.07,119.27,13.27M,-0.14%
12/28/2016,119.82,121.0,121.13,119.73,17.98M,-0.78%
12/27/2016,120.76,120.38,121.46,120.35,16.11M,0.52%
12/23/2016,120.14,119.9,120.19,119.75,9.01M,0.07%
12/22/2016,120.06,120.4,120.44,119.59,16.64M,-0.28%
12/21/2016,120.4,120.51,120.62,120.13,7.08M,-0.07%
12/20/2016,120.49,120.37,120.71,120.27,11.46M,0.38%
12/19/2016,120.03,119.68,120.77,119.49,21.14M,0.41%
12/16/2016,119.54,120.22,120.52,119.3,26.28M,-0.66%
12/15/2016,120.34,120.31,121.05,120.02,22.76M,0.16%
12/14/2016,120.15,120.5,120.94,119.8,28.75M,-0.21%
12/13/2016,120.4,119.29,121.05,119.26,54.48M,1.26%
12/12/2016,118.9,118.89,119.15,118.41,23.26M,-0.45%
12/9/2016,119.44,118.97,119.48,118.94,21.86M,0.78%
12/8/2016,118.51,118.34,118.81,118.12,18.58M,0.18%
12/7/2016,118.3,116.58,118.45,116.23,26.62M,1.27%
12/6/2016,116.82,116.82,117.02,116.33,27.29M,0.24%
12/5/2016,116.54,116.26,117.0,115.71,21.42M,0.78%
12/2/2016,115.64,115.51,116.1,115.16,32.88M,0.20%
12/1/2016,115.41,117.4,117.41,115.23,39.80M,-1.73%
11/30/2016,117.44,119.0,119.07,117.4,30.41M,-1.21%
11/29/2016,118.88,118.57,119.45,118.24,18.55M,0.35%
11/28/2016,118.47,118.58,119.02,118.35,13.48M,-0.23%
11/25/2016,118.74,118.5,118.79,118.36,7.16M,0.32%
11/23/2016,118.36,118.45,118.58,117.84,22.93M,-0.40%
11/22/2016,118.84,118.91,119.13,118.55,18.85M,0.30%
11/21/2016,118.48,117.54,118.59,117.51,20.27M,1.04%
11/18/2016,117.26,117.77,118.04,117.15,16.43M,-0.37%
11/17/2016,117.7,116.8,117.72,116.55,20.60M,0.73%
11/16/2016,116.85,115.64,116.93,115.61,16.54M,0.59%
11/15/2016,116.16,115.41,116.56,115.27,31.80M,1.39%
11/14/2016,114.57,115.78,115.88,113.97,35.91M,-1.01%
11/11/2016,115.74,115.15,115.99,114.78,41.12M,0.04%
11/10/2016,115.69,118.08,118.32,114.14,72.83M,-1.62%
11/9/2016,117.59,115.65,117.78,115.54,70.23M,0.46%
11/8/2016,117.05,116.15,117.58,115.9,20.78M,0.65%
11/7/2016,116.29,115.39,116.41,115.24,26.59M,2.38%
11/4/2016,113.59,113.66,114.48,113.39,27.00M,-0.35%
11/3/2016,113.99,114.96,115.31,113.86,36.21M,-0.98%
11/2/2016,115.12,115.99,116.24,114.83,26.96M,-0.80%
11/1/2016,116.05,117.13,117.15,115.04,23.50M,-0.75%
10/31/2016,116.93,117.47,117.47,116.87,18.75M,-0.09%
10/28/2016,117.04,117.41,118.05,116.68,35.37M,-0.63%
10/27/2016,117.78,118.84,118.93,117.61,19.10M,-0.46%
10/26/2016,118.32,118.35,118.97,117.97,20.46M,-0.68%
10/25/2016,119.13,119.56,119.6,118.95,20.34M,-0.32%
10/24/2016,119.51,118.87,119.59,118.83,19.14M,1.20%
10/21/2016,118.09,117.74,118.16,117.35,15.71M,0.37%
10/20/2016,117.65,117.62,117.91,116.97,18.13M,-0.12%
10/19/2016,117.79,117.71,117.96,117.58,13.70M,-0.01%
10/18/2016,117.8,118.12,118.35,117.74,19.28M,0.89%
10/17/2016,116.76,117.04,117.24,116.61,14.18M,-0.27%
10/14/2016,117.08,117.52,117.99,117.01,21.31M,0.12%
10/13/2016,116.94,116.57,117.26,115.88,22.82M,-0.36%
10/12/2016,117.36,117.51,117.76,117.0,14.27M,-0.09%
10/11/2016,117.46,119.04,119.08,116.94,27.77M,-1.43%
10/10/2016,119.16,119.0,119.42,118.97,19.69M,0.63%
10/7/2016,118.41,118.8,118.95,117.83,19.98M,-0.22%
10/6/2016,118.67,118.57,118.92,118.09,11.99M,-0.05%
10/5/2016,118.73,118.64,119.11,118.61,14.48M,0.36%
10/4/2016,118.31,118.8,119.1,117.86,21.24M,-0.15%
10/3/2016,118.49,118.47,118.64,118.03,19.22M,-0.14%
9/30/2016,118.66,118.08,119.01,117.97,25.54M,0.75%
9/29/2016,117.78,118.45,118.66,117.27,27.21M,-0.72%
9/28/2016,118.64,118.56,118.71,118.03,14.79M,0.17%
9/27/2016,118.44,117.25,118.49,117.09,20.24M,0.99%
9/26/2016,117.28,117.6,117.74,117.11,16.40M,-0.84%
9/23/2016,118.27,118.86,118.94,118.1,22.21M,-0.64%
9/22/2016,119.03,118.79,119.16,118.66,22.61M,0.80%
9/21/2016,118.09,117.42,118.26,116.75,31.55M,0.98%
9/20/2016,116.94,117.13,117.42,116.74,18.08M,0.19%
9/19/2016,116.72,117.51,117.89,116.49,16.22M,-0.44%
9/16/2016,117.23,117.16,117.35,116.65,27.60M,-0.30%
9/15/2016,117.58,115.83,117.75,115.8,39.47M,1.55%
9/14/2016,115.78,115.37,116.41,115.32,28.22M,0.48%
9/13/2016,115.23,115.67,116.03,114.67,45.86M,-0.89%
9/12/2016,116.27,113.58,116.43,113.57,39.65M,1.79%
9/9/2016,114.22,116.17,116.45,114.2,50.81M,-2.52%
9/8/2016,117.17,117.51,117.54,116.86,20.13M,-0.59%
9/7/2016,117.86,117.89,118.06,117.41,17.55M,0.06%
9/6/2016,117.79,117.23,117.79,117.0,18.53M,0.62%
9/2/2016,117.06,117.26,117.5,116.62,18.09M,0.33%
9/1/2016,116.68,116.42,116.82,115.85,20.94M,0.26%
8/31/2016,116.38,116.32,116.5,115.89,16.17M,-0.10%
8/30/2016,116.5,116.67,117.03,116.1,19.84M,-0.33%
8/29/2016,116.88,116.75,117.19,116.73,11.18M,0.14%
8/26/2016,116.72,116.6,117.48,116.02,23.90M,0.15%
8/25/2016,116.55,116.42,116.91,116.3,24.27M,-0.16%
8/24/2016,116.74,117.43,117.58,116.35,17.73M,-0.65%
8/23/2016,117.5,117.73,117.95,117.45,12.00M,0.18%
8/22/2016,117.29,117.03,117.49,116.81,14.50M,0.08%
8/19/2016,117.2,117.04,117.46,116.7,18.74M,-0.03%
8/18/2016,117.23,117.09,117.4,116.88,10.04M,0.03%
8/17/2016,117.2,117.02,117.24,116.37,15.98M,0.18%
8/16/2016,116.99,117.41,117.43,116.97,14.16M,-0.55%
8/15/2016,117.64,117.27,117.91,117.25,11.78M,0.43%
8/12/2016,117.14,116.85,117.15,116.73,19.38M,0.07%
8/11/2016,117.06,116.95,117.31,116.72,12.97M,0.43%
8/10/2016,116.56,116.9,116.96,116.25,14.69M,-0.26%
8/9/2016,116.86,116.67,117.23,116.61,13.28M,0.23%
8/8/2016,116.59,116.76,116.81,116.22,12.36M,-0.11%
8/5/2016,116.72,116.22,116.98,116.07,23.20M,0.96%
8/4/2016,115.61,115.26,115.72,114.97,12.84M,0.29%
8/3/2016,115.28,114.82,115.29,114.74,15.01M,0.33%
8/2/2016,114.9,115.62,115.71,114.16,21.28M,-0.76%
8/1/2016,115.78,115.25,118.72,115.11,13.99M,0.53%
7/29/2016,115.17,115.18,115.48,114.81,22.39M,0.22%
7/28/2016,114.92,114.7,115.05,114.34,16.94M,0.35%
7/27/2016,114.52,114.7,114.82,114.04,27.65M,0.69%
7/26/2016,113.73,113.57,114.14,113.16,21.22M,0.11%
7/25/2016,113.6,113.5,113.63,113.22,12.97M,0.01%
7/22/2016,113.59,113.22,113.72,112.85,20.00M,0.42%
7/21/2016,113.12,113.46,113.68,112.81,18.89M,-0.23%
7/20/2016,113.38,112.69,113.59,112.54,25.00M,1.17%
7/19/2016,112.07,112.11,112.42,111.87,18.94M,-0.36%
7/18/2016,112.48,111.8,112.68,111.79,20.71M,0.66%
7/15/2016,111.74,112.16,112.24,111.49,18.00M,-0.16%
7/14/2016,111.92,111.9,112.13,111.64,20.87M,0.68%
7/13/2016,111.16,111.73,111.76,111.15,21.11M,-0.24%
7/12/2016,111.43,111.53,111.73,111.28,21.91M,0.51%
7/11/2016,110.87,110.62,111.28,110.6,20.22M,0.57%
7/8/2016,110.24,109.11,110.3,108.96,29.46M,1.55%
7/7/2016,108.56,108.33,108.8,108.05,19.16M,0.30%
7/6/2016,108.24,106.86,108.29,106.51,24.58M,0.82%
7/5/2016,107.36,107.52,107.6,106.78,21.17M,-0.61%
7/1/2016,108.02,107.43,108.42,107.39,19.90M,0.50%
6/30/2016,107.48,106.46,107.55,106.07,36.30M,1.16%
6/29/2016,106.25,105.2,106.47,105.18,31.36M,1.76%
6/28/2016,104.41,103.28,104.46,103.25,28.26M,2.19%
6/27/2016,102.17,103.55,103.55,101.7,50.04M,-1.99%
6/24/2016,104.24,104.75,106.44,104.01,68.01M,-4.11%
6/23/2016,108.71,108.03,108.73,107.56,18.71M,1.43%
6/22/2016,107.18,107.52,108.13,107.09,22.72M,-0.24%
6/21/2016,107.44,107.27,107.66,107.04,22.80M,0.32%
6/20/2016,107.1,107.67,108.18,107.02,20.56M,0.63%
6/17/2016,106.43,107.47,107.63,106.18,29.21M,-1.44%
6/16/2016,107.98,107.11,108.08,106.44,32.08M,0.30%
6/15/2016,107.66,108.26,108.38,107.48,24.61M,-0.29%
6/14/2016,107.97,107.72,108.36,107.18,24.59M,0.00%
6/13/2016,107.97,108.28,108.87,107.83,25.41M,-0.84%
6/10/2016,108.88,109.14,109.34,108.5,32.97M,-1.14%
6/9/2016,110.13,109.87,110.25,109.65,17.57M,-0.16%
6/8/2016,110.31,110.31,110.54,109.9,14.57M,0.17%
6/7/2016,110.12,110.47,110.57,110.07,12.18M,-0.25%
6/6/2016,110.4,110.19,110.69,110.01,12.50M,0.36%
6/3/2016,110.0,110.31,110.36,109.28,20.27M,-0.47%
6/2/2016,110.52,110.07,110.53,109.47,15.70M,0.21%
6/1/2016,110.29,109.94,110.54,109.85,19.57M,0.01%
5/31/2016,110.28,110.22,110.45,109.73,24.37M,0.19%
5/27/2016,110.07,109.59,110.08,109.55,19.87M,0.52%
5/26/2016,109.5,109.29,109.64,109.03,21.89M,0.29%
5/25/2016,109.18,108.8,109.51,108.63,38.46M,0.72%
5/24/2016,108.4,106.86,108.53,106.83,29.93M,2.00%
5/23/2016,106.27,106.49,106.91,106.17,15.73M,-0.13%
5/20/2016,106.41,105.68,106.84,105.61,29.55M,1.10%
5/19/2016,105.25,105.39,105.65,104.49,27.33M,-0.52%
5/18/2016,105.8,105.23,106.37,104.98,28.18M,0.36%
5/17/2016,105.42,106.68,106.98,105.14,29.93M,-1.26%
5/16/2016,106.76,105.61,107.15,105.5,18.31M,1.25%
5/13/2016,105.44,105.79,106.39,105.23,21.06M,-0.37%
5/12/2016,105.83,106.62,106.68,105.08,29.20M,-0.44%
5/11/2016,106.3,107.1,107.43,106.27,20.97M,-0.90%
5/10/2016,107.27,106.2,107.32,106.01,21.18M,1.37%
5/9/2016,105.82,105.55,106.31,105.48,19.29M,0.28%
5/6/2016,105.52,104.46,105.54,104.35,30.76M,0.53%
5/5/2016,104.96,105.37,105.6,104.75,20.79M,-0.03%
5/4/2016,104.99,105.06,105.43,104.74,27.47M,-0.64%
5/3/2016,105.67,105.9,106.38,105.39,38.57M,-0.93%
5/2/2016,106.66,105.91,106.81,105.5,24.81M,0.95%
4/29/2016,105.66,106.16,106.44,104.82,67.50M,-0.53%
4/28/2016,106.22,107.63,108.28,106.01,29.82M,-1.21%
4/27/2016,107.52,107.28,107.77,106.63,33.06M,-0.80%
4/26/2016,108.39,109.14,109.33,108.06,19.12M,-0.49%
4/25/2016,108.92,108.56,108.93,108.39,14.35M,0.00%
4/22/2016,108.92,109.15,109.66,108.06,39.07M,-1.51%
4/21/2016,110.59,110.52,110.99,110.09,20.22M,0.01%
4/20/2016,110.58,110.48,111.09,110.11,18.08M,0.08%
4/19/2016,110.49,111.38,111.38,109.82,42.48M,-0.61%
4/18/2016,111.17,110.27,111.21,110.19,17.13M,0.53%
4/15/2016,110.58,110.77,111.0,110.3,21.35M,-0.25%
4/14/2016,110.86,109.94,111.27,109.94,17.20M,0.01%
4/13/2016,110.85,110.26,111.02,110.15,25.36M,1.28%
4/12/2016,109.45,108.6,109.66,107.96,28.56M,0.84%
4/11/2016,108.54,109.42,109.96,108.53,25.77M,-0.37%
4/8/2016,108.94,109.71,109.96,108.56,22.90M,-0.07%
4/7/2016,109.02,109.98,110.17,108.55,28.57M,-1.44%
4/6/2016,110.61,108.94,110.65,108.93,25.06M,1.64%
4/5/2016,108.82,109.02,109.44,108.68,20.11M,-0.96%
4/4/2016,109.88,110.25,110.38,109.62,17.16M,-0.38%
4/1/2016,110.3,108.52,110.34,108.33,26.39M,1.06%
3/31/2016,109.14,109.24,109.63,108.97,21.45M,-0.15%
3/30/2016,109.3,109.42,109.98,109.07,23.81M,0.49%
3/29/2016,108.77,106.87,108.84,106.67,29.96M,1.61%
3/28/2016,107.05,107.5,107.52,106.86,13.89M,-0.14%
3/24/2016,107.2,106.61,107.23,106.47,19.02M,0.03%
3/23/2016,107.17,107.85,107.93,106.93,20.91M,-0.82%
3/22/2016,108.06,107.12,108.31,107.1,18.84M,0.31%
3/21/2016,107.73,107.1,107.83,107.06,17.29M,0.39%
3/18/2016,107.31,107.4,107.58,106.74,37.68M,-0.14%
3/17/2016,107.46,107.2,107.71,106.81,29.62M,-0.06%
3/16/2016,107.52,106.31,107.8,106.28,31.69M,0.89%
3/15/2016,106.57,106.21,106.69,105.89,26.52M,-0.04%
3/14/2016,106.61,106.02,106.86,106.0,25.37M,0.17%
3/11/2016,106.43,105.74,106.43,105.4,31.45M,1.74%
3/10/2016,104.61,105.25,105.8,103.26,45.00M,-0.14%
3/9/2016,104.76,104.52,104.78,103.91,31.05M,0.63%
3/8/2016,104.1,104.25,105.16,103.92,28.90M,-0.82%
3/7/2016,104.96,105.06,105.68,104.22,25.86M,-0.62%
3/4/2016,105.61,105.7,106.29,104.91,31.66M,0.04%
3/3/2016,105.57,105.65,105.69,104.81,25.47M,-0.19%
3/2/2016,105.77,105.57,105.79,104.95,29.21M,0.04%
3/1/2016,105.73,103.4,105.73,103.11,37.70M,3.20%
2/29/2016,102.45,103.26,104.05,102.45,27.55M,-0.95%
2/26/2016,103.38,104.23,104.31,103.13,30.93M,-0.13%
2/25/2016,103.51,102.71,103.51,101.79,29.39M,0.99%
2/24/2016,102.5,100.39,102.63,99.72,40.74M,0.96%
2/23/2016,101.53,102.62,102.91,101.46,29.87M,-1.65%
2/22/2016,103.23,102.49,103.33,102.43,23.98M,1.62%
2/19/2016,101.58,100.86,101.89,100.56,28.26M,0.30%
2/18/2016,101.28,102.76,102.79,101.15,38.99M,-1.14%
2/17/2016,102.45,100.96,102.59,100.65,41.77M,2.27%
2/16/2016,100.18,99.39,100.18,98.8,40.57M,2.26%
2/12/2016,97.97,97.63,98.07,96.68,49.19M,1.52%
2/11/2016,96.5,95.4,97.27,95.14,76.84M,-0.14%
2/10/2016,96.64,97.45,98.64,96.57,59.42M,0.38%
2/9/2016,96.27,95.31,97.73,95.13,73.78M,-0.31%
2/8/2016,96.57,96.28,97.0,94.79,91.67M,-1.53%
2/5/2016,98.07,101.24,101.28,97.67,70.75M,-3.47%
2/4/2016,101.6,101.3,102.4,100.39,49.32M,-0.01%
2/3/2016,101.61,102.75,102.78,99.83,61.57M,-0.48%
2/2/2016,102.1,103.92,103.92,101.79,44.93M,-2.17%
2/1/2016,104.36,103.57,104.74,103.18,32.75M,0.27%
1/29/2016,104.08,101.95,104.12,101.89,54.25M,2.09%
1/28/2016,101.95,102.14,102.24,100.21,47.64M,1.41%
1/27/2016,100.53,102.5,102.94,100.1,54.52M,-2.49%
1/26/2016,103.1,102.6,103.54,101.71,36.14M,0.90%
1/25/2016,102.18,103.41,103.94,102.09,38.88M,-1.48%
1/22/2016,103.72,102.79,103.76,102.48,42.23M,2.90%
1/21/2016,100.8,101.14,102.3,99.77,61.66M,0.10%
1/20/2016,100.7,99.43,101.78,97.2,86.67M,-0.31%
1/19/2016,101.01,102.15,102.32,99.83,56.56M,0.22%
1/15/2016,100.79,100.52,101.89,99.46,91.44M,-3.11%
1/14/2016,104.02,102.25,104.92,100.62,78.45M,2.13%
1/13/2016,101.85,105.94,106.17,101.69,69.87M,-3.44%
1/12/2016,105.48,105.25,106.02,104.03,46.73M,1.15%
1/11/2016,104.28,104.73,105.0,102.68,50.02M,0.31%
1/8/2016,103.96,105.61,106.23,103.85,69.34M,-0.81%
1/7/2016,104.81,105.9,107.23,104.75,61.39M,-3.13%
1/6/2016,108.2,107.37,108.83,107.35,41.89M,-0.96%
1/5/2016,109.25,109.98,110.12,108.74,38.80M,-0.17%
1/4/2016,109.44,109.37,109.54,108.06,50.81M,-2.11%
12/31/2015,111.8,112.81,113.02,111.78,29.89M,-1.25%
12/30/2015,113.21,114.1,114.18,113.19,19.52M,-0.90%
12/29/2015,114.24,113.16,114.48,113.07,27.73M,1.57%
12/28/2015,112.47,112.26,112.49,111.45,19.18M,-0.05%
12/24/2015,112.53,112.51,112.84,112.48,11.48M,-0.02%
12/23/2015,112.55,112.28,112.63,112.1,25.66M,0.74%
12/22/2015,111.72,111.59,111.88,110.99,26.54M,0.66%
12/21/2015,110.99,110.81,111.01,109.99,26.43M,1.11%
12/18/2015,109.77,111.52,111.82,109.77,53.75M,-2.22%
12/17/2015,112.26,114.4,114.42,112.24,45.67M,-1.46%
12/16/2015,113.92,113.01,114.11,111.83,44.94M,1.49%
12/15/2015,112.25,112.54,113.22,112.11,48.43M,0.61%
12/14/2015,111.57,110.92,111.62,109.32,53.10M,0.76%
12/11/2015,110.73,112.03,112.33,110.66,56.02M,-2.30%
12/10/2015,113.34,113.09,114.1,112.75,30.15M,0.45%
12/9/2015,112.83,114.05,114.7,112.14,48.51M,-1.52%
12/8/2015,114.57,113.38,114.93,113.32,30.79M,0.01%
12/7/2015,114.56,115.16,115.23,114.01,25.89M,-0.45%
12/4/2015,115.08,112.78,115.27,112.56,40.04M,2.34%
12/3/2015,112.45,114.7,114.9,111.78,42.75M,-1.70%
12/2/2015,114.39,115.17,115.69,114.22,22.40M,-0.62%
12/1/2015,115.1,114.41,115.1,114.28,28.64M,1.00%
11/30/2015,113.96,114.54,114.59,113.59,25.04M,-0.25%
11/27/2015,114.25,114.33,114.48,113.86,8.83M,0.14%
11/25/2015,114.09,114.13,114.3,113.85,14.16M,0.09%
11/24/2015,113.99,113.36,114.26,112.78,26.37M,-0.09%
11/23/2015,114.09,114.47,114.88,113.6,20.70M,-0.29%
11/20/2015,114.42,114.18,114.51,114.08,22.73M,0.68%
11/19/2015,113.65,113.62,114.17,113.43,26.19M,0.07%
11/18/2015,113.57,111.88,113.68,111.77,32.97M,1.92%
11/17/2015,111.43,111.55,112.23,111.15,30.58M,0.06%
11/16/2015,111.36,109.68,111.38,109.42,33.98M,1.44%
11/13/2015,109.78,111.51,111.63,109.72,52.84M,-1.96%
11/12/2015,111.98,112.59,113.17,111.9,31.20M,-0.97%
11/11/2015,113.08,113.53,114.08,112.89,22.75M,-0.12%
11/10/2015,113.22,112.91,113.33,112.57,35.45M,-0.26%
11/9/2015,113.51,114.3,114.45,112.81,33.48M,-1.06%
11/6/2015,114.73,114.43,114.86,113.7,29.92M,0.07%
11/5/2015,114.65,115.06,115.33,114.05,25.00M,-0.27%
11/4/2015,114.96,115.33,115.41,114.48,28.63M,0.01%
11/3/2015,114.95,114.32,115.36,114.15,20.42M,0.35%
11/2/2015,114.55,113.57,114.68,113.33,22.18M,1.13%
10/30/2015,113.27,113.83,114.02,113.24,27.20M,-0.45%
10/29/2015,113.78,113.44,113.97,113.32,24.91M,-0.16%
10/28/2015,113.96,113.19,113.96,112.28,42.22M,0.83%
10/27/2015,113.02,112.49,113.18,112.46,31.39M,0.20%
10/26/2015,112.79,112.64,113.01,112.21,25.92M,0.06%
10/23/2015,112.72,112.6,113.18,112.01,53.17M,2.80%
10/22/2015,109.65,108.42,109.74,108.11,42.78M,2.04%
10/21/2015,107.46,108.67,108.78,107.42,30.20M,-0.61%
10/20/2015,108.12,108.49,108.72,107.75,23.40M,-0.52%
10/19/2015,108.68,107.92,108.75,107.68,23.78M,0.57%
10/16/2015,108.06,107.84,108.12,107.32,27.09M,0.42%
10/15/2015,107.61,106.26,107.62,106.12,38.39M,1.64%
10/14/2015,105.87,106.04,106.57,105.43,30.90M,-0.16%
10/13/2015,106.04,106.12,107.2,105.94,27.00M,-0.65%
10/12/2015,106.73,106.67,106.93,106.29,16.16M,0.24%
10/9/2015,106.47,106.04,106.67,105.75,23.92M,0.45%
10/8/2015,105.99,105.17,106.17,104.16,50.19M,0.40%
10/7/2015,105.57,105.6,105.8,104.24,37.39M,0.60%
10/6/2015,104.94,105.19,105.54,104.13,33.05M,-0.47%
10/5/2015,105.44,104.72,105.72,104.5,32.85M,1.42%
10/2/2015,103.96,100.75,103.96,100.43,59.37M,1.75%
10/1/2015,102.17,101.89,102.18,100.54,39.34M,0.45%
9/30/2015,101.71,100.84,101.82,100.45,41.41M,2.30%
9/29/2015,99.42,100.19,101.21,98.7,49.32M,-0.52%
9/28/2015,99.94,102.43,102.5,99.64,44.08M,-2.85%
9/25/2015,102.87,104.85,104.95,102.23,44.70M,-0.85%
9/24/2015,103.75,103.12,104.14,102.22,38.28M,-0.36%
9/23/2015,104.13,104.33,104.61,103.59,21.78M,0.08%
9/22/2015,104.05,104.01,104.37,103.08,47.36M,-1.49%
9/21/2015,105.62,105.87,106.49,104.68,35.77M,0.31%
9/18/2015,105.29,105.17,106.54,105.11,48.38M,-1.66%
9/17/2015,107.07,106.92,108.67,106.58,56.14M,0.04%
9/16/2015,107.03,106.45,107.13,106.08,31.33M,0.56%
9/15/2015,106.43,105.44,106.76,105.05,30.02M,1.18%
9/14/2015,105.19,105.9,105.92,104.79,19.72M,-0.30%
9/11/2015,105.51,104.46,105.51,104.16,29.11M,0.55%
9/10/2015,104.93,103.69,105.62,103.57,47.69M,1.08%
9/9/2015,103.81,106.22,106.25,103.54,47.15M,-1.11%
9/8/2015,104.98,104.07,105.11,103.64,37.34M,2.81%
9/4/2015,102.11,101.92,102.79,101.54,49.38M,-1.19%
9/3/2015,103.34,104.26,104.96,103.05,45.13M,-0.49%
9/2/2015,103.85,102.83,103.87,101.65,43.96M,2.82%
9/1/2015,101.0,101.66,103.24,100.58,73.16M,-3.13%
8/31/2015,104.26,104.97,105.55,104.0,39.55M,-1.23%
8/28/2015,105.56,105.02,105.94,104.79,49.92M,-0.02%
8/27/2015,105.58,104.47,105.65,103.23,69.38M,2.52%
8/26/2015,102.98,100.91,103.18,98.88,104.10M,5.04%
8/25/2015,98.04,102.02,102.69,97.96,75.09M,-0.38%
8/24/2015,98.41,94.18,102.48,84.7,150.83M,-3.85%
8/21/2015,102.35,105.51,106.41,102.35,97.76M,-4.36%
8/20/2015,107.02,109.05,109.4,107.01,57.75M,-2.77%
8/19/2015,110.07,110.46,111.05,109.43,42.51M,-0.66%
8/18/2015,110.8,111.22,111.31,110.65,13.98M,-0.51%
8/17/2015,111.37,110.18,111.4,109.9,21.22M,0.83%
8/14/2015,110.45,110.02,110.61,109.8,17.92M,0.15%
8/13/2015,110.28,110.57,111.1,110.04,22.51M,-0.16%
8/12/2015,110.46,109.32,110.68,108.16,41.89M,0.35%
8/11/2015,110.08,110.92,111.35,109.47,36.12M,-1.28%
8/10/2015,111.51,110.95,111.75,110.94,21.50M,1.14%
8/7/2015,110.25,110.12,110.51,109.34,30.01M,-0.13%
8/6/2015,110.39,112.29,112.44,109.89,42.13M,-1.60%
8/5/2015,112.19,111.95,112.94,111.82,28.99M,0.77%
8/4/2015,111.33,111.49,111.69,110.87,22.13M,-0.19%
8/3/2015,111.54,111.91,112.22,110.8,25.00M,-0.31%
7/31/2015,111.89,112.37,112.43,111.66,22.08M,-0.12%
7/30/2015,112.02,111.23,112.21,110.56,25.44M,0.48%
7/29/2015,111.49,111.31,111.73,110.88,26.71M,0.38%
7/28/2015,111.07,110.61,111.29,109.73,33.55M,0.86%
7/27/2015,110.12,110.41,110.89,109.88,35.99M,-0.83%
7/24/2015,111.04,112.74,112.94,110.87,30.84M,-0.98%
7/23/2015,112.14,112.67,113.04,111.85,25.70M,-0.37%
7/22/2015,112.56,112.11,113.11,112.11,35.57M,-1.13%
7/21/2015,113.85,113.96,114.14,113.52,35.47M,-0.06%
7/20/2015,113.92,113.77,114.33,113.42,26.54M,0.34%
7/17/2015,113.53,112.78,113.53,112.59,35.93M,1.47%
7/16/2015,111.88,111.23,111.9,111.01,29.84M,1.41%
7/15/2015,110.32,110.41,110.75,110.01,28.63M,0.11%
7/14/2015,110.2,109.63,110.5,109.57,21.98M,0.66%
7/13/2015,109.48,108.52,109.57,108.51,25.78M,1.76%
7/10/2015,107.59,107.38,107.99,106.99,26.42M,1.53%
7/9/2015,105.97,107.44,107.54,105.96,28.38M,-0.06%
7/8/2015,106.03,107.14,107.27,105.84,39.69M,-1.74%
7/7/2015,107.91,107.76,108.01,105.77,44.23M,0.25%
7/6/2015,107.64,107.21,108.26,106.98,24.31M,-0.23%
7/2/2015,107.89,108.17,108.26,107.56,20.50M,0.03%
7/1/2015,107.86,108.07,108.29,107.36,21.29M,0.79%
6/30/2015,107.01,107.43,107.66,106.68,34.81M,0.36%
6/29/2015,106.63,108.0,108.6,106.58,50.87M,-2.36%
6/26/2015,109.21,109.92,110.17,108.8,32.31M,-0.66%
6/25/2015,109.94,110.59,110.7,109.76,18.33M,-0.20%
6/24/2015,110.16,110.6,111.07,110.13,15.82M,-0.51%
6/23/2015,110.73,110.76,110.83,110.27,18.13M,0.08%
6/22/2015,110.64,110.64,110.97,110.39,19.12M,0.74%
6/19/2015,109.83,110.43,110.52,109.75,27.88M,-0.72%
6/18/2015,110.63,109.44,110.82,109.38,43.03M,1.46%
6/17/2015,109.04,108.92,109.39,108.37,23.30M,0.28%
6/16/2015,108.74,108.04,108.92,107.99,16.46M,0.55%
6/15/2015,108.15,107.88,108.32,107.25,31.24M,-0.50%
6/12/2015,108.69,109.01,109.24,108.54,27.20M,-0.82%
6/11/2015,109.59,109.8,110.09,109.4,17.59M,0.15%
6/10/2015,109.43,108.32,109.75,108.2,30.30M,1.37%
6/9/2015,107.95,107.87,108.34,107.14,27.55M,-0.17%
6/8/2015,108.13,109.19,109.27,107.91,24.55M,-1.02%
6/5/2015,109.24,109.37,109.63,108.57,22.64M,-0.24%
6/4/2015,109.5,109.72,110.42,109.15,31.37M,-0.76%
6/3/2015,110.34,110.51,110.75,110.07,20.51M,0.30%
6/2/2015,110.01,109.95,110.55,109.41,19.45M,-0.32%
6/1/2015,110.36,110.58,110.66,109.46,24.57M,0.34%
5/29/2015,109.99,110.58,110.73,109.73,30.38M,-0.60%
5/28/2015,110.65,110.69,110.95,110.31,17.30M,-0.23%
5/27/2015,110.9,109.47,111.02,109.23,30.57M,1.61%
5/26/2015,109.14,110.17,110.32,108.7,25.49M,-1.15%
5/22/2015,110.41,110.39,110.81,110.32,13.54M,-0.10%
5/21/2015,110.52,109.76,110.67,109.6,16.77M,0.52%
5/20/2015,109.95,109.96,110.61,109.37,21.13M,0.06%
5/19/2015,109.88,110.12,110.29,109.7,14.21M,-0.11%
5/18/2015,110.0,109.34,110.22,109.26,17.63M,0.44%
5/15/2015,109.52,109.8,109.95,109.25,23.94M,0.00%
5/14/2015,109.52,108.82,109.61,108.42,23.90M,1.46%
5/13/2015,107.94,108.19,108.75,107.78,20.74M,0.20%
5/12/2015,107.72,107.57,108.27,106.74,33.67M,-0.45%
5/11/2015,108.21,108.7,108.92,108.13,19.68M,-0.39%
5/8/2015,108.63,108.4,108.86,108.24,33.02M,1.25%
5/7/2015,107.29,106.62,107.59,106.54,29.34M,0.60%
5/6/2015,106.65,107.58,107.89,105.94,42.69M,-0.69%
5/5/2015,107.39,108.74,108.94,107.34,47.84M,-1.63%
5/4/2015,109.17,109.34,109.85,109.11,23.51M,0.17%
5/1/2015,108.99,107.99,109.06,107.97,32.87M,1.32%
4/30/2015,107.57,108.67,109.11,107.0,44.08M,-1.57%
4/29/2015,109.29,109.37,110.01,108.69,34.04M,-0.63%
4/28/2015,109.98,110.28,110.49,109.05,36.85M,-0.20%
4/27/2015,110.2,110.89,111.1,109.96,31.12M,-0.25%
4/24/2015,110.48,110.15,110.63,109.97,32.51M,1.36%
4/23/2015,109.0,108.22,109.49,108.2,29.47M,0.38%
4/22/2015,108.59,108.28,108.77,107.58,21.43M,0.55%
4/21/2015,108.0,108.16,108.35,107.87,22.76M,0.43%
4/20/2015,107.54,106.48,107.73,106.44,28.95M,1.50%
4/17/2015,105.95,106.6,106.89,105.49,46.51M,-1.56%
4/16/2015,107.63,107.49,107.82,107.34,16.20M,-0.14%
4/15/2015,107.78,107.39,108.01,107.26,21.13M,0.63%
4/14/2015,107.11,107.31,107.62,106.5,23.76M,-0.29%
4/13/2015,107.42,107.77,108.32,107.3,17.78M,-0.25%
4/10/2015,107.69,107.21,107.7,106.97,17.16M,0.41%
4/9/2015,107.25,106.53,107.29,106.17,23.11M,0.63%
4/8/2015,106.58,105.78,106.73,105.77,25.87M,0.79%
4/7/2015,105.74,105.86,106.64,105.74,19.38M,-0.17%
4/6/2015,105.92,104.45,106.21,104.29,24.45M,0.82%
4/2/2015,105.06,105.09,105.4,104.72,19.16M,0.07%
4/1/2015,104.99,105.54,105.56,104.32,32.97M,-0.52%
3/31/2015,105.54,106.37,106.59,105.51,30.49M,-1.06%
3/30/2015,106.67,106.1,106.76,106.1,30.57M,1.15%
3/27/2015,105.46,105.02,105.71,104.86,33.88M,0.40%
3/26/2015,105.04,104.54,105.64,104.19,47.85M,-0.34%
3/25/2015,105.4,108.04,108.14,105.36,41.58M,-2.29%
3/24/2015,107.87,108.25,108.75,107.85,22.45M,-0.36%
3/23/2015,108.26,108.41,108.71,108.22,17.27M,-0.19%
3/20/2015,108.47,108.66,109.01,108.45,31.76M,0.42%
3/19/2015,108.02,107.97,108.32,107.81,31.31M,0.15%
3/18/2015,107.86,106.52,108.35,105.97,40.62M,0.98%
3/17/2015,106.81,106.35,106.98,106.1,19.60M,0.16%
3/16/2015,106.64,105.67,106.68,105.56,25.67M,1.29%
3/13/2015,105.28,105.64,106.06,104.63,42.02M,-0.44%
3/12/2015,105.74,104.97,105.86,104.9,21.47M,0.66%
3/11/2015,105.05,105.82,105.95,105.01,25.46M,-0.58%
3/10/2015,105.66,106.89,106.92,105.66,34.23M,-1.86%
3/9/2015,107.66,107.57,107.93,107.13,26.24M,0.29%
3/6/2015,107.35,108.44,108.65,107.08,30.99M,-1.13%
3/5/2015,108.58,108.67,108.91,108.13,15.38M,0.18%
3/4/2015,108.39,108.45,108.61,107.8,21.01M,-0.39%
3/3/2015,108.81,108.99,109.1,108.12,20.79M,-0.47%
3/2/2015,109.32,108.55,109.36,108.53,22.99M,0.90%
2/27/2015,108.34,108.78,108.85,108.17,27.76M,-0.44%
2/26/2015,108.82,108.38,108.88,108.08,22.26M,0.51%
2/25/2015,108.27,108.38,108.8,108.03,19.47M,-0.25%
2/24/2015,108.54,108.32,108.67,107.99,19.75M,0.07%
2/23/2015,108.46,108.29,108.49,108.05,17.87M,0.10%
2/20/2015,108.35,107.56,108.41,107.22,28.34M,0.67%
2/19/2015,107.63,107.03,107.7,107.0,19.83M,0.49%
2/18/2015,107.1,106.82,107.16,106.68,15.15M,0.14%
2/17/2015,106.95,106.85,107.02,106.59,17.68M,0.09%
2/13/2015,106.85,106.24,106.87,106.05,29.03M,0.86%
2/12/2015,105.94,105.4,105.98,105.24,22.52M,1.17%
2/11/2015,104.72,104.47,104.96,104.27,20.30M,0.35%
2/10/2015,104.35,103.32,104.49,103.16,23.69M,1.56%
2/9/2015,102.75,102.68,103.23,102.5,22.60M,-0.32%
2/6/2015,103.08,103.87,104.12,102.71,34.17M,-0.61%
2/5/2015,103.71,103.08,103.78,102.82,23.61M,0.87%
2/4/2015,102.82,102.49,103.5,102.26,34.07M,-0.09%
2/3/2015,102.91,102.3,102.98,101.63,30.75M,0.96%
2/2/2015,101.93,101.28,102.02,99.7,43.62M,0.87%
1/30/2015,101.05,101.75,102.53,100.91,42.93M,-0.78%
1/29/2015,101.84,100.79,102.02,99.91,46.54M,0.96%
1/28/2015,100.87,103.02,103.13,100.85,43.59M,-0.51%
1/27/2015,101.39,102.45,102.51,101.05,45.25M,-2.59%
1/26/2015,104.09,104.09,104.28,103.56,19.96M,-0.12%
1/23/2015,104.21,103.97,104.53,103.67,34.78M,0.22%
1/22/2015,103.98,102.49,104.09,101.59,40.89M,1.85%
1/21/2015,102.09,101.27,102.57,100.91,40.13M,0.51%
1/20/2015,101.57,101.38,101.83,100.24,30.96M,0.79%
1/16/2015,100.77,99.47,100.9,99.31,35.36M,1.17%
1/15/2015,99.6,101.38,101.54,99.47,51.01M,-1.30%
1/14/2015,100.91,100.45,101.43,100.02,51.35M,-0.55%
1/13/2015,101.47,102.49,103.57,100.65,56.16M,-0.03%
1/12/2015,101.5,102.77,102.88,101.23,34.13M,-1.04%
1/9/2015,102.57,103.57,103.6,101.97,41.41M,-0.66%
1/8/2015,103.25,102.17,103.45,102.06,40.21M,1.91%
1/7/2015,101.31,100.68,101.55,100.43,37.58M,1.29%
1/6/2015,100.02,101.53,101.7,99.57,66.21M,-1.34%
1/5/2015,101.38,102.44,102.56,101.09,36.52M,-1.47%
1/2/2015,102.89,103.71,104.15,102.39,31.31M,-0.30%
12/31/2014,103.2,104.45,104.85,103.05,24.37M,-1.03%
12/30/2014,104.27,104.67,104.9,104.12,18.60M,-0.66%
12/29/2014,104.96,104.88,105.19,104.82,17.07M,-0.02%
12/26/2014,104.98,104.55,105.2,104.52,13.92M,0.70%
12/24/2014,104.25,104.29,104.65,104.22,14.29M,0.09%
12/23/2014,104.16,104.9,104.91,104.04,30.16M,-0.35%
12/22/2014,104.53,104.1,104.56,104.05,33.87M,0.25%
12/19/2014,104.27,103.92,104.69,103.66,51.42M,0.07%
12/18/2014,104.2,103.21,104.21,102.93,49.84M,2.41%
12/17/2014,101.75,100.0,102.04,99.87,79.72M,1.82%
12/16/2014,99.93,100.92,102.42,99.91,65.35M,-1.60%
12/15/2014,101.56,103.15,103.53,101.26,52.97M,-1.03%
12/12/2014,102.62,102.76,103.94,102.61,46.89M,-1.09%
12/11/2014,103.75,103.56,104.98,103.54,47.58M,0.47%
12/10/2014,103.26,104.71,104.97,103.07,39.33M,-1.56%
12/9/2014,104.9,103.36,104.98,102.99,46.04M,0.31%
12/8/2014,104.58,105.05,105.51,104.02,32.69M,-0.70%
12/5/2014,105.32,105.48,105.64,105.09,25.62M,0.01%
12/4/2014,105.31,105.26,105.72,104.87,31.01M,-0.05%
12/3/2014,105.36,105.33,105.51,104.71,32.97M,0.18%
12/2/2014,105.17,104.86,105.36,104.65,26.03M,0.40%
12/1/2014,104.75,105.66,105.86,104.37,35.97M,-1.13%
11/28/2014,105.95,105.74,106.19,105.67,17.36M,0.46%
11/26/2014,105.46,104.88,105.52,104.78,18.97M,0.65%
11/25/2014,104.78,104.78,105.09,104.52,17.53M,0.14%
11/24/2014,104.63,104.1,104.68,104.01,17.93M,0.78%
11/21/2014,103.82,104.54,104.64,103.49,34.05M,0.19%
11/20/2014,103.62,102.72,103.71,102.64,22.87M,0.45%
11/19/2014,103.16,103.52,103.52,102.68,23.76M,-0.45%
11/18/2014,103.63,102.95,103.77,102.94,26.34M,0.75%
11/17/2014,102.86,102.93,103.16,102.37,23.36M,-0.30%
11/14/2014,103.17,102.82,103.17,102.48,19.25M,0.31%
11/13/2014,102.85,102.6,103.23,102.37,28.03M,0.43%
11/12/2014,102.41,101.82,102.52,101.82,22.05M,0.18%
11/11/2014,102.23,101.93,102.23,101.65,15.45M,0.31%
11/10/2014,101.91,101.6,102.04,101.33,20.36M,0.35%
11/7/2014,101.55,101.82,101.86,101.02,20.93M,-0.09%
11/6/2014,101.64,101.27,101.67,100.87,24.67M,0.32%
11/5/2014,101.32,101.96,101.98,100.96,25.82M,0.01%
11/4/2014,101.31,101.31,101.57,100.62,22.77M,-0.33%
11/3/2014,101.65,101.48,101.92,101.38,33.48M,0.30%
10/31/2014,101.35,101.62,101.7,101.02,54.25M,1.38%
10/30/2014,99.97,99.32,100.21,99.09,35.94M,0.21%
10/29/2014,99.76,99.79,100.07,99.05,40.55M,-0.37%
10/28/2014,100.13,99.05,100.15,98.64,34.50M,1.51%
10/27/2014,98.64,98.35,98.82,97.97,29.55M,0.07%
10/24/2014,98.57,97.91,98.64,97.59,43.16M,0.82%
10/23/2014,97.77,97.27,98.31,97.12,48.12M,1.51%
10/22/2014,96.32,97.11,97.25,96.25,39.18M,-0.52%
10/21/2014,96.82,95.49,96.82,95.27,53.61M,2.63%
10/20/2014,94.34,92.91,94.42,92.75,41.48M,1.50%
10/17/2014,92.95,92.94,93.84,92.41,69.55M,1.32%
10/16/2014,91.74,90.38,92.53,90.34,93.17M,-0.63%
10/15/2014,92.32,91.5,92.71,90.19,108.85M,-0.65%
10/14/2014,92.92,93.55,94.12,92.66,71.81M,0.01%
10/13/2014,92.91,94.24,94.94,92.83,80.84M,-1.57%
10/10/2014,94.39,96.24,96.78,94.37,77.58M,-2.50%
10/9/2014,96.81,98.28,98.52,96.66,62.50M,-1.62%
10/8/2014,98.4,96.61,98.71,96.01,64.93M,1.95%
10/7/2014,96.52,97.43,97.73,96.51,45.15M,-1.42%
10/6/2014,97.91,98.42,98.67,97.61,36.04M,-0.21%
10/3/2014,98.12,97.71,98.52,97.39,41.63M,0.99%
10/2/2014,97.16,97.14,97.46,95.92,54.50M,0.00%
10/1/2014,97.16,98.49,98.56,96.85,58.16M,-1.60%
9/30/2014,98.74,98.87,99.25,98.27,41.83M,0.14%
9/29/2014,98.6,97.75,98.87,97.7,33.34M,-0.13%
9/26/2014,98.73,98.0,98.91,97.84,56.11M,1.06%
9/25/2014,97.69,99.48,99.6,97.65,68.64M,-2.10%
9/24/2014,99.79,98.82,99.83,98.49,35.96M,1.07%
9/23/2014,98.73,98.62,99.17,98.53,33.99M,-0.27%
9/22/2014,99.0,99.69,99.7,98.57,48.66M,-0.93%
9/19/2014,99.93,100.41,100.51,99.53,46.92M,-0.30%
9/18/2014,100.23,99.78,100.24,99.68,30.20M,0.75%
9/17/2014,99.48,99.32,99.95,98.88,37.21M,0.15%
9/16/2014,99.33,98.11,99.52,98.0,38.17M,0.87%
9/15/2014,98.47,99.54,99.55,98.16,32.97M,-0.97%
9/12/2014,99.43,99.85,99.88,99.12,30.45M,-0.51%
9/11/2014,99.94,99.6,99.99,99.19,28.76M,-0.08%
9/10/2014,100.02,99.33,100.06,99.05,31.08M,0.83%
9/9/2014,99.2,100.01,100.41,99.01,36.45M,-0.83%
9/8/2014,100.03,99.84,100.28,99.57,25.58M,0.19%
9/5/2014,99.84,99.53,99.9,98.98,30.81M,0.50%
9/4/2014,99.34,99.68,100.17,99.09,24.66M,-0.09%
9/3/2014,99.43,100.27,100.29,99.25,25.95M,-0.59%
9/2/2014,100.02,99.99,100.05,99.61,18.33M,0.29%
8/29/2014,99.73,99.6,99.86,99.22,17.91M,0.37%
8/28/2014,99.36,99.15,99.48,99.03,23.56M,-0.11%
8/27/2014,99.47,99.48,99.59,99.26,15.60M,0.02%
8/26/2014,99.45,99.48,99.56,99.22,20.10M,0.10%
8/25/2014,99.35,99.47,99.63,99.11,24.12M,0.35%
8/22/2014,99.0,98.89,99.2,98.67,24.70M,0.15%
8/21/2014,98.85,98.71,98.9,98.55,19.34M,0.20%
8/20/2014,98.65,98.56,98.85,98.48,23.44M,0.00%
8/19/2014,98.65,98.33,98.71,98.27,21.36M,0.56%
8/18/2014,98.1,97.84,98.19,97.72,38.94M,0.77%
8/15/2014,97.35,97.41,97.58,96.43,55.21M,0.49%
8/14/2014,96.88,96.49,96.9,96.38,25.01M,0.52%
8/13/2014,96.38,95.76,96.42,95.71,28.00M,1.06%
8/12/2014,95.37,95.33,95.62,94.88,28.16M,-0.04%
8/11/2014,95.41,95.2,95.71,95.15,28.28M,0.59%
8/8/2014,94.85,94.33,94.96,93.92,40.24M,0.72%
8/7/2014,94.17,94.9,95.09,93.84,33.27M,-0.32%
8/6/2014,94.47,93.94,95.06,93.87,34.43M,-0.07%
8/5/2014,94.54,94.89,95.16,94.1,50.33M,-0.77%
8/4/2014,95.27,94.85,95.64,94.47,33.23M,0.69%
8/1/2014,94.62,94.78,95.29,93.99,60.71M,-0.37%
7/31/2014,94.97,96.15,96.29,94.83,50.05M,-2.02%
7/30/2014,96.93,97.08,97.27,96.55,35.35M,0.39%
7/29/2014,96.55,96.92,97.15,96.47,27.02M,-0.18%
7/28/2014,96.72,96.75,96.97,95.97,25.60M,0.03%
7/25/2014,96.69,96.6,96.82,96.18,29.90M,-0.39%
7/24/2014,97.07,97.35,97.46,96.93,24.71M,-0.11%
7/23/2014,97.18,96.89,97.29,96.72,28.95M,0.64%
7/22/2014,96.56,96.39,96.71,96.29,25.77M,0.64%
7/21/2014,95.95,95.87,96.11,95.5,29.75M,-0.12%
7/18/2014,96.07,95.09,96.12,94.95,36.69M,1.59%
7/17/2014,94.57,95.58,95.92,94.27,43.11M,-1.33%
7/16/2014,95.84,96.14,96.25,95.73,22.06M,0.40%
7/15/2014,95.46,95.93,96.08,94.78,39.48M,-0.34%
7/14/2014,95.79,95.65,96.0,95.48,19.58M,0.60%
7/11/2014,95.22,94.82,95.22,94.56,19.57M,0.64%
7/10/2014,94.61,93.73,95.0,93.58,44.25M,-0.32%
7/9/2014,94.91,94.46,95.02,94.19,29.93M,0.74%
7/8/2014,94.21,95.19,95.25,93.82,40.61M,-1.21%
7/7/2014,95.36,95.54,95.66,95.18,23.27M,-0.30%
7/3/2014,95.65,95.36,95.65,95.1,15.29M,0.63%
7/2/2014,95.05,94.93,95.19,94.86,18.78M,0.17%
7/1/2014,94.89,94.16,95.14,94.15,31.86M,1.10%
6/30/2014,93.86,93.66,94.09,93.62,19.76M,0.17%
6/27/2014,93.7,93.16,93.72,93.14,22.88M,0.44%
6/26/2014,93.29,93.3,93.31,92.57,22.57M,0.05%
6/25/2014,93.24,92.44,93.4,92.43,32.82M,0.64%
6/24/2014,92.65,92.74,93.52,92.38,31.95M,-0.10%
6/23/2014,92.74,92.69,92.77,92.46,20.84M,0.02%
6/20/2014,92.72,92.65,92.82,92.48,25.90M,-0.15%
6/19/2014,92.86,93.05,93.12,92.44,38.43M,-0.06%
6/18/2014,92.92,92.5,93.05,91.93,34.51M,0.56%
6/17/2014,92.4,92.29,92.65,92.13,19.98M,0.05%
6/16/2014,92.35,92.11,92.62,91.91,25.22M,0.09%
6/13/2014,92.27,92.42,92.5,91.87,39.45M,0.29%
6/12/2014,92.0,92.64,92.74,91.68,35.28M,-0.90%
6/11/2014,92.84,92.54,92.97,92.45,22.88M,-0.02%
6/10/2014,92.86,92.62,92.91,92.51,20.64M,0.17%
6/9/2014,92.7,92.8,92.93,92.45,23.40M,-0.08%
6/6/2014,92.77,92.61,92.77,92.4,22.68M,0.57%
6/5/2014,92.24,91.56,92.41,91.24,35.58M,0.84%
6/4/2014,91.47,90.91,91.62,90.76,20.13M,0.37%
6/3/2014,91.13,90.86,91.28,90.75,21.78M,-0.04%
6/2/2014,91.17,91.38,91.39,90.59,30.42M,-0.10%
5/30/2014,91.26,91.28,91.4,90.78,29.92M,0.01%
5/29/2014,91.25,91.0,91.26,90.81,33.04M,0.64%
5/28/2014,90.67,90.92,91.05,90.6,30.48M,-0.31%
5/27/2014,90.95,90.23,90.97,90.15,29.73M,1.25%
5/23/2014,89.83,89.28,89.85,89.07,22.69M,0.73%
5/22/2014,89.18,88.89,89.43,88.75,30.62M,0.44%
5/21/2014,88.79,88.11,88.84,88.06,36.84M,0.96%
5/20/2014,87.95,88.23,88.55,87.59,33.72M,-0.36%
5/19/2014,88.27,87.42,88.41,87.25,32.02M,0.70%
5/16/2014,87.66,87.19,87.71,86.59,66.81M,0.65%
5/15/2014,87.09,87.76,87.91,86.53,59.68M,-0.79%
5/14/2014,87.78,87.98,88.3,87.57,26.48M,-0.52%
5/13/2014,88.24,88.27,88.56,88.07,30.31M,0.07%
5/12/2014,88.18,87.26,88.21,87.19,38.95M,1.65%
5/9/2014,86.75,86.36,86.81,85.8,35.08M,0.37%
5/8/2014,86.43,86.21,87.48,86.0,46.56M,-0.09%
5/7/2014,86.51,86.95,87.03,85.49,67.49M,-0.29%
5/6/2014,86.76,87.78,87.81,86.72,33.70M,-1.30%
5/5/2014,87.9,86.93,87.92,86.71,27.92M,0.53%
5/2/2014,87.44,87.89,88.06,87.23,40.07M,-0.18%
5/1/2014,87.6,87.48,88.1,87.26,37.13M,0.30%
4/30/2014,87.34,86.74,87.43,86.49,38.69M,0.26%
4/29/2014,87.11,86.7,87.27,86.26,36.74M,0.80%
4/28/2014,86.42,86.53,87.06,85.07,58.62M,0.33%
4/25/2014,86.14,87.03,87.12,85.93,44.34M,-1.60%
4/24/2014,87.54,88.15,88.16,86.6,48.93M,0.96%
4/23/2014,86.71,87.5,87.51,86.66,34.38M,-0.88%
4/22/2014,87.48,87.05,87.7,86.94,38.59M,0.80%
4/21/2014,86.79,86.36,86.79,85.95,25.95M,0.74%
4/17/2014,86.15,85.84,86.58,85.59,53.72M,0.02%
4/16/2014,86.13,85.78,86.13,85.05,46.97M,1.32%
4/15/2014,85.01,85.02,85.5,83.24,84.63M,0.33%
4/14/2014,84.73,84.81,85.18,83.95,46.50M,0.79%
4/11/2014,84.07,84.3,85.4,83.87,93.66M,-1.16%
4/10/2014,85.06,87.82,87.83,84.82,73.66M,-3.09%
4/9/2014,87.77,86.62,87.82,86.38,45.69M,1.72%
4/8/2014,86.29,85.61,86.41,85.31,51.50M,0.91%
4/7/2014,85.51,85.79,86.58,84.91,84.00M,-0.94%
4/4/2014,86.32,89.24,89.36,86.09,131.21M,-2.66%
4/3/2014,88.68,89.5,89.63,88.17,30.32M,-0.79%
4/2/2014,89.39,89.54,89.63,88.99,34.63M,0.26%
4/1/2014,89.16,88.05,89.22,87.66,38.68M,1.76%
3/31/2014,87.62,87.68,88.21,87.57,33.92M,0.71%
3/28/2014,87.0,87.1,87.96,86.76,39.90M,0.20%
3/27/2014,86.83,87.22,87.59,86.35,64.78M,-0.56%
3/26/2014,87.32,88.91,89.1,87.31,40.93M,-1.29%
3/25/2014,88.46,88.64,89.2,87.72,41.72M,0.33%
3/24/2014,88.17,89.27,89.34,87.36,77.74M,-0.88%
3/21/2014,88.95,90.56,90.6,88.78,62.81M,-1.43%
3/20/2014,90.24,89.73,90.51,89.53,31.63M,0.28%
3/19/2014,89.99,90.51,90.61,89.4,40.87M,-0.54%
3/18/2014,90.48,89.5,90.59,89.48,31.25M,1.21%
3/17/2014,89.4,89.19,89.86,89.14,28.48M,0.88%
3/14/2014,88.62,88.94,89.33,88.58,38.74M,-0.68%
3/13/2014,89.23,90.85,90.88,88.82,48.54M,-1.41%
3/12/2014,90.51,89.77,90.56,89.43,28.00M,0.38%
3/11/2014,90.17,90.78,91.01,89.9,27.51M,-0.43%
3/10/2014,90.56,90.43,90.61,89.98,18.14M,0.09%
3/7/2014,90.48,91.22,91.31,90.02,31.17M,-0.49%
3/6/2014,90.93,91.2,91.29,90.6,24.09M,-0.09%
3/5/2014,91.01,90.92,91.17,90.72,27.22M,0.28%
3/4/2014,90.76,90.58,90.93,90.51,33.21M,1.27%
3/3/2014,89.62,89.43,89.86,88.82,38.95M,-0.74%
2/28/2014,90.29,90.36,90.91,89.49,48.62M,-0.11%
2/27/2014,90.39,89.82,90.48,89.68,28.75M,0.65%
2/26/2014,89.81,90.15,90.42,89.45,42.97M,-0.09%
2/25/2014,89.89,90.1,90.3,89.6,27.46M,-0.11%
2/24/2014,89.99,89.68,90.4,89.62,31.52M,0.54%
2/21/2014,89.51,89.91,90.04,89.4,31.22M,-0.13%
2/20/2014,89.63,89.28,89.8,88.89,41.83M,0.47%
2/19/2014,89.21,89.65,89.86,89.03,41.78M,-0.69%
2/18/2014,89.83,89.51,90.0,89.32,29.61M,0.49%
2/14/2014,89.39,89.14,89.59,88.91,34.09M,0.20%
2/13/2014,89.21,87.9,89.28,87.89,40.49M,0.73%
2/12/2014,88.56,88.56,88.75,88.29,32.53M,0.19%
2/11/2014,88.39,87.53,88.56,87.48,38.68M,1.14%
2/10/2014,87.39,86.82,87.43,86.8,30.23M,0.58%
2/7/2014,86.89,85.87,86.95,85.6,38.47M,1.78%
2/6/2014,85.37,84.54,85.48,84.52,32.34M,1.27%
2/5/2014,84.3,84.25,84.59,83.35,41.97M,-0.25%
2/4/2014,84.51,84.31,84.85,84.07,37.80M,0.73%
2/3/2014,83.9,85.74,86.1,83.68,65.62M,-2.29%
1/31/2014,85.87,85.14,86.28,85.05,45.20M,-0.27%
1/30/2014,86.1,85.59,86.4,85.48,66.86M,1.86%
1/29/2014,84.53,84.7,85.34,84.37,52.06M,-1.08%
1/28/2014,85.45,85.02,85.54,84.91,44.44M,-0.06%
1/27/2014,85.5,86.37,86.49,84.85,63.68M,-0.97%
1/24/2014,86.34,87.65,87.77,86.31,64.33M,-1.96%
1/23/2014,88.07,88.09,88.11,87.45,35.08M,-0.34%
1/22/2014,88.37,88.34,88.59,88.11,29.43M,0.26%
1/21/2014,88.14,88.02,88.18,87.4,26.43M,0.77%
1/17/2014,87.47,87.71,87.96,87.26,36.91M,-0.57%
1/16/2014,87.97,87.87,88.1,87.75,34.26M,0.01%
1/15/2014,87.96,87.59,88.13,87.53,39.86M,0.83%
1/14/2014,87.24,85.9,87.31,85.9,37.19M,1.90%
1/13/2014,85.61,86.77,87.07,85.28,48.86M,-1.47%
1/10/2014,86.89,86.83,86.99,86.18,38.01M,0.32%
1/9/2014,86.61,87.21,87.23,86.32,23.70M,-0.33%
1/8/2014,86.9,86.7,87.14,86.54,27.21M,0.22%
1/7/2014,86.71,86.3,86.84,86.16,25.91M,0.92%
1/6/2014,85.92,86.25,86.36,85.6,32.09M,-0.37%
1/3/2014,86.24,86.86,86.94,86.22,35.73M,-0.71%
1/2/2014,86.86,87.14,87.17,86.61,29.19M,-0.79%
12/31/2013,87.55,87.13,87.55,87.11,24.90M,0.66%
12/30/2013,86.98,86.99,87.1,86.73,18.99M,-0.15%
12/27/2013,87.11,87.42,87.49,87.0,15.83M,-0.25%
12/26/2013,87.33,87.19,87.4,87.03,15.24M,0.33%
12/24/2013,87.04,87.02,87.1,86.86,13.85M,0.05%
12/23/2013,87.0,86.78,87.0,86.55,28.18M,1.05%
12/20/2013,86.1,85.35,86.28,85.33,40.48M,0.70%
12/19/2013,85.5,85.59,85.61,85.12,46.49M,-0.28%
12/18/2013,85.74,84.82,85.82,83.66,68.39M,1.17%
12/17/2013,84.75,84.92,85.13,84.59,24.45M,-0.20%
12/16/2013,84.92,84.87,85.41,84.81,24.91M,0.56%
12/13/2013,84.45,84.96,85.0,84.31,34.08M,-0.13%
12/12/2013,84.56,84.84,85.02,84.5,33.66M,-0.26%
12/11/2013,84.78,85.87,86.0,84.66,36.83M,-1.29%
12/10/2013,85.89,85.79,86.05,85.72,26.97M,-0.07%
12/9/2013,85.95,85.95,86.13,85.8,22.60M,0.41%
12/6/2013,85.6,85.7,85.78,85.19,36.84M,0.73%
12/5/2013,84.98,85.17,85.26,84.77,39.83M,-0.13%
12/4/2013,85.09,84.66,85.37,84.39,37.19M,0.09%
12/3/2013,85.01,85.02,85.24,84.68,37.15M,-0.08%
12/2/2013,85.08,85.43,85.56,84.95,26.35M,-0.29%
11/29/2013,85.33,85.14,85.44,85.08,16.71M,0.60%
11/27/2013,84.82,84.4,84.84,84.34,21.64M,0.69%
11/26/2013,84.24,83.83,84.44,83.63,26.63M,0.53%
11/25/2013,83.8,83.9,83.99,83.59,21.70M,0.24%
11/22/2013,83.6,83.3,83.63,83.23,25.36M,0.54%
11/21/2013,83.15,82.64,83.22,82.59,28.13M,1.02%
11/20/2013,82.31,82.75,83.04,82.07,32.18M,-0.24%
11/19/2013,82.51,82.7,83.1,82.37,25.55M,-0.29%
11/18/2013,82.75,83.55,83.71,82.59,31.68M,-0.98%
11/15/2013,83.57,83.44,83.57,83.22,20.52M,0.19%
11/14/2013,83.41,82.9,83.47,82.75,31.10M,0.31%
11/13/2013,83.15,81.63,83.16,81.62,31.35M,1.20%
11/12/2013,82.16,81.78,82.27,81.74,20.11M,0.16%
11/11/2013,82.03,82.01,82.26,81.76,24.82M,-0.16%
11/8/2013,82.16,81.35,82.18,81.13,31.48M,1.36%
11/7/2013,81.06,82.6,82.74,80.99,52.17M,-1.88%
11/6/2013,82.61,82.96,83.01,82.34,25.58M,-0.02%
11/5/2013,82.63,82.21,82.83,81.99,27.98M,0.11%
11/4/2013,82.54,82.66,82.68,82.26,16.84M,0.15%
11/1/2013,82.42,82.65,82.78,82.02,30.87M,0.02%
10/31/2013,82.4,82.38,82.91,82.1,31.31M,-0.23%
10/30/2013,82.59,82.97,83.1,82.2,33.54M,-0.10%
10/29/2013,82.67,82.77,82.87,82.31,36.88M,0.17%
10/28/2013,82.53,82.51,82.66,82.17,28.62M,0.02%
10/25/2013,82.51,82.71,82.89,82.12,35.83M,0.71%
10/24/2013,81.93,81.61,82.1,81.5,23.16M,0.44%
10/23/2013,81.57,81.66,81.82,81.17,38.02M,-0.61%
10/22/2013,82.07,82.24,82.51,81.55,43.94M,0.15%
10/21/2013,81.95,81.93,82.16,81.69,31.18M,0.22%
10/18/2013,81.77,81.18,81.8,80.97,39.63M,1.63%
10/17/2013,80.46,79.63,80.49,79.58,32.19M,0.56%
10/16/2013,80.01,79.46,80.05,79.42,46.74M,1.14%
10/15/2013,79.11,79.36,79.74,79.01,38.68M,-0.39%
10/14/2013,79.42,78.37,79.42,78.31,31.47M,0.71%
10/11/2013,78.86,78.04,78.92,78.03,25.21M,0.79%
10/10/2013,78.24,77.44,78.42,77.43,48.06M,2.11%
10/9/2013,76.62,77.04,77.08,75.99,64.53M,-0.31%
10/8/2013,76.86,78.39,78.44,76.83,43.66M,-1.93%
10/7/2013,78.37,78.35,78.98,78.3,20.23M,-0.84%
10/4/2013,79.03,78.35,79.14,78.28,22.85M,0.87%
10/3/2013,78.35,79.18,79.35,77.94,43.00M,-1.17%
10/2/2013,79.28,78.76,79.39,78.69,25.50M,-0.04%
10/1/2013,79.31,78.5,79.35,78.48,33.13M,1.02%
9/30/2013,78.51,77.91,78.72,77.64,28.03M,-0.24%
9/27/2013,78.7,78.37,78.84,78.22,25.15M,-0.13%
9/26/2013,78.8,78.5,78.99,78.48,22.42M,0.78%
9/25/2013,78.19,78.51,78.63,78.03,22.75M,-0.34%
9/24/2013,78.46,78.63,78.88,78.2,21.88M,0.00%
9/23/2013,78.46,78.97,79.04,78.09,30.32M,-0.20%
9/20/2013,78.62,79.1,79.17,78.58,26.33M,-0.64%
9/19/2013,79.13,79.17,79.31,78.99,26.44M,0.24%
9/18/2013,78.94,78.12,79.1,77.97,31.71M,1.21%
9/17/2013,78.0,77.63,78.1,77.62,27.18M,0.66%
9/16/2013,77.49,78.32,78.35,77.31,25.91M,-0.27%
9/13/2013,77.7,77.75,77.78,77.28,16.93M,0.06%
9/12/2013,77.65,77.7,77.89,77.49,18.33M,-0.06%
9/11/2013,77.7,77.33,77.75,77.23,28.14M,-0.19%
9/10/2013,77.85,77.91,77.96,77.56,27.62M,0.49%
9/9/2013,77.47,76.87,77.6,76.87,25.16M,1.18%
9/6/2013,76.57,76.73,76.98,75.7,27.72M,0.12%
9/5/2013,76.48,76.39,76.7,76.37,17.82M,0.17%
9/4/2013,76.35,75.79,76.48,75.58,27.14M,1.06%
9/3/2013,75.55,75.75,76.08,75.19,27.24M,0.57%
8/30/2013,75.12,75.69,75.69,74.85,26.23M,-0.65%
8/29/2013,75.61,75.05,75.98,74.95,27.29M,0.71%
8/28/2013,75.08,74.73,75.4,74.7,20.49M,0.39%
8/27/2013,74.79,75.47,75.83,74.61,40.07M,-2.04%
8/26/2013,76.35,76.36,76.92,76.19,27.53M,0.05%
8/23/2013,76.31,76.37,76.41,76.04,20.70M,0.66%
8/22/2013,75.81,75.38,75.86,75.36,17.27M,0.99%
8/21/2013,75.07,75.11,75.74,74.79,30.71M,-0.35%
8/20/2013,75.33,75.14,75.68,75.08,18.84M,0.44%
8/19/2013,75.0,75.15,75.78,74.98,29.59M,-0.17%
8/16/2013,75.13,75.19,75.52,75.0,23.82M,-0.04%
8/15/2013,75.16,75.63,75.64,74.94,39.41M,-1.69%
8/14/2013,76.45,76.71,76.82,76.34,29.92M,-0.38%
8/13/2013,76.74,76.41,76.91,75.86,23.92M,0.56%
8/12/2013,76.31,75.85,76.45,75.84,20.52M,0.24%
8/9/2013,76.13,76.34,76.58,75.91,18.57M,-0.41%
8/8/2013,76.44,76.48,76.62,75.94,19.99M,0.50%
8/7/2013,76.06,76.0,76.21,75.52,20.28M,-0.18%
8/6/2013,76.2,76.56,76.63,75.89,23.68M,-0.60%
8/5/2013,76.66,76.53,76.72,76.42,15.46M,0.07%
8/2/2013,76.61,76.2,76.63,76.02,18.11M,0.56%
8/1/2013,76.18,75.94,76.29,75.86,16.88M,1.01%
7/31/2013,75.42,75.42,75.85,75.28,25.01M,0.19%
7/30/2013,75.28,75.15,75.6,75.0,24.10M,0.53%
7/29/2013,74.88,74.87,75.19,74.68,20.97M,-0.19%
7/26/2013,75.02,74.32,75.03,74.2,20.89M,0.54%
7/25/2013,74.62,74.54,74.71,74.11,23.17M,0.63%
7/24/2013,74.15,74.64,74.67,73.98,24.43M,0.32%
7/23/2013,73.91,74.6,74.61,73.85,24.75M,-0.74%
7/22/2013,74.46,74.52,74.63,74.23,21.14M,0.30%
7/19/2013,74.24,74.37,74.39,74.02,37.73M,-1.04%
7/18/2013,75.02,75.19,75.39,74.9,36.28M,-0.25%
7/17/2013,75.21,75.25,75.39,75.0,24.63M,0.25%
7/16/2013,75.02,75.19,75.24,74.83,31.75M,-0.13%
7/15/2013,75.12,75.01,75.17,74.82,19.79M,0.23%
7/12/2013,74.95,74.67,75.0,74.47,31.42M,0.44%
7/11/2013,74.62,73.94,74.68,73.9,47.78M,1.98%
7/10/2013,73.17,72.66,73.28,72.64,25.60M,0.58%
7/9/2013,72.75,72.64,72.91,72.31,26.12M,0.61%
7/8/2013,72.31,72.6,72.65,72.04,20.56M,0.10%
7/5/2013,72.24,72.11,72.27,71.53,28.80M,0.75%
7/3/2013,71.7,71.15,72.03,71.09,18.85M,0.41%
7/2/2013,71.41,71.35,71.84,71.02,23.07M,0.04%
7/1/2013,71.38,71.43,71.96,71.31,24.95M,0.62%
6/28/2013,70.94,70.59,71.36,70.46,28.30M,0.14%
6/27/2013,70.84,70.89,71.29,70.8,23.55M,0.43%
6/26/2013,70.54,70.49,70.67,70.26,23.75M,0.90%
6/25/2013,69.91,70.08,70.19,69.48,28.90M,0.72%
6/24/2013,69.41,69.51,69.94,68.83,41.49M,-0.98%
6/21/2013,70.1,70.45,70.64,69.51,51.57M,-0.83%
6/20/2013,70.69,71.59,71.82,70.46,60.91M,-2.39%
6/19/2013,72.42,73.23,73.34,72.34,43.15M,-1.12%
6/18/2013,73.24,72.73,73.38,72.72,24.86M,0.83%
6/17/2013,72.64,72.54,73.06,72.26,32.44M,0.97%
6/14/2013,71.94,72.42,72.5,71.83,27.70M,-0.66%
6/13/2013,72.42,71.43,72.58,71.22,28.23M,1.26%
6/12/2013,71.52,72.78,72.8,71.41,42.08M,-1.15%
6/11/2013,72.35,72.33,73.0,72.1,40.28M,-1.00%
6/10/2013,73.08,73.21,73.42,72.92,25.39M,0.04%
6/7/2013,73.05,72.39,73.13,72.18,31.97M,1.37%
6/6/2013,72.06,71.81,72.07,71.14,62.52M,0.49%
6/5/2013,71.71,72.43,72.7,71.65,48.65M,-1.31%
6/4/2013,72.66,73.18,73.48,72.36,35.26M,-0.52%
6/3/2013,73.04,72.97,73.06,72.09,47.61M,0.18%
5/31/2013,72.91,73.31,73.86,72.83,38.35M,-0.92%
5/30/2013,73.59,73.23,73.93,73.21,32.39M,0.53%
5/29/2013,73.2,73.25,73.46,72.78,32.10M,-0.48%
5/28/2013,73.55,73.9,74.19,73.32,27.07M,0.66%
5/24/2013,73.07,72.62,73.09,72.42,26.44M,-0.05%
5/23/2013,73.11,72.61,73.36,72.49,48.23M,-0.23%
5/22/2013,73.28,74.01,74.6,72.9,59.84M,-0.87%
5/21/2013,73.92,73.83,74.19,73.55,25.90M,0.11%
5/20/2013,73.84,73.74,74.08,73.55,25.14M,-0.15%
5/17/2013,73.95,73.61,73.98,73.39,31.12M,0.96%
5/16/2013,73.25,73.43,73.75,73.21,27.25M,-0.11%
5/15/2013,73.33,73.04,73.4,72.86,27.21M,0.20%
5/14/2013,73.18,72.79,73.4,72.79,36.02M,0.52%
5/13/2013,72.8,72.59,72.98,72.52,29.73M,0.12%
5/10/2013,72.71,72.39,72.74,72.29,20.66M,0.61%
5/9/2013,72.27,72.21,72.76,72.13,29.34M,-0.14%
5/8/2013,72.37,71.97,72.43,71.86,24.26M,0.49%
5/7/2013,72.02,72.16,72.23,71.75,25.84M,-0.06%
5/6/2013,72.06,71.91,72.17,71.85,19.24M,0.39%
5/3/2013,71.78,71.6,72.0,71.58,34.06M,1.17%
5/2/2013,70.95,70.18,71.1,70.12,31.74M,1.27%
5/1/2013,70.06,70.38,70.52,69.92,28.54M,-0.47%
4/30/2013,70.39,69.96,70.4,69.71,30.15M,0.73%
4/29/2013,69.88,69.45,70.15,69.44,31.66M,0.91%
4/26/2013,69.25,69.3,69.45,68.95,24.08M,-0.30%
4/25/2013,69.46,69.31,69.72,69.27,26.44M,0.52%
4/24/2013,69.1,68.94,69.35,68.8,44.50M,-0.04%
4/23/2013,69.13,68.88,69.38,68.5,53.08M,0.96%
4/22/2013,68.47,68.01,68.72,67.76,34.41M,1.03%
4/19/2013,67.77,67.0,67.91,66.89,43.07M,1.36%
4/18/2013,66.86,68.01,68.01,66.57,56.80M,-1.39%
4/17/2013,67.8,68.52,68.57,67.39,60.20M,-1.95%
4/16/2013,69.15,68.67,69.23,68.49,27.68M,1.33%
4/15/2013,68.24,69.36,69.46,68.16,48.80M,-1.97%
4/12/2013,69.61,69.52,69.66,69.09,32.79M,-0.07%
4/11/2013,69.66,69.51,69.82,69.45,37.24M,-0.04%
4/10/2013,69.69,68.57,69.84,68.56,55.27M,1.95%
4/9/2013,68.36,68.1,68.64,67.77,30.93M,0.68%
4/8/2013,67.9,67.56,67.92,67.37,17.90M,0.53%
4/5/2013,67.54,67.04,67.64,66.88,55.61M,-0.84%
4/4/2013,68.11,68.09,68.28,67.74,32.29M,0.03%
4/3/2013,68.09,68.76,68.86,67.92,35.13M,-0.92%
4/2/2013,68.72,68.49,68.95,68.45,29.43M,0.79%
4/1/2013,68.18,68.69,68.77,67.99,28.12M,-0.68%
3/28/2013,68.65,68.49,68.74,68.32,23.67M,0.25%
3/27/2013,68.48,67.93,68.53,67.82,22.54M,0.13%
3/26/2013,68.39,68.28,68.41,68.13,19.73M,0.54%
3/25/2013,68.02,68.49,68.64,67.69,24.91M,-0.37%
3/22/2013,68.27,67.89,68.32,67.81,28.84M,0.98%
3/21/2013,67.61,67.77,67.93,67.45,30.05M,-1.14%
3/20/2013,68.39,68.42,68.54,68.07,28.04M,0.71%
3/19/2013,67.91,68.22,68.38,67.31,33.13M,-0.19%
3/18/2013,68.04,67.57,68.32,67.41,36.16M,-0.22%
3/15/2013,68.19,68.43,68.47,68.02,30.74M,-0.51%
3/14/2013,68.54,68.55,68.69,68.39,31.54M,0.34%
3/13/2013,68.31,68.48,68.57,68.07,34.30M,-0.13%
3/12/2013,68.4,68.47,68.61,68.07,27.58M,-0.36%
3/11/2013,68.65,68.36,68.67,68.15,23.19M,0.29%
3/8/2013,68.45,68.61,68.7,68.18,26.16M,0.12%
3/7/2013,68.37,68.25,68.48,68.13,21.78M,0.26%
3/6/2013,68.19,68.57,68.59,68.1,29.07M,-0.25%
3/5/2013,68.36,67.78,68.45,67.76,35.59M,1.48%
3/4/2013,67.36,66.88,67.37,66.76,19.38M,0.43%
3/1/2013,67.07,66.55,67.19,66.23,31.62M,0.42%
2/28/2013,66.79,66.93,67.42,66.78,28.56M,-0.21%
2/27/2013,66.93,66.26,67.33,66.16,36.34M,1.03%
2/26/2013,66.25,66.11,66.37,65.65,42.09M,0.38%
2/25/2013,66.0,67.29,67.49,65.94,40.93M,-1.24%
2/22/2013,66.83,66.53,66.84,66.28,21.97M,1.01%
2/21/2013,66.16,66.65,66.7,65.92,45.86M,-1.08%
2/20/2013,66.88,67.92,67.93,66.87,38.20M,-1.53%
2/19/2013,67.92,67.57,67.94,67.54,23.43M,0.73%
2/15/2013,67.43,67.63,67.79,67.25,25.33M,-0.30%
2/14/2013,67.63,67.32,67.73,67.31,24.48M,-0.03%
2/13/2013,67.65,67.61,67.91,67.45,23.50M,0.36%
2/12/2013,67.41,67.6,67.73,67.34,22.06M,-0.41%
2/11/2013,67.69,67.7,67.74,67.46,17.65M,0.03%
2/8/2013,67.67,67.32,67.81,67.31,39.85M,1.02%
2/7/2013,66.99,67.02,67.06,66.25,46.01M,0.09%
2/6/2013,66.93,66.91,67.24,66.73,43.60M,-0.33%
2/5/2013,67.15,66.45,67.35,66.3,35.13M,1.48%
2/4/2013,66.17,66.94,67.15,66.15,48.48M,-1.74%
2/1/2013,67.34,67.03,67.46,66.76,53.12M,1.17%
1/31/2013,66.56,66.68,67.04,66.5,34.87M,-0.22%
1/30/2013,66.71,66.97,67.17,66.56,34.44M,-0.21%
1/29/2013,66.85,66.75,67.0,66.32,35.55M,0.01%
1/28/2013,66.84,66.7,67.07,66.62,32.93M,0.22%
1/25/2013,66.69,66.58,66.88,66.43,39.25M,0.51%
1/24/2013,66.35,66.38,66.97,66.25,42.60M,-1.38%
1/23/2013,67.28,67.25,67.47,67.15,31.98M,0.61%
1/22/2013,66.87,66.84,66.92,66.42,32.12M,0.16%
1/18/2013,66.76,66.7,66.83,66.46,31.99M,-0.22%
1/17/2013,66.91,66.87,67.17,66.75,32.03M,0.48%
1/16/2013,66.59,66.44,66.82,66.29,33.83M,0.41%
1/15/2013,66.32,66.32,66.42,66.02,31.68M,-0.50%
1/14/2013,66.65,66.59,66.84,66.36,36.78M,-0.45%
1/11/2013,66.95,66.83,66.98,66.69,21.16M,0.13%
1/10/2013,66.86,66.9,66.96,66.24,37.53M,0.60%
1/9/2013,66.46,66.31,66.64,66.24,25.61M,0.38%
1/8/2013,66.21,66.33,66.5,65.86,28.74M,-0.20%
1/7/2013,66.34,66.15,66.45,65.94,26.77M,0.03%
1/4/2013,66.32,66.56,66.57,66.16,33.97M,-0.33%
1/3/2013,66.54,66.89,67.03,66.34,47.37M,-0.52%
1/2/2013,66.89,66.38,66.92,66.17,70.70M,3.18%
12/31/2012,64.83,63.38,64.95,63.28,57.55M,2.13%
12/28/2012,63.48,63.63,64.13,63.45,33.08M,-0.97%
12/27/2012,64.1,64.26,64.34,63.3,52.94M,-0.16%
12/26/2012,64.2,64.78,64.88,63.99,21.76M,-0.88%
12/24/2012,64.77,64.76,64.84,64.62,11.42M,-0.20%
12/21/2012,64.9,64.59,64.98,64.3,51.14M,-1.59%
12/20/2012,65.95,66.07,66.1,65.62,40.75M,0.00%
12/19/2012,65.95,66.41,66.45,65.91,34.83M,-0.44%
12/18/2012,66.24,65.54,66.34,65.39,55.60M,1.53%
12/17/2012,65.24,64.43,65.26,64.36,42.30M,1.32%
12/14/2012,64.39,64.6,64.78,64.17,39.63M,-0.95%
12/13/2012,65.01,65.4,65.85,64.73,45.47M,-0.78%
12/12/2012,65.52,65.98,66.01,65.34,45.92M,-0.21%
12/11/2012,65.66,65.27,66.03,65.21,40.75M,1.30%
12/10/2012,64.82,64.45,65.15,64.45,33.22M,0.29%
12/7/2012,64.63,65.34,65.4,64.41,30.09M,-0.60%
12/6/2012,65.02,64.41,65.18,64.23,47.52M,0.65%
12/5/2012,64.6,65.22,65.23,64.25,54.08M,-1.10%
12/4/2012,65.32,65.38,65.46,64.9,49.67M,-0.06%
12/3/2012,65.36,66.01,66.06,65.33,28.24M,-0.20%
11/30/2012,65.49,65.61,65.66,65.3,33.50M,-0.17%
11/29/2012,65.6,65.51,65.83,65.27,41.14M,0.60%
11/28/2012,65.21,64.36,65.26,63.95,37.30M,0.85%
11/27/2012,64.66,64.86,65.1,64.55,25.83M,-0.34%
11/26/2012,64.88,64.47,64.92,64.24,26.43M,0.43%
11/23/2012,64.6,64.02,64.62,63.95,16.46M,1.52%
11/21/2012,63.63,63.53,63.72,63.3,19.62M,0.20%
11/20/2012,63.5,63.47,63.59,62.9,52.01M,0.03%
11/19/2012,63.48,62.68,63.53,62.67,55.31M,2.37%
11/16/2012,62.01,61.79,62.19,61.02,70.87M,0.44%
11/15/2012,61.74,62.0,62.2,61.51,55.12M,-0.34%
11/14/2012,61.95,62.98,63.06,61.85,82.66M,-1.18%
11/13/2012,62.69,62.63,63.28,62.49,43.29M,-0.68%
11/12/2012,63.12,63.49,63.57,62.96,32.66M,-0.02%
11/9/2012,63.13,62.9,63.81,62.87,51.55M,0.41%
11/8/2012,62.87,64.03,64.19,62.87,58.59M,-1.57%
11/7/2012,63.87,64.74,64.8,63.6,70.74M,-2.35%
11/6/2012,65.41,65.4,65.86,65.16,29.61M,0.18%
11/5/2012,65.29,64.89,65.42,64.74,28.10M,0.65%
11/2/2012,64.87,65.9,65.9,64.81,44.08M,-1.07%
11/1/2012,65.57,65.02,65.69,64.87,26.94M,1.42%
10/31/2012,64.65,65.01,65.09,64.43,38.52M,-0.61%
10/26/2012,65.05,64.88,65.32,64.35,54.22M,0.29%
10/25/2012,64.86,65.3,65.41,64.67,52.69M,0.00%
10/24/2012,64.86,65.45,65.56,64.76,39.87M,-0.35%
10/23/2012,65.09,65.18,65.64,64.89,52.60M,-0.94%
10/22/2012,65.71,65.31,65.88,65.19,38.62M,0.52%
10/19/2012,65.37,66.9,66.96,65.29,75.36M,-2.40%
10/18/2012,66.98,67.55,67.76,66.73,61.71M,-1.15%
10/17/2012,67.76,67.43,67.98,67.36,33.44M,-0.06%
10/16/2012,67.8,66.98,67.88,66.94,33.96M,1.41%
10/15/2012,66.86,66.63,66.95,66.22,22.22M,0.74%
10/12/2012,66.37,66.42,66.75,66.24,24.89M,-0.05%
10/11/2012,66.4,67.13,67.16,66.36,30.48M,-0.32%
10/10/2012,66.61,66.94,67.12,66.49,45.13M,-0.51%
10/9/2012,66.95,67.85,68.02,66.79,67.97M,-1.59%
10/8/2012,68.03,68.26,68.4,67.87,30.91M,-0.92%
10/5/2012,68.66,69.36,69.47,68.48,25.21M,-0.54%
10/4/2012,69.03,68.92,69.22,68.68,26.13M,0.35%
10/3/2012,68.79,68.56,68.92,68.27,38.24M,0.64%
10/2/2012,68.35,68.47,68.66,67.81,33.25M,0.29%
10/1/2012,68.15,68.58,69.01,67.93,37.72M,-0.15%
9/28/2012,68.25,68.6,68.8,68.19,30.12M,-0.83%
9/27/2012,68.82,68.03,68.98,67.93,25.34M,1.38%
9/26/2012,67.88,68.35,68.39,67.53,32.77M,-0.82%
9/25/2012,68.44,69.59,69.75,68.41,41.31M,-1.40%
9/24/2012,69.41,69.24,69.53,69.1,32.34M,-0.59%
9/21/2012,69.82,70.14,70.21,69.75,23.68M,-0.26%
9/20/2012,70.0,69.74,70.07,69.54,42.52M,-0.10%
9/19/2012,70.07,69.96,70.25,69.73,36.48M,0.19%
9/18/2012,69.94,69.71,69.97,69.69,27.17M,0.09%
9/17/2012,69.88,69.87,69.91,69.63,31.80M,0.04%
9/14/2012,69.85,69.51,70.1,69.46,38.89M,0.88%
9/13/2012,69.24,68.39,69.53,68.3,45.42M,1.36%
9/12/2012,68.31,68.36,68.49,67.89,42.21M,0.29%
9/11/2012,68.11,68.22,68.5,68.0,29.81M,-0.16%
9/10/2012,68.22,68.94,69.08,68.17,25.49M,-1.29%
9/7/2012,69.11,69.05,69.23,68.91,32.97M,-0.14%
9/6/2012,69.21,68.1,69.23,68.1,43.10M,2.23%
9/5/2012,67.7,67.72,68.03,67.52,26.13M,-0.10%
9/4/2012,67.77,67.71,68.03,67.11,32.02M,-0.10%
8/31/2012,67.84,67.88,68.13,67.16,42.13M,0.67%
8/30/2012,67.39,67.79,67.81,67.29,24.43M,-1.01%
8/29/2012,68.08,68.09,68.25,67.79,26.67M,0.00%
8/28/2012,68.08,68.02,68.27,67.79,27.34M,0.00%
8/27/2012,68.08,68.28,68.35,67.93,20.67M,0.16%
8/24/2012,67.97,67.4,68.13,67.29,38.38M,0.62%
8/23/2012,67.55,67.82,68.02,67.38,28.80M,-0.82%
8/22/2012,68.11,67.67,68.24,67.49,44.56M,0.41%
8/21/2012,67.83,68.31,68.56,67.56,41.39M,-0.40%
8/20/2012,68.1,67.95,68.11,67.68,26.92M,0.15%
8/17/2012,68.0,67.85,68.01,67.69,22.58M,0.44%
8/16/2012,67.7,67.16,67.85,67.08,35.71M,1.18%
8/15/2012,66.91,66.69,67.01,66.68,29.11M,0.25%
8/14/2012,66.74,66.97,67.1,66.55,24.22M,0.04%
8/13/2012,66.71,66.53,66.72,66.19,19.89M,0.24%
8/10/2012,66.55,66.28,66.57,66.1,20.32M,0.06%
8/9/2012,66.51,66.31,66.6,66.18,20.73M,0.30%
8/8/2012,66.31,66.17,66.45,66.06,20.72M,-0.05%
8/7/2012,66.34,66.07,66.61,65.97,28.22M,0.84%
8/6/2012,65.79,65.63,66.08,65.49,23.53M,0.77%
8/3/2012,65.29,65.08,65.57,64.89,42.12M,1.89%
8/2/2012,64.08,63.8,64.72,63.61,40.54M,-0.36%
8/1/2012,64.31,64.95,64.98,64.05,30.92M,-0.29%
7/31/2012,64.5,64.61,64.88,64.44,34.60M,-0.03%
7/30/2012,64.52,64.71,65.01,64.3,37.82M,-0.08%
7/27/2012,64.57,63.53,64.69,63.34,42.62M,2.38%
7/26/2012,63.07,63.14,63.43,62.68,41.93M,1.32%
7/25/2012,62.25,62.2,62.66,61.86,46.27M,-0.67%
7/24/2012,62.67,63.28,63.36,62.26,57.27M,-0.78%
7/23/2012,63.16,62.71,63.38,62.22,48.66M,-1.22%
7/20/2012,63.94,64.79,64.8,63.91,40.57M,-1.33%
7/19/2012,64.8,64.54,65.01,64.42,53.02M,1.11%
7/18/2012,64.09,63.1,64.28,63.09,44.49M,1.36%
7/17/2012,63.23,63.28,63.44,62.34,42.48M,0.51%
7/16/2012,62.91,62.95,63.22,62.66,27.62M,-0.27%
7/13/2012,63.08,62.27,63.22,62.27,32.36M,1.51%
7/12/2012,62.14,62.26,62.4,61.57,57.68M,-0.94%
7/11/2012,62.73,63.0,63.16,62.21,43.43M,-0.54%
7/10/2012,63.07,64.03,64.21,62.83,47.37M,-0.99%
7/9/2012,63.7,63.73,63.96,63.38,35.64M,-0.19%
7/6/2012,63.82,64.35,64.39,63.35,40.68M,-1.25%
7/5/2012,64.63,64.48,64.95,64.18,37.03M,0.06%
7/3/2012,64.59,64.08,64.59,63.99,15.90M,0.84%
7/2/2012,64.05,63.93,64.08,63.57,33.43M,0.30%
6/29/2012,63.86,63.07,63.86,62.92,44.77M,3.15%
6/28/2012,61.91,62.13,62.18,61.25,49.79M,-1.12%
6/27/2012,62.61,62.47,62.89,62.4,35.71M,0.61%
6/26/2012,62.23,62.04,62.41,61.77,30.61M,0.63%
6/25/2012,61.84,62.55,62.56,61.66,33.14M,-1.92%
6/22/2012,63.05,62.59,63.13,62.44,29.51M,1.04%
6/21/2012,62.4,63.91,64.01,62.33,42.49M,-2.48%
6/20/2012,63.99,64.06,64.27,63.51,51.39M,0.08%
6/19/2012,63.94,63.6,64.21,63.55,36.48M,1.04%
6/18/2012,63.28,62.46,63.44,62.34,32.19M,0.93%
6/15/2012,62.7,62.08,62.79,62.07,41.54M,1.01%
6/14/2012,62.07,61.85,62.32,61.51,65.17M,0.37%
6/13/2012,61.84,62.09,62.56,61.63,50.84M,-0.69%
6/12/2012,62.27,61.8,62.3,61.39,48.80M,1.22%
6/11/2012,61.52,63.05,63.08,61.48,51.01M,-1.69%
6/8/2012,62.58,61.87,62.66,61.67,39.74M,0.97%
6/7/2012,61.98,62.87,62.89,61.93,38.41M,-0.40%
6/6/2012,62.23,61.31,62.28,61.23,58.78M,2.28%
6/5/2012,60.84,60.37,60.95,60.35,47.92M,0.41%
6/4/2012,60.59,60.29,60.68,59.76,74.12M,0.77%
6/1/2012,60.13,60.69,61.03,60.11,71.43M,-2.66%
5/31/2012,61.77,61.96,62.12,61.3,55.26M,-0.44%
5/30/2012,62.04,62.0,62.26,61.39,56.43M,-0.85%
5/29/2012,62.57,62.34,62.86,61.99,44.22M,1.28%
5/25/2012,61.78,61.92,62.03,61.6,32.08M,-0.13%
5/24/2012,61.86,62.37,62.42,61.4,83.13M,-0.66%
5/23/2012,62.27,61.64,62.42,61.08,56.95M,0.19%
5/22/2012,62.15,62.37,62.66,61.7,62.95M,-0.11%
5/21/2012,62.22,60.64,62.28,60.57,61.47M,2.79%
5/18/2012,60.53,61.5,61.67,60.48,79.50M,-1.29%
5/17/2012,61.32,62.65,62.77,61.31,62.25M,-2.12%
5/16/2012,62.65,63.32,63.48,62.52,52.83M,-0.67%
5/15/2012,63.07,63.49,63.97,62.97,66.91M,-0.33%
5/14/2012,63.28,63.33,63.78,63.18,46.36M,-0.94%
5/11/2012,63.88,63.64,64.56,63.61,47.11M,-0.02%
5/10/2012,63.89,64.31,64.33,63.65,49.45M,-0.20%
5/9/2012,64.02,63.47,64.38,63.21,85.72M,-0.31%
5/8/2012,64.22,64.04,64.44,63.18,72.66M,-0.37%
5/7/2012,64.46,64.01,64.77,63.99,50.27M,0.09%
5/4/2012,64.4,65.44,66.04,64.39,107.55M,-2.48%
5/3/2012,66.04,66.79,66.84,65.87,51.31M,-1.06%
5/2/2012,66.75,66.19,66.8,66.07,38.30M,0.29%
5/1/2012,66.56,66.37,67.31,66.28,37.64M,0.17%
4/30/2012,66.45,66.71,66.86,66.4,37.79M,-0.72%
4/27/2012,66.93,66.81,67.14,66.46,46.01M,0.60%
4/26/2012,66.53,66.11,66.68,66.04,41.80M,0.59%
4/25/2012,66.14,65.75,66.18,65.66,57.53M,2.65%
4/24/2012,64.43,64.67,64.93,64.15,49.66M,-0.54%
4/23/2012,64.78,64.78,64.88,64.19,70.51M,-0.90%
4/20/2012,65.37,65.91,66.2,65.27,59.91M,-0.27%
4/19/2012,65.55,66.07,66.86,65.31,81.11M,-1.13%
4/18/2012,66.3,66.28,66.69,66.1,42.54M,-0.26%
4/17/2012,66.47,65.44,66.68,65.32,47.36M,2.03%
4/16/2012,65.15,66.22,66.25,64.94,57.59M,-1.11%
4/13/2012,65.88,66.65,66.89,65.85,55.23M,-1.51%
4/12/2012,66.89,66.27,66.97,66.17,57.41M,1.13%
4/11/2012,66.14,66.39,66.58,65.97,62.95M,0.49%
4/10/2012,65.82,66.88,67.13,65.61,69.25M,-1.61%
4/9/2012,66.9,66.57,67.17,66.45,36.91M,-0.74%
4/5/2012,67.4,66.88,67.46,66.82,42.71M,0.61%
4/4/2012,66.99,67.41,67.44,66.6,54.09M,-1.35%
4/3/2012,67.91,67.99,68.23,67.53,45.54M,-0.03%
4/2/2012,67.93,67.15,68.02,67.05,40.03M,1.03%
3/30/2012,67.24,67.67,67.7,66.97,39.48M,-0.18%
3/29/2012,67.36,67.3,67.61,66.89,53.98M,-0.38%
3/28/2012,67.62,67.93,68.19,67.23,44.42M,-0.40%
3/27/2012,67.89,67.83,68.17,67.81,37.28M,0.15%
3/26/2012,67.79,67.06,67.79,67.02,40.86M,1.74%
3/23/2012,66.63,66.75,66.77,66.25,45.55M,-0.06%
3/22/2012,66.67,66.4,66.83,66.37,56.96M,-0.21%
3/21/2012,66.81,66.82,67.18,66.72,39.65M,0.01%
3/20/2012,66.8,66.35,66.87,66.15,47.29M,0.18%
3/19/2012,66.68,66.31,66.84,66.14,60.97M,0.71%
3/16/2012,66.21,66.34,66.36,66.05,53.02M,-0.24%
3/15/2012,66.37,66.38,66.51,66.04,65.53M,0.29%
3/14/2012,66.18,66.0,66.43,65.77,59.93M,0.35%
3/13/2012,65.95,65.12,65.95,64.97,61.56M,1.85%
3/12/2012,64.75,64.67,64.81,64.42,32.69M,0.05%
3/9/2012,64.72,64.55,64.84,64.52,43.12M,0.42%
3/8/2012,64.45,64.12,64.64,64.0,43.71M,1.08%
3/7/2012,63.76,63.56,63.91,63.47,42.74M,0.77%
3/6/2012,63.27,63.29,63.42,62.94,54.64M,-0.99%
3/5/2012,63.9,64.53,64.61,63.69,45.79M,-1.04%
3/2/2012,64.57,64.53,64.78,64.36,33.36M,-0.08%
3/1/2012,64.62,64.36,64.68,64.16,67.56M,0.80%
2/29/2012,64.11,64.44,64.66,63.9,59.78M,-0.45%
2/28/2012,64.4,63.8,64.4,63.73,43.73M,1.02%
2/27/2012,63.75,63.3,63.96,63.04,42.68M,0.14%
2/24/2012,63.66,63.62,63.77,63.5,41.37M,0.35%
2/23/2012,63.44,63.1,63.51,62.8,54.25M,0.65%
2/22/2012,63.03,63.19,63.38,62.94,43.17M,-0.44%
2/21/2012,63.31,63.21,63.59,62.92,38.14M,0.29%
2/17/2012,63.13,63.34,63.39,62.86,76.11M,-0.32%
2/16/2012,63.33,62.5,63.4,62.34,83.64M,1.36%
2/15/2012,62.48,63.22,63.56,62.38,105.71M,-0.70%
2/14/2012,62.92,62.61,62.93,62.4,51.69M,0.25%
2/13/2012,62.76,62.64,62.84,62.36,36.81M,0.93%
2/10/2012,62.18,62.18,62.35,61.96,58.09M,-0.70%
2/9/2012,62.62,62.38,62.69,62.03,46.86M,0.72%
2/8/2012,62.17,61.85,62.17,61.62,41.17M,0.53%
2/7/2012,61.84,61.66,61.96,61.38,37.94M,0.21%
2/6/2012,61.71,61.53,61.73,61.37,28.54M,-0.08%
2/3/2012,61.76,61.49,61.83,61.39,36.45M,1.38%
2/2/2012,60.92,60.91,61.12,60.69,46.37M,0.30%
2/1/2012,60.74,60.57,60.95,60.38,46.15M,0.81%
1/31/2012,60.25,60.47,60.58,59.86,51.45M,0.13%
1/30/2012,60.17,59.6,60.26,59.38,42.80M,0.08%
1/27/2012,60.12,59.81,60.23,59.78,45.54M,0.30%
1/26/2012,59.94,60.39,60.52,59.65,37.85M,-0.35%
1/25/2012,60.15,60.0,60.3,59.55,61.59M,1.26%
1/24/2012,59.4,59.26,59.56,59.13,38.44M,-0.18%
1/23/2012,59.51,59.52,59.93,59.16,40.96M,0.03%
1/20/2012,59.49,59.33,59.52,59.28,41.05M,-0.15%
1/19/2012,59.58,59.48,59.69,59.37,47.77M,0.62%
1/18/2012,59.21,58.57,59.21,58.41,48.69M,1.32%
1/17/2012,58.44,58.44,58.69,58.22,41.79M,0.92%
1/13/2012,57.91,57.83,57.93,57.41,35.99M,-0.36%
1/12/2012,58.12,58.02,58.2,57.59,26.19M,0.40%
1/11/2012,57.89,57.75,58.02,57.54,37.14M,0.21%
1/10/2012,57.77,57.99,58.13,57.37,35.95M,0.73%
1/9/2012,57.35,57.68,57.71,57.16,39.20M,-0.33%
1/6/2012,57.54,57.38,57.67,57.13,46.33M,0.35%
1/5/2012,57.34,56.75,57.39,56.54,41.26M,0.83%
1/4/2012,56.87,56.54,56.95,56.3,29.40M,0.42%
1/3/2012,56.63,56.64,56.92,56.49,39.51M,1.91%
12/30/2011,55.57,55.6,55.86,55.56,21.83M,-0.29%
12/29/2011,55.73,55.42,55.77,55.24,28.08M,0.72%
12/28/2011,55.33,55.91,56.0,55.18,38.19M,-1.16%
12/27/2011,55.98,55.75,56.16,55.67,21.44M,0.29%
12/23/2011,55.82,55.42,55.82,55.32,26.59M,0.87%
12/22/2011,55.34,54.96,55.37,54.91,40.33M,0.86%
12/21/2011,54.87,55.38,55.38,54.23,78.55M,-1.44%
12/20/2011,55.67,54.94,55.74,54.91,81.76M,2.96%
12/19/2011,54.07,54.8,54.94,53.92,46.73M,-0.97%
12/16/2011,54.6,54.62,55.35,54.51,60.98M,0.20%
12/15/2011,54.49,55.1,55.16,54.41,58.73M,-0.26%
12/14/2011,54.63,55.26,55.33,54.33,63.68M,-1.57%
12/13/2011,55.5,56.5,56.71,55.27,68.56M,-1.10%
12/12/2011,56.12,56.16,56.74,55.64,55.41M,-1.11%
12/9/2011,56.75,56.0,56.92,55.98,55.76M,1.59%
12/8/2011,55.86,56.48,56.88,55.75,51.69M,-1.67%
12/7/2011,56.81,56.63,57.07,56.09,44.58M,0.00%
12/6/2011,56.81,57.02,57.18,56.63,38.67M,-0.28%
12/5/2011,56.97,57.22,57.35,56.65,40.50M,1.08%
12/2/2011,56.36,57.06,57.07,56.31,36.94M,-0.28%
12/1/2011,56.52,56.11,56.66,56.09,45.36M,0.69%
11/30/2011,56.13,55.58,56.18,55.41,66.92M,3.69%
11/29/2011,54.13,54.4,54.84,53.97,52.06M,-0.62%
11/28/2011,54.47,53.91,54.53,53.89,46.71M,3.50%
11/25/2011,52.63,52.84,53.42,52.62,25.45M,-0.77%
11/23/2011,53.04,53.86,53.92,53.01,48.47M,-2.27%
11/22/2011,54.27,53.95,54.43,53.62,51.94M,0.33%
11/21/2011,54.09,54.43,54.48,53.53,52.29M,-1.90%
11/18/2011,55.14,55.59,55.64,55.04,60.42M,-0.77%
11/17/2011,55.57,56.75,56.77,55.22,101.71M,-2.34%
11/16/2011,56.9,57.46,57.89,56.79,68.34M,-1.66%
11/15/2011,57.86,57.07,58.09,56.99,52.20M,1.12%
11/14/2011,57.22,57.42,57.74,57.01,44.62M,-0.63%
11/11/2011,57.58,57.01,57.75,56.93,54.47M,1.88%
11/10/2011,56.52,57.13,57.15,55.97,66.05M,-0.05%
11/9/2011,56.55,57.45,57.56,56.37,69.54M,-3.51%
11/8/2011,58.61,58.36,58.71,57.7,62.91M,1.16%
11/7/2011,57.94,57.48,57.98,56.9,65.54M,0.71%
11/4/2011,57.53,57.52,57.78,56.95,61.53M,-0.52%
11/3/2011,57.83,57.09,57.9,56.45,78.99M,2.08%
11/2/2011,56.65,56.74,56.89,56.12,65.18M,0.84%
11/1/2011,56.18,56.3,57.64,55.86,99.93M,-2.60%
10/31/2011,57.68,58.14,58.37,57.64,60.52M,-1.69%
10/28/2011,58.67,58.23,58.74,58.23,42.95M,0.15%
10/27/2011,58.58,58.37,58.92,57.76,104.46M,2.77%
10/26/2011,57.0,57.38,57.51,55.95,98.19M,-0.12%
10/25/2011,57.07,58.0,58.05,56.95,65.30M,-1.98%
10/24/2011,58.22,57.25,58.38,57.04,61.45M,2.09%
10/21/2011,57.03,56.9,57.39,56.52,60.46M,1.24%
10/20/2011,56.33,56.55,56.65,55.53,80.38M,-0.49%
10/19/2011,56.61,57.44,57.58,56.42,67.64M,-1.92%
10/18/2011,57.72,56.92,58.02,56.4,91.43M,1.25%
10/17/2011,57.01,57.63,57.82,56.71,65.16M,-1.55%
10/14/2011,57.91,57.57,57.92,57.24,65.64M,1.86%
10/13/2011,56.85,56.23,56.92,56.17,63.44M,0.91%
10/12/2011,56.34,56.61,56.96,56.3,85.63M,0.50%
10/11/2011,56.06,55.55,56.2,55.44,66.45M,0.68%
10/10/2011,55.68,54.72,55.68,54.63,48.23M,3.46%
10/7/2011,53.82,54.16,54.41,53.47,72.53M,-0.66%
10/6/2011,54.18,53.22,54.19,52.96,71.94M,1.69%
10/5/2011,53.28,51.83,53.43,51.42,108.83M,2.56%
10/4/2011,51.95,50.36,52.05,49.86,137.01M,2.06%
10/3/2011,50.9,51.8,52.6,50.87,99.15M,-2.58%
9/30/2011,52.25,52.93,53.36,52.22,104.96M,-2.57%
9/29/2011,53.63,55.1,55.17,52.72,116.90M,-1.20%
9/28/2011,54.28,55.31,55.71,54.15,76.76M,-1.47%
9/27/2011,55.09,55.44,55.94,54.72,81.15M,1.05%
9/26/2011,54.52,54.17,54.62,52.96,96.26M,1.15%
9/23/2011,53.9,52.89,54.13,52.84,85.94M,1.07%
9/22/2011,53.33,53.68,54.21,52.5,151.89M,-3.25%
9/21/2011,55.12,56.39,56.66,55.11,79.94M,-1.75%
9/20/2011,56.1,56.63,57.08,55.97,66.57M,-0.44%
9/19/2011,56.35,55.64,56.64,55.17,73.04M,0.04%
9/16/2011,56.33,55.99,56.39,55.83,91.90M,0.73%
9/15/2011,55.92,55.71,56.02,55.13,83.54M,1.49%
9/14/2011,55.1,54.59,55.72,54.07,90.76M,1.42%
9/13/2011,54.33,53.83,54.44,53.55,59.02M,1.34%
9/12/2011,53.61,52.36,53.65,52.33,65.97M,1.28%
9/9/2011,52.93,53.76,53.99,52.6,63.66M,-2.23%
9/8/2011,54.14,54.12,54.91,53.96,61.42M,-0.46%
9/7/2011,54.39,53.78,54.4,53.65,48.95M,2.55%
9/6/2011,53.04,51.8,53.12,51.67,52.99M,0.02%
9/2/2011,53.03,53.33,54.36,52.74,58.19M,-2.36%
9/1/2011,54.31,54.95,55.38,54.21,57.16M,-0.89%
8/31/2011,54.8,55.03,55.48,54.35,60.90M,0.16%
8/30/2011,54.71,54.14,55.04,53.86,61.62M,0.64%
8/29/2011,54.36,53.39,54.42,53.39,45.99M,2.80%
8/26/2011,52.88,51.44,53.06,50.91,91.57M,2.50%
8/25/2011,51.59,52.39,52.66,51.41,93.62M,-1.62%
8/24/2011,52.44,51.94,52.55,51.47,80.20M,0.77%
8/23/2011,52.04,50.32,52.04,50.11,75.69M,4.12%
8/22/2011,49.98,50.97,51.0,49.83,77.11M,0.36%
8/19/2011,49.8,50.2,51.43,49.76,96.67M,-1.79%
8/18/2011,50.71,51.89,51.9,50.24,130.02M,-4.91%
8/17/2011,53.33,53.73,54.17,52.77,84.42M,-0.60%
8/16/2011,53.65,53.57,54.1,52.93,89.22M,-0.85%
8/15/2011,54.11,53.52,54.11,53.28,73.55M,1.48%
8/12/2011,53.32,53.17,53.65,52.63,90.48M,0.89%
8/11/2011,52.85,51.34,53.44,51.1,143.82M,4.41%
8/10/2011,50.62,51.58,52.8,50.56,205.92M,-4.09%
8/9/2011,52.78,51.07,52.83,49.7,193.71M,4.83%
8/8/2011,50.35,51.97,52.87,50.35,204.80M,-6.03%
8/5/2011,53.58,54.53,54.77,52.08,214.11M,-0.63%
8/4/2011,53.92,55.72,55.83,53.92,132.83M,-4.65%
8/3/2011,56.55,56.11,56.62,55.09,103.61M,0.96%
8/2/2011,56.01,57.19,57.45,55.95,90.85M,-2.52%
8/1/2011,57.46,58.4,58.55,56.76,85.42M,-0.47%
7/29/2011,57.73,57.46,58.34,57.17,82.86M,-0.33%
7/28/2011,57.92,57.83,58.66,57.62,61.03M,0.17%
7/27/2011,57.82,58.97,59.01,57.67,83.97M,-2.58%
7/26/2011,59.35,59.16,59.55,59.04,40.92M,0.25%
7/25/2011,59.2,58.85,59.53,58.75,48.92M,-0.20%
7/22/2011,59.32,58.7,59.42,58.65,43.62M,1.02%
7/21/2011,58.72,58.38,59.04,58.07,70.15M,0.67%
7/20/2011,58.33,58.9,58.91,58.23,57.08M,-0.43%
7/19/2011,58.58,57.86,58.63,57.82,73.90M,2.29%
7/18/2011,57.27,57.27,57.52,56.71,59.51M,-0.54%
7/15/2011,57.58,57.45,57.58,57.04,68.29M,1.34%
7/14/2011,56.82,57.66,57.91,56.61,98.77M,-1.17%
7/13/2011,57.49,57.67,58.07,57.28,82.37M,0.42%
7/12/2011,57.25,57.67,57.8,57.19,84.00M,-0.76%
7/11/2011,57.69,58.14,58.44,57.49,52.08M,-1.82%
7/8/2011,58.76,58.43,58.77,58.1,69.53M,-0.25%
7/7/2011,58.91,58.55,59.08,58.47,54.80M,1.36%
7/6/2011,58.12,57.87,58.22,57.67,49.28M,0.33%
7/5/2011,57.93,57.68,57.99,57.56,43.13M,0.50%
7/1/2011,57.64,56.83,57.71,56.65,53.20M,1.51%
6/30/2011,56.78,56.24,56.82,56.21,50.48M,1.32%
6/29/2011,56.04,55.97,56.15,55.64,65.42M,0.41%
6/28/2011,55.81,55.12,55.82,55.03,47.03M,1.49%
6/27/2011,54.99,54.18,55.27,54.07,49.97M,1.59%
6/24/2011,54.13,54.81,54.87,54.02,56.30M,-1.72%
6/23/2011,55.08,54.03,55.11,53.81,80.74M,0.92%
6/22/2011,54.58,54.74,55.06,54.56,36.83M,-0.71%
6/21/2011,54.97,54.01,55.03,53.78,55.89M,2.14%
6/20/2011,53.82,53.41,53.98,53.39,37.40M,0.52%
6/17/2011,53.54,54.2,54.34,53.38,70.35M,-0.54%
6/16/2011,53.83,54.08,54.25,53.37,66.32M,-0.39%
6/15/2011,54.04,54.57,54.89,53.93,59.02M,-1.89%
6/14/2011,55.08,54.79,55.21,54.77,40.57M,1.27%
6/13/2011,54.39,54.46,54.67,54.2,37.75M,0.00%
6/10/2011,54.39,54.97,55.08,54.34,53.74M,-1.52%
6/9/2011,55.23,55.11,55.5,54.97,45.31M,0.18%
6/8/2011,55.13,55.41,55.51,54.97,46.43M,-0.72%
6/7/2011,55.53,55.79,56.0,55.49,46.31M,-0.18%
6/6/2011,55.63,55.98,56.27,55.6,50.18M,-0.82%
6/3/2011,56.09,56.3,56.72,56.01,57.77M,-1.49%
6/2/2011,56.94,56.94,57.14,56.63,50.20M,0.21%
6/1/2011,56.82,57.95,58.09,56.77,51.79M,-2.19%
5/31/2011,58.09,57.7,58.09,57.4,47.59M,1.63%
5/27/2011,57.16,56.97,57.22,56.92,30.13M,0.49%
5/26/2011,56.88,56.36,57.03,56.35,40.56M,0.62%
5/25/2011,56.53,56.23,56.79,56.21,41.37M,0.39%
5/24/2011,56.31,56.8,56.8,56.3,39.31M,-0.60%
5/23/2011,56.65,56.72,56.88,56.39,43.68M,-1.48%
5/20/2011,57.5,57.88,57.94,57.42,44.70M,-0.76%
5/19/2011,57.94,57.96,58.07,57.58,35.02M,0.29%
5/18/2011,57.77,57.21,57.87,57.14,42.35M,0.84%
5/17/2011,57.29,56.85,57.3,56.71,63.18M,0.28%
5/16/2011,57.13,57.89,58.05,57.0,73.14M,-1.74%
5/13/2011,58.14,58.71,58.79,58.12,63.51M,-1.17%
5/12/2011,58.83,58.29,58.91,57.97,66.13M,0.60%
5/11/2011,58.48,58.82,59.03,58.09,61.91M,-0.73%
5/10/2011,58.91,58.6,59.0,58.5,38.05M,0.84%
5/9/2011,58.42,58.29,58.65,58.07,40.03M,0.38%
5/6/2011,58.2,58.59,58.92,58.04,72.51M,0.33%
5/5/2011,58.01,58.05,58.7,57.81,72.15M,-0.55%
5/4/2011,58.33,58.45,58.6,57.84,53.11M,-0.15%
5/3/2011,58.42,58.68,58.73,58.06,38.14M,-0.48%
5/2/2011,58.7,58.91,59.06,58.55,48.15M,-0.17%
4/29/2011,58.8,58.77,59.01,58.71,44.83M,-0.08%
4/28/2011,58.85,58.78,58.95,58.61,48.14M,-0.15%
4/27/2011,58.94,58.63,59.01,58.39,56.47M,0.67%
4/26/2011,58.55,58.38,58.76,58.24,49.39M,0.57%
4/25/2011,58.22,58.13,58.25,58.01,25.38M,0.26%
4/21/2011,58.07,58.2,58.2,57.89,43.67M,0.80%
4/20/2011,57.61,57.32,57.67,56.34,67.40M,2.25%
4/19/2011,56.34,56.13,56.34,55.84,38.61M,0.63%
4/18/2011,55.99,55.83,56.01,55.06,69.07M,-0.71%
4/15/2011,56.39,56.27,56.61,56.02,68.53M,-0.18%
4/14/2011,56.49,56.19,56.57,55.97,53.54M,-0.18%
4/13/2011,56.59,56.51,56.73,56.14,49.98M,0.86%
4/12/2011,56.11,56.26,56.38,55.89,50.64M,-0.69%
4/11/2011,56.5,56.89,57.02,56.3,42.45M,-0.32%
4/8/2011,56.68,57.21,57.3,56.39,42.78M,-0.47%
4/7/2011,56.95,56.96,57.33,56.55,60.71M,-0.07%
4/6/2011,56.99,57.27,57.46,56.66,49.53M,0.25%
4/5/2011,56.85,56.89,57.22,56.73,55.38M,-0.26%
4/4/2011,57.0,57.35,57.41,56.75,48.66M,-0.33%
4/1/2011,57.19,57.45,57.63,57.02,68.03M,0.05%
3/31/2011,57.16,56.98,57.21,56.88,50.14M,0.14%
3/30/2011,57.08,57.09,57.16,56.81,44.94M,0.48%
3/29/2011,56.81,56.14,56.81,55.97,47.99M,0.96%
3/28/2011,56.27,56.82,56.83,56.24,37.82M,-0.55%
3/25/2011,56.58,56.63,56.95,56.47,74.13M,0.25%
3/24/2011,56.44,55.86,56.56,55.56,69.50M,1.79%
3/23/2011,55.45,54.93,55.61,54.56,60.37M,0.56%
3/22/2011,55.14,55.31,55.35,55.02,36.25M,-0.18%
3/21/2011,55.24,55.03,55.52,54.24,57.42M,1.92%
3/18/2011,54.2,54.94,54.96,54.16,94.89M,-0.37%
3/17/2011,54.4,54.75,54.98,53.88,94.43M,0.93%
3/16/2011,53.9,54.77,55.08,53.52,176.51M,-2.41%
3/15/2011,55.23,54.39,55.56,54.22,101.28M,-1.43%
3/14/2011,56.03,55.92,56.33,55.6,73.62M,-0.36%
3/11/2011,56.23,55.57,56.4,55.56,81.68M,0.63%
3/10/2011,55.88,56.13,56.26,55.65,102.99M,-1.55%
3/9/2011,56.76,56.94,57.0,56.46,84.76M,-0.68%
3/8/2011,57.15,56.83,57.41,56.51,62.40M,0.40%
3/7/2011,56.92,57.94,57.99,56.41,98.47M,-1.35%
3/4/2011,57.7,57.98,57.99,57.32,62.33M,-0.50%
3/3/2011,57.99,57.41,58.09,57.4,64.25M,1.97%
3/2/2011,56.87,56.56,57.24,56.53,61.55M,0.51%
3/1/2011,56.58,57.72,57.75,56.43,91.99M,-1.60%
2/28/2011,57.5,57.6,57.78,57.16,51.40M,0.21%
2/25/2011,57.38,56.89,57.45,56.85,54.09M,1.40%
2/24/2011,56.59,56.44,56.76,55.88,98.72M,0.52%
2/23/2011,56.3,56.73,56.96,55.87,97.84M,-0.81%
2/22/2011,56.76,57.73,57.86,56.67,92.60M,-2.91%
2/18/2011,58.46,58.61,58.7,58.24,44.34M,-0.22%
2/17/2011,58.59,58.33,58.7,58.28,38.36M,-0.03%
2/16/2011,58.61,58.37,58.77,58.36,53.06M,0.65%
2/15/2011,58.23,58.17,58.3,57.96,39.72M,-0.14%
2/14/2011,58.31,58.16,58.39,58.11,48.51M,0.24%
2/11/2011,58.17,57.6,58.21,57.5,47.85M,0.73%
2/10/2011,57.75,57.34,57.83,57.22,70.19M,0.16%
2/9/2011,57.66,57.67,57.85,57.48,62.54M,-0.16%
2/8/2011,57.75,57.38,57.8,57.29,38.10M,0.64%
2/7/2011,57.38,57.22,57.7,57.13,45.63M,0.47%
2/4/2011,57.11,56.78,57.15,56.63,47.65M,0.56%
2/3/2011,56.79,56.59,56.87,56.14,45.34M,0.18%
2/2/2011,56.69,56.65,56.9,56.58,48.66M,-0.16%
2/1/2011,56.78,56.16,56.91,56.1,76.95M,1.87%
1/31/2011,55.74,55.55,55.9,55.13,70.57M,0.49%
1/28/2011,55.47,56.89,56.95,55.21,123.36M,-2.53%
1/27/2011,56.91,56.74,57.08,56.65,53.66M,0.60%
1/26/2011,56.57,56.37,56.71,56.19,60.55M,0.53%
1/25/2011,56.27,55.92,56.29,55.79,55.31M,0.14%
1/24/2011,56.19,55.53,56.2,55.42,64.10M,1.39%
1/21/2011,55.42,56.13,56.23,55.39,59.67M,-0.77%
1/20/2011,55.85,56.04,56.09,55.42,92.36M,-0.71%
1/19/2011,56.25,56.97,56.99,56.06,67.77M,-1.12%
1/18/2011,56.89,56.26,56.96,56.23,65.80M,0.28%
1/14/2011,56.73,56.33,56.75,56.2,43.87M,0.75%
1/13/2011,56.31,56.33,56.47,56.15,47.43M,0.04%
1/12/2011,56.29,56.16,56.3,55.94,51.98M,0.70%
1/11/2011,55.9,56.03,56.1,55.69,56.66M,0.14%
1/10/2011,55.82,55.46,55.92,55.32,55.55M,0.38%
1/7/2011,55.61,55.76,55.79,55.06,72.26M,-0.09%
1/6/2011,55.66,55.53,55.7,55.42,46.14M,0.32%
1/5/2011,55.48,54.85,55.5,54.81,43.79M,0.85%
1/4/2011,55.01,55.27,55.29,54.66,43.85M,-0.07%
1/3/2011,55.05,54.7,55.43,54.69,90.99M,1.55%
12/31/2010,54.21,54.35,54.37,53.96,38.57M,-0.37%
12/30/2010,54.41,54.53,54.54,54.3,27.56M,-0.22%
12/29/2010,54.53,54.56,54.64,54.48,24.13M,0.20%
12/28/2010,54.42,54.62,54.66,54.3,24.17M,-0.17%
12/27/2010,54.51,54.37,54.6,53.96,29.26M,0.04%
12/23/2010,54.49,54.52,54.61,54.36,21.67M,-0.26%
12/22/2010,54.63,54.6,54.7,54.53,35.77M,0.00%
12/21/2010,54.63,54.51,54.63,54.37,35.78M,0.59%
12/20/2010,54.31,54.34,54.5,53.91,48.16M,0.07%
12/17/2010,54.27,54.29,54.43,54.16,36.85M,-0.11%
12/16/2010,54.33,53.96,54.41,53.81,65.52M,0.78%
12/15/2010,53.91,54.12,54.45,53.78,76.95M,-0.42%
12/14/2010,54.14,54.17,54.37,53.98,69.94M,0.17%
12/13/2010,54.05,54.46,54.49,54.02,53.11M,-0.35%
12/10/2010,54.24,54.04,54.3,53.84,44.70M,0.67%
12/9/2010,53.88,54.16,54.19,53.7,51.68M,0.09%
12/8/2010,53.83,53.77,53.9,53.44,48.07M,0.37%
12/7/2010,53.63,54.24,54.27,53.57,59.07M,0.07%
12/6/2010,53.59,53.61,53.7,53.43,39.31M,-0.06%
12/3/2010,53.62,53.25,53.69,53.25,38.01M,0.26%
12/2/2010,53.48,53.02,53.56,52.96,56.88M,1.02%
12/1/2010,52.94,52.62,53.21,52.59,81.76M,2.12%
11/30/2010,51.84,51.94,52.49,51.64,118.86M,-1.22%
11/29/2010,52.48,52.45,52.65,51.86,89.27M,-0.40%
11/26/2010,52.69,52.55,52.88,52.42,23.64M,-0.34%
11/24/2010,52.87,52.34,53.0,52.32,53.46M,2.01%
11/23/2010,51.83,52.15,52.21,51.53,76.90M,-1.58%
11/22/2010,52.66,52.01,52.66,51.93,69.92M,0.82%
11/19/2010,52.23,52.1,52.35,51.9,54.51M,0.08%
11/18/2010,52.19,51.91,52.54,51.89,71.49M,1.62%
11/17/2010,51.36,51.25,51.63,51.11,77.84M,0.29%
11/16/2010,51.21,51.69,52.0,50.61,101.10M,-1.65%
11/15/2010,52.07,52.53,52.63,52.05,56.72M,-0.38%
11/12/2010,52.27,52.85,53.12,51.87,99.16M,-1.64%
11/11/2010,53.14,52.65,53.23,52.41,85.16M,-0.60%
11/10/2010,53.46,53.28,53.52,52.85,83.55M,0.49%
11/9/2010,53.2,53.72,53.79,52.96,66.97M,-0.54%
11/8/2010,53.49,53.32,53.58,53.2,39.62M,0.13%
11/5/2010,53.42,53.45,53.56,53.26,77.94M,0.00%
11/4/2010,53.42,53.38,53.61,53.25,84.20M,1.23%
11/3/2010,52.77,52.59,52.79,52.12,126.23M,0.46%
11/2/2010,52.53,52.41,52.68,52.33,48.14M,1.06%
11/1/2010,51.98,52.14,52.5,51.74,60.56M,0.08%
10/29/2010,51.94,52.05,52.25,51.93,46.67M,-0.23%
10/28/2010,52.06,52.18,52.21,51.6,61.22M,0.21%
10/27/2010,51.95,51.53,51.99,51.42,57.48M,0.31%
10/26/2010,51.79,51.38,51.91,51.18,60.50M,0.27%
10/25/2010,51.65,51.61,51.99,51.61,51.41M,0.49%
10/22/2010,51.4,51.06,51.45,50.97,47.41M,0.69%
10/21/2010,51.05,51.27,51.47,50.55,85.89M,0.20%
10/20/2010,50.95,50.72,51.33,50.63,80.86M,0.73%
10/19/2010,50.58,50.57,51.06,50.19,105.74M,-0.94%
10/18/2010,51.06,51.28,51.48,51.06,72.51M,-0.37%
10/15/2010,51.25,50.8,51.26,50.39,104.65M,2.11%
10/14/2010,50.19,50.3,50.4,49.94,68.46M,-0.18%
10/13/2010,50.28,50.17,50.51,50.05,71.12M,0.80%
10/12/2010,49.88,49.46,49.98,49.03,88.57M,0.69%
10/11/2010,49.54,49.55,49.79,49.39,46.88M,0.04%
10/8/2010,49.52,49.22,49.64,48.85,83.22M,0.69%
10/7/2010,49.18,49.29,49.31,48.77,75.69M,0.37%
10/6/2010,49.0,49.36,49.48,48.68,81.83M,-0.87%
10/5/2010,49.43,48.8,49.53,48.77,99.30M,2.45%
10/4/2010,48.25,48.63,48.82,47.98,71.36M,-1.09%
10/1/2010,48.78,49.23,49.3,48.55,77.68M,-0.12%
9/30/2010,48.84,49.31,49.61,48.52,122.46M,-0.45%
9/29/2010,49.06,49.07,49.3,48.88,81.68M,-0.16%
9/28/2010,49.14,49.28,49.31,48.36,104.92M,-0.04%
9/27/2010,49.16,49.42,49.52,49.12,43.88M,-0.55%
9/24/2010,49.43,48.99,49.46,48.92,79.50M,2.04%
9/23/2010,48.44,48.16,48.93,48.09,85.04M,-0.04%
9/22/2010,48.46,48.38,48.79,48.19,88.32M,-0.27%
9/21/2010,48.59,48.61,48.94,48.38,82.35M,-0.02%
9/20/2010,48.6,47.96,48.7,47.89,84.54M,1.74%
9/17/2010,47.77,47.92,47.92,47.53,76.37M,0.10%
9/16/2010,47.72,47.46,47.76,47.32,66.89M,0.40%
9/15/2010,47.53,47.13,47.58,46.97,67.11M,0.64%
9/14/2010,47.23,46.95,47.48,46.86,91.41M,0.43%
9/13/2010,47.03,46.73,47.15,46.72,64.52M,1.40%
9/10/2010,46.38,46.27,46.45,46.03,67.00M,0.37%
9/9/2010,46.21,46.45,46.48,46.1,61.48M,0.39%
9/8/2010,46.03,45.63,46.23,45.61,66.88M,1.19%
9/7/2010,45.49,45.61,45.82,45.41,51.20M,-0.68%
9/3/2010,45.8,45.52,45.81,45.34,64.04M,1.66%
9/2/2010,45.05,44.63,45.07,44.52,41.82M,1.12%
9/1/2010,44.55,43.89,44.7,43.86,83.52M,2.98%
8/31/2010,43.26,43.19,43.65,42.98,72.07M,-0.35%
8/30/2010,43.41,43.67,44.04,43.4,49.37M,-1.03%
8/27/2010,43.86,43.66,43.95,42.77,109.60M,1.20%
8/26/2010,43.34,44.03,44.11,43.3,91.22M,-1.19%
8/25/2010,43.86,43.15,44.05,43.07,87.35M,0.94%
8/24/2010,43.45,43.81,43.91,43.26,79.10M,-1.85%
8/23/2010,44.27,45.04,45.13,44.25,69.61M,-0.98%
8/20/2010,44.71,44.58,44.82,44.33,66.81M,0.13%
8/19/2010,44.65,45.08,45.25,44.35,82.97M,-1.52%
8/18/2010,45.34,45.08,45.61,44.9,61.84M,0.40%
8/17/2010,45.16,44.9,45.57,44.82,56.93M,1.28%
8/16/2010,44.59,44.27,44.9,44.09,55.47M,0.18%
8/13/2010,44.51,44.66,44.85,44.5,46.39M,-0.71%
8/12/2010,44.83,44.35,45.03,44.24,66.00M,-0.80%
8/11/2010,45.19,45.7,45.71,45.0,92.22M,-2.73%
8/10/2010,46.46,46.5,46.73,46.06,86.69M,-0.85%
8/9/2010,46.86,46.79,46.97,46.57,26.94M,0.69%
8/6/2010,46.54,46.1,46.63,45.84,71.34M,-0.15%
8/5/2010,46.61,46.5,46.7,46.3,39.15M,-0.24%
8/4/2010,46.72,46.47,46.77,46.28,43.82M,1.02%
8/3/2010,46.25,46.41,46.48,46.03,60.86M,-0.43%
8/2/2010,46.45,46.16,46.57,45.99,68.71M,1.86%
7/30/2010,45.6,45.15,45.88,44.86,98.96M,0.22%
7/29/2010,45.5,46.08,46.19,45.04,85.69M,-0.74%
7/28/2010,45.84,46.16,46.36,45.67,51.99M,-0.78%
7/27/2010,46.2,46.47,46.5,45.99,67.66M,-0.04%
7/26/2010,46.22,45.91,46.24,45.7,64.85M,0.81%
7/23/2010,45.85,45.25,45.89,45.17,81.06M,0.64%
7/22/2010,45.56,45.05,45.77,45.03,82.89M,2.54%
7/21/2010,44.43,45.54,45.55,44.35,83.58M,-1.38%
7/20/2010,45.05,43.79,45.05,43.66,89.06M,1.21%
7/19/2010,44.51,44.27,44.6,43.89,81.80M,0.86%
7/16/2010,44.13,45.23,45.42,44.09,98.83M,-2.78%
7/15/2010,45.39,45.25,45.53,44.78,95.99M,0.09%
7/14/2010,45.35,45.21,45.6,45.03,87.69M,0.51%
7/13/2010,45.12,44.92,45.29,44.59,93.31M,1.30%
7/12/2010,44.54,44.37,44.82,44.25,60.93M,0.29%
7/9/2010,44.41,43.97,44.42,43.87,47.86M,0.95%
7/8/2010,43.99,44.1,44.17,43.48,78.26M,0.53%
7/7/2010,43.76,42.54,43.81,42.5,72.45M,3.21%
7/6/2010,42.4,42.89,43.17,42.05,88.59M,0.31%
7/2/2010,42.27,42.47,42.62,41.89,78.57M,-0.28%
7/1/2010,42.39,42.62,42.76,41.58,158.69M,-0.28%
6/30/2010,42.51,43.03,43.47,42.44,101.31M,-1.53%
6/29/2010,43.17,44.21,44.25,42.87,136.38M,-3.85%
6/28/2010,44.9,45.08,45.34,44.6,71.38M,-0.36%
6/25/2010,45.06,45.3,45.45,44.74,89.04M,-0.18%
6/24/2010,45.14,45.63,45.78,44.99,114.71M,-1.53%
6/23/2010,45.84,46.07,46.25,45.48,92.40M,-0.39%
6/22/2010,46.02,46.57,46.92,45.94,94.49M,-0.78%
6/21/2010,46.38,47.38,47.46,46.11,95.49M,-0.86%
6/18/2010,46.78,46.84,47.12,46.64,75.92M,-0.11%
6/17/2010,46.83,46.94,46.96,46.42,77.11M,0.32%
6/16/2010,46.68,46.36,46.92,46.28,78.40M,0.41%
6/15/2010,46.49,45.5,46.55,45.24,76.33M,2.67%
6/14/2010,45.28,45.7,46.02,45.2,68.08M,-0.02%
6/11/2010,45.29,44.42,45.33,44.4,74.35M,0.96%
6/10/2010,44.86,44.18,44.91,44.03,76.89M,2.84%
6/9/2010,43.62,44.27,44.7,43.49,102.08M,-0.82%
6/8/2010,43.98,44.16,44.27,43.39,133.99M,-0.18%
6/7/2010,44.06,45.13,45.25,44.01,88.44M,-1.83%
6/4/2010,44.88,45.5,46.07,44.73,112.85M,-3.42%
6/3/2010,46.47,46.14,46.55,45.87,98.93M,0.96%
6/2/2010,46.03,45.24,46.06,44.92,97.25M,2.36%
6/1/2010,44.97,45.24,46.03,44.92,104.24M,-0.93%
5/28/2010,45.39,45.73,45.78,44.99,128.54M,-0.59%
5/27/2010,45.66,45.01,45.68,44.88,110.74M,3.80%
5/26/2010,43.99,44.72,45.36,43.91,140.20M,-1.12%
5/25/2010,44.49,43.47,44.55,43.03,155.64M,0.09%
5/24/2010,44.45,44.6,45.11,44.43,113.39M,-0.40%
5/21/2010,44.63,43.44,45.43,43.29,190.63M,1.11%
5/20/2010,44.14,44.96,45.07,44.04,189.29M,-3.73%
5/19/2010,45.85,46.04,46.41,45.34,159.00M,-0.78%
5/18/2010,46.21,47.25,47.36,46.0,153.07M,-1.39%
5/17/2010,46.86,46.82,47.05,45.86,120.97M,0.32%
5/14/2010,46.71,47.27,47.3,46.16,147.39M,-1.93%
5/13/2010,47.63,48.2,48.56,47.51,102.84M,-1.57%
5/12/2010,48.39,47.76,48.43,47.68,85.46M,1.87%
5/11/2010,47.5,47.09,48.16,46.98,113.20M,-0.11%
5/10/2010,47.55,47.2,47.58,47.09,136.04M,5.20%
5/7/2010,45.2,46.0,46.58,44.08,288.20M,-2.48%
5/6/2010,46.35,47.63,48.1,41.36,274.36M,-3.36%
5/5/2010,47.96,47.76,48.27,47.42,128.56M,-0.50%
5/4/2010,48.2,49.08,49.09,47.86,141.14M,-3.02%
5/3/2010,49.7,49.2,49.94,49.2,74.17M,1.41%
4/30/2010,49.01,49.98,50.06,48.97,110.90M,-1.98%
4/29/2010,50.0,49.38,50.1,49.38,84.18M,1.75%
4/28/2010,49.14,49.37,49.4,48.75,130.08M,0.06%
4/27/2010,49.11,49.99,50.2,48.98,112.61M,-2.13%
4/26/2010,50.18,50.29,50.41,50.07,67.36M,-0.20%
4/23/2010,50.28,50.06,50.33,49.86,77.21M,0.40%
4/22/2010,50.08,49.34,50.13,49.03,110.48M,0.56%
4/21/2010,49.8,49.86,49.96,49.49,74.75M,0.57%
4/20/2010,49.52,49.52,49.65,49.2,69.54M,0.51%
4/19/2010,49.27,49.13,49.43,48.67,98.25M,-0.06%
4/16/2010,49.3,49.72,49.89,48.97,127.39M,-1.20%
4/15/2010,49.9,49.65,49.96,49.64,72.25M,0.44%
4/14/2010,49.68,49.34,49.69,49.27,69.00M,1.20%
4/13/2010,49.09,48.79,49.12,48.63,59.38M,0.51%
4/12/2010,48.84,48.82,48.97,48.71,44.28M,0.08%
4/9/2010,48.8,48.54,48.82,48.41,54.23M,0.60%
4/8/2010,48.51,48.28,48.59,48.02,68.32M,0.23%
4/7/2010,48.4,48.46,48.64,48.14,77.21M,-0.25%
4/6/2010,48.52,48.26,48.67,48.16,54.10M,0.29%
4/5/2010,48.38,48.04,48.49,47.92,56.22M,0.92%
4/1/2010,47.94,48.11,48.47,47.57,83.73M,0.00%
3/31/2010,47.94,48.01,48.22,47.85,59.95M,-0.46%
3/30/2010,48.16,48.13,48.32,47.84,49.46M,0.31%
3/29/2010,48.01,48.01,48.17,47.88,57.99M,0.48%
3/26/2010,47.78,47.92,48.1,47.52,78.07M,0.10%
3/25/2010,47.73,48.19,48.37,47.68,76.35M,-0.15%
3/24/2010,47.8,47.92,47.95,47.69,63.03M,-0.48%
3/23/2010,48.03,47.78,48.08,47.55,59.18M,0.69%
3/22/2010,47.7,47.09,47.89,47.03,71.90M,0.91%
3/19/2010,47.27,47.73,47.73,47.1,86.34M,-0.71%
3/18/2010,47.61,47.5,47.66,47.38,77.83M,0.34%
3/17/2010,47.45,47.38,47.68,47.31,75.64M,0.27%
3/16/2010,47.32,47.17,47.39,47.01,74.95M,0.64%
3/15/2010,47.02,47.04,47.16,46.69,60.15M,-0.25%
3/12/2010,47.14,47.28,47.31,46.88,64.07M,0.02%
3/11/2010,47.13,46.85,47.13,46.76,67.51M,0.38%
3/10/2010,46.95,46.58,47.06,46.58,102.58M,0.82%
3/9/2010,46.57,46.18,46.83,46.18,98.00M,0.56%
3/8/2010,46.31,46.24,46.42,46.22,58.71M,0.19%
3/5/2010,46.22,45.89,46.32,45.78,68.14M,1.49%
3/4/2010,45.54,45.43,45.6,45.19,54.47M,0.33%
3/3/2010,45.39,45.46,45.61,45.22,65.74M,0.11%
3/2/2010,45.34,45.33,45.64,45.24,76.37M,0.31%
3/1/2010,45.2,44.74,45.28,44.74,77.29M,1.46%
2/26/2010,44.55,44.39,44.65,44.19,66.22M,0.36%
2/25/2010,44.39,43.9,44.49,43.63,97.96M,-0.02%
2/24/2010,44.4,44.2,44.58,44.11,86.59M,1.02%
2/23/2010,43.95,44.48,44.53,43.75,95.81M,-1.30%
2/22/2010,44.53,44.8,44.82,44.35,72.05M,-0.20%
2/19/2010,44.62,44.55,44.84,44.41,80.42M,-0.04%
2/18/2010,44.64,44.33,44.72,44.24,65.75M,0.63%
2/17/2010,44.36,44.29,44.36,44.05,82.69M,0.57%
2/16/2010,44.11,43.87,44.14,43.65,83.86M,1.26%
2/12/2010,43.56,43.07,43.68,42.96,93.94M,0.21%
2/11/2010,43.47,42.81,43.59,42.56,93.05M,1.52%
2/10/2010,42.82,42.9,43.11,42.55,94.10M,-0.21%
2/9/2010,42.91,42.97,43.31,42.56,118.96M,1.04%
2/8/2010,42.47,42.72,42.98,42.44,94.35M,-0.72%
2/5/2010,42.78,42.55,42.82,41.92,213.62M,0.85%
2/4/2010,42.42,43.38,43.46,42.42,151.65M,-2.91%
2/3/2010,43.69,43.25,43.77,43.22,93.58M,0.55%
2/2/2010,43.45,43.11,43.58,42.83,110.73M,0.91%
2/1/2010,43.06,42.71,43.08,42.68,136.83M,1.10%
1/29/2010,42.59,43.7,43.81,42.43,212.13M,-1.75%
1/28/2010,43.35,44.19,44.22,43.12,221.44M,-2.56%
1/27/2010,44.49,44.08,44.64,43.81,161.63M,0.79%
1/26/2010,44.14,44.07,44.68,43.84,140.82M,0.09%
1/25/2010,44.1,44.18,44.39,43.91,154.22M,0.34%
1/22/2010,43.95,45.13,45.27,43.83,171.10M,-2.94%
1/21/2010,45.28,45.85,46.13,45.09,204.94M,-0.94%
1/20/2010,45.71,46.05,46.39,45.22,145.68M,-1.42%
1/19/2010,46.37,45.75,46.42,45.74,84.39M,1.60%
1/15/2010,45.64,46.24,46.33,45.44,126.87M,-1.15%
1/14/2010,46.17,46.04,46.3,46.0,75.81M,0.09%
1/13/2010,46.13,45.72,46.27,45.4,100.66M,1.23%
1/12/2010,45.57,45.87,45.93,45.32,90.67M,-1.24%
1/11/2010,46.14,46.38,46.42,45.91,104.67M,-0.41%
1/8/2010,46.33,45.83,46.33,45.72,88.89M,0.83%
1/7/2010,45.95,45.98,46.05,45.71,77.09M,0.04%
1/6/2010,45.93,46.17,46.33,45.86,96.03M,-0.58%
1/5/2010,46.2,46.16,46.28,45.94,62.94M,0.00%
1/4/2010,46.2,46.1,46.27,46.05,62.82M,1.45%
12/31/2009,45.54,46.03,46.06,45.54,50.08M,-0.89%
12/30/2009,45.95,45.79,46.04,45.75,57.61M,0.28%
12/29/2009,45.82,46.0,46.03,45.78,32.41M,-0.39%
12/28/2009,46.0,45.87,46.08,45.73,49.38M,0.50%
12/24/2009,45.77,45.4,45.77,45.39,31.77M,0.93%
12/23/2009,45.35,45.13,45.36,45.0,73.93M,0.73%
12/22/2009,45.02,44.87,45.08,44.82,51.57M,0.60%
12/21/2009,44.75,44.46,44.92,44.46,82.38M,1.13%
12/18/2009,44.25,43.93,44.27,43.8,96.44M,1.44%
12/17/2009,43.62,43.96,44.0,43.56,90.44M,-1.20%
12/16/2009,44.15,44.26,44.49,44.08,61.63M,0.14%
12/15/2009,44.09,44.2,44.46,43.96,61.17M,-0.56%
12/14/2009,44.34,44.22,44.39,43.98,47.97M,0.96%
12/11/2009,43.92,44.31,44.38,43.75,66.64M,-0.39%
12/10/2009,44.09,44.04,44.33,44.03,76.72M,0.50%
12/9/2009,43.87,43.41,43.91,43.12,78.82M,0.99%
12/8/2009,43.44,43.48,43.8,43.16,86.62M,-0.62%
12/7/2009,43.71,43.87,44.08,43.62,67.47M,-0.46%
12/4/2009,43.91,44.24,44.52,43.46,125.06M,0.50%
12/3/2009,43.69,44.03,44.29,43.68,72.46M,-0.39%
12/2/2009,43.86,43.95,44.28,43.78,81.65M,0.11%
12/1/2009,43.81,43.68,44.09,43.68,81.82M,1.04%
11/30/2009,43.36,43.21,43.42,42.91,84.82M,0.12%
11/27/2009,43.31,42.8,43.63,42.7,61.23M,-1.50%
11/25/2009,43.97,43.93,44.01,43.81,37.63M,0.41%
11/24/2009,43.79,43.93,43.94,43.53,60.67M,-0.32%
11/23/2009,43.93,43.67,44.19,43.66,91.62M,1.60%
11/20/2009,43.24,43.21,43.35,43.08,70.91M,-0.51%
11/19/2009,43.46,43.85,43.87,43.15,114.56M,-1.56%
11/18/2009,44.15,44.26,44.28,43.84,100.24M,-0.54%
11/17/2009,44.39,44.13,44.39,44.04,81.88M,0.32%
11/16/2009,44.25,43.98,44.44,43.91,87.78M,1.00%
11/13/2009,43.81,43.58,43.93,43.43,87.96M,0.83%
11/12/2009,43.45,43.72,43.95,43.35,92.43M,-0.57%
11/11/2009,43.7,43.74,43.93,43.41,84.68M,0.64%
11/10/2009,43.42,43.25,43.57,43.2,72.85M,0.25%
11/9/2009,43.31,42.72,43.32,42.68,101.62M,2.15%
11/6/2009,42.4,41.96,42.45,41.88,96.31M,0.59%
11/5/2009,42.15,41.62,42.2,41.59,135.20M,2.46%
11/4/2009,41.14,41.32,41.67,41.09,107.97M,0.17%
11/3/2009,41.07,40.78,41.13,40.65,95.11M,0.32%
11/2/2009,40.94,40.82,41.38,40.45,142.52M,0.42%
10/30/2009,40.77,41.86,41.95,40.73,162.80M,-2.67%
10/29/2009,41.89,41.49,41.99,41.35,85.21M,1.67%
10/28/2009,41.2,41.99,42.12,41.11,143.55M,-2.23%
10/27/2009,42.14,42.75,42.91,41.98,121.44M,-1.52%
10/26/2009,42.79,42.97,43.56,42.59,107.07M,-0.33%
10/23/2009,42.93,43.49,43.53,42.82,117.03M,-0.42%
10/22/2009,43.11,42.87,43.29,42.59,85.87M,0.40%
10/21/2009,42.94,43.0,43.62,42.86,110.40M,-0.19%
10/20/2009,43.02,43.25,43.26,42.74,89.85M,0.02%
10/19/2009,43.01,42.61,43.07,42.39,83.51M,1.01%
10/16/2009,42.58,42.72,42.79,42.28,111.86M,-0.65%
10/15/2009,42.86,42.73,42.92,42.67,85.77M,-0.23%
10/14/2009,42.96,42.9,43.09,42.65,91.00M,1.37%
10/13/2009,42.38,42.34,42.55,42.17,70.94M,0.02%
10/12/2009,42.37,42.43,42.67,42.08,53.22M,0.21%
10/9/2009,42.28,41.95,42.35,41.86,62.83M,0.57%
10/8/2009,42.04,42.11,42.42,41.94,107.85M,0.43%
10/7/2009,41.86,41.68,41.88,41.58,93.79M,0.29%
10/6/2009,41.74,41.24,41.94,41.03,124.63M,1.76%
10/5/2009,41.02,40.9,41.21,40.64,97.05M,0.81%
10/2/2009,40.69,40.53,41.06,40.53,145.29M,-0.29%
10/1/2009,40.81,41.91,41.93,40.81,140.12M,-2.95%
9/30/2009,42.05,42.19,42.4,41.41,173.10M,0.07%
9/29/2009,42.02,42.21,42.42,41.83,106.69M,-0.45%
9/28/2009,42.21,41.72,42.46,41.69,84.48M,1.69%
9/25/2009,41.51,41.59,41.89,41.39,109.22M,-0.86%
9/24/2009,41.87,42.41,42.49,41.58,111.02M,-0.90%
9/23/2009,42.25,42.63,42.97,42.18,143.92M,-0.47%
9/22/2009,42.45,42.62,42.63,42.24,75.64M,0.19%
9/21/2009,42.37,42.02,42.5,41.96,71.35M,0.31%
9/18/2009,42.24,42.36,42.42,42.01,87.45M,0.07%
9/17/2009,42.21,42.12,42.46,42.01,102.17M,-0.02%
9/16/2009,42.22,41.78,42.28,41.65,96.89M,1.44%
9/15/2009,41.62,41.47,41.75,41.38,91.59M,0.31%
9/14/2009,41.49,41.04,41.52,41.02,90.56M,0.39%
9/11/2009,41.33,41.31,41.43,41.03,93.87M,0.10%
9/10/2009,41.29,40.92,41.34,40.81,99.29M,0.95%
9/9/2009,40.9,40.57,41.1,40.4,99.29M,0.86%
9/8/2009,40.55,40.46,40.59,40.27,71.02M,0.95%
9/4/2009,40.17,39.4,40.19,39.34,74.87M,2.14%
9/3/2009,39.33,39.26,39.39,38.84,76.78M,0.67%
9/2/2009,39.07,38.91,39.29,38.86,92.76M,-0.08%
9/1/2009,39.1,39.68,40.4,38.98,162.96M,-1.86%
8/31/2009,39.84,39.97,40.01,39.6,96.42M,-1.02%
8/28/2009,40.25,40.7,40.89,39.97,114.31M,0.10%
8/27/2009,40.21,40.13,40.28,39.49,121.96M,0.25%
8/26/2009,40.11,40.1,40.41,39.89,96.41M,-0.17%
8/25/2009,40.18,40.15,40.57,40.06,92.90M,0.30%
8/24/2009,40.06,40.17,40.38,39.91,109.90M,-0.10%
8/21/2009,40.1,39.82,40.17,39.55,114.66M,1.34%
8/20/2009,39.57,39.1,39.65,39.02,81.47M,1.15%
8/19/2009,39.12,38.41,39.22,38.36,88.04M,0.69%
8/18/2009,38.85,38.54,39.79,38.43,84.61M,1.44%
8/17/2009,38.3,38.79,38.83,38.28,131.80M,-2.92%
8/14/2009,39.45,39.7,39.77,39.1,124.48M,-1.13%
8/13/2009,39.9,39.91,39.97,39.46,110.11M,0.55%
8/12/2009,39.68,39.03,40.03,39.02,147.24M,1.54%
8/11/2009,39.08,39.24,39.32,38.87,91.92M,-0.86%
8/10/2009,39.42,39.54,39.66,39.16,87.16M,-0.68%
8/7/2009,39.69,39.72,39.88,39.41,107.51M,1.25%
8/6/2009,39.2,39.6,39.74,39.06,116.94M,-0.86%
8/5/2009,39.54,39.94,39.95,39.28,118.09M,-0.78%
8/4/2009,39.85,39.67,40.0,39.58,100.69M,0.00%
8/3/2009,39.85,39.66,39.87,39.46,111.72M,1.48%
7/31/2009,39.27,39.38,39.67,39.23,78.21M,-0.30%
7/30/2009,39.39,39.55,39.99,39.33,108.97M,0.59%
7/29/2009,39.16,39.14,39.25,38.82,126.54M,0.67%
7/28/2009,38.9,39.0,39.41,38.75,111.56M,-0.69%
7/27/2009,39.17,39.11,39.23,38.69,94.72M,0.77%
7/24/2009,38.87,38.75,39.19,38.6,109.31M,-0.77%
7/23/2009,39.17,38.27,39.31,38.21,160.57M,2.22%
7/22/2009,38.32,38.02,38.51,37.95,113.81M,0.84%
7/21/2009,38.0,37.89,38.0,37.46,130.59M,0.69%
7/20/2009,37.74,37.57,37.82,37.43,97.17M,0.94%
7/17/2009,37.39,37.19,37.4,37.0,104.91M,0.54%
7/16/2009,37.19,36.57,37.27,36.55,119.84M,1.20%
7/15/2009,36.75,36.14,36.76,35.97,160.87M,3.38%
7/14/2009,35.55,35.35,35.62,35.24,115.63M,0.37%
7/13/2009,35.42,34.79,35.43,34.32,127.14M,1.90%
7/10/2009,34.76,34.5,34.98,34.4,108.48M,0.43%
7/9/2009,34.61,34.68,34.85,34.49,97.85M,0.17%
7/8/2009,34.55,34.57,34.71,34.14,152.78M,0.52%
7/7/2009,34.37,35.26,35.32,34.35,149.77M,-2.50%
7/6/2009,35.25,35.22,35.37,34.88,107.63M,-0.96%
7/3/2009,35.59,35.59,35.59,35.59,,0.45%
7/2/2009,35.43,35.92,35.93,35.33,113.31M,-2.21%
7/1/2009,36.23,36.37,36.67,36.22,85.98M,0.06%
6/30/2009,36.21,36.38,36.56,35.94,97.84M,-0.19%
6/29/2009,36.28,36.27,36.58,35.95,93.82M,0.22%
6/26/2009,36.2,35.96,36.33,35.88,87.68M,0.22%
6/25/2009,36.12,35.22,36.19,35.12,112.54M,1.98%
6/24/2009,35.42,35.14,35.7,35.12,103.31M,1.66%
6/23/2009,34.84,35.04,35.1,34.61,114.90M,-0.23%
6/22/2009,34.92,35.63,35.72,34.86,137.71M,-2.97%
6/19/2009,35.99,35.87,36.19,35.74,122.05M,0.95%
6/18/2009,35.65,35.66,35.89,35.4,126.27M,-0.20%
6/17/2009,35.72,35.5,36.04,35.28,153.42M,0.96%
6/16/2009,35.38,35.89,36.02,35.35,110.55M,-0.98%
6/15/2009,35.73,36.11,36.16,35.41,112.15M,-2.06%
6/12/2009,36.48,36.5,36.55,36.03,109.45M,-0.46%
6/11/2009,36.65,36.59,37.06,36.58,147.91M,0.00%
6/10/2009,36.65,37.0,37.01,36.12,133.40M,-0.35%
6/9/2009,36.78,36.67,37.0,36.5,109.19M,0.77%
6/8/2009,36.5,36.36,36.78,35.95,89.19M,-0.30%
6/5/2009,36.61,36.79,36.91,36.25,121.96M,0.11%
6/4/2009,36.57,36.23,36.62,36.17,89.28M,1.13%
6/3/2009,36.16,36.11,36.2,35.76,93.33M,-0.30%
6/2/2009,36.27,36.02,36.62,35.94,126.86M,0.14%
6/1/2009,36.22,35.56,36.33,35.44,119.19M,2.84%
5/29/2009,35.22,34.82,35.33,34.6,111.54M,1.24%
5/28/2009,34.79,34.61,34.91,34.05,118.93M,1.16%
5/27/2009,34.39,34.52,35.03,34.27,121.39M,-0.69%
5/26/2009,34.63,33.04,34.67,33.03,144.86M,3.74%
5/22/2009,33.38,33.62,33.81,33.16,83.52M,-0.33%
5/21/2009,33.49,33.86,34.1,33.15,139.25M,-1.85%
5/20/2009,34.12,34.38,34.88,34.02,131.87M,-0.35%
5/19/2009,34.24,33.98,34.58,33.79,129.09M,0.47%
5/18/2009,34.08,33.43,34.12,33.23,114.33M,2.62%
5/15/2009,33.21,33.2,33.66,33.08,121.33M,-0.06%
5/14/2009,33.23,32.95,33.54,32.93,140.02M,1.10%
5/13/2009,32.87,33.47,33.49,32.81,175.55M,-2.67%
5/12/2009,33.77,34.26,34.32,33.36,147.84M,-1.23%
5/11/2009,34.19,33.62,34.56,33.52,142.78M,0.35%
5/8/2009,34.07,34.19,34.58,33.72,183.51M,0.06%
5/7/2009,34.05,35.09,35.11,33.72,216.48M,-2.35%
5/6/2009,34.87,35.16,35.18,34.3,178.84M,0.03%
5/5/2009,34.86,34.83,34.9,34.47,113.64M,-0.09%
5/4/2009,34.89,34.51,34.93,34.36,119.32M,1.99%
5/1/2009,34.21,34.12,34.38,33.85,100.11M,0.26%
4/30/2009,34.12,34.21,34.74,33.88,144.12M,1.01%
4/29/2009,33.78,33.59,34.24,33.48,141.41M,1.38%
4/28/2009,33.32,33.36,33.75,33.2,108.97M,-0.74%
4/27/2009,33.57,33.26,33.9,33.19,120.75M,0.12%
4/24/2009,33.53,33.19,33.77,32.92,141.17M,1.73%
4/23/2009,32.96,32.86,32.99,32.34,181.85M,0.98%
4/22/2009,32.64,32.35,33.37,32.24,165.04M,0.31%
4/21/2009,32.54,31.94,32.59,31.93,145.49M,1.40%
4/20/2009,32.09,32.55,32.67,31.91,123.08M,-3.20%
4/17/2009,33.15,33.01,33.34,32.78,129.84M,0.18%
4/16/2009,33.09,32.68,33.27,32.36,171.17M,2.60%
4/15/2009,32.25,32.09,32.28,31.7,124.81M,-0.28%
4/14/2009,32.34,32.54,32.73,32.12,124.07M,-1.22%
4/13/2009,32.74,32.65,32.92,32.38,119.31M,-0.15%
4/9/2009,32.79,32.38,32.86,32.28,131.87M,3.11%
4/8/2009,31.8,31.57,32.0,31.34,126.13M,1.69%
4/7/2009,31.27,31.75,31.77,31.06,147.53M,-2.65%
4/6/2009,32.12,31.82,32.18,31.5,160.41M,-0.25%
4/3/2009,32.2,31.9,32.25,31.68,134.58M,1.87%
4/2/2009,31.61,31.19,32.12,31.08,212.27M,3.20%
4/1/2009,30.63,29.8,30.74,29.65,137.95M,1.49%
3/31/2009,30.18,30.17,30.81,30.13,150.24M,0.87%
3/30/2009,29.92,30.15,30.18,29.48,162.92M,-2.48%
3/27/2009,30.68,30.93,31.03,30.57,156.11M,-1.86%
3/26/2009,31.26,30.74,31.31,30.28,182.46M,3.07%
3/25/2009,30.33,30.44,30.91,29.52,190.60M,0.46%
3/24/2009,30.19,30.51,30.74,30.17,120.85M,-1.85%
3/23/2009,30.76,29.72,30.8,29.06,179.64M,5.92%
3/20/2009,29.04,29.52,29.89,28.85,149.44M,-1.69%
3/19/2009,29.54,29.98,29.99,29.32,146.77M,-0.07%
3/18/2009,29.56,29.09,30.06,28.94,208.15M,1.27%
3/17/2009,29.19,28.28,29.19,28.17,169.85M,3.77%
3/16/2009,28.13,28.77,28.85,28.06,190.33M,-1.68%
3/13/2009,28.61,28.55,28.71,28.19,156.78M,0.25%
3/12/2009,28.54,27.59,28.63,27.31,184.51M,3.33%
3/11/2009,27.62,27.5,27.86,27.13,173.15M,1.54%
3/10/2009,27.2,26.14,27.26,26.04,175.07M,6.17%
3/9/2009,25.62,25.93,26.69,25.51,181.15M,-2.14%
3/6/2009,26.18,26.51,26.69,25.59,218.42M,-0.80%
3/5/2009,26.39,26.9,27.11,26.3,199.62M,-2.98%
3/4/2009,27.2,26.88,27.58,26.79,164.91M,2.64%
3/3/2009,26.5,26.72,27.03,26.3,158.74M,-0.08%
3/2/2009,26.52,26.99,27.38,26.35,188.18M,-3.21%
2/27/2009,27.4,27.36,27.85,27.26,204.49M,-0.94%
2/26/2009,27.66,28.65,28.82,27.57,211.28M,-2.81%
2/25/2009,28.46,28.49,29.03,28.01,220.22M,-0.66%
2/24/2009,28.65,27.87,28.85,27.83,181.34M,3.32%
2/23/2009,27.73,28.89,28.91,27.6,169.47M,-3.51%
2/20/2009,28.74,28.33,29.01,28.26,210.75M,0.28%
2/19/2009,28.66,29.29,29.47,28.59,155.32M,-1.51%
2/18/2009,29.1,29.27,29.53,28.74,161.27M,0.07%
2/17/2009,29.08,29.33,29.53,28.92,157.78M,-3.99%
2/13/2009,30.29,30.32,30.64,30.15,145.06M,-0.46%
2/12/2009,30.43,29.69,30.47,29.5,201.15M,1.23%
2/11/2009,30.06,30.2,30.39,29.59,169.17M,-0.46%
2/10/2009,30.2,31.15,31.53,29.96,232.79M,-3.67%
2/9/2009,31.35,31.24,31.52,31.04,98.85M,0.42%
2/6/2009,31.22,30.57,31.36,30.44,164.51M,2.60%
2/5/2009,30.43,29.33,30.63,29.32,217.57M,2.22%
2/4/2009,29.77,29.79,30.72,29.65,175.78M,0.13%
2/3/2009,29.73,29.32,30.29,28.89,120.61M,1.57%
2/2/2009,29.27,28.64,29.47,28.61,126.88M,1.21%
1/30/2009,28.92,29.68,29.79,28.81,140.36M,-1.77%
1/29/2009,29.44,29.83,30.26,29.34,130.77M,-2.55%
1/28/2009,30.21,29.69,30.51,29.67,139.80M,3.53%
1/27/2009,29.18,29.0,29.43,28.98,110.91M,0.72%
1/26/2009,28.97,28.83,29.45,28.62,140.48M,0.70%
1/23/2009,28.77,28.18,29.21,28.01,170.16M,0.49%
1/22/2009,28.63,28.39,29.09,28.13,200.60M,-1.31%
1/21/2009,29.01,28.3,29.05,27.97,149.24M,4.24%
1/20/2009,27.83,29.15,29.29,27.83,135.25M,-4.95%
1/16/2009,29.28,29.39,29.46,28.57,175.49M,1.10%
1/15/2009,28.96,28.42,29.2,27.94,192.79M,1.61%
1/14/2009,28.5,29.03,29.14,28.34,137.10M,-3.03%
1/13/2009,29.39,29.38,29.84,29.04,186.39M,0.03%
1/12/2009,29.38,29.98,30.01,29.06,102.78M,-1.84%
1/9/2009,29.93,30.65,30.65,29.78,117.17M,-2.25%
1/8/2009,30.62,30.2,30.66,29.94,131.93M,1.06%
1/7/2009,30.3,30.67,30.76,30.05,134.06M,-2.82%
1/6/2009,31.18,31.13,31.48,30.97,136.82M,0.97%
1/5/2009,30.88,30.68,31.18,30.45,91.82M,-0.03%
1/2/2009,30.89,29.63,30.99,29.55,107.92M,4.36%
12/31/2008,29.6,29.34,29.94,29.31,89.22M,0.85%
12/30/2008,29.35,28.85,29.45,28.81,77.13M,2.05%
12/29/2008,28.76,29.09,29.1,28.33,52.74M,-0.79%
12/26/2008,28.99,29.05,29.09,28.84,20.95M,-0.03%
12/24/2008,29.0,29.06,29.07,28.85,27.21M,0.28%
12/23/2008,28.92,29.14,29.48,28.76,68.80M,-0.52%
12/22/2008,29.07,29.72,29.78,28.61,95.42M,-2.19%
12/19/2008,29.72,29.84,30.23,29.52,118.33M,0.68%
12/18/2008,29.52,30.05,30.26,29.22,142.77M,-1.76%
12/17/2008,30.05,30.09,30.46,29.68,159.97M,-1.22%
12/16/2008,30.42,29.28,30.52,28.96,172.05M,4.82%
12/15/2008,29.02,29.59,29.62,28.61,107.94M,-1.76%
12/12/2008,29.54,28.56,29.72,28.34,158.61M,2.04%
12/11/2008,28.95,29.66,30.13,28.81,167.45M,-2.75%
12/10/2008,29.77,29.95,30.32,29.48,162.46M,-0.33%
12/9/2008,29.87,29.54,30.69,29.43,178.39M,-0.23%
12/8/2008,29.94,29.41,30.32,29.3,185.85M,3.92%
12/5/2008,28.81,27.37,28.93,26.82,212.31M,4.08%
12/4/2008,27.68,28.02,28.65,27.19,188.92M,-2.84%
12/3/2008,28.49,27.0,28.58,26.94,231.01M,2.85%
12/2/2008,27.7,27.15,27.76,26.72,181.78M,3.36%
12/1/2008,26.8,28.37,28.38,26.76,149.33M,-7.52%
11/28/2008,28.98,28.9,29.05,28.7,41.24M,-0.79%
11/26/2008,29.21,27.75,29.22,27.68,165.06M,4.17%
11/25/2008,28.04,28.49,28.51,27.39,203.05M,-0.46%
11/24/2008,28.17,27.09,28.51,26.85,225.21M,6.10%
11/21/2008,26.55,25.84,26.56,24.93,282.77M,4.36%
11/20/2008,25.44,26.42,27.32,25.35,342.47M,-4.83%
11/19/2008,26.73,28.27,28.65,26.67,244.29M,-5.25%
11/18/2008,28.21,28.43,28.62,27.26,252.79M,-0.11%
11/17/2008,28.24,28.36,29.09,28.13,202.89M,-2.11%
11/14/2008,28.85,29.66,30.28,28.74,259.41M,-4.85%
11/13/2008,30.32,28.5,30.39,27.15,318.27M,6.09%
11/12/2008,28.58,29.51,29.66,28.52,184.94M,-4.61%
11/11/2008,29.96,30.33,30.62,29.58,162.92M,-2.19%
11/10/2008,30.63,31.79,31.82,30.26,142.74M,-1.32%
11/7/2008,31.04,30.78,31.33,30.45,176.98M,2.04%
11/6/2008,30.42,31.35,31.72,30.26,220.78M,-4.46%
11/5/2008,31.84,33.33,33.44,31.77,184.15M,-5.21%
11/4/2008,33.59,33.33,33.85,32.83,182.53M,2.82%
11/3/2008,32.67,32.66,33.14,32.36,128.50M,-0.21%
10/31/2008,32.74,32.21,33.27,31.94,224.28M,0.15%
10/30/2008,32.69,32.52,32.91,31.83,255.29M,3.35%
10/29/2008,31.63,31.8,32.93,31.1,341.39M,-0.25%
10/28/2008,31.71,29.54,31.73,28.72,327.37M,11.03%
10/27/2008,28.56,29.0,30.06,28.53,239.49M,-2.76%
10/24/2008,29.37,28.0,30.11,27.96,322.13M,-3.23%
10/23/2008,30.35,30.32,30.95,28.77,377.97M,-0.39%
10/22/2008,30.47,31.24,31.45,29.57,289.99M,-2.74%
10/21/2008,31.33,32.51,33.1,31.33,239.93M,-5.20%
10/20/2008,33.05,32.64,33.11,31.55,232.78M,2.80%
10/17/2008,32.15,31.47,33.49,31.26,326.59M,0.12%
10/16/2008,32.11,30.68,32.12,29.11,494.91M,5.42%
10/15/2008,30.46,33.08,33.19,30.4,312.09M,-8.94%
10/14/2008,33.45,35.93,35.98,33.04,342.31M,-4.35%
10/13/2008,34.97,32.71,35.09,32.25,277.35M,12.19%
10/10/2008,31.17,30.38,32.33,29.24,472.45M,-0.64%
10/9/2008,31.37,33.0,33.52,30.83,352.62M,-2.70%
10/8/2008,32.24,31.8,33.96,31.69,452.57M,-0.80%
10/7/2008,32.5,34.98,35.04,32.12,329.54M,-6.34%
10/6/2008,34.7,35.1,35.36,32.76,394.16M,-3.64%
10/3/2008,36.01,37.09,38.0,35.93,272.14M,-1.56%
10/2/2008,36.58,38.07,38.07,36.47,192.19M,-4.54%
10/1/2008,38.32,38.65,38.79,37.85,174.12M,-1.06%
9/30/2008,38.73,37.56,39.12,37.42,195.51M,2.90%
9/29/2008,37.64,40.07,40.19,37.01,307.95M,-7.95%
9/26/2008,40.89,40.11,41.3,40.03,182.68M,-1.02%
9/25/2008,41.31,41.02,41.82,40.84,148.59M,1.60%
9/24/2008,40.66,40.66,41.07,40.33,159.31M,0.69%
9/23/2008,40.38,40.99,41.56,40.25,185.95M,-0.76%
9/22/2008,40.69,42.55,42.64,40.61,164.70M,-4.71%
9/19/2008,42.7,43.62,43.63,41.9,263.40M,3.19%
9/18/2008,41.38,40.93,41.77,39.32,423.93M,3.04%
9/17/2008,40.16,41.65,42.22,40.0,340.09M,-4.86%
9/16/2008,42.21,41.28,42.64,41.24,349.55M,0.79%
9/15/2008,41.88,42.2,43.09,41.83,616.80M,-3.12%
9/12/2008,43.23,43.03,43.51,42.7,172.09M,-0.39%
9/11/2008,43.4,41.97,43.49,41.97,203.44M,1.88%
9/10/2008,42.6,42.67,42.98,42.25,160.66M,0.83%
9/9/2008,42.25,43.15,43.59,42.15,214.18M,-2.13%
9/8/2008,43.17,43.83,44.01,42.48,311.07M,-0.18%
9/5/2008,43.25,43.1,43.58,42.61,247.98M,-0.48%
9/4/2008,43.46,44.64,44.7,43.46,219.36M,-3.23%
9/3/2008,44.91,45.23,45.43,44.58,161.68M,-0.95%
9/2/2008,45.34,46.64,46.86,45.13,162.40M,-1.24%
8/29/2008,45.91,46.39,46.9,45.71,133.27M,-2.09%
8/28/2008,46.89,46.7,47.06,46.61,112.81M,0.82%
8/27/2008,46.51,46.23,46.87,46.07,108.49M,0.65%
8/26/2008,46.21,46.29,46.55,45.91,107.23M,-0.13%
8/25/2008,46.27,46.93,46.99,46.15,128.08M,-2.12%
8/22/2008,47.27,46.9,47.46,46.86,96.53M,1.42%
8/21/2008,46.61,46.51,46.86,46.16,118.92M,-0.55%
8/20/2008,46.87,47.14,47.34,46.52,155.47M,0.17%
8/19/2008,46.79,47.14,47.37,46.53,155.42M,-1.25%
8/18/2008,47.38,48.07,48.08,47.04,151.40M,-1.15%
8/15/2008,47.93,48.12,48.34,47.74,123.12M,-0.21%
8/14/2008,48.03,47.32,48.23,47.27,158.07M,0.99%
8/13/2008,47.56,47.52,47.9,47.03,169.66M,0.02%
8/12/2008,47.55,47.54,47.94,47.29,140.60M,0.04%
8/11/2008,47.53,47.08,48.06,46.92,157.29M,0.91%
8/8/2008,47.1,46.03,47.22,45.94,143.12M,2.28%
8/7/2008,46.05,46.13,46.63,45.87,152.81M,-0.78%
8/6/2008,46.41,45.72,46.59,45.37,133.46M,1.51%
8/5/2008,45.72,44.69,45.76,44.63,151.73M,3.39%
8/4/2008,44.22,44.66,44.71,44.09,116.31M,-1.01%
8/1/2008,44.67,45.31,45.34,44.19,180.38M,-1.28%
7/31/2008,45.25,44.9,45.94,44.81,180.73M,-0.24%
7/30/2008,45.36,45.25,45.61,44.67,165.68M,0.51%
7/29/2008,45.13,44.42,45.33,44.36,142.29M,2.08%
7/28/2008,44.21,45.06,45.31,44.0,124.03M,-1.89%
7/25/2008,45.06,44.77,45.27,44.55,111.62M,1.30%
7/24/2008,44.48,45.38,45.4,44.44,145.56M,-1.51%
7/23/2008,45.16,44.63,45.68,44.51,169.26M,1.32%
7/22/2008,44.57,43.81,44.6,43.66,152.52M,0.00%
7/21/2008,44.57,44.79,44.98,44.28,128.11M,0.43%
7/18/2008,44.38,44.96,44.96,44.38,160.66M,-2.31%
7/17/2008,45.43,45.35,45.61,44.77,197.56M,0.66%
7/16/2008,45.13,44.09,45.17,43.72,186.05M,2.50%
7/15/2008,44.03,43.81,44.72,43.1,283.89M,0.02%
7/14/2008,44.02,44.92,44.97,43.86,177.39M,-0.74%
7/11/2008,44.35,44.6,45.06,43.65,265.51M,-1.60%
7/10/2008,45.07,44.61,45.21,44.17,238.81M,1.19%
7/9/2008,44.54,45.75,45.82,44.52,168.58M,-2.67%
7/8/2008,45.76,44.74,45.8,44.56,206.26M,2.39%
7/7/2008,44.69,44.84,45.25,44.03,181.01M,0.61%
7/3/2008,44.42,44.77,44.87,44.07,123.12M,-0.18%
7/2/2008,44.5,45.75,45.92,44.43,199.73M,-2.41%
7/1/2008,45.6,44.65,45.65,44.47,245.49M,1.42%
6/30/2008,44.96,45.32,45.62,44.94,132.93M,-1.06%
6/27/2008,45.44,45.37,45.69,44.76,181.35M,0.00%
6/26/2008,45.44,46.48,46.48,45.43,190.03M,-4.03%
6/25/2008,47.35,46.79,47.78,46.72,179.02M,1.63%
6/24/2008,46.59,46.61,47.15,46.19,178.29M,-0.51%
6/23/2008,46.83,47.4,47.52,46.76,131.55M,-0.78%
6/20/2008,47.2,48.11,48.12,46.99,197.43M,-2.76%
6/19/2008,48.54,47.7,48.78,47.39,221.37M,1.55%
6/18/2008,47.8,48.04,48.22,47.61,169.34M,-1.06%
6/17/2008,48.31,48.72,48.83,48.24,122.95M,-0.54%
6/16/2008,48.57,47.9,48.79,47.85,136.34M,0.89%
6/13/2008,48.14,47.48,48.24,47.24,167.85M,1.99%
6/12/2008,47.2,47.49,47.89,46.78,189.92M,0.13%
6/11/2008,47.14,48.22,48.29,47.13,170.37M,-2.42%
6/10/2008,48.31,48.06,48.71,47.94,162.80M,-0.47%
6/9/2008,48.54,48.88,48.96,47.73,208.90M,-0.53%
6/6/2008,48.8,49.88,49.98,48.79,189.14M,-3.00%
6/5/2008,50.31,49.64,50.37,49.47,126.65M,1.57%
6/4/2008,49.53,48.74,49.87,48.71,174.97M,1.29%
6/3/2008,48.9,49.36,49.67,48.44,167.68M,-0.55%
6/2/2008,49.17,49.69,49.69,48.73,144.36M,-1.23%
5/30/2008,49.78,49.66,50.01,49.52,94.16M,0.65%
5/29/2008,49.46,49.04,49.74,49.02,143.99M,0.90%
5/28/2008,49.02,49.05,49.13,48.52,121.37M,0.35%
5/27/2008,48.85,48.09,48.88,48.07,106.99M,1.81%
5/23/2008,47.98,47.96,48.13,47.6,121.71M,-0.29%
5/22/2008,48.12,48.08,48.46,47.89,153.20M,0.33%
5/21/2008,47.96,49.08,49.37,47.8,192.81M,-2.20%
5/20/2008,49.04,49.22,49.24,48.66,137.16M,-0.77%
5/19/2008,49.42,49.82,50.23,49.11,140.18M,-0.72%
5/16/2008,49.78,49.86,49.88,49.22,146.56M,0.08%
5/15/2008,49.74,48.88,49.79,48.75,157.25M,1.76%
5/14/2008,48.88,49.19,49.7,48.81,143.60M,-0.22%
5/13/2008,48.99,48.9,49.1,48.53,85.45M,0.27%
5/12/2008,48.86,48.06,48.96,47.98,89.64M,1.81%
5/9/2008,47.99,47.81,48.23,47.68,97.06M,-0.37%
5/8/2008,48.17,48.02,48.47,47.84,128.06M,0.73%
5/7/2008,47.82,48.7,49.0,47.65,140.01M,-1.81%
5/6/2008,48.7,48.26,48.9,47.92,139.58M,0.62%
5/5/2008,48.4,48.5,48.8,48.17,75.62M,-0.29%
5/2/2008,48.54,48.96,48.96,48.11,124.99M,0.14%
5/1/2008,48.47,47.02,48.49,47.0,143.60M,3.15%
4/30/2008,46.99,47.47,47.84,46.81,132.15M,-0.82%
4/29/2008,47.38,46.93,47.54,46.84,91.27M,0.77%
4/28/2008,47.02,47.03,47.4,46.91,71.24M,0.19%
4/25/2008,46.93,47.09,47.13,46.35,121.95M,-0.26%
4/24/2008,47.05,46.65,47.57,46.17,166.69M,0.90%
4/23/2008,46.63,46.46,46.84,46.06,131.09M,1.11%
4/22/2008,46.12,46.51,46.55,45.72,104.69M,-1.50%
4/21/2008,46.82,46.39,46.86,46.27,83.30M,0.71%
4/18/2008,46.49,46.29,46.71,46.0,133.02M,3.17%
4/17/2008,45.06,45.21,45.54,44.77,125.06M,-0.22%
4/16/2008,45.16,44.48,45.27,44.44,134.03M,2.80%
4/15/2008,43.93,44.03,44.14,43.48,124.23M,0.14%
4/14/2008,43.87,44.0,44.27,43.75,89.27M,-0.45%
4/11/2008,44.07,44.81,44.89,43.91,120.14M,-2.78%
4/10/2008,45.33,44.72,45.63,44.72,112.80M,1.43%
4/9/2008,44.69,45.26,45.28,44.42,127.26M,-1.13%
4/8/2008,45.2,45.2,45.51,44.97,97.57M,-0.77%
4/7/2008,45.55,45.94,46.19,45.44,102.61M,-0.22%
4/4/2008,45.65,45.57,46.13,45.19,139.28M,0.59%
4/3/2008,45.38,45.08,45.7,44.93,140.03M,0.22%
4/2/2008,45.28,45.48,45.81,44.96,132.49M,-0.22%
4/1/2008,45.38,44.24,45.4,44.2,137.49M,4.27%
3/31/2008,43.52,43.45,43.81,43.25,113.64M,0.53%
3/28/2008,43.29,43.82,44.13,43.13,111.84M,-0.51%
3/27/2008,43.51,44.23,44.3,43.51,143.87M,-2.20%
3/26/2008,44.49,44.48,44.64,44.07,124.82M,-0.29%
3/25/2008,44.62,44.47,44.86,44.07,118.22M,0.56%
3/24/2008,44.37,43.08,44.55,43.08,125.08M,3.45%
3/20/2008,42.89,42.15,42.9,41.9,128.40M,1.97%
3/19/2008,42.06,43.31,43.4,42.03,216.16M,-2.48%
3/18/2008,43.13,42.04,43.14,41.91,216.30M,4.46%
3/17/2008,41.29,41.07,41.81,40.86,193.13M,-1.81%
3/14/2008,42.05,43.16,43.18,41.55,309.59M,-1.84%
3/13/2008,42.84,42.01,43.13,41.62,208.99M,0.78%
3/12/2008,42.51,42.82,43.24,42.4,155.57M,-0.28%
3/11/2008,42.63,41.67,42.65,41.32,196.89M,3.80%
3/10/2008,41.07,41.81,41.94,40.98,146.96M,-1.91%
3/7/2008,41.87,41.71,42.44,41.19,242.55M,-0.24%
3/6/2008,41.97,42.89,43.07,41.9,152.75M,-2.21%
3/5/2008,42.92,42.79,43.34,42.55,183.21M,0.49%
3/4/2008,42.71,42.21,42.84,41.82,183.85M,0.57%
3/3/2008,42.47,42.73,42.79,42.04,133.64M,-0.65%
2/29/2008,42.75,43.45,43.57,42.65,188.72M,-2.64%
2/28/2008,43.91,43.9,44.32,43.75,129.20M,-0.39%
2/27/2008,44.08,43.57,44.25,43.47,125.68M,0.50%
2/26/2008,43.86,43.45,44.27,43.17,148.38M,0.37%
2/25/2008,43.7,43.42,43.86,43.14,121.44M,0.51%
2/22/2008,43.48,43.47,43.49,42.4,157.36M,0.37%
2/21/2008,43.32,44.15,44.26,43.14,127.86M,-0.96%
2/20/2008,43.74,43.05,43.88,43.04,137.34M,0.46%
2/19/2008,43.54,44.18,44.29,43.07,110.51M,-0.18%
2/15/2008,43.62,43.57,43.78,43.25,100.05M,-0.34%
2/14/2008,43.77,44.63,44.64,43.69,170.87M,-1.79%
2/13/2008,44.57,44.18,44.67,43.95,148.69M,2.18%
2/12/2008,43.62,44.12,44.47,43.31,145.41M,-0.55%
2/11/2008,43.86,43.58,44.01,43.34,119.56M,1.06%
2/8/2008,43.4,42.98,43.57,42.74,173.78M,1.14%
2/7/2008,42.91,42.15,43.59,41.95,286.34M,0.70%
2/6/2008,42.61,43.72,43.96,42.57,178.28M,-1.98%
2/5/2008,43.47,43.91,44.39,43.44,188.99M,-2.84%
2/4/2008,44.74,45.37,45.4,44.73,100.21M,-1.41%
2/1/2008,45.38,45.31,45.67,44.67,161.92M,1.02%
1/31/2008,44.92,43.67,45.38,43.62,246.82M,1.72%
1/30/2008,44.16,44.03,45.11,43.97,220.82M,-0.09%
1/29/2008,44.2,44.35,44.47,43.83,138.52M,0.18%
1/28/2008,44.12,43.81,44.23,43.37,163.71M,0.75%
1/25/2008,43.79,45.65,45.66,43.74,199.30M,-2.04%
1/24/2008,44.7,43.98,44.72,43.85,250.25M,2.03%
1/23/2008,43.81,42.34,43.94,41.42,390.16M,-0.36%
1/22/2008,43.97,42.63,44.56,42.53,325.73M,-2.59%
1/18/2008,45.14,45.43,45.93,44.55,273.06M,-0.13%
1/17/2008,45.2,46.02,46.36,44.99,254.46M,-1.40%
1/16/2008,45.84,45.97,46.69,45.25,265.73M,-1.06%
1/15/2008,46.33,47.16,47.3,46.13,241.79M,-2.77%
1/14/2008,47.65,47.47,47.79,47.09,168.05M,1.75%
1/11/2008,46.83,47.5,47.55,46.48,211.69M,-1.97%
1/10/2008,47.77,47.2,48.18,47.07,249.96M,0.15%
1/9/2008,47.7,46.87,47.74,46.24,254.11M,2.14%
1/8/2008,46.7,48.07,48.53,46.7,261.70M,-2.61%
1/7/2008,47.95,48.18,48.37,47.21,235.08M,-0.46%
1/4/2008,48.17,49.56,49.6,47.99,212.66M,-4.39%
1/3/2008,50.38,50.17,50.52,49.92,114.11M,0.32%
1/2/2008,50.22,51.03,51.23,49.9,152.34M,-1.49%
12/31/2007,50.98,51.32,51.44,50.97,70.14M,-1.24%
12/28/2007,51.62,51.8,51.92,51.19,67.56M,-0.14%
12/27/2007,51.69,52.09,52.26,51.47,65.78M,-1.09%
12/26/2007,52.26,51.91,52.38,51.76,58.49M,0.50%
12/24/2007,52.0,51.77,52.16,51.71,34.50M,0.76%
12/21/2007,51.61,51.47,51.66,51.24,107.61M,1.88%
12/20/2007,50.66,50.43,50.72,49.97,167.34M,2.03%
12/19/2007,49.65,49.66,49.97,49.38,137.97M,-0.02%
12/18/2007,49.66,50.01,50.04,48.95,154.25M,0.32%
12/17/2007,49.5,50.54,50.75,49.48,134.38M,-2.42%
12/14/2007,50.73,50.85,51.36,50.68,128.41M,-1.03%
12/13/2007,51.26,51.09,51.39,50.74,153.68M,-0.54%
12/12/2007,51.54,52.01,52.19,50.65,162.98M,0.90%
12/11/2007,51.08,52.36,52.59,50.97,167.06M,-2.33%
12/10/2007,52.3,52.2,52.44,52.08,75.66M,0.40%
12/7/2007,52.09,52.05,52.3,51.84,88.99M,0.02%
12/6/2007,52.08,51.39,52.13,51.37,99.76M,1.46%
12/5/2007,51.33,50.96,51.76,50.92,137.62M,1.78%
12/4/2007,50.43,50.22,50.7,50.15,113.37M,-0.41%
12/3/2007,50.64,50.9,51.29,50.58,108.63M,-0.84%
11/30/2007,51.07,51.97,52.01,50.71,171.42M,-0.76%
11/29/2007,51.46,51.03,51.65,50.96,172.09M,0.43%
11/28/2007,51.24,50.39,51.46,50.36,216.87M,3.04%
11/27/2007,49.73,49.16,49.82,48.87,211.37M,2.01%
11/26/2007,48.75,49.75,50.14,48.67,150.35M,-1.73%
11/23/2007,49.61,49.4,49.74,49.14,46.47M,1.08%
11/21/2007,49.08,49.2,49.94,48.62,212.72M,-1.19%
11/20/2007,49.67,49.72,50.54,48.7,300.76M,0.40%
11/19/2007,49.47,49.94,50.22,49.18,198.65M,-1.16%
11/16/2007,50.05,49.91,50.25,49.11,263.62M,0.93%
11/15/2007,49.59,49.77,50.3,49.14,251.55M,-0.54%
11/14/2007,49.86,51.15,51.2,49.67,263.29M,-1.27%
11/13/2007,50.5,49.16,50.55,49.12,255.63M,4.12%
11/12/2007,48.5,49.69,50.01,48.42,283.22M,-2.55%
11/9/2007,49.77,50.49,50.88,49.77,309.42M,-3.34%
11/8/2007,51.49,52.89,53.08,50.56,380.63M,-3.03%
11/7/2007,53.1,53.97,54.33,53.06,197.91M,-2.44%
11/6/2007,54.43,54.08,54.44,53.53,131.88M,1.13%
11/5/2007,53.82,53.61,54.15,53.34,150.59M,-0.65%
11/2/2007,54.17,54.17,54.3,53.35,217.88M,0.78%
11/1/2007,53.75,54.43,54.51,53.72,181.97M,-1.86%
10/31/2007,54.77,54.22,54.81,53.79,148.43M,1.41%
10/30/2007,54.01,53.69,54.31,53.65,114.62M,0.19%
10/29/2007,53.91,53.94,54.08,53.59,101.90M,0.43%
10/26/2007,53.68,53.83,53.95,53.19,146.69M,1.67%
10/25/2007,52.8,53.63,53.73,52.5,233.84M,-1.35%
10/24/2007,53.52,53.49,53.69,51.76,298.35M,-0.76%
10/23/2007,53.93,53.36,53.96,53.09,162.36M,2.10%
10/22/2007,52.82,51.92,52.87,51.78,207.09M,1.19%
10/19/2007,52.2,53.52,53.52,52.15,245.11M,-2.48%
10/18/2007,53.53,53.08,53.64,52.87,144.50M,0.43%
10/17/2007,53.3,53.37,53.41,52.43,183.99M,1.29%
10/16/2007,52.62,52.54,53.03,52.43,193.68M,-0.47%
10/15/2007,52.87,53.36,53.46,52.45,121.58M,-0.77%
10/12/2007,53.28,52.65,53.29,52.55,131.68M,1.66%
10/11/2007,52.41,53.54,53.69,52.04,239.79M,-1.60%
10/10/2007,53.26,53.14,53.32,52.96,91.78M,0.24%
10/9/2007,53.13,53.02,53.2,52.78,94.21M,0.43%
10/8/2007,52.9,52.55,52.91,52.46,63.02M,0.63%
10/5/2007,52.57,51.93,52.65,51.82,115.68M,2.02%
10/4/2007,51.53,51.51,51.59,51.1,84.13M,0.23%
10/3/2007,51.41,51.6,51.83,51.26,106.78M,-0.70%
10/2/2007,51.77,51.8,51.82,51.48,71.05M,0.02%
10/1/2007,51.76,51.21,51.92,51.14,100.40M,1.15%
9/28/2007,51.17,51.3,51.44,50.94,75.55M,-0.33%
9/27/2007,51.34,51.38,51.41,51.12,73.43M,0.51%
9/26/2007,51.08,51.12,51.27,50.88,96.12M,0.49%
9/25/2007,50.83,50.19,50.83,50.13,101.10M,0.95%
9/24/2007,50.35,50.25,50.72,50.1,107.23M,0.44%
9/21/2007,50.13,50.05,50.28,49.78,86.84M,0.66%
9/20/2007,49.8,49.83,50.03,49.69,109.97M,-0.28%
9/19/2007,49.94,50.06,50.35,49.75,127.03M,0.26%
9/18/2007,49.81,48.86,52.52,48.6,151.45M,2.53%
9/17/2007,48.58,48.76,48.87,48.36,84.88M,-0.84%
9/14/2007,48.99,48.57,49.08,48.5,99.80M,0.08%
9/13/2007,48.95,49.06,49.12,48.71,80.81M,0.49%
9/12/2007,48.71,48.61,49.14,48.55,94.01M,0.02%
9/11/2007,48.7,48.28,48.76,48.2,103.06M,1.50%
9/10/2007,47.98,48.39,48.52,47.59,125.21M,-0.06%
9/7/2007,48.01,48.3,48.37,47.73,152.44M,-1.84%
9/6/2007,48.91,49.0,49.13,48.58,99.22M,-0.08%
9/5/2007,48.95,49.32,49.42,48.64,114.05M,-1.01%
9/4/2007,49.45,48.69,49.77,48.68,98.48M,1.67%
8/31/2007,48.64,48.63,48.83,48.38,94.69M,1.12%
8/30/2007,48.1,47.61,48.51,47.53,138.93M,0.50%
8/29/2007,47.86,46.83,47.9,46.83,113.20M,2.88%
8/28/2007,46.52,47.38,47.48,46.49,106.02M,-2.39%
8/27/2007,47.66,47.83,47.98,47.62,72.49M,-0.67%
8/24/2007,47.98,47.16,48.02,47.1,88.19M,1.42%
8/23/2007,47.31,47.6,47.63,47.01,118.66M,-0.27%
8/22/2007,47.44,47.15,47.48,47.05,115.82M,1.37%
8/21/2007,46.8,46.26,46.91,46.17,115.03M,1.06%
8/20/2007,46.31,46.26,46.5,45.87,144.72M,0.48%
8/17/2007,46.09,46.09,46.37,45.38,223.25M,1.88%
8/16/2007,45.24,45.33,45.7,45.24,362.48M,-0.98%
8/15/2007,45.69,46.46,46.87,45.6,214.85M,-1.89%
8/14/2007,46.57,47.47,47.52,46.51,153.54M,-1.71%
8/13/2007,47.38,47.46,47.66,47.26,116.96M,0.68%
8/10/2007,47.06,46.99,47.61,46.41,247.01M,-0.91%
8/9/2007,47.49,47.97,48.74,47.47,242.87M,-2.30%
8/8/2007,48.61,48.28,48.83,48.17,165.28M,1.10%
8/7/2007,48.08,47.66,48.39,47.26,167.58M,0.69%
8/6/2007,47.75,47.24,47.8,46.81,190.96M,1.17%
8/3/2007,47.2,48.03,48.08,46.93,166.05M,-1.89%
8/2/2007,48.11,47.72,48.2,47.57,177.80M,0.90%
8/1/2007,47.68,47.17,47.71,46.76,301.21M,0.78%
7/31/2007,47.31,48.74,48.76,47.21,260.32M,-2.09%
7/30/2007,48.32,47.99,48.5,47.73,166.52M,1.15%
7/27/2007,47.77,48.66,48.89,47.77,246.39M,-2.01%
7/26/2007,48.75,48.84,49.24,47.83,318.65M,-0.85%
7/25/2007,49.17,49.34,49.44,48.83,170.91M,0.14%
7/24/2007,49.1,49.48,49.87,48.82,175.55M,-1.48%
7/23/2007,49.84,49.98,50.08,49.69,107.46M,0.04%
7/20/2007,49.82,50.06,50.13,49.51,163.72M,-0.54%
7/19/2007,50.09,50.18,50.42,50.08,116.56M,0.30%
7/18/2007,49.94,49.71,49.94,49.41,144.92M,-0.12%
7/17/2007,50.0,49.74,50.07,49.69,124.84M,0.77%
7/16/2007,49.62,49.67,49.85,49.53,77.80M,-0.10%
7/13/2007,49.67,49.39,49.74,49.34,74.23M,0.69%
7/12/2007,49.33,48.82,49.44,48.69,107.67M,1.54%
7/11/2007,48.58,48.14,48.58,48.09,99.64M,0.68%
7/10/2007,48.25,48.39,48.67,48.2,104.40M,-0.84%
7/9/2007,48.66,48.67,48.75,48.49,66.77M,0.06%
7/6/2007,48.63,48.48,48.68,48.27,65.81M,0.41%
7/5/2007,48.43,48.12,48.54,48.07,73.59M,0.73%
7/3/2007,48.08,47.88,48.09,47.82,34.80M,0.61%
7/2/2007,47.79,47.49,47.82,47.46,80.93M,0.87%
6/29/2007,47.38,47.57,47.66,46.99,124.79M,0.17%
6/28/2007,47.3,47.3,47.63,47.25,116.60M,-0.04%
6/27/2007,47.32,46.52,47.34,46.48,141.24M,1.55%
6/26/2007,46.6,47.1,47.1,46.52,128.21M,-0.58%
6/25/2007,46.87,47.09,47.36,46.6,136.62M,-0.42%
6/22/2007,47.07,47.42,47.49,46.92,153.42M,-0.95%
6/21/2007,47.52,47.08,47.57,46.86,143.20M,0.91%
6/20/2007,47.09,47.61,47.7,47.02,161.94M,-0.95%
6/19/2007,47.54,47.41,47.64,47.29,109.68M,-0.02%
6/18/2007,47.55,47.63,47.65,47.45,75.77M,0.08%
6/15/2007,47.51,47.53,47.65,47.43,100.41M,0.78%
6/14/2007,47.14,46.88,47.27,46.87,101.55M,0.66%
6/13/2007,46.83,46.52,46.87,46.32,148.03M,1.10%
6/12/2007,46.32,46.35,46.82,46.23,154.11M,-0.60%
6/11/2007,46.6,46.67,46.97,46.54,97.15M,-0.19%
6/8/2007,46.69,46.11,46.71,45.94,177.61M,1.24%
6/7/2007,46.12,46.69,46.99,46.1,221.63M,-1.56%
6/6/2007,46.85,47.15,47.16,46.74,183.21M,-1.08%
6/5/2007,47.36,47.21,47.36,46.78,151.18M,0.00%
6/4/2007,47.36,47.05,47.42,47.02,65.39M,0.30%
6/1/2007,47.22,47.36,47.55,47.15,125.12M,0.06%
5/31/2007,47.19,47.1,47.3,46.99,110.73M,0.47%
5/30/2007,46.97,46.26,46.98,46.13,134.48M,0.82%
5/29/2007,46.59,46.27,46.64,46.19,99.72M,0.78%
5/25/2007,46.23,46.04,46.34,45.96,87.15M,0.63%
5/24/2007,45.94,46.64,46.82,45.76,206.34M,-1.44%
5/23/2007,46.61,46.97,47.15,46.58,119.43M,-0.47%
5/22/2007,46.83,46.82,47.06,46.65,98.13M,0.09%
5/21/2007,46.79,46.52,47.02,46.45,112.90M,0.65%
5/18/2007,46.49,46.26,46.49,46.16,104.99M,0.82%
5/17/2007,46.11,46.28,46.35,46.07,110.31M,-0.47%
5/16/2007,46.33,45.98,46.34,45.7,144.72M,0.96%
5/15/2007,45.89,46.19,46.48,45.78,179.49M,-0.76%
5/14/2007,46.24,46.55,46.66,45.97,118.97M,-0.69%
5/11/2007,46.56,46.02,46.56,45.96,103.20M,1.28%
5/10/2007,45.97,46.45,46.56,45.86,171.26M,-1.37%
5/9/2007,46.61,46.27,46.75,46.24,116.01M,0.22%
5/8/2007,46.51,46.25,46.55,46.08,95.20M,0.22%
5/7/2007,46.41,46.43,46.56,46.35,47.69M,0.00%
5/4/2007,46.41,46.55,46.67,46.2,93.63M,0.09%
5/3/2007,46.37,46.31,46.5,46.21,98.02M,0.37%
5/2/2007,46.2,45.88,46.36,45.84,91.99M,0.76%
5/1/2007,45.85,45.76,45.93,45.45,135.09M,0.22%
4/30/2007,45.75,46.28,46.31,45.71,93.47M,-1.29%
4/27/2007,46.35,46.15,46.48,46.07,96.61M,0.04%
4/26/2007,46.33,46.2,46.43,46.11,99.41M,0.52%
4/25/2007,46.09,45.64,46.1,45.49,106.95M,1.32%
4/24/2007,45.49,45.42,45.62,45.12,108.20M,0.51%
4/23/2007,45.26,45.23,45.39,45.13,85.45M,0.15%
4/20/2007,45.19,45.31,45.46,44.99,122.44M,0.56%
4/19/2007,44.94,44.6,45.04,44.51,95.51M,0.31%
4/18/2007,44.8,44.72,45.02,44.62,82.05M,-0.33%
4/17/2007,44.95,44.93,44.99,44.75,81.88M,0.22%
4/16/2007,44.85,44.62,44.94,44.62,73.03M,0.92%
4/13/2007,44.44,44.36,44.51,44.08,94.58M,0.20%
4/12/2007,44.35,43.93,44.41,43.75,114.84M,0.80%
4/11/2007,44.0,44.43,44.45,43.86,116.95M,-1.06%
4/10/2007,44.47,44.23,44.47,44.2,76.44M,0.52%
4/9/2007,44.24,44.5,44.54,44.17,63.06M,-0.25%
4/5/2007,44.35,44.08,44.37,44.02,54.26M,0.50%
4/4/2007,44.13,43.99,44.17,43.92,85.20M,0.41%
4/3/2007,43.95,43.62,44.1,43.59,105.89M,1.29%
4/2/2007,43.39,43.47,43.56,43.1,89.63M,0.14%
3/30/2007,43.33,43.36,43.67,43.02,120.43M,-0.09%
3/29/2007,43.37,43.64,43.65,42.9,124.45M,0.12%
3/28/2007,43.32,43.58,43.82,43.31,144.92M,-1.07%
3/27/2007,43.79,44.02,44.03,43.75,76.68M,-0.68%
3/26/2007,44.09,43.93,44.11,43.43,114.26M,0.41%
3/23/2007,43.91,44.05,44.16,43.86,68.62M,-0.32%
3/22/2007,44.05,44.23,44.24,43.88,114.91M,-0.36%
3/21/2007,44.21,43.43,44.23,43.15,173.97M,1.91%
3/20/2007,43.38,43.06,43.39,43.01,81.05M,0.72%
3/19/2007,43.07,42.86,43.19,42.75,95.96M,1.03%
3/16/2007,42.63,42.74,42.84,42.41,108.37M,-0.14%
3/15/2007,42.69,42.7,42.86,42.52,111.63M,-0.23%
3/14/2007,42.79,42.23,42.8,41.9,192.59M,1.47%
3/13/2007,42.17,42.8,43.04,42.16,171.23M,-1.95%
3/12/2007,43.01,42.68,43.08,42.63,81.37M,0.54%
3/9/2007,42.78,43.13,43.14,42.45,128.63M,0.02%
3/8/2007,42.77,42.93,43.04,42.64,121.05M,0.68%
3/7/2007,42.48,42.66,42.78,42.45,116.63M,-0.40%
3/6/2007,42.65,42.36,42.79,42.3,155.74M,1.67%
3/5/2007,41.95,41.96,42.6,41.86,174.69M,-0.78%
3/2/2007,42.28,42.58,42.94,42.27,183.42M,-1.51%
3/1/2007,42.93,42.35,43.34,42.04,231.92M,-0.46%
2/28/2007,43.13,42.96,43.56,42.73,217.51M,0.33%
2/27/2007,42.99,44.15,44.27,42.86,317.95M,-4.10%
2/26/2007,44.83,45.27,45.29,44.55,102.25M,-0.49%
2/23/2007,45.05,45.21,45.25,44.85,113.51M,-0.35%
2/22/2007,45.21,45.15,45.34,44.86,116.39M,0.51%
2/21/2007,44.98,44.71,45.0,44.62,95.94M,0.31%
2/20/2007,44.84,44.44,44.91,44.22,93.68M,0.76%
2/16/2007,44.5,44.47,44.62,44.36,72.36M,-0.34%
2/15/2007,44.65,44.42,44.65,44.34,110.50M,0.59%
2/14/2007,44.39,43.84,44.5,43.83,133.56M,1.67%
2/13/2007,43.66,43.59,43.8,43.5,95.56M,0.37%
2/12/2007,43.5,43.68,43.69,43.39,126.97M,-0.32%
2/9/2007,43.64,44.36,44.51,43.53,133.50M,-1.36%
2/8/2007,44.24,44.18,44.39,44.02,89.56M,-0.02%
2/7/2007,44.25,44.08,44.44,43.91,118.01M,0.94%
2/6/2007,43.84,43.99,44.02,43.44,121.18M,-0.16%
2/5/2007,43.91,43.93,44.15,43.76,96.39M,-0.09%
2/2/2007,43.95,43.9,44.04,43.74,98.20M,0.32%
2/1/2007,43.81,44.06,44.19,43.65,147.41M,-0.11%
1/31/2007,43.86,43.4,43.98,43.13,157.95M,0.99%
1/30/2007,43.43,43.48,43.59,43.32,69.98M,0.05%
1/29/2007,43.41,43.25,43.71,43.2,104.21M,0.09%
1/26/2007,43.37,43.61,43.63,43.09,146.29M,-0.37%
1/25/2007,43.53,44.16,44.26,43.38,158.46M,-1.27%
1/24/2007,44.09,43.67,44.11,43.57,117.69M,1.64%
1/23/2007,43.38,43.44,43.78,43.3,133.26M,-0.25%
1/22/2007,43.49,44.0,44.02,43.31,123.48M,-1.07%
1/19/2007,43.96,43.78,44.07,43.71,127.58M,0.21%
1/18/2007,43.87,44.58,44.63,43.75,189.19M,-1.86%
1/17/2007,44.7,44.88,45.08,44.62,127.62M,-0.82%
1/16/2007,45.07,45.11,45.19,44.92,95.95M,-0.07%
1/12/2007,45.1,44.81,45.14,44.76,104.24M,0.51%
1/11/2007,44.87,44.5,45.03,44.44,174.10M,1.04%
1/10/2007,44.41,43.76,44.45,43.62,121.17M,1.18%
1/9/2007,43.89,43.8,44.08,43.43,121.76M,0.48%
1/8/2007,43.68,43.68,43.91,43.44,106.56M,0.07%
1/5/2007,43.65,43.73,43.75,43.28,140.72M,-0.46%
1/4/2007,43.85,43.1,44.0,42.95,137.38M,1.88%
1/3/2007,43.04,43.26,43.85,42.32,168.79M,0.19%
12/29/2006,42.96,43.01,43.41,42.92,75.17M,0.09%
12/28/2006,42.92,43.0,43.18,42.85,70.76M,-0.49%
12/27/2006,43.13,42.99,43.2,42.9,54.16M,0.51%
12/26/2006,42.91,42.73,42.92,42.68,50.87M,0.42%
12/22/2006,42.73,43.19,43.21,42.73,92.88M,-1.04%
12/21/2006,43.18,43.56,43.59,43.01,102.98M,-0.71%
12/20/2006,43.49,43.69,43.9,43.47,67.36M,-0.37%
12/19/2006,43.65,43.45,43.85,43.18,136.55M,-0.32%
12/18/2006,43.79,44.37,44.54,43.6,121.60M,-0.97%
12/15/2006,44.22,44.45,44.55,44.14,99.95M,0.14%
12/14/2006,44.16,43.77,44.36,43.74,109.14M,1.10%
12/13/2006,43.68,43.9,43.9,43.42,79.07M,0.18%
12/12/2006,43.6,43.82,43.92,43.36,111.27M,-0.57%
12/11/2006,43.85,43.63,44.16,43.55,72.99M,0.34%
12/8/2006,43.7,43.37,44.05,43.27,133.82M,0.46%
12/7/2006,43.5,44.13,44.27,43.5,124.97M,-1.25%
12/6/2006,44.05,44.08,44.19,43.86,78.25M,-0.36%
12/5/2006,44.21,44.18,44.34,43.98,84.72M,0.36%
12/4/2006,44.05,43.59,44.27,43.59,89.97M,1.36%
12/1/2006,43.46,43.8,43.99,43.06,144.58M,-0.84%
11/30/2006,43.83,43.84,44.07,43.59,125.02M,-0.07%
11/29/2006,43.86,43.8,43.97,43.46,139.57M,0.67%
11/28/2006,43.57,43.32,43.64,43.14,118.28M,0.25%
11/27/2006,43.46,44.31,44.4,43.44,159.54M,-2.21%
11/24/2006,44.44,44.19,44.65,44.17,51.80M,-0.18%
11/22/2006,44.52,44.37,44.54,44.05,69.88M,0.63%
11/21/2006,44.24,44.21,44.3,44.04,68.15M,0.14%
11/20/2006,44.18,43.95,44.27,43.81,107.25M,0.20%
11/17/2006,44.09,43.85,44.09,43.75,95.20M,0.00%
11/16/2006,44.09,44.04,44.21,43.81,113.56M,0.43%
11/15/2006,43.9,43.78,44.19,43.72,116.59M,0.39%
11/14/2006,43.73,43.3,43.77,43.04,121.99M,1.09%
11/13/2006,43.26,42.86,43.34,42.8,89.17M,1.00%
11/10/2006,42.83,42.64,42.84,42.47,82.44M,0.54%
11/9/2006,42.6,43.07,43.15,42.47,124.30M,-0.54%
11/8/2006,42.83,42.38,43.0,42.27,180.47M,0.47%
11/7/2006,42.63,42.33,42.89,42.27,139.89M,0.68%
11/6/2006,42.34,41.86,42.51,41.86,101.36M,1.46%
11/3/2006,41.73,41.9,41.99,41.42,119.31M,-0.26%
11/2/2006,41.84,41.62,41.94,41.55,100.23M,0.10%
11/1/2006,41.8,42.53,42.57,41.63,148.97M,-1.37%
10/31/2006,42.38,42.36,42.56,42.11,135.83M,0.24%
10/30/2006,42.28,41.97,42.45,41.86,103.95M,0.64%
10/27/2006,42.01,42.53,42.62,41.88,129.38M,-1.43%
10/26/2006,42.62,42.37,42.72,42.02,130.87M,0.92%
10/25/2006,42.23,41.94,42.32,41.85,125.41M,0.72%
10/24/2006,41.93,42.09,42.25,41.72,103.68M,-0.71%
10/23/2006,42.23,41.72,42.38,41.63,127.00M,1.03%
10/20/2006,41.8,41.85,41.89,41.45,105.46M,0.24%
10/19/2006,41.7,41.5,41.91,41.4,108.24M,0.22%
10/18/2006,41.61,42.02,42.11,41.46,121.16M,-0.45%
10/17/2006,41.8,41.97,42.0,41.57,146.15M,-1.07%
10/16/2006,42.25,42.23,42.42,42.2,62.05M,0.05%
10/13/2006,42.23,42.02,42.32,41.94,80.48M,0.48%
10/12/2006,42.03,41.57,42.05,41.51,95.34M,1.64%
10/11/2006,41.35,41.24,41.64,40.98,136.57M,-0.19%
10/10/2006,41.43,41.42,41.56,41.12,98.21M,0.17%
10/9/2006,41.36,41.18,41.55,41.13,62.82M,0.34%
10/6/2006,41.22,41.19,41.37,41.05,85.45M,-0.22%
10/5/2006,41.31,41.09,41.37,40.99,92.19M,0.49%
10/4/2006,41.11,40.03,41.12,39.95,149.50M,2.47%
10/3/2006,40.12,39.86,40.29,39.69,116.29M,0.43%
10/2/2006,39.95,40.41,40.51,39.89,97.15M,-1.26%
9/29/2006,40.46,40.7,40.74,40.43,85.45M,-0.44%
9/28/2006,40.64,40.58,40.7,40.24,86.05M,0.27%
9/27/2006,40.53,40.51,40.76,40.31,113.15M,-0.12%
9/26/2006,40.58,40.33,40.61,40.21,113.55M,0.50%
9/25/2006,40.38,39.86,40.47,39.5,136.56M,1.76%
9/22/2006,39.68,39.96,39.97,39.52,101.04M,-0.78%
9/21/2006,39.99,40.33,40.48,39.89,126.90M,-0.62%
9/20/2006,40.24,40.01,40.35,40.0,116.65M,1.46%
9/19/2006,39.66,40.05,40.06,39.34,159.08M,-0.65%
9/18/2006,39.92,39.93,40.21,39.75,117.82M,0.00%
9/15/2006,39.92,40.15,40.27,39.81,137.85M,0.30%
9/14/2006,39.8,39.66,40.03,39.57,98.12M,0.08%
9/13/2006,39.77,39.54,39.8,39.45,116.10M,0.68%
9/12/2006,39.5,38.77,39.61,38.77,124.11M,1.86%
9/11/2006,38.78,38.23,38.97,38.14,142.38M,0.62%
9/8/2006,38.54,38.36,38.64,38.28,96.63M,0.63%
9/7/2006,38.3,38.39,38.72,38.18,115.90M,-0.49%
9/6/2006,38.49,38.9,39.01,38.43,97.90M,-2.01%
9/5/2006,39.28,38.93,39.3,38.67,85.59M,0.98%
9/1/2006,38.9,38.89,39.03,38.72,69.39M,0.54%
8/31/2006,38.69,38.76,38.85,38.58,61.22M,-0.10%
8/30/2006,38.73,38.57,38.85,38.42,75.71M,0.47%
8/29/2006,38.55,38.4,38.58,38.0,104.87M,0.31%
8/28/2006,38.43,38.1,38.61,38.06,80.09M,0.76%
8/25/2006,38.14,37.99,38.46,37.88,73.59M,0.18%
8/24/2006,38.07,38.08,38.17,37.74,79.00M,0.29%
8/23/2006,37.96,38.29,38.49,37.74,96.07M,-0.76%
8/22/2006,38.25,38.18,38.63,38.02,102.13M,0.03%
8/21/2006,38.24,38.29,38.38,38.08,66.67M,-0.96%
8/18/2006,38.61,38.47,38.65,38.1,97.77M,0.16%
8/17/2006,38.55,38.29,38.8,38.26,129.70M,0.39%
8/16/2006,38.4,37.81,38.43,37.66,135.47M,2.35%
8/15/2006,37.52,37.05,37.57,36.92,133.72M,2.51%
8/14/2006,36.6,36.69,37.1,36.53,109.35M,0.66%
8/11/2006,36.36,36.48,36.52,36.2,86.93M,-0.71%
8/10/2006,36.62,36.29,36.71,36.14,102.51M,0.72%
8/9/2006,36.36,36.84,37.14,36.26,145.39M,0.14%
8/8/2006,36.31,36.64,36.73,36.09,124.51M,-0.63%
8/7/2006,36.54,36.75,36.77,36.36,69.67M,-0.65%
8/4/2006,36.78,37.25,37.45,36.45,123.50M,-0.46%
8/3/2006,36.95,36.37,37.17,36.31,99.30M,0.63%
8/2/2006,36.72,36.44,36.96,36.44,87.40M,1.13%
8/1/2006,36.31,36.62,36.63,36.09,98.57M,-1.68%
7/31/2006,36.93,36.91,37.15,36.72,78.10M,-0.03%
7/28/2006,36.94,36.39,36.97,36.33,93.57M,2.10%
7/27/2006,36.18,36.56,36.87,36.08,99.71M,-0.66%
7/26/2006,36.42,36.33,36.7,36.06,107.19M,-0.08%
7/25/2006,36.45,36.3,36.57,36.07,108.87M,0.58%
7/24/2006,36.24,35.68,36.26,35.63,130.30M,2.00%
7/21/2006,35.53,35.71,35.79,35.45,119.38M,-1.06%
7/20/2006,35.91,36.57,36.63,35.87,152.35M,-1.48%
7/19/2006,36.45,35.93,36.66,35.92,193.01M,1.31%
7/18/2006,35.98,36.05,36.16,35.37,207.27M,0.33%
7/17/2006,35.86,35.78,36.08,35.7,134.36M,0.25%
7/14/2006,35.77,36.13,36.21,35.62,172.45M,-1.02%
7/13/2006,36.14,36.49,36.87,36.14,177.75M,-1.69%
7/12/2006,36.76,37.39,37.46,36.67,154.46M,-1.87%
7/11/2006,37.46,37.11,37.56,36.91,136.12M,0.73%
7/10/2006,37.19,37.61,37.75,37.0,105.13M,-0.85%
7/7/2006,37.51,37.71,37.99,37.4,108.07M,-1.11%
7/6/2006,37.93,38.08,38.3,37.83,70.63M,-0.11%
7/5/2006,37.97,38.46,38.5,37.91,93.73M,-2.19%
7/3/2006,38.82,38.7,38.82,38.63,21.60M,0.60%
6/30/2006,38.59,38.94,38.96,38.5,82.72M,-0.49%
6/29/2006,38.78,37.78,38.78,37.72,182.43M,3.06%
6/28/2006,37.63,37.45,37.66,37.21,91.58M,0.72%
6/27/2006,37.36,38.1,38.15,37.32,128.23M,-1.86%
6/26/2006,38.07,37.99,38.21,37.89,65.16M,0.26%
6/23/2006,37.97,37.98,38.35,37.75,88.05M,-0.11%
6/22/2006,38.01,38.42,38.5,37.81,143.83M,-1.27%
6/21/2006,38.5,37.96,38.81,37.95,129.57M,1.58%
6/20/2006,37.9,37.91,38.3,37.76,102.89M,0.13%
6/19/2006,37.85,38.32,38.36,37.73,129.46M,-0.81%
6/16/2006,38.16,38.37,38.5,38.02,120.02M,-0.81%
6/15/2006,38.47,37.66,38.61,37.62,200.73M,2.72%
6/14/2006,37.45,37.19,37.53,37.03,201.89M,1.00%
6/13/2006,37.08,37.35,37.62,36.99,207.14M,-0.40%
6/12/2006,37.23,38.02,38.08,37.22,145.63M,-1.95%
6/9/2006,37.97,38.36,38.56,37.93,144.15M,-0.65%
6/8/2006,38.22,38.09,38.38,37.32,280.56M,-0.16%
6/7/2006,38.28,38.62,38.99,38.27,130.87M,-0.75%
6/6/2006,38.57,38.67,38.77,38.17,127.30M,-0.08%
6/5/2006,38.6,39.37,39.38,38.6,103.30M,-2.18%
6/2/2006,39.46,39.78,39.81,39.13,128.87M,-0.23%
6/1/2006,39.55,38.73,39.55,38.66,119.44M,2.36%
5/31/2006,38.64,38.54,38.88,38.36,137.10M,0.47%
5/30/2006,38.46,39.13,39.15,38.43,105.61M,-2.16%
5/26/2006,39.31,39.27,39.4,39.05,91.33M,0.33%
5/25/2006,39.18,38.9,39.2,38.64,123.53M,1.32%
5/24/2006,38.67,38.35,38.86,38.05,235.00M,0.68%
5/23/2006,38.41,39.08,39.2,38.39,142.65M,-0.98%
5/22/2006,38.79,38.84,39.06,38.44,169.61M,-0.97%
5/19/2006,39.17,38.99,39.29,38.57,194.31M,0.77%
5/18/2006,38.87,39.31,39.48,38.82,139.72M,-0.69%
5/17/2006,39.14,39.5,39.62,39.05,207.93M,-1.34%
5/16/2006,39.67,39.97,40.07,39.58,132.41M,-0.75%
5/15/2006,39.97,39.84,40.15,39.6,127.90M,-0.07%
5/12/2006,40.0,40.38,40.57,39.77,153.95M,-1.36%
5/11/2006,40.55,41.44,41.46,40.44,141.03M,-2.24%
5/10/2006,41.48,41.73,41.78,41.36,92.44M,-0.86%
5/9/2006,41.84,41.9,41.98,41.77,48.57M,-0.38%
5/8/2006,42.0,41.88,42.08,41.87,45.09M,0.10%
5/5/2006,41.96,41.91,42.01,41.74,80.39M,0.77%
5/4/2006,41.64,41.34,41.79,41.34,88.71M,0.82%
5/3/2006,41.3,41.39,41.45,41.09,74.98M,-0.15%
5/2/2006,41.36,41.42,41.54,41.21,85.17M,0.27%
5/1/2006,41.25,41.72,42.1,41.12,92.93M,-0.98%
4/28/2006,41.66,41.8,42.02,41.59,88.88M,-0.95%
4/27/2006,42.06,41.48,42.29,41.31,174.12M,0.94%
4/26/2006,41.67,41.67,41.86,41.51,82.57M,0.00%
4/25/2006,41.67,41.88,41.9,41.46,77.66M,-0.22%
4/24/2006,41.76,41.76,41.87,41.53,78.56M,-0.10%
4/21/2006,41.8,42.46,42.66,41.63,130.19M,-1.18%
4/20/2006,42.3,42.42,42.62,42.18,81.41M,-0.35%
4/19/2006,42.45,42.34,42.45,42.1,79.13M,0.45%
4/18/2006,42.26,41.59,42.36,41.58,124.33M,1.90%
4/17/2006,41.47,41.84,42.01,41.2,104.09M,-1.03%
4/13/2006,41.9,41.7,42.13,41.6,63.48M,0.41%
4/12/2006,41.73,41.75,41.88,41.61,58.88M,0.02%
4/11/2006,41.72,42.2,42.23,41.52,91.49M,-0.81%
4/10/2006,42.06,42.2,42.3,41.89,58.99M,-0.14%
4/7/2006,42.12,42.7,42.85,42.1,116.61M,-0.96%
4/6/2006,42.53,42.39,42.74,42.24,91.71M,0.28%
4/5/2006,42.41,42.1,42.47,42.01,91.66M,0.95%
4/4/2006,42.01,41.84,42.11,41.73,90.04M,0.55%
4/3/2006,41.78,41.95,42.17,41.7,80.73M,0.12%
3/31/2006,41.73,41.94,41.99,41.65,71.09M,-0.29%
3/30/2006,41.85,41.79,42.1,41.6,115.94M,0.31%
3/29/2006,41.72,41.01,41.9,40.98,130.73M,1.88%
3/28/2006,40.95,41.18,41.48,40.8,100.53M,-0.41%
3/27/2006,41.12,41.09,41.32,41.05,54.41M,0.02%
3/24/2006,41.11,41.04,41.31,40.83,81.81M,0.51%
3/23/2006,40.9,40.9,41.03,40.63,75.22M,-0.29%
3/22/2006,41.02,40.69,41.09,40.67,112.32M,0.24%
3/21/2006,40.92,41.32,41.81,40.89,136.57M,-1.06%
3/20/2006,41.36,41.4,41.49,41.21,60.24M,0.24%
3/17/2006,41.26,41.13,41.4,41.04,78.23M,0.19%
3/16/2006,41.18,41.66,41.72,41.14,101.39M,-0.84%
3/15/2006,41.53,41.34,41.53,41.13,84.40M,0.85%
3/14/2006,41.18,40.46,41.23,40.45,118.22M,1.70%
3/13/2006,40.49,40.57,40.75,40.43,69.17M,0.30%
3/10/2006,40.37,40.29,40.6,40.0,124.49M,0.10%
3/9/2006,40.33,40.81,40.96,40.28,108.64M,-0.86%
3/8/2006,40.68,40.58,40.9,40.31,104.01M,0.05%
3/7/2006,40.66,40.84,40.88,40.46,96.50M,-0.59%
3/6/2006,40.9,41.34,41.44,40.77,99.59M,-0.87%
3/3/2006,41.26,41.26,41.81,41.2,112.08M,-0.58%
3/2/2006,41.5,41.36,41.65,41.22,69.88M,0.07%
3/1/2006,41.47,41.02,41.58,40.96,80.98M,1.37%
2/28/2006,40.91,41.4,41.53,40.78,117.64M,-1.49%
2/27/2006,41.53,41.18,41.67,41.14,64.96M,1.12%
2/24/2006,41.07,40.96,41.1,40.82,57.09M,0.27%
2/23/2006,40.96,41.03,41.35,40.89,66.53M,-0.27%
2/22/2006,41.07,40.61,41.35,40.49,91.00M,1.26%
2/21/2006,40.56,41.02,41.08,40.42,85.11M,-1.12%
2/17/2006,41.02,41.26,41.27,41.01,81.77M,-0.80%
2/16/2006,41.35,41.11,41.36,40.96,103.88M,0.93%
2/15/2006,40.97,40.6,41.07,40.54,92.27M,0.64%
2/14/2006,40.71,40.36,40.83,40.22,94.76M,1.02%
2/13/2006,40.3,40.53,40.55,40.11,70.66M,-1.15%
2/10/2006,40.77,40.49,40.87,40.07,102.58M,0.62%
2/9/2006,40.52,41.01,41.18,40.44,78.22M,-0.95%
2/8/2006,40.91,40.73,40.96,40.5,89.93M,1.16%
2/7/2006,40.44,40.55,40.74,40.25,87.38M,-0.44%
2/6/2006,40.62,40.71,40.82,40.4,58.17M,-0.27%
2/3/2006,40.73,40.92,41.04,40.59,121.10M,-1.24%
2/2/2006,41.24,41.83,41.88,41.22,94.05M,-1.69%
2/1/2006,41.95,41.56,41.97,41.51,89.24M,0.36%
1/31/2006,41.8,41.94,42.07,41.62,101.42M,-0.45%
1/30/2006,41.99,41.95,42.12,41.87,53.94M,0.19%
1/27/2006,41.91,41.62,42.19,41.55,110.84M,1.33%
1/26/2006,41.36,41.31,41.5,41.04,112.78M,0.71%
1/25/2006,41.07,41.45,41.48,40.89,99.83M,-0.44%
1/24/2006,41.25,41.17,41.51,41.12,77.97M,0.44%
1/23/2006,41.07,41.18,41.26,40.89,111.43M,0.02%
1/20/2006,41.06,42.24,42.29,40.96,188.67M,-2.98%
1/19/2006,42.32,42.2,42.62,42.09,111.11M,0.74%
1/18/2006,42.01,41.84,42.26,41.82,122.43M,-1.15%
1/17/2006,42.5,42.46,42.59,42.3,78.11M,-0.65%
1/13/2006,42.78,42.74,42.85,42.53,64.59M,-0.05%
1/12/2006,42.8,42.96,43.09,42.65,82.43M,-0.49%
1/11/2006,43.01,42.81,43.11,42.67,100.78M,0.77%
1/10/2006,42.68,42.44,42.72,42.35,84.42M,0.07%
1/9/2006,42.65,42.46,42.72,42.32,80.78M,0.40%
1/6/2006,42.48,42.06,42.5,41.86,110.12M,1.82%
1/5/2006,41.72,41.56,41.8,41.51,77.69M,0.41%
1/4/2006,41.55,41.22,41.55,41.12,92.78M,1.05%
1/3/2006,41.12,40.46,41.3,39.97,109.42M,2.24%
12/30/2005,40.22,40.36,40.39,40.17,60.05M,-0.76%
12/29/2005,40.53,40.84,40.93,40.46,47.31M,-0.66%
12/28/2005,40.8,40.87,41.04,40.68,50.32M,-0.12%
12/27/2005,40.85,41.33,41.49,40.78,55.67M,-0.87%
12/23/2005,41.21,41.32,41.4,41.11,38.00M,0.02%
12/22/2005,41.2,40.92,41.27,40.79,59.16M,0.64%
12/21/2005,40.94,40.83,41.22,40.76,68.93M,0.44%
12/20/2005,40.76,40.76,40.96,40.56,70.26M,0.07%
12/19/2005,40.73,41.49,41.52,40.71,75.42M,-1.59%
12/16/2005,41.39,41.67,41.74,41.36,63.74M,-0.91%
12/15/2005,41.77,41.8,41.87,41.41,72.68M,0.17%
12/14/2005,41.7,41.75,41.9,41.51,73.58M,-0.36%
12/13/2005,41.85,41.63,42.01,41.57,76.61M,0.43%
12/12/2005,41.67,41.67,41.74,41.49,44.87M,0.36%
12/9/2005,41.52,41.38,41.58,41.19,56.53M,0.36%
12/8/2005,41.37,41.76,41.8,41.08,112.04M,-0.72%
12/7/2005,41.67,41.81,41.83,41.44,83.89M,-0.17%
12/6/2005,41.74,41.83,42.11,41.7,81.51M,0.31%
12/5/2005,41.61,41.85,41.86,41.44,61.59M,-0.72%
12/2/2005,41.91,41.74,41.94,41.67,72.93M,0.24%
12/1/2005,41.81,41.32,41.85,41.31,91.91M,1.85%
11/30/2005,41.05,41.1,41.3,41.0,88.04M,-0.24%
11/29/2005,41.15,41.57,41.66,41.15,77.44M,-0.48%
11/28/2005,41.35,41.77,41.8,41.31,74.72M,-0.82%
11/25/2005,41.69,41.65,41.74,41.54,22.93M,0.19%
11/23/2005,41.61,41.54,41.82,41.52,64.10M,0.24%
11/22/2005,41.51,41.27,41.67,41.17,88.82M,0.36%
11/21/2005,41.36,41.2,41.39,41.05,69.73M,0.24%
11/18/2005,41.26,41.32,41.46,40.83,108.82M,0.36%
11/17/2005,41.11,40.72,41.13,40.66,94.45M,1.31%
11/16/2005,40.58,40.46,40.59,40.27,65.91M,0.62%
11/15/2005,40.33,40.54,40.71,40.19,79.54M,-0.47%
11/14/2005,40.52,40.58,40.67,40.41,53.65M,0.00%
11/11/2005,40.52,40.58,40.73,40.49,80.11M,0.27%
11/10/2005,40.41,39.99,40.5,39.73,120.76M,1.10%
11/9/2005,39.97,39.93,40.14,39.84,72.46M,0.05%
11/8/2005,39.95,39.88,40.16,39.8,78.86M,0.03%
11/7/2005,39.94,40.01,40.1,39.76,65.37M,0.13%
11/4/2005,39.89,39.81,40.04,39.65,100.94M,0.35%
11/3/2005,39.75,39.55,39.9,39.5,137.05M,1.51%
11/2/2005,39.16,38.54,39.28,38.53,101.56M,1.29%
11/1/2005,38.66,38.58,38.83,38.53,73.63M,-0.08%
10/31/2005,38.69,38.25,38.87,38.24,115.43M,1.44%
10/28/2005,38.14,37.99,38.21,37.74,95.37M,0.77%
10/27/2005,37.85,38.6,38.62,37.85,135.44M,-2.02%
10/26/2005,38.63,38.78,39.09,38.58,90.03M,-0.52%
10/25/2005,38.83,38.9,39.01,38.59,86.96M,-0.38%
10/24/2005,38.98,38.53,39.0,38.29,111.79M,1.59%
10/21/2005,38.37,38.52,38.68,38.15,110.05M,0.63%
10/20/2005,38.13,38.48,38.67,37.92,132.68M,-0.94%
10/19/2005,38.49,37.56,38.49,37.43,132.94M,2.01%
10/18/2005,37.73,37.96,38.0,37.73,88.10M,-0.71%
10/17/2005,38.0,37.88,38.01,37.64,64.21M,0.32%
10/14/2005,37.88,37.69,37.89,37.46,131.48M,0.74%
10/13/2005,37.6,37.3,37.73,37.16,138.58M,0.78%
10/12/2005,37.31,37.58,37.88,37.26,146.12M,-1.19%
10/11/2005,37.76,38.03,38.06,37.62,114.77M,-0.50%
10/10/2005,37.95,38.11,38.28,37.88,64.03M,-0.55%
10/7/2005,38.16,38.23,38.39,38.0,91.13M,0.24%
10/6/2005,38.07,38.55,38.68,37.74,162.27M,-1.32%
10/5/2005,38.58,39.13,39.16,38.55,106.23M,-1.38%
10/4/2005,39.12,39.42,39.69,39.11,85.38M,-0.66%
10/3/2005,39.38,39.36,39.56,39.33,81.69M,0.25%
9/30/2005,39.28,38.98,39.3,38.95,79.26M,0.67%
9/29/2005,39.02,38.45,39.03,38.27,117.77M,1.35%
9/28/2005,38.5,38.59,38.77,38.38,72.06M,0.03%
9/27/2005,38.49,38.62,38.72,38.33,64.09M,-0.23%
9/26/2005,38.58,38.79,38.85,38.37,69.35M,0.03%
9/23/2005,38.57,38.33,38.7,38.23,70.17M,0.29%
9/22/2005,38.46,38.26,38.55,38.06,119.17M,0.37%
9/21/2005,38.32,38.64,38.69,38.29,116.42M,-1.11%
9/20/2005,38.75,38.98,39.36,38.63,115.51M,-0.41%
9/19/2005,38.91,39.14,39.2,38.73,73.40M,-0.79%
9/16/2005,39.22,39.07,39.28,38.93,71.05M,0.62%
9/15/2005,38.98,39.08,39.16,38.87,80.48M,-0.05%
9/14/2005,39.0,39.47,39.5,38.97,98.67M,-1.14%
9/13/2005,39.45,39.49,39.72,39.36,66.19M,-0.23%
9/12/2005,39.54,39.45,39.68,39.4,51.70M,0.28%
9/9/2005,39.43,39.23,39.51,39.13,75.39M,0.54%
9/8/2005,39.22,39.11,39.39,39.09,73.54M,-0.03%
9/7/2005,39.23,39.12,39.3,39.03,57.47M,0.18%
9/6/2005,39.16,38.75,39.23,38.72,78.13M,1.48%
9/2/2005,38.59,38.81,38.85,38.56,53.27M,-0.39%
9/1/2005,38.74,38.8,38.97,38.6,74.92M,-0.15%
8/31/2005,38.8,38.46,38.83,38.3,93.45M,0.94%
8/30/2005,38.44,38.38,38.47,38.14,87.51M,-0.36%
8/29/2005,38.58,38.08,38.67,38.08,74.97M,0.78%
8/26/2005,38.28,38.35,38.42,38.09,63.88M,-0.34%
8/25/2005,38.41,38.38,38.51,38.31,52.34M,0.23%
8/24/2005,38.32,38.47,39.0,38.28,95.04M,-0.60%
8/23/2005,38.55,38.66,38.74,38.43,57.53M,-0.28%
8/22/2005,38.66,38.7,39.0,38.42,93.27M,0.05%
8/19/2005,38.64,38.71,38.82,38.61,52.18M,-0.05%
8/18/2005,38.66,38.69,38.92,38.59,72.73M,-0.51%
8/17/2005,38.86,38.74,38.99,38.61,75.63M,0.60%
8/16/2005,38.63,39.12,39.15,38.56,94.91M,-1.60%
8/15/2005,39.26,38.96,39.45,38.89,63.07M,0.59%
8/12/2005,39.03,38.94,39.14,38.79,86.47M,-0.56%
8/11/2005,39.25,38.95,39.36,38.92,93.64M,0.82%
8/10/2005,38.93,39.37,39.5,38.79,104.47M,-0.87%
8/9/2005,39.27,39.19,39.41,39.12,64.62M,0.67%
8/8/2005,39.01,39.34,39.43,38.96,64.63M,-0.74%
8/5/2005,39.3,39.43,39.6,39.24,71.26M,-0.48%
8/4/2005,39.49,39.69,39.75,39.39,72.06M,-0.95%
8/3/2005,39.87,39.72,39.94,39.69,61.98M,-0.05%
8/2/2005,39.89,39.52,39.95,39.47,79.72M,1.06%
8/1/2005,39.47,39.46,39.64,39.34,59.88M,0.20%
7/29/2005,39.39,39.68,39.73,39.34,74.76M,-0.83%
7/28/2005,39.72,39.55,39.74,39.46,67.12M,0.48%
7/27/2005,39.53,39.25,39.57,39.04,83.63M,0.74%
7/26/2005,39.24,39.21,39.35,39.01,69.66M,0.38%
7/25/2005,39.09,39.28,39.44,39.02,52.06M,-0.38%
7/22/2005,39.24,39.29,39.41,39.04,71.72M,-0.13%
7/21/2005,39.29,39.38,39.51,39.03,127.79M,0.03%
7/20/2005,39.28,38.75,39.39,38.72,91.98M,0.72%
7/19/2005,39.0,38.73,39.01,38.66,78.69M,1.17%
7/18/2005,38.55,38.59,38.71,38.51,59.12M,-0.41%
7/15/2005,38.71,38.66,38.82,38.47,67.73M,0.31%
7/14/2005,38.59,38.48,38.7,38.34,103.21M,0.99%
7/13/2005,38.21,38.14,38.25,37.99,72.55M,0.24%
7/12/2005,38.12,37.94,38.28,37.83,86.11M,0.47%
7/11/2005,37.94,37.69,37.98,37.62,96.46M,0.93%
7/8/2005,37.59,36.91,37.63,36.82,101.47M,1.90%
7/7/2005,36.89,36.41,36.92,36.38,120.22M,0.35%
7/6/2005,36.76,36.86,37.11,36.69,79.33M,-0.49%
7/5/2005,36.94,36.46,37.02,36.43,79.29M,1.07%
7/1/2005,36.55,36.69,36.83,36.51,55.29M,-0.16%
6/30/2005,36.61,36.97,37.04,36.58,87.96M,-0.79%
6/29/2005,36.9,37.08,37.09,36.8,71.58M,-0.22%
6/28/2005,36.98,36.78,37.09,36.73,73.38M,0.96%
6/27/2005,36.63,36.78,36.89,36.53,72.89M,-0.46%
6/24/2005,36.8,37.21,37.24,36.79,142.33M,-1.13%
6/23/2005,37.22,37.69,38.0,37.16,122.22M,-1.09%
6/22/2005,37.63,37.82,37.92,37.45,75.52M,-0.11%
6/21/2005,37.67,37.66,37.83,37.52,97.92M,-0.05%
6/20/2005,37.69,37.54,37.9,37.4,68.17M,0.00%
6/17/2005,37.69,37.93,38.03,37.57,89.17M,-0.08%
6/16/2005,37.72,37.56,37.82,37.48,90.51M,0.53%
6/15/2005,37.52,37.65,37.69,37.08,104.08M,0.32%
6/14/2005,37.4,37.51,37.66,37.33,62.76M,-0.40%
6/13/2005,37.55,37.31,37.77,37.29,82.36M,0.48%
6/10/2005,37.37,37.72,37.72,37.21,86.01M,-1.06%
6/9/2005,37.77,37.49,37.88,37.33,99.44M,0.64%
6/8/2005,37.53,37.72,37.77,37.39,79.25M,-0.21%
6/7/2005,37.61,37.97,38.29,37.56,109.62M,-0.84%
6/6/2005,37.93,37.94,38.01,37.78,53.08M,0.03%
6/3/2005,37.92,38.45,38.46,37.84,97.07M,-1.46%
6/2/2005,38.48,38.15,38.48,38.12,76.15M,0.65%
6/1/2005,38.23,37.85,38.5,37.84,110.99M,0.87%
5/31/2005,37.9,38.01,38.06,37.74,75.29M,-0.34%
5/27/2005,38.03,37.96,38.07,37.84,50.13M,0.05%
5/26/2005,38.01,37.8,38.09,37.8,84.09M,1.01%
5/25/2005,37.63,37.66,37.7,37.41,76.49M,-0.42%
5/24/2005,37.79,37.58,37.82,37.52,100.99M,0.32%
5/23/2005,37.67,37.48,37.81,37.42,93.08M,0.51%
5/20/2005,37.48,37.28,37.51,37.18,66.71M,0.37%
5/19/2005,37.34,37.12,37.35,37.03,94.00M,0.84%
5/18/2005,37.03,36.63,37.19,36.54,128.15M,1.37%
5/17/2005,36.53,36.18,36.57,36.04,91.71M,0.61%
5/16/2005,36.31,36.07,36.37,35.96,79.14M,0.67%
5/13/2005,36.07,35.83,36.3,35.72,133.31M,1.09%
5/12/2005,35.68,35.83,36.03,35.49,116.67M,-0.28%
5/11/2005,35.78,35.66,35.86,35.14,132.09M,0.51%
5/10/2005,35.6,35.69,35.79,35.45,77.48M,-0.73%
5/9/2005,35.86,35.7,35.89,35.49,66.37M,0.48%
5/6/2005,35.69,35.8,35.85,35.56,77.40M,0.28%
5/5/2005,35.59,35.58,35.76,35.36,79.63M,0.08%
5/4/2005,35.56,35.13,35.67,35.08,90.93M,1.20%
5/3/2005,35.14,34.89,35.43,34.87,104.08M,0.51%
5/2/2005,34.96,34.94,35.1,34.72,68.21M,0.40%
4/29/2005,34.82,34.84,34.9,34.19,144.51M,0.66%
4/28/2005,34.59,34.76,34.99,34.56,98.66M,-1.00%
4/27/2005,34.94,34.71,35.09,34.57,112.64M,0.14%
4/26/2005,34.89,35.13,35.53,34.88,108.10M,-0.91%
4/25/2005,35.21,35.14,35.3,34.99,72.22M,0.80%
4/22/2005,34.93,35.29,35.3,34.65,115.15M,-1.47%
4/21/2005,35.45,34.93,35.54,34.8,125.00M,2.63%
4/20/2005,34.54,35.05,35.13,34.43,140.46M,-0.83%
4/19/2005,34.83,34.84,34.94,34.59,97.51M,0.69%
4/18/2005,34.59,34.57,34.94,34.48,110.71M,0.03%
4/15/2005,34.58,35.08,35.21,34.52,170.27M,-2.26%
4/14/2005,35.38,35.9,35.93,35.33,158.93M,-1.42%
4/13/2005,35.89,36.39,36.43,35.81,109.07M,-1.64%
4/12/2005,36.49,36.27,36.57,35.74,145.34M,0.50%
4/11/2005,36.31,36.58,36.61,36.23,71.01M,-0.44%
4/8/2005,36.47,36.83,36.9,36.43,92.41M,-0.82%
4/7/2005,36.77,36.36,36.78,36.34,88.71M,1.21%
4/6/2005,36.33,36.49,36.73,36.25,82.22M,-0.16%
4/5/2005,36.39,36.33,36.5,36.25,66.46M,0.28%
4/4/2005,36.29,36.08,36.43,35.86,100.15M,0.72%
4/1/2005,36.03,36.65,36.71,35.96,143.85M,-1.02%
3/31/2005,36.4,36.56,36.58,36.27,86.65M,-0.44%
3/30/2005,36.56,36.06,36.61,36.05,115.02M,1.90%
3/29/2005,35.88,36.09,36.41,35.77,119.63M,-0.80%
3/28/2005,36.17,36.24,36.44,36.14,59.77M,0.19%
3/24/2005,36.1,36.22,36.48,36.1,77.71M,0.03%
3/23/2005,36.09,35.92,36.32,35.9,97.52M,0.36%
3/22/2005,35.96,36.46,36.58,35.94,114.13M,-1.24%
3/21/2005,36.41,36.42,36.58,36.08,92.84M,0.19%
3/18/2005,36.34,36.58,36.61,36.18,109.19M,-0.55%
3/17/2005,36.54,36.44,36.72,36.37,101.80M,0.27%
3/16/2005,36.44,36.74,37.01,36.36,159.76M,-1.17%
3/15/2005,36.87,37.27,37.31,36.82,93.92M,-0.81%
3/14/2005,37.17,37.07,37.19,36.86,71.60M,0.46%
3/11/2005,37.0,37.51,37.65,36.85,102.87M,-0.94%
3/10/2005,37.35,37.43,37.49,36.91,98.05M,-0.13%
3/9/2005,37.4,37.49,37.75,37.3,98.09M,-0.27%
3/8/2005,37.5,37.79,38.03,37.47,89.62M,-1.00%
3/7/2005,37.88,37.42,38.11,37.39,94.89M,1.42%
3/4/2005,37.35,37.41,37.57,37.23,86.65M,0.59%
3/3/2005,37.13,37.53,37.55,36.85,90.10M,-0.80%
3/2/2005,37.43,37.25,37.84,37.18,107.99M,-0.05%
3/1/2005,37.45,37.2,37.52,37.16,79.29M,1.08%
2/28/2005,37.05,37.29,37.42,36.75,96.02M,-1.04%
2/25/2005,37.44,37.21,37.52,37.12,80.14M,0.54%
2/24/2005,37.24,36.68,37.27,36.59,99.84M,1.28%
2/23/2005,36.77,36.87,36.9,36.53,95.42M,0.14%
2/22/2005,36.72,36.86,37.37,36.62,122.63M,-1.24%
2/18/2005,37.18,37.32,37.4,37.09,69.39M,-0.32%
2/17/2005,37.3,37.87,37.96,37.26,116.32M,-1.32%
2/16/2005,37.8,37.85,37.98,37.65,80.62M,-0.37%
2/15/2005,37.94,37.72,38.3,37.64,133.21M,0.66%
2/14/2005,37.69,37.52,37.76,37.51,55.06M,0.45%
2/11/2005,37.52,36.89,37.67,36.76,108.77M,1.46%
2/10/2005,36.98,37.09,37.15,36.71,110.43M,0.11%
2/9/2005,36.94,37.59,37.62,36.89,93.43M,-1.65%
2/8/2005,37.56,37.48,37.83,37.44,73.23M,0.16%
2/7/2005,37.5,37.62,37.73,37.35,71.63M,-0.19%
2/4/2005,37.57,36.98,37.64,36.98,99.37M,1.60%
2/3/2005,36.98,37.21,37.24,36.83,90.93M,-1.12%
2/2/2005,37.4,37.46,37.55,37.14,101.91M,0.13%
2/1/2005,37.35,37.32,37.47,37.2,76.82M,0.32%
1/31/2005,37.23,37.19,37.36,37.09,89.38M,1.31%
1/28/2005,36.75,37.05,37.1,36.45,111.79M,-0.49%
1/27/2005,36.93,36.9,37.1,36.7,109.79M,-0.14%
1/26/2005,36.98,36.79,37.12,36.65,107.71M,1.20%
1/25/2005,36.54,36.6,36.92,36.49,120.05M,0.50%
1/24/2005,36.36,36.97,37.03,36.29,137.59M,-1.41%
1/21/2005,36.88,37.32,37.38,36.82,115.50M,-0.81%
1/20/2005,37.18,37.47,37.63,37.15,121.11M,-1.90%
1/19/2005,37.9,38.55,38.57,37.88,105.30M,-1.66%
1/18/2005,38.54,38.1,38.61,38.04,92.04M,0.76%
1/14/2005,38.25,38.02,38.34,38.01,93.53M,0.95%
1/13/2005,37.89,38.42,38.67,37.83,102.12M,-1.33%
1/12/2005,38.4,38.26,38.42,37.83,127.89M,0.84%
1/11/2005,38.08,38.19,38.32,37.89,107.28M,-0.70%
1/10/2005,38.35,38.27,38.69,38.21,88.82M,-0.05%
1/7/2005,38.37,38.38,38.69,38.03,123.16M,0.52%
1/6/2005,38.17,38.44,38.53,38.16,103.98M,-0.50%
1/5/2005,38.36,38.5,38.78,38.29,128.42M,-0.62%
1/4/2005,38.6,39.51,39.55,38.37,136.76M,-1.83%
1/3/2005,39.32,39.88,40.1,39.19,101.05M,-1.03%
12/31/2004,39.73,39.84,39.93,39.71,44.15M,-0.18%
12/30/2004,39.8,39.88,39.94,39.74,41.73M,-0.08%
12/29/2004,39.83,39.73,39.97,39.71,50.11M,0.13%
12/28/2004,39.78,39.49,39.81,39.43,62.62M,0.94%
12/27/2004,39.41,39.78,39.83,39.22,67.28M,-0.40%
12/23/2004,39.57,39.43,39.72,39.36,45.82M,0.08%
12/22/2004,39.54,39.35,39.74,39.3,75.51M,0.10%
12/21/2004,39.5,39.21,39.53,39.1,83.24M,1.23%
12/20/2004,39.02,39.4,39.59,38.91,103.37M,-0.69%
12/17/2004,39.29,39.47,39.62,37.04,102.21M,-1.18%
12/16/2004,39.76,40.15,40.26,39.63,86.27M,-0.95%
12/15/2004,40.14,40.3,40.49,39.97,95.23M,-0.37%
12/14/2004,40.29,40.07,40.4,40.06,92.02M,0.50%
12/13/2004,40.09,40.04,40.15,39.79,74.34M,0.88%
12/10/2004,39.74,39.55,39.88,39.55,86.25M,-0.30%
12/9/2004,39.86,39.32,40.0,39.06,134.42M,0.61%
12/8/2004,39.62,39.48,39.79,38.63,96.44M,0.56%
12/7/2004,39.4,40.13,40.31,39.35,121.67M,-1.70%
12/6/2004,40.08,39.93,40.24,39.72,70.51M,0.35%
12/3/2004,39.94,40.16,40.4,39.89,114.28M,0.15%
12/2/2004,39.88,39.63,40.2,39.57,122.31M,0.38%
12/1/2004,39.73,39.04,39.77,39.09,102.44M,2.03%
11/30/2004,38.94,39.12,39.21,38.88,87.72M,-0.21%
11/29/2004,39.02,39.28,39.46,38.79,94.79M,-0.03%
11/26/2004,39.03,39.19,39.3,38.99,31.30M,-0.31%
11/24/2004,39.15,38.91,39.21,38.89,74.10M,0.88%
11/23/2004,38.81,38.83,38.97,38.43,91.94M,-0.15%
11/22/2004,38.87,38.43,38.89,38.3,79.99M,0.96%
11/19/2004,38.5,39.06,39.11,38.41,118.57M,-1.56%
11/18/2004,39.11,38.8,39.18,38.71,95.01M,0.46%
11/17/2004,38.93,38.65,39.14,38.65,125.45M,1.35%
11/16/2004,38.41,38.48,38.5,38.14,97.48M,-0.62%
11/15/2004,38.65,38.46,38.68,38.32,82.78M,0.44%
11/12/2004,38.48,38.16,38.58,37.99,102.71M,0.97%
11/11/2004,38.11,37.73,38.2,37.68,99.86M,1.33%
11/10/2004,37.61,37.75,37.88,37.46,95.19M,-0.34%
11/9/2004,37.74,37.75,37.97,37.63,85.27M,-0.21%
11/8/2004,37.82,37.77,37.92,37.67,66.53M,0.11%
11/5/2004,37.78,37.84,37.98,37.43,117.09M,0.91%
11/4/2004,37.44,37.09,37.6,36.94,112.66M,0.54%
11/3/2004,37.24,37.59,37.72,36.98,141.21M,0.68%
11/2/2004,36.99,36.92,37.38,36.84,109.23M,0.33%
11/1/2004,36.87,36.81,37.01,36.63,72.56M,0.38%
10/29/2004,36.73,36.74,37.07,36.5,100.83M,-0.16%
10/28/2004,36.79,36.51,36.95,36.4,111.17M,0.63%
10/27/2004,36.56,35.67,36.73,35.54,152.66M,2.55%
10/26/2004,35.65,35.48,35.67,35.25,98.25M,0.54%
10/25/2004,35.46,35.56,35.64,35.32,103.01M,-0.48%
10/22/2004,35.63,36.44,36.48,35.57,114.39M,-2.20%
10/21/2004,36.43,36.07,36.62,35.93,124.50M,1.53%
10/20/2004,35.88,35.66,36.06,35.48,106.87M,0.48%
10/19/2004,35.71,36.21,36.4,35.62,130.15M,-0.72%
10/18/2004,35.97,35.34,36.08,35.24,109.35M,1.44%
10/15/2004,35.46,35.32,35.69,35.12,129.20M,0.51%
10/14/2004,35.28,35.52,35.61,35.17,99.45M,-0.45%
10/13/2004,35.44,35.89,35.97,35.26,132.84M,-0.23%
10/12/2004,35.52,35.26,35.67,35.04,98.33M,-0.17%
10/11/2004,35.58,35.52,35.69,35.43,51.31M,0.48%
10/8/2004,35.41,35.91,36.07,35.33,115.13M,-1.83%
10/7/2004,36.07,36.37,36.5,36.0,82.47M,-1.12%
10/6/2004,36.48,36.14,36.78,35.94,88.02M,0.80%
10/5/2004,36.19,36.06,36.32,35.99,89.83M,0.14%
10/4/2004,36.14,36.19,36.45,36.08,108.53M,0.58%
10/1/2004,35.93,35.28,35.98,35.2,118.33M,2.72%
9/30/2004,34.98,34.89,35.11,34.73,74.68M,0.17%
9/29/2004,34.92,34.4,34.96,34.37,95.90M,1.48%
9/28/2004,34.41,34.39,34.53,34.07,87.29M,0.20%
9/27/2004,34.34,34.46,34.58,34.22,86.11M,-0.87%
9/24/2004,34.64,34.83,35.03,34.59,103.29M,-0.35%
9/23/2004,34.76,34.82,34.99,34.71,92.63M,-0.09%
9/22/2004,34.79,35.27,35.29,34.71,101.57M,-1.72%
9/21/2004,35.4,35.38,35.68,35.26,93.77M,0.37%
9/20/2004,35.27,35.13,35.6,35.02,111.36M,0.03%
9/17/2004,35.26,35.07,35.35,35.0,84.07M,0.28%
9/16/2004,35.16,35.1,35.4,34.97,67.18M,0.20%
9/15/2004,35.09,35.26,35.28,34.94,90.53M,-1.04%
9/14/2004,35.46,35.28,35.56,35.2,76.94M,0.14%
9/13/2004,35.41,35.09,35.55,34.98,109.46M,1.29%
9/10/2004,34.96,34.46,35.03,34.31,108.66M,1.54%
9/9/2004,34.43,34.29,34.59,33.97,104.59M,0.85%
9/8/2004,34.14,34.15,34.52,34.02,101.72M,-0.38%
9/7/2004,34.27,34.24,34.45,33.96,96.62M,0.85%
9/3/2004,33.98,34.28,34.51,33.89,90.28M,-1.85%
9/2/2004,34.62,34.02,34.72,34.0,83.31M,1.50%
9/1/2004,34.11,33.77,34.31,33.64,96.70M,0.74%
8/31/2004,33.86,33.86,33.96,33.49,81.40M,0.12%
8/30/2004,33.82,34.25,34.27,33.79,62.46M,-1.69%
8/27/2004,34.4,34.3,34.52,34.28,58.62M,0.47%
8/26/2004,34.24,34.3,34.39,34.15,57.81M,-0.44%
8/25/2004,34.39,33.9,34.44,33.74,88.45M,1.39%
8/24/2004,33.92,34.09,34.15,33.65,86.91M,-0.03%
8/23/2004,33.93,33.89,34.11,33.75,83.59M,0.24%
8/20/2004,33.85,33.41,33.98,33.35,92.07M,0.98%
8/19/2004,33.52,33.57,33.69,33.25,106.88M,-0.50%
8/18/2004,33.69,32.91,33.75,32.86,108.02M,1.75%
8/17/2004,33.11,32.97,33.28,32.83,89.62M,1.16%
8/16/2004,32.73,32.46,33.04,32.43,77.94M,1.11%
8/13/2004,32.37,32.5,32.59,32.2,91.44M,0.15%
8/12/2004,32.32,32.54,32.7,32.22,114.18M,-1.37%
8/11/2004,32.77,32.7,32.89,32.4,121.31M,-0.88%
8/10/2004,33.06,32.82,33.33,32.77,106.38M,1.26%
8/9/2004,32.65,32.66,32.81,32.5,78.65M,0.25%
8/6/2004,32.57,33.24,33.25,32.51,148.87M,-2.60%
8/5/2004,33.44,34.19,34.24,33.44,109.96M,-1.88%
8/4/2004,34.08,33.99,34.3,33.85,86.89M,0.03%
8/3/2004,34.07,34.68,34.77,34.03,85.88M,-2.10%
8/2/2004,34.8,34.45,34.86,34.3,81.37M,0.20%
7/30/2004,34.73,34.6,34.94,34.49,83.04M,0.32%
7/29/2004,34.62,34.55,34.76,34.34,99.09M,1.17%
7/28/2004,34.22,34.25,34.46,33.65,155.07M,-0.44%
7/27/2004,34.37,34.03,34.55,33.88,103.54M,1.39%
7/26/2004,33.9,34.08,34.25,33.54,113.06M,-0.44%
7/23/2004,34.05,34.48,34.5,33.87,107.15M,-1.90%
7/22/2004,34.71,34.32,34.95,34.09,132.85M,1.37%
7/21/2004,34.24,35.42,35.48,34.18,136.17M,-2.89%
7/20/2004,35.26,34.58,35.42,34.55,120.17M,2.38%
7/19/2004,34.44,34.62,34.81,34.31,106.44M,-0.20%
7/16/2004,34.51,35.27,35.28,34.46,120.44M,-1.15%
7/15/2004,34.91,35.16,35.32,34.9,90.57M,-0.34%
7/14/2004,35.03,35.04,35.48,34.89,119.88M,-0.99%
7/13/2004,35.38,35.52,35.64,35.25,81.64M,-0.14%
7/12/2004,35.43,35.4,35.52,34.55,81.88M,-0.42%
7/9/2004,35.58,35.67,35.87,35.46,86.05M,0.14%
7/8/2004,35.53,35.64,35.96,35.38,108.95M,-1.11%
7/7/2004,35.93,35.79,36.12,35.75,96.20M,0.20%
7/6/2004,35.86,36.43,36.43,35.66,130.40M,-2.16%
7/2/2004,36.65,36.87,37.02,36.46,74.11M,-0.60%
7/1/2004,36.87,37.48,37.48,36.6,122.19M,-1.84%
6/30/2004,37.56,37.28,37.72,37.18,97.91M,0.97%
6/29/2004,37.2,36.93,37.41,36.91,68.38M,0.95%
6/28/2004,36.85,37.32,37.35,36.73,94.25M,-0.83%
6/25/2004,37.16,36.83,37.22,36.81,81.03M,0.76%
6/24/2004,36.88,36.85,37.18,36.75,92.39M,-0.19%
6/23/2004,36.95,36.4,37.02,36.34,95.34M,1.21%
6/22/2004,36.51,35.99,36.53,35.85,101.64M,1.47%
6/21/2004,35.98,36.35,36.46,35.89,65.47M,-0.80%
6/18/2004,36.27,36.13,36.67,36.09,78.79M,0.14%
6/17/2004,36.22,36.48,36.49,36.08,77.86M,-0.93%
6/16/2004,36.56,36.58,36.73,36.48,65.49M,-0.16%
6/15/2004,36.62,36.39,36.82,36.39,92.00M,1.30%
6/14/2004,36.15,36.44,36.44,35.93,85.29M,-1.42%
6/10/2004,36.67,36.52,36.67,36.38,57.14M,0.71%
6/9/2004,36.41,36.81,36.88,36.2,98.25M,-1.41%
6/8/2004,36.93,36.73,37.02,36.68,72.58M,0.14%
6/7/2004,36.88,36.27,36.93,36.17,107.69M,2.39%
6/4/2004,36.02,36.18,36.45,36.0,91.30M,0.59%
6/3/2004,35.81,36.13,36.19,35.65,97.73M,-1.21%
6/2/2004,36.25,36.39,36.49,36.0,103.56M,-0.22%
6/1/2004,36.33,36.09,36.38,35.94,90.72M,-0.14%
5/28/2004,36.38,36.21,36.38,36.04,56.42M,0.36%
5/27/2004,36.25,36.12,36.33,35.89,110.23M,0.64%
5/26/2004,36.02,35.69,36.02,35.64,93.85M,0.64%
5/25/2004,35.79,34.99,35.91,34.79,146.47M,1.97%
5/24/2004,35.1,35.14,35.29,34.84,100.16M,0.69%
5/21/2004,34.86,34.86,35.01,34.58,111.49M,0.49%
5/20/2004,34.69,34.62,34.86,34.4,95.04M,0.46%
5/19/2004,34.53,35.0,35.35,34.47,141.78M,-0.12%
5/18/2004,34.57,34.5,34.74,34.44,96.73M,0.90%
5/17/2004,34.26,34.22,34.45,33.95,150.71M,-0.95%
5/14/2004,34.59,35.04,35.15,34.48,133.76M,-0.75%
5/13/2004,34.85,34.9,35.28,34.76,138.10M,-0.71%
5/12/2004,35.1,34.96,35.18,34.11,197.89M,0.20%
5/11/2004,35.03,34.81,35.22,34.76,120.84M,1.51%
5/10/2004,34.51,34.51,34.74,34.26,157.20M,-0.86%
5/7/2004,34.81,34.93,35.47,34.75,137.73M,-0.83%
5/6/2004,35.1,35.04,35.36,34.69,102.76M,-0.74%
5/5/2004,35.36,35.26,35.53,35.04,97.58M,0.77%
5/4/2004,35.09,35.05,35.58,34.87,126.25M,0.43%
5/3/2004,34.94,34.84,35.35,34.73,117.07M,0.95%
4/30/2004,34.61,35.49,35.63,34.56,150.92M,-2.42%
4/29/2004,35.47,35.92,36.17,35.14,157.05M,-1.55%
4/28/2004,36.03,36.54,36.55,35.85,111.78M,-1.83%
4/27/2004,36.7,36.78,37.02,36.52,87.67M,-0.19%
4/26/2004,36.77,37.01,37.12,36.48,74.55M,-0.73%
4/23/2004,37.04,36.91,37.09,36.73,92.04M,0.79%
4/22/2004,36.75,35.83,36.84,35.81,137.90M,2.60%
4/21/2004,35.82,35.73,35.94,35.28,119.22M,0.87%
4/20/2004,35.51,36.44,36.62,35.47,119.96M,-2.34%
4/19/2004,36.36,35.84,36.42,35.81,85.90M,1.22%
4/16/2004,35.92,36.03,36.15,35.62,110.83M,-0.17%
4/15/2004,35.98,36.58,36.69,35.85,123.83M,-1.80%
4/14/2004,36.64,36.24,36.78,36.19,113.80M,0.49%
4/13/2004,36.46,37.17,37.19,36.29,100.84M,-1.46%
4/12/2004,37.0,36.9,37.07,36.81,55.44M,0.63%
4/8/2004,36.77,37.18,37.22,36.57,77.26M,0.00%
4/7/2004,36.77,36.82,36.94,36.49,91.13M,-0.11%
4/6/2004,36.81,36.99,37.23,36.75,98.72M,-1.26%
4/5/2004,37.28,36.87,37.33,36.8,67.40M,0.95%
4/2/2004,36.93,36.72,36.99,36.35,146.02M,2.61%
4/1/2004,35.99,35.64,36.08,35.61,93.11M,0.90%
3/31/2004,35.67,35.75,35.83,35.44,86.07M,-0.20%
3/30/2004,35.74,35.5,35.78,35.35,95.90M,0.34%
3/29/2004,35.62,35.34,35.79,35.32,103.94M,1.60%
3/26/2004,35.06,35.14,35.42,35.04,78.45M,-0.34%
3/25/2004,35.18,34.49,35.29,34.46,142.16M,2.69%
3/24/2004,34.26,33.99,34.47,33.85,119.05M,1.15%
3/23/2004,33.87,34.43,34.49,33.85,126.12M,-0.82%
3/22/2004,34.15,34.37,34.39,33.87,134.59M,-1.27%
3/19/2004,34.59,35.12,35.29,34.56,100.17M,-1.68%
3/18/2004,35.18,35.21,35.29,34.81,111.36M,-0.42%
3/17/2004,35.33,35.05,35.45,35.02,91.96M,1.55%
3/16/2004,34.79,34.95,35.09,34.47,123.77M,0.17%
3/15/2004,34.73,35.2,35.24,34.65,115.90M,-1.73%
3/12/2004,35.34,35.04,35.42,34.99,118.42M,1.82%
3/11/2004,34.71,34.91,35.36,34.64,152.59M,-0.91%
3/10/2004,35.03,35.58,35.83,34.97,134.35M,-1.30%
3/9/2004,35.49,35.66,35.81,35.35,126.26M,-0.31%
3/8/2004,35.6,36.52,36.65,35.56,112.74M,-2.36%
3/5/2004,36.46,36.24,36.98,36.19,118.14M,-0.36%
3/4/2004,36.59,36.27,36.66,36.22,66.04M,0.94%
3/3/2004,36.25,36.34,36.46,36.04,84.05M,-0.55%
3/2/2004,36.45,36.81,37.01,36.44,91.63M,-1.17%
3/1/2004,36.88,36.51,36.9,36.3,79.79M,1.32%
2/27/2004,36.4,36.59,36.77,36.1,99.46M,-0.27%
2/26/2004,36.5,36.3,36.67,36.14,71.49M,0.25%
2/25/2004,36.41,36.26,36.5,36.16,74.56M,0.61%
2/24/2004,36.19,36.1,36.5,35.83,124.57M,-0.25%
2/23/2004,36.28,36.83,36.86,35.73,125.32M,-1.12%
2/20/2004,36.69,36.8,36.97,36.38,132.39M,-0.33%
2/19/2004,36.81,37.65,37.72,36.65,100.95M,-1.52%
2/18/2004,37.38,37.34,37.49,37.15,71.20M,0.30%
2/17/2004,37.27,37.11,37.44,37.05,69.82M,1.36%
2/13/2004,36.77,37.22,37.79,36.59,90.60M,-0.84%
2/12/2004,37.08,37.35,37.52,37.07,70.75M,-0.86%
2/11/2004,37.4,37.06,37.49,36.83,92.51M,1.05%
2/10/2004,37.01,36.88,37.24,36.86,65.10M,0.16%
2/9/2004,36.95,37.17,37.21,36.88,58.92M,-0.03%
2/6/2004,36.96,36.43,37.11,36.36,107.25M,1.82%
2/5/2004,36.3,36.34,36.54,36.16,96.97M,0.39%
2/4/2004,36.16,36.45,37.58,36.16,110.07M,-1.63%
2/3/2004,36.76,36.74,37.07,36.55,73.89M,-0.11%
2/2/2004,36.8,37.03,37.31,36.65,94.54M,-0.27%
1/30/2004,36.9,37.03,37.27,36.8,84.31M,-0.46%
1/29/2004,37.07,37.06,37.14,36.49,144.04M,0.38%
1/28/2004,36.93,37.76,37.88,36.83,128.17M,-1.68%
1/27/2004,37.56,38.33,38.45,37.51,97.37M,-2.21%
1/26/2004,38.41,37.8,38.47,37.66,84.70M,1.53%
1/23/2004,37.83,38.03,38.28,37.6,88.81M,-0.37%
1/22/2004,37.97,38.37,38.51,37.88,90.97M,-0.60%
1/21/2004,38.2,38.21,38.48,37.82,112.32M,-0.42%
1/20/2004,38.36,38.55,38.82,38.13,82.08M,-0.08%
1/16/2004,38.39,38.2,38.45,37.99,77.37M,1.03%
1/15/2004,38.0,37.75,38.28,37.45,104.60M,0.26%
1/14/2004,37.9,37.93,38.07,37.57,69.07M,0.34%
1/13/2004,37.77,38.09,38.18,37.42,93.06M,-1.00%
1/12/2004,38.15,37.67,38.17,37.5,77.72M,1.60%
1/9/2004,37.55,37.53,38.17,37.41,94.33M,-0.66%
1/8/2004,37.8,37.67,37.82,37.42,78.27M,0.80%
1/7/2004,37.5,37.11,37.5,36.9,71.90M,0.89%
1/6/2004,37.17,36.91,37.25,36.78,60.08M,0.68%
1/5/2004,36.92,36.41,36.98,36.39,69.76M,2.02%
1/2/2004,36.19,36.49,36.62,36.05,55.26M,-0.28%
12/31/2003,36.29,36.45,36.47,36.08,60.53M,-0.27%
12/30/2003,36.39,36.36,36.41,36.13,48.28M,0.33%
12/29/2003,36.27,35.86,36.36,35.85,63.37M,1.65%
12/26/2003,35.68,35.79,35.92,35.65,25.50M,-0.14%
12/24/2003,35.73,35.67,35.85,35.63,44.84M,0.17%
12/23/2003,35.67,35.43,35.85,35.36,67.06M,0.76%
12/22/2003,35.4,35.19,35.51,35.13,63.62M,0.31%
12/19/2003,35.29,35.44,35.48,35.04,89.77M,-0.28%
12/18/2003,35.39,34.79,35.47,34.79,90.03M,1.84%
12/17/2003,34.75,34.65,34.84,34.41,68.58M,0.17%
12/16/2003,34.69,34.63,34.86,34.26,89.90M,0.20%
12/15/2003,34.62,35.76,35.82,34.49,106.26M,-1.31%
12/12/2003,35.08,35.13,35.18,34.74,72.23M,-0.17%
12/11/2003,35.14,34.34,35.23,34.33,108.45M,2.15%
12/10/2003,34.4,34.37,34.54,33.97,103.57M,0.38%
12/9/2003,34.27,35.28,35.29,34.19,110.02M,-2.28%
12/8/2003,35.07,34.86,35.17,34.62,87.16M,0.54%
12/5/2003,34.88,35.11,35.33,34.8,87.64M,-1.64%
12/4/2003,35.46,35.22,35.54,34.92,102.49M,1.05%
12/3/2003,35.09,35.67,35.95,35.09,107.87M,-1.24%
12/2/2003,35.53,35.65,35.88,35.41,65.09M,-0.56%
12/1/2003,35.73,35.54,35.84,35.3,82.83M,1.45%
11/28/2003,35.22,35.1,35.33,35.04,24.81M,0.11%
11/26/2003,35.18,35.24,35.35,34.65,72.88M,0.46%
11/25/2003,35.02,35.13,35.28,34.93,72.58M,0.00%
11/24/2003,35.02,34.36,35.09,34.31,92.21M,2.79%
11/21/2003,34.07,33.92,34.11,33.57,81.83M,1.04%
11/20/2003,33.72,33.73,34.52,33.65,117.42M,-0.97%
11/19/2003,34.05,33.85,34.24,33.72,86.62M,0.98%
11/18/2003,33.72,34.71,34.81,33.66,108.77M,-2.32%
11/17/2003,34.52,34.68,34.75,34.1,108.53M,-1.03%
11/14/2003,34.88,35.64,35.85,34.79,91.06M,-2.02%
11/13/2003,35.6,35.54,35.73,35.38,64.34M,-0.11%
11/12/2003,35.64,35.01,35.8,34.98,81.20M,2.12%
11/11/2003,34.9,34.99,35.14,34.69,75.95M,-0.37%
11/10/2003,35.03,35.53,35.58,34.93,68.96M,-1.21%
11/7/2003,35.46,35.91,36.01,35.43,63.62M,-0.87%
11/6/2003,35.77,35.62,35.8,35.18,90.66M,0.28%
11/5/2003,35.67,35.35,35.72,34.99,68.54M,0.91%
11/4/2003,35.35,35.52,35.7,35.28,60.12M,-0.67%
11/3/2003,35.59,35.26,35.81,35.2,71.20M,1.63%
10/31/2003,35.02,35.27,35.32,34.9,55.50M,-0.60%
10/30/2003,35.23,35.64,35.83,34.98,95.16M,0.20%
10/29/2003,35.16,35.04,35.25,34.91,74.14M,-0.11%
10/28/2003,35.2,34.27,35.25,34.21,107.54M,3.38%
10/27/2003,34.05,34.12,34.29,33.88,63.49M,0.03%
10/24/2003,34.04,33.63,34.07,33.33,101.85M,0.09%
10/23/2003,34.01,33.99,34.35,33.89,99.46M,-1.16%
10/22/2003,34.41,34.73,34.77,34.28,88.87M,-1.94%
10/21/2003,35.09,34.98,35.28,34.78,75.05M,0.60%
10/20/2003,34.88,34.49,35.51,33.92,76.22M,1.25%
10/17/2003,34.45,35.25,35.32,34.44,98.04M,-2.38%
10/16/2003,35.29,34.94,35.36,34.84,74.13M,0.77%
10/15/2003,35.02,35.63,35.68,34.87,97.82M,-0.43%
10/14/2003,35.17,34.94,35.26,34.8,64.30M,0.26%
10/13/2003,35.08,34.98,35.21,34.76,61.00M,0.66%
10/10/2003,34.85,34.61,34.87,34.48,68.41M,0.93%
10/9/2003,34.53,34.75,35.11,34.27,118.30M,0.76%
10/8/2003,34.27,34.65,34.68,34.06,71.45M,-0.64%
10/7/2003,34.49,34.0,34.49,33.85,80.20M,0.61%
10/6/2003,34.28,34.12,34.29,33.9,49.28M,0.73%
10/3/2003,34.03,33.69,34.31,33.66,112.95M,2.78%
10/2/2003,33.11,32.95,33.27,32.78,83.95M,0.33%
10/1/2003,33.0,32.46,33.08,32.27,106.84M,2.26%
9/30/2003,32.27,32.77,32.81,32.21,119.20M,-2.18%
9/29/2003,32.99,32.61,33.02,32.3,97.13M,1.73%
9/26/2003,32.43,32.74,33.02,32.37,106.72M,-0.64%
9/25/2003,32.64,33.22,33.82,32.61,118.07M,-1.30%
9/24/2003,33.07,34.35,34.64,33.02,115.62M,-3.75%
9/23/2003,34.36,33.81,34.4,33.75,77.88M,1.78%
9/22/2003,33.76,33.97,34.04,33.61,97.50M,-1.92%
9/19/2003,34.42,34.63,34.7,34.2,69.84M,-0.58%
9/18/2003,34.62,34.01,34.7,33.84,91.66M,1.52%
9/17/2003,34.1,34.17,34.34,33.87,79.83M,-0.41%
9/16/2003,34.24,33.36,34.27,33.36,87.64M,2.73%
9/15/2003,33.33,33.68,33.75,33.29,54.64M,-0.98%
9/12/2003,33.66,33.18,33.68,32.9,105.04M,0.54%
9/11/2003,33.48,33.12,33.62,32.86,96.98M,1.09%
9/10/2003,33.12,33.59,33.73,32.96,111.72M,-2.39%
9/9/2003,33.93,34.17,34.23,33.76,88.04M,-1.19%
9/8/2003,34.34,33.84,34.37,33.79,69.38M,1.66%
9/5/2003,33.78,33.81,34.18,33.51,91.06M,-0.65%
9/4/2003,34.0,33.67,34.06,33.54,63.96M,0.92%
9/3/2003,33.69,33.94,34.04,33.49,85.27M,-0.06%
9/2/2003,33.71,33.33,33.73,32.98,80.53M,1.44%
8/29/2003,33.23,32.89,33.3,32.83,53.20M,0.88%
8/28/2003,32.94,32.79,32.97,32.37,55.37M,0.89%
8/27/2003,32.65,32.34,32.68,32.22,47.29M,0.80%
8/26/2003,32.39,32.13,32.44,31.66,79.93M,0.09%
8/25/2003,32.36,32.21,32.42,32.06,43.09M,0.22%
8/22/2003,32.29,33.11,33.21,32.18,93.04M,-0.62%
8/21/2003,32.49,32.44,32.67,32.12,77.28M,1.09%
8/20/2003,32.14,31.95,32.37,31.87,58.29M,-0.25%
8/19/2003,32.22,31.96,32.23,31.7,68.43M,1.26%
8/18/2003,31.82,31.16,31.86,30.91,67.54M,2.58%
8/15/2003,31.02,30.85,31.14,30.79,28.14M,0.85%
8/14/2003,30.76,30.74,31.04,30.53,51.23M,0.10%
8/13/2003,30.73,30.84,30.92,30.51,58.08M,0.03%
8/12/2003,30.72,30.37,30.76,30.18,59.79M,1.52%
8/11/2003,30.26,29.94,30.46,29.89,63.75M,1.10%
8/8/2003,29.93,30.29,30.41,29.79,66.71M,-0.80%
8/7/2003,30.17,30.08,30.37,29.88,67.37M,0.40%
8/6/2003,30.05,30.22,30.63,29.96,96.86M,-0.07%
8/5/2003,30.07,31.26,31.33,29.91,111.22M,-3.93%
8/4/2003,31.3,31.27,31.77,30.7,96.44M,-0.03%
8/1/2003,31.31,31.54,31.64,31.15,73.58M,-1.07%
7/31/2003,31.65,31.64,32.18,31.37,85.74M,1.22%
7/30/2003,31.27,31.56,31.59,31.18,56.66M,-0.73%
7/29/2003,31.5,31.78,31.87,31.08,80.63M,-0.76%
7/28/2003,31.74,31.71,31.84,31.45,56.22M,0.28%
7/25/2003,31.65,30.99,31.69,30.63,83.09M,2.00%
7/24/2003,31.03,31.7,31.87,30.94,83.64M,-1.34%
7/23/2003,31.45,31.24,31.49,30.85,69.22M,0.83%
7/22/2003,31.19,30.97,31.35,30.72,91.65M,1.46%
7/21/2003,30.74,31.09,31.15,30.47,112.04M,-1.25%
7/18/2003,31.13,31.25,31.81,30.78,80.60M,0.32%
7/17/2003,31.03,31.52,31.69,30.9,110.52M,-3.06%
7/16/2003,32.01,32.31,32.35,31.58,81.73M,-0.31%
7/15/2003,32.11,32.38,32.5,31.79,76.34M,0.12%
7/14/2003,32.07,32.19,32.6,31.92,84.58M,1.20%
7/11/2003,31.69,31.5,31.84,31.46,67.82M,0.76%
7/10/2003,31.45,31.7,31.84,31.18,103.23M,-1.87%
7/9/2003,32.05,32.03,32.34,31.78,89.87M,-0.25%
7/8/2003,32.13,31.63,32.16,31.47,82.34M,1.23%
7/7/2003,31.74,30.83,31.75,30.82,88.77M,4.27%
7/3/2003,30.44,30.56,30.96,30.33,50.05M,-1.26%
7/2/2003,30.83,30.27,30.85,30.24,82.02M,2.05%
7/1/2003,30.21,29.56,30.24,29.12,105.98M,1.34%
6/30/2003,29.81,30.02,30.2,29.66,72.10M,0.40%
6/27/2003,29.69,30.11,30.43,29.63,82.57M,-1.30%
6/26/2003,30.08,29.57,30.14,29.47,79.30M,2.38%
6/25/2003,29.38,29.53,30.04,29.33,94.37M,-0.54%
6/24/2003,29.54,29.59,29.99,29.39,83.06M,-0.77%
6/23/2003,29.77,30.19,30.23,29.42,86.65M,-1.55%
6/20/2003,30.24,30.55,30.64,30.11,71.59M,-0.13%
6/19/2003,30.28,30.84,31.09,30.24,79.57M,-1.62%
6/18/2003,30.78,30.52,31.08,30.31,80.26M,0.52%
6/17/2003,30.62,30.88,30.97,30.42,67.73M,-0.39%
6/16/2003,30.74,30.03,30.76,29.86,71.63M,3.09%
6/13/2003,29.82,30.51,30.59,29.72,83.40M,-2.26%
6/12/2003,30.51,30.5,30.61,30.12,79.62M,0.43%
6/11/2003,30.38,29.93,30.5,29.66,87.43M,1.13%
6/10/2003,30.04,29.72,30.06,29.54,69.96M,1.52%
6/9/2003,29.59,29.86,30.08,29.39,94.99M,-1.33%
6/6/2003,29.99,31.02,31.32,29.88,157.20M,-0.96%
6/5/2003,30.28,29.99,30.54,29.83,89.55M,0.00%
6/4/2003,30.28,29.67,30.44,29.58,87.15M,1.88%
6/3/2003,29.72,29.3,29.74,28.53,82.25M,0.95%
6/2/2003,29.44,29.94,30.06,29.17,103.12M,-0.71%
5/30/2003,29.65,29.39,29.73,29.31,78.19M,1.65%
5/29/2003,29.17,29.09,29.66,29.02,97.64M,0.41%
5/28/2003,29.05,29.02,29.26,28.83,76.42M,0.31%
5/27/2003,28.96,27.8,29.08,27.77,101.60M,3.54%
5/23/2003,27.97,27.91,28.12,27.82,37.94M,0.04%
5/22/2003,27.96,27.63,28.19,27.49,62.49M,1.45%
5/21/2003,27.56,27.52,27.62,27.31,64.16M,-0.29%
5/20/2003,27.64,27.63,27.83,27.28,72.05M,0.29%
5/19/2003,27.56,28.39,28.55,27.48,91.82M,-3.54%
5/16/2003,28.57,28.6,28.81,28.35,70.66M,-0.76%
5/15/2003,28.79,28.62,28.85,28.43,62.52M,1.12%
5/14/2003,28.47,28.74,28.84,28.23,62.27M,-0.21%
5/13/2003,28.53,28.5,28.85,28.41,65.21M,-0.63%
5/12/2003,28.71,28.23,28.83,28.04,67.63M,1.52%
5/9/2003,28.28,27.91,28.35,27.86,58.60M,2.32%
5/8/2003,27.64,27.73,28.06,27.63,80.37M,-1.85%
5/7/2003,28.16,28.28,28.56,27.99,70.39M,-1.12%
5/6/2003,28.48,28.09,28.77,28.08,77.65M,1.28%
5/5/2003,28.12,28.19,28.58,28.04,80.69M,-0.11%
5/2/2003,28.15,27.48,28.16,27.44,85.08M,2.14%
5/1/2003,27.56,27.31,27.74,27.06,66.08M,0.88%
4/30/2003,27.32,27.52,27.66,27.3,60.47M,-1.01%
4/29/2003,27.6,27.51,27.93,27.28,80.39M,0.91%
4/28/2003,27.35,26.92,27.5,26.82,59.71M,1.98%
4/25/2003,26.82,27.19,27.29,26.73,63.36M,-1.94%
4/24/2003,27.35,27.23,27.62,27.14,72.61M,-0.55%
4/23/2003,27.5,27.37,27.62,27.13,70.60M,0.73%
4/22/2003,27.3,26.61,27.33,26.53,70.94M,1.90%
4/21/2003,26.79,26.82,26.98,26.5,52.76M,0.34%
4/17/2003,26.7,26.04,26.85,26.03,70.33M,2.30%
4/16/2003,26.1,26.53,26.71,26.0,70.76M,-0.23%
4/15/2003,26.16,25.85,26.34,25.73,64.70M,0.96%
4/14/2003,25.91,25.48,26.02,25.37,53.44M,2.05%
4/11/2003,25.39,25.9,26.05,25.24,68.01M,-1.01%
4/10/2003,25.65,25.34,25.65,25.18,57.50M,1.22%
4/9/2003,25.34,25.98,26.5,25.29,76.58M,-2.31%
4/8/2003,25.94,26.03,26.17,25.76,54.29M,-0.12%
4/7/2003,25.97,26.98,27.07,25.95,83.96M,0.15%
4/4/2003,25.93,26.45,26.48,25.85,65.77M,-1.63%
4/3/2003,26.36,26.52,26.72,26.19,71.17M,0.46%
4/2/2003,26.24,25.94,26.44,25.91,76.05M,3.59%
4/1/2003,25.33,25.32,25.55,25.13,73.63M,0.80%
3/31/2003,25.13,25.48,25.61,25.09,89.43M,-3.20%
3/28/2003,25.96,26.02,26.31,25.83,45.42M,-1.10%
3/27/2003,26.25,26.15,26.53,25.98,64.21M,-0.72%
3/26/2003,26.44,26.38,26.65,26.24,68.04M,0.57%
3/25/2003,26.29,26.04,26.64,25.89,78.82M,1.43%
3/24/2003,25.92,26.35,26.48,25.85,85.35M,-4.14%
3/21/2003,27.04,27.08,27.25,26.08,93.42M,1.35%
3/20/2003,26.68,26.42,27.01,26.05,93.14M,0.38%
3/19/2003,26.58,26.72,26.85,26.21,91.46M,-0.82%
3/18/2003,26.8,26.68,26.84,26.3,97.22M,1.21%
3/17/2003,26.48,25.31,26.68,25.23,141.23M,3.44%
3/14/2003,25.6,25.61,25.86,25.24,89.84M,0.39%
3/13/2003,25.5,24.53,25.53,24.29,128.61M,5.72%
3/12/2003,24.12,23.65,24.13,23.43,78.04M,1.82%
3/11/2003,23.69,23.95,24.13,23.67,54.97M,-0.88%
3/10/2003,23.9,24.22,24.34,23.8,56.00M,-2.17%
3/7/2003,24.43,23.97,24.83,23.85,73.34M,0.21%
3/6/2003,24.38,24.32,24.57,24.12,59.67M,-0.25%
3/5/2003,24.44,24.29,24.66,24.21,69.23M,0.21%
3/4/2003,24.39,24.55,24.65,24.31,56.12M,-0.61%
3/3/2003,24.54,25.15,25.36,24.45,60.46M,-2.00%
2/28/2003,25.04,24.69,25.1,24.6,50.61M,1.58%
2/27/2003,24.65,24.31,24.8,24.16,66.53M,2.24%
2/26/2003,24.11,24.57,24.82,24.09,60.17M,-2.19%
2/25/2003,24.65,24.34,24.83,23.97,74.66M,0.12%
2/24/2003,24.62,25.01,25.09,24.59,56.73M,-1.72%
2/21/2003,25.05,24.81,25.25,24.4,70.36M,0.76%
2/20/2003,24.86,25.03,25.15,24.72,59.96M,-0.40%
2/19/2003,24.96,25.08,25.12,24.59,45.63M,-0.68%
2/18/2003,25.13,24.58,25.22,24.57,74.05M,3.08%
2/14/2003,24.38,23.72,24.39,23.51,67.59M,2.31%
2/13/2003,23.83,23.74,23.87,23.21,77.80M,0.51%
2/12/2003,23.71,23.96,24.22,23.67,51.83M,-1.37%
2/11/2003,24.04,24.14,24.5,23.81,78.06M,0.54%
2/10/2003,23.91,23.79,24.14,23.51,67.65M,0.89%
2/7/2003,23.7,24.25,24.34,23.54,72.35M,-1.66%
2/6/2003,24.1,23.93,24.24,23.75,103.61M,0.54%
2/5/2003,23.97,24.22,24.74,23.9,80.19M,-0.46%
2/4/2003,24.08,24.07,24.19,23.71,69.62M,-1.23%
2/3/2003,24.38,24.41,24.68,24.27,53.20M,0.21%
1/31/2003,24.33,23.95,24.64,23.9,90.56M,-0.41%
1/30/2003,24.43,25.2,25.3,24.38,70.52M,-2.40%
1/29/2003,25.03,24.64,25.33,24.23,95.82M,1.50%
1/28/2003,24.66,24.65,24.93,24.31,65.32M,0.98%
1/27/2003,24.42,24.34,24.91,24.26,76.61M,-1.13%
1/24/2003,24.7,25.41,25.41,24.53,74.60M,-2.72%
1/23/2003,25.39,25.28,25.72,24.99,78.68M,2.34%
1/22/2003,24.81,24.85,25.41,24.75,81.02M,-0.40%
1/21/2003,24.91,25.29,25.43,24.9,68.05M,-1.11%
1/17/2003,25.19,25.78,25.82,25.15,77.46M,-4.29%
1/16/2003,26.32,26.67,26.85,26.13,69.78M,-1.13%
1/15/2003,26.62,27.11,27.23,26.46,55.47M,-1.22%
1/14/2003,26.95,26.78,27.19,26.72,47.30M,0.52%
1/13/2003,26.81,27.2,27.34,26.61,72.96M,-0.59%
1/10/2003,26.97,26.23,27.13,26.1,82.65M,1.47%
1/9/2003,26.58,26.12,26.85,26.1,75.45M,3.10%
1/8/2003,25.78,26.27,26.37,25.72,75.10M,-2.83%
1/7/2003,26.53,26.29,26.8,26.13,88.79M,1.26%
1/6/2003,26.2,25.59,26.47,25.08,67.43M,2.50%
1/3/2003,25.56,25.34,25.59,25.16,39.11M,1.11%
1/2/2003,25.28,24.6,25.43,24.34,66.32M,4.20%
12/31/2002,24.26,24.43,24.59,24.17,46.03M,-1.06%
12/30/2002,24.52,24.72,24.85,24.25,57.47M,-0.73%
12/27/2002,24.7,25.06,25.73,24.63,42.56M,-1.83%
12/26/2002,25.16,25.41,25.79,25.05,33.82M,-0.28%
12/24/2002,25.23,25.38,25.61,25.2,16.77M,-1.25%
12/23/2002,25.55,25.06,25.64,25.01,46.01M,1.39%
12/20/2002,25.2,25.21,25.33,24.95,65.61M,1.04%
12/19/2002,24.94,25.05,25.66,24.69,96.19M,-1.27%
12/18/2002,25.26,25.43,25.48,24.93,67.60M,-2.13%
12/17/2002,25.81,25.69,26.08,25.54,63.04M,0.31%
12/16/2002,25.73,25.1,25.84,24.95,60.40M,3.25%
12/13/2002,24.92,25.4,25.45,24.89,72.72M,-3.19%
12/12/2002,25.74,25.88,26.57,25.44,62.40M,0.55%
12/11/2002,25.6,25.32,25.95,25.2,64.29M,0.47%
12/10/2002,25.48,25.3,25.83,25.23,69.68M,1.51%
12/9/2002,25.1,26.1,26.43,25.08,76.22M,-4.74%
12/6/2002,26.35,25.69,26.6,25.62,81.77M,1.04%
12/5/2002,26.08,26.82,26.87,26.01,85.41M,-1.40%
12/4/2002,26.45,26.44,26.82,26.09,130.49M,-2.18%
12/3/2002,27.04,27.42,27.45,26.8,76.72M,-2.98%
12/2/2002,27.87,28.29,28.66,27.44,86.01M,1.01%
11/29/2002,27.59,28.08,28.16,27.09,34.65M,-0.68%
11/27/2002,27.78,27.4,28.07,27.36,73.70M,3.19%
11/26/2002,26.92,27.65,27.8,26.77,80.06M,-3.37%
11/25/2002,27.86,27.63,28.07,27.41,72.73M,0.98%
11/22/2002,27.59,27.24,27.81,27.19,73.83M,-0.04%
11/21/2002,27.6,26.8,27.71,26.63,105.62M,3.68%
11/20/2002,26.62,25.44,26.63,25.42,75.65M,4.27%
11/19/2002,25.53,25.68,25.93,25.18,88.22M,-1.54%
11/18/2002,25.93,26.59,26.65,25.87,76.94M,-1.48%
11/15/2002,26.32,25.78,26.33,25.63,69.33M,1.31%
11/14/2002,25.98,25.46,26.3,25.4,86.67M,3.46%
11/13/2002,25.11,24.58,25.33,24.38,119.40M,1.21%
11/12/2002,24.81,24.29,25.28,24.29,88.96M,2.52%
11/11/2002,24.2,24.83,24.9,24.04,74.66M,-3.01%
11/8/2002,24.95,25.37,25.75,24.84,77.03M,-1.85%
11/7/2002,25.42,25.87,25.98,25.19,82.77M,-3.53%
11/6/2002,26.35,26.17,26.49,25.52,116.87M,1.42%
11/5/2002,25.98,25.59,26.05,25.44,79.63M,0.78%
11/4/2002,25.78,25.93,26.7,25.68,110.58M,2.59%
11/1/2002,25.13,24.26,25.28,24.03,86.70M,2.82%
10/31/2002,24.44,24.55,24.92,24.25,81.53M,-0.04%
10/30/2002,24.45,23.96,24.67,23.74,103.55M,2.69%
10/29/2002,23.81,24.2,24.36,23.26,90.39M,-2.34%
10/28/2002,24.38,24.88,24.92,24.06,90.30M,-0.53%
10/25/2002,24.51,23.88,24.64,23.88,71.81M,2.68%
10/24/2002,23.87,24.57,24.74,23.81,89.21M,-2.53%
10/23/2002,24.49,23.74,24.52,23.56,88.34M,1.91%
10/22/2002,24.03,23.63,24.23,23.54,90.34M,-0.62%
10/21/2002,24.18,23.41,24.34,23.19,85.77M,2.03%
10/18/2002,23.7,23.17,23.74,22.82,85.25M,1.11%
10/17/2002,23.44,23.49,23.7,22.47,96.26M,3.40%
10/16/2002,22.67,22.61,23.05,21.97,97.78M,-3.33%
10/15/2002,23.45,23.33,23.52,23.07,118.20M,4.78%
10/14/2002,22.38,21.77,22.4,21.68,78.96M,1.18%
10/11/2002,22.12,21.45,22.28,21.32,124.83M,5.43%
10/10/2002,20.98,20.01,21.11,19.82,109.61M,5.06%
10/9/2002,19.97,19.85,20.43,19.75,103.35M,-0.50%
10/8/2002,20.07,20.19,20.51,19.67,94.12M,0.00%
10/7/2002,20.07,20.17,20.49,19.76,79.90M,-0.94%
10/4/2002,20.26,20.84,20.92,20.02,81.89M,-1.84%
10/3/2002,20.64,20.96,21.3,20.58,74.41M,-2.41%
10/2/2002,21.15,21.41,21.87,20.87,94.90M,-3.34%
10/1/2002,21.88,20.81,21.89,20.37,102.14M,6.11%
9/30/2002,20.62,20.97,21.14,20.39,91.58M,-2.78%
9/27/2002,21.21,21.45,22.11,21.21,92.28M,-1.35%
9/26/2002,21.5,22.06,22.23,21.27,104.46M,-1.24%
9/25/2002,21.77,21.25,21.94,21.0,98.11M,4.01%
9/24/2002,20.93,20.59,21.35,20.55,91.56M,0.05%
9/23/2002,20.92,21.35,21.42,20.71,72.78M,-3.01%
9/20/2002,21.57,21.73,21.8,21.38,78.20M,0.42%
9/19/2002,21.48,21.6,22.03,21.45,86.32M,-1.60%
9/18/2002,21.83,21.91,22.44,21.68,92.41M,-1.13%
9/17/2002,22.08,22.94,23.1,22.08,89.21M,-2.08%
9/16/2002,22.55,22.75,22.9,22.27,58.90M,-1.44%
9/13/2002,22.88,22.49,22.97,22.42,79.72M,0.79%
9/12/2002,22.7,23.13,23.16,22.6,70.80M,-2.74%
9/11/2002,23.34,24.01,24.24,23.31,73.92M,-0.85%
9/10/2002,23.54,23.12,23.56,22.92,74.69M,2.48%
9/9/2002,22.97,22.57,23.26,22.29,72.72M,1.01%
9/6/2002,22.74,22.55,23.11,22.49,86.03M,3.04%
9/5/2002,22.07,22.3,22.4,21.83,92.66M,-2.43%
9/4/2002,22.62,22.4,22.91,22.14,82.73M,0.40%
9/3/2002,22.53,22.95,23.32,22.24,81.89M,-3.64%
8/30/2002,23.38,23.51,23.9,23.27,59.51M,-1.27%
8/29/2002,23.68,23.09,24.11,22.91,97.08M,1.33%
8/28/2002,23.37,23.91,23.98,23.28,115.76M,-3.67%
8/27/2002,24.26,25.31,25.4,24.04,92.36M,-3.46%
8/26/2002,25.13,25.18,25.27,24.5,83.35M,0.40%
8/23/2002,25.03,25.68,25.69,24.83,75.25M,-3.88%
8/22/2002,26.04,25.63,26.09,25.3,80.39M,1.60%
8/21/2002,25.63,25.28,25.73,24.88,101.40M,2.23%
8/20/2002,25.07,25.07,25.31,24.73,89.99M,-0.44%
8/19/2002,25.18,24.65,25.47,24.57,76.04M,2.44%
8/16/2002,24.58,24.02,24.88,23.62,95.86M,0.66%
8/15/2002,24.42,24.13,24.44,23.61,120.31M,2.05%
8/14/2002,23.93,22.56,24.09,22.37,102.71M,6.40%
8/13/2002,22.49,23.12,23.76,22.44,88.36M,-3.43%
8/12/2002,23.29,22.94,23.37,22.79,62.92M,0.30%
8/9/2002,23.22,23.1,23.61,22.77,93.58M,-1.02%
8/8/2002,23.46,22.65,23.49,22.2,111.70M,3.39%
8/7/2002,22.69,23.09,23.26,21.86,126.23M,1.29%
8/6/2002,22.4,21.7,22.9,21.69,115.36M,4.97%
8/5/2002,21.34,22.01,22.22,21.2,84.93M,-3.66%
8/2/2002,22.15,22.67,22.73,21.72,86.75M,-2.08%
8/1/2002,22.62,23.63,23.79,22.55,85.21M,-4.72%
7/31/2002,23.74,23.89,24.08,23.25,93.88M,-1.90%
7/30/2002,24.2,23.62,24.57,23.48,117.40M,2.02%
7/29/2002,23.72,23.17,24.01,22.97,96.76M,5.14%
7/26/2002,22.56,22.46,22.74,21.91,96.05M,1.85%
7/25/2002,22.15,23.15,23.29,21.7,153.93M,-5.78%
7/24/2002,23.51,21.71,23.55,21.54,186.59M,5.43%
7/23/2002,22.3,23.34,23.64,22.18,150.85M,-4.25%
7/22/2002,23.29,23.74,24.39,22.98,150.03M,-2.47%
7/19/2002,23.88,24.22,24.59,23.69,124.80M,-2.97%
7/18/2002,24.61,25.27,25.45,24.41,114.05M,-3.60%
7/17/2002,25.53,25.96,26.32,24.77,158.23M,1.83%
7/16/2002,25.07,25.13,25.91,24.78,148.28M,-1.49%
7/15/2002,25.45,24.57,25.52,23.64,140.57M,3.12%
7/12/2002,24.68,25.13,25.41,24.44,130.03M,0.00%
7/11/2002,24.68,23.66,24.77,23.42,170.29M,3.74%
7/10/2002,23.79,24.88,24.91,23.72,115.37M,-3.10%
7/9/2002,24.55,25.13,25.36,24.48,91.10M,-2.81%
7/8/2002,25.26,26.08,26.43,24.96,97.37M,-3.66%
7/5/2002,26.22,25.15,26.27,24.93,56.77M,6.46%
7/3/2002,24.63,23.74,24.63,22.62,101.09M,3.31%
7/2/2002,23.84,24.49,24.63,22.98,111.63M,-3.60%
7/1/2002,24.73,25.86,26.02,24.66,64.80M,-4.81%
6/28/2002,25.98,25.93,26.63,25.73,87.87M,-0.42%
6/27/2002,26.09,25.88,26.13,24.9,121.39M,3.00%
6/26/2002,25.33,24.32,25.66,24.28,149.08M,-0.04%
6/25/2002,25.34,26.46,26.6,25.18,137.01M,-3.32%
6/24/2002,26.21,25.34,26.68,25.09,139.73M,1.98%
6/21/2002,25.7,26.24,26.66,25.53,101.84M,-2.43%
6/20/2002,26.34,27.14,27.32,25.55,99.93M,-3.20%
6/19/2002,27.21,27.97,28.19,27.12,93.53M,-5.78%
6/18/2002,28.88,28.19,29.01,28.15,100.63M,1.58%
6/17/2002,28.43,27.87,28.62,27.78,87.65M,3.42%
6/14/2002,27.49,26.74,27.59,26.08,122.11M,-0.22%
6/13/2002,27.55,27.64,28.08,27.23,97.62M,-0.65%
6/12/2002,27.73,27.12,27.83,26.71,153.04M,1.46%
6/11/2002,27.33,28.47,28.56,27.24,84.62M,-2.81%
6/10/2002,28.12,28.23,28.62,28.01,73.15M,-0.18%
6/7/2002,28.17,27.5,28.66,27.39,106.06M,-2.02%
6/6/2002,28.75,29.37,29.38,27.77,93.74M,-2.61%
6/5/2002,29.52,29.28,29.66,28.84,95.37M,1.03%
6/4/2002,29.22,28.62,29.54,28.48,98.41M,1.28%
6/3/2002,28.85,29.87,30.11,28.66,77.08M,-3.51%
5/31/2002,29.9,30.62,30.9,29.86,79.91M,-1.64%
5/30/2002,30.4,29.87,30.58,29.76,92.10M,0.86%
5/29/2002,30.14,30.52,30.76,30.1,73.48M,-2.65%
5/28/2002,30.96,31.32,31.38,30.35,68.85M,-0.42%
5/24/2002,31.09,31.44,31.55,30.87,55.90M,-2.48%
5/23/2002,31.88,31.48,31.95,30.66,94.46M,2.02%
5/22/2002,31.25,30.85,31.44,30.27,89.55M,0.22%
5/21/2002,31.18,32.22,32.44,30.86,104.18M,-2.74%
5/20/2002,32.06,32.45,32.55,31.79,78.17M,-2.20%
5/17/2002,32.78,33.13,33.26,32.32,82.73M,0.21%
5/16/2002,32.71,32.39,32.9,32.07,89.98M,0.15%
5/15/2002,32.66,31.93,33.47,31.7,204.69M,0.74%
5/14/2002,32.42,31.91,32.5,31.72,107.86M,5.88%
5/13/2002,30.62,29.73,30.84,29.54,93.98M,4.08%
5/10/2002,29.42,30.87,30.95,29.36,112.39M,-4.51%
5/9/2002,30.81,31.43,31.74,30.66,106.54M,-2.56%
5/8/2002,31.62,29.99,31.73,29.86,129.95M,10.68%
5/7/2002,28.57,29.13,29.21,28.29,102.25M,-0.94%
5/6/2002,28.84,29.5,29.84,28.72,96.53M,-2.57%
5/3/2002,29.6,30.33,30.37,29.35,92.14M,-2.54%
5/2/2002,30.37,31.25,31.84,30.32,85.87M,-3.31%
5/1/2002,31.41,31.52,31.69,30.44,109.98M,-0.54%
4/30/2002,31.58,30.89,32.05,30.8,95.43M,1.94%
4/29/2002,30.98,31.1,31.4,30.43,85.34M,0.26%
4/26/2002,30.9,32.51,33.84,30.87,100.21M,-4.25%
4/25/2002,32.27,32.16,32.58,31.85,103.10M,-0.25%
4/24/2002,32.35,33.06,33.15,32.05,69.01M,-1.55%
4/23/2002,32.86,33.44,33.62,32.55,73.14M,-1.71%
4/22/2002,33.43,33.85,33.86,33.1,64.65M,-2.54%
4/19/2002,34.3,34.89,34.9,34.22,62.44M,0.32%
4/18/2002,34.19,34.62,34.99,33.84,91.27M,-1.92%
4/17/2002,34.86,35.24,35.33,34.29,69.14M,-0.51%
4/16/2002,35.04,34.27,35.06,34.26,72.18M,4.19%
4/15/2002,33.63,33.65,33.8,33.05,69.34M,0.81%
4/12/2002,33.36,33.17,33.64,32.8,78.36M,1.55%
4/11/2002,32.85,33.5,33.69,32.74,90.71M,-2.46%
4/10/2002,33.68,33.6,34.09,32.98,85.77M,0.75%
4/9/2002,33.43,34.62,34.82,33.34,80.94M,-3.49%
4/8/2002,34.64,33.32,34.64,33.27,74.99M,1.26%
4/5/2002,34.21,34.85,35.01,34.02,68.44M,-1.13%
4/4/2002,34.6,34.35,35.0,34.12,90.54M,-0.77%
4/3/2002,34.87,35.14,35.28,34.14,85.80M,-0.17%
4/2/2002,34.93,35.82,35.98,34.84,77.80M,-4.51%
4/1/2002,36.58,35.63,36.73,35.14,70.74M,1.92%
3/28/2002,35.89,35.85,36.2,35.73,59.58M,1.27%
3/27/2002,35.44,35.47,35.83,35.24,64.55M,-0.78%
3/26/2002,35.72,35.26,36.25,35.24,92.47M,0.93%
3/25/2002,35.39,36.52,36.73,35.35,87.44M,-3.07%
3/22/2002,36.51,36.77,36.97,36.3,58.93M,-0.92%
3/21/2002,36.85,35.98,36.97,35.73,92.33M,2.67%
3/20/2002,35.89,36.71,36.91,35.87,61.84M,-3.55%
3/19/2002,37.21,37.43,37.7,37.05,58.96M,-0.16%
3/18/2002,37.27,37.46,37.76,36.88,78.96M,0.57%
3/15/2002,37.06,36.73,37.16,36.43,63.98M,1.01%
3/14/2002,36.69,36.9,37.23,36.55,70.75M,-0.60%
3/13/2002,36.91,37.24,37.48,35.83,71.41M,-2.41%
3/12/2002,37.82,37.4,37.82,37.15,82.68M,-1.38%
3/11/2002,38.35,38.17,39.01,37.88,71.08M,-0.36%
3/8/2002,38.49,38.05,38.85,37.95,84.45M,2.64%
3/7/2002,37.5,37.94,38.15,36.84,85.51M,0.21%
3/6/2002,37.42,36.91,37.77,36.43,86.85M,0.46%
3/5/2002,37.25,36.77,37.69,36.64,91.46M,0.73%
3/4/2002,36.98,35.54,37.06,35.24,105.73M,3.96%
3/1/2002,35.57,33.99,35.58,33.93,86.08M,5.80%
2/28/2002,33.62,34.35,34.81,33.59,95.71M,-1.81%
2/27/2002,34.24,35.23,35.34,33.9,95.16M,-1.38%
2/26/2002,34.72,35.07,35.26,34.21,94.68M,-0.37%
2/25/2002,34.85,33.85,35.09,33.8,89.00M,4.06%
2/22/2002,33.49,33.46,34.04,32.94,99.82M,0.51%
2/21/2002,33.32,34.63,34.79,33.32,109.31M,-4.77%
2/20/2002,34.99,34.75,35.01,33.77,106.55M,1.36%
2/19/2002,34.52,35.21,35.29,33.84,72.44M,-3.06%
2/15/2002,35.61,36.67,36.74,35.47,79.83M,-3.00%
2/14/2002,36.71,36.98,37.4,35.83,77.51M,-0.19%
2/13/2002,36.78,36.55,36.98,36.44,60.98M,1.71%
2/12/2002,36.16,36.14,36.81,35.87,51.48M,-0.82%
2/11/2002,36.46,35.97,38.99,35.81,57.64M,1.28%
2/8/2002,36.0,35.29,36.07,34.81,80.48M,2.77%
2/7/2002,35.03,35.83,36.38,34.84,97.73M,-2.40%
2/6/2002,35.89,36.67,36.72,35.53,98.68M,-0.69%
2/5/2002,36.14,36.42,37.16,36.02,86.85M,-1.66%
2/4/2002,36.75,37.78,37.89,36.44,82.76M,-3.19%
2/1/2002,37.96,38.22,38.7,37.52,61.21M,-0.97%
1/31/2002,38.33,38.4,38.57,37.84,69.66M,0.63%
1/30/2002,38.09,37.82,38.67,36.68,101.39M,0.77%
1/29/2002,37.8,38.95,39.22,37.34,83.34M,-2.75%
1/28/2002,38.87,38.97,39.2,38.25,47.80M,0.57%
1/25/2002,38.65,38.29,38.97,38.18,58.83M,-0.28%
1/24/2002,38.76,38.76,39.33,38.17,77.25M,1.33%
1/23/2002,38.25,37.47,38.51,37.18,74.97M,2.74%
1/22/2002,37.23,38.82,38.84,37.16,81.77M,-3.07%
1/18/2002,38.41,38.65,39.27,38.04,81.99M,-2.69%
1/17/2002,39.47,39.3,39.79,38.83,75.29M,2.25%
1/16/2002,38.6,39.35,39.75,38.59,90.94M,-3.86%
1/15/2002,40.15,39.85,40.56,39.38,66.92M,0.96%
1/14/2002,39.77,40.3,40.49,39.52,71.31M,-2.19%
1/11/2002,40.66,41.16,41.41,40.28,60.83M,-1.29%
1/10/2002,41.19,40.98,41.35,40.49,75.55M,0.66%
1/9/2002,40.92,41.84,42.4,40.71,85.12M,-0.92%
1/8/2002,41.3,40.92,41.58,40.65,66.96M,0.68%
1/7/2002,41.02,41.92,42.02,39.92,75.17M,-1.11%
1/4/2002,41.48,41.75,42.09,40.74,86.88M,0.41%
1/3/2002,41.31,40.12,41.36,40.07,85.77M,3.48%
1/2/2002,39.92,39.39,39.96,38.75,61.71M,3.07%
12/31/2001,38.73,40.12,40.26,38.73,46.18M,-3.51%
12/28/2001,40.14,40.1,40.61,40.04,38.25M,0.80%
12/27/2001,39.82,39.66,40.01,39.42,34.26M,0.78%
12/26/2001,39.51,39.19,40.11,38.98,37.69M,0.95%
12/24/2001,39.14,39.36,39.45,38.97,13.66M,-0.41%
12/21/2001,39.3,39.24,39.53,38.97,56.21M,1.79%
12/20/2001,38.61,39.91,40.11,38.5,83.05M,-4.24%
12/19/2001,40.32,40.37,41.13,40.13,79.60M,-1.83%
12/18/2001,41.07,40.97,41.31,39.97,50.85M,1.13%
12/17/2001,40.61,39.83,41.05,39.83,62.45M,1.73%
12/14/2001,39.92,39.69,40.27,39.39,70.01M,0.88%
12/13/2001,39.57,40.52,40.81,39.57,79.59M,-4.35%
12/12/2001,41.37,41.31,41.74,40.41,76.09M,0.80%
12/11/2001,41.04,41.27,42.06,40.94,66.06M,0.56%
12/10/2001,40.81,41.13,42.03,40.69,69.09M,-1.76%
12/7/2001,41.54,42.29,42.4,40.95,81.63M,-2.74%
12/6/2001,42.71,42.51,43.04,42.16,77.70M,0.14%
12/5/2001,42.65,41.02,42.95,40.93,115.77M,4.95%
12/4/2001,40.64,39.16,40.65,38.26,79.41M,4.77%
12/3/2001,38.79,39.11,39.42,38.69,60.45M,-1.72%
11/30/2001,39.47,39.54,39.85,39.18,66.02M,-0.73%
11/29/2001,39.76,38.85,39.81,38.61,83.82M,3.09%
11/28/2001,38.57,39.54,40.18,38.51,101.57M,-3.60%
11/27/2001,40.01,39.86,40.78,39.02,100.29M,-0.12%
11/26/2001,40.06,39.4,40.17,38.83,75.27M,2.46%
11/23/2001,39.1,38.58,39.25,38.39,27.05M,1.66%
11/21/2001,38.46,38.29,38.77,37.8,60.87M,0.05%
11/20/2001,38.44,39.89,40.04,38.3,85.22M,-4.62%
11/19/2001,40.3,39.6,40.3,39.31,69.20M,2.83%
11/16/2001,39.19,39.3,39.5,38.74,64.04M,-0.28%
11/15/2001,39.3,38.98,39.92,38.77,86.35M,-0.41%
11/14/2001,39.46,39.77,40.05,38.56,88.66M,0.71%
11/13/2001,39.18,38.85,39.32,38.45,97.93M,3.60%
11/12/2001,37.82,36.83,38.17,36.13,112.99M,0.72%
11/9/2001,37.55,37.42,37.9,36.95,74.12M,-0.05%
11/8/2001,37.57,38.37,39.22,37.08,105.92M,-1.03%
11/7/2001,37.96,37.43,38.66,37.33,92.14M,-0.13%
11/6/2001,38.01,36.44,38.02,36.22,107.00M,3.88%
11/5/2001,36.59,36.09,36.99,35.99,64.43M,3.27%
11/2/2001,35.43,35.11,35.68,34.73,64.92M,0.71%
11/1/2001,35.18,34.28,35.4,33.62,92.72M,4.27%
10/31/2001,33.74,33.88,34.8,33.52,106.18M,1.57%
10/30/2001,33.22,33.55,33.93,32.69,96.09M,-1.95%
10/29/2001,33.88,35.83,35.99,33.88,92.15M,-5.47%
10/26/2001,35.84,36.33,36.89,35.84,93.82M,-2.16%
10/25/2001,36.63,34.54,36.65,34.07,118.55M,4.00%
10/24/2001,35.22,34.44,35.51,34.16,90.06M,2.18%
10/23/2001,34.47,34.66,35.24,33.84,103.63M,0.52%
10/22/2001,34.29,33.28,34.34,33.07,74.08M,2.70%
10/19/2001,33.39,32.72,33.59,31.85,73.43M,0.66%
10/18/2001,33.17,32.55,33.38,32.25,94.45M,2.69%
10/17/2001,32.3,35.7,35.83,32.15,141.53M,-7.18%
10/16/2001,34.8,34.51,34.94,33.91,81.35M,1.64%
10/15/2001,34.24,33.96,34.39,33.5,78.32M,-0.44%
10/12/2001,34.39,34.17,34.64,32.99,111.90M,-0.43%
10/11/2001,34.54,33.04,35.09,32.99,117.27M,6.77%
10/10/2001,32.35,30.73,32.39,30.61,73.84M,4.52%
10/9/2001,30.95,31.71,31.87,30.73,57.46M,-2.40%
10/8/2001,31.71,30.99,32.2,30.82,67.79M,0.32%
10/5/2001,31.61,30.86,31.75,30.12,96.56M,1.48%
10/4/2001,31.15,31.5,33.05,30.8,127.40M,0.94%
10/3/2001,30.86,28.3,31.46,28.2,136.22M,7.56%
10/2/2001,28.69,28.52,29.27,28.27,74.18M,0.31%
10/1/2001,28.6,28.72,28.85,27.72,53.46M,-0.87%
9/28/2001,28.85,28.71,29.78,28.18,84.81M,1.76%
9/27/2001,28.35,28.27,28.66,27.29,70.05M,-0.67%
9/26/2001,28.54,29.81,29.86,28.28,59.26M,-3.45%
9/25/2001,29.56,29.57,30.29,28.82,83.80M,0.31%
9/24/2001,29.47,28.94,29.86,28.46,85.69M,5.02%
9/21/2001,28.06,27.28,28.84,27.07,112.12M,-2.70%
9/20/2001,28.84,29.16,29.95,28.67,90.69M,-3.32%
9/19/2001,29.83,30.5,30.86,28.13,116.62M,-1.75%
9/18/2001,30.36,31.38,32.35,30.23,65.94M,-2.22%
9/17/2001,31.05,31.1,32.65,30.95,97.09M,-8.52%
9/10/2001,33.94,33.33,34.16,33.19,80.37M,1.19%
9/7/2001,33.54,33.46,34.94,33.19,95.53M,-0.59%
9/6/2001,33.74,34.58,35.35,33.62,87.71M,-4.07%
9/5/2001,35.17,35.32,35.74,33.99,94.91M,-0.37%
9/4/2001,35.3,36.35,37.33,35.19,74.03M,-3.18%
8/31/2001,36.46,35.87,36.86,35.77,54.30M,1.28%
8/30/2001,36.0,36.63,37.14,35.58,65.84M,-3.72%
8/29/2001,37.39,38.19,38.27,36.96,59.06M,-1.45%
8/28/2001,37.94,39.14,39.26,37.83,65.28M,-3.14%
8/27/2001,39.17,39.1,39.71,38.65,50.82M,0.13%
8/24/2001,39.12,37.68,39.21,37.57,58.45M,5.30%
8/23/2001,37.15,37.5,38.28,37.13,54.71M,-0.96%
8/22/2001,37.51,37.28,37.66,36.37,65.24M,2.71%
8/21/2001,36.52,38.11,38.47,36.48,56.45M,-4.15%
8/20/2001,38.1,37.67,38.47,37.35,49.91M,1.38%
8/17/2001,37.58,38.26,38.62,37.53,56.65M,-4.57%
8/16/2001,39.38,38.47,39.41,37.86,68.23M,1.18%
8/15/2001,38.92,40.43,40.74,38.89,58.81M,-3.69%
8/14/2001,40.41,41.3,41.51,40.35,51.27M,-1.22%
8/13/2001,40.91,40.4,41.15,40.01,48.43M,2.05%
8/10/2001,40.09,40.24,40.56,39.05,68.49M,-0.96%
8/9/2001,40.48,40.22,40.69,39.79,66.86M,0.42%
8/8/2001,40.31,41.66,42.45,40.11,76.07M,-4.21%
8/7/2001,42.08,41.9,42.62,41.74,38.41M,-0.52%
8/6/2001,42.3,42.34,42.65,42.15,31.11M,-1.58%
8/3/2001,42.98,43.33,43.33,42.36,51.51M,-1.67%
8/2/2001,43.71,43.59,43.8,42.62,53.19M,1.89%
8/1/2001,42.9,42.44,43.3,42.21,53.86M,3.20%
7/31/2001,41.57,41.65,42.58,41.31,55.73M,0.14%
7/30/2001,41.51,41.93,42.1,41.21,39.46M,-0.57%
7/27/2001,41.75,41.45,42.06,40.71,47.49M,2.05%
7/26/2001,40.91,40.26,41.69,39.79,69.22M,1.49%
7/25/2001,40.31,39.95,40.53,39.22,68.86M,0.88%
7/24/2001,39.96,40.19,40.71,39.13,70.43M,-1.14%
7/23/2001,40.42,42.04,42.2,40.36,55.33M,-2.51%
7/20/2001,41.46,41.3,41.94,41.17,49.01M,-2.31%
7/19/2001,42.44,42.26,43.15,41.56,76.59M,2.36%
7/18/2001,41.46,42.08,42.65,40.95,64.80M,-3.81%
7/17/2001,43.1,41.63,43.2,41.35,59.81M,2.25%
7/16/2001,42.15,43.17,43.66,41.7,53.39M,-1.86%
7/13/2001,42.95,43.18,44.22,42.7,62.48M,-1.04%
7/12/2001,43.4,42.43,43.63,42.1,70.37M,6.35%
7/11/2001,40.81,40.23,40.91,39.68,77.84M,1.24%
7/10/2001,40.31,42.56,42.68,40.21,58.62M,-3.59%
7/9/2001,41.81,41.7,42.49,41.31,45.55M,0.84%
7/6/2001,41.46,42.81,42.91,41.3,53.44M,-4.14%
7/5/2001,43.25,44.66,44.98,43.25,44.41M,-4.80%
7/3/2001,45.43,45.04,45.48,44.59,24.76M,0.42%
7/2/2001,45.24,45.44,46.26,44.98,50.88M,-0.55%
6/29/2001,45.49,44.88,46.3,44.49,59.72M,3.06%
6/28/2001,44.14,44.2,46.14,44.14,89.99M,1.26%
6/27/2001,43.59,43.48,43.94,42.8,53.29M,0.65%
6/26/2001,43.31,42.34,43.69,42.28,55.16M,0.35%
6/25/2001,43.16,43.41,43.6,42.45,39.21M,0.26%
6/22/2001,43.05,43.42,43.99,42.39,51.87M,-0.23%
6/21/2001,43.15,42.47,44.02,42.1,67.21M,1.36%
6/20/2001,42.57,41.11,42.77,41.09,83.59M,2.26%
6/19/2001,41.63,43.12,43.36,41.07,73.39M,-0.48%
6/18/2001,41.83,42.44,42.97,41.21,63.54M,-1.34%
6/15/2001,42.4,41.61,42.9,41.09,84.59M,0.83%
6/14/2001,42.05,43.82,44.19,41.8,91.05M,-5.16%
6/13/2001,44.34,46.06,46.53,44.31,68.54M,-2.74%
6/12/2001,45.59,44.66,46.58,44.02,78.45M,-0.55%
6/11/2001,45.84,46.68,47.54,45.28,48.87M,-2.74%
6/8/2001,47.13,48.49,48.54,46.73,56.39M,-2.76%
6/7/2001,48.47,46.92,49.26,46.86,65.40M,2.56%
6/6/2001,47.26,47.86,48.66,46.85,61.17M,-0.78%
6/5/2001,47.63,46.09,48.13,45.98,68.15M,4.41%
6/4/2001,45.62,46.12,46.68,45.08,41.70M,-0.48%
6/1/2001,45.84,45.33,46.01,44.12,61.87M,2.96%
5/31/2001,44.52,44.33,45.64,44.09,68.02M,0.68%
5/30/2001,44.22,45.23,45.64,43.87,81.40M,-3.68%
5/29/2001,45.91,48.27,48.27,45.89,66.61M,-5.84%
5/25/2001,48.76,49.73,49.79,47.8,36.19M,-1.83%
5/24/2001,49.67,48.74,49.76,48.05,61.79M,2.58%
5/23/2001,48.42,50.21,50.22,48.41,65.62M,-4.42%
5/22/2001,50.66,51.07,51.71,49.95,77.24M,-0.30%
5/21/2001,50.81,47.95,50.91,47.43,85.43M,6.25%
5/18/2001,47.82,47.42,48.15,46.87,41.10M,0.29%
5/17/2001,47.68,47.23,48.56,47.04,73.81M,1.60%
5/16/2001,46.93,44.1,47.3,43.85,80.11M,4.43%
5/15/2001,44.94,44.69,46.08,44.37,69.01M,0.74%
5/14/2001,44.61,45.09,45.15,43.9,43.06M,-1.61%
5/11/2001,45.34,45.63,46.2,44.88,48.76M,-0.48%
5/10/2001,45.56,47.7,47.83,45.51,61.13M,-1.66%
5/9/2001,46.33,46.83,47.73,46.22,60.98M,-3.44%
5/8/2001,47.98,48.08,48.12,46.77,56.97M,2.13%
5/7/2001,46.98,47.78,48.37,46.88,45.56M,-2.08%
5/4/2001,47.98,45.09,47.98,44.9,72.67M,3.01%
5/3/2001,46.58,47.68,47.68,45.98,67.12M,-4.45%
5/2/2001,48.75,48.57,49.17,47.28,77.57M,1.92%
5/1/2001,47.83,45.98,47.86,45.19,54.50M,4.11%
4/30/2001,45.94,46.03,47.35,45.09,73.86M,2.23%
4/27/2001,44.94,44.94,45.26,44.03,56.47M,2.72%
4/26/2001,43.75,45.69,46.03,43.67,71.11M,-2.54%
4/25/2001,44.89,43.7,45.37,42.9,68.42M,1.81%
4/24/2001,44.09,44.89,46.2,43.55,88.89M,-1.89%
4/23/2001,44.94,46.77,47.5,44.68,79.32M,-6.71%
4/20/2001,48.17,47.96,49.21,46.78,80.60M,0.19%
4/19/2001,48.08,45.89,48.52,45.37,110.47M,6.04%
4/18/2001,45.34,43.52,48.73,43.0,129.20M,10.42%
4/17/2001,41.06,39.76,42.5,39.71,94.69M,2.50%
4/16/2001,40.06,41.75,42.23,39.87,65.23M,-5.96%
4/12/2001,42.6,40.11,42.6,39.81,79.53M,4.39%
4/11/2001,40.81,41.96,42.3,40.26,92.83M,3.03%
4/10/2001,39.61,37.72,40.27,37.6,94.27M,7.40%
4/9/2001,36.88,36.62,37.22,35.68,51.64M,2.08%
4/6/2001,36.13,36.73,36.93,35.33,86.13M,-2.72%
4/5/2001,37.14,35.83,37.78,35.54,87.04M,9.59%
4/4/2001,33.89,34.55,35.64,33.44,76.47M,-1.77%
4/3/2001,34.5,37.03,37.57,34.46,89.02M,-7.33%
4/2/2001,37.23,38.99,39.66,37.13,69.71M,-4.46%
3/30/2001,38.97,39.12,39.79,37.82,63.66M,0.52%
3/29/2001,38.77,39.2,40.42,38.22,79.65M,-1.90%
3/28/2001,39.52,41.7,42.0,39.5,77.98M,-8.20%
3/27/2001,43.05,41.61,43.52,41.23,69.95M,3.44%
3/26/2001,41.62,43.27,43.3,41.36,57.67M,-2.30%
3/23/2001,42.6,43.35,43.63,41.31,95.28M,0.00%
3/22/2001,42.6,40.41,42.6,39.31,130.21M,6.08%
3/21/2001,40.16,40.33,41.61,39.53,96.20M,0.00%
3/20/2001,40.16,43.24,43.61,40.01,105.00M,-6.73%
3/19/2001,43.06,41.25,43.06,40.56,53.25M,5.26%
3/16/2001,40.91,41.68,42.6,40.37,77.79M,-2.48%
3/15/2001,41.95,44.99,45.11,41.85,74.14M,-3.67%
3/14/2001,43.55,42.5,44.98,42.11,97.19M,-1.56%
3/13/2001,44.24,42.58,44.53,41.93,80.02M,5.08%
3/12/2001,42.1,43.8,44.74,41.61,80.67M,-6.22%
3/9/2001,44.89,47.03,47.15,44.74,79.99M,-7.00%
3/8/2001,48.27,49.12,49.58,47.88,48.97M,-1.87%
3/7/2001,49.19,50.17,50.2,48.74,55.22M,0.04%
3/6/2001,49.17,49.07,50.42,48.87,60.83M,3.89%
3/5/2001,47.33,47.28,48.13,46.87,43.89M,1.83%
3/2/2001,46.48,46.98,49.4,45.44,95.98M,-4.30%
3/1/2001,48.57,46.75,48.97,45.54,101.77M,2.84%
2/28/2001,47.23,49.22,49.98,46.64,102.22M,-3.16%
2/27/2001,48.77,51.3,51.84,48.67,66.74M,-6.05%
2/26/2001,51.91,51.84,52.35,50.02,78.34M,1.90%
2/23/2001,50.94,49.86,51.36,48.01,93.34M,0.35%
2/22/2001,50.76,51.21,51.92,48.66,103.91M,-0.98%
2/21/2001,51.26,51.31,53.82,50.68,72.35M,-2.81%
2/20/2001,52.74,55.48,55.58,52.06,55.30M,-3.88%
2/16/2001,54.87,55.7,56.61,54.28,66.78M,-5.61%
2/15/2001,58.13,58.53,60.21,58.03,67.80M,1.66%
2/14/2001,57.18,55.14,57.48,53.87,63.05M,3.98%
2/13/2001,54.99,57.38,58.9,54.72,58.91M,-3.20%
2/12/2001,56.81,55.99,57.67,55.36,50.54M,1.19%
2/9/2001,56.14,57.98,60.76,55.74,55.40M,-4.07%
2/8/2001,58.52,60.62,61.21,58.31,48.27M,-2.98%
2/7/2001,60.32,60.23,60.91,58.31,61.97M,-1.61%
2/6/2001,61.31,61.2,62.83,60.88,42.42M,0.16%
2/5/2001,61.21,60.9,61.61,59.84,36.02M,-0.08%
2/2/2001,61.26,64.64,65.0,59.72,47.47M,-5.54%
2/1/2001,64.85,64.25,65.3,63.3,45.16M,1.33%
1/31/2001,64.0,66.94,67.68,64.0,59.33M,-3.67%
1/30/2001,66.44,66.84,67.42,63.25,42.84M,-0.37%
1/29/2001,66.69,64.45,66.94,63.95,31.51M,2.22%
1/26/2001,65.24,63.27,65.63,62.71,45.68M,1.62%
1/25/2001,64.2,66.56,67.36,64.09,57.17M,-3.91%
1/24/2001,66.81,67.75,68.8,66.44,53.94M,-0.95%
1/23/2001,67.45,65.6,68.09,65.01,49.86M,2.09%
1/22/2001,66.07,65.57,66.69,64.45,35.78M,0.11%
1/19/2001,66.0,67.82,67.99,65.26,56.20M,-0.38%
1/18/2001,66.25,63.83,66.44,62.4,54.93M,4.20%
1/17/2001,63.58,64.2,65.3,62.85,61.40M,3.05%
1/16/2001,61.7,62.27,62.63,60.28,32.20M,-1.19%
1/12/2001,62.44,62.46,64.32,61.21,60.79M,1.28%
1/11/2001,61.65,58.99,63.39,58.91,65.46M,2.90%
1/10/2001,59.91,55.86,60.09,55.49,74.28M,5.14%
1/9/2001,56.98,57.48,58.85,56.36,53.32M,0.00%
1/8/2001,56.98,56.05,57.23,53.27,55.58M,1.10%
1/5/2001,56.36,61.03,61.03,55.74,68.78M,-7.65%
1/4/2001,61.03,61.34,63.33,59.95,58.47M,-1.80%
1/3/2001,62.15,51.94,64.95,51.91,118.25M,16.85%
1/2/2001,53.19,58.29,58.41,52.19,62.52M,-8.45%
12/29/2000,58.1,61.28,61.94,57.73,49.20M,-4.99%
12/28/2000,61.15,60.5,62.19,59.97,31.00M,-0.21%
12/27/2000,61.28,59.41,61.9,58.66,33.96M,1.14%
12/26/2000,60.59,60.31,61.63,57.73,37.08M,0.61%
12/22/2000,60.22,57.36,60.47,57.36,57.26M,7.92%
12/21/2000,55.8,54.76,58.48,54.0,85.88M,0.59%
12/20/2000,55.47,57.05,58.1,54.49,81.43M,-5.74%
12/19/2000,58.85,63.16,65.55,58.48,80.50M,-7.61%
12/18/2000,63.7,64.85,65.66,62.27,42.95M,0.19%
12/15/2000,63.58,63.95,65.32,62.27,59.03M,-2.29%
12/14/2000,65.07,68.2,69.36,64.95,41.57M,-4.88%
12/13/2000,68.41,73.1,73.16,67.99,51.66M,-4.08%
12/12/2000,71.32,73.16,73.53,70.98,31.05M,-3.66%
12/11/2000,74.03,71.72,74.43,70.62,51.83M,9.38%
12/8/2000,67.68,70.76,73.66,67.31,65.86M,2.25%
12/7/2000,66.19,66.69,68.66,65.19,41.48M,-2.20%
12/6/2000,67.68,70.26,71.96,67.43,63.35M,-3.81%
12/5/2000,70.36,65.75,70.67,65.19,76.54M,11.00%
12/4/2000,63.39,63.83,65.05,61.46,49.11M,-0.49%
12/1/2000,63.7,63.76,66.45,61.84,57.11M,1.61%
11/30/2000,62.69,61.46,63.95,60.22,74.88M,0.08%
11/29/2000,62.64,65.51,66.44,62.21,66.20M,-3.85%
11/28/2000,65.15,68.62,69.61,65.01,48.81M,-5.91%
11/27/2000,69.24,72.22,72.6,68.43,35.42M,-1.24%
11/24/2000,70.11,68.06,70.3,67.85,19.99M,5.73%
11/22/2000,66.31,68.12,69.8,66.19,56.62M,-4.49%
11/21/2000,69.43,69.86,70.79,68.12,42.13M,-0.14%
11/20/2000,69.53,70.61,71.73,68.93,46.86M,-4.08%
11/17/2000,72.49,72.85,74.84,70.67,49.91M,-0.07%
11/16/2000,72.54,75.02,76.64,72.54,33.90M,-5.80%
11/15/2000,77.01,75.21,77.7,74.45,37.76M,2.01%
11/14/2000,75.49,72.66,75.65,72.41,44.83M,8.24%
11/13/2000,69.74,70.62,73.84,67.95,75.02M,-2.35%
11/10/2000,71.42,73.9,75.33,71.42,49.24M,-5.19%
11/9/2000,75.33,74.4,76.58,72.66,64.96M,-0.03%
11/8/2000,75.35,81.74,81.87,75.27,40.34M,-7.82%
11/7/2000,81.74,81.06,82.08,79.88,24.34M,-0.38%
11/6/2000,82.05,83.24,83.73,81.62,23.49M,-0.76%
11/3/2000,82.68,82.49,83.55,81.26,29.84M,1.30%
11/2/2000,81.62,81.8,82.86,80.68,26.59M,1.24%
11/1/2000,80.62,79.94,82.43,78.82,45.19M,-0.86%
10/31/2000,81.32,77.64,82.18,77.51,43.86M,6.43%
10/30/2000,76.41,77.82,79.5,75.35,35.50M,-3.71%
10/27/2000,79.35,80.48,81.48,77.12,51.05M,-0.19%
10/26/2000,79.5,77.82,79.63,73.28,70.01M,2.57%
10/25/2000,77.51,80.87,81.62,76.53,48.64M,-5.61%
10/24/2000,82.12,86.03,86.59,81.99,31.47M,-4.28%
10/23/2000,85.79,85.79,87.09,83.73,28.99M,-0.14%
10/20/2000,85.91,84.11,87.47,84.0,40.69M,1.46%
10/19/2000,84.67,82.01,84.71,81.06,42.45M,9.05%
10/18/2000,77.64,76.39,80.81,74.22,64.81M,-0.32%
10/17/2000,77.89,82.74,82.78,77.64,52.11M,-4.57%
10/16/2000,81.62,80.75,81.93,79.38,27.64M,0.93%
10/13/2000,80.87,74.34,81.24,74.28,42.41M,8.14%
10/12/2000,74.78,78.88,79.19,73.97,53.22M,-2.50%
10/11/2000,76.7,76.52,80.08,75.71,48.46M,-1.60%
10/10/2000,77.95,81.43,82.92,77.51,35.28M,-5.22%
10/9/2000,82.24,82.18,83.42,79.01,28.83M,-0.45%
10/6/2000,82.61,85.16,86.16,80.88,36.34M,-3.36%
10/5/2000,85.48,84.85,86.78,84.17,23.44M,0.29%
10/4/2000,85.23,83.11,86.45,81.74,37.68M,1.94%
10/3/2000,83.61,87.65,88.09,82.88,35.73M,-3.17%
10/2/2000,86.35,89.83,89.83,85.6,24.97M,-2.25%
9/29/2000,88.34,91.57,92.02,88.27,27.20M,-3.07%
9/28/2000,91.14,88.31,92.57,88.31,29.05M,2.23%
9/27/2000,89.15,90.2,90.76,87.59,28.48M,0.15%
9/26/2000,89.02,90.34,92.07,88.51,26.01M,-1.14%
9/25/2000,90.05,93.19,93.81,89.58,20.56M,-2.65%
9/22/2000,92.5,87.22,92.82,87.09,33.71M,5.91%
9/21/2000,87.34,93.31,94.04,86.59,25.03M,-7.26%
9/20/2000,94.18,92.94,94.79,90.89,33.12M,1.54%
9/19/2000,92.75,90.33,93.34,89.46,27.57M,3.68%
9/18/2000,89.46,91.38,92.57,87.59,29.22M,-1.57%
9/15/2000,90.89,92.69,93.19,90.27,24.99M,-1.81%
9/14/2000,92.57,94.81,95.49,92.21,28.62M,-0.53%
9/13/2000,93.06,89.83,93.44,89.58,34.09M,2.32%
9/12/2000,90.95,93.06,94.25,90.42,24.26M,-1.55%
9/11/2000,92.38,94.06,95.68,91.57,27.26M,-2.43%
9/8/2000,94.68,97.31,97.54,94.32,23.48M,-3.06%
9/7/2000,97.67,96.36,98.96,96.11,16.67M,2.22%
9/6/2000,95.55,98.79,99.02,95.06,20.96M,-3.52%
9/5/2000,99.04,101.15,101.28,98.96,16.35M,-3.04%
9/1/2000,102.15,102.52,103.03,100.72,14.07M,0.99%
8/31/2000,101.15,99.16,101.52,99.1,15.59M,2.78%
8/30/2000,98.41,97.85,99.04,97.31,10.55M,-0.13%
8/29/2000,98.54,98.17,98.71,97.4,11.16M,0.51%
8/28/2000,98.04,97.79,99.38,97.48,12.31M,0.48%
8/25/2000,97.57,98.03,99.49,96.55,11.76M,-0.54%
8/24/2000,98.1,96.98,98.23,95.62,13.57M,1.54%
8/23/2000,96.61,94.25,96.98,93.39,21.40M,1.63%
8/22/2000,95.06,95.55,96.91,94.82,14.88M,0.00%
8/21/2000,95.06,95.55,96.41,93.94,13.56M,0.26%
8/18/2000,94.81,95.49,96.17,94.25,14.71M,-0.51%
8/17/2000,95.3,92.5,95.43,92.44,14.49M,1.93%
8/16/2000,93.5,93.0,94.25,91.57,15.25M,1.00%
8/15/2000,92.57,92.32,93.55,91.57,14.09M,0.00%
8/14/2000,92.57,90.95,92.57,89.78,12.54M,2.13%
8/11/2000,90.64,88.83,90.69,87.47,21.05M,1.40%
8/10/2000,89.39,91.38,91.8,89.08,15.34M,-1.98%
8/9/2000,91.2,93.25,94.0,90.95,18.65M,-2.66%
8/8/2000,93.69,91.63,94.56,91.07,14.83M,2.04%
8/7/2000,91.82,90.45,92.6,89.83,15.10M,2.35%
8/4/2000,89.71,91.57,92.33,88.71,22.28M,-0.34%
8/3/2000,90.02,83.86,90.82,82.92,35.87M,4.33%
8/2/2000,86.28,87.47,89.97,86.1,23.58M,-1.78%
8/1/2000,87.84,89.39,89.57,87.28,15.75M,-1.33%
7/31/2000,89.02,87.22,89.71,85.32,27.61M,2.95%
7/28/2000,86.47,91.76,92.44,85.6,36.49M,-5.45%
7/27/2000,91.45,93.5,94.62,91.14,26.14M,-3.92%
7/26/2000,95.18,95.06,95.68,92.82,20.32M,-0.13%
7/25/2000,95.3,95.18,96.55,93.38,19.07M,0.78%
7/24/2000,94.56,97.48,98.54,93.81,18.58M,-2.06%
7/21/2000,96.55,97.98,99.05,96.55,14.41M,-3.36%
7/20/2000,99.91,97.42,100.03,96.81,19.52M,3.21%
7/19/2000,96.8,97.85,98.48,95.21,21.83M,-2.26%
7/18/2000,99.04,99.91,100.31,97.9,20.68M,-2.21%
7/17/2000,101.28,100.47,101.59,99.41,13.14M,1.12%
7/14/2000,100.16,99.78,100.65,98.35,17.22M,2.16%
7/13/2000,98.04,97.48,99.29,96.67,19.57M,1.28%
7/12/2000,96.8,94.99,97.29,94.18,18.25M,2.37%
7/11/2000,94.56,93.62,95.3,92.38,14.37M,0.55%
7/10/2000,94.04,94.25,95.43,93.56,12.66M,-1.52%
7/7/2000,95.49,94.56,96.55,94.0,16.60M,2.06%
7/6/2000,93.56,91.14,94.31,89.64,23.59M,2.66%
7/5/2000,91.14,93.19,93.53,90.45,16.49M,-3.87%
7/3/2000,94.81,93.06,94.81,92.82,5.21M,1.95%
6/30/2000,93.0,91.38,93.52,90.89,15.15M,1.96%
6/29/2000,91.21,92.5,92.94,90.2,21.36M,-2.51%
6/28/2000,93.56,92.55,95.06,92.07,19.26M,1.21%
6/27/2000,92.44,93.33,94.62,91.94,14.79M,-1.20%
6/26/2000,93.56,92.63,93.98,91.57,22.17M,2.73%
6/23/2000,91.07,94.56,95.06,90.95,24.89M,-3.94%
6/22/2000,94.81,98.17,98.54,94.06,21.53M,-3.66%
6/21/2000,98.41,96.36,99.25,96.24,20.88M,1.28%
6/20/2000,97.17,97.79,99.22,96.73,20.99M,-0.38%
6/19/2000,97.54,93.58,97.79,92.26,20.04M,3.98%
6/16/2000,93.81,94.31,94.87,92.63,21.20M,0.54%
6/15/2000,93.31,91.45,93.44,90.45,18.81M,1.76%
6/14/2000,91.7,94.43,94.43,91.07,20.27M,-2.25%
6/13/2000,93.81,90.08,94.18,88.94,25.19M,3.85%
6/12/2000,90.33,93.87,93.87,89.58,16.48M,-3.19%
6/9/2000,93.31,94.31,94.31,92.57,17.01M,0.53%
6/8/2000,92.82,94.18,94.43,91.2,19.31M,-0.46%
6/7/2000,93.25,91.14,93.56,89.15,22.52M,2.68%
6/6/2000,90.82,92.75,94.56,90.45,23.20M,-2.78%
6/5/2000,93.42,91.82,94.87,91.45,23.78M,0.25%
6/2/2000,93.19,92.19,93.67,91.45,32.24M,7.15%
6/1/2000,86.97,84.79,87.96,83.61,28.99M,5.11%
5/31/2000,82.74,84.08,86.27,82.36,29.68M,-2.84%
5/30/2000,85.16,79.63,85.54,79.63,30.89M,10.04%
5/26/2000,77.39,77.39,78.88,75.4,18.20M,0.00%
5/25/2000,77.39,79.88,81.87,76.14,29.63M,-2.20%
5/24/2000,79.13,74.65,79.5,71.91,49.48M,6.27%
5/23/2000,74.46,81.0,82.24,73.9,31.92M,-8.35%
5/22/2000,81.24,81.24,81.87,75.23,43.88M,-0.09%
5/19/2000,81.31,83.36,84.6,80.93,28.18M,-4.73%
5/18/2000,85.35,88.59,88.94,84.98,19.06M,-3.58%
5/17/2000,88.52,88.83,90.08,87.34,20.34M,-2.07%
5/16/2000,90.39,89.58,91.07,87.65,23.83M,2.83%
5/15/2000,87.9,84.42,88.21,82.24,17.95M,4.36%
5/12/2000,84.23,84.98,87.15,83.61,17.83M,0.00%
5/11/2000,84.23,82.36,84.85,80.5,24.71M,6.11%
5/10/2000,79.38,83.98,84.59,79.13,34.85M,-7.27%
5/9/2000,85.6,88.09,88.71,83.92,19.81M,-2.14%
5/8/2000,87.47,90.08,90.33,87.34,13.90M,-3.89%
5/5/2000,91.01,87.71,91.88,87.62,20.57M,2.37%
5/4/2000,88.9,88.59,90.33,87.22,17.75M,0.21%
5/3/2000,88.71,89.08,89.83,85.12,26.59M,-1.11%
5/2/2000,89.71,94.43,95.18,89.33,20.31M,-5.75%
5/1/2000,95.18,95.3,96.42,93.81,23.21M,0.92%
4/28/2000,94.31,93.13,94.31,91.7,24.83M,3.84%
4/27/2000,90.82,83.11,92.05,83.11,37.04M,4.43%
4/26/2000,86.97,90.2,91.99,86.72,25.69M,-3.42%
4/25/2000,90.05,86.1,90.08,85.6,28.66M,6.74%
4/24/2000,84.36,83.05,84.85,79.5,31.25M,-2.86%
4/20/2000,86.84,89.95,90.55,85.66,21.26M,-2.17%
4/19/2000,88.77,92.07,93.19,88.65,28.08M,-3.06%
4/18/2000,91.57,89.07,92.57,86.97,36.26M,2.65%
4/17/2000,89.21,77.65,89.58,77.64,55.40M,11.51%
4/14/2000,80.0,85.66,88.09,77.64,60.85M,-8.67%
4/13/2000,87.59,92.38,95.55,87.59,46.33M,-4.73%
4/12/2000,91.94,97.17,98.29,89.83,34.83M,-5.50%
4/11/2000,97.29,96.67,101.03,95.3,34.50M,-2.38%
4/10/2000,99.66,107.12,107.19,98.79,26.99M,-6.10%
4/7/2000,106.13,103.64,106.87,102.15,20.65M,4.03%
4/6/2000,102.02,101.9,103.39,99.29,30.50M,2.37%
4/5/2000,99.66,97.05,103.45,95.8,37.01M,-1.77%
4/4/2000,101.46,103.14,103.45,87.9,66.21M,-0.98%
4/3/2000,102.46,107.26,108.62,100.28,31.55M,-5.99%
3/31/2000,108.99,107.64,110.11,103.52,31.35M,2.10%
3/30/2000,106.75,106.75,112.22,103.02,42.33M,-2.50%
3/29/2000,109.49,114.84,114.9,109.49,27.19M,-4.14%
3/28/2000,114.22,116.44,117.26,112.6,18.34M,-2.54%
3/27/2000,117.2,117.45,118.94,116.58,11.75M,0.16%
3/24/2000,117.01,116.94,119.94,114.48,22.06M,1.34%
3/23/2000,115.46,113.95,117.2,113.03,19.23M,1.75%
3/22/2000,113.47,112.97,115.43,110.61,24.37M,2.01%
3/21/2000,111.23,105.63,111.42,103.08,33.44M,3.77%
3/20/2000,107.19,110.48,110.98,105.76,21.17M,-2.82%
3/17/2000,110.3,107.5,110.55,107.43,31.42M,1.90%
3/16/2000,108.24,104.88,108.74,100.53,55.28M,5.70%
3/15/2000,102.4,106.0,106.5,101.4,51.20M,-4.18%
3/14/2000,106.87,112.22,112.85,104.51,39.11M,-3.70%
3/13/2000,110.98,109.49,113.59,109.02,37.54M,-2.62%
3/10/2000,113.97,114.34,115.9,112.98,29.75M,-0.43%
3/9/2000,114.46,110.7,114.96,108.59,30.10M,3.37%
3/8/2000,110.73,110.48,111.48,105.79,43.51M,0.90%
3/7/2000,109.74,113.28,113.34,108.24,39.47M,-1.51%
3/6/2000,111.42,111.23,112.69,109.74,23.27M,0.79%
3/3/2000,110.55,107.5,110.61,106.5,32.02M,5.65%
3/2/2000,104.64,107.56,107.68,104.26,32.74M,-2.32%
3/1/2000,107.12,106.75,108.06,106.0,24.47M,0.82%
2/29/2000,106.25,105.26,106.59,104.45,23.98M,2.64%
2/28/2000,103.52,102.77,105.2,100.03,38.22M,-0.06%
2/25/2000,103.58,105.69,107.0,103.39,32.62M,-2.28%
2/24/2000,106.0,104.39,106.31,101.52,48.87M,2.16%
2/23/2000,103.76,99.22,104.51,98.69,32.17M,5.57%
2/22/2000,98.29,98.54,99.47,95.8,37.23M,0.32%
2/18/2000,97.98,102.15,102.52,97.98,25.27M,-3.61%
2/17/2000,101.65,100.72,102.77,99.16,30.08M,2.13%
2/16/2000,99.53,99.44,101.21,98.85,25.31M,-0.47%
2/15/2000,100.0,98.48,100.16,95.43,30.57M,0.72%
2/14/2000,99.29,99.53,99.53,97.29,22.81M,-0.12%
2/11/2000,99.41,101.59,101.59,97.54,24.88M,-2.32%
2/10/2000,101.77,99.35,101.77,98.1,26.34M,3.28%
2/9/2000,98.54,101.59,101.72,98.29,27.29M,-3.53%
2/8/2000,102.15,98.91,102.4,98.91,22.00M,4.19%
2/7/2000,98.04,96.8,98.17,95.8,17.76M,1.39%
2/4/2000,96.7,96.55,97.78,95.77,26.64M,0.68%
2/3/2000,96.05,93.87,96.17,91.85,30.58M,3.91%
2/2/2000,92.44,91.82,94.28,91.66,26.17M,0.85%
2/1/2000,91.66,89.11,92.07,88.03,26.42M,2.68%
1/31/2000,89.27,85.48,89.58,83.11,36.01M,4.29%
1/28/2000,85.6,89.58,90.05,84.36,35.31M,-5.04%
1/27/2000,90.14,91.32,92.07,87.22,30.74M,1.47%
1/26/2000,88.83,92.82,92.88,88.59,23.10M,-4.04%
1/25/2000,92.57,91.45,93.68,88.99,33.28M,1.50%
1/24/2000,91.2,96.98,97.17,90.55,28.34M,-4.80%
1/21/2000,95.8,96.05,96.11,94.62,18.70M,1.25%
1/20/2000,94.62,95.06,96.42,93.57,25.96M,-0.97%
1/19/2000,95.55,93.06,95.55,92.0,19.01M,2.26%
1/18/2000,93.44,91.63,94.0,91.01,16.75M,0.54%
1/14/2000,92.94,92.57,93.19,91.57,21.90M,2.33%
1/13/2000,90.82,88.09,91.07,86.67,25.17M,6.02%
1/12/2000,85.66,88.59,88.83,85.6,29.05M,-2.20%
1/11/2000,87.59,91.32,92.44,86.59,32.55M,-4.87%
1/10/2000,92.07,90.58,93.5,89.52,29.68M,2.78%
1/7/2000,89.58,82.55,89.58,82.12,28.14M,12.37%
1/6/2000,79.72,86.47,87.59,79.38,37.14M,-6.87%
1/5/2000,85.6,87.09,89.21,83.86,42.50M,-2.55%
1/4/2000,87.84,91.57,93.06,87.53,33.79M,-6.86%
1/3/2000,94.31,95.74,95.74,90.33,36.43M,3.69%
12/31/1999,90.95,92.19,92.75,90.95,14.46M,-0.13%
12/30/1999,91.07,93.19,93.31,91.07,21.89M,-1.09%
12/29/1999,92.07,89.58,92.07,89.46,16.51M,3.79%
12/28/1999,88.71,89.33,90.08,88.15,15.35M,-0.63%
12/27/1999,89.27,89.89,89.92,87.5,19.28M,-0.59%
12/23/1999,89.8,89.45,90.33,88.59,17.54M,1.19%
12/22/1999,88.74,88.77,88.9,87.03,22.31M,-0.31%
12/21/1999,89.02,84.73,89.02,84.25,26.00M,5.37%
12/20/1999,84.48,84.01,84.85,83.3,15.39M,1.31%
12/17/1999,83.39,84.11,84.48,83.04,23.89M,0.86%
12/16/1999,82.68,81.74,82.86,81.37,27.22M,2.48%
12/15/1999,80.68,78.26,80.68,77.57,31.80M,1.92%
12/14/1999,79.16,80.37,80.84,78.63,27.76M,-1.80%
12/13/1999,80.61,79.26,80.96,78.91,16.21M,1.36%
12/10/1999,79.53,79.53,79.81,77.76,20.43M,0.82%
12/9/1999,78.88,79.63,80.06,76.89,28.45M,0.47%
12/8/1999,78.51,79.5,80.12,78.32,19.56M,-1.21%
12/7/1999,79.47,79.72,80.03,78.47,23.40M,0.00%
12/6/1999,79.47,79.06,80.13,78.32,16.02M,0.90%
12/3/1999,78.76,78.94,79.81,78.54,21.44M,2.13%
12/2/1999,77.12,75.02,77.26,74.98,17.23M,3.18%
12/1/1999,74.74,73.97,75.12,73.41,23.21M,2.16%
11/30/1999,73.16,76.21,76.33,73.16,23.70M,-3.80%
11/29/1999,76.05,77.17,77.82,75.96,20.49M,-1.66%
11/26/1999,77.33,78.04,78.41,77.01,8.05M,0.32%
11/24/1999,77.08,74.84,77.38,74.06,18.62M,3.30%
11/23/1999,74.62,76.08,76.14,73.9,24.05M,-3.27%
11/22/1999,77.14,75.58,77.14,74.78,18.84M,2.27%
11/19/1999,75.43,74.43,75.55,74.15,17.94M,0.90%
11/18/1999,74.76,73.03,74.76,72.6,17.74M,3.06%
11/17/1999,72.54,73.53,73.85,72.16,21.68M,-1.35%
11/16/1999,73.53,71.98,73.87,71.66,19.13M,2.54%
11/15/1999,71.71,71.91,72.16,71.35,10.91M,-0.19%
11/12/1999,71.85,71.29,71.91,69.05,28.65M,1.31%
11/11/1999,70.92,70.42,71.01,69.8,18.50M,1.79%
11/10/1999,69.67,68.8,70.26,68.49,16.56M,1.31%
11/9/1999,68.77,69.8,69.92,68.18,14.63M,-0.68%
11/8/1999,69.24,68.12,69.48,67.9,10.89M,2.02%
11/5/1999,67.87,68.55,68.9,67.87,15.13M,1.01%
11/4/1999,67.19,67.36,67.5,66.47,20.05M,1.13%
11/3/1999,66.44,66.07,66.81,65.88,18.75M,2.00%
11/2/1999,65.14,65.44,66.25,64.89,12.83M,0.06%
11/1/1999,65.1,65.44,66.22,65.02,9.68M,-0.52%
10/29/1999,65.44,64.7,65.94,64.48,19.00M,3.48%
10/28/1999,63.24,62.08,63.45,61.52,14.10M,3.47%
10/27/1999,61.12,61.06,61.34,60.16,15.23M,-0.15%
10/26/1999,61.21,62.46,62.8,61.09,13.54M,-0.81%
10/25/1999,61.71,61.4,62.39,61.15,13.86M,0.05%
10/22/1999,61.68,62.33,62.96,61.46,16.59M,-0.45%
10/21/1999,61.96,59.97,61.96,59.53,22.45M,1.64%
10/20/1999,60.96,60.06,61.45,59.47,22.49M,3.04%
10/19/1999,59.16,59.48,59.78,58.17,26.66M,0.54%
10/18/1999,58.84,59.66,59.88,57.15,24.71M,-1.28%
10/15/1999,59.6,59.84,60.72,59.23,33.70M,-2.95%
10/14/1999,61.41,61.24,61.84,60.25,22.13M,0.62%
10/13/1999,61.03,62.18,62.92,60.78,22.57M,-2.96%
10/12/1999,62.89,64.14,64.65,62.71,20.18M,-2.28%
10/11/1999,64.36,63.64,64.39,63.48,13.02M,1.42%
10/8/1999,63.46,62.55,63.64,61.71,22.52M,1.05%
10/7/1999,62.8,63.3,63.6,62.33,22.01M,-0.24%
10/6/1999,62.95,62.08,63.04,61.14,19.10M,2.01%
10/5/1999,61.71,61.49,62.46,60.4,19.53M,0.70%
10/4/1999,61.28,60.25,61.49,59.91,12.43M,2.25%
10/1/1999,59.93,59.1,59.93,58.48,19.61M,0.03%
9/30/1999,59.91,59.84,60.53,59.1,17.60M,1.05%
9/29/1999,59.29,60.5,60.93,59.29,15.56M,-2.00%
9/28/1999,60.5,59.91,60.72,58.63,20.62M,0.46%
9/27/1999,60.22,60.65,61.09,60.03,12.61M,0.70%
9/24/1999,59.8,59.35,60.03,58.35,23.57M,0.13%
9/23/1999,59.72,62.96,63.08,59.36,19.77M,-4.14%
9/22/1999,62.3,61.74,62.63,61.0,12.44M,1.05%
9/21/1999,61.65,62.61,62.74,61.47,12.27M,-2.41%
9/20/1999,63.17,63.2,63.45,62.74,6.19M,0.24%
9/17/1999,63.02,61.74,63.14,61.65,14.51M,3.01%
9/16/1999,61.18,61.18,61.74,59.91,15.37M,-0.05%
9/15/1999,61.21,63.2,63.2,61.15,16.10M,-1.94%
9/14/1999,62.42,61.84,62.85,61.71,10.02M,0.55%
9/13/1999,62.08,62.77,62.89,61.74,7.24M,-1.19%
9/10/1999,62.83,62.96,63.45,62.24,10.25M,1.14%
9/9/1999,62.12,61.28,62.27,60.96,12.68M,1.44%
9/8/1999,61.24,61.71,62.33,60.75,14.30M,-1.35%
9/7/1999,62.08,62.24,62.86,61.99,9.01M,-0.45%
9/3/1999,62.36,61.34,62.39,61.12,14.20M,4.58%
9/2/1999,59.63,58.73,59.94,58.6,14.58M,-0.35%
9/1/1999,59.84,59.78,60.34,59.41,10.75M,0.72%
8/31/1999,59.41,59.16,59.78,57.85,14.59M,1.11%
8/30/1999,58.76,59.84,60.03,58.6,10.14M,-1.41%
8/27/1999,59.6,60.65,60.65,59.44,9.64M,-0.98%
8/26/1999,60.19,61.21,61.43,60.1,9.75M,-1.67%
8/25/1999,61.21,60.31,61.46,59.66,11.35M,2.12%
8/24/1999,59.94,59.1,60.59,58.98,13.89M,0.69%
8/23/1999,59.53,58.23,59.53,58.1,9.65M,3.17%
8/20/1999,57.7,56.86,57.7,56.55,6.92M,1.58%
8/19/1999,56.8,56.95,57.36,56.43,10.16M,-1.18%
8/18/1999,57.48,57.85,58.57,57.26,7.04M,-1.12%
8/17/1999,58.13,58.35,58.41,57.08,11.41M,0.48%
8/16/1999,57.85,57.36,58.04,56.98,11.47M,0.80%
8/13/1999,57.39,56.14,57.45,56.05,14.34M,4.36%
8/12/1999,54.99,55.86,56.24,54.87,12.72M,-1.19%
8/11/1999,55.65,54.84,55.74,54.01,13.10M,3.30%
8/10/1999,53.87,54.22,54.61,52.69,16.77M,-0.90%
8/9/1999,54.36,55.27,55.43,54.25,7.98M,-1.29%
8/6/1999,55.07,55.27,56.3,54.68,12.39M,-1.08%
8/5/1999,55.67,54.81,55.67,53.5,18.70M,1.59%
8/4/1999,54.8,55.81,56.23,54.75,13.23M,-1.81%
8/3/1999,55.81,56.94,56.95,54.99,13.01M,-0.64%
8/2/1999,56.17,56.42,57.54,55.96,9.64M,-0.28%
7/30/1999,56.33,56.86,57.48,56.24,10.95M,-0.49%
7/29/1999,56.61,56.77,57.23,56.05,13.03M,-2.14%
7/28/1999,57.85,57.42,58.17,56.68,10.16M,1.97%
7/27/1999,56.73,56.73,57.61,56.25,13.73M,2.01%
7/26/1999,55.61,56.24,56.86,55.52,10.72M,-2.46%
7/23/1999,57.01,57.36,57.6,56.42,12.12M,0.14%
7/22/1999,56.93,58.41,58.41,56.77,15.15M,-2.53%
7/21/1999,58.41,58.26,58.92,57.79,10.98M,0.48%
7/20/1999,58.13,59.73,59.81,57.98,14.84M,-3.87%
7/19/1999,60.47,61.34,61.34,60.23,6.83M,-1.01%
7/16/1999,61.09,60.56,61.43,60.54,4.91M,0.93%
7/15/1999,60.53,60.19,60.53,59.85,6.54M,0.92%
7/14/1999,59.98,59.57,60.09,58.73,6.91M,1.71%
7/13/1999,58.97,58.97,59.19,58.51,6.23M,-0.47%
7/12/1999,59.25,59.78,60.09,58.91,7.82M,-0.54%
7/9/1999,59.57,59.19,59.63,58.76,4.19M,1.02%
7/8/1999,58.97,58.2,59.22,57.92,11.23M,1.32%
7/7/1999,58.2,58.07,58.45,57.67,10.52M,0.17%
7/6/1999,58.1,58.79,59.38,57.79,8.79M,-0.65%
7/2/1999,58.48,57.73,58.54,57.73,3.30M,1.26%
7/1/1999,57.75,57.54,58.07,56.55,6.82M,0.68%
6/30/1999,57.36,56.54,59.66,55.87,19.47M,1.54%
6/29/1999,56.49,55.68,56.7,55.4,9.00M,1.38%
6/28/1999,55.72,54.9,55.8,54.45,7.67M,2.37%
6/25/1999,54.43,54.87,55.3,53.94,8.64M,-0.13%
6/24/1999,54.5,55.58,55.61,54.25,14.99M,-2.00%
6/23/1999,55.61,54.75,55.74,54.4,9.61M,1.59%
6/22/1999,54.74,56.11,56.83,54.74,10.86M,-3.03%
6/21/1999,56.45,55.18,56.48,55.09,10.57M,2.99%
6/18/1999,54.81,54.06,54.96,53.97,5.39M,0.46%
6/17/1999,54.56,53.25,54.81,53.25,16.28M,1.11%
6/16/1999,53.96,52.6,53.96,52.54,15.06M,5.14%
6/15/1999,51.32,50.69,51.63,50.54,9.15M,1.48%
6/14/1999,50.57,51.73,51.73,50.45,14.14M,-1.88%
6/11/1999,51.54,52.69,52.75,51.07,16.57M,-1.51%
6/10/1999,52.33,52.38,52.69,51.7,9.39M,-1.15%
6/9/1999,52.94,52.26,53.09,52.22,8.38M,1.67%
6/8/1999,52.07,53.53,53.78,51.8,8.13M,-2.51%
6/7/1999,53.41,52.68,53.74,52.57,11.49M,2.08%
6/4/1999,52.32,51.14,52.5,51.14,12.99M,3.07%
6/3/1999,50.76,51.88,51.88,50.45,11.15M,-1.42%
6/2/1999,51.49,50.61,51.76,49.34,12.00M,1.68%
6/1/1999,50.64,51.7,51.94,50.36,6.96M,-2.22%
5/28/1999,51.79,51.26,52.07,50.61,12.97M,1.65%
5/27/1999,50.95,50.79,51.69,50.14,23.33M,-0.10%
5/26/1999,51.0,50.26,51.2,48.71,26.77M,2.80%
5/25/1999,49.61,51.23,51.98,49.39,17.77M,-3.28%
5/24/1999,51.29,52.72,52.82,50.95,9.57M,-2.55%
5/21/1999,52.63,53.28,53.44,52.35,10.47M,-0.92%
5/20/1999,53.12,54.74,54.74,53.03,6.00M,-2.75%
5/19/1999,54.62,54.09,54.65,53.25,7.99M,1.39%
5/18/1999,53.87,54.06,54.37,53.25,9.27M,-0.44%
5/17/1999,54.11,52.69,54.28,52.17,9.91M,1.79%
5/14/1999,53.16,53.13,53.75,52.75,12.21M,-1.88%
5/13/1999,54.18,55.65,55.74,53.94,9.86M,-1.87%
5/12/1999,55.21,54.34,55.4,52.75,12.51M,2.07%
5/11/1999,54.09,53.69,54.37,53.38,8.80M,1.58%
5/10/1999,53.25,53.06,53.61,52.44,10.60M,1.01%
5/7/1999,52.72,52.44,52.88,51.32,16.43M,1.42%
5/6/1999,51.98,53.44,53.9,51.48,15.17M,-3.63%
5/5/1999,53.94,52.38,53.94,50.79,12.64M,3.04%
5/4/1999,52.35,53.28,54.12,52.04,15.43M,-1.58%
5/3/1999,53.19,53.31,53.53,52.29,11.11M,-0.52%
4/30/1999,53.47,53.87,54.15,51.57,15.30M,0.64%
4/29/1999,53.13,53.31,53.62,52.01,19.15M,-0.80%
4/28/1999,53.56,54.99,55.18,53.32,7.68M,-3.43%
4/27/1999,55.46,56.73,57.01,54.75,16.48M,-1.53%
4/26/1999,56.32,55.43,56.73,55.25,5.42M,2.31%
4/23/1999,55.05,54.06,55.46,53.5,7.06M,1.31%
4/22/1999,54.34,53.41,54.49,53.06,13.63M,2.70%
4/21/1999,52.91,50.89,52.94,50.2,10.94M,4.94%
4/20/1999,50.42,49.08,50.82,48.62,17.41M,2.27%
4/19/1999,49.3,52.07,52.5,48.78,19.46M,-4.70%
4/16/1999,51.73,53.16,53.16,51.45,17.27M,-2.91%
4/15/1999,53.28,52.75,53.37,50.89,17.65M,1.35%
4/14/1999,52.57,55.12,55.18,52.26,21.25M,-3.42%
4/13/1999,54.43,55.52,55.65,54.0,9.96M,-1.36%
4/12/1999,55.18,54.25,55.55,54.18,10.93M,-0.67%
4/9/1999,55.55,55.12,55.68,54.96,4.95M,0.62%
4/8/1999,55.21,54.68,55.47,53.56,7.95M,0.80%
4/7/1999,54.77,55.86,55.99,53.59,11.92M,-1.05%
4/6/1999,55.35,55.18,55.96,54.71,7.52M,0.20%
4/5/1999,55.24,54.18,55.32,53.84,5.70M,3.62%
4/1/1999,53.31,53.75,53.81,52.44,8.72M,2.09%
3/31/1999,52.22,53.87,53.94,52.07,8.26M,-1.47%
3/30/1999,53.0,53.31,53.75,52.78,4.94M,-0.71%
3/29/1999,53.38,52.13,53.41,51.82,5.11M,3.63%
3/26/1999,51.51,51.63,52.22,51.29,8.26M,-1.08%
3/25/1999,52.07,51.01,52.07,50.68,8.13M,3.66%
3/24/1999,50.23,49.02,50.26,48.27,8.45M,3.38%
3/23/1999,48.59,50.08,50.26,48.49,10.96M,-3.51%
3/22/1999,50.36,51.2,51.32,50.26,5.02M,-1.22%
3/19/1999,50.98,53.0,53.0,50.95,7.16M,-2.56%
3/18/1999,52.32,51.26,52.35,51.24,4.85M,1.95%
3/17/1999,51.32,51.7,51.76,51.17,3.97M,-0.74%
3/16/1999,51.7,51.48,51.91,50.92,4.91M,0.86%
3/15/1999,51.26,50.2,51.32,49.67,6.37M,2.87%
3/12/1999,49.83,50.89,50.92,49.42,8.74M,-2.43%
3/11/1999,51.07,51.2,51.49,50.08,9.69M,0.49%
3/9/1999,50.8135,50.9508,51.8573,50.6292,1032.90M,-0.27%
3/8/1999,50.9508,49.3431,50.9668,49.3431,970.75M,+3.26%
3/5/1999,49.3431,48.4211,49.7357,48.4211,859.20M,+1.91%
3/4/1999,48.4203,47.5882,48.9534,47.1133,889.43M,+1.75%
3/3/1999,47.5882,47.3851,47.9231,46.8508,864.38M,+0.59%
3/2/1999,47.3089,48.5373,48.9414,47.2513,894.02M,-2.53%
3/1/1999,48.5373,48.2435,48.7294,47.6503,770.80M,+0.65%
2/26/1999,48.2262,49.4564,49.4564,47.9612,901.17M,-2.49%
2/25/1999,49.4564,49.8258,49.8258,48.5048,858.70M,-0.74%
2/24/1999,49.8258,50.805,51.4961,49.8055,931.09M,-1.93%
2/23/1999,50.805,49.9982,50.9838,49.8875,912.11M,+1.61%
2/22/1999,49.9982,48.3858,50.0072,48.0616,843.51M,+3.34%
2/19/1999,48.3843,47.7455,48.5611,47.7455,813.48M,+1.34%
2/18/1999,47.7455,47.3768,47.975,46.7138,859.91M,+0.78%
2/17/1999,47.3768,48.9576,48.9576,47.2365,902.78M,-3.23%
2/16/1999,48.9579,49.0608,50.2141,48.6135,819.24M,-0.21%
2/12/1999,49.0608,51.2171,51.2171,49.0441,837.56M,-4.21%
2/11/1999,51.2171,48.7555,51.2271,48.7555,961.76M,+5.17%
2/10/1999,48.6996,48.4779,49.4441,48.2074,915.62M,+0.46%
2/9/1999,48.4779,50.9548,51.0049,48.4757,909.78M,-4.86%
2/8/1999,50.9548,49.8111,50.9548,49.7534,881.78M,+2.30%
2/5/1999,49.8111,50.7907,51.0946,49.1911,1013.74M,-1.93%
2/4/1999,50.7907,53.1025,53.1443,50.7882,1099.19M,-4.35%
2/3/1999,53.1022,52.071,53.1062,51.7095,1057.01M,+1.98%
2/2/1999,52.069,53.3775,53.4394,51.7446,963.71M,-2.45%
2/1/1999,53.3775,53.2838,53.876,52.9667,957.11M,+0.18%
1/29/1999,53.2838,52.7177,53.3089,51.9517,1057.12M,+1.07%
1/28/1999,52.7177,50.8584,52.7445,50.8584,1013.89M,+3.66%
1/27/1999,50.8584,51.6562,52.3901,50.8513,1034.48M,-1.54%
1/26/1999,51.6559,50.2016,51.689,50.2016,1030.16M,+3.26%
1/25/1999,50.0267,49.2014,50.052,48.8777,870.96M,+1.68%
1/22/1999,49.2014,49.14,49.8674,48.2618,1014.74M,+0.12%
1/21/1999,49.14,50.9423,50.9423,49.0288,1083.86M,-3.54%
1/20/1999,50.9423,50.9423,52.5093,50.9197,1280.98M,+0.00%
1/19/1999,50.9423,49.6375,50.9518,49.6375,1057.49M,+2.63%
1/15/1999,49.6375,47.7463,49.6565,47.7463,1001.16M,+3.96%
1/14/1999,47.7463,49.2237,49.2237,47.73,1012.27M,-2.19%
1/13/1999,48.8131,48.5719,49.7419,46.0562,1195.47M,+0.50%
1/12/1999,48.5719,50.1024,50.2757,48.5331,1107.30M,-3.05%
1/11/1999,50.1024,49.4381,50.1154,49.3056,1140.93M,+1.34%
1/8/1999,49.4381,49.255,50.3048,48.6177,1286.69M,+0.37%
1/7/1999,49.255,49.1949,49.4884,48.2723,1200.90M,+0.12%
1/6/1999,49.1949,47.6681,49.1949,47.6681,1252.65M,+3.20%
1/5/1999,47.6681,46.4505,47.6681,46.31,948.35M,+2.62%
1/4/1999,46.4505,45.9901,46.957,45.9255,936.66M,+1.00%
12/31/1998,45.9901,45.3904,46.2994,45.3363,886.63M,+1.38%
12/30/1998,45.3629,45.672,46.1629,45.2446,919.77M,-0.68%
12/29/1998,45.672,45.689,45.7889,45.1597,911.18M,-0.04%
12/28/1998,45.689,45.2394,45.8914,45.2196,861.88M,+0.99%
12/24/1998,45.2394,45.563,45.563,45.2301,443.63M,-0.71%
12/23/1998,45.563,44.282,45.563,44.282,965.29M,+2.89%
12/22/1998,44.282,44.77,44.9283,43.8777,906.74M,-1.09%
12/21/1998,44.77,43.4749,44.8496,43.4749,958.38M,+3.01%
12/18/1998,43.4599,42.3234,43.4754,42.3234,901.53M,+2.69%
12/17/1998,42.3234,41.488,42.3237,41.488,791.62M,+2.01%
12/16/1998,41.488,41.6759,42.0025,41.1181,840.98M,-0.45%
12/15/1998,41.6759,40.431,41.6802,40.431,766.69M,+3.08%
12/14/1998,40.4312,41.9489,41.9489,40.2669,742.44M,-3.64%
12/11/1998,41.9572,41.4004,42.101,41.1905,783.34M,+1.35%
12/10/1998,41.3999,42.217,42.5088,41.3921,870.69M,-1.94%
12/9/1998,42.217,41.7856,42.2468,41.6283,855.75M,+1.03%
12/8/1998,41.7856,42.0043,42.5591,41.3468,918.89M,-0.52%
12/7/1998,42.0043,40.83,42.0188,40.83,810.73M,+2.88%
12/4/1998,40.83,39.4478,40.83,39.4478,890.58M,+3.57%
12/3/1998,39.4215,40.5577,41.1123,39.4215,1040.49M,-2.80%
12/2/1998,40.5565,40.8931,40.9352,39.9588,982.39M,-0.82%
12/1/1998,40.8931,39.0252,40.8979,38.4546,1026.05M,+4.79%
11/30/1998,39.0252,40.7892,40.94,39.013,1106.52M,-4.32%
11/27/1998,40.7884,40.0402,40.8012,40.0402,512.93M,+1.87%
11/25/1998,40.0402,39.5981,40.0405,39.2742,815.54M,+1.12%
11/24/1998,39.5981,39.8043,40.2276,39.569,996.81M,-0.52%
11/23/1998,39.8043,38.6811,39.9202,38.6811,951.04M,+2.90%
11/20/1998,38.6811,38.5115,38.9501,38.3562,871.04M,+0.44%
11/19/1998,38.5115,37.9464,38.8241,37.9464,981.68M,+1.49%
11/18/1998,37.9464,37.5371,38.0621,37.4592,899.11M,+1.09%
11/17/1998,37.5371,36.9622,37.7785,36.6529,823.45M,+1.56%
11/16/1998,36.9622,36.7022,37.2969,36.5081,754.18M,+0.71%
11/13/1998,36.7022,36.7353,37.0148,36.4339,804.34M,-0.09%
11/12/1998,36.7353,37.0278,37.0737,36.5855,804.30M,-0.96%
11/11/1998,37.0902,37.0093,37.6864,37.0093,935.35M,+0.22%
11/10/1998,37.0093,36.7626,37.2731,36.5131,910.48M,+0.67%
11/9/1998,36.7626,36.5299,36.837,36.2456,845.73M,+0.64%
11/6/1998,36.5299,36.1213,36.5744,36.0437,937.63M,+1.13%
11/5/1998,36.1216,35.9202,36.217,35.6419,918.93M,+0.56%
11/4/1998,35.9202,35.1118,36.0098,35.1118,1050.45M,+2.30%
11/3/1998,35.1118,35.5392,35.5392,34.9565,889.00M,-1.20%
11/2/1998,35.5392,35.0815,35.5532,35.0815,889.15M,+1.30%
10/30/1998,35.0815,34.9758,35.4342,34.9448,920.01M,+0.30%
10/29/1998,34.9758,34.5665,35.0182,34.3323,899.64M,+1.18%
10/28/1998,34.5665,33.8997,34.5846,33.7662,783.82M,+1.97%
10/27/1998,33.8997,34.2902,35.4167,33.8997,965.91M,-1.14%
10/26/1998,34.2902,33.5806,34.3038,33.5503,815.57M,+2.11%
10/23/1998,33.5806,33.9461,34.0868,33.5445,826.67M,-1.08%
10/22/1998,33.9461,33.3664,33.9586,33.0165,894.00M,+1.74%
10/21/1998,33.3664,32.1435,33.3664,32.1435,831.48M,+3.80%
10/20/1998,32.1435,32.8184,33.4291,32.1335,1087.34M,-2.06%
10/19/1998,32.8184,32.4111,32.8356,32.1513,840.92M,+1.26%
10/16/1998,32.4111,32.5551,33.0228,32.2846,977.09M,-0.44%
10/15/1998,32.5551,30.9522,32.5764,30.8535,841.67M,+5.18%
10/14/1998,30.9522,30.2215,31.3971,29.3937,750.05M,+2.38%
10/13/1998,30.2316,31.1458,31.1458,30.0412,663.54M,-2.94%
10/12/1998,31.1458,30.0191,31.5333,30.0191,764.82M,+3.80%
10/9/1998,30.0054,28.2772,30.0369,28.2772,892.83M,+6.11%
10/8/1998,28.2772,28.6733,28.6733,26.6338,1209.51M,-1.93%
10/7/1998,28.8336,29.6604,30.1807,28.5393,940.23M,-2.85%
10/6/1998,29.679,30.2511,31.3212,29.4175,887.18M,-1.89%
10/5/1998,30.2511,31.7493,31.7493,29.431,877.18M,-5.39%
10/2/1998,31.9735,31.9058,32.2052,30.7776,871.45M,+0.21%
10/1/1998,31.9058,33.7028,33.7028,31.7215,856.96M,-5.33%
9/30/1998,33.7028,34.6787,34.6787,33.6557,737.76M,-2.85%
9/29/1998,34.69,34.6502,35.0783,34.293,781.71M,+0.12%
9/28/1998,34.6489,34.8203,35.3982,34.2604,696.68M,-0.49%
9/25/1998,34.8203,33.9779,34.8258,33.5423,700.23M,+2.48%
9/24/1998,33.9779,34.9345,35.1374,33.7635,814.08M,-2.74%
9/23/1998,34.9345,33.4701,34.9345,33.4701,932.78M,+4.38%
9/22/1998,33.4701,33.2575,33.7016,33.2086,755.18M,+0.64%
9/21/1998,33.2575,32.5811,33.2575,31.5441,548.67M,+2.08%
9/18/1998,32.5811,32.358,32.6345,32.2024,647.16M,+0.69%
9/17/1998,32.358,33.3514,33.3514,32.1398,683.67M,-2.98%
9/16/1998,33.3514,33.169,33.4784,32.9281,716.80M,+0.55%
9/15/1998,33.1695,32.7698,33.1741,32.4504,664.83M,+1.22%
9/14/1998,32.7698,32.3181,33.0638,32.3181,686.72M,+1.40%
9/11/1998,32.3181,30.9447,32.3219,30.9447,706.72M,+4.44%
9/10/1998,30.9447,31.606,31.606,30.4435,762.92M,-2.09%
9/9/1998,31.606,32.2247,33.0721,31.6057,695.17M,-1.92%
9/8/1998,32.2247,30.1942,32.2302,30.1942,780.33M,+6.72%
9/4/1998,30.1942,30.2832,30.8455,29.5958,623.41M,-0.29%
9/3/1998,30.2832,30.5958,30.8137,29.7176,752.25M,-1.02%
9/2/1998,30.5958,30.436,31.4885,30.4229,938.30M,+0.53%
9/1/1998,30.436,28.5643,30.5607,28.0077,1258.68M,+6.55%
8/31/1998,28.5643,31.6879,32.0331,28.5565,1003.78M,-9.86%
8/28/1998,31.6879,32.8712,33.0711,31.2984,905.54M,-3.54%
8/27/1998,32.8524,34.4185,34.4185,32.6032,959.26M,-4.55%
8/26/1998,34.4185,34.7767,34.7767,34.0871,685.86M,-1.03%
8/25/1998,34.7767,34.3401,35.0377,34.3401,688.04M,+1.27%
8/24/1998,34.3401,34.4365,34.8776,34.2299,588.24M,-0.28%
8/21/1998,34.4365,35.0234,35.0234,33.652,785.14M,-1.68%
8/20/1998,35.0234,35.0249,35.1885,34.7055,621.60M,-0.00%
8/19/1998,35.0249,35.0996,35.6046,34.9773,735.60M,-0.21%
8/18/1998,35.0996,34.2617,35.2158,34.2617,751.83M,+2.45%
8/17/1998,34.2617,33.3161,34.2657,33.1194,626.44M,+2.84%
8/14/1998,33.3161,33.5252,33.8872,33.0648,669.10M,-0.62%
8/13/1998,33.5252,33.9328,34.1572,33.5215,636.44M,-1.20%
8/12/1998,33.9328,33.3183,34.0062,33.3183,713.64M,+1.84%
8/11/1998,33.3183,34.1387,34.1387,32.9764,732.92M,-2.40%
8/10/1998,34.1387,34.1687,34.4526,33.8827,547.01M,-0.09%
8/7/1998,34.1685,34.2136,34.7819,34.0473,810.86M,-0.13%
8/6/1998,34.2136,33.3126,34.2136,32.9935,782.28M,+2.70%
8/5/1998,33.3126,32.9955,33.6437,32.3109,902.44M,+0.96%
8/4/1998,32.9955,34.278,34.7201,32.9737,914.99M,-3.74%
8/3/1998,34.278,34.4989,34.666,34.0763,655.14M,-0.64%
7/31/1998,34.4989,35.6211,35.6211,34.4826,740.54M,-3.15%
7/30/1998,35.6208,34.5695,35.6231,34.5695,739.54M,+3.04%
7/29/1998,34.5695,34.9002,35.3866,34.5034,730.54M,-0.95%
7/28/1998,34.9002,35.729,35.9129,34.8764,803.04M,-2.32%
7/27/1998,35.729,35.2839,35.7316,34.3413,715.58M,+1.26%
7/24/1998,35.2839,35.2138,35.7138,34.7143,805.61M,+0.20%
7/23/1998,35.2138,35.8345,36.22,35.2128,868.00M,-1.73%
7/22/1998,35.8345,35.8673,36.0454,35.2,828.75M,-0.09%
7/21/1998,35.8673,36.719,37.222,35.839,854.22M,-2.32%
7/20/1998,36.719,36.6709,37.0333,36.5364,722.06M,+0.13%
7/17/1998,36.6709,36.3866,36.725,36.1899,798.32M,+0.78%
7/16/1998,36.3866,36.3104,36.5366,36.0073,904.82M,+0.21%
7/15/1998,36.3104,35.5226,36.3728,35.5226,920.30M,+2.22%
7/14/1998,35.5226,35.5843,35.9071,35.4432,843.96M,-0.17%
7/13/1998,35.584,34.8458,35.5923,34.8458,776.95M,+2.12%
7/10/1998,34.8458,34.6482,34.8824,34.2935,709.61M,+0.57%
7/9/1998,34.6482,34.5134,34.9999,34.4117,844.84M,+0.39%
7/8/1998,34.5134,33.7239,34.5327,33.7236,841.82M,+2.34%
7/7/1998,33.7239,33.6302,33.7447,33.3086,806.45M,+0.28%
7/6/1998,33.6302,33.3785,33.6788,33.2166,691.81M,+0.75%
7/2/1998,33.3785,33.9699,33.9699,33.3612,793.33M,-1.74%
7/1/1998,33.9699,33.4989,33.9704,33.4681,857.36M,+1.41%
6/30/1998,33.4989,33.5586,33.6956,33.1427,862.20M,-0.18%
6/29/1998,33.5583,33.0881,33.6362,33.0881,659.28M,+1.42%
6/26/1998,33.0881,32.8492,33.1768,32.8492,614.63M,+0.73%
6/25/1998,32.8492,33.3441,33.7519,32.7658,838.58M,-1.48%
6/24/1998,33.3441,32.6235,33.3612,32.1926,927.39M,+2.21%
6/23/1998,32.6235,31.6779,32.631,31.6779,807.79M,+3.04%
6/22/1998,31.6601,31.0534,31.7109,30.9149,645.91M,+1.95%
6/19/1998,31.0534,30.7433,31.1243,30.7433,712.69M,+1.01%
6/18/1998,30.7433,30.6621,30.8285,30.4595,721.70M,+0.27%
6/17/1998,30.6619,30.3318,30.97,30.3318,830.79M,+1.09%
6/16/1998,30.3318,29.3967,30.3413,29.3967,680.42M,+3.18%
6/15/1998,29.3967,29.7328,29.9162,29.2857,629.03M,-1.13%
6/12/1998,29.7328,29.6857,29.7413,29.0037,745.64M,+0.16%
6/11/1998,29.6857,30.0412,30.2331,29.6589,718.21M,-1.18%
6/10/1998,30.0414,30.6469,30.6632,30.0402,707.46M,-1.98%
6/9/1998,30.6469,30.2343,30.6699,30.1587,709.09M,+1.36%
6/8/1998,30.2346,30.2265,30.3781,30.0567,610.09M,+0.03%
6/5/1998,30.2265,29.9382,30.2523,29.7489,679.59M,+0.96%
6/4/1998,29.9382,29.1565,29.9392,29.1565,725.20M,+2.68%
6/3/1998,29.1565,29.7368,30.0307,29.1457,727.00M,-1.95%
6/2/1998,29.7368,29.1958,29.8208,29.1958,701.07M,+1.85%
6/1/1998,29.1958,29.8601,29.8601,29.06,645.55M,-2.22%
5/29/1998,29.8601,30.4302,30.576,29.8521,664.24M,-1.87%
5/28/1998,30.4302,30.2957,30.5136,30.0647,644.88M,+0.44%
5/27/1998,30.2957,30.0617,30.3075,29.5635,793.89M,+0.78%
5/26/1998,30.0617,30.4127,30.7298,30.0159,676.26M,-1.15%
5/22/1998,30.4127,30.6524,31.1516,30.322,637.35M,-0.78%
5/21/1998,30.6524,31.0043,31.1195,30.596,681.88M,-1.14%
5/20/1998,31.0043,31.4512,31.5509,30.9051,674.39M,-1.42%
5/19/1998,31.4512,31.1233,31.5421,31.1233,678.04M,+1.05%
5/18/1998,31.1233,31.2984,31.4462,30.8678,685.93M,-0.56%
5/15/1998,31.2984,31.7145,31.8249,31.21,755.97M,-1.32%
5/14/1998,31.7157,31.6388,32.0696,31.3064,741.31M,+0.24%
5/13/1998,31.6388,31.4717,31.8214,31.4717,783.84M,+0.53%
5/12/1998,31.4717,31.0023,31.4717,30.8247,735.84M,+1.51%
5/11/1998,31.0021,31.4121,31.7443,30.9986,723.61M,-1.31%
5/8/1998,31.4121,30.6268,31.4384,30.4853,718.44M,+2.56%
5/7/1998,30.6268,31.1173,31.1641,30.6188,716.27M,-1.58%
5/6/1998,31.117,31.2428,31.4502,31.0001,752.82M,-0.40%
5/5/1998,31.2428,31.4532,31.5038,31.1927,767.37M,-0.68%
5/4/1998,31.4569,31.3495,31.7628,31.3495,770.84M,+0.34%
5/1/1998,31.3495,31.2641,31.4131,31.0882,774.60M,+0.27%
4/30/1998,31.2641,31.0497,31.465,31.0497,842.05M,+0.69%
4/29/1998,31.0497,30.6223,31.1048,30.6223,792.74M,+1.40%
4/28/1998,30.6223,30.561,31.1253,30.317,782.22M,+0.20%
4/27/1998,30.561,31.3147,31.3147,30.1805,796.37M,-2.41%
4/24/1998,31.3147,31.5261,31.7939,31.1381,806.25M,-0.67%
4/23/1998,31.5261,32.3357,32.3357,31.5038,891.51M,-2.50%
4/22/1998,32.3357,31.8046,32.8166,31.8046,1026.05M,+1.67%
4/21/1998,31.8046,31.3891,31.8177,31.0862,938.57M,+1.32%
4/20/1998,31.3891,30.8415,31.4116,30.8327,808.73M,+1.78%
4/17/1998,30.8415,30.7483,30.85,30.4901,811.93M,+0.30%
4/16/1998,30.7483,30.8443,30.8443,30.5028,854.83M,-0.31%
4/15/1998,30.8443,30.3874,31.0081,30.3874,901.95M,+1.50%
4/14/1998,30.3874,30.1331,30.4763,29.9883,777.69M,+0.84%
4/13/1998,30.1331,29.9833,30.196,29.6604,631.85M,+0.51%
4/9/1998,29.9811,29.8348,30.1599,29.8348,755.84M,+0.49%
4/8/1998,29.8348,29.6111,29.9953,29.5788,719.60M,+0.76%
4/7/1998,29.6111,30.1932,30.1932,29.3791,776.48M,-1.93%
4/6/1998,30.1932,30.9019,30.9209,30.1752,761.07M,-2.29%
4/3/1998,30.9019,30.8147,31.0677,30.7132,863.08M,+0.28%
4/2/1998,30.8147,30.7746,30.9733,30.6611,918.09M,+0.14%
4/1/1998,30.7704,30.5762,30.8207,30.2581,835.58M,+0.63%
3/31/1998,30.5762,30.216,30.736,30.216,841.00M,+1.16%
3/30/1998,30.225,30.3503,30.4387,30.088,655.78M,-0.41%
3/27/1998,30.3503,30.5081,30.728,30.224,738.42M,-0.52%
3/26/1998,30.5081,30.4302,30.6434,30.2173,725.07M,+0.26%
3/25/1998,30.4299,30.0039,30.8332,30.0039,871.65M,+1.42%
3/24/1998,30.0039,29.5372,30.0547,29.5372,803.81M,+1.58%
3/23/1998,29.5372,29.293,29.6802,29.1302,731.51M,+0.83%
3/20/1998,29.293,29.712,29.8303,29.2669,756.32M,-1.41%
3/19/1998,29.712,29.4828,29.7135,29.4731,789.29M,+0.78%
3/18/1998,29.4828,29.2544,29.4981,28.9901,757.12M,+0.78%
3/17/1998,29.2544,29.562,29.562,29.0282,799.94M,-1.04%
3/16/1998,29.562,29.2915,29.5931,29.2915,690.21M,+0.93%
3/13/1998,29.2895,29.1387,29.5818,29.1387,752.29M,+0.52%
3/12/1998,29.1387,28.9032,29.2178,28.7442,756.15M,+0.81%
3/11/1998,28.9032,28.7715,29.1532,28.7256,838.45M,+0.46%
3/10/1998,28.7715,28.2645,28.7762,28.2645,799.92M,+1.79%
3/9/1998,28.2645,29.1347,29.1347,28.2645,739.34M,-2.99%
3/6/1998,29.1347,28.2239,29.1347,28.2239,791.52M,+3.22%
3/5/1998,28.2259,29.5545,29.5545,28.1515,874.26M,-4.50%
3/4/1998,29.5545,29.4505,29.5883,29.2273,731.20M,+0.35%
3/3/1998,29.4505,29.4974,29.4974,29.0801,783.12M,-0.16%
3/2/1998,29.4974,29.9117,30.1619,29.4766,747.03M,-1.39%
2/27/1998,29.9117,30.2321,30.3866,29.9107,816.16M,-1.06%
2/26/1998,30.2333,30.0685,30.2551,29.9703,782.68M,+0.55%
2/25/1998,30.0685,29.3674,30.075,29.3674,845.06M,+2.39%
2/24/1998,29.3674,29.6963,29.9332,29.3659,774.92M,-1.11%
2/23/1998,29.6963,29.05,29.7025,29.05,731.71M,+2.22%
2/20/1998,29.05,28.9756,29.1529,28.6617,745.76M,+0.26%
2/19/1998,28.9754,28.5748,29.0891,28.5748,738.87M,+1.40%
2/18/1998,28.5743,28.2707,28.5743,28.2006,687.48M,+1.07%
2/17/1998,28.271,28.4716,28.7487,28.1993,691.97M,-0.71%
2/13/1998,28.4729,28.676,28.676,28.4684,683.18M,-0.71%
2/12/1998,28.676,28.526,28.7131,28.1169,769.56M,+0.53%
2/11/1998,28.526,28.5505,28.6931,28.3679,760.09M,-0.09%
2/10/1998,28.5505,28.1219,28.6805,28.1042,835.56M,+1.52%
2/9/1998,28.1229,28.4135,28.5302,28.0408,688.62M,-1.02%
2/6/1998,28.4135,27.9261,28.4153,27.8158,753.82M,+1.75%
2/5/1998,27.9261,28.166,28.6432,27.8815,865.99M,-0.85%
2/4/1998,28.166,27.8356,28.2494,27.7407,820.45M,+1.19%
2/3/1998,27.8359,27.5786,27.893,27.4642,764.14M,+0.93%
2/2/1998,27.5786,26.8307,27.6445,26.8307,808.12M,+2.79%
1/30/1998,26.8307,26.7773,27.0594,26.7197,729.51M,+0.20%
1/29/1998,26.7773,26.6325,27.1049,26.5418,827.97M,+0.55%
1/28/1998,26.632,25.9447,26.6746,25.9447,777.61M,+2.65%
1/27/1998,25.9447,25.4597,26.0203,25.4086,680.55M,+1.90%
1/26/1998,25.4597,25.6619,25.7227,25.2914,588.24M,-0.79%
1/23/1998,25.6619,25.5657,25.7668,25.4359,647.39M,+0.38%
1/22/1998,25.5657,25.7187,25.7814,25.4114,660.50M,-0.57%
1/21/1998,25.7132,25.7222,25.7951,25.484,716.85M,-0.04%
1/20/1998,25.7222,25.196,25.7222,25.196,715.49M,+2.09%
1/16/1998,25.196,24.9382,25.2649,24.9382,701.23M,+1.03%
1/15/1998,24.9382,24.958,25.1581,24.7228,659.45M,-0.08%
1/14/1998,24.958,24.9249,25.0975,24.6456,691.68M,+0.13%
1/13/1998,24.9249,24.3268,24.9249,24.3268,742.03M,+2.46%
1/12/1998,24.3268,23.9515,24.3305,23.3709,698.33M,+1.57%
1/9/1998,23.9515,24.9122,24.9365,23.8,813.46M,-3.86%
1/8/1998,24.9124,24.8227,25.1419,24.6048,645.05M,+0.34%
1/7/1998,24.8283,25.2065,25.2065,24.5154,691.34M,-1.50%
1/6/1998,25.2065,25.4853,25.5053,25.0975,635.70M,-1.09%
1/5/1998,25.4853,25.2551,25.7658,25.2305,681.56M,+0.91%
1/2/1998,25.2551,24.8185,25.2551,24.7413,434.14M,+1.76%
12/31/1997,24.8192,25.0104,25.1742,24.8057,795.46M,-0.76%
12/30/1997,25.0104,24.5111,25.0422,24.5111,758.36M,+2.04%
12/29/1997,24.5111,23.8984,24.5146,23.8984,645.09M,+2.56%
12/26/1997,23.8984,23.5207,23.9022,23.5207,204.70M,+1.61%
12/24/1997,23.5207,23.7857,24.0442,23.4764,312.17M,-1.11%
12/23/1997,23.7857,24.4375,24.5259,23.7767,614.30M,-2.68%
12/22/1997,24.4395,24.2947,24.8187,24.2847,627.10M,+0.59%
12/19/1997,24.295,24.2166,24.3709,23.4881,794.54M,+0.32%
12/18/1997,24.2166,24.6389,24.6674,23.9713,740.42M,-1.71%
12/17/1997,24.6389,24.9813,25.3485,24.6264,757.46M,-1.37%
12/16/1997,24.9816,24.6577,25.2388,24.6577,784.93M,+1.31%
12/15/1997,24.6577,24.5101,24.8308,24.052,792.57M,+0.60%
12/12/1997,24.5101,25.1035,25.2198,24.4014,760.43M,-2.33%
12/11/1997,25.096,25.8811,25.8811,24.9385,823.74M,-3.03%
12/10/1997,25.8808,26.3182,26.3182,25.5634,741.63M,-1.66%
12/9/1997,26.3182,27.126,27.126,26.2768,802.08M,-2.98%
12/8/1997,27.126,26.8091,27.1869,26.8091,634.42M,+1.18%
12/5/1997,26.8091,26.3705,26.8181,26.3024,663.22M,+1.66%
12/4/1997,26.3705,26.5924,26.7608,26.3111,695.12M,-0.83%
12/3/1997,26.5924,26.3532,26.6253,25.969,717.89M,+0.91%
12/2/1997,26.3532,27.0336,27.0336,26.3247,650.36M,-2.52%
12/1/1997,27.0336,26.3142,27.0376,26.3142,610.62M,+2.73%
11/28/1997,26.3142,26.1571,26.4159,26.119,209.93M,+0.60%
11/26/1997,26.1571,26.0023,26.2325,26.0023,517.56M,+0.60%
11/25/1997,26.0023,25.8059,26.0804,25.7045,642.00M,+0.76%
11/24/1997,25.8059,26.4665,26.4665,25.7658,556.72M,-2.50%
11/21/1997,26.4665,26.6142,26.9018,26.2871,679.10M,-0.56%
11/20/1997,26.6142,26.0288,26.64,26.0288,687.99M,+2.25%
11/19/1997,26.0288,25.9585,26.1015,25.8214,552.58M,+0.27%
11/18/1997,25.9585,26.2939,26.3432,25.9565,575.21M,-1.28%
11/17/1997,26.2939,25.7465,26.4389,25.7465,652.88M,+2.13%
11/14/1997,25.7465,25.1221,25.8084,25.1221,705.39M,+2.25%
11/13/1997,25.1804,24.5515,25.1804,24.3378,772.65M,+2.56%
11/12/1997,24.551,25.3235,25.3235,24.5161,706.29M,-3.05%
11/11/1997,25.3235,25.3375,25.5404,25.22,567.56M,-0.06%
11/10/1997,25.338,25.7583,26.0521,25.328,589.74M,-1.63%
11/7/1997,25.7583,25.9049,25.9204,25.3074,673.20M,-0.57%
11/6/1997,25.9049,26.2242,26.2598,25.8585,629.49M,-1.22%
11/5/1997,26.2242,26.2418,26.4993,26.2074,695.50M,-0.07%
11/4/1997,26.2418,26.3194,26.4539,26.1065,631.09M,-0.30%
11/3/1997,26.3194,25.5404,26.3262,25.5404,642.76M,+3.05%
10/31/1997,25.5404,25.0665,25.7338,25.0665,710.01M,+1.89%
10/30/1997,25.0665,25.7944,25.7944,25.0665,754.11M,-2.82%
10/29/1997,25.7944,26.223,26.4855,25.6862,900.60M,-1.63%
10/28/1997,26.223,24.5189,26.3031,23.1933,1395.00M,+7.03%
10/27/1997,24.5011,26.4852,26.4852,24.4435,906.36M,-7.49%
10/24/1997,26.4852,26.9188,27.3078,26.2205,936.24M,-1.61%
10/23/1997,26.9188,27.5215,27.5215,26.6814,818.88M,-2.19%
10/22/1997,27.5215,27.8181,27.916,27.5065,774.91M,-1.07%
10/21/1997,27.8181,27.2595,27.8281,27.2595,789.34M,+2.05%
10/20/1997,27.2595,26.9306,27.3685,26.9078,683.66M,+1.22%
10/17/1997,26.9306,27.5383,27.5383,26.5208,921.83M,-2.21%
10/16/1997,27.5383,28.0315,28.2389,27.3031,833.83M,-1.76%
10/15/1997,28.0315,28.3411,28.3411,27.7895,816.14M,-1.09%
10/14/1997,28.3411,28.5678,28.6527,28.0623,749.29M,-0.79%
10/13/1997,28.5678,28.4999,28.7091,28.4839,653.12M,+0.24%
10/10/1997,28.4999,28.7614,28.7614,28.4919,707.02M,-0.91%
10/9/1997,28.7614,28.6903,28.9037,28.4967,780.59M,+0.25%
10/8/1997,28.6895,28.5746,28.7028,28.3607,786.41M,+0.40%
10/7/1997,28.5743,28.2033,28.6597,28.2033,777.30M,+1.32%
10/6/1997,28.2033,28.166,28.3499,28.0859,715.45M,+0.13%
10/3/1997,28.166,27.8767,28.4353,27.8767,765.24M,+1.04%
10/2/1997,27.8755,27.6052,27.8922,27.6052,704.98M,+0.98%
10/1/1997,27.6054,27.4829,27.8043,27.2873,970.68M,+0.45%
9/30/1997,27.4827,28.024,28.024,27.4749,779.73M,-1.93%
9/29/1997,28.024,27.7247,28.0318,27.648,635.55M,+1.08%
9/26/1997,27.7247,27.7161,27.9571,27.6067,678.78M,+0.03%
9/25/1997,27.7161,27.9516,28.0393,27.6984,732.46M,-0.84%
9/24/1997,27.9516,28.4315,28.5483,27.8945,784.48M,-1.69%
9/23/1997,28.4315,28.1462,28.4446,28.1259,755.21M,+1.01%
9/22/1997,28.1462,28.0217,28.4358,28.0217,703.72M,+0.44%
9/19/1997,28.0217,27.7865,28.0217,27.7575,679.86M,+0.85%
9/18/1997,27.7865,27.77,28.1067,27.7209,718.24M,+0.06%
9/17/1997,27.77,27.9676,28.1149,27.7637,770.02M,-0.71%
9/16/1997,27.9676,27.0601,28.002,27.0601,745.33M,+3.35%
9/15/1997,27.0601,27.7059,27.7788,27.0586,663.57M,-2.33%
9/12/1997,27.7059,27.6806,27.7692,27.3938,690.96M,+0.09%
9/11/1997,27.6806,27.6277,27.7442,27.116,708.04M,+0.19%
9/10/1997,27.6277,28.2234,28.2254,27.6247,724.20M,-2.11%
9/9/1997,28.2234,28.0002,28.28,27.9822,711.41M,+0.80%
9/8/1997,28.0002,27.8331,28.1633,27.8331,648.04M,+0.60%
9/5/1997,27.8331,27.6996,28.051,27.6736,644.38M,+0.48%
9/4/1997,27.6996,27.5648,27.8056,27.522,669.77M,+0.49%
9/3/1997,27.5648,27.6225,27.9173,27.5365,652.52M,-0.21%
9/2/1997,27.6227,26.9068,27.6347,26.9068,583.88M,+2.67%
8/29/1997,26.9038,26.8179,27.0706,26.7618,498.24M,+0.33%
8/28/1997,26.8166,27.3507,27.3507,26.6663,664.03M,-1.95%
8/27/1997,27.3507,27.3837,27.521,27.024,635.43M,-0.12%
8/26/1997,27.3837,27.7492,27.7492,27.3775,664.84M,-1.31%
8/25/1997,27.748,27.8271,28.1001,27.5962,567.74M,-0.28%
8/22/1997,27.8271,28.0227,28.0227,27.0353,628.78M,-0.70%
8/21/1997,28.0227,28.6828,28.6828,27.9681,703.63M,-2.30%
8/20/1997,28.6828,28.0844,28.6878,27.9746,713.53M,+2.13%
8/19/1997,28.0844,27.2921,28.0844,27.2921,654.02M,+2.90%
8/18/1997,27.2921,26.9689,27.2941,26.5739,545.60M,+1.20%
8/15/1997,26.9694,27.6425,27.6425,26.9687,540.24M,-2.43%
8/14/1997,27.6417,27.5313,27.7171,27.3597,575.88M,+0.40%
8/13/1997,27.5313,27.3229,27.8504,27.1793,648.37M,+0.76%
8/12/1997,27.3229,27.5834,27.9789,27.3191,637.48M,-0.94%
8/11/1997,27.5834,27.9301,27.9646,27.1505,613.98M,-1.24%
8/8/1997,27.9301,28.4458,28.4458,27.666,691.65M,-1.81%
8/7/1997,28.4458,28.6014,28.8519,28.4433,747.46M,-0.54%
8/6/1997,28.6014,28.4659,28.8048,28.2822,780.35M,+0.48%
8/5/1997,28.4659,28.3268,28.5357,27.3392,731.87M,+1.10%
8/4/1997,28.157,27.778,28.1821,27.7054,593.30M,+1.37%
8/1/1997,27.7778,27.7299,27.9043,27.4115,584.02M,+0.17%
7/31/1997,27.7299,27.5786,27.8111,27.4744,677.69M,+0.55%
7/30/1997,27.5784,27.252,27.6658,27.147,724.95M,+1.20%
7/29/1997,27.2512,26.9321,27.2512,26.7836,632.30M,+1.18%
7/28/1997,26.9321,27.1879,27.3003,26.8347,589.50M,-0.94%
7/25/1997,27.1879,27.251,27.4847,27.0213,666.60M,-0.26%
7/24/1997,27.2577,27.3549,27.3707,26.8404,742.10M,-0.36%
7/23/1997,27.3549,27.3269,27.7217,27.2319,693.28M,+0.10%
7/22/1997,27.3269,26.513,27.3321,26.513,647.96M,+3.07%
7/21/1997,26.513,26.8272,26.876,26.3272,535.71M,-1.17%
7/18/1997,26.8272,27.4273,27.4273,26.4792,668.55M,-2.18%
7/17/1997,27.4248,27.6397,27.7572,27.2264,750.89M,-0.78%
7/16/1997,27.6397,26.5268,27.7041,26.5268,836.20M,+4.19%
7/15/1997,26.5273,26.098,26.628,26.098,726.93M,+1.65%
7/14/1997,26.098,25.4402,26.098,25.4402,677.58M,+2.59%
7/11/1997,25.4402,25.3012,25.4961,25.1223,651.46M,+0.55%
7/10/1997,25.3004,25.3029,25.3838,24.9455,637.32M,-0.01%
7/9/1997,25.3019,25.1945,25.5294,25.1912,707.87M,+0.43%
7/8/1997,25.1945,24.8245,25.1962,24.7977,635.39M,+1.49%
7/7/1997,24.8245,24.7113,25.0319,24.7113,546.11M,+0.46%
7/3/1997,24.7113,24.446,24.8117,24.446,371.76M,+1.09%
7/2/1997,24.446,23.8827,24.449,23.8827,622.39M,+2.36%
7/1/1997,23.8827,23.9793,24.0913,23.7409,589.03M,-0.40%
6/30/1997,23.9793,24.1239,24.3095,23.9325,637.02M,-0.59%
6/27/1997,24.1224,24.2308,24.4623,24.0888,548.48M,-0.45%
6/26/1997,24.2308,24.5284,24.5828,24.196,612.94M,-1.21%
6/25/1997,24.5284,24.7088,24.8776,24.312,672.87M,-0.73%
6/24/1997,24.7088,24.2737,24.7198,24.2737,630.08M,+1.79%
6/23/1997,24.2739,24.5833,24.7288,24.2604,553.91M,-1.26%
6/20/1997,24.5833,24.5968,24.7797,24.5264,612.26M,-0.05%
6/19/1997,24.5968,24.3363,24.7225,23.6918,651.74M,+1.07%
6/18/1997,24.3363,24.7827,24.7827,24.3183,588.34M,-1.80%
6/17/1997,24.7827,24.4397,24.8448,24.3037,618.76M,+1.37%
6/16/1997,24.4475,24.1572,24.4475,24.1106,500.07M,+1.20%
6/13/1997,24.1572,23.7957,24.327,23.7787,593.87M,+1.52%
6/12/1997,23.7965,23.7714,23.9393,23.4458,630.23M,+0.11%
6/11/1997,23.7714,23.5743,23.784,23.3313,623.70M,+0.83%
6/10/1997,23.5756,23.9107,23.9941,23.4931,664.99M,-1.42%
6/9/1997,23.9157,23.6715,24.0382,23.6715,558.86M,+1.03%
6/6/1997,23.671,23.3108,23.7031,23.2199,586.01M,+1.55%
6/5/1997,23.3108,23.0941,23.4395,23.0941,560.95M,+0.94%
6/4/1997,23.0941,23.2907,23.5958,22.9438,594.22M,-0.84%
6/3/1997,23.2907,24.0142,24.0142,23.2825,586.41M,-3.01%
6/2/1997,24.0142,24.0182,24.2449,23.8203,555.22M,-0.02%
5/30/1997,24.0182,24.311,24.311,23.7579,713.77M,-1.20%
5/29/1997,24.311,24.6131,24.7243,24.2889,611.46M,-1.23%
5/28/1997,24.6131,24.6634,24.7584,24.4508,646.84M,-0.20%
5/27/1997,24.6634,24.0239,24.6719,23.9495,634.04M,+2.66%
5/23/1997,24.0239,23.699,24.0244,23.695,539.44M,+1.37%
5/22/1997,23.6988,23.8007,23.9072,23.5873,551.36M,-0.47%
5/21/1997,23.8098,23.5988,24.084,23.5988,654.89M,+0.89%
5/20/1997,23.5988,22.884,23.5996,22.8652,531.94M,+3.12%
5/19/1997,22.884,22.927,23.2512,22.7625,451.06M,-0.19%
5/16/1997,22.927,23.3403,23.3403,22.9228,562.76M,-1.78%
5/15/1997,23.3413,22.7925,23.3556,22.7878,595.40M,+2.41%
5/14/1997,22.7925,22.8088,22.929,22.5501,612.48M,-0.07%
5/13/1997,22.8088,23.1612,23.2016,22.776,578.61M,-1.52%
5/12/1997,23.1612,23.0235,23.2447,22.9962,529.71M,+0.60%
5/9/1997,23.022,23.0237,23.3186,22.8023,544.81M,-0.03%
5/8/1997,23.0277,22.7767,23.1968,22.6295,620.05M,+1.10%
5/7/1997,22.7767,22.9173,23.1364,22.6425,610.71M,-0.61%
5/6/1997,22.9173,23.3649,23.3649,22.8028,741.91M,-1.93%
5/5/1997,23.3679,22.7818,23.3679,22.7046,835.14M,+2.57%
5/2/1997,22.7818,22.0962,22.7835,22.0962,723.59M,+3.10%
5/1/1997,22.0962,21.9113,22.2054,21.3442,615.62M,+0.84%
4/30/1997,21.9113,21.4484,21.9917,21.3154,657.06M,+2.16%
4/29/1997,21.4484,20.7753,21.4492,20.7753,573.42M,+3.24%
4/28/1997,20.7753,20.5043,20.8778,20.346,453.00M,+1.32%
4/25/1997,20.5043,20.9847,20.9847,20.5043,497.29M,-2.29%
4/24/1997,20.9847,20.9903,21.384,20.9194,586.82M,-0.03%
4/23/1997,20.9903,20.492,21.0188,20.4893,584.32M,+2.43%
4/22/1997,20.492,20.1018,20.492,19.8671,619.44M,+1.94%
4/21/1997,20.1018,20.4487,20.5329,20.0249,546.34M,-1.71%
4/18/1997,20.4507,20.245,20.7498,20.245,574.96M,+1.02%
4/17/1997,20.245,20.0053,20.4419,20.0053,600.61M,+1.19%
4/16/1997,20.0061,19.9888,20.116,19.7293,575.51M,+0.09%
4/15/1997,19.989,20.2092,20.4545,19.7796,572.05M,-1.09%
4/14/1997,20.2092,19.7879,20.2095,19.6654,471.24M,+2.13%
4/11/1997,19.7879,20.3761,20.3761,19.7836,533.99M,-2.88%
4/10/1997,20.3756,20.7588,20.7588,20.3695,520.77M,-1.85%
4/9/1997,20.7588,21.0501,21.2863,20.7493,564.04M,-1.38%
4/8/1997,21.0501,20.8485,21.0514,20.6964,522.45M,+0.97%
4/7/1997,20.8485,20.6002,21.0346,20.6002,568.27M,+1.21%
4/4/1997,20.6002,20.1561,20.6378,19.9592,667.64M,+2.20%
4/3/1997,20.1561,19.6364,20.1561,19.5174,580.49M,+2.65%
4/2/1997,19.6364,19.9587,19.9768,19.5221,583.25M,-1.62%
4/1/1997,19.9587,19.9655,20.5609,19.5953,599.44M,-0.03%
3/31/1997,19.9655,20.5086,20.5086,19.9507,583.64M,-2.65%
3/27/1997,20.5086,20.9003,21.125,20.2834,579.95M,-1.87%
3/26/1997,20.9003,20.2192,20.9051,20.2192,591.61M,+3.37%
3/25/1997,20.2192,20.0985,20.4214,20.0224,544.05M,+0.60%
3/24/1997,20.0985,20.358,20.358,19.6519,594.97M,-1.27%
3/21/1997,20.358,20.5835,20.7761,20.3214,571.12M,-1.10%
3/20/1997,20.5835,20.3347,20.716,20.1459,632.06M,+1.22%
3/19/1997,20.3347,20.7297,20.7297,19.9953,704.76M,-1.91%
3/18/1997,20.7297,20.8467,21.3134,20.5739,540.27M,-0.56%
3/17/1997,20.8467,21.0153,21.0153,20.4575,580.85M,-0.80%
3/14/1997,21.0156,21.0536,21.2959,20.9918,589.90M,-0.18%
3/13/1997,21.0536,21.0241,21.2237,20.9023,553.47M,+0.14%
3/12/1997,21.0241,21.254,21.3076,20.9201,564.22M,-1.08%
3/11/1997,21.254,21.4128,21.5045,21.254,573.77M,-0.74%
3/10/1997,21.4128,21.0669,21.4128,20.7761,562.65M,+1.64%
3/7/1997,21.0669,21.3294,21.4802,20.9662,636.33M,-1.23%
3/6/1997,21.3294,21.8444,21.8998,21.3164,641.41M,-2.36%
3/5/1997,21.8444,21.5932,21.8504,21.5902,660.10M,+1.16%
3/4/1997,21.5932,21.4439,21.7693,21.4439,597.10M,+0.70%
3/3/1997,21.4439,21.3031,21.4669,21.1438,531.98M,+0.66%
2/28/1997,21.3031,21.2538,21.5045,20.9377,686.88M,+0.22%
2/27/1997,21.256,22.0616,22.0616,21.2455,673.50M,-3.65%
2/26/1997,22.0616,22.0942,22.2141,21.8337,640.94M,-0.15%
2/25/1997,22.0942,22.0496,22.3499,21.9148,700.88M,+0.20%
2/24/1997,22.0496,21.6498,22.0598,21.3735,574.06M,+1.85%
2/21/1997,21.6493,22.0493,22.0493,21.5942,612.77M,-1.82%
2/20/1997,22.0501,22.4869,22.4869,21.9997,609.67M,-1.94%
2/19/1997,22.4852,22.4822,22.6342,22.3619,616.10M,+0.01%
2/18/1997,22.4822,22.5418,22.5896,22.2555,563.71M,-0.26%
2/14/1997,22.5418,22.7324,22.7727,22.4744,587.21M,-0.84%
2/13/1997,22.7329,22.5566,22.8516,22.5566,730.41M,+0.78%
2/12/1997,22.5566,21.8354,22.5566,21.8354,669.23M,+3.30%
2/11/1997,21.8354,21.8442,22.0791,21.4429,650.98M,-0.04%
2/10/1997,21.8442,22.54,22.6164,21.8201,629.50M,-3.09%
2/7/1997,22.54,22.1813,22.5851,22.1756,644.31M,+1.62%
2/6/1997,22.1813,22.2279,22.3146,21.992,623.49M,-0.21%
2/5/1997,22.2282,22.9523,22.9581,21.9424,680.46M,-3.16%
2/4/1997,22.9523,22.9952,23.0057,22.5956,606.16M,-0.19%
2/3/1997,22.9952,23.0838,23.2532,22.924,537.54M,-0.38%
1/31/1997,23.0838,22.8374,23.1956,22.8374,679.19M,+1.08%
1/30/1997,22.8374,22.3552,22.8379,22.3552,653.64M,+2.16%
1/29/1997,22.3552,22.3133,22.4942,22.154,599.26M,+0.19%
1/28/1997,22.3133,22.289,22.7529,22.1475,658.96M,+0.11%
1/27/1997,22.289,22.5032,23.0813,22.262,537.78M,-0.95%
1/24/1997,22.5032,22.8632,22.9315,22.4453,721.43M,-1.57%
1/23/1997,22.8632,23.1833,23.4987,22.8632,795.36M,-1.38%
1/22/1997,23.1833,22.888,23.1833,21.9985,720.79M,+1.29%
1/21/1997,22.888,22.5378,22.9275,22.4368,681.85M,+1.55%
1/20/1997,22.5385,22.1292,22.6405,22.0977,592.38M,+1.85%
1/17/1997,22.1292,21.8835,22.1866,21.8617,673.12M,+1.12%
1/16/1997,21.8835,21.6515,22.0561,21.6515,712.97M,+1.08%
1/15/1997,21.6495,22.0776,22.1287,21.6458,681.17M,-1.94%
1/14/1997,22.0776,21.6515,22.2029,21.6515,629.07M,+1.97%
1/13/1997,21.6518,21.6821,21.8081,21.5809,612.09M,-0.14%
1/10/1997,21.6819,21.4657,21.6819,21.2037,659.53M,+1.01%
1/9/1997,21.4657,21.369,21.5468,21.3475,621.95M,+0.45%
1/8/1997,21.369,21.6561,21.7267,21.3587,666.49M,-1.33%
1/7/1997,21.6561,21.3728,21.6561,21.2285,577.74M,+1.32%
1/6/1997,21.373,21.2545,21.4965,21.1521,588.14M,+0.60%
1/3/1997,21.2458,20.4299,21.246,20.4299,519.14M,+3.99%
1/2/1997,20.4299,20.5742,20.6872,20.1937,492.35M,-0.70%
12/31/1996,20.5742,20.7027,20.8169,20.5499,666.01M,-0.62%
12/30/1996,20.7027,20.9206,21.0742,20.7027,559.63M,-1.07%
12/27/1996,20.9274,21.1157,21.1676,20.9166,390.28M,-0.89%
12/26/1996,21.1157,20.9259,21.131,20.9259,384.56M,+0.91%
12/24/1996,20.9259,20.6584,20.9259,20.5902,261.25M,+1.29%
12/23/1996,20.6601,20.8921,20.9722,20.5759,483.68M,-1.11%
12/20/1996,20.8921,21.1343,21.3715,20.862,628.63M,-1.15%
12/19/1996,21.1345,20.9544,21.2044,20.9544,645.67M,+0.86%
12/18/1996,20.9544,20.4379,20.9614,20.4379,617.60M,+2.54%
12/17/1996,20.4347,20.1549,20.4469,19.9923,613.23M,+1.37%
12/16/1996,20.1589,20.7518,20.9519,20.112,518.00M,-2.86%
12/13/1996,20.7518,21.1255,21.1255,20.6776,553.66M,-1.77%
12/12/1996,21.1255,21.4514,21.8677,21.125,581.26M,-1.52%
12/11/1996,21.4514,21.2655,21.497,20.9434,628.97M,+0.87%
12/10/1996,21.2655,21.4579,21.7853,21.2655,676.52M,-0.90%
12/9/1996,21.4579,20.7207,21.4584,20.7207,574.01M,+3.56%
12/6/1996,20.7207,20.9359,20.9574,20.1661,644.54M,-1.03%
12/5/1996,20.9359,20.9071,21.0636,20.8467,602.41M,+0.14%
12/4/1996,20.9071,20.9888,21.1057,20.6969,626.42M,-0.39%
12/3/1996,20.9888,21.1571,21.4366,20.9504,681.12M,-0.80%
12/2/1996,21.1571,20.8911,21.1571,20.7232,515.46M,+1.27%
11/29/1996,20.8911,20.85,20.9447,20.85,207.10M,+0.20%
11/27/1996,20.85,20.6781,20.8695,20.6323,493.29M,+0.83%
11/26/1996,20.6781,20.5712,20.7385,20.3315,627.42M,+0.52%
11/25/1996,20.5712,20.5028,20.596,20.3863,622.82M,+0.35%
11/22/1996,20.4993,20.0509,20.5066,20.0509,669.24M,+2.24%
11/21/1996,20.0509,20.2493,20.3545,19.9926,569.87M,-0.98%
11/20/1996,20.2493,20.1839,20.5163,20.1664,558.92M,+0.32%
11/19/1996,20.1839,19.8711,20.1949,19.82,547.46M,+1.57%
11/18/1996,19.8711,20.0249,20.0654,19.7313,492.94M,-0.77%
11/15/1996,20.0251,20.2834,20.3976,19.8914,613.02M,-1.27%
11/14/1996,20.2834,20.0066,20.2959,19.9294,602.31M,+1.38%
11/13/1996,20.0066,19.8911,20.0697,19.7914,574.95M,+0.58%
11/12/1996,19.8911,20.1574,20.3092,19.8646,593.41M,-1.32%
11/11/1996,20.1574,20.0056,20.1639,19.9307,435.16M,+0.76%
11/8/1996,20.0056,19.9244,20.0103,19.7341,543.61M,+0.41%
11/7/1996,19.9244,19.711,20.0609,19.6654,651.20M,+1.08%
11/6/1996,19.711,19.2852,19.712,19.2145,621.94M,+2.21%
11/5/1996,19.2854,18.9428,19.3886,18.9428,567.88M,+1.81%
11/4/1996,18.9428,18.9247,18.9996,18.823,436.62M,+0.10%
11/1/1996,18.9247,18.8365,19.0404,18.7609,544.42M,+0.47%
10/31/1996,18.8365,18.445,18.8526,18.445,567.37M,+2.12%
10/30/1996,18.445,18.316,18.5928,18.316,537.52M,+0.70%
10/29/1996,18.316,18.5773,18.7627,18.297,549.44M,-1.41%
10/28/1996,18.5773,18.6251,18.8666,18.5695,502.50M,-0.26%
10/25/1996,18.6251,18.7469,18.8894,18.6201,551.67M,-0.65%
10/24/1996,18.7469,18.7792,19.0384,18.7181,541.76M,-0.17%
10/23/1996,18.7792,18.452,18.8015,18.3516,549.81M,+1.77%
10/22/1996,18.452,18.6935,18.703,18.2995,600.39M,-1.29%
10/21/1996,18.6935,18.9578,19.1534,18.6151,489.14M,-1.39%
10/18/1996,18.9578,18.9312,18.9994,18.8268,545.88M,+0.14%
10/17/1996,18.932,19.2286,19.3618,18.932,580.14M,-1.54%
10/16/1996,19.2286,19.4149,19.4149,19.0966,546.75M,-0.96%
10/15/1996,19.4149,19.3375,19.8909,19.2954,571.22M,+0.40%
10/14/1996,19.3375,19.1785,19.3591,19.1704,438.41M,+0.83%
10/11/1996,19.1785,18.8228,19.18,18.8228,526.81M,+1.89%
10/10/1996,18.8228,18.8861,19.0387,18.7642,579.11M,-0.34%
10/9/1996,18.8861,18.8679,19.1334,18.7905,566.24M,+0.10%
10/8/1996,18.8679,19.1614,19.3062,18.8606,561.77M,-1.51%
10/7/1996,19.1579,19.0151,19.177,18.9823,480.67M,+0.75%
10/4/1996,19.0151,18.6184,19.0154,18.6184,562.73M,+2.13%
10/3/1996,18.6184,18.7253,18.8383,18.6184,575.39M,-0.57%
10/2/1996,18.7253,18.3984,18.7852,18.3984,576.59M,+1.78%
10/1/1996,18.3984,18.4756,18.5352,18.2141,542.53M,-0.42%
9/30/1996,18.4753,18.6547,18.7584,18.4646,524.29M,-0.96%
9/27/1996,18.6547,18.6517,18.7223,18.5598,561.54M,+0.02%
9/26/1996,18.6517,18.6797,18.9828,18.5755,721.82M,-0.14%
9/25/1996,18.6787,18.4508,18.6888,18.4508,622.59M,+1.23%
9/24/1996,18.4513,18.3711,18.57,18.3255,583.42M,+0.44%
9/23/1996,18.3711,18.6219,18.6219,18.3183,366.28M,-1.35%
9/20/1996,18.6219,18.4551,18.6765,18.3649,590.56M,+0.90%
9/19/1996,18.4551,18.2264,18.4971,18.166,563.28M,+1.25%
9/18/1996,18.2264,18.0979,18.428,17.9531,552.93M,+0.71%
9/17/1996,18.0979,17.7652,18.1404,17.7652,632.22M,+1.87%
9/16/1996,17.7652,17.7311,17.9313,17.7008,575.52M,+0.19%
9/13/1996,17.7311,17.1748,17.7324,17.1748,638.56M,+3.24%
9/12/1996,17.1748,16.911,17.2186,16.9013,543.50M,+1.56%
9/11/1996,16.911,16.8241,16.9456,16.6833,487.02M,+0.52%
9/10/1996,16.8241,16.8324,16.8943,16.6838,479.13M,-0.05%
9/9/1996,16.8324,16.638,16.8351,16.6207,437.01M,+1.17%
9/6/1996,16.638,16.3399,16.7046,16.3399,471.02M,+1.82%
9/5/1996,16.3399,16.7627,16.7627,16.3392,461.97M,-2.52%
9/4/1996,16.7627,16.765,16.8414,16.6889,439.82M,-0.01%
9/3/1996,16.765,16.6217,16.768,16.2938,394.51M,+0.86%
8/30/1996,16.6217,16.8103,16.8544,16.6117,336.61M,-1.12%
8/29/1996,16.8103,17.025,17.025,16.7913,419.99M,-1.26%
8/28/1996,17.025,17.0095,17.0686,16.9531,461.52M,+0.09%
8/27/1996,17.0095,16.8544,17.0102,16.8544,491.13M,+0.91%
8/26/1996,16.8559,16.9724,16.9952,16.8251,422.09M,-0.69%
8/23/1996,16.9724,17.0741,17.1623,16.9629,434.32M,-0.60%
8/22/1996,17.0741,16.7182,17.0741,16.7182,495.05M,+2.13%
8/21/1996,16.7182,16.6042,16.7931,16.494,416.54M,+0.69%
8/20/1996,16.6042,16.789,16.8199,16.6007,406.17M,-1.10%
8/19/1996,16.789,16.8399,16.8579,16.5333,350.17M,-0.30%
8/16/1996,16.8399,16.9604,17.0518,16.8309,420.75M,-0.71%
8/15/1996,16.9604,16.9624,17.0496,16.8827,457.75M,-0.01%
8/14/1996,16.9624,16.7602,16.9924,16.7602,428.62M,+1.21%
8/13/1996,16.7602,17.018,17.018,16.6969,405.24M,-1.51%
8/12/1996,17.018,16.9909,17.0814,16.7926,366.74M,+0.16%
8/9/1996,16.9909,16.9712,17.0901,16.8189,457.37M,+0.12%
8/8/1996,16.9712,17.0916,17.0916,16.9416,470.10M,-0.71%
8/7/1996,17.0926,16.8251,17.0954,16.7485,534.14M,+1.59%
8/6/1996,16.8251,16.5578,16.8264,16.4138,450.04M,+1.61%
8/5/1996,16.5578,16.7287,16.8073,16.5323,394.23M,-1.02%
8/2/1996,16.7287,16.3086,16.7976,16.3086,577.24M,+2.58%
8/1/1996,16.3086,15.9314,16.3294,15.9151,500.64M,+2.37%
7/31/1996,15.9314,15.7888,16.0363,15.7382,481.22M,+0.90%
7/30/1996,15.7888,15.5431,15.7908,15.4722,418.47M,+1.58%
7/29/1996,15.5431,15.8657,15.9574,15.5409,417.78M,-2.03%
7/26/1996,15.8657,15.5401,15.873,15.5401,473.14M,+2.10%
7/25/1996,15.5401,15.1559,15.5441,15.1559,541.90M,+2.54%
7/24/1996,15.1559,14.9875,15.2763,14.4735,678.05M,+1.12%
7/23/1996,14.9878,15.6313,15.7207,14.9242,598.04M,-4.12%
7/22/1996,15.6313,15.8572,15.8572,15.5033,419.11M,-1.42%
7/19/1996,15.8572,16.1253,16.1253,15.7292,531.61M,-1.66%
7/18/1996,16.125,15.8134,16.1343,15.735,640.34M,+1.97%
7/17/1996,15.8134,15.3863,15.8915,15.3863,701.14M,+2.78%
7/16/1996,15.3863,15.2019,15.4256,14.3478,877.33M,+1.21%
7/15/1996,15.2019,15.9076,15.9076,15.1814,587.01M,-4.44%
7/12/1996,15.9076,15.9256,16.103,15.6578,541.54M,-0.11%
7/11/1996,15.9256,16.4684,16.4684,15.6666,694.93M,-3.30%
7/10/1996,16.4684,16.5513,16.5513,16.265,538.01M,-0.50%
7/9/1996,16.5513,16.4321,16.6375,16.4321,486.90M,+0.73%
7/8/1996,16.4321,16.4742,16.6605,16.4201,446.40M,-0.26%
7/5/1996,16.4742,16.879,16.879,16.4742,216.20M,-2.40%
7/3/1996,16.879,17.0375,17.0511,16.8654,499.32M,-0.93%
7/2/1996,17.0375,17.2104,17.2104,17.0368,517.63M,-1.00%
7/1/1996,17.2104,16.9681,17.2324,16.9664,501.85M,+1.44%
6/28/1996,16.9656,16.8116,17.0756,16.8116,628.77M,+0.92%
6/27/1996,16.8116,16.5245,16.8199,16.3968,566.01M,+1.74%
6/26/1996,16.5245,16.7337,16.7592,16.3249,605.34M,-1.25%
6/25/1996,16.7337,16.9624,16.997,16.7247,553.66M,-1.35%
6/24/1996,16.9624,16.8462,17.0488,16.8123,500.47M,+0.69%
6/21/1996,16.8462,16.645,16.8677,16.645,540.11M,+1.22%
6/20/1996,16.6438,16.7254,16.8266,16.255,669.83M,-0.49%
6/19/1996,16.7257,16.6843,16.8767,16.6641,600.61M,+0.25%
6/18/1996,16.6843,16.9942,17.0373,16.6646,621.35M,-1.82%
6/17/1996,16.9942,17.0618,17.14,16.9541,448.16M,-0.39%
6/14/1996,17.0616,17.3299,17.3299,17.0601,509.88M,-1.55%
6/13/1996,17.3299,17.4631,17.4922,17.1963,564.47M,-0.76%
6/12/1996,17.4631,17.3073,17.5879,17.3073,543.98M,+0.90%
6/11/1996,17.3073,17.2547,17.4483,17.2547,554.30M,+0.30%
6/10/1996,17.2547,17.3203,17.3677,17.2279,476.47M,-0.38%
6/7/1996,17.3203,17.2089,17.3223,16.8659,600.98M,+0.65%
6/6/1996,17.2089,17.518,17.6367,17.2089,673.89M,-1.76%
6/5/1996,17.518,17.3486,17.5418,17.2755,649.94M,+0.98%
6/4/1996,17.3486,17.265,17.3774,17.2267,645.71M,+0.48%
6/3/1996,17.265,17.3436,17.383,17.2096,525.17M,-0.45%
5/31/1996,17.3436,17.1345,17.3907,17.1345,607.69M,+1.22%
5/30/1996,17.1345,16.9604,17.1713,16.9088,605.03M,+1.03%
5/29/1996,16.9604,17.1603,17.2019,16.8993,636.10M,-1.16%
5/28/1996,17.1603,17.2565,17.3446,17.1297,643.13M,-0.56%
5/24/1996,17.2565,17.3361,17.3802,17.2522,610.28M,-0.46%
5/23/1996,17.3361,17.2444,17.418,17.2199,757.95M,+0.53%
5/22/1996,17.2444,17.2302,17.3108,17.1375,693.40M,+0.08%
5/21/1996,17.2302,17.3657,17.4468,17.2302,690.48M,-0.78%
5/20/1996,17.3657,17.3041,17.4548,17.3041,589.73M,+0.36%
5/17/1996,17.3041,17.4153,17.523,17.3041,630.66M,-0.64%
5/16/1996,17.4153,17.2875,17.4158,17.1322,620.95M,+0.74%
5/15/1996,17.2878,17.4198,17.5505,17.2873,687.99M,-0.76%
5/14/1996,17.4198,17.2467,17.4714,17.2467,690.20M,+1.00%
5/13/1996,17.2467,16.8464,17.2527,16.8464,595.27M,+2.38%
5/10/1996,16.8464,16.5959,16.8477,16.5959,606.02M,+1.51%
5/9/1996,16.5959,16.6182,16.6999,16.5461,635.71M,-0.15%
5/8/1996,16.6207,16.5528,16.6207,16.1821,756.92M,+0.41%
5/7/1996,16.5528,16.6057,16.6726,16.4975,806.50M,-0.32%
5/6/1996,16.6057,16.5591,16.6593,16.4308,680.15M,+0.28%
5/3/1996,16.5591,16.4504,16.7888,16.4504,705.22M,+0.66%
5/2/1996,16.4504,16.8669,16.8717,16.4476,646.95M,-2.47%
5/1/1996,16.8669,16.7009,16.88,16.6661,654.27M,+0.99%
4/30/1996,16.7009,16.7076,16.7086,16.6022,604.79M,-0.04%
4/29/1996,16.7076,16.6989,16.7405,16.6315,553.98M,+0.05%
4/26/1996,16.6989,16.6996,16.7763,16.6445,643.30M,-0.00%
4/25/1996,16.6996,16.6327,16.7036,16.4819,720.79M,+0.40%
4/24/1996,16.6327,16.3943,16.6327,16.3943,728.62M,+1.45%
4/23/1996,16.3943,16.1388,16.3978,16.107,650.19M,+1.58%
4/22/1996,16.1388,15.8562,16.1415,15.8562,582.59M,+1.78%
4/19/1996,15.8562,15.867,15.9993,15.8347,593.12M,-0.07%
4/18/1996,15.867,15.5481,16.2355,15.5481,577.32M,+2.05%
4/17/1996,15.5481,15.6789,15.7152,15.49,577.80M,-0.84%
4/16/1996,15.6791,15.3069,15.6804,15.3069,613.92M,+2.43%
4/15/1996,15.3069,15.1559,15.3187,15.1559,461.86M,+1.00%
4/12/1996,15.1559,15.1313,15.2087,15.0802,483.76M,+0.16%
4/11/1996,15.1313,15.2576,15.334,14.9647,534.30M,-0.83%
4/10/1996,15.2576,15.3064,15.5291,15.2338,556.31M,-0.32%
4/9/1996,15.3064,15.2951,15.5013,15.2758,561.67M,+0.07%
4/8/1996,15.2951,15.4802,15.4802,15.0662,517.70M,-1.20%
4/4/1996,15.4802,15.4945,15.5451,15.4116,503.89M,-0.09%
4/3/1996,15.4945,15.4254,15.4995,15.2788,529.75M,+0.45%
4/2/1996,15.4254,15.3547,15.4306,15.3407,492.19M,+0.46%
4/1/1996,15.3547,15.2721,15.4096,15.2721,463.88M,+0.54%
3/29/1996,15.2721,15.2318,15.3993,15.2318,514.09M,+0.26%
3/28/1996,15.2318,15.2313,15.3234,15.1018,483.21M,+0.00%
3/27/1996,15.2313,15.0815,15.3452,15.0815,500.52M,+0.99%
3/26/1996,15.0815,14.9748,15.1483,14.8127,544.62M,+0.71%
3/25/1996,14.9748,15.352,15.474,14.9748,476.71M,-2.46%
3/22/1996,15.352,15.3177,15.4144,15.1764,475.63M,+0.22%
3/21/1996,15.3177,15.4116,15.469,15.2919,499.24M,-0.61%
3/20/1996,15.4116,15.7655,15.7655,15.366,529.62M,-2.25%
3/19/1996,15.7655,15.8625,15.9792,15.7014,520.59M,-0.61%
3/18/1996,15.8625,15.5732,15.867,15.5732,498.78M,+1.86%
3/15/1996,15.5732,15.2939,15.5975,15.2939,514.42M,+1.83%
3/14/1996,15.2939,15.3988,15.506,15.2936,512.87M,-0.68%
3/13/1996,15.3988,15.0048,15.4274,15.0048,482.34M,+2.63%
3/12/1996,15.0048,15.1666,15.1666,14.844,459.34M,-1.07%
3/11/1996,15.1666,14.8217,15.1701,14.8217,457.88M,+2.33%
3/8/1996,14.8217,15.2686,15.2686,14.6619,583.64M,-2.93%
3/7/1996,15.2686,15.2257,15.343,15.1869,509.36M,+0.28%
3/6/1996,15.2257,15.4271,15.4607,15.2247,532.54M,-1.31%
3/5/1996,15.4271,15.0669,15.4316,15.0409,491.90M,+2.39%
3/4/1996,15.0669,15.1486,15.2758,15.0314,474.38M,-0.54%
3/1/1996,15.1486,15.6012,15.6012,15.0554,587.17M,-2.90%
2/29/1996,15.6012,15.8169,15.8169,15.5524,533.23M,-1.36%
2/28/1996,15.8169,15.8084,16.001,15.7783,543.44M,+0.05%
2/27/1996,15.8084,15.9792,16.0456,15.742,514.46M,-1.07%
2/26/1996,15.9792,16.0962,16.1626,15.9451,473.80M,-0.73%
2/23/1996,16.0962,16.1167,16.2152,15.8961,583.52M,-0.13%
2/22/1996,16.1167,15.7127,16.1368,15.7127,641.14M,+2.57%
2/21/1996,15.7127,15.4509,15.7197,15.4509,485.81M,+1.69%
2/20/1996,15.4509,15.5063,15.5779,15.3232,459.68M,-0.36%
2/16/1996,15.5063,15.5361,15.6127,15.4028,459.68M,-0.19%
2/15/1996,15.5361,15.47,15.5747,15.4189,493.76M,+0.43%
2/14/1996,15.47,15.4938,15.6213,15.3613,515.89M,-0.15%
2/13/1996,15.4938,15.6631,15.6934,15.3309,525.25M,-1.08%
2/12/1996,15.6628,15.6057,15.756,15.6057,494.04M,+0.37%
2/9/1996,15.6057,15.6255,15.7658,15.5323,552.65M,-0.13%
2/8/1996,15.6255,15.4068,15.6613,15.2824,556.58M,+1.42%
2/7/1996,15.4068,15.5095,15.5136,15.2886,611.64M,-0.67%
2/6/1996,15.5103,15.4169,15.5717,15.4018,589.49M,+0.61%
2/5/1996,15.4169,15.0669,15.4169,15.0461,512.04M,+2.34%
2/2/1996,15.0649,15.0765,15.1947,15.0133,561.26M,-0.08%
2/1/1996,15.0765,14.8245,15.0765,14.7541,583.07M,+1.70%
1/31/1996,14.8245,14.6283,14.825,14.5392,561.17M,+1.34%
1/30/1996,14.6283,14.4339,14.6601,14.4339,542.19M,+1.35%
1/29/1996,14.4339,14.4545,14.5404,14.3894,434.38M,-0.14%
1/26/1996,14.4545,14.3345,14.4545,14.2361,513.61M,+0.84%
1/25/1996,14.3345,14.582,14.6426,14.316,582.81M,-1.70%
1/24/1996,14.582,14.2115,14.5857,14.2115,593.00M,+2.61%
1/23/1996,14.2115,14.3092,14.351,14.2007,533.87M,-0.68%
1/22/1996,14.3092,14.1436,14.3282,14.1196,494.43M,+1.17%
1/19/1996,14.1436,13.8851,14.1807,13.8841,571.12M,+1.86%
1/18/1996,13.8851,13.6644,13.9082,13.6644,536.76M,+1.62%
1/17/1996,13.6644,13.678,13.9197,13.3979,613.69M,-0.10%
1/16/1996,13.678,13.3872,13.6885,13.1958,561.85M,+2.17%
1/15/1996,13.3872,13.8458,13.8861,13.3674,422.66M,-3.31%
1/12/1996,13.8448,13.9072,14.0014,13.6945,485.30M,-0.45%
1/11/1996,13.9072,13.4084,13.9077,13.4084,513.20M,+3.72%
1/10/1996,13.4084,13.3867,13.6564,13.2063,603.42M,+0.16%
1/9/1996,13.3867,14.088,14.0895,13.3639,545.79M,-5.10%
1/8/1996,14.1063,14.1562,14.2336,14.083,142.69M,-0.35%
1/5/1996,14.1562,14.1146,14.2491,13.8315,548.13M,+0.29%
1/4/1996,14.1146,14.3353,14.4182,13.8443,629.97M,-1.54%
1/3/1996,14.3353,14.6772,14.6867,14.3135,506.55M,-2.33%
1/2/1996,14.6772,14.4339,14.6859,14.3753,399.62M,+1.69%
12/29/1995,14.4339,14.327,14.4552,14.2641,541.91M,+0.75%
12/28/1995,14.327,14.5376,14.5376,14.3042,449.67M,-1.45%
12/27/1995,14.5376,14.6559,14.724,14.5286,384.32M,-0.81%
12/26/1995,14.6559,14.6581,14.6932,14.5933,332.77M,-0.02%
12/22/1995,14.6581,14.5474,14.6646,14.5469,420.60M,+0.76%
12/21/1995,14.5474,14.1564,14.5474,14.1564,532.80M,+2.76%
12/20/1995,14.1564,14.4034,14.5552,14.1547,567.89M,-1.71%
12/19/1995,14.4034,13.7278,14.4036,13.7278,564.33M,+4.92%
12/18/1995,13.7278,14.1096,14.1096,13.5507,576.64M,-2.71%
12/15/1995,14.1096,14.185,14.3044,14.0362,581.83M,-0.53%
12/14/1995,14.185,14.7172,14.7824,14.1845,565.70M,-3.62%
12/13/1995,14.7172,14.6546,14.7962,14.6263,484.12M,+0.43%
12/12/1995,14.6546,14.9319,14.963,14.6419,463.86M,-1.86%
12/11/1995,14.9319,15.0138,15.0892,14.9317,423.76M,-0.55%
12/8/1995,15.0138,14.707,15.0188,14.6975,455.91M,+2.09%
12/7/1995,14.707,14.7784,14.8447,14.5224,491.23M,-0.48%
12/6/1995,14.7784,14.8097,14.9186,14.5867,567.67M,-0.21%
12/5/1995,14.8097,14.9793,15.0381,14.7516,567.38M,-1.13%
12/4/1995,14.9793,14.702,15.1328,14.702,505.03M,+1.87%
12/1/1995,14.7042,14.8721,14.9234,14.6832,495.08M,-1.13%
11/30/1995,14.8721,15.0188,15.0867,14.867,542.96M,-0.98%
11/29/1995,15.0188,14.9793,15.1493,14.8585,534.40M,+0.26%
11/28/1995,14.9793,14.3758,14.981,14.3758,497.08M,+4.20%
11/27/1995,14.3758,14.4863,14.6757,14.3758,439.22M,-0.76%
11/24/1995,14.4863,14.2538,14.487,14.2538,136.10M,+1.63%
11/22/1995,14.2538,14.3836,14.5284,14.2526,418.96M,-0.90%
11/21/1995,14.3836,14.3197,14.4337,14.09,537.91M,+0.45%
11/20/1995,14.3197,14.7491,14.8723,14.3197,438.11M,-2.91%
11/17/1995,14.7491,14.8215,14.8853,14.7137,477.98M,-0.49%
11/16/1995,14.8215,14.866,14.9725,14.7022,492.42M,-0.30%
11/15/1995,14.866,14.821,14.956,14.5887,459.39M,+0.30%
11/14/1995,14.821,15.2378,15.2423,14.8189,447.25M,-2.74%
11/13/1995,15.2378,15.3703,15.4341,15.2085,395.98M,-0.86%
11/10/1995,15.3703,15.4539,15.5554,15.3209,473.14M,-0.54%
11/9/1995,15.4539,14.9973,15.4557,14.9973,478.19M,+3.04%
11/8/1995,14.9973,14.9342,15.1897,14.8979,476.91M,+0.42%
11/7/1995,14.9349,15.4231,15.4231,14.8089,519.03M,-3.17%
11/6/1995,15.4231,15.5732,15.6188,15.4216,390.76M,-0.96%
11/3/1995,15.5732,15.3973,15.5732,15.3322,451.92M,+1.14%
11/2/1995,15.3973,15.0522,15.3998,15.0456,499.40M,+2.29%
11/1/1995,15.0522,14.9988,15.1045,14.9139,437.20M,+0.36%
10/31/1995,14.9988,15.2072,15.355,14.9985,469.86M,-1.37%
10/30/1995,15.2072,14.8673,15.2643,14.8673,416.39M,+2.29%
10/27/1995,14.8673,14.5903,14.8673,14.5346,440.32M,+1.90%
10/26/1995,14.5903,14.6368,14.732,14.3403,479.02M,-0.32%
10/25/1995,14.6368,14.8848,14.9091,14.6368,456.10M,-1.67%
10/24/1995,14.8848,14.859,14.9682,14.8545,445.69M,+0.16%
10/23/1995,14.8608,14.7248,14.8974,14.6789,368.55M,+0.23%
10/20/1995,14.826,15.0609,15.079,14.7821,428.03M,-1.56%
10/19/1995,15.0609,14.9785,15.0945,14.8039,470.89M,+0.55%
10/18/1995,14.9785,14.7646,15.1591,14.7646,544.55M,+1.45%
10/17/1995,14.7646,14.2393,14.7646,14.2393,434.62M,+3.69%
10/16/1995,14.2393,14.2781,14.3761,14.203,325.98M,-0.27%
10/13/1995,14.2779,14.3555,14.5204,14.2616,425.54M,-0.54%
10/12/1995,14.3555,14.1359,14.3653,14.1359,421.76M,+1.55%
10/11/1995,14.1359,13.796,14.1439,13.796,454.22M,+2.46%
10/10/1995,13.796,13.7,13.819,13.2231,532.68M,+0.70%
10/9/1995,13.7,14.213,14.213,13.6026,403.57M,-3.61%
10/6/1995,14.2133,14.3468,14.572,14.2022,450.01M,-0.93%
10/5/1995,14.3468,14.0021,14.347,13.9425,456.56M,+2.46%
10/4/1995,14.0021,14.357,14.357,13.963,386.39M,-2.47%
10/3/1995,14.357,14.3748,14.4234,14.1263,456.00M,-0.12%
10/2/1995,14.3748,14.6556,14.7263,14.3573,393.76M,-1.92%
9/29/1995,14.6556,14.9151,15.0121,14.6519,463.58M,-1.74%
9/28/1995,14.9151,14.4337,14.9161,14.4337,448.42M,+3.34%
9/27/1995,14.4337,14.5459,14.5459,13.9588,523.53M,-0.78%
9/26/1995,14.5477,14.727,14.9249,14.5417,426.67M,-1.22%
9/25/1995,14.727,14.845,14.8771,14.6186,312.67M,-0.79%
9/22/1995,14.845,14.9004,14.9004,14.6997,439.04M,-0.37%
9/21/1995,14.9004,15.1093,15.1093,14.8575,469.69M,-1.38%
9/20/1995,15.1093,15.0549,15.235,15.0549,514.82M,+0.36%
9/19/1995,15.0549,14.8072,15.0765,14.7681,466.68M,+1.67%
9/18/1995,14.8072,14.7541,14.8227,14.5732,406.98M,+0.36%
9/15/1995,14.7541,15.1326,15.1326,14.6854,520.20M,-2.50%
9/14/1995,15.1326,15.2222,15.2798,15.123,484.61M,-0.59%
9/13/1995,15.2222,15.1794,15.3062,15.1088,498.92M,+0.28%
9/12/1995,15.1794,15.2819,15.3745,15.1771,467.93M,-0.62%
9/11/1995,15.2736,15.1363,15.344,15.1363,441.84M,+0.91%
9/8/1995,15.1363,15.0078,15.1363,14.8766,464.60M,+0.86%
9/7/1995,15.0078,14.9582,15.1393,14.9555,489.86M,+0.84%
9/6/1995,14.8821,14.9131,15.0582,14.8756,464.05M,-0.21%
9/5/1995,14.9131,14.3583,14.9131,14.3583,387.00M,+3.86%
9/1/1995,14.3583,14.4475,14.4497,14.332,292.45M,-0.62%
8/31/1995,14.4475,14.3493,14.5291,14.3493,375.82M,+0.69%
8/30/1995,14.3488,14.1982,14.3904,14.1942,401.84M,+1.06%
8/29/1995,14.1982,14.1789,14.1982,13.7549,470.64M,+0.14%
8/28/1995,14.1789,14.5309,14.569,14.1739,397.79M,-2.42%
8/25/1995,14.5309,14.6075,14.6484,14.5276,383.36M,-0.52%
8/24/1995,14.6075,14.8119,14.82,14.5341,449.46M,-1.38%
8/23/1995,14.8119,14.7601,14.862,14.705,430.81M,+0.35%
8/22/1995,14.7601,14.5006,14.7676,14.4507,466.03M,+1.79%
8/21/1995,14.5006,14.9171,14.9975,14.5006,437.98M,-2.79%
8/18/1995,14.9171,14.9362,15.0707,14.8796,470.54M,-0.13%
8/17/1995,14.9362,14.9399,15.0331,14.8573,496.82M,-0.03%
8/16/1995,14.9399,14.6296,14.9404,14.6296,472.04M,+2.12%
8/15/1995,14.6298,14.6469,14.7353,14.5191,424.44M,-0.12%
8/14/1995,14.6469,14.4199,14.6476,14.3646,371.32M,+1.58%
8/11/1995,14.4192,14.2716,14.4204,14.2336,385.76M,+1.03%
8/10/1995,14.2716,14.4154,14.4653,14.2233,452.26M,-1.00%
8/9/1995,14.4154,14.1704,14.459,14.1704,476.49M,+1.73%
8/8/1995,14.1704,14.1188,14.2446,14.1188,403.67M,+0.37%
8/7/1995,14.1188,14.0419,14.1952,14.0419,362.45M,+0.55%
8/4/1995,14.0419,13.8536,14.0547,13.8536,378.86M,+1.36%
8/3/1995,13.8536,13.816,13.8658,13.5675,451.90M,+0.27%
8/2/1995,13.816,14.0114,14.2536,13.7944,486.33M,-1.37%
8/1/1995,14.0076,14.2498,14.2596,13.8834,436.32M,-1.70%
7/31/1995,14.2498,14.3826,14.4425,14.1359,385.57M,-0.92%
7/28/1995,14.3826,14.6348,14.6348,14.3613,458.56M,-1.72%
7/27/1995,14.6348,14.4492,14.7025,14.4492,508.52M,+1.28%
7/26/1995,14.4492,14.3458,14.5642,14.3458,483.90M,+0.72%
7/25/1995,14.3458,14.0935,14.4061,14.0935,499.93M,+1.79%
7/24/1995,14.0935,13.7213,14.1041,13.7213,404.09M,+2.71%
7/21/1995,13.7213,13.7852,13.9207,13.7098,468.69M,-0.46%
7/20/1995,13.7852,13.7732,13.8901,13.6642,480.83M,+0.59%
7/19/1995,13.7048,14.4898,14.4898,13.286,597.91M,-5.42%
7/18/1995,14.4898,14.9089,14.9572,14.4805,483.65M,-3.09%
7/17/1995,14.952,14.7751,15.0296,14.7751,466.42M,+1.20%
7/14/1995,14.7751,14.6103,14.7784,14.3866,433.60M,+1.13%
7/13/1995,14.6098,14.5211,14.8167,14.4643,530.10M,+0.61%
7/12/1995,14.5211,14.1271,14.5284,14.1271,514.47M,+2.79%
7/11/1995,14.1271,14.3671,14.3671,14.1258,443.75M,-1.67%
7/10/1995,14.3671,14.2168,14.4274,14.2153,457.32M,+1.06%
7/7/1995,14.2168,13.8736,14.2168,13.8591,512.20M,+2.47%
7/6/1995,13.8739,13.6113,13.8794,13.6113,425.54M,+1.93%
7/5/1995,13.6113,13.5006,13.6862,13.5006,370.32M,+0.82%
7/3/1995,13.5006,13.4771,13.5347,13.4445,130.77M,+0.17%
6/30/1995,13.4771,13.4315,13.5683,13.429,402.14M,+0.34%
6/29/1995,13.4315,13.2922,13.4756,13.2722,368.60M,+1.05%
6/28/1995,13.2922,13.2218,13.3641,13.0778,395.32M,+0.53%
6/27/1995,13.2218,13.4385,13.5384,13.1978,417.49M,-1.61%
6/26/1995,13.4385,13.6432,13.6857,13.4235,384.98M,-1.50%
6/23/1995,13.6432,13.6782,13.691,13.5725,447.26M,-0.26%
6/22/1995,13.6782,13.4142,13.6797,13.4142,474.08M,+1.97%
6/21/1995,13.4142,13.5152,13.6006,13.3593,455.28M,-0.75%
6/20/1995,13.5152,13.2892,13.5152,13.2892,444.49M,+1.70%
6/19/1995,13.2892,12.9641,13.2982,12.9641,407.00M,+2.50%
6/16/1995,12.9646,12.8248,12.9859,12.8248,403.21M,+1.09%
6/15/1995,12.8248,12.677,12.8561,12.677,412.28M,+1.17%
6/14/1995,12.677,12.6577,12.7001,12.5435,421.45M,+0.15%
6/13/1995,12.6577,12.5668,12.6825,12.5668,402.98M,+0.72%
6/12/1995,12.5668,12.5347,12.6217,12.5097,352.76M,+0.26%
6/9/1995,12.5347,12.546,12.5766,12.4135,382.60M,-0.09%
6/8/1995,12.546,12.4531,12.555,12.4531,378.56M,+0.75%
6/7/1995,12.4531,12.4022,12.5057,12.3637,378.42M,+0.41%
6/6/1995,12.4022,12.5448,12.6262,12.4022,387.50M,-1.14%
6/5/1995,12.5448,12.3404,12.5976,12.3404,372.35M,+1.66%
6/2/1995,12.3404,12.298,12.43,12.1755,351.97M,+0.34%
6/1/1995,12.298,12.2264,12.3644,12.2038,354.42M,+0.59%
5/31/1995,12.2264,12.0756,12.2264,11.8775,376.15M,+1.25%
5/30/1995,12.0756,12.4258,12.4781,12.0538,320.36M,-2.82%
5/26/1995,12.4258,12.566,12.566,12.3849,302.72M,-1.12%
5/25/1995,12.566,12.537,12.5786,12.403,381.56M,+0.23%
5/24/1995,12.537,12.6026,12.7559,12.4744,439.21M,-0.52%
5/23/1995,12.6026,12.4015,12.6026,12.4015,414.92M,+1.62%
5/22/1995,12.4015,12.2682,12.4205,12.263,344.14M,+1.07%
5/19/1995,12.2707,12.2244,12.2822,12.1407,337.19M,+0.38%
5/18/1995,12.2244,12.3915,12.4977,12.2244,388.18M,-1.35%
5/17/1995,12.3915,12.3,12.4689,12.3,404.11M,+0.74%
5/16/1995,12.3,12.1823,12.3358,12.1615,382.10M,+0.97%
5/15/1995,12.1823,12.1034,12.1981,12.054,350.04M,+0.65%
5/12/1995,12.1034,12.0127,12.1795,11.9716,404.57M,+0.75%
5/11/1995,12.0127,11.8449,12.0127,11.791,390.71M,+1.41%
5/10/1995,11.8451,11.9233,12.0017,11.8138,380.03M,-0.66%
5/9/1995,11.9233,11.9428,12.0107,11.8188,381.75M,-0.16%
5/8/1995,11.9428,11.7805,11.9781,11.7657,320.16M,+1.38%
5/5/1995,11.7805,11.8757,11.9802,11.7805,331.89M,-0.80%
5/4/1995,11.8757,11.8965,12.1269,11.8599,421.00M,-0.17%
5/3/1995,11.8965,11.6573,11.8965,11.6573,398.81M,+2.05%
5/2/1995,11.6573,11.6741,11.7114,11.6072,348.49M,-0.14%
5/1/1995,11.6741,11.762,11.8349,11.6741,315.66M,-0.75%
4/28/1995,11.762,11.6563,11.7853,11.6149,375.83M,+0.91%
4/27/1995,11.6563,11.5984,11.7452,11.5874,417.55M,+0.50%
4/26/1995,11.5984,11.5,11.5984,11.4263,392.41M,+0.86%
4/25/1995,11.5,11.4331,11.5481,11.4331,375.49M,+0.59%
4/24/1995,11.4326,11.3056,11.4521,11.2452,318.70M,+1.12%
4/21/1995,11.3056,11.2472,11.3199,11.2472,394.51M,+0.52%
4/20/1995,11.2472,11.2011,11.2673,11.127,408.86M,+0.44%
4/19/1995,11.1984,11.3592,11.3592,11.0894,453.96M,-1.40%
4/18/1995,11.3579,11.4489,11.5576,11.3419,377.08M,-0.79%
4/17/1995,11.4489,11.4957,11.6926,11.4408,366.50M,-0.41%
4/13/1995,11.4957,11.4469,11.5127,11.4281,359.83M,+0.43%
4/12/1995,11.4469,11.3554,11.4479,11.3224,345.18M,+0.81%
4/11/1995,11.3554,11.256,11.3825,11.256,355.65M,+0.88%
4/10/1995,11.256,11.122,11.263,11.0862,300.92M,+1.20%
4/7/1995,11.122,11.0298,11.1232,10.9927,331.46M,+0.93%
4/6/1995,11.0195,11.1383,11.1688,11.0193,348.32M,-1.07%
4/5/1995,11.1383,11.0681,11.1383,10.981,348.89M,+0.63%
4/4/1995,11.0681,11.2342,11.2946,11.0599,365.64M,-1.48%
4/3/1995,11.2342,11.2006,11.2422,11.0791,273.92M,+0.30%
3/31/1995,11.2006,11.2309,11.2357,11.002,347.85M,-0.28%
3/30/1995,11.2324,11.3189,11.3892,11.0889,363.32M,-0.76%
3/29/1995,11.3189,11.536,11.5974,11.2577,410.38M,-1.88%
3/28/1995,11.536,11.4504,11.5383,11.4306,350.24M,+0.75%
3/27/1995,11.4504,11.408,11.4719,11.3552,315.23M,+0.37%
3/24/1995,11.408,11.2425,11.4085,11.2425,402.89M,+1.47%
3/23/1995,11.2425,11.2001,11.3231,11.1904,350.79M,+0.38%
3/22/1995,11.2001,11.2001,11.2076,11.1265,315.14M,+0.00%
3/21/1995,11.2001,11.1871,11.3011,11.1716,336.15M,+0.12%
3/20/1995,11.1871,11.1202,11.2137,11.0924,277.41M,+0.60%
3/17/1995,11.1202,11.1388,11.2157,11.0894,315.35M,-0.17%
3/16/1995,11.1388,11.111,11.1671,11.0954,340.15M,+0.25%
3/15/1995,11.111,11.1786,11.1859,11.0794,335.51M,-0.61%
3/14/1995,11.1786,11.0418,11.2096,11.0418,347.17M,+1.24%
3/13/1995,11.0421,11.0654,11.1202,11.0288,281.07M,-0.21%
3/10/1995,11.0656,10.9469,11.0656,10.9216,330.32M,+1.08%
3/9/1995,10.9469,10.9466,10.9837,10.8492,319.47M,+0.00%
3/8/1995,10.9466,10.8241,10.9466,10.8241,313.95M,+1.13%
3/7/1995,10.8241,10.9524,10.9669,10.7993,336.76M,-1.17%
3/6/1995,10.9524,10.9384,10.9526,10.7813,265.11M,+0.13%
3/3/1995,10.9384,10.8131,10.9436,10.7545,313.59M,+1.16%
3/2/1995,10.8131,10.766,10.8141,10.7472,297.34M,+0.44%
3/1/1995,10.766,10.8337,10.9018,10.766,336.51M,-0.62%
2/28/1995,10.8337,10.6395,10.8439,10.6385,323.35M,+1.82%
2/27/1995,10.6395,10.7315,10.7878,10.6217,272.26M,-0.86%
2/24/1995,10.7315,10.7968,10.7968,10.6851,318.54M,-0.61%
2/23/1995,10.7968,10.751,10.9013,10.751,356.98M,+0.42%
2/22/1995,10.7513,10.6413,10.7693,10.5987,302.20M,+1.03%
2/21/1995,10.6413,10.6623,10.6966,10.619,272.62M,-0.20%
2/17/1995,10.6623,10.7926,10.7926,10.6541,294.51M,-1.21%
2/16/1995,10.7926,10.8334,10.8502,10.7362,343.99M,-0.38%
2/15/1995,10.8334,10.7675,10.8572,10.7209,382.29M,+0.62%
2/14/1995,10.7663,10.7402,10.7976,10.727,345.25M,+0.24%
2/13/1995,10.7402,10.7903,10.8304,10.7342,300.36M,-0.46%
2/10/1995,10.7903,10.6816,10.8036,10.6816,359.38M,+1.02%
2/9/1995,10.6816,10.6623,10.7658,10.6623,381.42M,+0.18%
2/8/1995,10.6623,10.5403,10.6759,10.5403,349.42M,+1.21%
2/7/1995,10.5348,10.5438,10.5752,10.4827,320.97M,-0.09%
2/6/1995,10.5438,10.4239,10.5529,10.4239,298.48M,+1.15%
2/3/1995,10.4239,10.2989,10.4958,10.2989,379.85M,+1.21%
2/2/1995,10.2989,10.1964,10.3021,10.1784,294.26M,+1.00%
2/1/1995,10.1964,10.1531,10.3046,10.1531,309.93M,+0.43%
1/31/1995,10.1531,10.0624,10.1714,10.0466,301.43M,+0.90%
1/30/1995,10.0624,10.2004,10.2297,10.0526,259.47M,-1.35%
1/27/1995,10.2004,10.1824,10.2485,10.1543,309.38M,+0.18%
1/26/1995,10.1824,10.2919,10.3134,10.1746,295.06M,-1.06%
1/25/1995,10.2919,10.3602,10.3708,10.2132,313.10M,-0.66%
1/24/1995,10.3602,10.3174,10.3713,10.2904,298.33M,+0.42%
1/23/1995,10.3174,10.2733,10.3219,10.134,276.42M,+0.43%
1/20/1995,10.2733,10.4662,10.4692,10.2383,342.17M,-1.84%
1/19/1995,10.4662,10.502,10.502,10.4341,331.83M,-0.34%
1/18/1995,10.502,10.4426,10.5201,10.4206,348.33M,+0.57%
1/17/1995,10.4426,10.3615,10.487,10.3615,337.33M,+0.78%
1/16/1995,10.3615,10.2821,10.4078,10.2668,301.37M,+0.77%
1/13/1995,10.2821,10.2029,10.2991,10.2029,313.63M,+0.78%
1/12/1995,10.2029,10.1974,10.228,10.1661,302.23M,+0.05%
1/11/1995,10.1974,10.2092,10.2813,10.0875,329.52M,-0.12%
1/10/1995,10.2092,10.108,10.2841,10.108,353.51M,+1.00%
1/9/1995,10.108,10.0594,10.1195,10.0424,267.09M,+0.48%
1/6/1995,10.0594,9.97,10.0955,9.97,312.92M,+0.90%
1/5/1995,9.97,10.0108,10.0707,9.9655,297.51M,-0.41%
1/4/1995,10.0108,9.9695,10.0298,9.8841,290.35M,+0.41%
1/3/1995,9.9695,10.1265,10.1265,9.9585,248.75M,-1.55%
12/30/1994,10.1265,10.1776,10.1824,10.0769,332.50M,-0.50%
12/29/1994,10.1776,10.0261,10.1831,10.0261,290.96M,+1.51%
12/28/1994,10.0261,10.1205,10.1333,9.9893,261.26M,-0.93%
12/27/1994,10.1205,10.0484,10.1433,10.0484,229.08M,+0.72%
12/23/1994,10.0484,10.0146,10.097,10.0025,216.53M,+0.34%
12/22/1994,10.0146,9.9645,10.0288,9.9645,358.68M,+0.50%
12/21/1994,9.9645,9.7844,9.968,9.7844,349.60M,+1.84%
12/20/1994,9.7844,9.7796,9.8683,9.7202,325.50M,+0.05%
12/19/1994,9.7796,9.8194,9.8347,9.7633,280.08M,-0.41%
12/16/1994,9.8194,9.8618,9.8923,9.8134,321.46M,-0.43%
12/15/1994,9.8618,9.8104,9.9181,9.8104,342.97M,+0.52%
12/14/1994,9.8104,9.7072,9.8497,9.6817,328.51M,+1.06%
12/13/1994,9.7072,9.741,9.7768,9.6999,263.99M,-0.35%
12/12/1994,9.741,9.7348,9.7941,9.5554,260.89M,+0.06%
12/9/1994,9.7348,9.6764,9.75,9.5176,334.17M,+0.60%
12/8/1994,9.6764,9.9131,9.9757,9.6581,331.75M,-2.39%
12/7/1994,9.9131,10.0191,10.0401,9.9066,272.25M,-1.06%
12/6/1994,10.0191,10.0875,10.1483,10.0166,286.35M,-0.68%
12/5/1994,10.0875,10.0707,10.1408,10.0474,247.52M,+0.17%
12/2/1994,10.0707,9.996,10.0742,9.9119,259.95M,+1.10%
12/1/1994,9.961,10.1403,10.1418,9.9554,275.73M,-1.77%
11/30/1994,10.1403,10.2475,10.3202,10.1208,325.71M,-1.05%
11/29/1994,10.2475,10.1153,10.2563,10.1153,305.11M,+1.31%
11/28/1994,10.1153,10.0489,10.1428,10.0379,239.30M,+0.66%
11/25/1994,10.0489,9.9487,10.0531,9.9477,98.59M,+1.01%
11/23/1994,9.9487,9.9677,9.9677,9.7914,346.56M,-0.19%
11/22/1994,9.9677,10.252,10.252,9.9675,353.75M,-2.77%
11/21/1994,10.252,10.3309,10.4592,10.2455,302.15M,-0.76%
11/18/1994,10.3309,10.2946,10.383,10.2891,303.80M,+0.35%
11/17/1994,10.2946,10.3382,10.3843,10.2475,351.20M,-0.42%
11/16/1994,10.3382,10.3159,10.3637,10.2984,309.77M,+0.23%
11/15/1994,10.3146,10.3244,10.4141,10.2731,320.35M,-0.09%
11/14/1994,10.3244,10.1393,10.3282,10.1393,263.82M,+1.83%
11/11/1994,10.1393,10.1729,10.2135,10.1092,273.27M,-0.33%
11/10/1994,10.1729,10.228,10.2738,10.1498,267.75M,-0.54%
11/9/1994,10.228,10.2059,10.3552,10.1423,311.11M,+0.22%
11/8/1994,10.2059,10.0243,10.2097,10.0243,298.66M,+1.81%
11/7/1994,10.0243,10.0561,10.0617,9.9883,246.17M,-0.32%
11/4/1994,10.0561,10.2242,10.2643,10.0541,280.88M,-1.64%
11/3/1994,10.2242,10.2428,10.2836,10.1999,311.39M,-0.18%
11/2/1994,10.2428,10.2716,10.4011,10.2335,360.02M,-0.28%
11/1/1994,10.2716,10.3465,10.3465,10.225,318.76M,-0.72%
10/31/1994,10.3465,10.3162,10.4226,10.2833,313.24M,+0.29%
10/28/1994,10.3162,10.1603,10.3162,10.1305,378.50M,+1.53%
10/27/1994,10.1603,10.1155,10.1651,10.1145,315.00M,+0.44%
10/26/1994,10.1155,9.9815,10.1178,9.9815,317.60M,+1.34%
10/25/1994,9.9815,9.9893,9.9893,9.8708,292.61M,-0.08%
10/24/1994,9.9893,10.0326,10.0782,9.9612,283.98M,-0.43%
10/21/1994,10.0326,10.0945,10.0945,9.9817,354.23M,-0.61%
10/20/1994,10.0945,10.113,10.1598,10.0191,356.18M,-0.18%
10/19/1994,10.113,9.9695,10.1283,9.9484,343.84M,+1.44%
10/18/1994,9.9695,9.9407,10.0013,9.9339,308.80M,+0.29%
10/17/1994,9.9407,9.9895,10.0218,9.9261,290.37M,-0.49%
10/14/1994,9.9895,10.0161,10.0241,9.9226,298.12M,-0.27%
10/13/1994,10.0161,10.0158,10.1912,10.003,372.98M,+0.00%
10/12/1994,10.0158,10.0268,10.0589,9.9875,331.57M,-0.11%
10/11/1994,10.0268,9.8405,10.0654,9.8405,367.59M,+1.89%
10/10/1994,9.8405,9.703,9.8573,9.703,230.26M,+1.42%
10/7/1994,9.703,9.59,9.7127,9.59,275.06M,+1.18%
10/6/1994,9.59,9.6937,9.7533,9.573,270.21M,-1.07%
10/5/1994,9.6937,9.5865,9.7035,9.4384,347.71M,+1.12%
10/4/1994,9.5865,9.8372,9.8555,9.582,332.85M,-2.55%
10/3/1994,9.8372,9.8655,9.8928,9.7971,244.89M,-0.29%
9/30/1994,9.8655,9.7996,9.9314,9.7996,308.10M,+0.67%
9/29/1994,9.7996,9.8184,9.8247,9.7298,284.26M,-0.19%
9/28/1994,9.8184,9.7523,9.865,9.7523,300.24M,+0.68%
9/27/1994,9.7523,9.7415,9.7671,9.6969,273.72M,+0.11%
9/26/1994,9.7415,9.7736,9.7758,9.6716,250.46M,-0.33%
9/23/1994,9.7741,9.858,9.8998,9.7608,321.03M,-0.85%
9/22/1994,9.858,9.862,9.9259,9.8074,308.59M,-0.04%
9/21/1994,9.862,9.9407,9.9605,9.7428,322.33M,-0.79%
9/20/1994,9.9407,10.1188,10.1188,9.9404,305.63M,-1.74%
9/19/1994,10.1168,10.1315,10.1897,10.1168,261.54M,-0.15%
9/16/1994,10.1315,10.1974,10.1974,10.0644,323.30M,-0.65%
9/15/1994,10.1974,9.9642,10.1974,9.9552,298.23M,+2.34%
9/14/1994,9.9642,9.9367,9.975,9.8818,293.06M,+0.28%
9/13/1994,9.9367,9.8109,9.9577,9.8109,283.03M,+1.28%
9/12/1994,9.8109,9.8903,9.9033,9.7816,223.40M,-0.80%
9/9/1994,9.8903,10.0384,10.0384,9.8575,277.41M,-1.47%
9/8/1994,10.0384,9.9457,10.0554,9.9457,303.06M,+0.93%
9/7/1994,9.9457,9.8615,9.9873,9.8545,283.77M,+0.85%
9/6/1994,9.8615,9.8044,9.8643,9.7891,185.15M,+0.58%
9/2/1994,9.8044,9.8094,9.874,9.7786,236.46M,-0.05%
9/1/1994,9.8094,9.967,9.967,9.7859,321.84M,-1.58%
8/31/1994,9.967,10.0632,10.0915,9.9529,323.99M,-0.96%
8/30/1994,10.0632,9.9805,10.0769,9.9246,295.14M,+0.83%
8/29/1994,9.9805,10.001,10.0704,9.9747,284.03M,-0.21%
8/26/1994,10.001,9.8064,10.0521,9.8064,316.81M,+1.98%
8/25/1994,9.8064,9.73,9.856,9.7125,308.29M,+0.79%
8/24/1994,9.73,9.6874,9.738,9.6694,323.48M,+0.44%
8/23/1994,9.6874,9.589,9.7498,9.589,333.21M,+1.03%
8/22/1994,9.589,9.6218,9.6218,9.5587,254.75M,-0.34%
8/19/1994,9.6218,9.6596,9.7127,9.5712,282.91M,-0.39%
8/18/1994,9.6596,9.6914,9.7313,9.6085,335.28M,-0.33%
8/17/1994,9.6914,9.5319,9.6987,9.5319,335.31M,+1.67%
8/16/1994,9.5319,9.4455,9.5472,9.4041,295.56M,+0.91%
8/15/1994,9.4455,9.4424,9.4968,9.4029,243.59M,+0.03%
8/12/1994,9.4424,9.3806,9.4565,9.3761,259.46M,+0.66%
8/11/1994,9.3806,9.3665,9.482,9.2964,321.77M,+0.15%
8/10/1994,9.3665,9.2846,9.3931,9.2794,326.43M,+0.88%
8/9/1994,9.2846,9.2398,9.2919,9.2125,267.25M,+0.48%
8/8/1994,9.2403,9.1965,9.2488,9.1559,221.81M,+0.47%
8/5/1994,9.1967,9.2067,9.2107,9.1131,230.91M,-0.11%
8/4/1994,9.2067,9.2801,9.3337,9.1972,271.13M,-0.79%
8/3/1994,9.2801,9.3377,9.3573,9.2801,285.40M,-0.62%
8/2/1994,9.3377,9.3575,9.4344,9.3122,309.76M,-0.21%
8/1/1994,9.3578,9.2721,9.365,9.2656,269.66M,+0.92%
7/29/1994,9.2721,9.0712,9.2844,9.0712,300.81M,+2.21%
7/28/1994,9.0712,9.063,9.1223,9.0512,267.19M,+0.09%
7/27/1994,9.063,9.1181,9.1416,9.0574,270.68M,-0.60%
7/26/1994,9.1181,9.1707,9.1727,9.093,268.55M,-0.57%
7/25/1994,9.1707,9.1444,9.1707,9.108,216.64M,+0.29%
7/22/1994,9.1444,9.089,9.1514,9.0474,293.72M,+0.79%
7/21/1994,9.073,9.0058,9.0757,8.9658,297.47M,+0.75%
7/20/1994,9.0058,9.1358,9.1358,8.9715,297.63M,-1.42%
7/19/1994,9.1358,9.2225,9.227,9.1298,300.46M,-0.94%
7/18/1994,9.2225,9.2268,9.2363,9.1624,249.35M,+0.26%
7/15/1994,9.199,9.2092,9.214,9.1692,213.82M,-0.08%
7/14/1994,9.206,9.2466,9.354,9.1857,351.31M,-0.44%
7/13/1994,9.2466,9.0504,9.2586,9.0504,342.16M,+2.17%
7/12/1994,9.0504,8.9873,9.0594,8.8901,249.60M,+0.70%
7/11/1994,8.9873,9.0003,9.0462,8.8976,225.66M,-0.14%
7/8/1994,9.0003,8.9983,9.086,8.9312,257.21M,+0.02%
7/7/1994,8.9983,8.8578,9.0011,8.8418,268.58M,+1.59%
7/6/1994,8.8578,8.9402,8.9402,8.8358,263.05M,-0.92%
7/5/1994,8.9402,9.0184,9.0432,8.9289,200.10M,-0.87%
7/1/1994,9.0184,9.0251,9.061,8.9588,201.87M,-0.07%
6/30/1994,9.0251,9.086,9.1556,8.9973,281.78M,-0.67%
6/29/1994,9.086,9.069,9.1987,9.0534,268.24M,+0.19%
6/28/1994,9.069,9.0467,9.1664,8.9715,260.09M,+0.25%
6/27/1994,9.0467,8.8112,9.0567,8.7731,241.23M,+2.67%
6/24/1994,8.8112,8.8545,8.9322,8.7679,282.46M,-0.49%
6/23/1994,8.8545,9.0985,9.1321,8.8395,310.31M,-2.68%
6/22/1994,9.0985,9.0422,9.1849,9.0422,263.70M,+0.62%
6/21/1994,9.0422,9.2137,9.2137,8.9693,296.51M,-1.86%
6/20/1994,9.2137,9.3167,9.3167,9.1832,234.17M,-1.11%
6/17/1994,9.3167,9.4635,9.4635,9.3059,278.47M,-1.55%
6/16/1994,9.4635,9.463,9.471,9.4091,255.37M,+0.01%
6/15/1994,9.463,9.453,9.5136,9.4364,265.28M,+0.11%
6/14/1994,9.453,9.3152,9.466,9.3152,280.89M,+1.48%
6/13/1994,9.3152,9.3843,9.3944,9.3084,213.11M,-0.74%
6/10/1994,9.3843,9.2756,9.4129,9.2756,254.31M,+1.17%
6/9/1994,9.2756,9.2932,9.3192,9.2273,283.08M,-0.19%
6/8/1994,9.2932,9.5183,9.5494,9.2446,326.07M,-2.37%
6/7/1994,9.5183,9.5887,9.5887,9.4848,255.55M,-0.73%
6/6/1994,9.5887,9.5882,9.6373,9.5474,288.37M,+0.01%
6/3/1994,9.5882,9.5351,9.6478,9.1221,279.00M,+0.56%
6/2/1994,9.5351,9.4993,9.5587,9.482,297.82M,+0.38%
6/1/1994,9.4993,9.4898,9.5211,9.3703,300.34M,+0.10%
5/31/1994,9.4898,9.4387,9.5056,9.3806,214.43M,+0.54%
5/27/1994,9.4387,9.4134,9.4612,9.3478,205.52M,+0.27%
5/26/1994,9.4134,9.4745,9.5499,9.3761,276.72M,-0.65%
5/25/1994,9.4745,9.4434,9.5053,9.3422,274.18M,+0.33%
5/24/1994,9.4434,9.2654,9.4595,9.2654,279.57M,+1.92%
5/23/1994,9.2654,9.2774,9.3217,9.2165,230.70M,-0.13%
5/20/1994,9.2774,9.3109,9.3109,9.2473,283.62M,-0.36%
5/19/1994,9.3109,9.2328,9.3911,9.2305,335.75M,+0.85%
5/18/1994,9.2328,9.0301,9.2709,9.0299,305.49M,+2.24%
5/17/1994,9.0301,9.0299,9.0417,8.853,318.17M,+0.00%
5/16/1994,9.0299,9.1384,9.1449,9.0058,233.56M,-1.19%
5/13/1994,9.1384,9.1839,9.1839,8.9998,318.73M,-0.50%
5/12/1994,9.1839,9.1474,9.2498,9.1474,270.71M,+0.40%
5/11/1994,9.1474,9.2686,9.2759,9.1226,312.28M,-1.31%
5/10/1994,9.2686,9.218,9.335,9.218,300.04M,+0.55%
5/9/1994,9.218,9.3826,9.3826,9.1937,223.84M,-1.75%
5/6/1994,9.3826,9.4743,9.4743,9.2932,249.51M,-0.97%
5/5/1994,9.4743,9.4567,9.5229,9.4495,275.37M,+0.19%
5/4/1994,9.4567,9.4452,9.4895,9.3964,278.82M,+0.12%
5/3/1994,9.4452,9.5141,9.5514,9.3663,302.08M,-0.72%
5/2/1994,9.5141,9.3495,9.5341,9.3152,254.08M,+1.76%
4/29/1994,9.3495,9.3295,9.3733,9.2518,263.81M,+0.21%
4/28/1994,9.3295,9.4049,9.4292,9.3222,308.69M,-0.80%
4/26/1994,9.4049,9.3881,9.4527,9.3681,285.54M,+0.18%
4/25/1994,9.3881,9.2451,9.4066,9.2348,238.29M,+1.55%
4/22/1994,9.2451,9.1935,9.3154,9.1935,319.54M,+0.56%
4/21/1994,9.1935,8.9019,9.2045,8.9019,341.23M,+3.28%
4/20/1994,8.9019,8.9515,9.0685,8.8202,335.34M,-0.55%
4/19/1994,8.9515,9.0291,9.1306,8.839,328.19M,-0.86%
4/18/1994,9.0291,9.1752,9.229,8.9941,246.58M,-1.59%
4/15/1994,9.1752,9.1591,9.2253,9.1278,278.92M,+0.18%
4/14/1994,9.1591,9.1992,9.2746,9.064,313.10M,-0.44%
4/13/1994,9.1992,9.4049,9.455,9.1103,343.36M,-2.19%
4/12/1994,9.4049,9.615,9.615,9.3588,290.76M,-2.19%
4/11/1994,9.615,9.6413,9.6441,9.5624,238.17M,-0.27%
4/8/1994,9.6413,9.7934,9.8021,9.5847,268.82M,-1.55%
4/7/1994,9.7934,9.738,9.8177,9.7025,284.69M,+0.57%
4/6/1994,9.738,9.7518,9.7809,9.6323,293.82M,-0.14%
4/5/1994,9.7518,9.4039,9.7611,9.4039,330.81M,+3.70%
4/4/1994,9.4039,9.5927,9.5927,9.2358,313.72M,-1.97%
3/31/1994,9.5927,9.5249,9.613,9.3262,413.95M,+0.71%
3/30/1994,9.5249,9.5937,9.6709,9.4119,398.19M,-0.72%
3/29/1994,9.5937,9.8673,9.9046,9.589,309.56M,-2.77%
3/28/1994,9.8673,10.0161,10.0559,9.7303,300.92M,-1.49%
3/25/1994,10.0161,10.1178,10.1513,10.0103,281.29M,-1.01%
3/24/1994,10.1178,10.2826,10.2826,10.0153,373.50M,-1.60%
3/23/1994,10.2826,10.2868,10.3617,10.2823,334.15M,-0.04%
3/22/1994,10.2868,10.345,10.3455,10.2573,305.23M,-0.56%
3/21/1994,10.345,10.4584,10.4607,10.3392,261.55M,-1.08%
3/18/1994,10.4584,10.4817,10.4927,10.4033,311.45M,-0.22%
3/17/1994,10.4817,10.4031,10.4953,10.4031,324.27M,+0.76%
3/16/1994,10.4031,10.341,10.4123,10.3292,338.01M,+0.60%
3/15/1994,10.341,10.3435,10.3971,10.3279,303.08M,-0.02%
3/14/1994,10.3435,10.2558,10.3602,10.2558,265.50M,+0.85%
3/11/1994,10.2558,10.2643,10.2848,10.1937,279.25M,-0.08%
3/10/1994,10.2643,10.3472,10.3885,10.2029,326.79M,-0.80%
3/9/1994,10.3472,10.3194,10.3785,10.251,316.90M,+0.27%
3/8/1994,10.3194,10.4028,10.4028,10.2703,304.66M,-0.80%
3/7/1994,10.4028,10.3199,10.4276,10.3199,303.24M,+0.80%
3/4/1994,10.3199,10.2242,10.3445,10.2242,318.18M,+0.94%
3/3/1994,10.2242,10.2245,10.2999,10.2047,318.36M,-0.00%
3/2/1994,10.2245,10.2623,10.2623,9.977,326.64M,-0.37%
3/1/1994,10.2623,10.3244,10.371,10.1789,307.31M,-0.60%
2/28/1994,10.3244,10.1811,10.3507,10.1811,287.55M,+1.41%
2/25/1994,10.1811,10.0895,10.1856,10.0712,285.65M,+0.91%
2/24/1994,10.0895,10.2428,10.2428,10.0298,348.95M,-1.50%
2/23/1994,10.2428,10.2821,10.3294,10.2252,295.47M,-0.38%
2/22/1994,10.2821,10.2185,10.2904,10.1456,263.27M,+0.62%
2/18/1994,10.2185,10.2047,10.2257,10.0955,300.63M,+0.14%
2/17/1994,10.2047,10.2385,10.3309,10.1536,354.81M,-0.33%
2/16/1994,10.2385,10.227,10.3024,10.2032,338.50M,+0.11%
2/15/1994,10.227,10.1476,10.2493,10.1426,296.64M,+0.78%
2/14/1994,10.1476,10.0654,10.1588,10.0654,282.51M,+0.82%
2/11/1994,10.0654,10.0524,10.089,9.9697,208.19M,+0.13%
2/10/1994,10.0524,10.1175,10.1686,10.0379,339.29M,-0.64%
2/9/1994,10.1175,10.0561,10.135,10.0494,330.19M,+0.61%
2/8/1994,10.0561,10.0101,10.0757,9.9422,309.94M,+0.46%
2/7/1994,10.0101,9.9565,10.0243,9.8274,370.02M,+0.54%
2/4/1994,9.9565,10.2713,10.2721,9.9472,376.03M,-3.07%
2/3/1994,10.2713,10.3146,10.3146,10.1997,331.62M,-0.42%
2/2/1994,10.3146,10.2756,10.3312,10.237,334.95M,+0.38%
2/1/1994,10.2756,10.37,10.37,10.244,339.75M,-0.91%
1/31/1994,10.37,10.3332,10.4058,10.3267,329.92M,+0.36%
1/28/1994,10.3332,10.2683,10.3364,10.2633,347.49M,+0.63%
1/27/1994,10.2683,10.1997,10.2728,10.1846,314.49M,+0.67%
1/26/1994,10.1997,10.1819,10.2242,10.1361,316.49M,+0.17%
1/25/1994,10.1819,10.2508,10.2508,10.1057,352.35M,-0.67%
1/24/1994,10.2508,10.3099,10.3194,10.2145,303.88M,-0.57%
1/21/1994,10.3099,10.3084,10.3525,10.2688,349.43M,+0.01%
1/20/1994,10.3084,10.1794,10.3101,10.1794,340.17M,+1.27%
1/19/1994,10.1794,10.2939,10.2939,10.1115,337.87M,-1.11%
1/18/1994,10.2939,10.2899,10.3199,10.2583,319.44M,+0.04%
1/17/1994,10.2899,10.3139,10.3154,10.254,243.45M,-0.23%
1/14/1994,10.3139,10.22,10.3292,10.22,299.66M,+0.92%
1/13/1994,10.22,10.2317,10.2317,10.1308,290.11M,-0.12%
1/12/1994,10.2317,10.2162,10.2846,10.1373,322.54M,+0.15%
1/11/1994,10.2162,10.2428,10.251,10.1596,321.93M,-0.26%
1/10/1994,10.2428,10.1393,10.2683,10.1335,313.35M,+1.02%
1/7/1994,10.1393,10.125,10.1553,10.0191,330.06M,+0.14%
1/6/1994,10.125,10.0464,10.1338,10.0464,349.21M,+0.78%
1/5/1994,10.0464,9.9742,10.0622,9.9369,349.88M,+0.72%
1/4/1994,9.9742,9.9076,9.995,9.8758,298.60M,+0.67%
1/3/1994,9.9076,9.976,9.976,9.8204,253.02M,-0.69%
12/31/1993,9.9765,9.9626,10.0333,9.9504,507.70M,+0.14%
12/30/1993,9.9626,9.9038,9.9757,9.8971,525.38M,+0.59%
12/29/1993,9.9038,9.8878,9.9353,9.8588,532.78M,+0.16%
12/28/1993,9.8878,9.8152,9.895,9.8055,495.22M,+0.74%
12/27/1993,9.8152,9.7771,9.8203,9.7626,365.10M,+0.39%
12/23/1993,9.7771,9.7291,9.8217,9.7291,492.10M,+0.49%
12/22/1993,9.7291,9.7318,9.7505,9.6395,603.32M,-0.03%
12/21/1993,9.7318,9.7621,9.7621,9.6847,582.40M,-0.31%
12/20/1993,9.7621,9.7449,9.7953,9.7311,532.36M,+0.18%
12/17/1993,9.7449,9.6734,9.7665,9.6734,621.26M,+0.74%
12/16/1993,9.6734,9.6425,9.71,9.6425,573.94M,+0.32%
12/15/1993,9.6425,9.5895,9.6486,9.5678,575.20M,+0.55%
12/14/1993,9.5895,9.7135,9.728,9.5647,609.76M,-1.28%
12/13/1993,9.7135,9.6929,9.7234,9.6465,540.02M,+0.21%
12/10/1993,9.6929,9.7002,9.7057,9.6476,616.50M,-0.07%
12/9/1993,9.7002,9.8896,9.8896,9.6709,605.58M,-1.91%
12/8/1993,9.8896,9.9441,9.9441,9.8414,586.88M,-0.55%
12/7/1993,9.9441,9.9946,10.0143,9.8973,597.68M,-0.51%
12/6/1993,9.9946,10.064,10.064,9.8403,585.32M,-0.69%
12/3/1993,10.064,9.9235,10.0649,9.9235,655.74M,+1.42%
12/2/1993,9.9235,9.8429,9.9235,9.804,598.26M,+0.82%
12/1/1993,9.8429,9.6879,9.8903,9.6879,647.76M,+1.60%
11/30/1993,9.6879,9.5984,9.7165,9.5404,571.68M,+0.93%
11/29/1993,9.5984,9.6768,9.7311,9.5951,486.26M,-0.81%
11/26/1993,9.6768,9.6447,9.6888,9.6447,160.58M,+0.33%
11/24/1993,9.6447,9.5492,9.6783,9.5492,480.74M,+1.00%
11/23/1993,9.5492,9.3525,9.5544,9.3525,559.10M,+2.10%
11/22/1993,9.3525,9.5327,9.5327,9.3263,604.28M,-1.89%
11/19/1993,9.5327,9.5622,9.6006,9.4685,782.22M,-0.31%
11/18/1993,9.5622,9.6638,9.6833,9.5304,744.12M,-1.05%
11/17/1993,9.6638,9.8536,9.8888,9.6438,719.30M,-1.93%
11/16/1993,9.8536,9.7971,9.8661,9.7256,625.38M,+0.58%
11/15/1993,9.7971,9.8987,9.9177,9.7887,542.28M,-1.03%
11/12/1993,9.8987,9.8858,9.9325,9.8619,615.50M,+0.13%
11/11/1993,9.8858,9.8439,9.9413,9.8439,637.48M,+0.43%
11/10/1993,9.8439,9.6668,9.8491,9.6668,607.70M,+1.83%
11/9/1993,9.6668,9.6401,9.806,9.6401,633.54M,+0.28%
11/8/1993,9.6401,9.6096,9.7145,9.532,507.28M,+0.32%
11/5/1993,9.6096,9.4551,9.6184,9.3138,667.36M,+1.63%
11/4/1993,9.4551,9.7172,9.7172,9.4309,655.76M,-2.70%
11/3/1993,9.7172,9.9023,9.9199,9.6749,697.62M,-1.87%
11/2/1993,9.9023,9.8951,9.9218,9.7965,649.32M,+0.07%
11/1/1993,9.8951,9.7938,9.9051,9.7925,546.26M,+1.03%
10/29/1993,9.7938,9.7502,9.8212,9.7392,609.32M,+0.45%
10/28/1993,9.7502,9.7753,9.8368,9.7201,624.28M,-0.26%
10/27/1993,9.7753,9.6338,9.7896,9.6288,604.30M,+1.47%
10/26/1993,9.6338,9.7041,9.7211,9.5773,591.80M,-0.72%
10/25/1993,9.7041,9.7237,9.7736,9.6178,568.92M,-0.20%
10/22/1993,9.7237,9.7028,9.8361,9.6818,723.48M,+0.22%
10/21/1993,9.7028,9.617,9.7066,9.5517,677.14M,+0.89%
10/20/1993,9.617,9.587,9.6656,9.5694,673.82M,+0.31%
10/19/1993,9.587,9.7653,9.778,9.5378,757.44M,-1.83%
10/18/1993,9.7653,9.8305,9.8748,9.7468,687.44M,-0.66%
10/15/1993,9.8305,9.8188,9.9245,9.7918,737.60M,+0.12%
10/14/1993,9.8188,9.6764,9.8434,9.6762,765.50M,+1.47%
10/13/1993,9.6764,9.5828,9.684,9.5703,830.72M,+0.98%
10/12/1993,9.5828,9.535,9.649,9.535,632.62M,+0.50%
10/11/1993,9.535,9.5515,9.6144,9.4964,502.24M,-0.17%
10/8/1993,9.5515,9.4684,9.5525,9.4093,562.80M,+0.88%
10/7/1993,9.4684,9.5291,9.5425,9.4341,588.38M,-0.64%
10/6/1993,9.5291,9.5505,9.6397,9.521,595.88M,-0.22%
10/5/1993,9.5505,9.6262,9.682,9.4794,612.86M,-0.79%
10/4/1993,9.6262,9.589,9.6395,9.5523,475.00M,+0.39%
10/1/1993,9.589,9.5866,9.6334,9.5494,580.04M,+0.02%
9/30/1993,9.5866,9.6912,9.6912,9.5723,612.42M,-1.08%
9/29/1993,9.6912,9.6694,9.7273,9.5861,682.64M,+0.23%
9/28/1993,9.6694,9.5813,9.6711,9.5394,566.80M,+0.92%
9/27/1993,9.5813,9.4695,9.5835,9.4695,533.12M,+1.18%
9/24/1993,9.4695,9.4451,9.4801,9.3913,619.98M,+0.26%
9/23/1993,9.4451,9.3683,9.472,9.3647,668.08M,+0.82%
9/22/1993,9.3683,9.159,9.3878,9.159,578.72M,+2.29%
9/21/1993,9.159,9.2044,9.2618,9.0755,569.62M,-0.49%
9/20/1993,9.2044,9.1725,9.295,9.1725,457.70M,+0.35%
9/17/1993,9.1725,9.1614,9.2196,9.0781,526.34M,+0.12%
9/16/1993,9.1614,9.201,9.201,9.1406,440.30M,-0.43%
9/15/1993,9.201,9.1227,9.2035,9.0777,570.92M,+0.86%
9/14/1993,9.1227,9.2077,9.2077,9.021,533.50M,-0.92%
9/13/1993,9.2077,9.284,9.3121,9.2025,460.66M,-0.82%
9/10/1993,9.284,9.2255,9.3156,9.2211,508.40M,+0.63%
9/9/1993,9.2255,9.139,9.2638,9.139,531.00M,+0.95%
9/8/1993,9.139,9.1849,9.1849,8.9681,615.04M,-0.50%
9/7/1993,9.1849,9.3609,9.3633,9.1541,488.44M,-1.88%
9/3/1993,9.3609,9.3825,9.384,9.3157,437.40M,-0.23%
9/2/1993,9.3825,9.3723,9.4428,9.3526,589.56M,+0.11%
9/1/1993,9.3723,9.3345,9.4009,9.3056,562.72M,+0.41%
8/31/1993,9.3345,9.2507,9.3402,9.2507,539.80M,+0.91%
8/30/1993,9.2507,9.1804,9.2904,9.1804,450.14M,+0.77%
8/27/1993,9.1804,9.1346,9.1938,9.1048,494.68M,+0.50%
8/26/1993,9.1346,9.2168,9.2168,9.0353,580.90M,-0.89%
8/25/1993,9.2169,9.2932,9.3233,9.1781,654.46M,-0.82%
8/24/1993,9.2932,9.2804,9.3225,9.2449,566.76M,+0.14%
8/23/1993,9.2804,9.2899,9.3225,9.2365,453.86M,-0.10%
8/20/1993,9.2899,9.2747,9.3033,9.2322,520.76M,+0.16%
8/19/1993,9.2747,9.4138,9.4138,9.263,578.34M,-1.48%
8/18/1993,9.4138,9.3723,9.5096,9.3723,466.36M,+0.44%
8/17/1993,9.3723,9.2831,9.3783,9.2652,547.06M,+0.96%
8/16/1993,9.2831,9.029,9.2864,9.029,491.20M,+2.81%
8/13/1993,9.029,9.0027,9.0434,8.9784,467.18M,+0.29%
8/12/1993,9.0027,9.011,9.0857,8.9408,542.58M,-0.09%
8/11/1993,9.011,8.9837,9.0346,8.9835,583.60M,+0.30%
8/10/1993,8.9837,9.0751,9.0953,8.977,521.72M,-1.01%
8/9/1993,9.0751,9.0964,9.152,9.044,472.36M,-0.23%
8/6/1993,9.0964,9.078,9.1387,9.0571,502.22M,+0.20%
8/5/1993,9.078,9.0205,9.082,9.0205,539.64M,+0.64%
8/4/1993,9.0205,8.9232,9.036,8.8951,506.76M,+1.09%
8/3/1993,8.9232,8.8986,8.9527,8.8921,495.04M,+0.28%
8/2/1993,8.8986,8.8389,8.933,8.8389,448.70M,+0.68%
7/30/1993,8.8389,8.9507,8.9507,8.786,513.40M,-1.25%
7/29/1993,8.9507,8.9377,9.0087,8.9299,550.40M,+0.15%
7/28/1993,8.9377,8.8176,8.9514,8.8138,530.68M,+1.36%
7/27/1993,8.8176,8.9276,8.9381,8.7888,542.98M,-1.23%
7/26/1993,8.9276,8.8474,8.9669,8.844,452.30M,+0.91%
7/23/1993,8.8474,8.7258,8.8827,8.7258,475.16M,+1.39%
7/22/1993,8.7258,8.8331,8.878,8.6955,513.64M,-1.22%
7/21/1993,8.8331,8.9114,8.9114,8.7917,511.86M,-0.88%
7/20/1993,8.9114,8.7436,8.9257,8.7436,523.30M,+1.92%
7/19/1993,8.7436,8.7939,8.8021,8.6798,479.24M,-0.57%
7/16/1993,8.7939,9.0293,9.0293,8.7699,565.76M,-2.61%
7/15/1993,9.0293,9.1113,9.1113,9.017,600.44M,-0.90%
7/14/1993,9.1113,9.0672,9.1761,9.0202,581.12M,+0.49%
7/13/1993,9.0672,9.0895,9.1302,9.0458,513.06M,-0.25%
7/12/1993,9.0895,9.0792,9.1467,9.0365,405.04M,+0.11%
7/9/1993,9.0792,9.0352,9.0898,8.9757,427.46M,+0.49%
7/8/1993,9.0352,8.9641,9.0502,8.9406,509.34M,+0.79%
7/7/1993,8.9641,9.0375,9.0375,8.9119,472.02M,-0.81%
7/6/1993,9.0375,9.1232,9.1486,9.01,398.74M,-0.94%
7/2/1993,9.1232,9.111,9.1377,9.0519,365.08M,+0.13%
7/1/1993,9.111,9.171,9.1808,9.0603,451.58M,-0.65%
6/30/1993,9.171,9.1669,9.2626,9.1525,531.80M,+0.05%
6/29/1993,9.1669,9.2293,9.2637,9.1376,502.10M,-0.68%
6/28/1993,9.2293,9.0733,9.2293,9.0733,454.02M,+1.72%
6/25/1993,9.0733,8.9631,9.1085,8.963,438.72M,+1.23%
6/24/1993,8.9631,8.8907,8.9825,8.8361,454.30M,+0.81%
6/23/1993,8.8907,8.9224,8.9559,8.8599,519.90M,-0.36%
6/22/1993,8.9224,8.9641,8.9962,8.9018,516.34M,-0.47%
6/21/1993,8.9641,8.9665,8.9844,8.8925,416.94M,-0.03%
6/18/1993,8.9665,9.1181,9.1621,8.9665,499.84M,-1.66%
6/17/1993,9.1181,9.1432,9.1643,9.0741,490.88M,-0.28%
6/16/1993,9.1432,9.1923,9.2274,9.0715,479.80M,-0.53%
6/15/1993,9.1923,9.1966,9.2572,9.1807,473.58M,-0.05%
6/14/1993,9.1966,9.0946,9.2163,9.0946,416.86M,+1.12%
6/11/1993,9.0946,9.0063,9.1206,9.0063,470.42M,+0.98%
6/10/1993,9.0063,9.0239,9.0316,8.9284,484.56M,-0.19%
6/9/1993,9.0239,9.0362,9.0984,8.9709,526.10M,-0.14%
6/8/1993,9.0362,9.1267,9.1267,8.9926,524.62M,-0.99%
6/7/1993,9.1267,9.2337,9.3124,9.1258,495.72M,-1.16%
6/4/1993,9.2337,9.3197,9.3197,9.2178,503.76M,-0.92%
6/3/1993,9.3197,9.3354,9.3543,9.2526,520.16M,-0.17%
6/2/1993,9.3354,9.3315,9.3912,9.2775,548.64M,+0.04%
6/1/1993,9.3315,9.2208,9.3855,9.2208,473.56M,+1.20%
5/28/1993,9.2208,9.3365,9.3365,9.1244,471.50M,-1.24%
5/27/1993,9.3365,9.3769,9.4317,9.3144,555.58M,-0.43%
5/26/1993,9.3769,9.1734,9.3783,9.1505,586.78M,+2.22%
5/25/1993,9.1734,9.1952,9.1952,9.1147,505.14M,-0.24%
5/24/1993,9.1952,9.1847,9.2583,9.1005,410.44M,+0.11%
5/21/1993,9.1847,9.2795,9.2796,9.1307,556.36M,-1.02%
5/20/1993,9.2795,9.1347,9.2904,9.1347,686.46M,+1.58%
5/19/1993,9.1347,8.9174,9.1481,8.8884,636.62M,+2.44%
5/18/1993,8.9174,8.834,8.9204,8.834,555.42M,+0.94%
5/17/1993,8.834,8.7621,8.8449,8.7552,419.80M,+0.82%
5/14/1993,8.7621,8.7098,8.7683,8.6876,458.34M,+0.60%
5/13/1993,8.7098,8.7912,8.7913,8.6592,525.06M,-0.93%
5/12/1993,8.7912,8.8424,8.845,8.7756,492.74M,-0.58%
5/11/1993,8.8424,8.8885,8.8885,8.8052,446.54M,-0.52%
5/10/1993,8.8885,8.848,8.9306,8.848,412.90M,+0.46%
5/7/1993,8.848,8.8101,8.8737,8.7908,452.22M,+0.43%
5/6/1993,8.8101,8.901,8.9365,8.7924,520.44M,-1.02%
5/5/1993,8.901,8.8493,8.9459,8.7888,578.38M,+0.58%
5/4/1993,8.8493,8.6411,8.8604,8.6411,537.54M,+2.41%
5/3/1993,8.6411,8.5153,8.6488,8.5153,404.66M,+1.48%
4/30/1993,8.5153,8.4911,8.6265,8.4911,453.92M,+0.28%
4/29/1993,8.4911,8.5081,8.5081,8.3899,409.92M,-0.20%
4/28/1993,8.5081,8.3814,8.5149,8.3814,441.02M,+1.51%
4/27/1993,8.3814,8.198,8.387,8.198,473.58M,+2.24%
4/26/1993,8.198,8.3578,8.3776,8.18,424.64M,-1.91%
4/23/1993,8.3578,8.4786,8.49,8.3365,486.78M,-1.42%
4/22/1993,8.4786,8.5215,8.6111,8.4625,527.56M,-0.50%
4/21/1993,8.5215,8.4931,8.5521,8.4377,496.88M,+0.33%
4/20/1993,8.4931,8.4529,8.506,8.3817,502.64M,+0.48%
4/19/1993,8.4529,8.5329,8.5513,8.3334,445.70M,-0.94%
4/16/1993,8.5329,8.6142,8.6478,8.5263,453.56M,-0.94%
4/15/1993,8.6142,8.6792,8.6792,8.5937,493.90M,-0.75%
4/14/1993,8.6792,8.6637,8.6937,8.6113,486.22M,+0.18%
4/13/1993,8.6637,8.7422,8.8128,8.6598,513.90M,-0.90%
4/12/1993,8.7422,8.5557,8.7602,8.5557,428.30M,+2.18%
4/8/1993,8.5557,8.6465,8.6479,8.5278,441.76M,-1.05%
4/7/1993,8.6465,8.5305,8.6527,8.5046,425.08M,+1.36%
4/6/1993,8.5305,8.6345,8.7103,8.5181,435.06M,-1.20%
4/5/1993,8.6345,8.5462,8.6464,8.496,381.68M,+1.03%
4/2/1993,8.5462,8.8757,8.8757,8.5453,558.52M,-3.71%
4/1/1993,8.8757,9.0031,9.0363,8.8542,493.38M,-1.41%
3/31/1993,9.0031,8.9605,9.0973,8.9605,515.84M,+0.48%
3/30/1993,8.9605,8.8023,8.9605,8.8023,243.14M,+1.80%
3/29/1993,8.8023,8.8334,8.8944,8.7926,388.96M,-0.35%
3/26/1993,8.8334,8.8767,8.9276,8.8018,409.02M,-0.49%
3/25/1993,8.8767,8.7297,8.893,8.7297,438.60M,+1.68%
3/24/1993,8.7297,8.7204,8.768,8.6527,486.66M,+0.11%
3/23/1993,8.7204,8.7525,8.8423,8.7121,452.30M,-0.37%
3/22/1993,8.7525,8.806,8.806,8.6719,426.06M,-0.61%
3/19/1993,8.8061,8.9049,8.9654,8.8037,471.28M,-1.11%
3/18/1993,8.9049,8.9088,8.9832,8.9005,463.42M,-0.04%
3/17/1993,8.9088,9.108,9.108,8.8891,490.18M,-2.19%
3/16/1993,9.108,9.1257,9.1813,9.0954,458.54M,-0.19%
3/15/1993,9.1257,9.084,9.1442,9.0741,375.16M,+0.46%
3/12/1993,9.084,9.0611,9.095,8.9286,576.60M,+0.25%
3/11/1993,9.0611,9.0492,9.1343,9.0425,494.14M,+0.13%
3/10/1993,9.0492,9.0026,9.0596,8.9739,490.40M,+0.52%
3/9/1993,9.0026,9.0036,9.0529,8.982,464.54M,-0.01%
3/8/1993,9.0036,8.9065,9.026,8.8953,439.88M,+1.09%
3/5/1993,8.9065,8.9056,8.9698,8.8349,428.48M,+0.01%
3/4/1993,8.9056,9.0166,9.0166,8.8384,464.10M,-1.23%
3/3/1993,9.0166,8.9227,9.0283,8.9122,474.76M,+1.05%
3/2/1993,8.9227,8.7445,8.9372,8.719,414.16M,+2.04%
3/1/1993,8.7445,8.7957,8.8415,8.724,372.08M,-0.58%
2/26/1993,8.7957,8.8088,8.8464,8.7482,434.66M,-0.15%
2/25/1993,8.8088,8.7703,8.8142,8.6593,518.78M,+0.44%
2/24/1993,8.7703,8.5477,8.786,8.4826,561.84M,+2.60%
2/23/1993,8.5477,8.5254,8.5838,8.4451,541.84M,+0.26%
2/22/1993,8.5254,8.7149,8.7237,8.5188,554.88M,-2.17%
2/19/1993,8.7149,8.724,8.7966,8.6545,486.60M,-0.10%
2/18/1993,8.724,8.6647,8.8525,8.5871,597.24M,+0.69%
2/17/1993,8.6647,8.6892,8.7283,8.554,551.04M,-0.28%
2/16/1993,8.6892,9.0474,9.0474,8.6143,607.44M,-3.96%
2/12/1993,9.0474,9.1761,9.1829,9.0433,429.20M,-1.40%
2/11/1993,9.1761,9.2005,9.2616,9.162,471.54M,-0.27%
2/10/1993,9.2005,9.0915,9.2343,9.0915,518.82M,+1.20%
2/9/1993,9.0915,9.161,9.2414,9.0784,553.96M,-0.76%
2/8/1993,9.161,9.2431,9.2774,9.1328,444.14M,-0.89%
2/5/1993,9.2431,9.3744,9.3744,9.1174,586.42M,-1.40%
2/4/1993,9.3744,9.4318,9.4794,9.3177,569.32M,-0.61%
2/3/1993,9.4318,9.4545,9.5001,9.4113,583.46M,-0.24%
2/2/1993,9.4545,9.4052,9.4582,9.3746,508.16M,+0.52%
2/1/1993,9.4052,9.2821,9.4199,9.2772,427.88M,+1.33%
1/29/1993,9.2821,9.2848,9.3362,9.2418,473.90M,-0.03%
1/28/1993,9.2848,9.3335,9.3335,9.22,534.42M,-0.52%
1/27/1993,9.3335,9.5029,9.5029,9.2641,563.44M,-1.78%
1/26/1993,9.5029,9.545,9.6357,9.4798,592.68M,-0.44%
1/25/1993,9.545,9.464,9.6044,9.4576,529.18M,+0.86%
1/22/1993,9.464,9.5021,9.5612,9.4532,589.44M,-0.40%
1/21/1993,9.5021,9.4116,9.5188,9.3667,562.66M,+0.96%
1/20/1993,9.4116,9.4189,9.4664,9.3823,542.64M,-0.08%
1/19/1993,9.4189,9.4874,9.5208,9.4098,555.78M,-0.72%
1/18/1993,9.4874,9.4994,9.4996,9.4016,481.48M,-0.13%
1/15/1993,9.4994,9.5522,9.5884,9.4089,590.88M,-0.55%
1/14/1993,9.5522,9.4146,9.5801,9.4146,573.92M,+1.46%
1/13/1993,9.4146,9.2156,9.4295,9.1601,489.40M,+2.16%
1/12/1993,9.2156,9.2883,9.3082,9.1464,467.54M,-0.78%
1/11/1993,9.2883,9.1564,9.2969,9.1311,391.48M,+1.44%
1/8/1993,9.1564,9.1182,9.1574,9.0539,465.64M,+0.42%
1/7/1993,9.1182,9.1922,9.2824,9.108,593.86M,-0.81%
1/6/1993,9.1922,9.0235,9.1993,9.0235,540.04M,+1.87%
1/5/1993,9.0235,8.9267,9.0243,8.9014,458.80M,+1.08%
1/4/1993,8.9267,9.0222,9.028,8.9127,377.74M,-1.06%
12/31/1992,9.0222,9.016,9.0728,9.0142,406.38M,+0.07%
12/30/1992,9.016,9.0129,9.0412,8.9753,386.96M,+0.03%
12/29/1992,9.0129,8.9942,9.0873,8.9942,399.42M,+0.21%
12/28/1992,8.9942,8.9565,8.999,8.9306,288.14M,+0.42%
12/24/1992,8.9565,8.9298,8.9686,8.8989,212.52M,+0.30%
12/23/1992,8.9298,8.9084,8.9626,8.8907,505.78M,+0.24%
12/22/1992,8.9084,9.001,9.0389,8.8493,495.40M,-1.03%
12/21/1992,9.001,8.9649,9.0101,8.9172,405.82M,+0.40%
12/18/1992,8.9649,8.9386,9.0124,8.9332,488.12M,+0.29%
12/17/1992,8.9386,8.7408,8.9431,8.7408,495.88M,+2.26%
12/16/1992,8.7408,8.6906,8.8028,8.6763,516.54M,+0.58%
12/15/1992,8.6906,8.7522,8.7522,8.6367,497.86M,-0.70%
12/14/1992,8.7522,8.7895,8.8242,8.7522,389.00M,-0.42%
12/11/1992,8.7895,8.8812,8.8812,8.7624,426.34M,-1.03%
12/10/1992,8.8812,8.9629,8.9629,8.8122,482.70M,-0.91%
12/9/1992,8.9629,9.032,9.0529,8.9229,539.74M,-0.77%
12/8/1992,9.032,9.0636,9.0979,8.9919,549.40M,-0.35%
12/7/1992,9.0636,8.9775,9.0652,8.9542,452.54M,+0.96%
12/4/1992,8.9775,8.8871,8.9939,8.878,522.22M,+1.02%
12/3/1992,8.8871,8.8065,8.9084,8.77,478.06M,+0.92%
12/2/1992,8.8065,8.834,8.8545,8.773,486.36M,-0.31%
12/1/1992,8.834,8.7912,8.8522,8.7312,474.24M,+0.49%
11/30/1992,8.7912,8.75,8.7994,8.7175,435.60M,+0.47%
11/27/1992,8.75,8.7586,8.7934,8.7292,187.86M,-0.10%
11/25/1992,8.7586,8.7665,8.7889,8.7321,444.54M,-0.09%
11/24/1992,8.7665,8.6028,8.7895,8.6028,489.84M,+1.90%
11/23/1992,8.6028,8.7372,8.7372,8.5492,416.28M,-1.54%
11/20/1992,8.7372,8.6858,8.7644,8.6727,496.08M,+0.59%
11/19/1992,8.6858,8.6246,8.7339,8.6246,516.50M,+0.71%
11/18/1992,8.6246,8.4723,8.6374,8.4583,466.52M,+1.80%
11/17/1992,8.4723,8.6326,8.6326,8.4501,448.64M,-1.86%
11/16/1992,8.6326,8.7293,8.7323,8.624,376.16M,-1.11%
11/13/1992,8.7293,8.687,8.7316,8.6458,402.94M,+0.49%
11/12/1992,8.687,8.7134,8.7542,8.6564,518.94M,-0.30%
11/11/1992,8.7134,8.6266,8.7616,8.6264,546.48M,+1.01%
11/10/1992,8.6266,8.5313,8.639,8.5052,524.32M,+1.12%
11/9/1992,8.5313,8.4702,8.5613,8.4198,490.86M,+0.72%
11/6/1992,8.4702,8.4287,8.4836,8.3784,458.30M,+0.49%
11/5/1992,8.4287,8.21,8.4416,8.197,476.90M,+2.66%
11/4/1992,8.21,8.1651,8.2431,8.1404,379.06M,+0.55%
11/3/1992,8.1651,8.2744,8.2921,8.147,374.74M,-1.32%
11/2/1992,8.2744,8.245,8.2803,8.1961,358.70M,+0.36%
10/30/1992,8.245,8.2935,8.3022,8.1931,386.16M,-0.58%
10/29/1992,8.2935,8.1829,8.3279,8.1829,422.94M,+1.35%
10/28/1992,8.1829,8.114,8.1921,8.0706,417.20M,+0.85%
10/27/1992,8.114,8.1953,8.2313,8.0591,405.14M,-0.99%
10/26/1992,8.1953,8.1519,8.2023,8.0991,337.60M,+0.53%
10/23/1992,8.1519,8.1683,8.2206,8.1398,458.48M,-0.20%
10/22/1992,8.1683,8.1677,8.2024,8.1026,459.50M,+0.01%
10/21/1992,8.1677,8.1003,8.1727,8.0951,444.10M,+0.83%
10/20/1992,8.1003,8.0854,8.1832,8.0666,464.72M,+0.18%
10/19/1992,8.0854,7.9251,8.0896,7.9064,396.26M,+2.02%
10/16/1992,7.9251,7.8186,7.9394,7.7872,367.66M,+1.36%
10/15/1992,7.8186,7.7548,7.8292,7.7101,347.56M,+0.82%
10/14/1992,7.7548,7.7684,7.8046,7.7246,351.38M,-0.18%
10/13/1992,7.7684,7.7177,7.8065,7.7107,335.12M,+0.66%
10/12/1992,7.7177,7.6557,7.7411,7.6557,255.70M,+0.81%
10/9/1992,7.6557,7.7238,7.7435,7.637,340.48M,-0.88%
10/8/1992,7.7238,7.6494,7.7658,7.6494,395.70M,+0.97%
10/7/1992,7.6494,7.7141,7.7823,7.64,313.04M,-0.84%
10/6/1992,7.7141,7.607,7.7411,7.5978,391.08M,+1.41%
10/5/1992,7.607,7.6246,7.6246,7.3134,447.38M,-0.23%
10/2/1992,7.6246,7.741,7.741,7.6066,339.92M,-1.50%
10/1/1992,7.741,7.8449,7.8449,7.7346,370.26M,-1.33%
9/30/1992,7.8449,7.7815,7.8517,7.7708,374.26M,+0.82%
9/29/1992,7.7815,7.7118,7.7946,7.6889,317.72M,+0.90%
9/28/1992,7.7118,7.7708,7.7708,7.6543,248.72M,-0.76%
9/25/1992,7.7708,7.9539,7.9588,7.7074,396.98M,-2.30%
9/24/1992,7.9539,7.9108,7.9736,7.9108,361.38M,+0.54%
9/23/1992,7.9108,7.8723,7.9212,7.8252,386.48M,+0.49%
9/22/1992,7.8723,7.997,8.0026,7.8558,409.84M,-1.56%
9/21/1992,7.997,8.0134,8.0134,7.9401,318.92M,-0.20%
9/18/1992,8.0134,7.9965,8.0182,7.9449,398.84M,+0.21%
9/17/1992,7.9965,7.9767,8.0452,7.9714,366.32M,+0.25%
9/16/1992,7.9767,8.0128,8.0512,7.9103,363.02M,-0.45%
9/15/1992,8.0128,8.1316,8.1316,7.9683,366.02M,-1.46%
9/14/1992,8.1316,7.8952,8.1331,7.8952,454.00M,+3.00%
9/11/1992,7.8952,7.8858,7.94,7.8728,376.66M,+0.12%
9/10/1992,7.8858,7.7649,7.8904,7.7638,401.88M,+1.56%
9/9/1992,7.7649,7.6592,7.7722,7.6557,340.58M,+1.38%
9/8/1992,7.6592,7.6749,7.6749,7.6095,247.76M,-0.20%
9/4/1992,7.6749,7.7193,7.7272,7.6581,244.76M,-0.58%
9/3/1992,7.7193,7.6791,7.7642,7.6791,373.00M,+0.52%
9/2/1992,7.6791,7.564,7.6853,7.558,340.66M,+1.52%
9/1/1992,7.564,7.4961,7.5665,7.4672,313.74M,+0.91%
8/31/1992,7.4961,7.493,7.5088,7.44,267.06M,+0.04%
8/28/1992,7.493,7.5012,7.5131,7.4706,254.22M,-0.11%
8/27/1992,7.5012,7.4196,7.5358,7.4196,310.98M,+1.10%
8/26/1992,7.4196,7.3164,7.435,7.3164,291.74M,+1.41%
8/25/1992,7.3164,7.2821,7.3373,7.2049,304.82M,+0.47%
8/24/1992,7.2821,7.4067,7.4067,7.274,276.92M,-1.68%
8/21/1992,7.4067,7.5003,7.5469,7.3633,334.60M,-1.25%
8/20/1992,7.5003,7.4725,7.5084,7.4427,310.98M,+0.37%
8/19/1992,7.4725,7.5257,7.5584,7.4688,312.28M,-0.71%
8/18/1992,7.5257,7.5243,7.547,7.4864,280.68M,+0.02%
8/17/1992,7.5243,7.5705,7.5772,7.512,265.12M,-0.61%
8/14/1992,7.5705,7.5466,7.5826,7.5387,291.30M,+0.32%
8/13/1992,7.5466,7.5386,7.5811,7.5352,286.36M,+0.11%
8/12/1992,7.5386,7.5776,7.6056,7.5386,288.30M,-0.51%
8/11/1992,7.5776,7.6206,7.6561,7.5467,290.28M,-0.57%
8/10/1992,7.6206,7.5977,7.6471,7.5647,240.90M,+0.30%
8/7/1992,7.5977,7.6289,7.6944,7.5715,299.36M,-0.41%
8/6/1992,7.6289,7.6796,7.6796,7.5814,313.66M,-0.66%
8/5/1992,7.6796,7.7921,7.7921,7.6597,327.56M,-1.44%
8/4/1992,7.7921,7.8341,7.8525,7.7749,336.98M,-0.54%
8/3/1992,7.8341,7.7876,7.8488,7.7543,282.60M,+0.60%
7/31/1992,7.7876,7.7886,7.8091,7.7375,337.58M,-0.01%
7/30/1992,7.7886,7.7678,7.8025,7.7347,337.50M,+0.27%
7/29/1992,7.7678,7.6839,7.7853,7.6839,421.88M,+1.09%
7/28/1992,7.6839,7.5608,7.6845,7.5608,346.62M,+1.63%
7/27/1992,7.5608,7.6005,7.6005,7.5425,256.26M,-0.52%
7/24/1992,7.6005,7.5772,7.628,7.5128,335.58M,+0.31%
7/23/1992,7.5772,7.544,7.5935,7.5287,329.12M,+0.44%
7/22/1992,7.544,7.6424,7.6461,7.541,336.70M,-1.29%
7/21/1992,7.6424,7.526,7.6653,7.526,310.64M,+1.55%
7/20/1992,7.5258,7.6535,7.6535,7.4543,235.66M,-1.67%
7/17/1992,7.6535,7.7972,7.7972,7.5973,293.54M,-1.84%
7/16/1992,7.7972,7.7499,7.7972,7.6933,345.38M,+0.61%
7/15/1992,7.7499,7.7463,7.8061,7.7337,338.76M,+0.05%
7/14/1992,7.7463,7.6394,7.7533,7.6394,334.40M,+1.40%
7/13/1992,7.6394,7.5857,7.6665,7.5703,265.86M,+0.71%
7/10/1992,7.5857,7.5695,7.6193,7.5302,303.02M,+0.21%
7/9/1992,7.5695,7.4536,7.5998,7.4536,351.68M,+1.56%
7/8/1992,7.4536,7.4211,7.4566,7.3343,323.30M,+0.44%
7/7/1992,7.4211,7.5748,7.6091,7.409,348.82M,-2.03%
7/6/1992,7.5748,7.5366,7.5749,7.4511,269.54M,+0.51%
7/2/1992,7.5366,7.6657,7.7079,7.5114,389.30M,-1.68%
7/1/1992,7.6657,7.5455,7.678,7.5336,372.16M,+1.59%
6/30/1992,7.5455,7.5346,7.5735,7.5055,390.38M,+0.14%
6/29/1992,7.5346,7.2649,7.5381,7.2649,319.04M,+3.71%
6/26/1992,7.2649,7.2956,7.2956,7.2143,300.22M,-0.42%
6/25/1992,7.2956,7.3967,7.415,7.2261,342.44M,-1.37%
6/24/1992,7.3967,7.4507,7.4661,7.3929,304.66M,-0.72%
6/23/1992,7.4507,7.3956,7.5172,7.3956,331.34M,+0.75%
6/22/1992,7.3956,7.4362,7.4362,7.2757,302.38M,-0.55%
6/19/1992,7.4362,7.3127,7.4414,7.3127,355.14M,+1.69%
6/18/1992,7.3127,7.3494,7.4375,7.2855,375.72M,-0.50%
6/17/1992,7.3494,7.4948,7.4976,7.3356,381.14M,-1.94%
6/16/1992,7.4948,7.6115,7.6256,7.4948,326.36M,-1.53%
6/15/1992,7.6115,7.6176,7.6772,7.5769,264.72M,-0.08%
6/12/1992,7.6176,7.5792,7.6739,7.5792,299.02M,+0.51%
6/11/1992,7.5792,7.5798,7.6499,7.5553,320.30M,-0.01%
6/10/1992,7.5798,7.6363,7.6675,7.5773,314.06M,-0.74%
6/9/1992,7.6363,7.7709,7.7893,7.5953,364.44M,-1.73%
6/8/1992,7.7709,7.8465,7.8498,7.7514,258.10M,-0.96%
6/5/1992,7.8465,7.9138,7.941,7.8358,336.78M,-0.85%
6/4/1992,7.9138,7.949,7.9593,7.9098,336.24M,-0.44%
6/3/1992,7.949,7.9464,7.9867,7.9044,343.72M,+0.03%
6/2/1992,7.9464,7.9901,7.9962,7.92,329.92M,-0.55%
6/1/1992,7.9901,7.8978,7.9907,7.8302,283.14M,+1.17%
5/29/1992,7.8978,7.8148,7.9445,7.8081,377.26M,+1.06%
5/28/1992,7.8148,7.717,7.8202,7.6815,306.40M,+1.27%
5/27/1992,7.717,7.6623,7.7414,7.6621,276.68M,+0.71%
5/26/1992,7.6623,7.7246,7.7376,7.6398,253.48M,-0.81%
5/22/1992,7.7246,7.7136,7.7615,7.7015,249.72M,+0.14%
5/21/1992,7.7136,7.7539,7.7543,7.6767,351.72M,-0.52%
5/20/1992,7.7539,7.6752,7.7605,7.6749,320.46M,+1.02%
5/19/1992,7.6752,7.6293,7.6782,7.5981,313.34M,+0.60%
5/18/1992,7.6293,7.5902,7.6855,7.5902,258.70M,+0.51%
5/15/1992,7.5902,7.6285,7.6285,7.5281,285.78M,-0.50%
5/14/1992,7.6285,7.7339,7.7412,7.5832,370.36M,-1.36%
5/13/1992,7.7339,7.7662,7.785,7.7261,343.50M,-0.42%
5/12/1992,7.7662,7.8128,7.8492,7.7299,324.68M,-0.60%
5/11/1992,7.8128,7.7969,7.8542,7.7949,282.14M,+0.20%
5/8/1992,7.7969,7.8334,7.8696,7.7767,309.42M,-0.47%
5/7/1992,7.8334,7.893,7.9028,7.8095,340.56M,-0.76%
5/6/1992,7.893,7.8847,7.9471,7.8751,342.84M,+0.11%
5/5/1992,7.8847,7.7831,7.9125,7.7763,339.88M,+1.31%
5/4/1992,7.7831,7.7019,7.8219,7.7019,288.46M,+1.05%
5/1/1992,7.7019,7.7116,7.7614,7.6263,294.58M,-0.13%
4/30/1992,7.7116,7.5892,7.7124,7.5891,360.24M,+1.61%
4/29/1992,7.5892,7.38,7.5947,7.38,360.76M,+2.83%
4/28/1992,7.38,7.5059,7.5082,7.2981,374.96M,-1.68%
4/27/1992,7.5059,7.6102,7.6476,7.498,324.28M,-1.37%
4/24/1992,7.6102,7.703,7.7119,7.6019,331.94M,-1.20%
4/23/1992,7.703,7.7536,7.8169,7.5912,403.76M,-0.65%
4/22/1992,7.7536,7.6556,7.7802,7.6382,397.78M,+1.28%
4/21/1992,7.6556,7.7119,7.7496,7.6208,403.56M,-0.73%
4/20/1992,7.7119,7.9965,7.9965,7.6411,356.10M,-3.56%
4/16/1992,7.9965,8.1677,8.1685,7.9882,396.96M,-2.10%
4/15/1992,8.1677,8.0294,8.1857,8.0294,437.14M,+1.72%
4/14/1992,8.0294,7.9443,8.1395,7.9443,391.20M,+1.07%
4/13/1992,7.9443,7.8399,7.9443,7.8155,256.04M,+1.33%
4/10/1992,7.8399,8.004,8.079,7.8319,350.42M,-2.05%
4/9/1992,8.004,7.7865,8.0104,7.7865,397.50M,+2.79%
4/8/1992,7.7865,7.8392,7.8392,7.6327,486.94M,-0.67%
4/7/1992,7.8392,8.1296,8.1717,7.8342,420.12M,-3.57%
4/6/1992,8.1296,7.9251,8.1404,7.9251,306.24M,+2.58%
4/3/1992,7.9251,7.9572,7.9914,7.8786,387.86M,-0.40%
4/2/1992,7.9572,8.1137,8.1363,7.9479,389.28M,-1.93%
4/1/1992,8.1137,8.0921,8.1234,7.9852,360.34M,+0.27%
3/31/1992,8.0921,8.0745,8.1737,8.0195,384.10M,+0.22%
3/30/1992,8.0745,8.1214,8.1821,8.0595,308.42M,-0.58%
3/27/1992,8.1214,8.3487,8.3487,8.06,407.92M,-2.72%
3/26/1992,8.3487,8.4579,8.5109,8.3271,351.00M,-1.29%
3/25/1992,8.4579,8.4399,8.4812,8.3903,383.90M,+0.21%
3/24/1992,8.4399,8.4925,8.5481,8.3973,373.84M,-0.62%
3/23/1992,8.4925,8.5383,8.5458,8.4907,297.72M,-0.54%
3/20/1992,8.5383,8.5805,8.5934,8.5183,383.00M,-0.49%
3/19/1992,8.5805,8.5824,8.6365,8.5759,379.94M,-0.02%
3/18/1992,8.5824,8.5898,8.6419,8.5786,358.54M,-0.09%
3/17/1992,8.5898,8.4734,8.6011,8.4734,347.54M,+1.37%
3/16/1992,8.4734,8.4282,8.4811,8.3821,281.70M,+0.54%
3/13/1992,8.4282,8.3871,8.4809,8.3871,331.22M,+0.49%
3/12/1992,8.3871,8.3925,8.4072,8.2919,379.06M,-0.06%
3/11/1992,8.3925,8.5247,8.5267,8.378,384.30M,-1.55%
3/10/1992,8.5247,8.3492,8.5364,8.3492,401.12M,+2.10%
3/9/1992,8.3492,8.3413,8.3978,8.3412,324.24M,+0.09%
3/6/1992,8.3413,8.4545,8.4732,8.2937,386.14M,-1.34%
3/5/1992,8.4545,8.557,8.557,8.4142,443.84M,-1.20%
3/4/1992,8.557,8.6595,8.6758,8.557,425.92M,-1.18%
3/3/1992,8.6595,8.6828,8.7269,8.6534,409.10M,-0.27%
3/2/1992,8.6828,8.6639,8.704,8.6132,353.88M,+0.22%
2/28/1992,8.6639,8.7017,8.7498,8.6101,409.28M,-0.43%
2/27/1992,8.7017,8.7123,8.7894,8.699,411.08M,-0.12%
2/26/1992,8.7123,8.4748,8.7178,8.4748,450.18M,+2.80%
2/25/1992,8.4748,8.4907,8.5005,8.3407,389.00M,-0.19%
2/24/1992,8.4907,8.5765,8.6039,8.4602,345.84M,-1.00%
2/21/1992,8.5765,8.6503,8.6835,8.5392,493.70M,-0.85%
2/20/1992,8.6503,8.468,8.6676,8.468,494.18M,+2.15%
2/19/1992,8.468,8.4802,8.4814,8.3606,496.88M,-0.14%
2/18/1992,8.4802,8.6843,8.6965,8.4802,437.40M,-2.35%
2/14/1992,8.6843,8.7624,8.7624,8.6718,412.58M,-0.89%
2/13/1992,8.7624,8.9168,8.9244,8.7503,434.00M,-1.73%
2/12/1992,8.9168,8.627,8.9168,8.6038,506.90M,+3.36%
2/11/1992,8.627,8.6478,8.6731,8.5824,428.66M,-0.24%
2/10/1992,8.6478,8.6871,8.6871,8.5988,383.20M,-0.45%
2/7/1992,8.6871,8.7438,8.7954,8.6188,476.10M,-0.65%
2/6/1992,8.7438,8.7887,8.8405,8.7113,488.42M,-0.51%
2/5/1992,8.7887,8.6899,8.8147,8.6899,540.22M,+1.14%
2/4/1992,8.6899,8.5512,8.7024,8.5512,452.30M,+1.62%
2/3/1992,8.5512,8.4744,8.5701,8.4395,389.22M,+0.91%
1/31/1992,8.4744,8.5466,8.553,8.4623,452.32M,-0.02%
1/30/1992,8.4762,8.4488,8.549,8.4179,432.40M,+0.32%
1/29/1992,8.4488,8.5378,8.6796,8.4474,496.48M,-1.04%
1/28/1992,8.5378,8.5287,8.5875,8.4652,641.92M,+0.11%
1/27/1992,8.5287,8.6533,8.6597,8.5287,392.90M,-1.44%
1/24/1992,8.6533,8.6688,8.7123,8.6031,481.88M,-0.18%
1/23/1992,8.6688,8.6749,8.7837,8.6098,548.74M,-0.07%
1/22/1992,8.6749,8.3141,8.6751,8.3141,502.34M,+5.57%
1/21/1992,8.2171,8.2927,8.2927,8.2171,530.88M,-4.03%
1/20/1992,8.562,8.7604,8.764,8.5557,419.38M,-2.26%
1/17/1992,8.7604,8.8151,8.8761,8.7567,564.98M,-0.62%
1/16/1992,8.8151,8.9073,8.96,8.8151,604.52M,-1.03%
1/15/1992,8.9073,8.832,8.9247,8.7847,586.56M,+0.85%
1/14/1992,8.832,8.7237,8.8335,8.6979,536.12M,+1.24%
1/13/1992,8.7237,8.6947,8.7334,8.6172,423.80M,+0.33%
1/10/1992,8.6947,8.7751,8.7751,8.582,518.86M,-0.92%
1/9/1992,8.7751,8.6241,8.8222,8.6241,655.64M,+1.75%
1/8/1992,8.6241,8.5077,8.6666,8.4313,630.26M,+1.37%
1/7/1992,8.5077,8.4389,8.5175,8.3511,524.50M,+0.82%
1/6/1992,8.4389,8.387,8.4633,8.3719,475.44M,+0.62%
1/3/1992,8.387,8.3504,8.3999,8.301,428.40M,+0.44%
1/2/1992,8.3504,8.2876,8.3504,8.0798,362.76M,+0.76%
12/31/1991,8.2876,8.1844,8.3308,8.1485,514.92M,+1.26%
12/30/1991,8.1844,7.9349,8.1844,7.9349,448.16M,+3.14%
12/27/1991,7.9349,7.8573,7.9766,7.8573,326.74M,+0.99%
12/26/1991,7.8573,7.6922,7.8798,7.6922,266.56M,+2.15%
12/24/1991,7.6922,7.5972,7.7504,7.5972,266.90M,+1.25%
12/23/1991,7.5972,7.41,7.6008,7.3996,368.64M,+2.53%
12/20/1991,7.41,7.3777,7.4999,7.3777,378.52M,+0.44%
12/19/1991,7.3777,7.5049,7.5049,7.3678,349.16M,-1.70%
12/18/1991,7.5049,7.4868,7.5174,7.442,353.56M,+0.24%
12/17/1991,7.4868,7.5903,7.5921,7.4847,382.24M,-1.36%
12/16/1991,7.5903,7.548,7.6015,7.5183,296.80M,+0.56%
12/13/1991,7.548,7.464,7.5682,7.464,357.40M,+1.13%
12/12/1991,7.464,7.3854,7.4702,7.3854,336.14M,+1.06%
12/11/1991,7.3854,7.4226,7.5,7.3252,348.88M,-0.50%
12/10/1991,7.4226,7.4087,7.4393,7.3486,315.24M,+0.19%
12/9/1991,7.4087,7.418,7.4973,7.3952,310.78M,-0.12%
12/6/1991,7.418,7.3728,7.463,7.3217,343.66M,+0.61%
12/5/1991,7.3728,7.3922,7.4423,7.341,341.26M,-0.26%
12/4/1991,7.3922,7.363,7.4125,7.3365,334.58M,+0.40%
12/3/1991,7.363,7.3626,7.3844,7.3236,332.76M,+0.01%
12/2/1991,7.3626,7.1337,7.3629,7.0411,291.82M,+3.21%
11/29/1991,7.1337,7.1446,7.1614,7.1021,132.62M,-0.15%
11/27/1991,7.1446,7.1172,7.1501,7.1019,268.82M,+0.39%
11/26/1991,7.1172,7.0892,7.1472,6.9942,345.58M,+0.39%
11/25/1991,7.0892,7.172,7.1864,7.0886,284.64M,-1.15%
11/22/1991,7.172,7.2294,7.2484,7.1041,334.16M,-0.79%
11/21/1991,7.2294,7.1441,7.2333,7.1386,377.82M,+1.19%
11/20/1991,7.1441,7.1237,7.2046,7.1111,345.82M,+0.29%
11/19/1991,7.1237,7.2289,7.2289,6.9611,439.26M,-1.46%
11/18/1991,7.2289,7.1269,7.2443,7.0723,454.30M,+1.43%
11/15/1991,7.1269,7.5409,7.5409,7.1255,510.96M,-5.49%
11/14/1991,7.5409,7.5856,7.6287,7.5093,441.06M,-0.59%
11/13/1991,7.5856,7.5639,7.5926,7.4776,416.98M,+0.29%
11/12/1991,7.5639,7.4607,7.5758,7.4607,429.24M,+1.38%
11/11/1991,7.4607,7.4032,7.478,7.4032,307.26M,+0.78%
11/8/1991,7.4032,7.3362,7.4263,7.3351,422.86M,+0.91%
11/7/1991,7.3362,7.2499,7.3455,7.2499,432.16M,+1.19%
11/6/1991,7.2499,7.2404,7.2837,7.2097,382.36M,+0.13%
11/5/1991,7.2404,7.1874,7.2743,7.1744,353.96M,+0.74%
11/4/1991,7.1874,7.2643,7.2643,7.174,309.60M,-1.06%
11/1/1991,7.2643,7.3269,7.3397,7.2304,410.84M,-0.85%
10/31/1991,7.3269,7.3824,7.3906,7.2983,457.04M,-0.75%
10/30/1991,7.3824,7.2663,7.4028,7.2663,405.18M,+1.60%
10/29/1991,7.2663,7.1734,7.2663,7.1635,364.70M,+1.30%
10/28/1991,7.1734,7.0873,7.1748,7.0873,291.82M,+1.21%
10/25/1991,7.0873,7.1552,7.1552,7.078,347.90M,-0.95%
10/24/1991,7.1552,7.2478,7.2489,7.1162,398.72M,-1.28%
10/23/1991,7.2478,7.2839,7.3108,7.2187,399.52M,-0.50%
10/22/1991,7.2839,7.2857,7.3569,7.2826,360.26M,-0.03%
10/21/1991,7.2857,7.3421,7.3474,7.2692,316.28M,-0.77%
10/18/1991,7.3421,7.3259,7.3803,7.3259,424.26M,+0.22%
10/17/1991,7.3259,7.4559,7.4559,7.3004,453.68M,-1.74%
10/16/1991,7.4559,7.3471,7.4587,7.3411,446.66M,+1.48%
10/15/1991,7.3471,7.1932,7.3471,7.1932,355.86M,+2.14%
10/14/1991,7.1932,7.0513,7.1941,7.0513,234.16M,+2.01%
10/11/1991,7.0513,6.9915,7.0652,6.9915,290.02M,+0.85%
10/10/1991,6.9915,6.9263,7.0142,6.9263,333.60M,+0.94%
10/9/1991,6.9263,7.0143,7.0191,6.9263,330.80M,-1.26%
10/8/1991,7.0143,6.986,7.015,6.9472,317.92M,+0.41%
10/7/1991,6.986,7.0266,7.0266,6.9664,267.70M,-0.58%
10/4/1991,7.0266,7.024,7.09,7.0074,302.46M,+0.04%
10/3/1991,7.024,7.1404,7.1404,7.0103,358.74M,-1.63%
10/2/1991,7.1404,7.2234,7.2333,7.1381,359.22M,-1.15%
10/1/1991,7.2234,7.2024,7.243,7.1755,325.36M,+0.29%
9/30/1991,7.2024,7.1625,7.2057,7.1174,282.06M,+0.56%
9/27/1991,7.1625,7.212,7.2751,7.1338,336.60M,-0.69%
9/26/1991,7.212,7.2389,7.2512,7.1679,344.68M,-0.37%
9/25/1991,7.2389,7.1977,7.2554,7.1858,356.24M,+0.57%
9/24/1991,7.1977,7.1356,7.2031,7.1096,359.50M,+0.87%
9/23/1991,7.1356,7.1799,7.1799,7.1051,317.72M,-0.62%
9/20/1991,7.1799,7.1016,7.2163,7.1016,453.02M,+1.10%
9/19/1991,7.1016,7.0396,7.1508,7.0396,413.90M,+0.88%
9/18/1991,7.0396,6.9659,7.0548,6.9231,266.50M,+1.06%
9/17/1991,6.9659,6.978,6.9917,6.9252,333.92M,-0.17%
9/16/1991,6.978,7.0011,7.0111,6.9313,275.14M,-0.33%
9/13/1991,7.0011,7.1527,7.1615,6.983,333.26M,-2.12%
9/12/1991,7.1527,7.0051,7.1531,7.0051,345.60M,+2.11%
9/11/1991,7.0051,6.9231,7.0221,6.9216,303.60M,+1.18%
9/10/1991,6.9231,7.0473,7.0669,6.9223,293.56M,-1.76%
9/9/1991,7.0473,7.0128,7.0533,6.9962,211.70M,+0.49%
9/6/1991,7.0128,7.0321,7.0656,7.0068,298.66M,-0.27%
9/5/1991,7.0321,7.0592,7.0883,7.0227,334.84M,-0.38%
9/4/1991,7.0592,7.1222,7.1492,7.031,308.14M,-0.88%
9/3/1991,7.1222,7.1992,7.2112,7.1168,268.66M,-1.07%
8/30/1991,7.1992,7.2289,7.2398,7.1652,258.80M,-0.41%
8/29/1991,7.2289,7.2611,7.2871,7.2076,317.60M,-0.44%
8/28/1991,7.2611,7.1834,7.2731,7.1725,331.32M,+1.08%
8/27/1991,7.1834,7.1815,7.1986,7.1207,279.34M,+0.03%
8/26/1991,7.1815,7.1834,7.1834,7.1312,224.56M,-0.03%
8/23/1991,7.1834,7.1278,7.207,7.079,344.24M,+0.78%
8/22/1991,7.1278,7.1656,7.181,7.1004,314.92M,-0.53%
8/21/1991,7.1656,6.8684,7.1656,6.8684,385.50M,+4.33%
8/20/1991,6.8684,6.8123,6.912,6.8123,290.86M,+0.82%
8/19/1991,6.8123,7.0014,7.0014,6.6016,323.18M,-2.70%
8/16/1991,7.0014,7.059,7.0758,6.9562,270.20M,-0.82%
8/15/1991,7.059,7.1321,7.1446,7.0527,318.96M,-1.02%
8/14/1991,7.1321,7.0756,7.1337,7.0756,217.46M,+0.80%
8/13/1991,7.0756,7.02,7.1071,7.02,333.64M,+0.79%
8/12/1991,7.02,6.9675,7.0362,6.9402,228.14M,+0.75%
8/9/1991,6.9675,6.9826,7.0172,6.9442,281.56M,-0.22%
8/8/1991,6.9826,6.927,7.0079,6.927,323.18M,+0.80%
8/7/1991,6.927,6.8819,6.935,6.8804,354.54M,+0.66%
8/6/1991,6.8819,6.8173,6.8883,6.8014,299.44M,+0.95%
8/5/1991,6.8173,6.9002,6.9002,6.8162,234.18M,-1.20%
8/2/1991,6.9002,6.8694,6.9441,6.8694,296.98M,+0.45%
8/1/1991,6.8694,6.8172,6.8827,6.8037,320.20M,+0.77%
7/31/1991,6.8172,6.7461,6.822,6.7397,320.64M,+1.05%
7/30/1991,6.7461,6.6286,6.7471,6.6286,304.52M,+1.77%
7/29/1991,6.6286,6.6184,6.6323,6.5647,243.34M,+0.15%
7/26/1991,6.6184,6.5428,6.6322,6.5428,249.12M,+1.16%
7/25/1991,6.5428,6.459,6.5526,6.459,269.48M,+1.30%
7/24/1991,6.459,6.4957,6.5255,6.4589,294.50M,-0.56%
7/23/1991,6.4957,6.6214,6.6461,6.4951,289.40M,-1.90%
7/22/1991,6.6214,6.6862,6.6862,6.602,255.82M,-0.97%
7/19/1991,6.6862,6.6689,6.7144,6.6578,354.00M,+0.26%
7/18/1991,6.6689,6.5974,6.6864,6.5974,343.46M,+1.08%
7/17/1991,6.5974,6.6248,6.6248,6.5561,321.88M,-0.41%
7/16/1991,6.6248,6.7357,6.7577,6.6248,313.90M,-1.65%
7/15/1991,6.7357,6.6991,6.7449,6.6842,275.90M,+0.55%
7/12/1991,6.6991,6.6089,6.7062,6.5904,310.94M,+1.36%
7/11/1991,6.6089,6.596,6.6166,6.5648,280.06M,+0.20%
7/10/1991,6.596,6.5298,6.6497,6.5298,343.22M,+1.01%
7/9/1991,6.5298,6.4859,6.5847,6.4859,302.96M,+0.68%
7/8/1991,6.4859,6.3117,6.4896,6.2621,243.58M,+2.76%
7/5/1991,6.3117,6.323,6.3518,6.2959,112.52M,-0.18%
7/3/1991,6.323,6.4148,6.4148,6.2925,250.04M,-1.43%
7/2/1991,6.4148,6.4907,6.4907,6.4096,273.08M,-1.17%
7/1/1991,6.4907,6.3673,6.5108,6.3673,243.86M,+1.94%
6/28/1991,6.3673,6.3939,6.4128,6.2899,320.66M,-0.42%
6/27/1991,6.3939,6.3236,6.4019,6.3235,277.82M,+1.11%
6/26/1991,6.3236,6.2872,6.3411,6.2568,272.96M,+0.58%
6/25/1991,6.2872,6.2844,6.3717,6.2738,258.06M,+0.04%
6/24/1991,6.2844,6.5197,6.5197,6.2808,248.24M,-3.61%
6/21/1991,6.5197,6.5267,6.5621,6.4998,302.26M,-0.11%
6/20/1991,6.5267,6.5195,6.5427,6.4602,287.84M,+0.11%
6/19/1991,6.5195,6.65,6.65,6.5131,301.66M,-1.96%
6/18/1991,6.65,6.7023,6.7246,6.6321,290.84M,-0.78%
6/17/1991,6.7023,6.7081,6.7581,6.6924,233.20M,-0.09%
6/14/1991,6.7081,6.6327,6.7245,6.6327,270.00M,+1.14%
6/13/1991,6.6327,6.6452,6.677,6.6094,255.40M,-0.19%
6/12/1991,6.6452,6.7446,6.7446,6.5939,313.82M,-1.47%
6/11/1991,6.7446,6.7225,6.7885,6.7177,280.64M,+0.33%
6/10/1991,6.7225,6.7775,6.8039,6.7161,227.62M,-0.81%
6/7/1991,6.7775,6.8687,6.8687,6.7333,291.64M,-1.33%
6/6/1991,6.8687,6.9477,6.9606,6.8602,323.06M,-1.14%
6/5/1991,6.9477,7.042,7.042,6.9349,316.62M,-1.34%
6/4/1991,7.042,7.0371,7.0468,6.9793,314.30M,+0.07%
6/3/1991,7.0371,6.9887,7.0493,6.9396,284.32M,+0.69%
5/31/1991,6.9887,6.9446,6.9887,6.8963,314.76M,+0.63%
5/30/1991,6.9446,6.8724,6.9666,6.8535,301.22M,+1.05%
5/29/1991,6.8724,6.8478,6.9055,6.8347,295.26M,+0.36%
5/28/1991,6.8478,6.7508,6.8493,6.7508,252.66M,+1.44%
5/24/1991,6.7508,6.6924,6.7638,6.6924,256.00M,+0.87%
5/23/1991,6.6924,6.6553,6.7115,6.6553,341.70M,+0.56%
5/22/1991,6.6553,6.5442,6.6767,6.5442,323.50M,+1.70%
5/21/1991,6.5442,6.4782,6.5746,6.4782,332.92M,+1.02%
5/20/1991,6.4782,6.5244,6.5443,6.4582,250.78M,-0.71%
5/17/1991,6.5244,6.5301,6.5351,6.4663,292.40M,-0.09%
5/16/1991,6.5301,6.4654,6.5623,6.4654,308.54M,+1.00%
5/15/1991,6.4654,6.6653,6.6653,6.4262,373.48M,-3.00%
5/14/1991,6.6653,6.7379,6.7379,6.6343,310.06M,-1.08%
5/13/1991,6.7379,6.7309,6.7791,6.6918,252.00M,+0.10%
5/10/1991,6.7309,6.7943,6.8534,6.7157,316.70M,-0.93%
5/9/1991,6.7943,6.6922,6.8104,6.6922,359.24M,+1.53%
5/8/1991,6.6922,6.6692,6.7142,6.6386,317.02M,+0.35%
5/7/1991,6.6692,6.6963,6.7566,6.6626,313.86M,-0.41%
5/6/1991,6.6963,6.6908,6.6982,6.642,239.16M,+0.08%
5/3/1991,6.6908,6.6759,6.6945,6.638,284.22M,+0.22%
5/2/1991,6.6759,6.6184,6.718,6.6184,349.58M,+0.87%
5/1/1991,6.6184,6.6043,6.6191,6.505,370.38M,+0.21%
4/30/1991,6.6043,6.6666,6.6682,6.4964,402.94M,-0.94%
4/29/1991,6.6666,6.7958,6.8318,6.6639,280.60M,-1.90%
4/26/1991,6.7958,6.8124,6.8124,6.7289,298.40M,-0.24%
4/25/1991,6.8124,6.8768,6.8897,6.8075,339.16M,-0.94%
4/24/1991,6.8768,6.8169,6.8933,6.8072,316.46M,+0.88%
4/23/1991,6.8169,6.7964,6.8789,6.777,323.10M,+0.30%
4/22/1991,6.7964,6.8635,6.8635,6.7358,306.88M,-0.98%
4/19/1991,6.8635,6.9581,6.9581,6.8473,436.02M,-1.36%
4/18/1991,6.9581,7.0985,7.0996,6.957,511.06M,-1.98%
4/17/1991,7.0985,7.0646,7.1652,7.0646,535.12M,+0.48%
4/16/1991,7.0646,6.9709,7.0694,6.9527,446.90M,+1.34%
4/15/1991,6.9709,6.9938,6.9938,6.8793,335.60M,-0.33%
4/12/1991,6.9938,6.9749,7.0202,6.91,371.70M,+0.27%
4/11/1991,6.9749,6.7899,6.9845,6.7899,395.82M,+2.72%
4/10/1991,6.7899,6.8367,6.8792,6.7508,345.40M,-0.69%
4/9/1991,6.8367,6.9049,6.9501,6.8238,340.94M,-0.99%
4/8/1991,6.9049,6.8995,6.9136,6.8625,297.86M,+0.08%
4/5/1991,6.8995,6.9457,6.9868,6.8609,400.52M,-0.67%
4/4/1991,6.9457,6.8922,7.0046,6.8704,432.22M,+0.78%
4/3/1991,6.8922,6.8597,6.9388,6.8597,459.62M,+0.47%
4/2/1991,6.8597,6.6278,6.8605,6.6278,399.26M,+3.50%
4/1/1991,6.6278,6.6356,6.6403,6.5811,252.38M,-0.12%
3/28/1991,6.6356,6.6769,6.7016,6.6342,368.60M,-0.62%
3/27/1991,6.6769,6.6297,6.7114,6.6296,388.76M,+0.71%
3/26/1991,6.6297,6.4069,6.6338,6.4069,383.94M,+3.48%
3/25/1991,6.4069,6.3191,6.4351,6.3181,297.14M,+1.39%
3/22/1991,6.3191,6.3366,6.3515,6.295,336.16M,-0.28%
3/21/1991,6.3366,6.4148,6.4756,6.3132,413.84M,-1.22%
3/20/1991,6.4148,6.3587,6.4213,6.3369,322.88M,+0.88%
3/19/1991,6.3587,6.4031,6.4031,6.2547,298.68M,-0.69%
3/18/1991,6.4031,6.3782,6.4362,6.3334,276.58M,+0.39%
3/15/1991,6.3782,6.4074,6.4289,6.3265,315.44M,-0.46%
3/14/1991,6.4074,6.4393,6.5175,6.3776,398.82M,-0.50%
3/13/1991,6.4393,6.279,6.4461,6.279,325.90M,+2.55%
3/12/1991,6.279,6.392,6.392,6.2701,325.02M,-1.77%
3/11/1991,6.392,6.5844,6.5844,6.3812,322.50M,-2.92%
3/8/1991,6.5844,6.6271,6.6996,6.583,375.82M,-0.64%
3/7/1991,6.6271,6.5916,6.6491,6.5502,383.78M,+0.54%
3/6/1991,6.5916,6.5675,6.6977,6.5675,566.16M,+0.37%
3/5/1991,6.5673,6.3469,6.5874,6.3469,449.76M,+3.47%
3/4/1991,6.3469,6.3221,6.3607,6.2927,299.58M,+0.39%
3/1/1991,6.3221,6.2651,6.3341,6.207,321.06M,+0.91%
2/28/1991,6.2651,6.2551,6.2959,6.2151,342.92M,+0.16%
2/27/1991,6.2551,6.2073,6.2637,6.1789,323.84M,+0.77%
2/26/1991,6.2073,6.2632,6.2632,6.1716,260.92M,-0.89%
2/25/1991,6.2632,6.228,6.3257,6.2223,298.52M,+0.57%
2/22/1991,6.228,6.1835,6.3336,6.1799,354.02M,+0.72%
2/21/1991,6.1835,6.2061,6.2417,6.1783,285.62M,-0.37%
2/20/1991,6.2061,6.2634,6.2634,6.1945,284.48M,-1.22%
2/19/1991,6.2826,6.2205,6.2889,6.2005,265.78M,+1.00%
2/15/1991,6.2205,6.1518,6.2433,6.1516,310.06M,+1.12%
2/14/1991,6.1518,6.2706,6.3052,6.1236,383.34M,-1.90%
2/13/1991,6.2706,6.2171,6.2716,6.1764,353.16M,+0.86%
2/12/1991,6.2171,6.2448,6.2736,6.1996,401.48M,-0.44%
2/11/1991,6.2448,6.1238,6.2507,6.1238,369.68M,+1.98%
2/8/1991,6.1238,6.0975,6.1399,6.0503,336.38M,+0.43%
2/7/1991,6.0975,6.1885,6.2446,6.0514,491.20M,-1.47%
2/6/1991,6.1885,6.0509,6.1995,6.0194,439.18M,+2.27%
2/5/1991,6.0509,5.9333,6.0551,5.9188,417.02M,+1.98%
2/4/1991,5.9333,5.8727,5.9465,5.8397,371.88M,+1.03%
2/1/1991,5.8727,5.822,5.9119,5.7932,336.44M,+0.87%
1/31/1991,5.822,5.7431,5.8283,5.7301,354.52M,+1.37%
1/30/1991,5.7431,5.6227,5.7435,5.6028,405.32M,+2.14%
1/29/1991,5.6227,5.5669,5.6251,5.5367,304.12M,+1.00%
1/28/1991,5.5669,5.5362,5.5983,5.5116,257.00M,+0.55%
1/25/1991,5.5362,5.5054,5.5629,5.4856,317.58M,+0.56%
1/24/1991,5.5054,5.4063,5.5268,5.4063,353.12M,+1.83%
1/23/1991,5.4063,5.3097,5.4133,5.2788,267.68M,+1.82%
1/22/1991,5.3097,5.3696,5.382,5.2992,262.36M,-1.11%
1/21/1991,5.3696,5.2977,5.381,5.2346,193.92M,+1.36%
1/18/1991,5.2977,5.2417,5.301,5.1503,277.32M,+1.07%
1/17/1991,5.2417,5.0838,5.3533,5.0838,424.70M,+3.11%
1/16/1991,5.0838,4.8929,5.0866,4.8929,244.32M,+3.90%
1/15/1991,4.8929,4.8537,4.8989,4.8272,205.14M,+0.81%
1/14/1991,4.8537,4.9145,4.9145,4.7981,203.62M,-1.24%
1/11/1991,4.9145,4.9116,4.92,4.874,215.30M,+0.06%
1/10/1991,4.9116,4.8015,4.9182,4.8015,220.28M,+2.29%
1/9/1991,4.8015,4.8116,4.9455,4.7885,291.56M,-0.21%
1/8/1991,4.8116,4.8182,4.8383,4.7817,223.46M,-0.14%
1/7/1991,4.8182,4.9303,4.9303,4.8148,218.92M,-2.27%
1/4/1991,4.9303,4.9195,4.9616,4.9013,207.66M,+0.22%
1/3/1991,4.9195,5.0039,5.0048,4.9136,216.78M,-1.69%
1/2/1991,5.0039,5.0231,5.0298,4.9857,184.04M,-0.38%
12/31/1990,5.0231,4.9953,5.0231,4.9693,257.74M,+0.56%
12/28/1990,4.9953,4.9887,4.9993,4.9606,264.66M,+0.13%
12/27/1990,4.9887,5.0241,5.0391,4.9751,205.44M,-0.70%
12/26/1990,5.0241,5.0403,5.0664,5.0128,144.74M,-0.32%
12/24/1990,5.0403,5.0788,5.0788,5.0269,88.42M,-0.76%
12/21/1990,5.0788,5.0477,5.0853,5.032,295.22M,+0.62%
12/20/1990,5.0477,5.0202,5.0648,4.9532,334.80M,+0.55%
12/19/1990,5.0202,4.9914,5.0295,4.983,292.42M,+0.59%
12/18/1990,4.9907,4.8859,4.9964,4.8859,263.96M,+2.15%
12/17/1990,4.8859,4.913,4.913,4.8438,223.74M,-0.55%
12/14/1990,4.913,4.9604,4.9608,4.8775,239.00M,-0.96%
12/13/1990,4.9604,4.9603,4.9743,4.935,244.04M,+0.00%
12/12/1990,4.9603,4.9235,4.9603,4.8843,244.60M,+0.75%
12/11/1990,4.9235,4.9958,4.9958,4.9144,257.40M,-1.45%
12/10/1990,4.9958,4.9934,5.0024,4.9534,222.50M,+0.05%
12/7/1990,4.9934,4.9969,5.0026,4.9365,249.16M,-0.07%
12/6/1990,4.9969,4.9854,5.0971,4.9701,378.88M,+0.23%
12/5/1990,4.9854,4.8997,4.993,4.8819,296.16M,+1.75%
12/4/1990,4.8997,4.8726,4.9041,4.8336,249.70M,+0.56%
12/3/1990,4.8726,4.8258,4.8959,4.8258,247.62M,+1.01%
11/30/1990,4.8239,4.7871,4.8358,4.734,262.56M,+0.77%
11/29/1990,4.7871,4.7517,4.7885,4.7167,228.38M,+0.75%
11/28/1990,4.7517,4.7386,4.8013,4.7386,257.18M,+0.27%
11/27/1990,4.7386,4.6371,4.743,4.6371,229.20M,+2.19%
11/26/1990,4.6371,4.616,4.6394,4.5539,169.46M,+0.46%
11/23/1990,4.616,4.6074,4.6404,4.6056,138.84M,+0.19%
11/21/1990,4.6074,4.5918,4.614,4.5679,233.34M,+0.34%
11/20/1990,4.5918,4.6852,4.6978,4.5857,253.36M,-1.99%
11/19/1990,4.6852,4.6331,4.6965,4.6331,216.52M,+1.12%
11/16/1990,4.6331,4.748,4.748,4.588,263.94M,-2.42%
11/15/1990,4.748,4.8207,4.8207,4.7249,235.94M,-1.51%
11/14/1990,4.8207,4.7562,4.8262,4.7376,261.62M,+1.36%
11/13/1990,4.7562,4.726,4.7805,4.7041,246.74M,+0.64%
11/12/1990,4.726,4.5649,4.7311,4.5649,238.60M,+3.53%
11/9/1990,4.5649,4.4513,4.5649,4.4513,226.70M,+2.55%
11/8/1990,4.4513,4.4357,4.4873,4.4135,213.82M,+0.35%
11/7/1990,4.4357,4.5153,4.5153,4.4239,219.60M,-1.76%
11/6/1990,4.5153,4.5203,4.5734,4.5038,221.46M,-0.11%
11/5/1990,4.5203,4.4303,4.5262,4.4303,198.00M,+2.03%
11/2/1990,4.4303,4.3306,4.438,4.3256,225.30M,+2.30%
11/1/1990,4.3306,4.3223,4.3391,4.2804,215.90M,+0.19%
10/31/1990,4.3223,4.3333,4.3724,4.3072,237.56M,-0.25%
10/30/1990,4.3333,4.3023,4.3377,4.2529,218.02M,+0.72%
10/29/1990,4.3023,4.3638,4.3879,4.2878,184.46M,-1.41%
10/26/1990,4.3638,4.4422,4.4422,4.3573,203.00M,-1.76%
10/25/1990,4.4422,4.4705,4.4985,4.3995,208.78M,-0.63%
10/24/1990,4.4705,4.4687,4.474,4.4117,253.46M,+0.04%
10/23/1990,4.4687,4.4729,4.5121,4.4424,240.16M,-0.09%
10/22/1990,4.4729,4.374,4.499,4.3526,229.34M,+2.26%
10/19/1990,4.374,4.3179,4.4135,4.3179,318.22M,+1.30%
10/18/1990,4.3179,4.1899,4.3229,4.1887,278.58M,+3.05%
10/17/1990,4.1899,4.1453,4.2201,4.1134,243.56M,+1.08%
10/16/1990,4.1453,4.242,4.2518,4.1322,234.26M,-2.28%
10/15/1990,4.242,4.176,4.2468,4.1363,208.44M,+1.58%
10/12/1990,4.176,4.138,4.1992,4.0717,264.66M,+0.92%
10/11/1990,4.138,4.2449,4.266,4.0981,281.70M,-2.52%
10/10/1990,4.2449,4.3491,4.3491,4.2383,242.08M,-2.40%
10/9/1990,4.3491,4.4979,4.4979,4.3347,219.16M,-3.31%
10/8/1990,4.4979,4.4679,4.5286,4.4679,149.82M,+0.67%
10/5/1990,4.4679,4.4962,4.5257,4.3744,219.28M,-0.63%
10/4/1990,4.4962,4.5215,4.5245,4.4563,209.98M,-0.56%
10/3/1990,4.5215,4.632,4.632,4.5097,212.06M,-2.39%
10/2/1990,4.632,4.6277,4.7356,4.6277,271.62M,+0.10%
10/1/1990,4.6274,4.435,4.6327,4.435,248.76M,+4.34%
9/28/1990,4.435,4.3633,4.4358,4.2414,315.02M,+1.64%
9/27/1990,4.3633,4.4952,4.5498,4.3348,306.56M,-2.93%
9/26/1990,4.4952,4.5266,4.5324,4.4483,237.42M,-0.69%
9/25/1990,4.5266,4.4488,4.5268,4.4437,219.86M,+1.75%
9/24/1990,4.4488,4.589,4.589,4.4155,229.66M,-3.05%
9/21/1990,4.589,4.6085,4.6307,4.5439,248.48M,-0.42%
9/20/1990,4.6085,4.7286,4.7286,4.6009,215.84M,-2.54%
9/19/1990,4.7286,4.745,4.782,4.7215,241.74M,-0.35%
9/18/1990,4.745,4.7494,4.7494,4.6779,230.14M,-0.09%
9/17/1990,4.7494,4.7473,4.7697,4.7081,188.04M,+0.04%
9/14/1990,4.7473,4.7523,4.7542,4.6971,206.98M,-0.11%
9/13/1990,4.7523,4.8183,4.8527,4.7385,211.30M,-1.37%
9/12/1990,4.8183,4.7835,4.8288,4.7608,196.94M,+0.73%
9/11/1990,4.7835,4.8257,4.8304,4.7476,200.14M,-0.87%
9/10/1990,4.8257,4.8044,4.9063,4.8044,192.52M,+0.44%
9/7/1990,4.8044,4.7761,4.8222,4.7157,206.32M,+0.59%
9/6/1990,4.7761,4.8549,4.8549,4.7484,197.46M,-1.62%
9/5/1990,4.8549,4.8782,4.9065,4.841,178.10M,-0.48%
9/4/1990,4.8782,4.8498,4.8812,4.7924,156.28M,+0.58%
8/31/1990,4.8498,4.7775,4.852,4.7418,159.70M,+1.52%
8/30/1990,4.7775,4.8321,4.8644,4.7736,212.60M,-1.13%
8/29/1990,4.8321,4.8822,4.8822,4.815,236.14M,-1.03%
8/28/1990,4.8822,4.8589,4.9092,4.8353,235.60M,+0.48%
8/27/1990,4.8589,4.6332,4.8815,4.6332,258.80M,+4.87%
8/24/1990,4.6332,4.4661,4.6354,4.4661,322.16M,+3.74%
8/23/1990,4.4661,4.6344,4.6344,4.435,405.52M,-3.63%
8/22/1990,4.6344,4.7156,4.7927,4.6339,292.20M,-1.72%
8/21/1990,4.7156,4.8369,4.8369,4.6118,332.98M,-2.51%
8/20/1990,4.8369,4.9308,4.9579,4.8269,230.94M,-1.90%
8/17/1990,4.9308,5.0646,5.0646,4.8602,293.90M,-2.64%
8/16/1990,5.0646,5.2218,5.2218,5.0644,229.80M,-3.01%
8/15/1990,5.2218,5.2176,5.2821,5.2097,210.48M,+0.08%
8/14/1990,5.2176,5.1956,5.2437,5.1807,214.98M,+0.42%
8/13/1990,5.1956,5.1658,5.2072,5.0901,175.28M,+0.58%
8/10/1990,5.1658,5.2384,5.2467,5.1239,224.06M,-1.38%
8/9/1990,5.2384,5.1496,5.2571,5.1496,259.86M,+1.72%
8/8/1990,5.1496,5.0763,5.1608,5.0763,289.70M,+1.44%
8/7/1990,5.0763,5.0462,5.1737,5.0462,330.94M,+0.60%
8/6/1990,5.0462,5.3255,5.3255,5.0315,349.62M,-5.24%
8/3/1990,5.3255,5.485,5.485,5.1254,406.34M,-2.91%
8/2/1990,5.485,5.5883,5.5883,5.4401,293.08M,-1.86%
8/1/1990,5.5888,5.5956,5.6266,5.5522,257.96M,-0.12%
7/31/1990,5.5956,5.609,5.6325,5.5591,270.30M,-0.24%
7/30/1990,5.609,5.6519,5.6519,5.5448,240.88M,-0.76%
7/27/1990,5.6519,5.6911,5.6911,5.6354,243.60M,-0.69%
7/26/1990,5.6911,5.7303,5.7381,5.6637,272.12M,-0.68%
7/25/1990,5.7303,5.6732,5.7521,5.6732,283.20M,+1.01%
7/24/1990,5.6732,5.6956,5.743,5.5619,321.00M,-0.39%
7/23/1990,5.6956,5.8224,5.8224,5.6201,337.76M,-2.18%
7/20/1990,5.8224,5.9216,5.9571,5.8147,349.16M,-1.68%
7/19/1990,5.9216,5.9672,5.9672,5.8399,365.12M,-0.76%
7/18/1990,5.9672,6.0499,6.0499,5.9447,317.98M,-1.37%
7/17/1990,6.0499,6.1665,6.1718,6.0352,335.62M,-1.89%
7/16/1990,6.1665,6.1305,6.1825,6.1182,276.14M,+0.59%
7/13/1990,6.1305,6.0975,6.1738,6.0901,321.18M,+0.54%
7/12/1990,6.0975,6.0312,6.1015,6.01,307.40M,+1.10%
7/11/1990,6.0312,5.9782,6.0324,5.9414,318.06M,+0.89%
7/10/1990,5.9782,6.0017,6.0229,5.9625,284.54M,-0.39%
7/9/1990,6.0017,5.9733,6.0164,5.9679,237.00M,+0.48%
7/6/1990,5.9733,5.9441,5.9799,5.9075,202.80M,+0.49%
7/5/1990,5.9441,5.9663,5.9663,5.9168,195.52M,-0.37%
7/3/1990,5.9663,5.9722,5.9722,5.9322,262.04M,-0.10%
7/2/1990,5.9722,5.9732,5.9843,5.951,228.30M,-0.02%
6/29/1990,5.9732,5.9489,5.9849,5.9489,317.62M,+0.44%
6/28/1990,5.947,5.893,5.9549,5.893,297.64M,+1.05%
6/27/1990,5.8852,5.8349,5.8984,5.8053,274.90M,+0.86%
6/26/1990,5.8349,5.8343,5.9017,5.826,263.24M,+0.01%
6/25/1990,5.8343,5.905,5.9249,5.828,227.12M,-1.20%
6/22/1990,5.905,5.9653,6.001,5.9038,335.08M,-1.01%
6/21/1990,5.9653,5.9445,5.9682,5.9137,288.58M,+0.35%
6/20/1990,5.9445,5.931,5.9713,5.9044,296.18M,+0.23%
6/19/1990,5.931,5.9293,5.9434,5.885,285.96M,+0.03%
6/18/1990,5.9293,6.0314,6.0314,5.9188,315.30M,-1.69%
6/15/1990,6.0314,6.0246,6.0459,5.9995,337.00M,+0.11%
6/14/1990,6.0246,6.0632,6.0647,5.9933,310.34M,-0.64%
6/13/1990,6.0632,6.0145,6.083,6.0137,327.10M,+0.81%
6/12/1990,6.0145,5.9353,6.0169,5.9323,326.58M,+1.33%
6/11/1990,5.9353,5.8797,5.9358,5.8303,224.44M,+0.95%
6/8/1990,5.8797,5.9462,5.9462,5.8403,275.80M,-1.12%
6/7/1990,5.9462,5.963,6.0013,5.9099,302.08M,-0.28%
6/6/1990,5.963,5.9578,5.9813,5.9285,313.04M,+0.09%
6/5/1990,5.9578,6.0145,6.036,5.9363,346.92M,-0.94%
6/4/1990,6.0145,5.9588,6.0183,5.9099,284.34M,+0.94%
6/1/1990,5.9588,5.9153,5.9784,5.9153,336.12M,+0.73%
5/31/1990,5.9153,5.9204,5.9484,5.881,314.52M,-0.09%
5/30/1990,5.9204,5.9075,5.9598,5.8925,338.70M,+0.22%
5/29/1990,5.9075,5.8164,5.9113,5.8119,268.00M,+1.57%
5/25/1990,5.8164,5.9363,5.9363,5.8115,304.38M,-2.04%
5/24/1990,5.9375,5.9131,5.9573,5.9068,348.66M,+0.41%
5/23/1990,5.9131,5.8325,5.9146,5.814,377.48M,+1.38%
5/22/1990,5.8325,5.8167,5.8796,5.7849,380.32M,+0.27%
5/21/1990,5.8167,5.7239,5.8217,5.7239,338.94M,+1.62%
5/18/1990,5.7239,5.6771,5.7356,5.6572,382.82M,+0.83%
5/17/1990,5.6771,5.6393,5.6937,5.6393,342.82M,+0.67%
5/16/1990,5.6391,5.6232,5.6414,5.5735,304.98M,+0.28%
5/15/1990,5.6232,5.6075,5.6306,5.568,324.66M,+0.28%
5/14/1990,5.6075,5.5338,5.6529,5.5338,354.34M,+1.34%
5/11/1990,5.5331,5.4309,5.5382,5.4261,335.12M,+1.88%
5/10/1990,5.4309,5.3963,5.4375,5.3821,284.98M,+0.64%
5/9/1990,5.3963,5.3898,5.4019,5.3635,293.26M,+0.12%
5/8/1990,5.3898,5.3863,5.4012,5.3651,267.68M,+0.07%
5/7/1990,5.3863,5.328,5.4119,5.328,245.38M,+1.09%
5/4/1990,5.328,5.2625,5.3287,5.2578,273.62M,+1.24%
5/3/1990,5.2625,5.2247,5.292,5.2247,321.70M,+0.76%
5/2/1990,5.2227,5.1861,5.2273,5.1861,286.52M,+0.71%
5/1/1990,5.1861,5.1554,5.1999,5.1554,248.26M,+0.60%
4/30/1990,5.1554,5.1017,5.1613,5.0842,211.58M,+1.05%
4/27/1990,5.1017,5.1547,5.1731,5.0853,232.02M,-1.03%
4/26/1990,5.1547,5.1496,5.1875,5.1286,231.86M,+0.10%
4/25/1990,5.1496,5.129,5.1585,5.1215,243.42M,+0.40%
4/24/1990,5.129,5.1508,5.2063,5.1157,253.58M,-0.42%
4/23/1990,5.1508,5.2247,5.2247,5.1041,251.98M,-1.43%
4/20/1990,5.2257,5.2821,5.312,5.2085,300.64M,-1.07%
4/19/1990,5.2821,5.3391,5.3391,5.2779,291.28M,-1.07%
4/18/1990,5.3391,5.4231,5.438,5.3305,299.50M,-1.55%
4/17/1990,5.4231,5.4326,5.4326,5.3705,272.90M,-0.20%
4/16/1990,5.4337,5.4117,5.4669,5.4117,249.30M,+0.41%
4/12/1990,5.4117,5.3736,5.4404,5.3736,282.82M,+0.71%
4/11/1990,5.3736,5.3411,5.4006,5.3411,267.64M,+0.61%
4/10/1990,5.3411,5.3133,5.3616,5.309,259.00M,+0.52%
4/9/1990,5.3133,5.3223,5.3392,5.2922,224.74M,-0.17%
4/6/1990,5.3223,5.362,5.3779,5.3107,273.14M,-0.74%
4/5/1990,5.362,5.3975,5.4119,5.3572,268.48M,-0.66%
4/4/1990,5.3975,5.4309,5.4539,5.375,276.76M,-0.61%
4/3/1990,5.4309,5.3272,5.4309,5.3272,269.50M,+1.95%
4/2/1990,5.3272,5.3391,5.3391,5.2576,222.76M,-0.22%
3/30/1990,5.3391,5.3382,5.3671,5.303,253.26M,+0.02%
3/29/1990,5.3382,5.3662,5.3758,5.3196,248.38M,-0.52%
3/28/1990,5.3662,5.4474,5.4474,5.3409,264.52M,-1.49%
3/27/1990,5.4474,5.4215,5.4594,5.3848,213.82M,+0.48%
3/26/1990,5.4215,5.3727,5.4425,5.3727,192.56M,+0.91%
3/23/1990,5.3727,5.3239,5.3952,5.3239,261.48M,+0.92%
3/22/1990,5.3239,5.4068,5.417,5.291,292.44M,-1.53%
3/21/1990,5.4068,5.4337,5.4563,5.4031,262.16M,-0.50%
3/20/1990,5.4337,5.5075,5.5134,5.4168,288.44M,-1.34%
3/19/1990,5.5075,5.4597,5.5141,5.4096,258.80M,+0.88%
3/16/1990,5.4597,5.3625,5.4807,5.3625,352.08M,+2.10%
3/15/1990,5.3474,5.318,5.3637,5.3128,257.36M,+0.57%
3/14/1990,5.3171,5.2981,5.3315,5.2781,244.36M,+0.36%
3/13/1990,5.2981,5.3486,5.3611,5.2976,247.24M,-0.94%
3/12/1990,5.3486,5.356,5.3562,5.3084,207.68M,-0.14%
3/9/1990,5.356,5.3382,5.3637,5.3223,270.24M,+0.33%
3/8/1990,5.3382,5.2642,5.3497,5.2505,291.46M,+1.41%
3/7/1990,5.2642,5.2843,5.307,5.2555,335.10M,-0.38%
3/6/1990,5.2843,5.27,5.323,5.2019,278.30M,+0.27%
3/5/1990,5.27,5.2989,5.3124,5.2439,222.00M,-0.54%
3/2/1990,5.2989,5.2379,5.299,5.2328,264.74M,+1.16%
3/1/1990,5.2379,5.208,5.2608,5.1732,268.48M,+0.57%
2/28/1990,5.208,5.1547,5.225,5.1501,258.80M,+1.04%
2/27/1990,5.1547,5.1263,5.1779,5.1263,261.70M,+0.57%
2/26/1990,5.1256,5.0547,5.1269,5.0447,229.20M,+1.40%
2/23/1990,5.0547,5.1147,5.1147,5.0199,234.44M,-1.17%
2/22/1990,5.1147,5.1288,5.1815,5.1094,269.74M,-0.27%
2/21/1990,5.1288,5.1367,5.1461,5.0554,240.20M,-0.15%
2/20/1990,5.1367,5.2191,5.2191,5.0936,216.56M,-1.58%
2/16/1990,5.2191,5.2585,5.2712,5.2179,240.44M,-0.75%
2/15/1990,5.2585,5.2117,5.2629,5.1819,304.76M,+0.90%
2/14/1990,5.2117,5.1901,5.2236,5.1848,279.08M,+0.42%
2/13/1990,5.1901,5.1821,5.2101,5.1437,254.46M,+0.15%
2/12/1990,5.1821,5.2226,5.2232,5.1587,226.06M,-0.77%
2/9/1990,5.2226,5.1913,5.2288,5.1831,250.66M,+0.60%
2/8/1990,5.1913,5.1802,5.2498,5.1802,280.06M,+0.21%
2/7/1990,5.1802,5.1369,5.1901,5.0827,298.60M,+0.84%
2/6/1990,5.1369,5.1724,5.178,5.1043,239.40M,-0.69%
2/5/1990,5.1724,5.1504,5.181,5.1368,216.70M,+0.43%
2/2/1990,5.1504,5.0861,5.179,5.0772,270.04M,+1.27%
2/1/1990,5.0861,5.0584,5.0861,5.0229,270.94M,+0.55%
1/31/1990,5.0584,4.951,5.059,4.951,296.00M,+2.17%
1/30/1990,4.951,5.0613,5.0613,4.9267,320.32M,-2.18%
1/29/1990,5.0613,5.0911,5.1304,5.0128,237.18M,-0.59%
1/26/1990,5.0911,5.1544,5.1789,5.0408,272.68M,-1.23%
1/25/1990,5.1544,5.1787,5.256,5.1468,261.00M,-0.47%
1/24/1990,5.1787,5.1972,5.254,5.1538,326.86M,-0.35%
1/23/1990,5.1972,5.2117,5.2599,5.162,282.88M,-0.28%
1/22/1990,5.2117,5.3582,5.3582,5.2073,260.98M,-2.73%
1/19/1990,5.3582,5.2746,5.3828,5.2746,304.34M,+1.59%
1/18/1990,5.2746,5.2754,5.2759,5.2179,272.66M,-0.02%
1/17/1990,5.2754,5.3082,5.358,5.2715,278.30M,-0.62%
1/16/1990,5.3082,5.2005,5.3104,5.129,295.18M,+2.07%
1/15/1990,5.2005,5.2301,5.2436,5.1924,216.12M,-0.57%
1/12/1990,5.2301,5.3481,5.3481,5.2203,287.00M,-2.21%
1/11/1990,5.3481,5.4245,5.4662,5.3481,266.00M,-1.41%
1/10/1990,5.4245,5.5403,5.5403,5.4222,287.78M,-2.09%
1/9/1990,5.5403,5.5994,5.6192,5.5378,266.26M,-1.06%
1/8/1990,5.5994,5.5894,5.6004,5.5518,231.00M,+0.18%
1/5/1990,5.5894,5.6289,5.6309,5.5832,274.46M,-0.70%
1/4/1990,5.6289,5.6636,5.6654,5.5786,295.90M,-0.61%
1/3/1990,5.6636,5.7043,5.7347,5.6636,305.32M,-0.71%
1/2/1990,5.7043,5.6068,5.7043,5.5217,221.44M,0.00%
