Date,Price,Open,High,Low,Vol.,Change %,SMA_20,SMA_60
03/11/1999,51.07,51.2,51.49,50.08,9.69M,0.49%,,
03/12/1999,49.83,50.89,50.92,49.42,8.74M,-2.43%,,
03/15/1999,51.26,50.2,51.32,49.67,6.37M,2.87%,,
03/16/1999,51.7,51.48,51.91,50.92,4.91M,0.86%,,
03/17/1999,51.32,51.7,51.76,51.17,3.97M,-0.74%,,
03/18/1999,52.32,51.26,52.35,51.24,4.85M,1.95%,,
03/19/1999,50.98,53.0,53.0,50.95,7.16M,-2.56%,,
03/22/1999,50.36,51.2,51.32,50.26,5.02M,-1.22%,,
03/23/1999,48.59,50.08,50.26,48.49,10.96M,-3.51%,,
03/24/1999,50.23,49.02,50.26,48.27,8.45M,3.38%,,
03/25/1999,52.07,51.01,52.07,50.68,8.13M,3.66%,,
03/26/1999,51.51,51.63,52.22,51.29,8.26M,-1.08%,,
03/29/1999,53.38,52.13,53.41,51.82,5.11M,3.63%,,
03/30/1999,53.0,53.31,53.75,52.78,4.94M,-0.71%,,
03/31/1999,52.22,53.87,53.94,52.07,8.26M,-1.47%,,
04/01/1999,53.31,53.75,53.81,52.44,8.72M,2.09%,,
04/05/1999,55.24,54.18,55.32,53.84,5.70M,3.62%,,
04/06/1999,55.35,55.18,55.96,54.71,7.52M,0.20%,,
04/07/1999,54.77,55.86,55.99,53.59,11.92M,-1.05%,,
04/08/1999,55.21,54.68,55.47,53.56,7.95M,0.80%,52.186,
04/09/1999,55.55,55.12,55.68,54.96,4.95M,0.62%,52.410000000000004,
04/12/1999,55.18,54.25,55.55,54.18,10.93M,-0.67%,52.677499999999995,
04/13/1999,54.43,55.52,55.65,54.0,9.96M,-1.36%,52.836,
04/14/1999,52.57,55.12,55.18,52.26,21.25M,-3.42%,52.87949999999999,
04/15/1999,53.28,52.75,53.37,50.89,17.65M,1.35%,52.9775,
04/16/1999,51.73,53.16,53.16,51.45,17.27M,-2.91%,52.948,
04/19/1999,49.3,52.07,52.5,48.78,19.46M,-4.70%,52.864,
04/20/1999,50.42,49.08,50.82,48.62,17.41M,2.27%,52.867,
04/21/1999,52.91,50.89,52.94,50.2,10.94M,4.94%,53.083000000000006,
04/22/1999,54.34,53.41,54.49,53.06,13.63M,2.70%,53.2885,
04/23/1999,55.05,54.06,55.46,53.5,7.06M,1.31%,53.4375,
04/26/1999,56.32,55.43,56.73,55.25,5.42M,2.31%,53.678,
04/27/1999,55.46,56.73,57.01,54.75,16.48M,-1.53%,53.782000000000004,
04/28/1999,53.56,54.99,55.18,53.32,7.68M,-3.43%,53.81,
04/29/1999,53.13,53.31,53.62,52.01,19.15M,-0.80%,53.85549999999999,
04/30/1999,53.47,53.87,54.15,51.57,15.30M,0.64%,53.8635,
05/03/1999,53.19,53.31,53.53,52.29,11.11M,-0.52%,53.761,
05/04/1999,52.35,53.28,54.12,52.04,15.43M,-1.58%,53.611000000000004,
05/05/1999,53.94,52.38,53.94,50.79,12.64M,3.04%,53.569500000000005,
05/06/1999,51.98,53.44,53.9,51.48,15.17M,-3.63%,53.407999999999994,
05/07/1999,52.72,52.44,52.88,51.32,16.43M,1.42%,53.26649999999999,
05/10/1999,53.25,53.06,53.61,52.44,10.60M,1.01%,53.169999999999995,
05/11/1999,54.09,53.69,54.37,53.38,8.80M,1.58%,53.153,
05/12/1999,55.21,54.34,55.4,52.75,12.51M,2.07%,53.285000000000004,
05/13/1999,54.18,55.65,55.74,53.94,9.86M,-1.87%,53.33,
05/14/1999,53.16,53.13,53.75,52.75,12.21M,-1.88%,53.4015,
05/17/1999,54.11,52.69,54.28,52.17,9.91M,1.79%,53.641999999999996,
05/18/1999,53.87,54.06,54.37,53.25,9.27M,-0.44%,53.814499999999995,
05/19/1999,54.62,54.09,54.65,53.25,7.99M,1.39%,53.9,
05/20/1999,53.12,54.74,54.74,53.03,6.00M,-2.75%,53.839,
05/21/1999,52.63,53.28,53.44,52.35,10.47M,-0.92%,53.717999999999996,
05/24/1999,51.29,52.72,52.82,50.95,9.57M,-2.55%,53.466499999999996,
05/25/1999,49.61,51.23,51.98,49.39,17.77M,-3.28%,53.174,
05/26/1999,51.0,50.26,51.2,48.71,26.77M,2.80%,53.04599999999999,
05/27/1999,50.95,50.79,51.69,50.14,23.33M,-0.10%,52.937,
05/28/1999,51.79,51.26,52.07,50.61,12.97M,1.65%,52.852999999999994,
06/01/1999,50.64,51.7,51.94,50.36,6.96M,-2.22%,52.7255,
06/02/1999,51.49,50.61,51.76,49.34,12.00M,1.68%,52.68249999999999,
06/03/1999,50.76,51.88,51.88,50.45,11.15M,-1.42%,52.5235,
06/04/1999,52.32,51.14,52.5,51.14,12.99M,3.07%,52.540499999999994,52.7115
06/07/1999,53.41,52.68,53.74,52.57,11.49M,2.08%,52.575,52.750499999999995
06/08/1999,52.07,53.53,53.78,51.8,8.13M,-2.51%,52.516,52.78783333333333
06/09/1999,52.94,52.26,53.09,52.22,8.38M,1.67%,52.4585,52.81583333333334
06/10/1999,52.33,52.38,52.69,51.7,9.39M,-1.15%,52.314499999999995,52.82633333333333
06/11/1999,51.54,52.69,52.75,51.07,16.57M,-1.51%,52.18249999999999,52.830000000000005
06/14/1999,50.57,51.73,51.73,50.45,14.14M,-1.88%,52.053,52.80083333333334
06/15/1999,51.32,50.69,51.63,50.54,9.15M,1.48%,51.9135,52.8065
06/16/1999,53.96,52.6,53.96,52.54,15.06M,5.14%,51.91799999999999,52.866499999999995
06/17/1999,54.56,53.25,54.81,53.25,16.28M,1.11%,51.915,52.966
06/18/1999,54.81,54.06,54.96,53.97,5.39M,0.46%,51.9995,53.04233333333333
06/21/1999,56.45,55.18,56.48,55.09,10.57M,2.99%,52.1905,53.11533333333333
06/22/1999,54.74,56.11,56.83,54.74,10.86M,-3.03%,52.363,53.16916666666667
06/23/1999,55.61,54.75,55.74,54.4,9.61M,1.59%,52.663,53.20633333333333
06/24/1999,54.5,55.58,55.61,54.25,14.99M,-2.00%,52.838,53.23133333333333
06/25/1999,54.43,54.87,55.3,53.94,8.64M,-0.13%,53.012,53.26816666666666
06/28/1999,55.72,54.9,55.8,54.45,7.67M,2.37%,53.2085,53.30833333333333
06/29/1999,56.49,55.68,56.7,55.4,9.00M,1.38%,53.501,53.329166666666666
06/30/1999,57.36,56.54,59.66,55.87,19.47M,1.54%,53.79449999999999,53.36266666666667
07/01/1999,57.75,57.54,58.07,56.55,6.82M,0.68%,54.14399999999999,53.41233333333333
07/02/1999,58.48,57.73,58.54,57.73,3.30M,1.26%,54.452,53.466833333333334
07/06/1999,58.1,58.79,59.38,57.79,8.79M,-0.65%,54.6865,53.50933333333333
07/07/1999,58.2,58.07,58.45,57.67,10.52M,0.17%,54.99300000000001,53.55966666666667
07/08/1999,58.97,58.2,59.22,57.92,11.23M,1.32%,55.29449999999999,53.63533333333333
07/09/1999,59.57,59.19,59.63,58.76,4.19M,1.02%,55.65650000000001,53.752
07/12/1999,59.25,59.78,60.09,58.91,7.82M,-0.54%,56.04200000000001,53.8515
07/13/1999,58.97,58.97,59.19,58.51,6.23M,-0.47%,56.462,53.972166666666666
07/14/1999,59.98,59.57,60.09,58.73,6.91M,1.71%,56.895,54.150166666666664
07/15/1999,60.53,60.19,60.53,59.85,6.54M,0.92%,57.2235,54.31866666666667
07/16/1999,61.09,60.56,61.43,60.54,4.91M,0.93%,57.55,54.455
07/19/1999,60.47,61.34,61.34,60.23,6.83M,-1.01%,57.833000000000006,54.557166666666674
07/20/1999,58.13,59.73,59.81,57.98,14.84M,-3.87%,57.916999999999994,54.6085
07/21/1999,58.41,58.26,58.92,57.79,10.98M,0.48%,58.1005,54.64333333333333
07/22/1999,56.93,58.41,58.41,56.77,15.15M,-2.53%,58.166500000000006,54.66783333333333
07/23/1999,57.01,57.36,57.6,56.42,12.12M,0.14%,58.29200000000001,54.72533333333333
07/26/1999,55.61,56.24,56.86,55.52,10.72M,-2.46%,58.351,54.766666666666666
07/27/1999,56.73,56.73,57.61,56.25,13.73M,2.01%,58.4015,54.821
07/28/1999,57.85,57.42,58.17,56.68,10.16M,1.97%,58.469500000000004,54.89866666666667
07/29/1999,56.61,56.77,57.23,56.05,13.03M,-2.14%,58.432,54.96966666666666
07/30/1999,56.33,56.86,57.48,56.24,10.95M,-0.49%,58.361000000000004,55.009499999999996
08/02/1999,56.17,56.42,57.54,55.96,9.64M,-0.28%,58.24550000000001,55.07933333333333
08/03/1999,55.81,56.94,56.95,54.99,13.01M,-0.64%,58.13099999999999,55.130833333333335
08/04/1999,54.8,55.81,56.23,54.75,13.23M,-1.81%,57.96099999999999,55.156666666666666
08/05/1999,55.67,54.81,55.67,53.5,18.70M,1.59%,57.79600000000001,55.183
08/06/1999,55.07,55.27,56.3,54.68,12.39M,-1.08%,57.57099999999999,55.18066666666666
08/09/1999,54.36,55.27,55.43,54.25,7.98M,-1.29%,57.326499999999996,55.18366666666667
08/10/1999,53.87,54.22,54.61,52.69,16.77M,-0.90%,57.07149999999999,55.1955
08/11/1999,55.65,54.84,55.74,54.01,13.10M,3.30%,56.855,55.22116666666667
08/12/1999,54.99,55.86,56.24,54.87,12.72M,-1.19%,56.577999999999996,55.23983333333334
08/13/1999,57.39,56.14,57.45,56.05,14.34M,4.36%,56.392999999999994,55.285999999999994
08/16/1999,57.85,57.36,58.04,56.98,11.47M,0.80%,56.262,55.36483333333333
08/17/1999,58.13,58.35,58.41,57.08,11.41M,0.48%,56.262,55.4565
08/18/1999,57.48,57.85,58.57,57.26,7.04M,-1.12%,56.2155,55.559666666666665
08/19/1999,56.8,56.95,57.36,56.43,10.16M,-1.18%,56.20899999999999,55.6795
08/20/1999,57.7,56.86,57.7,56.55,6.92M,1.58%,56.2435,55.79116666666667
08/23/1999,59.53,58.23,59.53,58.1,9.65M,3.17%,56.439499999999995,55.93416666666666
08/24/1999,59.94,59.1,60.59,58.98,13.89M,0.69%,56.6,56.07
08/25/1999,61.21,60.31,61.46,59.66,11.35M,2.12%,56.767999999999994,56.24616666666667
08/26/1999,60.19,61.21,61.43,60.1,9.75M,-1.67%,56.947,56.39116666666666
08/27/1999,59.6,60.65,60.65,59.44,9.64M,-0.98%,57.1105,56.5385
08/30/1999,58.76,59.84,60.03,58.6,10.14M,-1.41%,57.239999999999995,56.645833333333336
08/31/1999,59.41,59.16,59.78,57.85,14.59M,1.11%,57.42,56.74583333333333
09/01/1999,59.84,59.78,60.34,59.41,10.75M,0.72%,57.672000000000004,56.87533333333333
09/02/1999,59.63,58.73,59.94,58.6,14.58M,-0.35%,57.870000000000005,56.98683333333334
09/03/1999,62.36,61.34,62.39,61.12,14.20M,4.58%,58.234500000000004,57.153999999999996
09/07/1999,62.08,62.24,62.86,61.99,9.01M,-0.45%,58.62049999999999,57.32966666666666
09/08/1999,61.24,61.71,62.33,60.75,14.30M,-1.35%,58.989,57.5075
09/09/1999,62.12,61.28,62.27,60.96,12.68M,1.44%,59.3125,57.6875
09/10/1999,62.83,62.96,63.45,62.24,10.25M,1.14%,59.704499999999996,57.83533333333333
09/13/1999,62.08,62.77,62.89,61.74,7.24M,-1.19%,59.93900000000001,57.960666666666675
09/14/1999,62.42,61.84,62.85,61.71,10.02M,0.55%,60.1675,58.0875
09/15/1999,61.21,63.2,63.2,61.15,16.10M,-1.94%,60.3215,58.16683333333333
09/16/1999,61.18,61.18,61.74,59.91,15.37M,-0.05%,60.5065,58.27416666666667
09/17/1999,63.02,61.74,63.14,61.65,14.51M,3.01%,60.81750000000001,58.397666666666666
09/20/1999,63.17,63.2,63.45,62.74,6.19M,0.24%,61.09100000000001,58.54216666666667
09/21/1999,61.65,62.61,62.74,61.47,12.27M,-2.41%,61.197,58.6625
09/22/1999,62.3,61.74,62.63,61.0,12.44M,1.05%,61.315,58.772166666666664
09/23/1999,59.72,62.96,63.08,59.36,19.77M,-4.14%,61.2405,58.826
09/24/1999,59.8,59.35,60.03,58.35,23.57M,0.13%,61.22099999999999,58.86666666666667
09/27/1999,60.22,60.65,61.09,60.03,12.61M,0.70%,61.251999999999995,58.90783333333333
09/28/1999,60.5,59.91,60.72,58.63,20.62M,0.46%,61.339,58.9415
09/29/1999,59.29,60.5,60.93,59.29,15.56M,-2.00%,61.33299999999999,58.96133333333333
09/30/1999,59.91,59.84,60.53,59.1,17.60M,1.05%,61.3365,58.98983333333333
10/01/1999,59.93,59.1,59.93,58.48,19.61M,0.03%,61.3515,59.005833333333335
10/04/1999,61.28,60.25,61.49,59.91,12.43M,2.25%,61.2975,59.03433333333333
10/05/1999,61.71,61.49,62.46,60.4,19.53M,0.70%,61.27900000000001,59.07533333333333
10/06/1999,62.95,62.08,63.04,61.14,19.10M,2.01%,61.36450000000001,59.141666666666666
10/07/1999,62.8,63.3,63.6,62.33,22.01M,-0.24%,61.3985,59.18866666666667
10/08/1999,63.46,62.55,63.64,61.71,22.52M,1.05%,61.43000000000001,59.2375
10/11/1999,64.36,63.64,64.39,63.48,13.02M,1.42%,61.544,59.292
10/12/1999,62.89,64.14,64.65,62.71,20.18M,-2.28%,61.56750000000001,59.33233333333333
10/13/1999,61.03,62.18,62.92,60.78,22.57M,-2.96%,61.5585,59.38066666666667
10/14/1999,61.41,61.24,61.84,60.25,22.13M,0.62%,61.56999999999999,59.43066666666666
10/15/1999,59.6,59.84,60.72,59.23,33.70M,-2.95%,61.399,59.475166666666674
10/18/1999,58.84,59.66,59.88,57.15,24.71M,-1.28%,61.18249999999999,59.50566666666666
10/19/1999,59.16,59.48,59.78,58.17,26.66M,0.54%,61.05800000000001,59.56483333333334
10/20/1999,60.96,60.06,61.45,59.47,22.49M,3.04%,60.99100000000001,59.63533333333334
10/21/1999,61.96,59.97,61.96,59.53,22.45M,1.64%,61.102999999999994,59.70383333333333
10/22/1999,61.68,62.33,62.96,61.46,16.59M,-0.45%,61.197,59.788333333333334
10/25/1999,61.71,61.4,62.39,61.15,13.86M,0.05%,61.2715,59.87800000000001
10/26/1999,61.21,62.46,62.8,61.09,13.54M,-0.81%,61.307,59.962
10/27/1999,61.12,61.06,61.34,60.16,15.23M,-0.15%,61.3985,60.05050000000001
10/28/1999,63.24,62.08,63.45,61.52,14.10M,3.47%,61.565,60.19116666666666
10/29/1999,65.44,64.7,65.94,64.48,19.00M,3.48%,61.8405,60.354
11/01/1999,65.1,65.44,66.22,65.02,9.68M,-0.52%,62.031499999999994,60.521166666666666
11/02/1999,65.14,65.44,66.25,64.89,12.83M,0.06%,62.202999999999996,60.700833333333335
11/03/1999,66.44,66.07,66.81,65.88,18.75M,2.00%,62.3775,60.91033333333334
11/04/1999,67.19,67.36,67.5,66.47,20.05M,1.13%,62.596999999999994,61.102666666666664
11/05/1999,67.87,68.55,68.9,67.87,15.13M,1.01%,62.817499999999995,61.31733333333333
11/08/1999,69.24,68.12,69.48,67.9,10.89M,2.02%,63.0615,61.51483333333333
11/09/1999,68.77,69.8,69.92,68.18,14.63M,-0.68%,63.35549999999999,61.69683333333333
11/10/1999,69.67,68.8,70.26,68.49,16.56M,1.31%,63.7875,61.88916666666667
11/11/1999,70.92,70.42,71.01,69.8,18.50M,1.79%,64.263,62.113166666666665
11/12/1999,71.85,71.29,71.91,69.05,28.65M,1.31%,64.8755,62.364000000000004
11/15/1999,71.71,71.91,72.16,71.35,10.91M,-0.19%,65.519,62.5975
11/16/1999,73.53,71.98,73.87,71.66,19.13M,2.54%,66.2375,62.83083333333334
11/17/1999,72.54,73.53,73.85,72.16,21.68M,-1.35%,66.81649999999999,63.04083333333334
11/18/1999,74.76,73.03,74.76,72.6,17.74M,3.06%,67.4565,63.266666666666666
11/19/1999,75.43,74.43,75.55,74.15,17.94M,0.90%,68.144,63.52066666666667
11/22/1999,77.14,75.58,77.14,74.78,18.84M,2.27%,68.9155,63.813
11/23/1999,74.62,76.08,76.14,73.9,24.05M,-3.27%,69.586,64.07733333333333
11/24/1999,77.08,74.84,77.38,74.06,18.62M,3.30%,70.384,64.37183333333333
11/26/1999,77.33,78.04,78.41,77.01,8.05M,0.32%,71.0885,64.66333333333333
11/29/1999,76.05,77.17,77.82,75.96,20.49M,-1.66%,71.619,64.937
11/30/1999,73.16,76.21,76.33,73.16,23.70M,-3.80%,72.022,65.117
12/01/1999,74.74,73.97,75.12,73.41,23.21M,2.16%,72.502,65.328
12/02/1999,77.12,75.02,77.26,74.98,17.23M,3.18%,73.036,65.59266666666666
12/03/1999,78.76,78.94,79.81,78.54,21.44M,2.13%,73.6145,65.87
12/06/1999,79.47,79.06,80.13,78.32,16.02M,0.90%,74.19449999999999,66.14733333333334
12/07/1999,79.47,79.72,80.03,78.47,23.40M,0.00%,74.70599999999999,66.43716666666666
12/08/1999,78.51,79.5,80.12,78.32,19.56M,-1.21%,75.193,66.70533333333334
12/09/1999,78.88,79.63,80.06,76.89,28.45M,0.47%,75.6535,66.99983333333334
12/10/1999,79.53,79.53,79.81,77.76,20.43M,0.82%,76.084,67.30566666666667
12/13/1999,80.61,79.26,80.96,78.91,16.21M,1.36%,76.522,67.59883333333333
12/14/1999,79.16,80.37,80.84,78.63,27.76M,-1.80%,76.8945,67.86533333333333
12/15/1999,80.68,78.26,80.68,77.57,31.80M,1.92%,77.252,68.1825
12/16/1999,82.68,81.74,82.86,81.37,27.22M,2.48%,77.759,68.52216666666666
12/17/1999,83.39,84.11,84.48,83.04,23.89M,0.86%,78.1905,68.91666666666667
12/20/1999,84.48,84.01,84.85,83.3,15.39M,1.31%,78.643,69.328
12/21/1999,89.02,84.73,89.02,84.25,26.00M,5.37%,79.237,69.80799999999999
12/22/1999,88.74,88.77,88.9,87.03,22.31M,-0.31%,79.943,70.27866666666665
12/23/1999,89.8,89.45,90.33,88.59,17.54M,1.19%,80.579,70.78716666666666
12/27/1999,89.27,89.89,89.92,87.5,19.28M,-0.59%,81.176,71.2765
12/28/1999,88.71,89.33,90.08,88.15,15.35M,-0.63%,81.809,71.75616666666666
12/29/1999,92.07,89.58,92.07,89.46,16.51M,3.79%,82.7545,72.26933333333334
12/30/1999,91.07,93.19,93.31,91.07,21.89M,-1.09%,83.571,72.75866666666666
12/31/1999,90.95,92.19,92.75,90.95,14.46M,-0.13%,84.2625,73.22533333333334
01/03/2000,94.31,95.74,95.74,90.33,36.43M,3.69%,85.03999999999999,73.7505
01/04/2000,87.84,91.57,93.06,87.53,33.79M,-6.86%,85.45849999999999,74.15683333333332
01/05/2000,85.6,87.09,89.21,83.86,42.50M,-2.55%,85.76500000000001,74.51083333333332
01/06/2000,79.72,86.47,87.59,79.38,37.14M,-6.87%,85.8255,74.79133333333333
01/07/2000,89.58,82.55,89.58,82.12,28.14M,12.37%,86.3605,75.26716666666667
01/10/2000,92.07,90.58,93.5,89.52,29.68M,2.78%,86.9875,75.77816666666668
01/11/2000,87.59,91.32,92.44,86.59,32.55M,-4.87%,87.33649999999999,76.24466666666666
01/12/2000,85.66,88.59,88.83,85.6,29.05M,-2.20%,87.6615,76.69166666666666
01/13/2000,90.82,88.09,91.07,86.67,25.17M,6.02%,88.1685,77.21933333333332
01/14/2000,92.94,92.57,93.19,91.57,21.90M,2.33%,88.6815,77.75233333333333
01/18/2000,93.44,91.63,94.0,91.01,16.75M,0.54%,89.184,78.277
01/19/2000,95.55,93.06,95.55,92.0,19.01M,2.26%,89.7375,78.84150000000001
01/20/2000,94.62,95.06,96.42,93.57,25.96M,-0.97%,90.0175,79.39000000000001
01/21/2000,95.8,96.05,96.11,94.62,18.70M,1.25%,90.3705,79.96650000000001
01/24/2000,91.2,96.98,97.17,90.55,28.34M,-4.80%,90.4405,80.46783333333335
01/25/2000,92.57,91.45,93.68,88.99,33.28M,1.50%,90.6055,80.95666666666666
01/26/2000,88.83,92.82,92.88,88.59,23.10M,-4.04%,90.6115,81.3465
01/27/2000,90.14,91.32,92.07,87.22,30.74M,1.47%,90.51500000000001,81.76383333333334
01/28/2000,85.6,89.58,90.05,84.36,35.31M,-5.04%,90.2415,82.10483333333333
01/31/2000,89.27,85.48,89.58,83.11,36.01M,4.29%,90.1575,82.48533333333333
02/01/2000,91.66,89.11,92.07,88.03,26.42M,2.68%,90.025,82.89316666666667
02/02/2000,92.44,91.82,94.28,91.66,26.17M,0.85%,90.255,83.30266666666667
02/03/2000,96.05,93.87,96.17,91.85,30.58M,3.91%,90.7775,83.74949999999998
02/04/2000,96.7,96.55,97.78,95.77,26.64M,0.68%,91.6265,84.21499999999999
02/07/2000,98.04,96.8,98.17,95.8,17.76M,1.39%,92.0495,84.68783333333334
02/08/2000,102.15,98.91,102.4,98.91,22.00M,4.19%,92.5535,85.20833333333333
02/09/2000,98.54,101.59,101.72,98.29,27.29M,-3.53%,93.101,85.65316666666666
02/10/2000,101.77,99.35,101.77,98.1,26.34M,3.28%,93.9065,86.15416666666665
02/11/2000,99.41,101.59,101.59,97.54,24.88M,-2.32%,94.336,86.5855
02/14/2000,99.29,99.53,99.53,97.29,22.81M,-0.12%,94.6535,87.03133333333334
02/15/2000,100.0,98.48,100.16,95.43,30.57M,0.72%,94.9815,87.452
02/16/2000,99.53,99.44,101.21,98.85,25.31M,-0.47%,95.1805,87.85366666666667
02/17/2000,101.65,100.72,102.77,99.16,30.08M,2.13%,95.53200000000001,88.26216666666666
02/18/2000,97.98,102.15,102.52,97.98,25.27M,-3.61%,95.64099999999999,88.6515
02/22/2000,98.29,98.54,99.47,95.8,37.23M,0.32%,95.9955,89.00500000000001
02/23/2000,103.76,99.22,104.51,98.69,32.17M,5.57%,96.55499999999999,89.44550000000001
02/24/2000,106.0,104.39,106.31,101.52,48.87M,2.16%,97.4135,89.94466666666668
02/25/2000,103.58,105.69,107.0,103.39,32.62M,-2.28%,98.0855,90.45166666666667
02/28/2000,103.52,102.77,105.2,100.03,38.22M,-0.06%,98.98150000000001,90.93133333333334
02/29/2000,106.25,105.26,106.59,104.45,23.98M,2.64%,99.8305,91.41683333333332
03/01/2000,107.12,106.75,108.06,106.0,24.47M,0.82%,100.6035,91.8895
03/02/2000,104.64,107.56,107.68,104.26,32.74M,-2.32%,101.21350000000001,92.309
03/03/2000,110.55,107.5,110.61,106.5,32.02M,5.65%,101.9385,92.827
03/06/2000,111.42,111.23,112.69,109.74,23.27M,0.79%,102.67450000000001,93.37550000000002
03/07/2000,109.74,113.28,113.34,108.24,39.47M,-1.51%,103.2595,93.88983333333334
03/08/2000,110.73,110.48,111.48,105.79,43.51M,0.90%,103.6885,94.40983333333332
03/09/2000,114.46,110.7,114.96,108.59,30.10M,3.37%,104.4845,94.97399999999999
03/10/2000,113.97,114.34,115.9,112.98,29.75M,-0.43%,105.09450000000001,95.55416666666666
03/13/2000,110.98,109.49,113.59,109.02,37.54M,-2.62%,105.673,96.05916666666667
03/14/2000,106.87,112.22,112.85,104.51,39.11M,-3.70%,106.05199999999999,96.46233333333333
03/15/2000,102.4,106.0,106.5,101.4,51.20M,-4.18%,106.172,96.77916666666667
03/16/2000,108.24,104.88,108.74,100.53,55.28M,5.70%,106.6075,97.17516666666666
03/17/2000,110.3,107.5,110.55,107.43,31.42M,1.90%,107.04,97.52983333333333
03/20/2000,107.19,110.48,110.98,105.76,21.17M,-2.82%,107.50049999999999,97.83733333333335
03/21/2000,111.23,105.63,111.42,103.08,33.44M,3.77%,108.1475,98.1945
03/22/2000,113.47,112.97,115.43,110.61,24.37M,2.01%,108.633,98.59783333333333
03/23/2000,115.46,113.95,117.2,113.03,19.23M,1.75%,109.106,99.04366666666667
03/24/2000,117.01,116.94,119.94,114.48,22.06M,1.34%,109.77749999999999,99.45933333333333
03/27/2000,117.2,117.45,118.94,116.58,11.75M,0.16%,110.4615,99.89483333333334
03/28/2000,114.22,116.44,117.26,112.6,18.34M,-2.54%,110.85999999999999,100.28266666666666
03/29/2000,109.49,114.84,114.9,109.49,27.19M,-4.14%,110.97850000000001,100.53566666666667
03/30/2000,106.75,106.75,112.22,103.02,42.33M,-2.50%,111.08400000000002,100.85083333333334
03/31/2000,108.99,107.64,110.11,103.52,31.35M,2.10%,111.006,101.24066666666667
04/03/2000,102.46,107.26,108.62,100.28,31.55M,-5.99%,110.55799999999999,101.61966666666667
04/04/2000,101.46,103.14,103.45,87.9,66.21M,-0.98%,110.144,101.81766666666667
04/05/2000,99.66,97.05,103.45,95.8,37.01M,-1.77%,109.59049999999999,101.94416666666666
04/06/2000,102.02,101.9,103.39,99.29,30.50M,2.37%,108.96849999999999,102.18466666666667
04/07/2000,106.13,103.64,106.87,102.15,20.65M,4.03%,108.57649999999998,102.52583333333332
04/10/2000,99.66,107.12,107.19,98.79,26.99M,-6.10%,108.01050000000001,102.67316666666667
04/11/2000,97.29,96.67,101.03,95.3,34.50M,-2.38%,107.53149999999998,102.74566666666668
04/12/2000,91.94,97.17,98.29,89.83,34.83M,-5.50%,107.00849999999998,102.72066666666666
04/13/2000,87.59,92.38,95.55,87.59,46.33M,-4.73%,105.976,102.588
04/14/2000,80.0,85.66,88.09,77.64,60.85M,-8.67%,104.46099999999998,102.34433333333332
04/17/2000,89.21,77.65,89.58,77.64,55.40M,11.51%,103.56199999999998,102.2345
04/18/2000,91.57,89.07,92.57,86.97,36.26M,2.65%,102.579,102.24066666666666
04/19/2000,88.77,92.07,93.19,88.65,28.08M,-3.06%,101.344,102.17733333333334
04/20/2000,86.84,89.95,90.55,85.66,21.26M,-2.17%,99.91299999999998,102.14416666666666
04/24/2000,84.36,83.05,84.85,79.5,31.25M,-2.86%,98.28049999999999,102.04783333333333
04/25/2000,90.05,86.1,90.08,85.6,28.66M,6.74%,96.923,102.12200000000001
04/26/2000,86.97,90.2,91.99,86.72,25.69M,-3.42%,95.5605,102.08366666666666
04/27/2000,90.82,83.11,92.05,83.11,37.04M,4.43%,94.627,102.06966666666668
04/28/2000,94.31,93.13,94.31,91.7,24.83M,3.84%,94.005,102.10083333333334
05/01/2000,95.18,95.3,96.42,93.81,23.21M,0.92%,93.3145,102.08633333333334
05/02/2000,89.71,94.43,95.18,89.33,20.31M,-5.75%,92.67699999999999,101.96983333333334
05/03/2000,88.71,89.08,89.83,85.12,26.59M,-1.11%,92.0395,101.81433333333332
05/04/2000,88.9,88.59,90.33,87.22,17.75M,0.21%,91.5015,101.59349999999999
05/05/2000,91.01,87.71,91.88,87.62,20.57M,2.37%,90.951,101.468
05/08/2000,87.47,90.08,90.33,87.34,13.90M,-3.89%,90.018,101.22966666666667
05/09/2000,85.6,88.09,88.71,83.92,19.81M,-2.14%,89.315,100.99949999999998
05/10/2000,79.38,83.98,84.59,79.13,34.85M,-7.27%,88.4195,100.66766666666666
05/11/2000,84.23,82.36,84.85,80.5,24.71M,6.11%,88.03399999999999,100.40483333333333
05/12/2000,84.23,84.98,87.15,83.61,17.83M,0.00%,87.866,100.14983333333333
05/15/2000,87.9,84.42,88.21,82.24,17.95M,4.36%,88.261,99.92066666666668
05/16/2000,90.39,89.58,91.07,87.65,23.83M,2.83%,88.32,99.79416666666665
05/17/2000,88.52,88.83,90.08,87.34,20.34M,-2.07%,88.16749999999999,99.63133333333333
05/18/2000,85.35,88.59,88.94,84.98,19.06M,-3.58%,87.9965,99.32449999999999
05/19/2000,81.31,83.36,84.6,80.93,28.18M,-4.73%,87.72,98.913
05/22/2000,81.24,81.24,81.87,75.23,43.88M,-0.09%,87.564,98.54066666666667
05/23/2000,74.46,81.0,82.24,73.9,31.92M,-8.35%,86.78450000000001,98.05633333333334
05/24/2000,79.13,74.65,79.5,71.91,49.48M,6.27%,86.3925,97.60433333333334
05/25/2000,77.39,79.88,81.87,76.14,29.63M,-2.20%,85.721,97.10883333333335
05/26/2000,77.39,77.39,78.88,75.4,18.20M,0.00%,84.875,96.65466666666666
05/30/2000,85.16,79.63,85.54,79.63,30.89M,10.04%,84.374,96.2315
05/31/2000,82.74,84.08,86.27,82.36,29.68M,-2.84%,84.0255,95.7535
06/01/2000,86.97,84.79,87.96,83.61,28.99M,5.11%,83.9385,95.374
06/02/2000,93.19,92.19,93.67,91.45,32.24M,7.15%,84.153,95.08166666666668
06/05/2000,93.42,91.82,94.87,91.45,23.78M,0.25%,84.2735,94.73100000000001
06/06/2000,90.82,92.75,94.56,90.45,23.20M,-2.78%,84.441,94.34516666666667
06/07/2000,93.25,91.14,93.56,89.15,22.52M,2.68%,84.8235,94.04966666666665
06/08/2000,92.82,94.18,94.43,91.2,19.31M,-0.46%,85.4955,93.81549999999999
06/09/2000,93.31,94.31,94.31,92.57,17.01M,0.53%,85.9495,93.664
06/12/2000,90.33,93.87,93.87,89.58,16.48M,-3.19%,86.2545,93.36550000000001
06/13/2000,93.81,90.08,94.18,88.94,25.19M,3.85%,86.55,93.09066666666668
06/14/2000,91.7,94.43,94.43,91.07,20.27M,-2.25%,86.6155,92.8325
06/15/2000,93.31,91.45,93.44,90.45,18.81M,1.76%,86.855,92.53383333333333
06/16/2000,93.81,94.31,94.87,92.63,21.20M,0.54%,87.27799999999999,92.20616666666666
06/19/2000,97.54,93.58,97.79,92.26,20.04M,3.98%,88.0895,91.9075
06/20/2000,97.17,97.79,99.22,96.73,20.99M,-0.38%,88.886,91.57683333333333
06/21/2000,98.41,96.36,99.25,96.24,20.88M,1.28%,90.08349999999999,91.26366666666667
06/22/2000,94.81,98.17,98.54,94.06,21.53M,-3.66%,90.8675,90.94016666666668
06/23/2000,91.07,94.56,95.06,90.95,24.89M,-3.94%,91.5515,90.63316666666667
06/26/2000,93.56,92.63,93.98,91.57,22.17M,2.73%,92.36,90.41333333333333
06/27/2000,92.44,93.33,94.62,91.94,14.79M,-1.20%,92.724,90.1375
06/28/2000,93.56,92.55,95.06,92.07,19.26M,1.21%,93.265,89.98916666666666
06/29/2000,91.21,92.5,92.94,90.2,21.36M,-2.51%,93.477,89.81833333333333
06/30/2000,93.0,91.38,93.52,90.89,15.15M,1.96%,93.4675,89.70733333333332
07/03/2000,94.81,93.06,94.81,92.82,5.21M,1.95%,93.537,89.58716666666668
07/05/2000,91.14,93.19,93.53,90.45,16.49M,-3.87%,93.55300000000001,89.33733333333335
07/06/2000,93.56,91.14,94.31,89.64,23.59M,2.66%,93.5685,89.23566666666666
07/07/2000,95.49,94.56,96.55,94.0,16.60M,2.06%,93.702,89.20566666666666
07/10/2000,94.04,94.25,95.43,93.56,12.66M,-1.52%,93.7385,89.24066666666666
07/11/2000,94.56,93.62,95.3,92.38,14.37M,0.55%,93.95,89.35683333333333
07/12/2000,96.8,94.99,97.29,94.18,18.25M,2.37%,94.0995,89.63683333333333
07/13/2000,98.04,97.48,99.29,96.67,19.57M,1.28%,94.41650000000001,89.784
07/14/2000,100.16,99.78,100.65,98.35,17.22M,2.16%,94.75899999999999,89.92716666666666
07/17/2000,101.28,100.47,101.59,99.41,13.14M,1.12%,95.13250000000001,90.13566666666665
07/18/2000,99.04,99.91,100.31,97.9,20.68M,-2.21%,95.20750000000001,90.339
07/19/2000,96.8,97.85,98.48,95.21,21.83M,-2.26%,95.189,90.54633333333332
07/20/2000,99.91,97.42,100.03,96.81,19.52M,3.21%,95.26400000000001,90.71066666666665
07/21/2000,96.55,97.98,99.05,96.55,14.41M,-3.36%,95.351,90.87033333333333
07/24/2000,94.56,97.48,98.54,93.81,18.58M,-2.06%,95.5255,90.93266666666666
07/25/2000,95.3,95.18,96.55,93.38,19.07M,0.78%,95.6125,90.94916666666667
07/26/2000,95.18,95.06,95.68,92.82,20.32M,-0.13%,95.7495,90.94916666666667
07/27/2000,91.45,93.5,94.62,91.14,26.14M,-3.92%,95.644,90.97816666666667
07/28/2000,86.47,91.76,92.44,85.6,36.49M,-5.45%,95.40700000000001,90.94083333333333
07/31/2000,89.02,87.22,89.71,85.32,27.61M,2.95%,95.208,90.94283333333334
08/01/2000,87.84,89.39,89.57,87.28,15.75M,-1.33%,94.8595,90.89
08/02/2000,86.28,87.47,89.97,86.1,23.58M,-1.78%,94.6165,90.87016666666666
08/03/2000,90.02,83.86,90.82,82.92,35.87M,4.33%,94.4395,90.94383333333333
08/04/2000,89.71,91.57,92.33,88.71,22.28M,-0.34%,94.1505,91.116
08/07/2000,91.82,90.45,92.6,89.83,15.10M,2.35%,94.0395,91.24249999999999
08/08/2000,93.69,91.63,94.56,91.07,14.83M,2.04%,93.99600000000001,91.40016666666666
08/09/2000,91.2,93.25,94.0,90.95,18.65M,-2.66%,93.716,91.45516666666666
08/10/2000,89.39,91.38,91.8,89.08,15.34M,-1.98%,93.28349999999999,91.4385
08/11/2000,90.64,88.83,90.69,87.47,21.05M,1.40%,92.8075,91.47383333333332
08/14/2000,92.57,90.95,92.57,89.78,12.54M,2.13%,92.37199999999999,91.59416666666668
08/15/2000,92.57,92.32,93.55,91.57,14.09M,0.00%,92.04849999999999,91.78183333333332
08/16/2000,93.5,93.0,94.25,91.57,15.25M,1.00%,91.8835,91.98616666666666
08/17/2000,95.3,92.5,95.43,92.44,14.49M,1.93%,91.65299999999999,92.3335
08/18/2000,94.81,95.49,96.17,94.25,14.71M,-0.51%,91.566,92.59483333333333
08/21/2000,95.06,95.55,96.41,93.94,13.56M,0.26%,91.591,92.88933333333333
08/22/2000,95.06,95.55,96.91,94.82,14.88M,0.00%,91.579,93.18383333333333
08/23/2000,96.61,94.25,96.98,93.39,21.40M,1.63%,91.6505,93.37466666666667
08/24/2000,98.1,96.98,98.23,95.62,13.57M,1.54%,91.98299999999999,93.63066666666666
08/25/2000,97.57,98.03,99.49,96.55,11.76M,-0.54%,92.53799999999998,93.80733333333335
08/28/2000,98.04,97.79,99.38,97.48,12.31M,0.48%,92.989,93.88816666666666
08/29/2000,98.54,98.17,98.71,97.4,11.16M,0.51%,93.524,93.9735
08/30/2000,98.41,97.85,99.04,97.31,10.55M,-0.13%,94.1305,94.1
08/31/2000,101.15,99.16,101.52,99.1,15.59M,2.78%,94.687,94.23166666666665
09/01/2000,102.15,102.52,103.03,100.72,14.07M,0.99%,95.309,94.38716666666667
09/05/2000,99.04,101.15,101.28,98.96,16.35M,-3.04%,95.67,94.48266666666667
09/06/2000,95.55,98.79,99.02,95.06,20.96M,-3.52%,95.763,94.56966666666668
09/07/2000,97.67,96.36,98.96,96.11,16.67M,2.22%,96.0865,94.634
09/08/2000,94.68,97.31,97.54,94.32,23.48M,-3.06%,96.351,94.68366666666665
09/11/2000,92.38,94.06,95.68,91.57,27.26M,-2.43%,96.438,94.66816666666666
09/12/2000,90.95,93.06,94.25,90.42,24.26M,-1.55%,96.357,94.62049999999999
09/13/2000,93.06,89.83,93.44,89.58,34.09M,2.32%,96.3815,94.54583333333333
09/14/2000,92.57,94.81,95.49,92.21,28.62M,-0.53%,96.33500000000001,94.46916666666667
09/15/2000,90.89,92.69,93.19,90.27,24.99M,-1.81%,96.11449999999999,94.34383333333334
09/18/2000,89.46,91.38,92.57,87.59,29.22M,-1.57%,95.84700000000001,94.25466666666667
09/19/2000,92.75,90.33,93.34,89.46,27.57M,3.68%,95.73150000000001,94.28266666666667
09/20/2000,94.18,92.94,94.79,90.89,33.12M,1.54%,95.6875,94.29299999999999
09/21/2000,87.34,93.31,94.04,86.59,25.03M,-7.26%,95.224,94.208
09/22/2000,92.5,87.22,92.82,87.09,33.71M,5.91%,94.944,94.19033333333333
09/25/2000,90.05,93.19,93.81,89.58,20.56M,-2.65%,94.56800000000001,94.171
09/26/2000,89.02,90.34,92.07,88.51,26.01M,-1.14%,94.11699999999999,94.10466666666667
09/27/2000,89.15,90.2,90.76,87.59,28.48M,0.15%,93.64750000000001,94.01033333333334
09/28/2000,91.14,88.31,92.57,88.31,29.05M,2.23%,93.284,94.01033333333334
09/29/2000,88.34,91.57,92.02,88.27,27.20M,-3.07%,92.6435,93.92333333333335
10/02/2000,86.35,89.83,89.83,85.6,24.97M,-2.25%,91.8535,93.771
10/03/2000,83.61,87.65,88.09,82.88,35.73M,-3.17%,91.082,93.59716666666667
10/04/2000,85.23,83.11,86.45,81.74,37.68M,1.94%,90.566,93.44166666666666
10/05/2000,85.48,84.85,86.78,84.17,23.44M,0.29%,89.95649999999999,93.25299999999999
10/06/2000,82.61,85.16,86.16,80.88,36.34M,-3.36%,89.353,92.99583333333334
10/09/2000,82.24,82.18,83.42,79.01,28.83M,-0.45%,88.846,92.69716666666666
10/10/2000,77.95,81.43,82.92,77.51,35.28M,-5.22%,88.196,92.30833333333334
10/11/2000,76.7,76.52,80.08,75.71,48.46M,-1.60%,87.378,91.93599999999999
10/12/2000,74.78,78.88,79.19,73.97,53.22M,-2.50%,86.4885,91.569
10/13/2000,80.87,74.34,81.24,74.28,42.41M,8.14%,85.9875,91.25166666666668
10/16/2000,81.62,80.75,81.93,79.38,27.64M,0.93%,85.59549999999999,91.00283333333333
10/17/2000,77.89,82.74,82.78,77.64,52.11M,-4.57%,84.85249999999999,90.725
10/18/2000,77.64,76.39,80.81,74.22,64.81M,-0.32%,84.02550000000001,90.43066666666667
10/19/2000,84.67,82.01,84.71,81.06,42.45M,9.05%,83.892,90.2555
10/20/2000,85.91,84.11,87.47,84.0,40.69M,1.46%,83.5625,90.16316666666667
10/23/2000,85.79,85.79,87.09,83.73,28.99M,-0.14%,83.3495,90.15183333333333
10/24/2000,82.12,86.03,86.59,81.99,31.47M,-4.28%,83.00450000000001,90.03683333333333
10/25/2000,77.51,80.87,81.62,76.53,48.64M,-5.61%,82.4225,89.86466666666666
10/26/2000,79.5,77.82,79.63,73.28,70.01M,2.57%,81.8405,89.75166666666665
10/27/2000,79.35,80.48,81.48,77.12,51.05M,-0.19%,81.39099999999999,89.57383333333334
10/30/2000,76.41,77.82,79.5,75.35,35.50M,-3.71%,80.894,89.35216666666666
10/31/2000,81.32,77.64,82.18,77.51,43.86M,6.43%,80.77950000000001,89.17716666666666
11/01/2000,80.62,79.94,82.43,78.82,45.19M,-0.86%,80.549,88.95933333333332
11/02/2000,81.62,81.8,82.86,80.68,26.59M,1.24%,80.35600000000001,88.79966666666668
11/03/2000,82.68,82.49,83.55,81.26,29.84M,1.30%,80.3595,88.68783333333333
11/06/2000,82.05,83.24,83.73,81.62,23.49M,-0.76%,80.35,88.54466666666667
11/07/2000,81.74,81.06,82.08,79.88,24.34M,-0.38%,80.5395,88.36416666666666
11/08/2000,75.35,81.74,81.87,75.27,40.34M,-7.82%,80.47200000000001,88.07716666666667
11/09/2000,75.33,74.4,76.58,72.66,64.96M,-0.03%,80.4995,87.77433333333333
11/10/2000,71.42,73.9,75.33,71.42,49.24M,-5.19%,80.027,87.37633333333333
11/13/2000,69.74,70.62,73.84,67.95,75.02M,-2.35%,79.433,86.9585
11/14/2000,75.49,72.66,75.65,72.41,44.83M,8.24%,79.313,86.63233333333332
11/15/2000,77.01,75.21,77.7,74.45,37.76M,2.01%,79.2815,86.3315
11/16/2000,72.54,75.02,76.64,72.54,33.90M,-5.80%,78.675,85.93033333333332
11/17/2000,72.49,72.85,74.84,70.67,49.91M,-0.07%,78.00399999999999,85.5035
11/20/2000,69.53,70.61,71.73,68.93,46.86M,-4.08%,77.191,85.03616666666667
11/21/2000,69.43,69.86,70.79,68.12,42.13M,-0.14%,76.5565,84.55933333333333
11/22/2000,66.31,68.12,69.8,66.19,56.62M,-4.49%,75.9965,84.02216666666666
11/24/2000,70.11,68.06,70.3,67.85,19.99M,5.73%,75.527,83.5505
11/27/2000,69.24,72.22,72.6,68.43,35.42M,-1.24%,75.0215,83.01866666666668
11/28/2000,65.15,68.62,69.61,65.01,48.81M,-5.91%,74.45849999999999,82.402
11/29/2000,62.64,65.51,66.44,62.21,66.20M,-3.85%,73.5245,81.79533333333333
11/30/2000,62.69,61.46,63.95,60.22,74.88M,0.08%,72.62800000000001,81.24766666666666
12/01/2000,63.7,63.76,66.45,61.84,57.11M,1.61%,71.732,80.68149999999999
12/04/2000,63.39,63.83,65.05,61.46,49.11M,-0.49%,70.7675,80.16000000000001
12/05/2000,70.36,65.75,70.67,65.19,76.54M,11.00%,70.18299999999999,79.79299999999999
12/06/2000,67.68,70.26,71.96,67.43,63.35M,-3.81%,69.47999999999999,79.40516666666667
12/07/2000,66.19,66.69,68.66,65.19,41.48M,-2.20%,69.022,78.95733333333332
12/08/2000,67.68,70.76,73.66,67.31,65.86M,2.25%,68.63950000000001,78.5425
12/11/2000,74.03,71.72,74.43,70.62,51.83M,9.38%,68.77000000000001,78.2615
12/12/2000,71.32,73.16,73.53,70.98,31.05M,-3.66%,68.849,77.95916666666668
12/13/2000,68.41,73.1,73.16,67.99,51.66M,-4.08%,68.495,77.5535
12/14/2000,65.07,68.2,69.36,64.95,41.57M,-4.88%,67.898,77.06833333333334
12/15/2000,63.58,63.95,65.32,62.27,59.03M,-2.29%,67.45,76.67233333333334
12/18/2000,63.7,64.85,65.66,62.27,42.95M,0.19%,67.01050000000001,76.19233333333334
12/19/2000,58.85,63.16,65.55,58.48,80.50M,-7.61%,66.4765,75.67233333333334
12/20/2000,55.47,57.05,58.1,54.49,81.43M,-5.74%,65.7785,75.11316666666667
12/21/2000,55.8,54.76,58.48,54.0,85.88M,0.59%,65.25300000000001,74.55733333333335
12/22/2000,60.22,57.36,60.47,57.36,57.26M,7.92%,64.7585,74.04199999999999
12/26/2000,60.59,60.31,61.63,57.73,37.08M,0.61%,64.326,73.5795
12/27/2000,61.28,59.41,61.9,58.66,33.96M,1.14%,64.13250000000001,73.16166666666666
12/28/2000,61.15,60.5,62.19,59.97,31.00M,-0.21%,64.05799999999999,72.78733333333335
12/29/2000,58.1,61.28,61.94,57.73,49.20M,-4.99%,63.8285,72.33516666666667
01/02/2001,53.19,58.29,58.41,52.19,62.52M,-8.45%,63.30300000000001,71.79700000000001
01/03/2001,62.15,51.94,64.95,51.91,118.25M,16.85%,63.241,71.45599999999999
01/04/2001,61.03,61.34,63.33,59.95,58.47M,-1.80%,62.7745,71.10249999999999
01/05/2001,56.36,61.03,61.03,55.74,68.78M,-7.65%,62.2085,70.74266666666668
01/08/2001,56.98,56.05,57.23,53.27,55.58M,1.10%,61.748000000000005,70.414
01/09/2001,56.98,57.48,58.85,56.36,53.32M,0.00%,61.213,70.11733333333333
01/10/2001,59.91,55.86,60.09,55.49,74.28M,5.14%,60.50699999999999,69.768
01/11/2001,61.65,58.99,63.39,58.91,65.46M,2.90%,60.0235,69.43516666666666
01/12/2001,62.44,62.46,64.32,61.21,60.79M,1.28%,59.725,69.17766666666667
01/16/2001,61.7,62.27,62.63,60.28,32.20M,-1.19%,59.55649999999999,68.91199999999999
01/17/2001,63.58,64.2,65.3,62.85,61.40M,3.05%,59.55650000000001,68.5605
01/18/2001,66.25,63.83,66.44,62.4,54.93M,4.20%,59.684000000000005,68.23283333333333
01/19/2001,66.0,67.82,67.99,65.26,56.20M,-0.38%,60.041500000000006,67.90299999999999
01/22/2001,66.07,65.57,66.69,64.45,35.78M,0.11%,60.5715,67.63550000000001
01/23/2001,67.45,65.6,68.09,65.01,49.86M,2.09%,61.153999999999996,67.46783333333333
01/24/2001,66.81,67.75,68.8,66.44,53.94M,-0.95%,61.48350000000001,67.25633333333333
01/25/2001,64.2,66.56,67.36,64.09,57.17M,-3.91%,61.664,67.00383333333333
01/26/2001,65.24,63.27,65.63,62.71,45.68M,1.62%,61.862,66.81766666666667
01/29/2001,66.69,64.45,66.94,63.95,31.51M,2.22%,62.13900000000001,66.57383333333333
01/30/2001,66.44,66.84,67.42,63.25,42.84M,-0.37%,62.556,66.3375
01/31/2001,64.0,66.94,67.68,64.0,59.33M,-3.67%,63.09649999999999,66.04383333333334
02/01/2001,64.85,64.25,65.3,63.3,45.16M,1.33%,63.231500000000004,65.74666666666666
02/02/2001,61.26,64.64,65.0,59.72,47.47M,-5.54%,63.24300000000001,65.40016666666666
02/05/2001,61.21,60.9,61.61,59.84,36.02M,-0.08%,63.4855,65.058
02/06/2001,61.31,61.2,62.83,60.88,42.42M,0.16%,63.702,64.824
02/07/2001,60.32,60.23,60.91,58.31,61.97M,-1.61%,63.86899999999999,64.57383333333333
02/08/2001,58.52,60.62,61.21,58.31,48.27M,-2.98%,63.7995,64.35883333333332
02/09/2001,56.14,57.98,60.76,55.74,55.40M,-4.07%,63.524,64.13216666666668
02/12/2001,56.81,55.99,57.67,55.36,50.54M,1.19%,63.24249999999999,63.82083333333333
02/13/2001,54.99,57.38,58.9,54.72,58.91M,-3.20%,62.907000000000004,63.453833333333336
02/14/2001,57.18,55.14,57.48,53.87,63.05M,3.98%,62.587,63.19783333333334
02/15/2001,58.13,58.53,60.21,58.03,67.80M,1.66%,62.181,62.958499999999994
02/16/2001,54.87,55.7,56.61,54.28,66.78M,-5.61%,61.6245,62.71416666666667
02/20/2001,52.74,55.48,55.58,52.06,55.30M,-3.88%,60.958000000000006,62.436
02/21/2001,51.26,51.31,53.82,50.68,72.35M,-2.81%,60.1485,62.18516666666667
02/22/2001,50.76,51.21,51.92,48.66,103.91M,-0.98%,59.346000000000004,61.86266666666666
02/23/2001,50.94,49.86,51.36,48.01,93.34M,0.35%,58.68299999999999,61.55766666666667
02/26/2001,51.91,51.84,52.35,50.02,78.34M,1.90%,58.01649999999999,61.336999999999996
02/27/2001,48.77,51.3,51.84,48.67,66.74M,-6.05%,57.12049999999999,61.10583333333333
02/28/2001,47.23,49.22,49.98,46.64,102.22M,-3.16%,56.160000000000004,60.848166666666664
03/01/2001,48.57,46.75,48.97,45.54,101.77M,2.84%,55.3885,60.596000000000004
03/02/2001,46.48,46.98,49.4,45.44,95.98M,-4.30%,54.46999999999999,60.314166666666665
03/05/2001,47.33,47.28,48.13,46.87,43.89M,1.83%,53.7735,59.93033333333334
03/06/2001,49.17,49.07,50.42,48.87,60.83M,3.89%,53.1715,59.621833333333335
03/07/2001,49.19,50.17,50.2,48.74,55.22M,0.04%,52.5655,59.338499999999996
03/08/2001,48.27,49.12,49.58,47.88,48.97M,-1.87%,51.963,59.015
03/09/2001,44.89,47.03,47.15,44.74,79.99M,-7.00%,51.28150000000001,58.52933333333333
03/12/2001,42.1,43.8,44.74,41.61,80.67M,-6.22%,50.579499999999996,58.04233333333333
03/13/2001,44.24,42.58,44.53,41.93,80.02M,5.08%,49.951,57.6395
03/14/2001,43.55,42.5,44.98,42.11,97.19M,-1.56%,49.379,57.280833333333334
03/15/2001,41.95,44.99,45.11,41.85,74.14M,-3.67%,48.6175,56.92033333333334
03/16/2001,40.91,41.68,42.6,40.37,77.79M,-2.48%,47.7565,56.540499999999994
03/19/2001,43.06,41.25,43.06,40.56,53.25M,5.26%,47.166000000000004,56.27733333333333
03/20/2001,40.16,43.24,43.61,40.01,105.00M,-6.73%,46.537,56.02216666666667
03/21/2001,40.16,40.33,41.61,39.53,96.20M,0.00%,45.982,55.7615
03/22/2001,42.6,40.41,42.6,39.31,130.21M,6.08%,45.574,55.46783333333334
03/23/2001,42.6,43.35,43.63,41.31,95.28M,0.00%,45.157,55.168
03/26/2001,41.62,43.27,43.3,41.36,57.67M,-2.30%,44.6425,54.84033333333333
03/27/2001,43.05,41.61,43.52,41.23,69.95M,3.44%,44.3565,54.538666666666664
03/28/2001,39.52,41.7,42.0,39.5,77.98M,-8.20%,43.971000000000004,54.229
03/29/2001,38.77,39.2,40.42,38.22,79.65M,-1.90%,43.481,53.98866666666666
03/30/2001,38.97,39.12,39.79,37.82,63.66M,0.52%,43.10549999999999,53.60233333333334
04/02/2001,37.23,38.99,39.66,37.13,69.71M,-4.46%,42.6005,53.205666666666666
04/03/2001,34.5,37.03,37.57,34.46,89.02M,-7.33%,41.867,52.84133333333333
04/04/2001,33.89,34.55,35.64,33.44,76.47M,-1.77%,41.102,52.4565
04/05/2001,37.14,35.83,37.78,35.54,87.04M,9.59%,40.545500000000004,52.125833333333325
04/06/2001,36.13,36.73,36.93,35.33,86.13M,-2.72%,40.1075,51.7295
04/09/2001,36.88,36.62,37.22,35.68,51.64M,2.08%,39.846500000000006,51.31666666666667
04/10/2001,39.61,37.72,40.27,37.6,94.27M,7.40%,39.614999999999995,50.93616666666666
04/11/2001,40.81,41.96,42.3,40.26,92.83M,3.03%,39.478,50.587999999999994
04/12/2001,42.6,40.11,42.6,39.81,79.53M,4.39%,39.5105,50.23833333333334
04/16/2001,40.06,41.75,42.23,39.87,65.23M,-5.96%,39.468,49.801833333333335
04/17/2001,41.06,39.76,42.5,39.71,94.69M,2.50%,39.368,49.38616666666667
04/18/2001,45.34,43.52,48.73,43.0,129.20M,10.42%,39.627,49.04066666666667
04/19/2001,48.08,45.89,48.52,45.37,110.47M,6.04%,40.023,48.71783333333334
04/20/2001,48.17,47.96,49.21,46.78,80.60M,0.19%,40.301500000000004,48.40716666666667
04/23/2001,44.94,46.77,47.5,44.68,79.32M,-6.71%,40.4185,48.08616666666667
04/24/2001,44.09,44.89,46.2,43.55,88.89M,-1.89%,40.542,47.733666666666664
04/25/2001,44.89,43.7,45.37,42.9,68.42M,1.81%,40.634,47.37033333333333
04/26/2001,43.75,45.69,46.03,43.67,71.11M,-2.54%,40.8455,46.99216666666666
04/27/2001,44.94,44.94,45.26,44.03,56.47M,2.72%,41.153999999999996,46.674499999999995
04/30/2001,45.94,46.03,47.35,45.09,73.86M,2.23%,41.502500000000005,46.35933333333333
05/01/2001,47.83,45.98,47.86,45.19,54.50M,4.11%,42.032500000000006,46.13549999999999
05/02/2001,48.75,48.57,49.17,47.28,77.57M,1.92%,42.745000000000005,45.927833333333325
05/03/2001,46.58,47.68,47.68,45.98,67.12M,-4.45%,43.3795,45.68233333333333
05/04/2001,47.98,45.09,47.98,44.9,72.67M,3.01%,43.9215,45.476666666666674
05/07/2001,46.98,47.78,48.37,46.88,45.56M,-2.08%,44.464,45.28433333333333
05/08/2001,47.98,48.08,48.12,46.77,56.97M,2.13%,45.019,45.148333333333326
05/09/2001,46.33,46.83,47.73,46.22,60.98M,-3.44%,45.355,44.97366666666667
05/10/2001,45.56,47.7,47.83,45.51,61.13M,-1.66%,45.5925,44.816500000000005
05/11/2001,45.34,45.63,46.2,44.88,48.76M,-0.48%,45.729499999999994,44.61916666666666
05/14/2001,44.61,45.09,45.15,43.9,43.06M,-1.61%,45.957,44.39383333333333
05/15/2001,44.94,44.69,46.08,44.37,69.01M,0.74%,46.150999999999996,44.22833333333333
05/16/2001,46.93,44.1,47.3,43.85,80.11M,4.43%,46.23049999999999,44.131499999999996
05/17/2001,47.68,47.23,48.56,47.04,73.81M,1.60%,46.2105,44.07183333333333
05/18/2001,47.82,47.42,48.15,46.87,41.10M,0.29%,46.193,44.02283333333333
05/21/2001,50.81,47.95,50.91,47.43,85.43M,6.25%,46.4865,44.02066666666666
05/22/2001,50.66,51.07,51.71,49.95,77.24M,-0.30%,46.815,43.999833333333335
05/23/2001,48.42,50.21,50.22,48.41,65.62M,-4.42%,46.991499999999995,43.99400000000001
05/24/2001,49.67,48.74,49.76,48.05,61.79M,2.58%,47.2875,44.034666666666666
05/25/2001,48.76,49.73,49.79,47.8,36.19M,-1.83%,47.478500000000004,44.03783333333333
05/29/2001,45.91,48.27,48.27,45.89,66.61M,-5.84%,47.477,44.02833333333333
05/30/2001,44.22,45.23,45.64,43.87,81.40M,-3.68%,47.296499999999995,43.9765
05/31/2001,44.52,44.33,45.64,44.09,68.02M,0.68%,47.084999999999994,43.899
06/01/2001,45.84,45.33,46.01,44.12,61.87M,2.96%,47.048,43.84316666666666
06/04/2001,45.62,46.12,46.68,45.08,41.70M,-0.48%,46.93,43.799
06/05/2001,47.63,46.09,48.13,45.98,68.15M,4.41%,46.9625,43.84466666666666
06/06/2001,47.26,47.86,48.66,46.85,61.17M,-0.78%,46.9265,43.93066666666667
06/07/2001,48.47,46.92,49.26,46.86,65.40M,2.56%,47.033500000000004,44.00116666666666
06/08/2001,47.13,48.49,48.54,46.73,56.39M,-2.76%,47.112,44.060833333333335
06/11/2001,45.84,46.68,47.54,45.28,48.87M,-2.74%,47.137,44.12566666666667
06/12/2001,45.59,44.66,46.58,44.02,78.45M,-0.55%,47.186,44.20366666666667
06/13/2001,44.34,46.06,46.53,44.31,68.54M,-2.74%,47.156,44.225
06/14/2001,42.05,43.82,44.19,41.8,91.05M,-5.16%,46.912,44.256499999999996
06/15/2001,42.4,41.61,42.9,41.09,84.59M,0.83%,46.648,44.29383333333333
06/18/2001,41.83,42.44,42.97,41.21,63.54M,-1.34%,46.3485,44.281
06/19/2001,41.63,43.12,43.36,41.07,73.39M,-0.48%,45.8895,44.264833333333335
06/20/2001,42.57,41.11,42.77,41.09,83.59M,2.26%,45.485,44.28066666666667
06/21/2001,43.15,42.47,44.02,42.1,67.21M,1.36%,45.221500000000006,44.282333333333334
06/22/2001,43.05,43.42,43.99,42.39,51.87M,-0.23%,44.890499999999996,44.34116666666667
06/25/2001,43.16,43.41,43.6,42.45,39.21M,0.26%,44.6105,44.41433333333334
06/26/2001,43.31,42.34,43.69,42.28,55.16M,0.35%,44.4805,44.486666666666665
06/27/2001,43.59,43.48,43.94,42.8,53.29M,0.65%,44.449,44.592666666666666
06/28/2001,44.14,44.2,46.14,44.14,89.99M,1.26%,44.43,44.75333333333333
06/29/2001,45.49,44.88,46.3,44.49,59.72M,3.06%,44.4125,44.946666666666665
07/02/2001,45.24,45.44,46.26,44.98,50.88M,-0.55%,44.3935,45.08166666666667
07/03/2001,45.43,45.04,45.48,44.59,24.76M,0.42%,44.2835,45.236666666666665
07/05/2001,43.25,44.66,44.98,43.25,44.41M,-4.80%,44.083,45.34283333333333
07/06/2001,41.46,42.81,42.91,41.3,53.44M,-4.14%,43.7325,45.373666666666665
07/09/2001,41.81,41.7,42.49,41.31,45.55M,0.84%,43.466499999999996,45.390333333333324
07/10/2001,40.31,42.56,42.68,40.21,58.62M,-3.59%,43.190000000000005,45.35216666666666
07/11/2001,40.81,40.23,40.91,39.68,77.84M,1.24%,42.951,45.36466666666667
07/12/2001,43.4,42.43,43.63,42.1,70.37M,6.35%,42.904,45.403666666666666
07/13/2001,42.95,43.18,44.22,42.7,62.48M,-1.04%,42.949,45.36383333333333
07/16/2001,42.15,43.17,43.66,41.7,53.39M,-1.86%,42.936499999999995,45.265
07/17/2001,43.1,41.63,43.2,41.35,59.81M,2.25%,43.0,45.1805
07/18/2001,41.46,42.08,42.65,40.95,64.80M,-3.81%,42.9915,45.122499999999995
07/19/2001,42.44,42.26,43.15,41.56,76.59M,2.36%,42.985,45.095000000000006
07/20/2001,41.46,41.3,41.94,41.17,49.01M,-2.31%,42.9005,45.03783333333334
07/23/2001,40.42,42.04,42.2,40.36,55.33M,-2.51%,42.769000000000005,44.98233333333334
07/24/2001,39.96,40.19,40.71,39.13,70.43M,-1.14%,42.608999999999995,44.89933333333333
07/25/2001,40.31,39.95,40.53,39.22,68.86M,0.88%,42.459,44.8055
07/26/2001,40.91,40.26,41.69,39.79,69.22M,1.49%,42.325,44.69016666666667
07/27/2001,41.75,41.45,42.06,40.71,47.49M,2.05%,42.2055,44.5735
07/30/2001,41.51,41.93,42.1,41.21,39.46M,-0.57%,42.0065,44.489
07/31/2001,41.57,41.65,42.58,41.31,55.73M,0.14%,41.823,44.38216666666666
08/01/2001,42.9,42.44,43.3,42.21,53.86M,3.20%,41.6965,44.31416666666667
08/02/2001,43.71,43.59,43.8,42.62,53.19M,1.89%,41.7195,44.24300000000001
08/03/2001,42.98,43.33,43.33,42.36,51.51M,-1.67%,41.7955,44.18716666666667
08/06/2001,42.3,42.34,42.65,42.15,31.11M,-1.58%,41.82000000000001,44.13283333333333
08/07/2001,42.08,41.9,42.62,41.74,38.41M,-0.52%,41.9085,44.0785
08/08/2001,40.31,41.66,42.45,40.11,76.07M,-4.21%,41.883500000000005,44.00683333333333
08/09/2001,40.48,40.22,40.69,39.79,66.86M,0.42%,41.7375,43.9325
08/10/2001,40.09,40.24,40.56,39.05,68.49M,-0.96%,41.5945,43.8185
08/13/2001,40.91,40.4,41.15,40.01,48.43M,2.05%,41.532500000000006,43.70566666666666
08/14/2001,40.41,41.3,41.51,40.35,51.27M,-1.22%,41.398,43.58216666666667
08/15/2001,38.92,40.43,40.74,38.89,58.81M,-3.69%,41.271,43.38400000000001
08/16/2001,39.38,38.47,39.41,37.86,68.23M,1.18%,41.118,43.196
08/17/2001,37.58,38.26,38.62,37.53,56.65M,-4.57%,40.924,43.015333333333324
08/20/2001,38.1,37.67,38.47,37.35,49.91M,1.38%,40.808,42.822500000000005
08/21/2001,36.52,38.11,38.47,36.48,56.45M,-4.15%,40.636,42.618500000000004
08/22/2001,37.51,37.28,37.66,36.37,65.24M,2.71%,40.495999999999995,42.478500000000004
08/23/2001,37.15,37.5,38.28,37.13,54.71M,-0.96%,40.308,42.36066666666667
08/24/2001,39.12,37.68,39.21,37.57,58.45M,5.30%,40.1765,42.27066666666666
08/27/2001,39.17,39.1,39.71,38.65,50.82M,0.13%,40.0595,42.1595
08/28/2001,37.94,39.14,39.26,37.83,65.28M,-3.14%,39.878,42.0315
08/29/2001,37.39,38.19,38.27,36.96,59.06M,-1.45%,39.6025,41.86083333333333
08/30/2001,36.0,36.63,37.14,35.58,65.84M,-3.72%,39.217,41.67316666666667
08/31/2001,36.46,35.87,36.86,35.77,54.30M,1.28%,38.891000000000005,41.473
09/04/2001,35.3,36.35,37.33,35.19,74.03M,-3.18%,38.541,41.27583333333334
09/05/2001,35.17,35.32,35.74,33.99,94.91M,-0.37%,38.1955,41.098
09/06/2001,33.74,34.58,35.35,33.62,87.71M,-4.07%,37.867,40.900499999999994
09/07/2001,33.54,33.46,34.94,33.19,95.53M,-0.59%,37.519999999999996,40.7205
09/10/2001,33.94,33.33,34.16,33.19,80.37M,1.19%,37.2125,40.58533333333333
09/17/2001,31.05,31.1,32.65,30.95,97.09M,-8.52%,36.7195,40.396166666666666
09/18/2001,30.36,31.38,32.35,30.23,65.94M,-2.22%,36.217,40.205
09/19/2001,29.83,30.5,30.86,28.13,116.62M,-1.75%,35.7625,40.00833333333333
09/20/2001,28.84,29.16,29.95,28.67,90.69M,-3.32%,35.2355,39.7795
09/21/2001,28.06,27.28,28.84,27.07,112.12M,-2.70%,34.759499999999996,39.528
09/24/2001,29.47,28.94,29.86,28.46,85.69M,5.02%,34.327999999999996,39.30166666666666
09/25/2001,29.56,29.57,30.29,28.82,83.80M,0.31%,33.980000000000004,39.075
09/26/2001,28.54,29.81,29.86,28.28,59.26M,-3.45%,33.5315,38.828833333333336
09/27/2001,28.35,28.27,28.66,27.29,70.05M,-0.67%,33.0915,38.57483333333333
09/28/2001,28.85,28.71,29.78,28.18,84.81M,1.76%,32.577999999999996,38.32
10/01/2001,28.6,28.72,28.85,27.72,53.46M,-0.87%,32.0495,38.038500000000006
10/02/2001,28.69,28.52,29.27,28.27,74.18M,0.31%,31.587,37.76266666666666
10/03/2001,30.86,28.3,31.46,28.2,136.22M,7.56%,31.2605,37.51983333333333
10/04/2001,31.15,31.5,33.05,30.8,127.40M,0.94%,31.018,37.31816666666667
10/05/2001,31.61,30.86,31.75,30.12,96.56M,1.48%,30.7755,37.154
10/08/2001,31.71,30.99,32.2,30.82,67.79M,0.32%,30.595999999999997,36.985666666666674
10/09/2001,30.95,31.71,31.87,30.73,57.46M,-2.40%,30.385,36.82966666666667
10/10/2001,32.35,30.73,32.39,30.61,73.84M,4.52%,30.315500000000004,36.68866666666666
10/11/2001,34.54,33.04,35.09,32.99,117.27M,6.77%,30.365499999999997,36.541000000000004
10/12/2001,34.39,34.17,34.64,32.99,111.90M,-0.43%,30.387999999999998,36.39833333333333
10/15/2001,34.24,33.96,34.39,33.5,78.32M,-0.44%,30.547499999999996,36.26649999999999
10/16/2001,34.8,34.51,34.94,33.91,81.35M,1.64%,30.7695,36.128166666666665
10/17/2001,32.3,35.7,35.83,32.15,141.53M,-7.18%,30.893,35.9755
10/18/2001,33.17,32.55,33.38,32.25,94.45M,2.69%,31.109499999999997,35.821
10/19/2001,33.39,32.72,33.59,31.85,73.43M,0.66%,31.375999999999998,35.686499999999995
10/22/2001,34.29,33.28,34.34,33.07,74.08M,2.70%,31.617,35.58433333333333
10/23/2001,34.47,34.66,35.24,33.84,103.63M,0.52%,31.8625,35.49283333333334
10/24/2001,35.22,34.44,35.51,34.16,90.06M,2.18%,32.1965,35.408
10/25/2001,36.63,34.54,36.65,34.07,118.55M,4.00%,32.610499999999995,35.336666666666666
10/26/2001,35.84,36.33,36.89,35.84,93.82M,-2.16%,32.959999999999994,35.238166666666665
10/29/2001,33.88,35.83,35.99,33.88,92.15M,-5.47%,33.224000000000004,35.111000000000004
10/30/2001,33.22,33.55,33.93,32.69,96.09M,-1.95%,33.4505,34.97183333333333
10/31/2001,33.74,33.88,34.8,33.52,106.18M,1.57%,33.5945,34.81916666666666
11/01/2001,35.18,34.28,35.4,33.62,92.72M,4.27%,33.796,34.677
11/02/2001,35.43,35.11,35.68,34.73,64.92M,0.71%,33.987,34.55116666666667
11/05/2001,36.59,36.09,36.99,35.99,64.43M,3.27%,34.23100000000001,34.456
11/06/2001,38.01,36.44,38.02,36.22,107.00M,3.88%,34.584,34.38816666666666
11/07/2001,37.96,37.43,38.66,37.33,92.14M,-0.13%,34.8645,34.349000000000004
11/08/2001,37.57,38.37,39.22,37.08,105.92M,-1.03%,35.016000000000005,34.30049999999999
11/09/2001,37.55,37.42,37.9,36.95,74.12M,-0.05%,35.174,34.25816666666667
11/12/2001,37.82,36.83,38.17,36.13,112.99M,0.72%,35.353,34.20666666666667
11/13/2001,39.18,38.85,39.32,38.45,97.93M,3.60%,35.571999999999996,34.186166666666665
11/14/2001,39.46,39.77,40.05,38.56,88.66M,0.71%,35.93,34.195166666666665
11/15/2001,39.3,38.98,39.92,38.77,86.35M,-0.41%,36.2365,34.19383333333334
11/16/2001,39.19,39.3,39.5,38.74,64.04M,-0.28%,36.5265,34.220666666666666
11/19/2001,40.3,39.6,40.3,39.31,69.20M,2.83%,36.827,34.257333333333335
11/20/2001,38.44,39.89,40.04,38.3,85.22M,-4.62%,37.0255,34.28933333333334
11/21/2001,38.46,38.29,38.77,37.8,60.87M,0.05%,37.1875,34.305166666666665
11/23/2001,39.1,38.58,39.25,38.39,27.05M,1.66%,37.311,34.33766666666667
11/26/2001,40.06,39.4,40.17,38.83,75.27M,2.46%,37.522000000000006,34.35333333333333
11/27/2001,40.01,39.86,40.78,39.02,100.29M,-0.12%,37.828500000000005,34.367333333333335
11/28/2001,38.57,39.54,40.18,38.51,101.57M,-3.60%,38.096,34.377833333333335
11/29/2001,39.76,38.85,39.81,38.61,83.82M,3.09%,38.397,34.41733333333333
11/30/2001,39.47,39.54,39.85,39.18,66.02M,-0.73%,38.6115,34.47516666666666
12/03/2001,38.79,39.11,39.42,38.69,60.45M,-1.72%,38.7795,34.514
12/04/2001,40.64,39.16,40.65,38.26,79.41M,4.77%,38.982000000000006,34.602999999999994
12/05/2001,42.65,41.02,42.95,40.93,115.77M,4.95%,39.214,34.727666666666664
12/06/2001,42.71,42.51,43.04,42.16,77.70M,0.14%,39.451499999999996,34.87716666666666
12/07/2001,41.54,42.29,42.4,40.95,81.63M,-2.74%,39.65,35.01049999999999
12/10/2001,40.81,41.13,42.03,40.69,69.09M,-1.76%,39.813,35.125
12/11/2001,41.04,41.27,42.06,40.94,66.06M,0.56%,39.974000000000004,35.291500000000006
12/12/2001,41.37,41.31,41.74,40.41,76.09M,0.80%,40.0835,35.475
12/13/2001,39.57,40.52,40.81,39.57,79.59M,-4.35%,40.089,35.63733333333333
12/14/2001,39.92,39.69,40.27,39.39,70.01M,0.88%,40.12,35.821999999999996
12/17/2001,40.61,39.83,41.05,39.83,62.45M,1.73%,40.190999999999995,36.031166666666664
12/18/2001,41.07,40.97,41.31,39.97,50.85M,1.13%,40.2295,36.224500000000006
12/19/2001,40.32,40.37,41.13,40.13,79.60M,-1.83%,40.323499999999996,36.40383333333333
12/20/2001,38.61,39.91,40.11,38.5,83.05M,-4.24%,40.331,36.57166666666667
12/21/2001,39.3,39.24,39.53,38.97,56.21M,1.79%,40.341,36.75416666666667
12/24/2001,39.14,39.36,39.45,38.97,13.66M,-0.41%,40.295,36.925666666666665
12/26/2001,39.51,39.19,40.11,38.98,37.69M,0.95%,40.269999999999996,37.107499999999995
12/27/2001,39.82,39.66,40.01,39.42,34.26M,0.78%,40.332499999999996,37.293
12/28/2001,40.14,40.1,40.61,40.04,38.25M,0.80%,40.3515,37.44766666666666
12/31/2001,38.73,40.12,40.26,38.73,46.18M,-3.51%,40.314499999999995,37.574
01/02/2002,39.92,39.39,39.96,38.75,61.71M,3.07%,40.371,37.7125
01/03/2002,41.31,40.12,41.36,40.07,85.77M,3.48%,40.4045,37.872499999999995
01/04/2002,41.48,41.75,42.09,40.74,86.88M,0.41%,40.346,38.047999999999995
01/07/2002,41.02,41.92,42.02,39.92,75.17M,-1.11%,40.2615,38.192499999999995
01/08/2002,41.3,40.92,41.58,40.65,66.96M,0.68%,40.2495,38.305166666666665
01/09/2002,40.92,41.84,42.4,40.71,85.12M,-0.92%,40.255,38.414
01/10/2002,41.19,40.98,41.35,40.49,75.55M,0.66%,40.262499999999996,38.529833333333336
01/11/2002,40.66,41.16,41.41,40.28,60.83M,-1.29%,40.227000000000004,38.627500000000005
01/14/2002,39.77,40.3,40.49,39.52,71.31M,-2.19%,40.237,38.751999999999995
01/15/2002,40.15,39.85,40.56,39.38,66.92M,0.96%,40.2485,38.86833333333333
01/16/2002,38.6,39.35,39.75,38.59,90.94M,-3.86%,40.148,38.95516666666666
01/17/2002,39.47,39.3,39.79,38.83,75.29M,2.25%,40.068,39.0415
01/18/2002,38.41,38.65,39.27,38.04,81.99M,-2.69%,39.972500000000004,39.10716666666667
01/22/2002,37.23,38.82,38.84,37.16,81.77M,-3.07%,39.9035,39.14066666666667
01/23/2002,38.25,37.47,38.51,37.18,74.97M,2.74%,39.851,39.16766666666667
01/24/2002,38.76,38.76,39.33,38.17,77.25M,1.33%,39.832,39.21633333333333
01/25/2002,38.65,38.29,38.97,38.18,58.83M,-0.28%,39.789,39.295833333333334
01/28/2002,38.87,38.97,39.2,38.25,47.80M,0.57%,39.7415,39.39
01/29/2002,37.8,38.95,39.22,37.34,83.34M,-2.75%,39.6245,39.45766666666667
01/30/2002,38.09,37.82,38.67,36.68,101.39M,0.77%,39.5925,39.506166666666665
01/31/2002,38.33,38.4,38.57,37.84,69.66M,0.63%,39.513,39.5545
02/01/2002,37.96,38.22,38.7,37.52,61.21M,-0.97%,39.3455,39.577333333333335
02/04/2002,36.75,37.78,37.89,36.44,82.76M,-3.19%,39.108999999999995,39.556333333333335
02/05/2002,36.14,36.42,37.16,36.02,86.85M,-1.66%,38.864999999999995,39.525999999999996
02/06/2002,35.89,36.67,36.72,35.53,98.68M,-0.69%,38.5945,39.498000000000005
02/07/2002,35.03,35.83,36.38,34.84,97.73M,-2.40%,38.3,39.456
02/08/2002,36.0,35.29,36.07,34.81,80.48M,2.77%,38.0405,39.425666666666665
02/11/2002,36.46,35.97,38.99,35.81,57.64M,1.28%,37.830499999999994,39.38033333333333
02/12/2002,36.16,36.14,36.81,35.87,51.48M,-0.82%,37.65,39.32533333333333
02/13/2002,36.78,36.55,36.98,36.44,60.98M,1.71%,37.4815,39.28333333333333
02/14/2002,36.71,36.98,37.4,35.83,77.51M,-0.19%,37.387,39.242
02/15/2002,35.61,36.67,36.74,35.47,79.83M,-3.00%,37.194,39.16383333333333
02/19/2002,34.52,35.21,35.29,33.84,72.44M,-3.06%,36.9995,39.098499999999994
02/20/2002,34.99,34.75,35.01,33.77,106.55M,1.36%,36.8875,39.04066666666667
02/21/2002,33.32,34.63,34.79,33.32,109.31M,-4.77%,36.641,38.94433333333333
02/22/2002,33.49,33.46,34.04,32.94,99.82M,0.51%,36.3775,38.834833333333336
02/25/2002,34.85,33.85,35.09,33.8,89.00M,4.06%,36.1875,38.74883333333333
02/26/2002,34.72,35.07,35.26,34.21,94.68M,-0.37%,35.980000000000004,38.684666666666665
02/27/2002,34.24,35.23,35.34,33.9,95.16M,-1.38%,35.80200000000001,38.592666666666666
02/28/2002,33.62,34.35,34.81,33.59,95.71M,-1.81%,35.578500000000005,38.49516666666667
03/01/2002,35.57,33.99,35.58,33.93,86.08M,5.80%,35.4405,38.441500000000005
03/04/2002,36.98,35.54,37.06,35.24,105.73M,3.96%,35.3915,38.3805
03/05/2002,37.25,36.77,37.69,36.64,91.46M,0.73%,35.4165,38.2905
03/06/2002,37.42,36.91,37.77,36.43,86.85M,0.46%,35.4805,38.202333333333335
03/07/2002,37.5,37.94,38.15,36.84,85.51M,0.21%,35.56099999999999,38.135000000000005
03/08/2002,38.49,38.05,38.85,37.95,84.45M,2.64%,35.733999999999995,38.09633333333333
03/11/2002,38.35,38.17,39.01,37.88,71.08M,-0.36%,35.8515,38.0515
03/12/2002,37.82,37.4,37.82,37.15,82.68M,-1.38%,35.9195,37.992333333333335
03/13/2002,36.91,37.24,37.48,35.83,71.41M,-2.41%,35.957,37.948
03/14/2002,36.69,36.9,37.23,36.55,70.75M,-0.60%,35.9525,37.89416666666667
03/15/2002,37.06,36.73,37.16,36.43,63.98M,1.01%,35.97,37.835
03/18/2002,37.27,37.46,37.76,36.88,78.96M,0.57%,36.053,37.77166666666666
03/19/2002,37.21,37.43,37.7,37.05,58.96M,-0.16%,36.1875,37.719833333333334
03/20/2002,35.89,36.71,36.91,35.87,61.84M,-3.55%,36.2325,37.674499999999995
03/21/2002,36.85,35.98,36.97,35.73,92.33M,2.67%,36.409000000000006,37.63366666666666
03/22/2002,36.51,36.77,36.97,36.3,58.93M,-0.92%,36.56,37.58983333333333
03/25/2002,35.39,36.52,36.73,35.35,87.44M,-3.07%,36.587,37.521166666666666
03/26/2002,35.72,35.26,36.25,35.24,92.47M,0.93%,36.637,37.45283333333334
03/27/2002,35.44,35.47,35.83,35.24,64.55M,-0.78%,36.696999999999996,37.374500000000005
03/28/2002,35.89,35.85,36.2,35.73,59.58M,1.27%,36.8105,37.32716666666667
04/01/2002,36.58,35.63,36.73,35.14,70.74M,1.92%,36.861000000000004,37.271499999999996
04/02/2002,34.93,35.82,35.98,34.84,77.80M,-4.51%,36.7585,37.16516666666667
04/03/2002,34.87,35.14,35.28,34.14,85.80M,-0.17%,36.6395,37.055
04/04/2002,34.6,34.35,35.0,34.12,90.54M,-0.77%,36.4985,36.948
04/05/2002,34.21,34.85,35.01,34.02,68.44M,-1.13%,36.334,36.82983333333333
04/08/2002,34.64,33.32,34.64,33.27,74.99M,1.26%,36.1415,36.72516666666666
04/09/2002,33.43,34.62,34.82,33.34,80.94M,-3.49%,35.8955,36.59583333333333
04/10/2002,33.68,33.6,34.09,32.98,85.77M,0.75%,35.6885,36.4795
04/11/2002,32.85,33.5,33.69,32.74,90.71M,-2.46%,35.4855,36.36416666666666
04/12/2002,33.36,33.17,33.64,32.8,78.36M,1.55%,35.319,36.251
04/15/2002,33.63,33.65,33.8,33.05,69.34M,0.81%,35.1475,36.16816666666667
04/16/2002,35.04,34.27,35.06,34.26,72.18M,4.19%,35.036,36.09433333333334
04/17/2002,34.86,35.24,35.33,34.29,69.14M,-0.51%,34.9185,36.03516666666666
04/18/2002,34.19,34.62,34.99,33.84,91.27M,-1.92%,34.8335,35.9845
04/19/2002,34.3,34.89,34.9,34.22,62.44M,0.32%,34.706,35.91866666666667
04/22/2002,33.43,33.85,33.86,33.1,64.65M,-2.54%,34.552,35.82983333333333
04/23/2002,32.86,33.44,33.62,32.55,73.14M,-1.71%,34.4255,35.733333333333334
04/24/2002,32.35,33.06,33.15,32.05,69.01M,-1.55%,34.257,35.62466666666667
04/25/2002,32.27,32.16,32.58,31.85,103.10M,-0.25%,34.0985,35.5325
04/26/2002,30.9,32.51,33.84,30.87,100.21M,-4.25%,33.849000000000004,35.41266666666666
04/29/2002,30.98,31.1,31.4,30.43,85.34M,0.26%,33.569,35.290166666666664
04/30/2002,31.58,30.89,32.05,30.8,95.43M,1.94%,33.401500000000006,35.18383333333333
05/01/2002,31.41,31.52,31.69,30.44,109.98M,-0.54%,33.228500000000004,35.09483333333333
05/02/2002,30.37,31.25,31.84,30.32,85.87M,-3.31%,33.017,34.998666666666665
05/03/2002,29.6,30.33,30.37,29.35,92.14M,-2.54%,32.786500000000004,34.89383333333333
05/06/2002,28.84,29.5,29.84,28.72,96.53M,-2.57%,32.4965,34.79066666666667
05/07/2002,28.57,29.13,29.21,28.29,102.25M,-0.94%,32.2535,34.66683333333333
05/08/2002,31.62,29.99,31.73,29.86,129.95M,10.68%,32.1505,34.58616666666667
05/09/2002,30.81,31.43,31.74,30.66,106.54M,-2.56%,32.0485,34.497
05/10/2002,29.42,30.87,30.95,29.36,112.39M,-4.51%,31.851499999999998,34.37433333333333
05/13/2002,30.62,29.73,30.84,29.54,93.98M,4.08%,31.701,34.27283333333333
05/14/2002,32.42,31.91,32.5,31.72,107.86M,5.88%,31.57,34.21966666666667
05/15/2002,32.66,31.93,33.47,31.7,204.69M,0.74%,31.459999999999997,34.18866666666667
05/16/2002,32.71,32.39,32.9,32.07,89.98M,0.15%,31.386000000000003,34.150666666666666
05/17/2002,32.78,33.13,33.26,32.32,82.73M,0.21%,31.309999999999995,34.141666666666666
05/20/2002,32.06,32.45,32.55,31.79,78.17M,-2.20%,31.241500000000002,34.11783333333333
05/21/2002,31.18,32.22,32.44,30.86,104.18M,-2.74%,31.1575,34.056666666666665
05/22/2002,31.25,30.85,31.44,30.27,89.55M,0.22%,31.1025,33.99883333333334
05/23/2002,31.88,31.48,31.95,30.66,94.46M,2.02%,31.083,33.9595
05/24/2002,31.09,31.44,31.55,30.87,55.90M,-2.48%,31.0925,33.91733333333333
05/28/2002,30.96,31.32,31.38,30.35,68.85M,-0.42%,31.091500000000003,33.8405
05/29/2002,30.14,30.52,30.76,30.1,73.48M,-2.65%,31.0195,33.7265
05/30/2002,30.4,29.87,30.58,29.76,92.10M,0.86%,30.969,33.61233333333334
05/31/2002,29.9,30.62,30.9,29.86,79.91M,-1.64%,30.9455,33.487
06/03/2002,28.85,29.87,30.11,28.66,77.08M,-3.51%,30.907999999999998,33.34283333333334
06/04/2002,29.22,28.62,29.54,28.48,98.41M,1.28%,30.927000000000003,33.18833333333333
06/05/2002,29.52,29.28,29.66,28.84,95.37M,1.03%,30.9745,33.04116666666666
06/06/2002,28.75,29.37,29.38,27.77,93.74M,-2.61%,30.831,32.89
06/07/2002,28.17,27.5,28.66,27.39,106.06M,-2.02%,30.699,32.74433333333334
06/10/2002,28.12,28.23,28.62,28.01,73.15M,-0.18%,30.633999999999997,32.6015
06/11/2002,27.33,28.47,28.56,27.24,84.62M,-2.81%,30.4695,32.43933333333334
06/12/2002,27.73,27.12,27.83,26.71,153.04M,1.46%,30.235000000000003,32.28033333333333
06/13/2002,27.55,27.64,28.08,27.23,97.62M,-0.65%,29.9795,32.11933333333334
06/14/2002,27.49,26.74,27.59,26.08,122.11M,-0.22%,29.7185,31.979333333333333
06/17/2002,28.43,27.87,28.62,27.78,87.65M,3.42%,29.500999999999998,31.839000000000002
06/18/2002,28.88,28.19,29.01,28.15,100.63M,1.58%,29.341999999999995,31.711833333333335
06/19/2002,27.21,27.97,28.19,27.12,93.53M,-5.78%,29.1435,31.575499999999998
06/20/2002,26.34,27.14,27.32,25.55,99.93M,-3.20%,28.898000000000003,31.419166666666666
06/21/2002,25.7,26.24,26.66,25.53,101.84M,-2.43%,28.589,31.25683333333333
06/24/2002,26.21,25.34,26.68,25.09,139.73M,1.98%,28.345,31.0955
06/25/2002,25.34,26.46,26.6,25.18,137.01M,-3.32%,28.064,30.908166666666666
06/26/2002,25.33,24.32,25.66,24.28,149.08M,-0.04%,27.823500000000003,30.74816666666667
06/27/2002,26.09,25.88,26.13,24.9,121.39M,3.00%,27.607999999999997,30.60183333333333
06/28/2002,25.98,25.93,26.63,25.73,87.87M,-0.42%,27.412,30.458166666666667
07/01/2002,24.73,25.86,26.02,24.66,64.80M,-4.81%,27.206,30.300166666666666
07/02/2002,23.84,24.49,24.63,22.98,111.63M,-3.60%,26.937,30.120166666666666
07/03/2002,24.63,23.74,24.63,22.62,101.09M,3.31%,26.692500000000003,29.9735
07/05/2002,26.22,25.15,26.27,24.93,56.77M,6.46%,26.565999999999995,29.84916666666667
07/08/2002,25.26,26.08,26.43,24.96,97.37M,-3.66%,26.420499999999997,29.72266666666667
07/09/2002,24.55,25.13,25.36,24.48,91.10M,-2.81%,26.241999999999997,29.575833333333332
07/10/2002,23.79,24.88,24.91,23.72,115.37M,-3.10%,26.064999999999998,29.411833333333334
07/11/2002,24.68,23.66,24.77,23.42,170.29M,3.74%,25.9125,29.23916666666667
07/12/2002,24.68,25.13,25.41,24.44,130.03M,0.00%,25.769,29.0695
07/15/2002,25.45,24.57,25.52,23.64,140.57M,3.12%,25.667,28.92383333333333
07/16/2002,25.07,25.13,25.91,24.78,148.28M,-1.49%,25.499000000000002,28.77
07/17/2002,25.53,25.96,26.32,24.77,158.23M,1.83%,25.3315,28.638333333333332
07/18/2002,24.61,25.27,25.45,24.41,114.05M,-3.60%,25.201500000000003,28.500833333333333
07/19/2002,23.88,24.22,24.59,23.69,124.80M,-2.97%,25.0785,28.35966666666667
07/22/2002,23.29,23.74,24.39,22.98,150.03M,-2.47%,24.958,28.21
07/23/2002,22.3,23.34,23.64,22.18,150.85M,-4.25%,24.7625,28.066666666666666
07/24/2002,23.51,21.71,23.55,21.54,186.59M,5.43%,24.671,27.942166666666665
07/25/2002,22.15,23.15,23.29,21.7,153.93M,-5.78%,24.512,27.785000000000004
07/26/2002,22.56,22.46,22.74,21.91,96.05M,1.85%,24.3355,27.6375
07/29/2002,23.72,23.17,24.01,22.97,96.76M,5.14%,24.2225,27.526666666666667
07/30/2002,24.2,23.62,24.57,23.48,117.40M,2.02%,24.195999999999998,27.436666666666667
07/31/2002,23.74,23.89,24.08,23.25,93.88M,-1.90%,24.191,27.35166666666667
08/01/2002,22.62,23.63,23.79,22.55,85.21M,-4.72%,24.0905,27.2525
08/02/2002,22.15,22.67,22.73,21.72,86.75M,-2.08%,23.887,27.09466666666667
08/05/2002,21.34,22.01,22.22,21.2,84.93M,-3.66%,23.691,26.936833333333333
08/06/2002,22.4,21.7,22.9,21.69,115.36M,4.97%,23.583499999999997,26.819833333333335
08/07/2002,22.69,23.09,23.26,21.86,126.23M,1.29%,23.5285,26.687666666666665
08/08/2002,23.46,22.65,23.49,22.2,111.70M,3.39%,23.4675,26.538333333333334
08/09/2002,23.22,23.1,23.61,22.77,93.58M,-1.02%,23.3945,26.380999999999997
08/12/2002,23.29,22.94,23.37,22.79,62.92M,0.30%,23.2865,26.223999999999997
08/13/2002,22.49,23.12,23.76,22.44,88.36M,-3.43%,23.1575,26.0525
08/14/2002,23.93,22.56,24.09,22.37,102.71M,6.40%,23.0775,25.916999999999998
08/15/2002,24.42,24.13,24.44,23.61,120.31M,2.05%,23.067999999999998,25.804333333333332
08/16/2002,24.58,24.02,24.88,23.62,95.86M,0.66%,23.103,25.693166666666666
08/19/2002,25.18,24.65,25.47,24.57,76.04M,2.44%,23.197499999999998,25.581500000000002
08/20/2002,25.07,25.07,25.31,24.73,89.99M,-0.44%,23.336000000000002,25.48116666666667
08/21/2002,25.63,25.28,25.73,24.88,101.40M,2.23%,23.442,25.392333333333333
08/22/2002,26.04,25.63,26.09,25.3,80.39M,1.60%,23.636499999999998,25.324
08/23/2002,25.03,25.68,25.69,24.83,75.25M,-3.88%,23.759999999999998,25.2345
08/26/2002,25.13,25.18,25.27,24.5,83.35M,0.40%,23.8305,25.154999999999998
08/27/2002,24.26,25.31,25.4,24.04,92.36M,-3.46%,23.833499999999997,25.0785
08/28/2002,23.37,23.91,23.98,23.28,115.76M,-3.67%,23.815,24.981
08/29/2002,23.68,23.09,24.11,22.91,97.08M,1.33%,23.868000000000002,24.883666666666667
08/30/2002,23.38,23.51,23.9,23.27,59.51M,-1.27%,23.929499999999997,24.79416666666667
09/03/2002,22.53,22.95,23.32,22.24,81.89M,-3.64%,23.988999999999997,24.700166666666668
09/04/2002,22.62,22.4,22.91,22.14,82.73M,0.40%,24.0,24.6085
09/05/2002,22.07,22.3,22.4,21.83,92.66M,-2.43%,23.969,24.520833333333332
09/06/2002,22.74,22.55,23.11,22.49,86.03M,3.04%,23.933,24.437666666666665
09/09/2002,22.97,22.57,23.26,22.29,72.72M,1.01%,23.9205,24.361333333333334
09/10/2002,23.54,23.12,23.56,22.92,74.69M,2.48%,23.933,24.2955
09/11/2002,23.34,24.01,24.24,23.31,73.92M,-0.85%,23.9755,24.210666666666665
09/12/2002,22.7,23.13,23.16,22.6,70.80M,-2.74%,23.913999999999998,24.107666666666667
09/13/2002,22.88,22.49,22.97,22.42,79.72M,0.79%,23.837,24.035500000000003
09/16/2002,22.55,22.75,22.9,22.27,58.90M,-1.44%,23.7355,23.972333333333335
09/17/2002,22.08,22.94,23.1,22.08,89.21M,-2.08%,23.580499999999997,23.912
09/18/2002,21.83,21.91,22.44,21.68,92.41M,-1.13%,23.4185,23.839
09/19/2002,21.48,21.6,22.03,21.45,86.32M,-1.60%,23.211,23.77466666666667
09/20/2002,21.57,21.73,21.8,21.38,78.20M,0.42%,22.9875,23.712
09/23/2002,20.92,21.35,21.42,20.71,72.78M,-3.01%,22.782,23.625833333333333
09/24/2002,20.93,20.59,21.35,20.55,91.56M,0.05%,22.572,23.541666666666668
09/25/2002,21.77,21.25,21.94,21.0,98.11M,4.01%,22.447499999999998,23.49233333333333
09/26/2002,21.5,22.06,22.23,21.27,104.46M,-1.24%,22.354,23.453333333333333
09/27/2002,21.21,21.45,22.11,21.21,92.28M,-1.35%,22.2305,23.396333333333335
09/30/2002,20.62,20.97,21.14,20.39,91.58M,-2.78%,22.0925,23.302999999999997
10/01/2002,21.88,20.81,21.89,20.37,102.14M,6.11%,22.060000000000002,23.246666666666666
10/02/2002,21.15,21.41,21.87,20.87,94.90M,-3.34%,21.9865,23.19
10/03/2002,20.64,20.96,21.3,20.58,74.41M,-2.41%,21.915,23.1375
10/04/2002,20.26,20.84,20.92,20.02,81.89M,-1.84%,21.791,23.06383333333333
10/07/2002,20.07,20.17,20.49,19.76,79.90M,-0.94%,21.646,22.987
10/08/2002,20.07,20.19,20.51,19.67,94.12M,0.00%,21.4725,22.897333333333336
10/09/2002,19.97,19.85,20.43,19.75,103.35M,-0.50%,21.304,22.812333333333335
10/10/2002,20.98,20.01,21.11,19.82,109.61M,5.06%,21.218,22.736499999999996
10/11/2002,22.12,21.45,22.28,21.32,124.83M,5.43%,21.18,22.695
10/14/2002,22.38,21.77,22.4,21.68,78.96M,1.18%,21.1715,22.669999999999998
10/15/2002,23.45,23.33,23.52,23.07,118.20M,4.78%,21.240000000000002,22.672666666666665
10/16/2002,22.67,22.61,23.05,21.97,97.78M,-3.33%,21.282000000000004,22.678833333333333
10/17/2002,23.44,23.49,23.7,22.47,96.26M,3.40%,21.380000000000003,22.677666666666667
10/18/2002,23.7,23.17,23.74,22.82,85.25M,1.11%,21.4865,22.703500000000002
10/21/2002,24.18,23.41,24.34,23.19,85.77M,2.03%,21.6495,22.7305
10/22/2002,24.03,23.63,24.23,23.54,90.34M,-0.62%,21.804499999999997,22.735666666666663
10/23/2002,24.49,23.74,24.52,23.56,88.34M,1.91%,21.9405,22.740499999999997
10/24/2002,23.87,24.57,24.74,23.81,89.21M,-2.53%,22.059,22.742666666666665
10/25/2002,24.51,23.88,24.64,23.88,71.81M,2.68%,22.223999999999997,22.774166666666666
10/28/2002,24.38,24.88,24.92,24.06,90.30M,-0.53%,22.412,22.81133333333333
10/29/2002,23.81,24.2,24.36,23.26,90.39M,-2.34%,22.508499999999998,22.852500000000003
10/30/2002,24.45,23.96,24.67,23.74,103.55M,2.69%,22.6735,22.886666666666663
10/31/2002,24.44,24.55,24.92,24.25,81.53M,-0.04%,22.863500000000002,22.915833333333335
11/01/2002,25.13,24.26,25.28,24.03,86.70M,2.82%,23.107000000000003,22.94366666666667
11/04/2002,25.78,25.93,26.7,25.68,110.58M,2.59%,23.3925,22.986333333333334
11/05/2002,25.98,25.59,26.05,25.44,79.63M,0.78%,23.688,23.031166666666667
11/06/2002,26.35,26.17,26.49,25.52,116.87M,1.42%,24.006999999999998,23.0955
11/07/2002,25.42,25.87,25.98,25.19,82.77M,-3.53%,24.229,23.120333333333335
11/08/2002,24.95,25.37,25.75,24.84,77.03M,-1.85%,24.3705,23.129166666666666
11/11/2002,24.2,24.83,24.9,24.04,74.66M,-3.01%,24.4615,23.122833333333332
11/12/2002,24.81,24.29,25.28,24.29,88.96M,2.52%,24.529500000000002,23.116666666666667
11/13/2002,25.11,24.58,25.33,24.38,119.40M,1.21%,24.6515,23.11733333333333
11/14/2002,25.98,25.46,26.3,25.4,86.67M,3.46%,24.7785,23.12316666666667
11/15/2002,26.32,25.78,26.33,25.63,69.33M,1.31%,24.9095,23.12783333333333
11/18/2002,25.93,26.59,26.65,25.87,76.94M,-1.48%,24.997,23.142833333333332
11/19/2002,25.53,25.68,25.93,25.18,88.22M,-1.54%,25.072000000000003,23.1495
11/20/2002,26.62,25.44,26.63,25.42,75.65M,4.27%,25.1785,23.188833333333335
11/21/2002,27.6,26.8,27.71,26.63,105.62M,3.68%,25.365000000000002,23.259333333333334
11/22/2002,27.59,27.24,27.81,27.19,73.83M,-0.04%,25.519,23.3245
11/25/2002,27.86,27.63,28.07,27.41,72.73M,0.98%,25.693,23.399166666666666
11/26/2002,26.92,27.65,27.8,26.77,80.06M,-3.37%,25.8485,23.472333333333335
11/27/2002,27.78,27.4,28.07,27.36,73.70M,3.19%,26.014999999999997,23.558333333333334
11/29/2002,27.59,28.08,28.16,27.09,34.65M,-0.68%,26.172499999999996,23.650333333333332
12/02/2002,27.87,28.29,28.66,27.44,86.01M,1.01%,26.309499999999996,23.735833333333332
12/03/2002,27.04,27.42,27.45,26.8,76.72M,-2.98%,26.372500000000002,23.80366666666667
12/04/2002,26.45,26.44,26.82,26.09,130.49M,-2.18%,26.395999999999997,23.852166666666665
12/05/2002,26.08,26.82,26.87,26.01,85.41M,-1.40%,26.3825,23.897833333333335
12/06/2002,26.35,25.69,26.6,25.62,81.77M,1.04%,26.429000000000002,23.958666666666666
12/09/2002,25.1,26.1,26.43,25.08,76.22M,-4.74%,26.436500000000002,23.99566666666667
12/10/2002,25.48,25.3,25.83,25.23,69.68M,1.51%,26.5005,24.044499999999996
12/11/2002,25.6,25.32,25.95,25.2,64.29M,0.47%,26.54,24.103166666666667
12/12/2002,25.74,25.88,26.57,25.44,62.40M,0.55%,26.571500000000004,24.168333333333337
12/13/2002,24.92,25.4,25.45,24.89,72.72M,-3.19%,26.5185,24.22566666666667
12/16/2002,25.73,25.1,25.84,24.95,60.40M,3.25%,26.488999999999997,24.294999999999998
12/17/2002,25.81,25.69,26.08,25.54,63.04M,0.31%,26.482999999999997,24.376500000000004
12/18/2002,25.26,25.43,25.48,24.93,67.60M,-2.13%,26.4695,24.448666666666668
12/19/2002,24.94,25.05,25.66,24.69,96.19M,-1.27%,26.3855,24.5015
12/20/2002,25.2,25.21,25.33,24.95,65.61M,1.04%,26.265500000000003,24.563166666666667
12/23/2002,25.55,25.06,25.64,25.01,46.01M,1.39%,26.1635,24.635499999999997
12/24/2002,25.23,25.38,25.61,25.2,16.77M,-1.25%,26.032,24.712333333333333
12/26/2002,25.16,25.41,25.79,25.05,33.82M,-0.28%,25.944,24.767
12/27/2002,24.7,25.06,25.73,24.63,42.56M,-1.83%,25.790000000000003,24.826166666666666
12/30/2002,24.52,24.72,24.85,24.25,57.47M,-0.73%,25.6365,24.890833333333333
12/31/2002,24.26,24.43,24.59,24.17,46.03M,-1.06%,25.456,24.9575
01/02/2003,25.28,24.6,25.43,24.34,66.32M,4.20%,25.368000000000002,25.044333333333334
01/03/2003,25.56,25.34,25.59,25.16,39.11M,1.11%,25.3235,25.13583333333333
01/06/2003,26.2,25.59,26.47,25.08,67.43M,2.50%,25.329500000000003,25.239666666666665
01/07/2003,26.53,26.29,26.8,26.13,88.79M,1.26%,25.3385,25.33216666666667
01/08/2003,25.78,26.27,26.37,25.72,75.10M,-2.83%,25.372500000000002,25.393166666666666
01/09/2003,26.58,26.12,26.85,26.1,75.45M,3.10%,25.427500000000002,25.46316666666667
01/10/2003,26.97,26.23,27.13,26.1,82.65M,1.47%,25.496000000000002,25.521833333333337
01/13/2003,26.81,27.2,27.34,26.61,72.96M,-0.59%,25.549500000000002,25.590833333333332
01/14/2003,26.95,26.78,27.19,26.72,47.30M,0.52%,25.651,25.649333333333335
01/15/2003,26.62,27.11,27.23,26.46,55.47M,-1.22%,25.6955,25.697999999999997
01/16/2003,26.32,26.67,26.85,26.13,69.78M,-1.13%,25.720999999999997,25.733666666666668
01/17/2003,25.19,25.78,25.82,25.15,77.46M,-4.29%,25.7175,25.753
01/21/2003,24.91,25.29,25.43,24.9,68.05M,-1.11%,25.716,25.76
01/22/2003,24.81,24.85,25.41,24.75,81.02M,-0.40%,25.696500000000004,25.775666666666666
01/23/2003,25.39,25.28,25.72,24.99,78.68M,2.34%,25.688499999999998,25.790333333333333
01/24/2003,24.7,25.41,25.41,24.53,74.60M,-2.72%,25.662,25.795666666666666
01/27/2003,24.42,24.34,24.91,24.26,76.61M,-1.13%,25.625,25.805833333333332
01/28/2003,24.66,24.65,24.93,24.31,65.32M,0.98%,25.623,25.809333333333335
01/29/2003,25.03,24.64,25.33,24.23,95.82M,1.50%,25.648500000000002,25.819166666666668
01/30/2003,24.43,25.2,25.3,24.38,70.52M,-2.40%,25.657,25.8075
01/31/2003,24.33,23.95,24.64,23.9,90.56M,-0.41%,25.609500000000004,25.783333333333335
02/03/2003,24.38,24.41,24.68,24.27,53.20M,0.21%,25.5505,25.756666666666664
02/04/2003,24.08,24.07,24.19,23.71,69.62M,-1.23%,25.444499999999998,25.718833333333336
02/05/2003,23.97,24.22,24.74,23.9,80.19M,-0.46%,25.316499999999998,25.694666666666667
02/06/2003,24.1,23.93,24.24,23.75,103.61M,0.54%,25.232499999999998,25.6805
02/07/2003,23.7,24.25,24.34,23.54,72.35M,-1.66%,25.0885,25.67216666666667
02/10/2003,23.91,23.79,24.14,23.51,67.65M,0.89%,24.9355,25.657166666666665
02/11/2003,24.04,24.14,24.5,23.81,78.06M,0.54%,24.797,25.639333333333337
02/12/2003,23.71,23.96,24.22,23.67,51.83M,-1.37%,24.635,25.601499999999998
02/13/2003,23.83,23.74,23.87,23.21,77.80M,0.51%,24.4955,25.560000000000002
02/14/2003,24.38,23.72,24.39,23.51,67.59M,2.31%,24.398500000000002,25.534166666666668
02/18/2003,25.13,24.58,25.22,24.57,74.05M,3.08%,24.3955,25.5275
02/19/2003,24.96,25.08,25.12,24.59,45.63M,-0.68%,24.398,25.499833333333335
02/20/2003,24.86,25.03,25.15,24.72,59.96M,-0.40%,24.4005,25.454166666666666
02/21/2003,25.05,24.81,25.25,24.4,70.36M,0.76%,24.3835,25.411833333333334
02/24/2003,24.62,25.01,25.09,24.59,56.73M,-1.72%,24.3795,25.357833333333335
02/25/2003,24.65,24.34,24.83,23.97,74.66M,0.12%,24.391,25.32
02/26/2003,24.11,24.57,24.82,24.09,60.17M,-2.19%,24.3635,25.25883333333333
02/27/2003,24.65,24.31,24.8,24.16,66.53M,2.24%,24.3445,25.209833333333332
02/28/2003,25.04,24.69,25.1,24.6,50.61M,1.58%,24.375,25.162666666666667
03/03/2003,24.54,25.15,25.36,24.45,60.46M,-2.00%,24.3855,25.121
03/04/2003,24.39,24.55,24.65,24.31,56.12M,-0.61%,24.386000000000003,25.086666666666666
03/05/2003,24.44,24.29,24.66,24.21,69.23M,0.21%,24.404,25.05933333333333
03/06/2003,24.38,24.32,24.57,24.12,59.67M,-0.25%,24.424500000000002,25.0265
03/07/2003,24.43,23.97,24.83,23.85,73.34M,0.21%,24.441,25.01533333333333
03/10/2003,23.9,24.22,24.34,23.8,56.00M,-2.17%,24.451,24.989
03/11/2003,23.69,23.95,24.13,23.67,54.97M,-0.88%,24.439999999999998,24.95716666666667
03/12/2003,24.12,23.65,24.13,23.43,78.04M,1.82%,24.444,24.930166666666665
03/13/2003,25.5,24.53,25.53,24.29,128.61M,5.72%,24.533499999999997,24.939833333333333
03/14/2003,25.6,25.61,25.86,25.24,89.84M,0.39%,24.622,24.937666666666665
03/17/2003,26.48,25.31,26.68,25.23,141.23M,3.44%,24.726999999999997,24.94883333333333
03/18/2003,26.8,26.68,26.84,26.3,97.22M,1.21%,24.810499999999998,24.9745
03/19/2003,26.58,26.72,26.85,26.21,91.46M,-0.82%,24.8915,25.001833333333334
03/20/2003,26.68,26.42,27.01,26.05,93.14M,0.38%,24.982499999999998,25.026500000000002
03/21/2003,27.04,27.08,27.25,26.08,93.42M,1.35%,25.082,25.051333333333336
03/24/2003,25.92,26.35,26.48,25.85,85.35M,-4.14%,25.147,25.062833333333334
03/25/2003,26.29,26.04,26.64,25.89,78.82M,1.43%,25.229,25.081666666666667
03/26/2003,26.44,26.38,26.65,26.24,68.04M,0.57%,25.345499999999998,25.110666666666663
03/27/2003,26.25,26.15,26.53,25.98,64.21M,-0.72%,25.4255,25.139499999999998
03/28/2003,25.96,26.02,26.31,25.83,45.42M,-1.10%,25.4715,25.16783333333333
03/31/2003,25.13,25.48,25.61,25.09,89.43M,-3.20%,25.500999999999998,25.165333333333333
04/01/2003,25.33,25.32,25.55,25.13,73.63M,0.80%,25.548,25.1615
04/02/2003,26.24,25.94,26.44,25.91,76.05M,3.59%,25.637999999999998,25.162166666666668
04/03/2003,26.36,26.52,26.72,26.19,71.17M,0.46%,25.737000000000002,25.159333333333333
04/04/2003,25.93,26.45,26.48,25.85,65.77M,-1.63%,25.812,25.161833333333334
04/07/2003,25.97,26.98,27.07,25.95,83.96M,0.15%,25.9155,25.151666666666664
04/08/2003,25.94,26.03,26.17,25.76,54.29M,-0.12%,26.028000000000002,25.1345
04/09/2003,25.34,25.98,26.5,25.29,76.58M,-2.31%,26.089,25.11
04/10/2003,25.65,25.34,25.65,25.18,57.50M,1.22%,26.096500000000002,25.08833333333333
04/11/2003,25.39,25.9,26.05,25.24,68.01M,-1.01%,26.086000000000002,25.067833333333333
04/14/2003,25.91,25.48,26.02,25.37,53.44M,2.05%,26.057499999999997,25.061
04/15/2003,26.16,25.85,26.34,25.73,64.70M,0.96%,26.0255,25.077166666666667
04/16/2003,26.1,26.53,26.71,26.0,70.76M,-0.23%,26.0015,25.096999999999998
04/17/2003,26.7,26.04,26.85,26.03,70.33M,2.30%,26.002500000000005,25.1285
04/21/2003,26.79,26.82,26.98,26.5,52.76M,0.34%,25.99,25.151833333333332
04/22/2003,27.3,26.61,27.33,26.53,70.94M,1.90%,26.058999999999997,25.19516666666667
04/23/2003,27.5,27.37,27.62,27.13,70.60M,0.73%,26.1195,25.2465
04/24/2003,27.35,27.23,27.62,27.14,72.61M,-0.55%,26.165,25.291333333333334
04/25/2003,26.82,27.19,27.29,26.73,63.36M,-1.94%,26.1935,25.321166666666667
04/28/2003,27.35,26.92,27.5,26.82,59.71M,1.98%,26.262999999999998,25.36983333333333
04/29/2003,27.6,27.51,27.93,27.28,80.39M,0.91%,26.3865,25.424333333333333
04/30/2003,27.32,27.52,27.66,27.3,60.47M,-1.01%,26.486,25.473333333333336
05/01/2003,27.56,27.31,27.74,27.06,66.08M,0.88%,26.552,25.531333333333333
05/02/2003,28.15,27.48,28.16,27.44,85.08M,2.14%,26.6415,25.601
05/05/2003,28.12,28.19,28.58,28.04,80.69M,-0.11%,26.750999999999998,25.668
05/06/2003,28.48,28.09,28.77,28.08,77.65M,1.28%,26.8765,25.747666666666664
05/07/2003,28.16,28.28,28.56,27.99,70.39M,-1.12%,26.9875,25.818500000000004
05/08/2003,27.64,27.73,28.06,27.63,80.37M,-1.85%,27.1025,25.878499999999995
05/09/2003,28.28,27.91,28.35,27.86,58.60M,2.32%,27.234,25.95466666666667
05/12/2003,28.71,28.23,28.83,28.04,67.63M,1.52%,27.4,26.035999999999998
05/13/2003,28.53,28.5,28.85,28.41,65.21M,-0.63%,27.531,26.105166666666666
05/14/2003,28.47,28.74,28.84,28.23,62.27M,-0.21%,27.646499999999996,26.160833333333333
05/15/2003,28.79,28.62,28.85,28.43,62.52M,1.12%,27.780999999999995,26.224666666666668
05/16/2003,28.57,28.6,28.81,28.35,70.66M,-0.76%,27.8745,26.2865
05/19/2003,27.56,28.39,28.55,27.48,91.82M,-3.54%,27.913000000000004,26.328333333333333
05/20/2003,27.64,27.63,27.83,27.28,72.05M,0.29%,27.93,26.378666666666668
05/21/2003,27.56,27.52,27.62,27.31,64.16M,-0.29%,27.933,26.42716666666667
05/22/2003,27.96,27.63,28.19,27.49,62.49M,1.45%,27.9635,26.491333333333333
05/23/2003,27.97,27.91,28.12,27.82,37.94M,0.04%,28.021000000000004,26.54666666666667
05/27/2003,28.96,27.8,29.08,27.77,101.60M,3.54%,28.101499999999998,26.612000000000002
05/28/2003,29.05,29.02,29.26,28.83,76.42M,0.31%,28.174,26.687166666666666
05/29/2003,29.17,29.09,29.66,29.02,97.64M,0.41%,28.2665,26.766833333333334
05/30/2003,29.65,29.39,29.73,29.31,78.19M,1.65%,28.371,26.853666666666665
06/02/2003,29.44,29.94,30.06,29.17,103.12M,-0.71%,28.4355,26.938000000000002
06/03/2003,29.72,29.3,29.74,28.53,82.25M,0.95%,28.515499999999996,27.02616666666667
06/04/2003,30.28,29.67,30.44,29.58,87.15M,1.88%,28.6055,27.1325
06/05/2003,30.28,29.99,30.54,29.83,89.55M,0.00%,28.7115,27.24233333333333
06/06/2003,29.99,31.02,31.32,29.88,157.20M,-0.96%,28.829,27.34016666666667
06/09/2003,29.59,29.86,30.08,29.39,94.99M,-1.33%,28.8945,27.408333333333335
06/10/2003,30.04,29.72,30.06,29.54,69.96M,1.52%,28.961000000000002,27.482333333333333
06/11/2003,30.38,29.93,30.5,29.66,87.43M,1.13%,29.053500000000003,27.547333333333334
06/12/2003,30.51,30.5,30.61,30.12,79.62M,0.43%,29.1555,27.609166666666667
06/13/2003,29.82,30.51,30.59,29.72,83.40M,-2.26%,29.207,27.663166666666665
06/16/2003,30.74,30.03,30.76,29.86,71.63M,3.09%,29.315500000000004,27.730833333333333
06/17/2003,30.62,30.88,30.97,30.42,67.73M,-0.39%,29.468499999999995,27.790499999999998
06/18/2003,30.78,30.52,31.08,30.31,80.26M,0.52%,29.6255,27.871500000000005
06/19/2003,30.28,30.84,31.09,30.24,79.57M,-1.62%,29.7615,27.938
06/20/2003,30.24,30.55,30.64,30.11,71.59M,-0.13%,29.8755,28.001333333333335
06/23/2003,29.77,30.19,30.23,29.42,86.65M,-1.55%,29.9655,28.060000000000002
06/24/2003,29.54,29.59,29.99,29.39,83.06M,-0.77%,29.9945,28.119666666666667
06/25/2003,29.38,29.53,30.04,29.33,94.37M,-0.54%,30.010999999999996,28.190499999999997
06/26/2003,30.08,29.57,30.14,29.47,79.30M,2.38%,30.0565,28.26966666666667
06/27/2003,29.69,30.11,30.43,29.63,82.57M,-1.30%,30.058500000000002,28.327166666666667
06/30/2003,29.81,30.02,30.2,29.66,72.10M,0.40%,30.076999999999998,28.384666666666668
07/01/2003,30.21,29.56,30.24,29.12,105.98M,1.34%,30.101499999999998,28.456000000000003
07/02/2003,30.83,30.27,30.85,30.24,82.02M,2.05%,30.128999999999998,28.537
07/03/2003,30.44,30.56,30.96,30.33,50.05M,-1.26%,30.137,28.612000000000002
07/07/2003,31.74,30.83,31.75,30.82,88.77M,4.27%,30.2245,28.718666666666667
07/08/2003,32.13,31.63,32.16,31.47,82.34M,1.23%,30.351499999999998,28.826666666666664
07/09/2003,32.05,32.03,32.34,31.78,89.87M,-0.25%,30.451999999999998,28.937666666666665
07/10/2003,31.45,31.7,31.84,31.18,103.23M,-1.87%,30.5055,29.029999999999998
07/11/2003,31.69,31.5,31.84,31.46,67.82M,0.76%,30.5645,29.122166666666665
07/14/2003,32.07,32.19,32.6,31.92,84.58M,1.20%,30.677,29.221666666666668
07/15/2003,32.11,32.38,32.5,31.79,76.34M,0.12%,30.7455,29.311833333333333
07/16/2003,32.01,32.31,32.35,31.58,81.73M,-0.31%,30.814999999999998,29.398833333333336
07/17/2003,31.03,31.52,31.69,30.9,110.52M,-3.06%,30.827499999999997,29.461000000000002
07/18/2003,31.13,31.25,31.81,30.78,80.60M,0.32%,30.869999999999997,29.5215
07/21/2003,30.74,31.09,31.15,30.47,112.04M,-1.25%,30.895,29.577999999999996
07/22/2003,31.19,30.97,31.35,30.72,91.65M,1.46%,30.966,29.65083333333333
07/23/2003,31.45,31.24,31.49,30.85,69.22M,0.83%,31.061500000000002,29.71916666666667
07/24/2003,31.03,31.7,31.87,30.94,83.64M,-1.34%,31.144,29.776333333333334
07/25/2003,31.65,30.99,31.69,30.63,83.09M,2.00%,31.222500000000004,29.8485
07/28/2003,31.74,31.71,31.84,31.45,56.22M,0.28%,31.325,29.918166666666668
07/29/2003,31.5,31.78,31.87,31.08,80.63M,-0.76%,31.4095,29.974
07/30/2003,31.27,31.56,31.59,31.18,56.66M,-0.73%,31.4625,30.026500000000002
07/31/2003,31.65,31.64,32.18,31.37,85.74M,1.22%,31.503500000000003,30.079333333333334
08/01/2003,31.31,31.54,31.64,31.15,73.58M,-1.07%,31.546999999999997,30.13183333333333
08/04/2003,31.3,31.27,31.77,30.7,96.44M,-0.03%,31.525,30.192833333333336
08/05/2003,30.07,31.26,31.33,29.91,111.22M,-3.93%,31.421999999999997,30.222666666666665
08/06/2003,30.05,30.22,30.63,29.96,96.86M,-0.07%,31.322000000000003,30.245
08/07/2003,30.17,30.08,30.37,29.88,67.37M,0.40%,31.258,30.272333333333336
08/08/2003,29.93,30.29,30.41,29.79,66.71M,-0.80%,31.170000000000005,30.29666666666667
08/11/2003,30.26,29.94,30.46,29.89,63.75M,1.10%,31.079500000000003,30.32116666666667
08/12/2003,30.72,30.37,30.76,30.18,59.79M,1.52%,31.009999999999998,30.356999999999996
08/13/2003,30.73,30.84,30.92,30.51,58.08M,0.03%,30.945999999999998,30.40983333333333
08/14/2003,30.76,30.74,31.04,30.53,51.23M,0.10%,30.932499999999997,30.46183333333333
08/15/2003,31.02,30.85,31.14,30.79,28.14M,0.85%,30.927,30.519499999999997
08/18/2003,31.82,31.16,31.86,30.91,67.54M,2.58%,30.981,30.583833333333335
08/19/2003,32.22,31.96,32.23,31.7,68.43M,1.26%,31.0325,30.654666666666667
08/20/2003,32.14,31.95,32.37,31.87,58.29M,-0.25%,31.067,30.707666666666668
08/21/2003,32.49,32.44,32.67,32.12,77.28M,1.09%,31.140000000000004,30.764999999999997
08/22/2003,32.29,33.11,33.21,32.18,93.04M,-0.62%,31.171999999999997,30.817
08/25/2003,32.36,32.21,32.42,32.06,43.09M,0.22%,31.202999999999996,30.862166666666667
08/26/2003,32.39,32.13,32.44,31.66,79.93M,0.09%,31.247499999999995,30.91133333333333
08/27/2003,32.65,32.34,32.68,32.22,47.29M,0.80%,31.316499999999998,30.96016666666667
08/28/2003,32.94,32.79,32.97,32.37,55.37M,0.89%,31.381,31.0045
08/29/2003,33.23,32.89,33.3,32.83,53.20M,0.88%,31.477000000000004,31.05366666666667
09/02/2003,33.71,33.33,33.73,32.98,80.53M,1.44%,31.597499999999997,31.115666666666662
09/03/2003,33.69,33.94,34.04,33.49,85.27M,-0.06%,31.7785,31.184
09/04/2003,34.0,33.67,34.06,33.54,63.96M,0.92%,31.976,31.25
09/05/2003,33.78,33.81,34.18,33.51,91.06M,-0.65%,32.1565,31.306666666666665
09/08/2003,34.34,33.84,34.37,33.79,69.38M,1.66%,32.376999999999995,31.3705
09/09/2003,33.93,34.17,34.23,33.76,88.04M,-1.19%,32.5605,31.439
09/10/2003,33.12,33.59,33.73,32.96,111.72M,-2.39%,32.6805,31.478666666666665
09/11/2003,33.48,33.12,33.62,32.86,96.98M,1.09%,32.818,31.526333333333334
09/12/2003,33.66,33.18,33.68,32.9,105.04M,0.54%,32.963,31.574333333333332
09/15/2003,33.33,33.68,33.75,33.29,54.64M,-0.98%,33.078500000000005,31.625166666666665
09/16/2003,34.24,33.36,34.27,33.36,87.64M,2.73%,33.1995,31.69183333333333
09/17/2003,34.1,34.17,34.34,33.87,79.83M,-0.41%,33.2935,31.764
09/18/2003,34.62,34.01,34.7,33.84,91.66M,1.52%,33.417500000000004,31.848666666666666
09/19/2003,34.42,34.63,34.7,34.2,69.84M,-0.58%,33.513999999999996,31.932666666666666
09/22/2003,33.76,33.97,34.04,33.61,97.50M,-1.92%,33.5875,31.993999999999996
09/23/2003,34.36,33.81,34.4,33.75,77.88M,1.78%,33.6875,32.07183333333333
09/24/2003,33.07,34.35,34.64,33.02,115.62M,-3.75%,33.7215,32.12616666666666
09/25/2003,32.64,33.22,33.82,32.61,118.07M,-1.30%,33.721000000000004,32.166666666666664
09/26/2003,32.43,32.74,33.02,32.37,106.72M,-0.64%,33.695499999999996,32.193333333333335
09/29/2003,32.99,32.61,33.02,32.3,97.13M,1.73%,33.683499999999995,32.23583333333333
09/30/2003,32.27,32.77,32.81,32.21,119.20M,-2.18%,33.6115,32.24466666666667
10/01/2003,33.0,32.46,33.08,32.27,106.84M,2.26%,33.577,32.259166666666665
10/02/2003,33.11,32.95,33.27,32.78,83.95M,0.33%,33.5325,32.276833333333336
10/03/2003,34.03,33.69,34.31,33.66,112.95M,2.78%,33.545,32.319833333333335
10/06/2003,34.28,34.12,34.29,33.9,49.28M,0.73%,33.541999999999994,32.363
10/07/2003,34.49,34.0,34.49,33.85,80.20M,0.61%,33.57,32.403333333333336
10/08/2003,34.27,34.65,34.68,34.06,71.45M,-0.64%,33.627500000000005,32.43933333333333
10/09/2003,34.53,34.75,35.11,34.27,118.30M,0.76%,33.68,32.48133333333333
10/10/2003,34.85,34.61,34.87,34.48,68.41M,0.93%,33.73950000000001,32.545
10/13/2003,35.08,34.98,35.21,34.76,61.00M,0.66%,33.827,32.61083333333333
10/14/2003,35.17,34.94,35.26,34.8,64.30M,0.26%,33.8735,32.68466666666667
10/15/2003,35.02,35.63,35.68,34.87,97.82M,-0.43%,33.9195,32.7485
10/16/2003,35.29,34.94,35.36,34.84,74.13M,0.77%,33.952999999999996,32.8125
10/17/2003,34.45,35.25,35.32,34.44,98.04M,-2.38%,33.9545,32.8695
10/20/2003,34.88,34.49,35.51,33.92,76.22M,1.25%,34.0105,32.92333333333333
10/21/2003,35.09,34.98,35.28,34.78,75.05M,0.60%,34.047000000000004,32.979166666666664
10/22/2003,34.41,34.73,34.77,34.28,88.87M,-1.94%,34.114000000000004,33.02766666666666
10/23/2003,34.01,33.99,34.35,33.89,99.46M,-1.16%,34.1825,33.07333333333333
10/24/2003,34.04,33.63,34.07,33.33,101.85M,0.09%,34.263,33.113166666666665
10/27/2003,34.05,34.12,34.29,33.88,63.49M,0.03%,34.316,33.158833333333334
10/28/2003,35.2,34.27,35.25,34.21,107.54M,3.38%,34.4625,33.22383333333333
10/29/2003,35.16,35.04,35.25,34.91,74.14M,-0.11%,34.5705,33.30866666666667
10/30/2003,35.23,35.64,35.83,34.98,95.16M,0.20%,34.6765,33.395
10/31/2003,35.02,35.27,35.32,34.9,55.50M,-0.60%,34.726,33.475833333333334
11/03/2003,35.59,35.26,35.81,35.2,71.20M,1.63%,34.7915,33.570166666666665
11/04/2003,35.35,35.52,35.7,35.28,60.12M,-0.67%,34.834500000000006,33.655
11/05/2003,35.67,35.35,35.72,34.99,68.54M,0.91%,34.9045,33.7375
11/06/2003,35.77,35.62,35.8,35.18,90.66M,0.28%,34.9665,33.8215
11/07/2003,35.46,35.91,36.01,35.43,63.62M,-0.87%,34.997,33.89983333333333
11/10/2003,35.03,35.53,35.58,34.93,68.96M,-1.21%,34.9945,33.96666666666667
11/11/2003,34.9,34.99,35.14,34.69,75.95M,-0.37%,34.981,34.018
11/12/2003,35.64,35.01,35.8,34.98,81.20M,2.12%,35.012,34.075
11/13/2003,35.6,35.54,35.73,35.38,64.34M,-0.11%,35.0275,34.132666666666665
11/14/2003,34.88,35.64,35.85,34.79,91.06M,-2.02%,35.049,34.1725
11/17/2003,34.52,34.68,34.75,34.1,108.53M,-1.03%,35.031,34.209666666666664
11/18/2003,33.72,34.71,34.81,33.66,108.77M,-2.32%,34.9625,34.23233333333334
11/19/2003,34.05,33.85,34.24,33.72,86.62M,0.98%,34.9445,34.26
11/20/2003,33.72,33.73,34.52,33.65,117.42M,-0.97%,34.93,34.277833333333334
11/21/2003,34.07,33.92,34.11,33.57,81.83M,1.04%,34.9315,34.29666666666666
11/24/2003,35.02,34.36,35.09,34.31,92.21M,2.79%,34.980000000000004,34.3265
11/25/2003,35.02,35.13,35.28,34.93,72.58M,0.00%,34.971000000000004,34.348333333333336
11/26/2003,35.18,35.24,35.35,34.65,72.88M,0.46%,34.971999999999994,34.37316666666666
11/28/2003,35.22,35.1,35.33,35.04,24.81M,0.11%,34.971500000000006,34.3935
12/01/2003,35.73,35.54,35.84,35.3,82.83M,1.45%,35.007000000000005,34.426
12/02/2003,35.53,35.65,35.88,35.41,65.09M,-0.56%,35.004000000000005,34.44583333333333
12/03/2003,35.09,35.67,35.95,35.09,107.87M,-1.24%,34.991,34.46516666666667
12/04/2003,35.46,35.22,35.54,34.92,102.49M,1.05%,34.9805,34.50416666666667
12/05/2003,34.88,35.11,35.33,34.8,87.64M,-1.64%,34.936,34.5275
12/08/2003,35.07,34.86,35.17,34.62,87.16M,0.54%,34.9165,34.551
12/09/2003,34.27,35.28,35.29,34.19,110.02M,-2.28%,34.878499999999995,34.56666666666667
12/10/2003,34.4,34.37,34.54,33.97,103.57M,0.38%,34.8535,34.56933333333333
12/11/2003,35.14,34.34,35.23,34.33,108.45M,2.15%,34.828500000000005,34.58666666666667
12/12/2003,35.08,35.13,35.18,34.74,72.23M,-0.17%,34.802499999999995,34.59433333333333
12/15/2003,34.62,35.76,35.82,34.49,106.26M,-1.31%,34.7895,34.59766666666667
12/16/2003,34.69,34.63,34.86,34.26,89.90M,0.20%,34.798,34.613166666666665
12/17/2003,34.75,34.65,34.84,34.41,68.58M,0.17%,34.8495,34.61966666666667
12/18/2003,35.39,34.79,35.47,34.79,90.03M,1.84%,34.9165,34.65833333333333
12/19/2003,35.29,35.44,35.48,35.04,89.77M,-0.28%,34.995,34.7025
12/22/2003,35.4,35.19,35.51,35.13,63.62M,0.31%,35.0615,34.751999999999995
12/23/2003,35.67,35.43,35.85,35.36,67.06M,0.76%,35.094,34.79666666666666
12/24/2003,35.73,35.67,35.85,35.63,44.84M,0.17%,35.12949999999999,34.85433333333333
12/26/2003,35.68,35.79,35.92,35.65,25.50M,-0.14%,35.1545,34.899
12/29/2003,36.27,35.86,36.36,35.85,63.37M,1.65%,35.207,34.951666666666675
12/30/2003,36.39,36.36,36.41,36.13,48.28M,0.33%,35.239999999999995,34.991
12/31/2003,36.29,36.45,36.47,36.08,60.53M,-0.27%,35.278,35.0245
01/02/2004,36.19,36.49,36.62,36.05,55.26M,-0.28%,35.333,35.05283333333333
01/05/2004,36.92,36.41,36.98,36.39,69.76M,2.02%,35.406,35.097
01/06/2004,37.17,36.91,37.25,36.78,60.08M,0.68%,35.520500000000006,35.141
01/07/2004,37.5,37.11,37.5,36.9,71.90M,0.89%,35.642,35.18516666666667
01/08/2004,37.8,37.67,37.82,37.42,78.27M,0.80%,35.8185,35.2305
01/09/2004,37.55,37.53,38.17,37.41,94.33M,-0.66%,35.976,35.27016666666667
01/12/2004,38.15,37.67,38.17,37.5,77.72M,1.60%,36.1265,35.32233333333333
01/13/2004,37.77,38.09,38.18,37.42,93.06M,-1.00%,36.261,35.36366666666667
01/14/2004,37.9,37.93,38.07,37.57,69.07M,0.34%,36.425,35.421166666666664
01/15/2004,38.0,37.75,38.28,37.45,104.60M,0.26%,36.5905,35.473166666666664
01/16/2004,38.39,38.2,38.45,37.99,77.37M,1.03%,36.772499999999994,35.52816666666667
01/20/2004,38.36,38.55,38.82,38.13,82.08M,-0.08%,36.921,35.594
01/21/2004,38.2,38.21,38.48,37.82,112.32M,-0.42%,37.066500000000005,35.66383333333333
01/22/2004,37.97,38.37,38.51,37.88,90.97M,-0.60%,37.195,35.72933333333333
01/23/2004,37.83,38.03,38.28,37.6,88.81M,-0.37%,37.303,35.79233333333333
01/26/2004,38.41,37.8,38.47,37.66,84.70M,1.53%,37.437,35.84583333333333
01/27/2004,37.56,38.33,38.45,37.51,97.37M,-2.21%,37.531,35.88583333333334
01/28/2004,36.93,37.76,37.88,36.83,128.17M,-1.68%,37.564,35.91416666666667
01/29/2004,37.07,37.06,37.14,36.49,144.04M,0.38%,37.598,35.94833333333334
01/30/2004,36.9,37.03,37.27,36.8,84.31M,-0.46%,37.6285,35.970166666666664
02/02/2004,36.8,37.03,37.31,36.65,94.54M,-0.27%,37.659,35.99433333333333
02/03/2004,36.76,36.74,37.07,36.55,73.89M,-0.11%,37.650999999999996,36.0125
02/04/2004,36.16,36.45,37.58,36.16,110.07M,-1.63%,37.6005,36.019
02/05/2004,36.3,36.34,36.54,36.16,96.97M,0.39%,37.540499999999994,36.033
02/06/2004,36.96,36.43,37.11,36.36,107.25M,1.82%,37.4985,36.06516666666667
02/09/2004,36.95,37.17,37.21,36.88,58.92M,-0.03%,37.4685,36.099333333333334
02/10/2004,37.01,36.88,37.24,36.86,65.10M,0.16%,37.4115,36.122166666666665
02/11/2004,37.4,37.06,37.49,36.83,92.51M,1.05%,37.393,36.15216666666666
02/12/2004,37.08,37.35,37.52,37.07,70.75M,-0.86%,37.352,36.188833333333335
02/13/2004,36.77,37.22,37.79,36.59,90.60M,-0.84%,37.290499999999994,36.22633333333333
02/17/2004,37.27,37.11,37.44,37.05,69.82M,1.36%,37.234500000000004,36.2855
02/18/2004,37.38,37.34,37.49,37.15,71.20M,0.30%,37.185500000000005,36.341
02/19/2004,36.81,37.65,37.72,36.65,100.95M,-1.52%,37.116,36.3925
02/20/2004,36.69,36.8,36.97,36.38,132.39M,-0.33%,37.05200000000001,36.436166666666665
02/23/2004,36.28,36.83,36.86,35.73,125.32M,-1.12%,36.9745,36.457166666666666
02/24/2004,36.19,36.1,36.5,35.83,124.57M,-0.25%,36.8635,36.47666666666667
02/25/2004,36.41,36.26,36.5,36.16,74.56M,0.61%,36.806,36.497166666666665
02/26/2004,36.5,36.3,36.67,36.14,71.49M,0.25%,36.7845,36.5185
02/27/2004,36.4,36.59,36.77,36.1,99.46M,-0.27%,36.751,36.52966666666667
03/01/2004,36.88,36.51,36.9,36.3,79.79M,1.32%,36.75,36.55216666666667
03/02/2004,36.45,36.81,37.01,36.44,91.63M,-1.17%,36.7325,36.57483333333333
03/03/2004,36.25,36.34,36.46,36.04,84.05M,-0.55%,36.70700000000001,36.588
03/04/2004,36.59,36.27,36.66,36.22,66.04M,0.94%,36.7285,36.6165
03/05/2004,36.46,36.24,36.98,36.19,118.14M,-0.36%,36.7365,36.63966666666667
03/08/2004,35.6,36.52,36.65,35.56,112.74M,-2.36%,36.6685,36.661833333333334
03/09/2004,35.49,35.66,35.81,35.35,126.26M,-0.31%,36.5955,36.67999999999999
03/10/2004,35.03,35.58,35.83,34.97,134.35M,-1.30%,36.496500000000005,36.67816666666667
03/11/2004,34.71,34.91,35.36,34.64,152.59M,-0.91%,36.362,36.672000000000004
03/12/2004,35.34,35.04,35.42,34.99,118.42M,1.82%,36.275,36.684
03/15/2004,34.73,35.2,35.24,34.65,115.90M,-1.73%,36.173,36.684666666666665
03/16/2004,34.79,34.95,35.09,34.47,123.77M,0.17%,36.049,36.68533333333334
03/17/2004,35.33,35.05,35.45,35.02,91.96M,1.55%,35.9465,36.684333333333335
03/18/2004,35.18,35.21,35.29,34.81,111.36M,-0.42%,35.865,36.6825
03/19/2004,34.59,35.12,35.29,34.56,100.17M,-1.68%,35.76,36.669000000000004
03/22/2004,34.15,34.37,34.39,33.87,134.59M,-1.27%,35.6535,36.643666666666675
03/23/2004,33.87,34.43,34.49,33.85,126.12M,-0.82%,35.5375,36.61266666666667
03/24/2004,34.26,33.99,34.47,33.85,119.05M,1.15%,35.43,36.58899999999999
03/25/2004,35.18,34.49,35.29,34.46,142.16M,2.69%,35.364,36.57083333333333
03/26/2004,35.06,35.14,35.42,35.04,78.45M,-0.34%,35.297000000000004,36.54866666666667
03/29/2004,35.62,35.34,35.79,35.32,103.94M,1.60%,35.233999999999995,36.5375
03/30/2004,35.74,35.5,35.78,35.35,95.90M,0.34%,35.198499999999996,36.529999999999994
03/31/2004,35.67,35.75,35.83,35.44,86.07M,-0.20%,35.1695,36.509166666666665
04/01/2004,35.99,35.64,36.08,35.61,93.11M,0.90%,35.139500000000005,36.4895
04/02/2004,36.93,36.72,36.99,36.35,146.02M,2.61%,35.163,36.48
04/05/2004,37.28,36.87,37.33,36.8,67.40M,0.95%,35.247,36.471333333333334
04/06/2004,36.81,36.99,37.23,36.75,98.72M,-1.26%,35.313,36.458999999999996
04/07/2004,36.77,36.82,36.94,36.49,91.13M,-0.11%,35.4,36.436
04/08/2004,36.77,37.18,37.22,36.57,77.26M,0.00%,35.503,36.419333333333334
04/12/2004,37.0,36.9,37.07,36.81,55.44M,0.63%,35.586,36.404333333333334
04/13/2004,36.46,37.17,37.19,36.29,100.84M,-1.46%,35.6725,36.37866666666667
04/14/2004,36.64,36.24,36.78,36.19,113.80M,0.49%,35.765,36.3495
04/15/2004,35.98,36.58,36.69,35.85,123.83M,-1.80%,35.7975,36.30983333333334
04/16/2004,35.92,36.03,36.15,35.62,110.83M,-0.17%,35.8345,36.27183333333333
04/19/2004,36.36,35.84,36.42,35.81,85.90M,1.22%,35.923,36.245000000000005
04/20/2004,35.51,36.44,36.62,35.47,119.96M,-2.34%,35.991,36.20633333333333
04/21/2004,35.82,35.73,35.94,35.28,119.22M,0.87%,36.0885,36.16316666666667
04/22/2004,36.75,35.83,36.84,35.81,137.90M,2.60%,36.213,36.14966666666667
04/23/2004,37.04,36.91,37.09,36.73,92.04M,0.79%,36.306,36.151500000000006
04/26/2004,36.77,37.01,37.12,36.48,74.55M,-0.73%,36.39149999999999,36.146499999999996
04/27/2004,36.7,36.78,37.02,36.52,87.67M,-0.19%,36.4455,36.14316666666666
04/28/2004,36.03,36.54,36.55,35.85,111.78M,-1.83%,36.46,36.13033333333333
04/29/2004,35.47,35.92,36.17,35.14,157.05M,-1.55%,36.45,36.10883333333333
04/30/2004,34.61,35.49,35.63,34.56,150.92M,-2.42%,36.381,36.083
05/03/2004,34.94,34.84,35.35,34.73,117.07M,0.95%,36.2815,36.06033333333333
05/04/2004,35.09,35.05,35.58,34.87,126.25M,0.43%,36.172000000000004,36.02916666666667
05/05/2004,35.36,35.26,35.53,35.04,97.58M,0.77%,36.0995,36.00266666666666
05/06/2004,35.1,35.04,35.36,34.69,102.76M,-0.74%,36.016000000000005,35.97083333333334
05/07/2004,34.81,34.93,35.47,34.75,137.73M,-0.83%,35.918,35.927666666666674
05/10/2004,34.51,34.51,34.74,34.26,157.20M,-0.86%,35.7935,35.88483333333333
05/11/2004,35.03,34.81,35.22,34.76,120.84M,1.51%,35.722,35.85583333333334
05/12/2004,35.1,34.96,35.18,34.11,197.89M,0.20%,35.644999999999996,35.81966666666666
05/13/2004,34.85,34.9,35.28,34.76,138.10M,-0.71%,35.588499999999996,35.7775
05/14/2004,34.59,35.04,35.15,34.48,133.76M,-0.75%,35.522000000000006,35.740500000000004
05/17/2004,34.26,34.22,34.45,33.95,150.71M,-0.95%,35.417,35.7
05/18/2004,34.57,34.5,34.74,34.44,96.73M,0.90%,35.370000000000005,35.6715
05/19/2004,34.53,35.0,35.35,34.47,141.78M,-0.12%,35.3055,35.64383333333333
05/20/2004,34.69,34.62,34.86,34.4,95.04M,0.46%,35.2025,35.61516666666667
05/21/2004,34.86,34.86,35.01,34.58,111.49M,0.49%,35.0935,35.587833333333336
05/24/2004,35.1,35.14,35.29,34.84,100.16M,0.69%,35.010000000000005,35.56616666666666
05/25/2004,35.79,34.99,35.91,34.79,146.47M,1.97%,34.9645,35.547999999999995
05/26/2004,36.02,35.69,36.02,35.64,93.85M,0.64%,34.964,35.54083333333333
05/27/2004,36.25,36.12,36.33,35.89,110.23M,0.64%,35.003,35.54083333333333
05/28/2004,36.38,36.21,36.38,36.04,56.42M,0.36%,35.091499999999996,35.53733333333333
06/01/2004,36.33,36.09,36.38,35.94,90.72M,-0.14%,35.161,35.53516666666666
06/02/2004,36.25,36.39,36.49,36.0,103.56M,-0.22%,35.219,35.546
06/03/2004,35.81,36.13,36.19,35.65,97.73M,-1.21%,35.2415,35.55133333333334
06/04/2004,36.02,36.18,36.45,36.0,91.30M,0.59%,35.2875,35.56783333333333
06/07/2004,36.88,36.27,36.93,36.17,107.69M,2.39%,35.391000000000005,35.604
06/08/2004,36.93,36.73,37.02,36.68,72.58M,0.14%,35.512,35.630500000000005
06/09/2004,36.41,36.81,36.88,36.2,98.25M,-1.41%,35.581,35.658500000000004
06/10/2004,36.67,36.52,36.67,36.38,57.14M,0.71%,35.6595,35.68983333333333
06/14/2004,36.15,36.44,36.44,35.93,85.29M,-1.42%,35.7245,35.7035
06/15/2004,36.62,36.39,36.82,36.39,92.00M,1.30%,35.826,35.7275
06/16/2004,36.56,36.58,36.73,36.48,65.49M,-0.16%,35.941,35.76033333333333
06/17/2004,36.22,36.48,36.49,36.08,77.86M,-0.93%,36.0235,35.79483333333333
06/18/2004,36.27,36.13,36.67,36.09,78.79M,0.14%,36.1105,35.834833333333336
06/21/2004,35.98,36.35,36.46,35.89,65.47M,-0.80%,36.175,35.8635
06/22/2004,36.51,35.99,36.53,35.85,101.64M,1.47%,36.2575,35.885666666666665
06/23/2004,36.95,36.4,37.02,36.34,95.34M,1.21%,36.35,35.91716666666666
06/24/2004,36.88,36.85,37.18,36.75,92.39M,-0.19%,36.4045,35.93816666666667
06/25/2004,37.16,36.83,37.22,36.81,81.03M,0.76%,36.4615,35.96183333333333
06/28/2004,36.85,37.32,37.35,36.73,94.25M,-0.83%,36.4915,35.981500000000004
06/29/2004,37.2,36.93,37.41,36.91,68.38M,0.95%,36.532500000000006,36.001666666666665
06/30/2004,37.56,37.28,37.72,37.18,97.91M,0.97%,36.594,36.012166666666666
07/01/2004,36.87,37.48,37.48,36.6,122.19M,-1.84%,36.625,36.005333333333326
07/02/2004,36.65,36.87,37.02,36.46,74.11M,-0.60%,36.666999999999994,36.00266666666666
07/06/2004,35.86,36.43,36.43,35.66,130.40M,-2.16%,36.659,35.9875
07/07/2004,35.93,35.79,36.12,35.75,96.20M,0.20%,36.6115,35.973499999999994
07/08/2004,35.53,35.64,35.96,35.38,108.95M,-1.11%,36.5415,35.949
07/09/2004,35.58,35.67,35.87,35.46,86.05M,0.14%,36.5,35.934333333333335
07/12/2004,35.43,35.4,35.52,34.55,81.88M,-0.42%,36.438,35.91416666666667
07/13/2004,35.38,35.52,35.64,35.25,81.64M,-0.14%,36.3995,35.90416666666667
07/14/2004,35.03,35.04,35.48,34.89,119.88M,-0.99%,36.32,35.88933333333333
07/15/2004,34.91,35.16,35.32,34.9,90.57M,-0.34%,36.2375,35.86516666666667
07/16/2004,34.51,35.27,35.28,34.46,120.44M,-1.15%,36.152,35.84850000000001
07/19/2004,34.44,34.62,34.81,34.31,106.44M,-0.20%,36.0605,35.8255
07/20/2004,35.26,34.58,35.42,34.55,120.17M,2.38%,36.0245,35.800666666666665
07/21/2004,34.24,35.42,35.48,34.18,136.17M,-2.89%,35.911,35.754
07/22/2004,34.71,34.32,34.95,34.09,132.85M,1.37%,35.799,35.71966666666666
07/23/2004,34.05,34.48,34.5,33.87,107.15M,-1.90%,35.6575,35.67550000000001
07/26/2004,33.9,34.08,34.25,33.54,113.06M,-0.44%,35.4945,35.64
07/27/2004,34.37,34.03,34.55,33.88,103.54M,1.39%,35.3705,35.62166666666667
07/28/2004,34.22,34.25,34.46,33.65,155.07M,-0.44%,35.2215,35.61516666666667
07/29/2004,34.62,34.55,34.76,34.34,99.09M,1.17%,35.0745,35.609833333333334
07/30/2004,34.73,34.6,34.94,34.49,83.04M,0.32%,34.9675,35.603833333333334
08/02/2004,34.8,34.45,34.86,34.3,81.37M,0.20%,34.875,35.594500000000004
08/03/2004,34.07,34.68,34.77,34.03,85.88M,-2.10%,34.7855,35.57733333333333
08/04/2004,34.08,33.99,34.3,33.85,86.89M,0.03%,34.693,35.56516666666666
08/05/2004,33.44,34.19,34.24,33.44,109.96M,-1.88%,34.588499999999996,35.547333333333334
08/06/2004,32.57,33.24,33.25,32.51,148.87M,-2.60%,34.437999999999995,35.50633333333333
08/09/2004,32.65,32.66,32.81,32.5,78.65M,0.25%,34.299,35.4655
08/10/2004,33.06,32.82,33.33,32.77,106.38M,1.26%,34.183,35.43566666666666
08/11/2004,32.77,32.7,32.89,32.4,121.31M,-0.88%,34.07,35.40533333333333
08/12/2004,32.32,32.54,32.7,32.22,114.18M,-1.37%,33.9405,35.373000000000005
08/13/2004,32.37,32.5,32.59,32.2,91.44M,0.15%,33.8335,35.33633333333333
08/16/2004,32.73,32.46,33.04,32.43,77.94M,1.11%,33.748000000000005,35.30633333333333
08/17/2004,33.11,32.97,33.28,32.83,89.62M,1.16%,33.640499999999996,35.28
08/18/2004,33.69,32.91,33.75,32.86,108.02M,1.75%,33.613,35.2605
08/19/2004,33.52,33.57,33.69,33.25,106.88M,-0.50%,33.5535,35.23416666666667
08/20/2004,33.85,33.41,33.98,33.35,92.07M,0.98%,33.5435,35.20183333333333
08/23/2004,33.93,33.89,34.11,33.75,83.59M,0.24%,33.545,35.167
08/24/2004,33.92,34.09,34.15,33.65,86.91M,-0.03%,33.5225,35.128166666666665
08/25/2004,34.39,33.9,34.44,33.74,88.45M,1.39%,33.531,35.095000000000006
08/26/2004,34.24,34.3,34.39,34.15,57.81M,-0.44%,33.512,35.06016666666667
08/27/2004,34.4,34.3,34.52,34.28,58.62M,0.47%,33.4955,35.029333333333334
08/30/2004,33.82,34.25,34.27,33.79,62.46M,-1.69%,33.4465,34.99616666666667
08/31/2004,33.86,33.86,33.96,33.49,81.40M,0.12%,33.436,34.96016666666666
09/01/2004,34.11,33.77,34.31,33.64,96.70M,0.74%,33.4375,34.914
09/02/2004,34.62,34.02,34.72,34.0,83.31M,1.50%,33.4965,34.875499999999995
09/03/2004,33.98,34.28,34.51,33.89,90.28M,-1.85%,33.567,34.835
09/07/2004,34.27,34.24,34.45,33.96,96.62M,0.85%,33.647999999999996,34.794999999999995
09/08/2004,34.14,34.15,34.52,34.02,101.72M,-0.38%,33.702,34.76149999999999
09/09/2004,34.43,34.29,34.59,33.97,104.59M,0.85%,33.785000000000004,34.725
09/10/2004,34.96,34.46,35.03,34.31,108.66M,1.54%,33.917,34.69833333333334
09/13/2004,35.41,35.09,35.55,34.98,109.46M,1.29%,34.069,34.68483333333334
09/14/2004,35.46,35.28,35.56,35.2,76.94M,0.14%,34.205499999999994,34.67133333333333
09/15/2004,35.09,35.26,35.28,34.94,90.53M,-1.04%,34.304500000000004,34.6565
09/16/2004,35.16,35.1,35.4,34.97,67.18M,0.20%,34.378,34.634
09/17/2004,35.26,35.07,35.35,35.0,84.07M,0.28%,34.465,34.60583333333333
09/20/2004,35.27,35.13,35.6,35.02,111.36M,0.03%,34.536,34.579
09/21/2004,35.4,35.38,35.68,35.26,93.77M,0.37%,34.609500000000004,34.54966666666667
09/22/2004,34.79,35.27,35.29,34.71,101.57M,-1.72%,34.653,34.51533333333334
09/23/2004,34.76,34.82,34.99,34.71,92.63M,-0.09%,34.671499999999995,34.474666666666664
09/24/2004,34.64,34.83,35.03,34.59,103.29M,-0.35%,34.6915,34.426
09/27/2004,34.34,34.46,34.58,34.22,86.11M,-0.87%,34.6885,34.38383333333333
09/28/2004,34.41,34.39,34.53,34.07,87.29M,0.20%,34.717999999999996,34.3465
09/29/2004,34.92,34.4,34.96,34.37,95.90M,1.48%,34.771,34.33083333333333
09/30/2004,34.98,34.89,35.11,34.73,74.68M,0.17%,34.8145,34.315000000000005
10/01/2004,35.93,35.28,35.98,35.2,118.33M,2.72%,34.88,34.321666666666665
10/04/2004,36.14,36.19,36.45,36.08,108.53M,0.58%,34.988,34.331
10/05/2004,36.19,36.06,36.32,35.99,89.83M,0.14%,35.084,34.343666666666664
10/06/2004,36.48,36.14,36.78,35.94,88.02M,0.80%,35.201,34.362
10/07/2004,36.07,36.37,36.5,36.0,82.47M,-1.12%,35.283,34.379333333333335
10/08/2004,35.41,35.91,36.07,35.33,115.13M,-1.83%,35.305499999999995,34.38766666666666
10/11/2004,35.58,35.52,35.69,35.43,51.31M,0.48%,35.314,34.405499999999996
10/12/2004,35.52,35.26,35.67,35.04,98.33M,-0.17%,35.31699999999999,34.4235
10/13/2004,35.44,35.89,35.97,35.26,132.84M,-0.23%,35.334500000000006,34.426500000000004
10/14/2004,35.28,35.52,35.61,35.17,99.45M,-0.45%,35.3405,34.44383333333334
10/15/2004,35.46,35.32,35.69,35.12,129.20M,0.51%,35.3505,34.45633333333333
10/18/2004,35.97,35.34,36.08,35.24,109.35M,1.44%,35.38549999999999,34.48833333333333
10/19/2004,35.71,36.21,36.4,35.62,130.15M,-0.72%,35.400999999999996,34.5185
10/20/2004,35.88,35.66,36.06,35.48,106.87M,0.48%,35.4555,34.54366666666667
10/21/2004,36.43,36.07,36.62,35.93,124.50M,1.53%,35.539,34.5805
10/22/2004,35.63,36.44,36.48,35.57,114.39M,-2.20%,35.5885,34.59733333333334
10/25/2004,35.46,35.56,35.64,35.32,103.01M,-0.48%,35.6445,34.609500000000004
10/26/2004,35.65,35.48,35.67,35.25,98.25M,0.54%,35.7065,34.623666666666665
10/27/2004,36.56,35.67,36.73,35.54,152.66M,2.55%,35.7885,34.665166666666664
10/28/2004,36.79,36.51,36.95,36.4,111.17M,0.63%,35.879,34.71033333333333
10/29/2004,36.73,36.74,37.07,36.5,100.83M,-0.16%,35.919,34.765166666666666
11/01/2004,36.87,36.81,37.01,36.63,72.56M,0.38%,35.9555,34.83683333333333
11/02/2004,36.99,36.92,37.38,36.84,109.23M,0.33%,35.9955,34.90916666666667
11/03/2004,37.24,37.59,37.72,36.98,141.21M,0.68%,36.033500000000004,34.978833333333334
11/04/2004,37.44,37.09,37.6,36.94,112.66M,0.54%,36.102,35.056666666666665
11/05/2004,37.78,37.84,37.98,37.43,117.09M,0.91%,36.2205,35.147666666666666
11/08/2004,37.82,37.77,37.92,37.67,66.53M,0.11%,36.332499999999996,35.2385
11/09/2004,37.74,37.75,37.97,37.63,85.27M,-0.21%,36.4435,35.322
11/10/2004,37.61,37.75,37.88,37.46,95.19M,-0.34%,36.552,35.397000000000006
11/11/2004,38.11,37.73,38.2,37.68,99.86M,1.33%,36.6935,35.470666666666666
11/12/2004,38.48,38.16,38.58,37.99,102.71M,0.97%,36.8445,35.55333333333333
11/15/2004,38.65,38.46,38.68,38.32,82.78M,0.44%,36.978500000000004,35.63333333333333
11/16/2004,38.41,38.48,38.5,38.14,97.48M,-0.62%,37.1135,35.708
11/17/2004,38.93,38.65,39.14,38.65,125.45M,1.35%,37.266000000000005,35.791500000000006
11/18/2004,39.11,38.8,39.18,38.71,95.01M,0.46%,37.4,35.87016666666666
11/19/2004,38.5,39.06,39.11,38.41,118.57M,-1.56%,37.543499999999995,35.94116666666666
11/22/2004,38.87,38.43,38.89,38.3,79.99M,0.96%,37.714,36.01566666666667
11/23/2004,38.81,38.83,38.97,38.43,91.94M,-0.15%,37.872,36.09883333333333
11/24/2004,39.15,38.91,39.21,38.89,74.10M,0.88%,38.0015,36.187000000000005
11/26/2004,39.03,39.19,39.3,38.99,31.30M,-0.31%,38.1135,36.269
11/29/2004,39.02,39.28,39.46,38.79,94.79M,-0.03%,38.227999999999994,36.342333333333336
11/30/2004,38.94,39.12,39.21,38.88,87.72M,-0.21%,38.3315,36.425
12/01/2004,39.73,39.04,39.77,39.09,102.44M,2.03%,38.4685,36.516
12/02/2004,39.88,39.63,40.2,39.57,122.31M,0.38%,38.6005,36.61166666666667
12/03/2004,39.94,40.16,40.4,39.89,114.28M,0.15%,38.7255,36.7035
12/06/2004,40.08,39.93,40.24,39.72,70.51M,0.35%,38.8405,36.78883333333333
12/07/2004,39.4,40.13,40.31,39.35,121.67M,-1.70%,38.9195,36.855333333333334
12/08/2004,39.62,39.48,39.79,38.63,96.44M,0.56%,39.0135,36.92466666666667
12/09/2004,39.86,39.32,40.0,39.06,134.42M,0.61%,39.126,37.00416666666667
12/10/2004,39.74,39.55,39.88,39.55,86.25M,-0.30%,39.207499999999996,37.0805
12/13/2004,40.09,40.04,40.15,39.79,74.34M,0.88%,39.288,37.160999999999994
12/14/2004,40.29,40.07,40.4,40.06,92.02M,0.50%,39.37,37.24466666666667
12/15/2004,40.14,40.3,40.49,39.97,95.23M,-0.37%,39.4565,37.32366666666667
12/16/2004,39.76,40.15,40.26,39.63,86.27M,-0.95%,39.498,37.40650000000001
12/17/2004,39.29,39.47,39.62,37.04,102.21M,-1.18%,39.507000000000005,37.482
12/20/2004,39.02,39.4,39.59,38.91,103.37M,-0.69%,39.533,37.555
12/21/2004,39.5,39.21,39.53,39.1,83.24M,1.23%,39.5645,37.641
12/22/2004,39.54,39.35,39.74,39.3,75.51M,0.10%,39.601,37.7265
12/23/2004,39.57,39.43,39.72,39.36,45.82M,0.08%,39.622,37.804
12/27/2004,39.41,39.78,39.83,39.22,67.28M,-0.40%,39.641000000000005,37.877833333333335
12/28/2004,39.78,39.49,39.81,39.43,62.62M,0.94%,39.678999999999995,37.942
12/29/2004,39.83,39.73,39.97,39.71,50.11M,0.13%,39.7235,38.0035
12/30/2004,39.8,39.88,39.94,39.74,41.73M,-0.08%,39.727,38.06366666666666
12/31/2004,39.73,39.84,39.93,39.71,44.15M,-0.18%,39.7195,38.11783333333334
01/03/2005,39.32,39.88,40.1,39.19,101.05M,-1.03%,39.6885,38.172000000000004
01/04/2005,38.6,39.51,39.55,38.37,136.76M,-1.83%,39.6145,38.225166666666674
01/05/2005,38.36,38.5,38.78,38.29,128.42M,-0.62%,39.5625,38.271499999999996
01/06/2005,38.17,38.44,38.53,38.16,103.98M,-0.50%,39.489999999999995,38.31566666666666
01/07/2005,38.37,38.38,38.69,38.03,123.16M,0.52%,39.415499999999994,38.3645
01/10/2005,38.35,38.27,38.69,38.21,88.82M,-0.05%,39.346,38.41566666666667
01/11/2005,38.08,38.19,38.32,37.89,107.28M,-0.70%,39.2455,38.45933333333333
01/12/2005,38.4,38.26,38.42,37.83,127.89M,0.84%,39.150999999999996,38.499833333333335
01/13/2005,37.89,38.42,38.67,37.83,102.12M,-1.33%,39.0385,38.53616666666667
01/14/2005,38.25,38.02,38.34,38.01,93.53M,0.95%,38.963,38.57566666666666
01/18/2005,38.54,38.1,38.61,38.04,92.04M,0.76%,38.9255,38.610833333333325
01/19/2005,37.9,38.55,38.57,37.88,105.30M,-1.66%,38.8695,38.64866666666667
01/20/2005,37.18,37.47,37.63,37.15,121.11M,-1.90%,38.753499999999995,38.67733333333333
01/21/2005,36.88,37.32,37.38,36.82,115.50M,-0.81%,38.6205,38.69783333333333
01/24/2005,36.36,36.97,37.03,36.29,137.59M,-1.41%,38.459999999999994,38.6945
01/25/2005,36.54,36.6,36.92,36.49,120.05M,0.50%,38.3165,38.690333333333335
01/26/2005,36.98,36.79,37.12,36.65,107.71M,1.20%,38.1765,38.6945
01/27/2005,36.93,36.9,37.1,36.7,109.79M,-0.14%,38.0315,38.6955
01/28/2005,36.75,37.05,37.1,36.45,111.79M,-0.49%,37.879000000000005,38.6915
01/31/2005,37.23,37.19,37.36,37.09,89.38M,1.31%,37.754,38.69133333333333
02/01/2005,37.35,37.32,37.47,37.2,76.82M,0.32%,37.6555,38.68983333333333
02/02/2005,37.4,37.46,37.55,37.14,101.91M,0.13%,37.5955,38.683499999999995
02/03/2005,36.98,37.21,37.24,36.83,90.93M,-1.12%,37.5265,38.6695
02/04/2005,37.57,36.98,37.64,36.98,99.37M,1.60%,37.4965,38.666666666666664
02/07/2005,37.5,37.62,37.73,37.35,71.63M,-0.19%,37.453,38.664833333333334
02/08/2005,37.56,37.48,37.83,37.44,73.23M,0.16%,37.4135,38.65566666666667
02/09/2005,36.94,37.59,37.62,36.89,93.43M,-1.65%,37.3565,38.63
02/10/2005,36.98,37.09,37.15,36.71,110.43M,0.11%,37.2855,38.60216666666667
02/11/2005,37.52,36.89,37.67,36.76,108.77M,1.46%,37.267,38.58733333333334
02/14/2005,37.69,37.52,37.76,37.51,55.06M,0.45%,37.239,38.56666666666667
02/15/2005,37.94,37.72,38.3,37.64,133.21M,0.66%,37.209,38.547166666666676
02/16/2005,37.8,37.85,37.98,37.65,80.62M,-0.37%,37.20399999999999,38.5355
02/17/2005,37.3,37.87,37.96,37.26,116.32M,-1.32%,37.21,38.50933333333333
02/18/2005,37.18,37.32,37.4,37.09,69.39M,-0.32%,37.225,38.482166666666664
02/22/2005,36.72,36.86,37.37,36.62,122.63M,-1.24%,37.243,38.44166666666667
02/23/2005,36.77,36.87,36.9,36.53,95.42M,0.14%,37.2545,38.404
02/24/2005,37.24,36.68,37.27,36.59,99.84M,1.28%,37.2675,38.37433333333333
02/25/2005,37.44,37.21,37.52,37.12,80.14M,0.54%,37.29299999999999,38.349333333333334
02/28/2005,37.05,37.29,37.42,36.75,96.02M,-1.04%,37.308,38.30466666666667
03/01/2005,37.45,37.2,37.52,37.16,79.29M,1.08%,37.319,38.26416666666667
03/02/2005,37.43,37.25,37.84,37.18,107.99M,-0.05%,37.323,38.22233333333333
03/03/2005,37.13,37.53,37.55,36.85,90.10M,-0.80%,37.3095,38.17316666666667
03/04/2005,37.35,37.41,37.57,37.23,86.65M,0.59%,37.328,38.138999999999996
03/07/2005,37.88,37.42,38.11,37.39,94.89M,1.42%,37.3435,38.11
03/08/2005,37.5,37.79,38.03,37.47,89.62M,-1.00%,37.3435,38.07066666666666
03/09/2005,37.4,37.49,37.75,37.3,98.09M,-0.27%,37.3355,38.031666666666666
03/10/2005,37.35,37.43,37.49,36.91,98.05M,-0.13%,37.356,37.986
03/11/2005,37.0,37.51,37.65,36.85,102.87M,-0.94%,37.357,37.93116666666666
03/14/2005,37.17,37.07,37.19,36.86,71.60M,0.46%,37.3395,37.88166666666667
03/15/2005,36.87,37.27,37.31,36.82,93.92M,-0.81%,37.298500000000004,37.833499999999994
03/16/2005,36.44,36.74,37.01,36.36,159.76M,-1.17%,37.2235,37.785999999999994
03/17/2005,36.54,36.44,36.72,36.37,101.80M,0.27%,37.1605,37.74466666666667
03/18/2005,36.34,36.58,36.61,36.18,109.19M,-0.55%,37.1125,37.692
03/21/2005,36.41,36.42,36.58,36.08,92.84M,0.19%,37.074,37.63983333333333
03/22/2005,35.96,36.46,36.58,35.94,114.13M,-1.24%,37.036,37.57966666666666
03/23/2005,36.09,35.92,36.32,35.9,97.52M,0.36%,37.001999999999995,37.52433333333333
03/24/2005,36.1,36.22,36.48,36.1,77.71M,0.03%,36.945,37.463
03/28/2005,36.17,36.24,36.44,36.14,59.77M,0.19%,36.8815,37.402
03/29/2005,35.88,36.09,36.41,35.77,119.63M,-0.80%,36.823,37.33666666666667
03/30/2005,36.56,36.06,36.61,36.05,115.02M,1.90%,36.7785,37.283833333333334
03/31/2005,36.4,36.56,36.58,36.27,86.65M,-0.44%,36.727,37.235166666666665
04/01/2005,36.03,36.65,36.71,35.96,143.85M,-1.02%,36.672000000000004,37.19233333333333
04/04/2005,36.29,36.08,36.43,35.86,100.15M,0.72%,36.619,37.15783333333333
04/05/2005,36.39,36.33,36.5,36.25,66.46M,0.28%,36.5445,37.128166666666665
04/06/2005,36.33,36.49,36.73,36.25,82.22M,-0.16%,36.486000000000004,37.094166666666666
04/07/2005,36.77,36.36,36.78,36.34,88.71M,1.21%,36.4545,37.06783333333333
04/08/2005,36.47,36.83,36.9,36.43,92.41M,-0.82%,36.4105,37.041000000000004
04/11/2005,36.31,36.58,36.61,36.23,71.01M,-0.44%,36.376,37.006166666666665
04/12/2005,36.49,36.27,36.57,35.74,145.34M,0.50%,36.342,36.98283333333334
04/13/2005,35.89,36.39,36.43,35.81,109.07M,-1.64%,36.293,36.9435
04/14/2005,35.38,35.9,35.93,35.33,158.93M,-1.42%,36.239999999999995,36.89083333333334
04/15/2005,34.58,35.08,35.21,34.52,170.27M,-2.26%,36.142,36.8355
04/18/2005,34.59,34.57,34.94,34.48,110.71M,0.03%,36.0545,36.79233333333333
04/19/2005,34.83,34.84,34.94,34.59,97.51M,0.69%,35.9755,36.75816666666667
04/20/2005,34.54,35.05,35.13,34.43,140.46M,-0.83%,35.9045,36.727833333333336
04/21/2005,35.45,34.93,35.54,34.8,125.00M,2.63%,35.8725,36.709666666666664
04/22/2005,34.93,35.29,35.3,34.65,115.15M,-1.47%,35.814,36.67549999999999
04/25/2005,35.21,35.14,35.3,34.99,72.22M,0.80%,35.766,36.64683333333333
04/26/2005,34.89,35.13,35.53,34.88,108.10M,-0.91%,35.716499999999996,36.615833333333335
04/27/2005,34.94,34.71,35.09,34.57,112.64M,0.14%,35.6355,36.57766666666667
04/28/2005,34.59,34.76,34.99,34.56,98.66M,-1.00%,35.545,36.531666666666666
04/29/2005,34.82,34.84,34.9,34.19,144.51M,0.66%,35.484500000000004,36.48866666666667
05/02/2005,34.96,34.94,35.1,34.72,68.21M,0.40%,35.418,36.455000000000005
05/03/2005,35.14,34.89,35.43,34.87,104.08M,0.51%,35.3555,36.4145
05/04/2005,35.56,35.13,35.67,35.08,90.93M,1.20%,35.31699999999999,36.38216666666666
05/05/2005,35.59,35.58,35.76,35.36,79.63M,0.08%,35.257999999999996,36.349333333333334
05/06/2005,35.69,35.8,35.85,35.56,77.40M,0.28%,35.21900000000001,36.3285
05/09/2005,35.86,35.7,35.89,35.49,66.37M,0.48%,35.1965,36.30983333333334
05/10/2005,35.6,35.69,35.79,35.45,77.48M,-0.73%,35.152,36.277833333333334
05/11/2005,35.78,35.66,35.86,35.14,132.09M,0.51%,35.1465,36.245999999999995
05/12/2005,35.68,35.83,36.03,35.49,116.67M,-0.28%,35.161500000000004,36.208333333333336
05/13/2005,36.07,35.83,36.3,35.72,133.31M,1.09%,35.236000000000004,36.1795
05/16/2005,36.31,36.07,36.37,35.96,79.14M,0.67%,35.322,36.163
05/17/2005,36.53,36.18,36.57,36.04,91.71M,0.61%,35.407,36.152166666666666
05/18/2005,37.03,36.63,37.19,36.54,128.15M,1.37%,35.53150000000001,36.157333333333334
05/19/2005,37.34,37.12,37.35,37.03,94.00M,0.84%,35.626,36.16683333333333
05/20/2005,37.48,37.28,37.51,37.18,66.71M,0.37%,35.753499999999995,36.170833333333334
05/23/2005,37.67,37.48,37.81,37.42,93.08M,0.51%,35.87650000000001,36.17466666666667
05/24/2005,37.79,37.58,37.82,37.52,100.99M,0.32%,36.0215,36.187
05/25/2005,37.63,37.66,37.7,37.41,76.49M,-0.42%,36.156,36.190000000000005
05/26/2005,38.01,37.8,38.09,37.8,84.09M,1.01%,36.327,36.199666666666666
05/27/2005,38.03,37.96,38.07,37.84,50.13M,0.05%,36.4875,36.214666666666666
05/31/2005,37.9,38.01,38.06,37.74,75.29M,-0.34%,36.634499999999996,36.22383333333334
06/01/2005,38.23,37.85,38.5,37.84,110.99M,0.87%,36.789,36.22966666666667
06/02/2005,38.48,38.15,38.48,38.12,76.15M,0.65%,36.935,36.246
06/03/2005,37.92,38.45,38.46,37.84,97.07M,-1.46%,37.0515,36.254666666666665
06/06/2005,37.93,37.94,38.01,37.78,53.08M,0.03%,37.1635,36.26433333333333
06/07/2005,37.61,37.97,38.29,37.56,109.62M,-0.84%,37.251,36.2745
06/08/2005,37.53,37.72,37.77,37.39,79.25M,-0.21%,37.347500000000004,36.280499999999996
06/09/2005,37.77,37.49,37.88,37.33,99.44M,0.64%,37.446999999999996,36.2955
06/10/2005,37.37,37.72,37.72,37.21,86.01M,-1.06%,37.5315,36.311
06/13/2005,37.55,37.31,37.77,37.29,82.36M,0.48%,37.60549999999999,36.32783333333334
06/14/2005,37.4,37.51,37.66,37.33,62.76M,-0.40%,37.660000000000004,36.3455
06/15/2005,37.52,37.65,37.69,37.08,104.08M,0.32%,37.709500000000006,36.364000000000004
06/16/2005,37.72,37.56,37.82,37.48,90.51M,0.53%,37.744,36.39333333333333
06/17/2005,37.69,37.93,38.03,37.57,89.17M,-0.08%,37.7615,36.419999999999995
06/20/2005,37.69,37.54,37.9,37.4,68.17M,0.00%,37.772000000000006,36.4465
06/21/2005,37.67,37.66,37.83,37.52,97.92M,-0.05%,37.772,36.4715
06/22/2005,37.63,37.82,37.92,37.45,75.52M,-0.11%,37.763999999999996,36.50066666666667
06/23/2005,37.22,37.69,38.0,37.16,122.22M,-1.09%,37.7435,36.51166666666666
06/24/2005,36.8,37.21,37.24,36.79,142.33M,-1.13%,37.683,36.51833333333334
06/27/2005,36.63,36.78,36.89,36.53,72.89M,-0.46%,37.613,36.52833333333333
06/28/2005,36.98,36.78,37.09,36.73,73.38M,0.96%,37.567,36.539833333333334
06/29/2005,36.9,37.08,37.09,36.8,71.58M,-0.22%,37.5005,36.54833333333333
06/30/2005,36.61,36.97,37.04,36.58,87.96M,-0.79%,37.407,36.553
07/01/2005,36.55,36.69,36.83,36.51,55.29M,-0.16%,37.338499999999996,36.54933333333334
07/05/2005,36.94,36.46,37.02,36.43,79.29M,1.07%,37.289,36.55716666666667
07/06/2005,36.76,36.86,37.11,36.69,79.33M,-0.49%,37.2465,36.56466666666667
07/07/2005,36.89,36.41,36.92,36.38,120.22M,0.35%,37.2145,36.57133333333333
07/08/2005,37.59,36.91,37.63,36.82,101.47M,1.90%,37.2055,36.599666666666664
07/11/2005,37.94,37.69,37.98,37.62,96.46M,0.93%,37.233999999999995,36.64233333333333
07/12/2005,38.12,37.94,38.28,37.83,86.11M,0.47%,37.262499999999996,36.70133333333333
07/13/2005,38.21,38.14,38.25,37.99,72.55M,0.24%,37.303,36.76166666666666
07/14/2005,38.59,38.48,38.7,38.34,103.21M,0.99%,37.3565,36.824333333333335
07/15/2005,38.71,38.66,38.82,38.47,67.73M,0.31%,37.40599999999999,36.89383333333333
07/18/2005,38.55,38.59,38.71,38.51,59.12M,-0.41%,37.449,36.9455
07/19/2005,39.0,38.73,39.01,38.66,78.69M,1.17%,37.5145,37.013333333333335
07/20/2005,39.28,38.75,39.39,38.72,91.98M,0.72%,37.595,37.081166666666675
07/21/2005,39.29,39.38,39.51,39.03,127.79M,0.03%,37.678,37.1545
07/22/2005,39.24,39.29,39.41,39.04,71.72M,-0.13%,37.778999999999996,37.226166666666664
07/25/2005,39.09,39.28,39.44,39.02,52.06M,-0.38%,37.8935,37.30116666666667
07/26/2005,39.24,39.21,39.35,39.01,69.66M,0.38%,38.024,37.37483333333333
07/27/2005,39.53,39.25,39.57,39.04,83.63M,0.74%,38.1515,37.451
07/28/2005,39.72,39.55,39.74,39.46,67.12M,0.48%,38.292500000000004,37.52733333333333
07/29/2005,39.39,39.68,39.73,39.34,74.76M,-0.83%,38.4315,37.59116666666667
08/01/2005,39.47,39.46,39.64,39.34,59.88M,0.20%,38.5775,37.655833333333334
08/02/2005,39.89,39.52,39.95,39.47,79.72M,1.06%,38.725,37.72583333333333
08/03/2005,39.87,39.72,39.94,39.69,61.98M,-0.05%,38.8805,37.79266666666667
08/04/2005,39.49,39.69,39.75,39.39,72.06M,-0.95%,39.0105,37.857499999999995
08/05/2005,39.3,39.43,39.6,39.24,71.26M,-0.48%,39.096,37.91616666666667
08/08/2005,39.01,39.34,39.43,38.96,64.63M,-0.74%,39.1495,37.971666666666664
08/09/2005,39.27,39.19,39.41,39.12,64.62M,0.67%,39.20700000000001,38.025
08/10/2005,38.93,39.37,39.5,38.79,104.47M,-0.87%,39.243,38.06866666666667
08/11/2005,39.25,38.95,39.36,38.92,93.64M,0.82%,39.275999999999996,38.114000000000004
08/12/2005,39.03,38.94,39.14,38.79,86.47M,-0.56%,39.291999999999994,38.14733333333333
08/15/2005,39.26,38.96,39.45,38.89,63.07M,0.59%,39.3275,38.17933333333334
08/16/2005,38.63,39.12,39.15,38.56,94.91M,-1.60%,39.309,38.198499999999996
08/17/2005,38.86,38.74,38.99,38.61,75.63M,0.60%,39.288,38.218333333333334
08/18/2005,38.66,38.69,38.92,38.59,72.73M,-0.51%,39.2565,38.23283333333334
08/19/2005,38.64,38.71,38.82,38.61,52.18M,-0.05%,39.2265,38.24966666666667
08/22/2005,38.66,38.7,39.0,38.42,93.27M,0.05%,39.205,38.2605
08/23/2005,38.55,38.66,38.74,38.43,57.53M,-0.28%,39.1705,38.26916666666667
08/24/2005,38.32,38.47,39.0,38.28,95.04M,-0.60%,39.11,38.27616666666666
08/25/2005,38.41,38.38,38.51,38.31,52.34M,0.23%,39.0445,38.27916666666667
08/26/2005,38.28,38.35,38.42,38.09,63.88M,-0.34%,38.989,38.27583333333333
08/29/2005,38.58,38.08,38.67,38.08,74.97M,0.78%,38.9445,38.286833333333334
08/30/2005,38.44,38.38,38.47,38.14,87.51M,-0.36%,38.872,38.29533333333333
08/31/2005,38.8,38.46,38.83,38.3,93.45M,0.94%,38.8185,38.31516666666666
09/01/2005,38.74,38.8,38.97,38.6,74.92M,-0.15%,38.781,38.33533333333333
09/02/2005,38.59,38.81,38.85,38.56,53.27M,-0.39%,38.74550000000001,38.349000000000004
09/06/2005,39.16,38.75,39.23,38.72,78.13M,1.48%,38.753,38.37883333333333
09/07/2005,39.23,39.12,39.3,39.03,57.47M,0.18%,38.751,38.40683333333333
09/08/2005,39.22,39.11,39.39,39.09,73.54M,-0.03%,38.765499999999996,38.43716666666667
09/09/2005,39.43,39.23,39.51,39.13,75.39M,0.54%,38.7745,38.469
09/12/2005,39.54,39.45,39.68,39.4,51.70M,0.28%,38.8,38.49933333333333
09/13/2005,39.45,39.49,39.72,39.36,66.19M,-0.23%,38.8095,38.52866666666667
09/14/2005,39.0,39.47,39.5,38.97,98.67M,-1.14%,38.828,38.55050000000001
09/15/2005,38.98,39.08,39.16,38.87,80.48M,-0.05%,38.834,38.57233333333333
09/16/2005,39.22,39.07,39.28,38.93,71.05M,0.62%,38.861999999999995,38.59883333333333
09/19/2005,38.91,39.14,39.2,38.73,73.40M,-0.79%,38.8755,38.626999999999995
09/20/2005,38.75,38.98,39.36,38.63,115.51M,-0.41%,38.879999999999995,38.659499999999994
09/21/2005,38.32,38.64,38.69,38.29,116.42M,-1.11%,38.8685,38.68766666666667
09/22/2005,38.46,38.26,38.55,38.06,119.17M,0.37%,38.8755,38.71233333333334
09/23/2005,38.57,38.33,38.7,38.23,70.17M,0.29%,38.8835,38.74016666666667
09/26/2005,38.58,38.79,38.85,38.37,69.35M,0.03%,38.8985,38.773
09/27/2005,38.49,38.62,38.72,38.33,64.09M,-0.23%,38.894,38.80533333333333
09/28/2005,38.5,38.59,38.77,38.38,72.06M,0.03%,38.897000000000006,38.83133333333333
09/29/2005,39.02,38.45,39.03,38.27,117.77M,1.35%,38.908,38.869
09/30/2005,39.28,38.98,39.3,38.95,79.26M,0.67%,38.934999999999995,38.908833333333334
10/03/2005,39.38,39.36,39.56,39.33,81.69M,0.25%,38.97449999999999,38.93866666666666
10/04/2005,39.12,39.42,39.69,39.11,85.38M,-0.66%,38.9725,38.958333333333336
10/05/2005,38.58,39.13,39.16,38.55,106.23M,-1.38%,38.94,38.966
10/06/2005,38.07,38.55,38.68,37.74,162.27M,-1.32%,38.88250000000001,38.96366666666666
10/07/2005,38.16,38.23,38.39,38.0,91.13M,0.24%,38.819,38.9565
10/10/2005,37.95,38.11,38.28,37.88,64.03M,-0.55%,38.7395,38.94383333333334
10/11/2005,37.76,38.03,38.06,37.62,114.77M,-0.50%,38.654999999999994,38.93066666666667
10/12/2005,37.31,37.58,37.88,37.26,146.12M,-1.19%,38.570499999999996,38.9025
10/13/2005,37.6,37.3,37.73,37.16,138.58M,0.78%,38.50150000000001,38.8745
10/14/2005,37.88,37.69,37.89,37.46,131.48M,0.74%,38.4345,38.851
10/17/2005,38.0,37.88,38.01,37.64,64.21M,0.32%,38.388999999999996,38.830333333333336
10/18/2005,37.73,37.96,38.0,37.73,88.10M,-0.71%,38.338,38.80766666666667
10/19/2005,38.49,37.56,38.49,37.43,132.94M,2.01%,38.346500000000006,38.79516666666667
10/20/2005,38.13,38.48,38.67,37.92,132.68M,-0.94%,38.33,38.77183333333333
10/21/2005,38.37,38.52,38.68,38.15,110.05M,0.63%,38.32000000000001,38.74933333333333
10/24/2005,38.98,38.53,39.0,38.29,111.79M,1.59%,38.339999999999996,38.74249999999999
10/25/2005,38.83,38.9,39.01,38.59,86.96M,-0.38%,38.357,38.731833333333334
10/26/2005,38.63,38.78,39.09,38.58,90.03M,-0.52%,38.3635,38.71083333333333
10/27/2005,37.85,38.6,38.62,37.85,135.44M,-2.02%,38.305,38.67716666666666
10/28/2005,38.14,37.99,38.21,37.74,95.37M,0.77%,38.248000000000005,38.65466666666667
10/31/2005,38.69,38.25,38.87,38.24,115.43M,1.44%,38.213499999999996,38.6445
11/01/2005,38.66,38.58,38.83,38.53,73.63M,-0.08%,38.1905,38.63866666666667
11/02/2005,39.16,38.54,39.28,38.53,101.56M,1.29%,38.2195,38.636833333333335
11/03/2005,39.75,39.55,39.9,39.5,137.05M,1.51%,38.3035,38.650499999999994
11/04/2005,39.89,39.81,40.04,39.65,100.94M,0.35%,38.39,38.66116666666666
11/07/2005,39.94,40.01,40.1,39.76,65.37M,0.13%,38.48950000000001,38.67633333333333
11/08/2005,39.95,39.88,40.16,39.8,78.86M,0.03%,38.599000000000004,38.68783333333333
11/09/2005,39.97,39.93,40.14,39.84,72.46M,0.05%,38.732,38.710166666666666
11/10/2005,40.41,39.99,40.5,39.73,120.76M,1.10%,38.872499999999995,38.736
11/11/2005,40.52,40.58,40.73,40.49,80.11M,0.27%,39.00449999999999,38.767
11/14/2005,40.52,40.58,40.67,40.41,53.65M,0.00%,39.1305,38.79833333333333
11/15/2005,40.33,40.54,40.71,40.19,79.54M,-0.47%,39.26049999999999,38.82616666666667
11/16/2005,40.58,40.46,40.59,40.27,65.91M,0.62%,39.364999999999995,38.86
11/17/2005,41.11,40.72,41.13,40.66,94.45M,1.31%,39.513999999999996,38.90650000000001
11/18/2005,41.26,41.32,41.46,40.83,108.82M,0.36%,39.6585,38.95399999999999
11/21/2005,41.36,41.2,41.39,41.05,69.73M,0.24%,39.7775,39.00533333333333
11/22/2005,41.51,41.27,41.67,41.17,88.82M,0.36%,39.911500000000004,39.05416666666667
11/23/2005,41.61,41.54,41.82,41.52,64.10M,0.24%,40.060500000000005,39.107
11/25/2005,41.69,41.65,41.74,41.54,22.93M,0.19%,40.2525,39.155166666666666
11/28/2005,41.35,41.77,41.8,41.31,74.72M,-0.82%,40.413,39.19866666666667
11/29/2005,41.15,41.57,41.66,41.15,77.44M,-0.48%,40.535999999999994,39.24133333333334
11/30/2005,41.05,41.1,41.3,41.0,88.04M,-0.24%,40.655499999999996,39.27283333333333
12/01/2005,41.81,41.32,41.85,41.31,91.91M,1.85%,40.788,39.31583333333334
12/02/2005,41.91,41.74,41.94,41.67,72.93M,0.24%,40.896,39.36066666666667
12/05/2005,41.61,41.85,41.86,41.44,61.59M,-0.72%,40.982,39.397000000000006
12/06/2005,41.74,41.83,42.11,41.7,81.51M,0.31%,41.071999999999996,39.43366666666667
12/07/2005,41.67,41.81,41.83,41.44,83.89M,-0.17%,41.158,39.470666666666666
12/08/2005,41.37,41.76,41.8,41.08,112.04M,-0.72%,41.227999999999994,39.51016666666666
12/09/2005,41.52,41.38,41.58,41.19,56.53M,0.36%,41.283500000000004,39.5525
12/12/2005,41.67,41.67,41.74,41.49,44.87M,0.36%,41.341,39.593333333333334
12/13/2005,41.85,41.63,42.01,41.57,76.61M,0.43%,41.4075,39.64233333333333
12/14/2005,41.7,41.75,41.9,41.51,73.58M,-0.36%,41.476,39.691500000000005
12/15/2005,41.77,41.8,41.87,41.41,72.68M,0.17%,41.5355,39.749
12/16/2005,41.39,41.67,41.74,41.36,63.74M,-0.91%,41.5495,39.79783333333333
12/19/2005,40.73,41.49,41.52,40.71,75.42M,-1.59%,41.523,39.83383333333334
12/20/2005,40.76,40.76,40.96,40.56,70.26M,0.07%,41.493,39.87016666666667
12/21/2005,40.94,40.83,41.22,40.76,68.93M,0.44%,41.4645,39.910999999999994
12/22/2005,41.2,40.92,41.27,40.79,59.16M,0.64%,41.444,39.956
12/23/2005,41.21,41.32,41.4,41.11,38.00M,0.02%,41.42,39.9925
12/27/2005,40.85,41.33,41.49,40.78,55.67M,-0.87%,41.394999999999996,40.01866666666667
12/28/2005,40.8,40.87,41.04,40.68,50.32M,-0.12%,41.377500000000005,40.04233333333334
12/29/2005,40.53,40.84,40.93,40.46,47.31M,-0.66%,41.3515,40.06583333333333
12/30/2005,40.22,40.36,40.39,40.17,60.05M,-0.76%,41.272000000000006,40.09316666666667
01/03/2006,41.12,40.46,41.3,39.97,109.42M,2.24%,41.2325,40.144000000000005
01/04/2006,41.55,41.22,41.55,41.12,92.78M,1.05%,41.2295,40.2005
01/05/2006,41.72,41.56,41.8,41.51,77.69M,0.41%,41.228500000000004,40.263333333333335
01/06/2006,42.48,42.06,42.5,41.86,110.12M,1.82%,41.269,40.342
01/09/2006,42.65,42.46,42.72,42.32,80.78M,0.40%,41.333000000000006,40.431000000000004
01/10/2006,42.68,42.44,42.72,42.35,84.42M,0.07%,41.391,40.51566666666667
01/11/2006,43.01,42.81,43.11,42.67,100.78M,0.77%,41.458,40.601166666666664
01/12/2006,42.8,42.96,43.09,42.65,82.43M,-0.49%,41.5055,40.68116666666666
01/13/2006,42.78,42.74,42.85,42.53,64.59M,-0.05%,41.5595,40.76533333333334
01/17/2006,42.5,42.46,42.59,42.3,78.11M,-0.65%,41.596,40.83216666666667
01/18/2006,42.01,41.84,42.26,41.82,122.43M,-1.15%,41.626999999999995,40.89683333333333
01/19/2006,42.32,42.2,42.62,42.09,111.11M,0.74%,41.70649999999999,40.96266666666667
01/20/2006,41.06,42.24,42.29,40.96,188.67M,-2.98%,41.7215,40.99733333333334
01/23/2006,41.07,41.18,41.26,40.89,111.43M,0.02%,41.727999999999994,41.034666666666666
01/24/2006,41.25,41.17,41.51,41.12,77.97M,0.44%,41.73049999999999,41.07833333333333
01/25/2006,41.07,41.45,41.48,40.89,99.83M,-0.44%,41.7235,41.132
01/26/2006,41.36,41.31,41.5,41.04,112.78M,0.71%,41.749,41.18566666666666
01/27/2006,41.91,41.62,42.19,41.55,110.84M,1.33%,41.8045,41.23933333333333
01/30/2006,41.99,41.95,42.12,41.87,53.94M,0.19%,41.8775,41.29483333333334
01/31/2006,41.8,41.94,42.07,41.62,101.42M,-0.45%,41.95649999999999,41.33883333333333
02/01/2006,41.95,41.56,41.97,41.51,89.24M,0.36%,41.998000000000005,41.3755
02/02/2006,41.24,41.83,41.88,41.22,94.05M,-1.69%,41.9825,41.398
02/03/2006,40.73,40.92,41.04,40.59,121.10M,-1.24%,41.933,41.41116666666667
02/06/2006,40.62,40.71,40.82,40.4,58.17M,-0.27%,41.84,41.42233333333333
02/07/2006,40.44,40.55,40.74,40.25,87.38M,-0.44%,41.729499999999994,41.430166666666665
02/08/2006,40.91,40.73,40.96,40.5,89.93M,1.16%,41.641,41.438500000000005
02/09/2006,40.52,41.01,41.18,40.44,78.22M,-0.95%,41.5165,41.438500000000005
02/10/2006,40.77,40.49,40.87,40.07,102.58M,0.62%,41.415,41.44266666666667
02/13/2006,40.3,40.53,40.55,40.11,70.66M,-1.15%,41.291,41.442166666666665
02/14/2006,40.71,40.36,40.83,40.22,94.76M,1.02%,41.201499999999996,41.44433333333333
02/15/2006,40.97,40.6,41.07,40.54,92.27M,0.64%,41.1495,41.442
02/16/2006,41.35,41.11,41.36,40.96,103.88M,0.93%,41.101,41.4435
02/17/2006,41.02,41.26,41.27,41.01,81.77M,-0.80%,41.099000000000004,41.43783333333333
02/21/2006,40.56,41.02,41.08,40.42,85.11M,-1.12%,41.0735,41.422000000000004
02/22/2006,41.07,40.61,41.35,40.49,91.00M,1.26%,41.0645,41.413000000000004
02/23/2006,40.96,41.03,41.35,40.89,66.53M,-0.27%,41.059,41.40083333333333
02/24/2006,41.07,40.96,41.1,40.82,57.09M,0.27%,41.0445,41.396166666666666
02/27/2006,41.53,41.18,41.67,41.14,64.96M,1.12%,41.0255,41.4025
02/28/2006,40.91,41.4,41.53,40.78,117.64M,-1.49%,40.971500000000006,41.40016666666667
03/01/2006,41.47,41.02,41.58,40.96,80.98M,1.37%,40.955,41.394499999999994
03/02/2006,41.5,41.36,41.65,41.22,69.88M,0.07%,40.9325,41.38766666666666
03/03/2006,41.26,41.26,41.81,41.2,112.08M,-0.58%,40.933499999999995,41.38183333333333
03/06/2006,40.9,41.34,41.44,40.77,99.59M,-0.87%,40.94199999999999,41.36783333333334
03/07/2006,40.66,40.84,40.88,40.46,96.50M,-0.59%,40.944,41.351
03/08/2006,40.68,40.58,40.9,40.31,104.01M,0.05%,40.956,41.3395
03/09/2006,40.33,40.81,40.96,40.28,108.64M,-0.86%,40.92700000000001,41.31966666666667
03/10/2006,40.37,40.29,40.6,40.0,124.49M,0.10%,40.9195,41.298
03/13/2006,40.49,40.57,40.75,40.43,69.17M,0.30%,40.9055,41.275333333333336
03/14/2006,41.18,40.46,41.23,40.45,118.22M,1.70%,40.9495,41.266666666666666
03/15/2006,41.53,41.34,41.53,41.13,84.40M,0.85%,40.9905,41.26266666666666
03/16/2006,41.18,41.66,41.72,41.14,101.39M,-0.84%,41.001,41.25916666666667
03/17/2006,41.26,41.13,41.4,41.04,78.23M,0.19%,40.996500000000005,41.268
03/20/2006,41.36,41.4,41.49,41.21,60.24M,0.24%,41.0135,41.278
03/21/2006,40.92,41.32,41.81,40.89,136.57M,-1.06%,41.0315,41.27766666666667
03/22/2006,41.02,40.69,41.09,40.67,112.32M,0.24%,41.028999999999996,41.27466666666667
03/23/2006,40.9,40.9,41.03,40.63,75.22M,-0.29%,41.025999999999996,41.2695
03/24/2006,41.11,41.04,41.31,40.83,81.81M,0.51%,41.028,41.27383333333333
03/27/2006,41.12,41.09,41.32,41.05,54.41M,0.02%,41.0075,41.27916666666666
03/28/2006,40.95,41.18,41.48,40.8,100.53M,-0.41%,41.0095,41.28616666666667
03/29/2006,41.72,41.01,41.9,40.98,130.73M,1.88%,41.022000000000006,41.31116666666666
03/30/2006,41.85,41.79,42.1,41.6,115.94M,0.31%,41.0395,41.32333333333333
03/31/2006,41.73,41.94,41.99,41.65,71.09M,-0.29%,41.063,41.32633333333333
04/03/2006,41.78,41.95,42.17,41.7,80.73M,0.12%,41.107,41.32733333333333
04/04/2006,42.01,41.84,42.11,41.73,90.04M,0.55%,41.1745,41.3195
04/05/2006,42.41,42.1,42.47,42.01,91.66M,0.95%,41.261,41.3155
04/06/2006,42.53,42.39,42.74,42.24,91.71M,0.28%,41.370999999999995,41.312999999999995
04/07/2006,42.12,42.7,42.85,42.1,116.61M,-0.96%,41.4585,41.298166666666674
04/10/2006,42.06,42.2,42.3,41.89,58.99M,-0.14%,41.537,41.285833333333336
04/11/2006,41.72,42.2,42.23,41.52,91.49M,-0.81%,41.564,41.26816666666666
04/12/2006,41.73,41.75,41.88,41.61,58.88M,0.02%,41.574,41.255333333333326
04/13/2006,41.9,41.7,42.13,41.6,63.48M,0.41%,41.61,41.2535
04/17/2006,41.47,41.84,42.01,41.2,104.09M,-1.03%,41.6205,41.23933333333333
04/18/2006,42.26,41.59,42.36,41.58,124.33M,1.90%,41.665499999999994,41.25933333333333
04/19/2006,42.45,42.34,42.45,42.1,79.13M,0.45%,41.742000000000004,41.282333333333334
04/20/2006,42.3,42.42,42.62,42.18,81.41M,-0.35%,41.806,41.29983333333334
04/21/2006,41.8,42.46,42.66,41.63,130.19M,-1.18%,41.851,41.312000000000005
04/24/2006,41.76,41.76,41.87,41.53,78.56M,-0.10%,41.883500000000005,41.318666666666665
04/25/2006,41.67,41.88,41.9,41.46,77.66M,-0.22%,41.911,41.31466666666667
04/26/2006,41.67,41.67,41.86,41.51,82.57M,0.00%,41.946999999999996,41.309333333333335
04/27/2006,42.06,41.48,42.29,41.31,174.12M,0.94%,41.964,41.31366666666667
04/28/2006,41.66,41.8,42.02,41.59,88.88M,-0.95%,41.9545,41.30883333333333
05/01/2006,41.25,41.72,42.1,41.12,92.93M,-0.98%,41.9305,41.309
05/02/2006,41.36,41.42,41.54,41.21,85.17M,0.27%,41.909499999999994,41.3195
05/03/2006,41.3,41.39,41.45,41.09,74.98M,-0.15%,41.873999999999995,41.33083333333333
05/04/2006,41.64,41.34,41.79,41.34,88.71M,0.82%,41.835499999999996,41.350833333333334
05/05/2006,41.96,41.91,42.01,41.74,80.39M,0.77%,41.807,41.36833333333334
05/08/2006,42.0,41.88,42.08,41.87,45.09M,0.10%,41.801,41.393
05/09/2006,41.84,41.9,41.98,41.77,48.57M,-0.38%,41.79,41.41083333333333
05/10/2006,41.48,41.73,41.78,41.36,92.44M,-0.86%,41.778000000000006,41.4305
05/11/2006,40.55,41.44,41.46,40.44,141.03M,-2.24%,41.719,41.42783333333333
05/12/2006,40.0,40.38,40.57,39.77,153.95M,-1.36%,41.624,41.41166666666666
05/15/2006,39.97,39.84,40.15,39.6,127.90M,-0.07%,41.549,41.38866666666666
05/16/2006,39.67,39.97,40.07,39.58,132.41M,-0.75%,41.4195,41.366166666666665
05/17/2006,39.14,39.5,39.62,39.05,207.93M,-1.34%,41.254,41.342499999999994
05/18/2006,38.87,39.31,39.48,38.82,139.72M,-0.69%,41.082499999999996,41.30583333333333
05/19/2006,39.17,38.99,39.29,38.57,194.31M,0.77%,40.951,41.276
05/22/2006,38.79,38.84,39.06,38.44,169.61M,-0.97%,40.802499999999995,41.23800000000001
05/23/2006,38.41,39.08,39.2,38.39,142.65M,-0.98%,40.6395,41.186
05/24/2006,38.67,38.35,38.86,38.05,235.00M,0.68%,40.48950000000001,41.14866666666667
05/25/2006,39.18,38.9,39.2,38.64,123.53M,1.32%,40.3455,41.1105
05/26/2006,39.31,39.27,39.4,39.05,91.33M,0.33%,40.227999999999994,41.074
05/30/2006,38.46,39.13,39.15,38.43,105.61M,-2.16%,40.088499999999996,41.02733333333333
05/31/2006,38.64,38.54,38.88,38.36,137.10M,0.47%,39.9525,40.98966666666666
06/01/2006,39.55,38.73,39.55,38.66,119.44M,2.36%,39.865,40.97116666666667
06/02/2006,39.46,39.78,39.81,39.13,128.87M,-0.23%,39.756,40.950833333333335
06/05/2006,38.6,39.37,39.38,38.6,103.30M,-2.18%,39.588,40.922
06/06/2006,38.57,38.67,38.77,38.17,127.30M,-0.08%,39.4165,40.892
06/07/2006,38.28,38.62,38.99,38.27,130.87M,-0.75%,39.2385,40.85516666666667
06/08/2006,38.22,38.09,38.38,37.32,280.56M,-0.16%,39.0755,40.80583333333333
06/09/2006,37.97,38.36,38.56,37.93,144.15M,-0.65%,38.9465,40.7465
06/12/2006,37.23,38.02,38.08,37.22,145.63M,-1.95%,38.808,40.68066666666666
06/13/2006,37.08,37.35,37.62,36.99,207.14M,-0.40%,38.6635,40.611
06/14/2006,37.45,37.19,37.53,37.03,201.89M,1.00%,38.5525,40.545833333333334
06/15/2006,38.47,37.66,38.61,37.62,200.73M,2.72%,38.519,40.504999999999995
06/16/2006,38.16,38.37,38.5,38.02,120.02M,-0.81%,38.48350000000001,40.45733333333333
06/19/2006,37.85,38.32,38.36,37.73,129.46M,-0.81%,38.4175,40.4065
06/20/2006,37.9,37.91,38.3,37.76,102.89M,0.13%,38.373000000000005,40.353
06/21/2006,38.5,37.96,38.81,37.95,129.57M,1.58%,38.377500000000005,40.30933333333334
06/22/2006,38.01,38.42,38.5,37.81,143.83M,-1.27%,38.3445,40.26033333333333
06/23/2006,37.97,37.98,38.35,37.75,88.05M,-0.11%,38.284,40.19783333333333
06/26/2006,38.07,37.99,38.21,37.89,65.16M,0.26%,38.221999999999994,40.134833333333326
06/27/2006,37.36,38.1,38.15,37.32,128.23M,-1.86%,38.167,40.062000000000005
06/28/2006,37.63,37.45,37.66,37.21,91.58M,0.72%,38.1165,39.99283333333334
06/29/2006,38.78,37.78,38.78,37.72,182.43M,3.06%,38.077999999999996,39.93899999999999
06/30/2006,38.59,38.94,38.96,38.5,82.72M,-0.49%,38.0345,39.87533333333333
07/03/2006,38.82,38.7,38.82,38.63,21.60M,0.60%,38.0455,39.8135
07/05/2006,37.97,38.46,38.5,37.91,93.73M,-2.19%,38.015499999999996,39.74433333333333
07/06/2006,37.93,38.08,38.3,37.83,70.63M,-0.11%,37.998000000000005,39.67549999999999
07/07/2006,37.51,37.71,37.99,37.4,108.07M,-1.11%,37.9625,39.605333333333334
07/10/2006,37.19,37.61,37.75,37.0,105.13M,-0.85%,37.9235,39.52966666666667
07/11/2006,37.46,37.11,37.56,36.91,136.12M,0.73%,37.935,39.455666666666666
07/12/2006,36.76,37.39,37.46,36.67,154.46M,-1.87%,37.919,39.37716666666667
07/13/2006,36.14,36.49,36.87,36.14,177.75M,-1.69%,37.8535,39.275166666666664
07/14/2006,35.77,36.13,36.21,35.62,172.45M,-1.02%,37.7185,39.16383333333333
07/17/2006,35.86,35.78,36.08,35.7,134.36M,0.25%,37.6035,39.0565
07/18/2006,35.98,36.05,36.16,35.37,207.27M,0.33%,37.510000000000005,38.959500000000006
07/19/2006,36.45,35.93,36.66,35.92,193.01M,1.31%,37.4375,38.871
07/20/2006,35.91,36.57,36.63,35.87,152.35M,-1.48%,37.308,38.775
07/21/2006,35.53,35.71,35.79,35.45,119.38M,-1.06%,37.184,38.672666666666665
07/24/2006,36.24,35.68,36.26,35.63,130.30M,2.00%,37.097500000000004,38.57566666666666
07/25/2006,36.45,36.3,36.57,36.07,108.87M,0.58%,37.0165,38.48883333333333
07/26/2006,36.42,36.33,36.7,36.06,107.19M,-0.08%,36.9695,38.40833333333333
07/27/2006,36.18,36.56,36.87,36.08,99.71M,-0.66%,36.897,38.321999999999996
07/28/2006,36.94,36.39,36.97,36.33,93.57M,2.10%,36.805,38.24933333333333
07/31/2006,36.93,36.91,37.15,36.72,78.10M,-0.03%,36.721999999999994,38.170833333333334
08/01/2006,36.31,36.62,36.63,36.09,98.57M,-1.68%,36.596500000000006,38.07666666666667
08/02/2006,36.72,36.44,36.96,36.44,87.40M,1.13%,36.534000000000006,37.98866666666666
08/03/2006,36.95,36.37,37.17,36.31,99.30M,0.63%,36.485,37.90716666666667
08/04/2006,36.78,37.25,37.45,36.45,123.50M,-0.46%,36.4485,37.828833333333336
08/07/2006,36.54,36.75,36.77,36.36,69.67M,-0.65%,36.416000000000004,37.76199999999999
08/08/2006,36.31,36.64,36.73,36.09,124.51M,-0.63%,36.3585,37.7005
08/09/2006,36.36,36.84,37.14,36.26,145.39M,0.14%,36.338499999999996,37.64033333333334
08/10/2006,36.62,36.29,36.71,36.14,102.51M,0.72%,36.3625,37.5895
08/11/2006,36.36,36.48,36.52,36.2,86.93M,-0.71%,36.392,37.54316666666667
08/14/2006,36.6,36.69,37.1,36.53,109.35M,0.66%,36.429,37.505333333333326
08/15/2006,37.52,37.05,37.57,36.92,133.72M,2.51%,36.506,37.47783333333333
08/16/2006,38.4,37.81,38.43,37.66,135.47M,2.35%,36.6035,37.47133333333333
08/17/2006,38.55,38.29,38.8,38.26,129.70M,0.39%,36.7355,37.47366666666667
08/18/2006,38.61,38.47,38.65,38.1,97.77M,0.16%,36.8895,37.47266666666666
08/21/2006,38.24,38.29,38.38,38.08,66.67M,-0.96%,36.9895,37.457
08/22/2006,38.25,38.18,38.63,38.02,102.13M,0.03%,37.079499999999996,37.43933333333334
08/23/2006,37.96,38.29,38.49,37.74,96.07M,-0.76%,37.1565,37.431000000000004
08/24/2006,38.07,38.08,38.17,37.74,79.00M,0.29%,37.251000000000005,37.42150000000001
08/25/2006,38.14,37.99,38.46,37.88,73.59M,0.18%,37.311,37.398
08/28/2006,38.43,38.1,38.61,38.06,80.09M,0.76%,37.386,37.380833333333335
08/29/2006,38.55,38.4,38.58,38.0,104.87M,0.31%,37.498000000000005,37.38
08/30/2006,38.73,38.57,38.85,38.42,75.71M,0.47%,37.598499999999994,37.382666666666665
08/31/2006,38.69,38.76,38.85,38.58,61.22M,-0.10%,37.685500000000005,37.389500000000005
09/01/2006,38.9,38.89,39.03,38.72,69.39M,0.54%,37.7915,37.40083333333333
09/05/2006,39.28,38.93,39.3,38.67,85.59M,0.98%,37.9285,37.42266666666667
09/06/2006,38.49,38.9,39.01,38.43,97.90M,-2.01%,38.0375,37.443666666666665
09/07/2006,38.3,38.39,38.72,38.18,115.90M,-0.49%,38.1345,37.464000000000006
09/08/2006,38.54,38.36,38.64,38.28,96.63M,0.63%,38.2305,37.482166666666664
09/11/2006,38.78,38.23,38.97,38.14,142.38M,0.62%,38.3515,37.48733333333334
09/12/2006,39.5,38.77,39.61,38.77,124.11M,1.86%,38.4965,37.50966666666667
09/13/2006,39.77,39.54,39.8,39.45,116.10M,0.68%,38.608999999999995,37.541666666666664
09/14/2006,39.8,39.66,40.03,39.57,98.12M,0.08%,38.679,37.57333333333333
09/15/2006,39.92,40.15,40.27,39.81,137.85M,0.30%,38.747499999999995,37.596999999999994
09/18/2006,39.92,39.93,40.21,39.75,117.82M,0.00%,38.813,37.62883333333333
09/19/2006,39.66,40.05,40.06,39.34,159.08M,-0.65%,38.884,37.657000000000004
09/20/2006,40.24,40.01,40.35,40.0,116.65M,1.46%,38.98350000000001,37.69316666666667
09/21/2006,39.99,40.33,40.48,39.89,126.90M,-0.62%,39.085,37.736999999999995
09/22/2006,39.68,39.96,39.97,39.52,101.04M,-0.78%,39.165499999999994,37.771166666666666
09/25/2006,40.38,39.86,40.47,39.5,136.56M,1.76%,39.277499999999996,37.79783333333333
09/26/2006,40.58,40.33,40.61,40.21,113.55M,0.50%,39.385000000000005,37.831
09/27/2006,40.53,40.51,40.76,40.31,113.15M,-0.12%,39.483999999999995,37.859500000000004
09/28/2006,40.64,40.58,40.7,40.24,86.05M,0.27%,39.5795,37.903999999999996
09/29/2006,40.46,40.7,40.74,40.43,85.45M,-0.44%,39.668,37.94616666666666
10/02/2006,39.95,40.41,40.51,39.89,97.15M,-1.26%,39.7205,37.98683333333334
10/03/2006,40.12,39.86,40.29,39.69,116.29M,0.43%,39.7625,38.035666666666664
10/04/2006,41.11,40.03,41.12,39.95,149.50M,2.47%,39.8935,38.0965
10/05/2006,41.31,41.09,41.37,40.99,92.19M,0.49%,40.044,38.172333333333334
10/06/2006,41.22,41.19,41.37,41.05,85.45M,-0.22%,40.178,38.257
10/09/2006,41.36,41.18,41.55,41.13,62.82M,0.34%,40.307,38.350166666666674
10/10/2006,41.43,41.42,41.56,41.12,98.21M,0.17%,40.4035,38.443
10/11/2006,41.35,41.24,41.64,40.98,136.57M,-0.19%,40.4825,38.532500000000006
10/12/2006,42.03,41.57,42.05,41.51,95.34M,1.64%,40.594,38.625499999999995
10/13/2006,42.23,42.02,42.32,41.94,80.48M,0.48%,40.709500000000006,38.73083333333333
10/16/2006,42.25,42.23,42.42,42.2,62.05M,0.05%,40.826,38.84283333333334
10/17/2006,41.8,41.97,42.0,41.57,146.15M,-1.07%,40.933,38.935500000000005
10/18/2006,41.61,42.02,42.11,41.46,121.16M,-0.45%,41.0015,39.021499999999996
10/19/2006,41.7,41.5,41.91,41.4,108.24M,0.22%,41.087,39.109500000000004
10/20/2006,41.8,41.85,41.89,41.45,105.46M,0.24%,41.193,39.20316666666667
10/23/2006,42.23,41.72,42.38,41.63,127.00M,1.03%,41.2855,39.291333333333334
10/24/2006,41.93,42.09,42.25,41.72,103.68M,-0.71%,41.352999999999994,39.37466666666667
10/25/2006,42.23,41.94,42.32,41.85,125.41M,0.72%,41.438,39.473333333333336
10/26/2006,42.62,42.37,42.72,42.02,130.87M,0.92%,41.537,39.57166666666667
10/27/2006,42.01,42.53,42.62,41.88,129.38M,-1.43%,41.6145,39.65599999999999
10/30/2006,42.28,41.97,42.45,41.86,103.95M,0.64%,41.731,39.74766666666667
10/31/2006,42.38,42.36,42.56,42.11,135.83M,0.24%,41.844,39.845000000000006
11/01/2006,41.8,42.53,42.57,41.63,148.97M,-1.37%,41.8785,39.9365
11/02/2006,41.84,41.62,41.94,41.55,100.23M,0.10%,41.904999999999994,40.027833333333334
11/03/2006,41.73,41.9,41.99,41.42,119.31M,-0.26%,41.930499999999995,40.11300000000001
11/06/2006,42.34,41.86,42.51,41.86,101.36M,1.46%,41.9795,40.21266666666667
11/07/2006,42.63,42.33,42.89,42.27,139.89M,0.68%,42.0395,40.31316666666667
11/08/2006,42.83,42.38,43.0,42.27,180.47M,0.47%,42.1135,40.40166666666667
11/09/2006,42.6,43.07,43.15,42.47,124.30M,-0.54%,42.141999999999996,40.47166666666667
11/10/2006,42.83,42.64,42.84,42.47,82.44M,0.54%,42.172,40.543
11/13/2006,43.26,42.86,43.34,42.8,89.17M,1.00%,42.2225,40.6205
11/14/2006,43.73,43.3,43.77,43.04,121.99M,1.09%,42.319,40.711999999999996
11/15/2006,43.9,43.78,44.19,43.72,116.59M,0.39%,42.433499999999995,40.80616666666666
11/16/2006,44.09,44.04,44.21,43.81,113.56M,0.43%,42.553,40.90833333333333
11/17/2006,44.09,43.85,44.09,43.75,95.20M,0.00%,42.667500000000004,41.00866666666666
11/20/2006,44.18,43.95,44.27,43.81,107.25M,0.20%,42.765,41.10933333333333
11/21/2006,44.24,44.21,44.3,44.04,68.15M,0.14%,42.8805,41.20616666666667
11/22/2006,44.52,44.37,44.54,44.05,69.88M,0.63%,42.995,41.30566666666666
11/24/2006,44.44,44.19,44.65,44.17,51.80M,-0.18%,43.086,41.40083333333333
11/27/2006,43.46,44.31,44.4,43.44,159.54M,-2.21%,43.1585,41.48033333333333
11/28/2006,43.57,43.32,43.64,43.14,118.28M,0.25%,43.223,41.55816666666667
11/29/2006,43.86,43.8,43.97,43.46,139.57M,0.67%,43.297000000000004,41.6345
11/30/2006,43.83,43.84,44.07,43.59,125.02M,-0.07%,43.3985,41.72350000000001
12/01/2006,43.46,43.8,43.99,43.06,144.58M,-0.84%,43.4795,41.8095
12/04/2006,44.05,43.59,44.27,43.59,89.97M,1.36%,43.5955,41.90133333333333
12/05/2006,44.21,44.18,44.34,43.98,84.72M,0.36%,43.689,41.99183333333333
12/06/2006,44.05,44.08,44.19,43.86,78.25M,-0.36%,43.760000000000005,42.06766666666667
12/07/2006,43.5,44.13,44.27,43.5,124.97M,-1.25%,43.7935,42.12983333333333
12/08/2006,43.7,43.37,44.05,43.27,133.82M,0.46%,43.848499999999994,42.194833333333335
12/11/2006,43.85,43.63,44.16,43.55,72.99M,0.34%,43.8995,42.26033333333333
12/12/2006,43.6,43.82,43.92,43.36,111.27M,-0.57%,43.9165,42.32166666666667
12/13/2006,43.68,43.9,43.9,43.42,79.07M,0.18%,43.914,42.38866666666667
12/14/2006,44.16,43.77,44.36,43.74,109.14M,1.10%,43.92700000000001,42.45399999999999
12/15/2006,44.22,44.45,44.55,44.14,99.95M,0.14%,43.933499999999995,42.5245
12/18/2006,43.79,44.37,44.54,43.6,121.60M,-0.97%,43.9185,42.592999999999996
12/19/2006,43.65,43.45,43.85,43.18,136.55M,-0.32%,43.892,42.64750000000001
12/20/2006,43.49,43.69,43.9,43.47,67.36M,-0.37%,43.8545,42.696
12/21/2006,43.18,43.56,43.59,43.01,102.98M,-0.71%,43.7875,42.74016666666667
12/22/2006,42.73,43.19,43.21,42.73,92.88M,-1.04%,43.702,42.775
12/26/2006,42.91,42.73,42.92,42.68,50.87M,0.42%,43.6745,42.81583333333334
12/27/2006,43.13,42.99,43.2,42.9,54.16M,0.51%,43.652499999999996,42.86883333333333
12/28/2006,42.92,43.0,43.18,42.85,70.76M,-0.49%,43.6055,42.915499999999994
12/29/2006,42.96,43.01,43.41,42.92,75.17M,0.09%,43.562,42.94633333333333
01/03/2007,43.04,43.26,43.85,42.32,168.79M,0.19%,43.541000000000004,42.97516666666666
01/04/2007,43.85,43.1,44.0,42.95,137.38M,1.88%,43.53099999999999,43.019000000000005
01/05/2007,43.65,43.73,43.75,43.28,140.72M,-0.46%,43.503,43.05716666666667
01/08/2007,43.68,43.68,43.91,43.44,106.56M,0.07%,43.4845,43.09466666666667
01/09/2007,43.89,43.8,44.08,43.43,121.76M,0.48%,43.504,43.13699999999999
01/10/2007,44.41,43.76,44.45,43.62,121.17M,1.18%,43.5395,43.17666666666666
01/11/2007,44.87,44.5,45.03,44.44,174.10M,1.04%,43.5905,43.220666666666666
01/12/2007,45.1,44.81,45.14,44.76,104.24M,0.51%,43.665499999999994,43.268166666666666
01/16/2007,45.07,45.11,45.19,44.92,95.95M,-0.07%,43.735,43.32266666666666
01/17/2007,44.7,44.88,45.08,44.62,127.62M,-0.82%,43.76199999999999,43.374166666666675
01/18/2007,43.87,44.58,44.63,43.75,189.19M,-1.86%,43.7445,43.410333333333334
01/19/2007,43.96,43.78,44.07,43.71,127.58M,0.21%,43.753,43.446333333333335
01/22/2007,43.49,44.0,44.02,43.31,123.48M,-1.07%,43.745,43.467333333333336
01/23/2007,43.38,43.44,43.78,43.3,133.26M,-0.25%,43.7395,43.491499999999995
01/24/2007,44.09,43.67,44.11,43.57,117.69M,1.64%,43.785000000000004,43.5225
01/25/2007,43.53,44.16,44.26,43.38,158.46M,-1.27%,43.825,43.53766666666666
01/26/2007,43.37,43.61,43.63,43.09,146.29M,-0.37%,43.848,43.56033333333334
01/29/2007,43.41,43.25,43.71,43.2,104.21M,0.09%,43.862,43.579166666666666
01/30/2007,43.43,43.48,43.59,43.32,69.98M,0.05%,43.8875,43.596666666666664
01/31/2007,43.86,43.4,43.98,43.13,157.95M,0.99%,43.932500000000005,43.631
02/01/2007,43.81,44.06,44.19,43.65,147.41M,-0.11%,43.971,43.66383333333333
02/02/2007,43.95,43.9,44.04,43.74,98.20M,0.32%,43.976,43.700833333333335
02/05/2007,43.91,43.93,44.15,43.76,96.39M,-0.09%,43.989,43.727
02/06/2007,43.84,43.99,44.02,43.44,121.18M,-0.16%,43.997,43.74716666666667
02/07/2007,44.25,44.08,44.44,43.91,118.01M,0.94%,44.015,43.770833333333336
02/08/2007,44.24,44.18,44.39,44.02,89.56M,-0.02%,44.0065,43.79816666666667
02/09/2007,43.64,44.36,44.51,43.53,133.50M,-1.36%,43.94500000000001,43.81166666666666
02/12/2007,43.5,43.68,43.69,43.39,126.97M,-0.32%,43.865,43.815666666666665
02/13/2007,43.66,43.59,43.8,43.5,95.56M,0.37%,43.7945,43.8145
02/14/2007,44.39,43.84,44.5,43.83,133.56M,1.67%,43.779,43.82266666666667
02/15/2007,44.65,44.42,44.65,44.34,110.50M,0.59%,43.818,43.832
02/16/2007,44.5,44.47,44.62,44.36,72.36M,-0.34%,43.845,43.83883333333333
02/20/2007,44.84,44.44,44.91,44.22,93.68M,0.76%,43.9125,43.84983333333333
02/21/2007,44.98,44.71,45.0,44.62,95.94M,0.31%,43.9925,43.86216666666667
02/22/2007,45.21,45.15,45.34,44.86,116.39M,0.51%,44.048500000000004,43.873666666666665
02/23/2007,45.05,45.21,45.25,44.85,113.51M,-0.35%,44.1245,43.883833333333335
02/26/2007,44.83,45.27,45.29,44.55,102.25M,-0.49%,44.197500000000005,43.906666666666666
02/27/2007,42.99,44.15,44.27,42.86,317.95M,-4.10%,44.1765,43.897
02/28/2007,43.13,42.96,43.56,42.73,217.51M,0.33%,44.161500000000004,43.884833333333326
03/01/2007,42.93,42.35,43.34,42.04,231.92M,-0.46%,44.114999999999995,43.86983333333333
03/02/2007,42.28,42.58,42.94,42.27,183.42M,-1.51%,44.0385,43.85016666666666
03/05/2007,41.95,41.96,42.6,41.86,174.69M,-0.78%,43.9385,43.81516666666667
03/06/2007,42.65,42.36,42.79,42.3,155.74M,1.67%,43.8755,43.78916666666667
03/07/2007,42.48,42.66,42.78,42.45,116.63M,-0.40%,43.8075,43.763
03/08/2007,42.77,42.93,43.04,42.64,121.05M,0.68%,43.7335,43.750833333333325
03/09/2007,42.78,43.13,43.14,42.45,128.63M,0.02%,43.6605,43.7355
03/12/2007,43.01,42.68,43.08,42.63,81.37M,0.54%,43.629,43.7215
03/13/2007,42.17,42.8,43.04,42.16,171.23M,-1.95%,43.5625,43.69766666666666
03/14/2007,42.79,42.23,42.8,41.9,192.59M,1.47%,43.519,43.68283333333333
03/15/2007,42.69,42.7,42.86,42.52,111.63M,-0.23%,43.434000000000005,43.65833333333333
03/16/2007,42.63,42.74,42.84,42.41,108.37M,-0.14%,43.333000000000006,43.63183333333333
03/19/2007,43.07,42.86,43.19,42.75,95.96M,1.03%,43.2615,43.61983333333333
03/20/2007,43.38,43.06,43.39,43.01,81.05M,0.72%,43.1885,43.615333333333325
03/21/2007,44.21,43.43,44.23,43.15,173.97M,1.91%,43.15,43.62733333333333
03/22/2007,44.05,44.23,44.24,43.88,114.91M,-0.36%,43.092,43.64183333333334
03/23/2007,43.91,44.05,44.16,43.86,68.62M,-0.32%,43.035000000000004,43.661500000000004
03/26/2007,44.09,43.93,44.11,43.43,114.26M,0.41%,42.998,43.68116666666666
03/27/2007,43.79,44.02,44.03,43.75,76.68M,-0.68%,43.038000000000004,43.69216666666667
03/28/2007,43.32,43.58,43.82,43.31,144.92M,-1.07%,43.0475,43.69883333333334
03/29/2007,43.37,43.64,43.65,42.9,124.45M,0.12%,43.0695,43.705666666666666
03/30/2007,43.33,43.36,43.67,43.02,120.43M,-0.09%,43.122,43.7105
04/02/2007,43.39,43.47,43.56,43.1,89.63M,0.14%,43.194,43.702833333333324
04/03/2007,43.95,43.62,44.1,43.59,105.89M,1.29%,43.259,43.70783333333334
04/04/2007,44.13,43.99,44.17,43.92,85.20M,0.41%,43.3415,43.715333333333334
04/05/2007,44.35,44.08,44.37,44.02,54.26M,0.50%,43.4205,43.723
04/09/2007,44.24,44.5,44.54,44.17,63.06M,-0.25%,43.4935,43.720166666666664
04/10/2007,44.47,44.23,44.47,44.2,76.44M,0.52%,43.566500000000005,43.7135
04/11/2007,44.0,44.43,44.45,43.86,116.95M,-1.06%,43.658,43.695166666666665
04/12/2007,44.35,43.93,44.41,43.75,114.84M,0.80%,43.736000000000004,43.68316666666667
04/13/2007,44.44,44.36,44.51,44.08,94.58M,0.20%,43.823499999999996,43.67883333333334
04/16/2007,44.85,44.62,44.94,44.62,73.03M,0.92%,43.9345,43.695166666666665
04/17/2007,44.95,44.93,44.99,44.75,81.88M,0.22%,44.0285,43.711666666666666
04/18/2007,44.8,44.72,45.02,44.62,82.05M,-0.33%,44.0995,43.73350000000001
04/19/2007,44.94,44.6,45.04,44.51,95.51M,0.31%,44.136,43.7595
04/20/2007,45.19,45.31,45.46,44.99,122.44M,0.56%,44.193,43.777833333333334
04/23/2007,45.26,45.23,45.39,45.13,85.45M,0.15%,44.26049999999999,43.806666666666665
04/24/2007,45.49,45.42,45.62,45.12,108.20M,0.51%,44.3305,43.842
04/25/2007,46.09,45.64,46.1,45.49,106.95M,1.32%,44.445499999999996,43.88666666666666
04/26/2007,46.33,46.2,46.43,46.11,99.41M,0.52%,44.596000000000004,43.93500000000001
04/27/2007,46.35,46.15,46.48,46.07,96.61M,0.04%,44.745,43.9765
04/30/2007,45.75,46.28,46.31,45.71,93.47M,-1.29%,44.866,44.008833333333335
05/01/2007,45.85,45.76,45.93,45.45,135.09M,0.22%,44.989,44.040499999999994
05/02/2007,46.2,45.88,46.36,45.84,91.99M,0.76%,45.1015,44.07866666666666
05/03/2007,46.37,46.31,46.5,46.21,98.02M,0.37%,45.213499999999996,44.12083333333333
05/04/2007,46.41,46.55,46.67,46.2,93.63M,0.09%,45.316500000000005,44.15683333333333
05/07/2007,46.41,46.43,46.56,46.35,47.69M,0.00%,45.425,44.193
05/08/2007,46.51,46.25,46.55,46.08,95.20M,0.22%,45.527,44.240833333333335
05/09/2007,46.61,46.27,46.75,46.24,116.01M,0.22%,45.6575,44.29266666666667
05/10/2007,45.97,46.45,46.56,45.86,171.26M,-1.37%,45.7385,44.33116666666667
05/11/2007,46.56,46.02,46.56,45.96,103.20M,1.28%,45.8445,44.367333333333335
05/14/2007,46.24,46.55,46.66,45.97,118.97M,-0.69%,45.914,44.393833333333326
05/15/2007,45.89,46.19,46.48,45.78,179.49M,-0.76%,45.961,44.417
05/16/2007,46.33,45.98,46.34,45.7,144.72M,0.96%,46.0375,44.441833333333335
05/17/2007,46.11,46.28,46.35,46.07,110.31M,-0.47%,46.096,44.460666666666675
05/18/2007,46.49,46.26,46.49,46.16,104.99M,0.82%,46.161,44.482
05/21/2007,46.79,46.52,47.02,46.45,112.90M,0.65%,46.2375,44.510999999999996
05/22/2007,46.83,46.82,47.06,46.65,98.13M,0.09%,46.304500000000004,44.544333333333334
05/23/2007,46.61,46.97,47.15,46.58,119.43M,-0.47%,46.3305,44.60466666666667
05/24/2007,45.94,46.64,46.82,45.76,206.34M,-1.44%,46.31099999999999,44.651500000000006
05/25/2007,46.23,46.04,46.34,45.96,87.15M,0.63%,46.305,44.7065
05/29/2007,46.59,46.27,46.64,46.19,99.72M,0.78%,46.347,44.778333333333336
05/30/2007,46.97,46.26,46.98,46.13,134.48M,0.82%,46.403000000000006,44.861999999999995
05/31/2007,47.19,47.1,47.3,46.99,110.73M,0.47%,46.4525,44.93766666666667
06/01/2007,47.22,47.36,47.55,47.15,125.12M,0.06%,46.495,45.016666666666666
06/04/2007,47.36,47.05,47.42,47.02,65.39M,0.30%,46.542500000000004,45.09316666666667
06/05/2007,47.36,47.21,47.36,46.78,151.18M,0.00%,46.59,45.1695
06/06/2007,46.85,47.15,47.16,46.74,183.21M,-1.08%,46.607,45.23350000000001
06/07/2007,46.12,46.69,46.99,46.1,221.63M,-1.56%,46.582499999999996,45.29933333333334
06/08/2007,46.69,46.11,46.71,45.94,177.61M,1.24%,46.6185,45.364333333333335
06/11/2007,46.6,46.67,46.97,46.54,97.15M,-0.19%,46.62050000000001,45.4295
06/12/2007,46.32,46.35,46.82,46.23,154.11M,-0.60%,46.6245,45.491
06/13/2007,46.83,46.52,46.87,46.32,148.03M,1.10%,46.671499999999995,45.553666666666665
06/14/2007,47.14,46.88,47.27,46.87,101.55M,0.66%,46.712,45.61633333333334
06/15/2007,47.51,47.53,47.65,47.43,100.41M,0.78%,46.782,45.67133333333334
06/18/2007,47.55,47.63,47.65,47.45,75.77M,0.08%,46.834999999999994,45.72966666666666
06/19/2007,47.54,47.41,47.64,47.29,109.68M,-0.02%,46.8725,45.79016666666667
06/20/2007,47.09,47.61,47.7,47.02,161.94M,-0.95%,46.88549999999999,45.84016666666666
06/21/2007,47.52,47.08,47.57,46.86,143.20M,0.91%,46.931,45.90233333333333
06/22/2007,47.07,47.42,47.49,46.92,153.42M,-0.95%,46.9875,45.96483333333333
06/25/2007,46.87,47.09,47.36,46.6,136.62M,-0.42%,47.0195,46.02316666666666
06/26/2007,46.6,47.1,47.1,46.52,128.21M,-0.58%,47.019999999999996,46.077666666666666
06/27/2007,47.32,46.52,47.34,46.48,141.24M,1.55%,47.0375,46.143166666666666
06/28/2007,47.3,47.3,47.63,47.25,116.60M,-0.04%,47.043,46.199
06/29/2007,47.38,47.57,47.66,46.99,124.79M,0.17%,47.051,46.25316666666666
07/02/2007,47.79,47.49,47.82,47.46,80.93M,0.87%,47.0725,46.3105
07/03/2007,48.08,47.88,48.09,47.82,34.80M,0.61%,47.1085,46.374500000000005
07/05/2007,48.43,48.12,48.54,48.07,73.59M,0.73%,47.1875,46.4405
07/06/2007,48.63,48.48,48.68,48.27,65.81M,0.41%,47.313,46.51766666666666
07/09/2007,48.66,48.67,48.75,48.49,66.77M,0.06%,47.411500000000004,46.5895
07/10/2007,48.25,48.39,48.67,48.2,104.40M,-0.84%,47.494,46.653
07/11/2007,48.58,48.14,48.58,48.09,99.64M,0.68%,47.607,46.71516666666666
07/12/2007,49.33,48.82,49.44,48.69,107.67M,1.54%,47.732,46.78816666666667
07/13/2007,49.67,49.39,49.74,49.34,74.23M,0.69%,47.8585,46.86933333333333
07/16/2007,49.62,49.67,49.85,49.53,77.80M,-0.10%,47.964,46.947333333333326
07/17/2007,50.0,49.74,50.07,49.69,124.84M,0.77%,48.0865,47.027499999999996
07/18/2007,49.94,49.71,49.94,49.41,144.92M,-0.12%,48.2065,47.1055
07/19/2007,50.09,50.18,50.42,50.08,116.56M,0.30%,48.3565,47.18216666666667
07/20/2007,49.82,50.06,50.13,49.51,163.72M,-0.54%,48.4715,47.24433333333334
07/23/2007,49.84,49.98,50.08,49.69,107.46M,0.04%,48.61,47.302833333333325
07/24/2007,49.1,49.48,49.87,48.82,175.55M,-1.48%,48.721500000000006,47.34866666666667
07/25/2007,49.17,49.34,49.44,48.83,170.91M,0.14%,48.85,47.40566666666666
07/26/2007,48.75,48.84,49.24,47.83,318.65M,-0.85%,48.9215,47.45399999999999
07/27/2007,47.77,48.66,48.89,47.77,246.39M,-2.01%,48.945,47.48016666666667
07/30/2007,48.32,47.99,48.5,47.73,166.52M,1.15%,48.992000000000004,47.51266666666666
07/31/2007,47.31,48.74,48.76,47.21,260.32M,-2.09%,48.968,47.52766666666666
08/01/2007,47.68,47.17,47.71,46.76,301.21M,0.78%,48.948,47.54883333333334
08/02/2007,48.11,47.72,48.2,47.57,177.80M,0.90%,48.932,47.5755
08/03/2007,47.2,48.03,48.08,46.93,166.05M,-1.89%,48.8605,47.58533333333334
08/06/2007,47.75,47.24,47.8,46.81,190.96M,1.17%,48.815,47.615
08/07/2007,48.08,47.66,48.39,47.26,167.58M,0.69%,48.8065,47.64033333333334
08/08/2007,48.61,48.28,48.83,48.17,165.28M,1.10%,48.80800000000001,47.67983333333334
08/09/2007,47.49,47.97,48.74,47.47,242.87M,-2.30%,48.716,47.7065
08/10/2007,47.06,46.99,47.61,46.41,247.01M,-0.91%,48.5855,47.718666666666664
08/13/2007,47.38,47.46,47.66,47.26,116.96M,0.68%,48.4735,47.73983333333333
08/14/2007,46.57,47.47,47.52,46.51,153.54M,-1.71%,48.30200000000001,47.74116666666667
08/15/2007,45.69,46.46,46.87,45.6,214.85M,-1.89%,48.0895,47.722833333333334
08/16/2007,45.24,45.33,45.7,45.24,362.48M,-0.98%,47.847,47.696333333333335
08/17/2007,46.09,46.09,46.37,45.38,223.25M,1.88%,47.6605,47.68766666666667
08/20/2007,46.31,46.26,46.5,45.87,144.72M,0.48%,47.483999999999995,47.69383333333334
08/21/2007,46.8,46.26,46.91,46.17,115.03M,1.06%,47.369,47.70333333333333
08/22/2007,47.44,47.15,47.48,47.05,115.82M,1.37%,47.2825,47.717499999999994
08/23/2007,47.31,47.6,47.63,47.01,118.66M,-0.27%,47.2105,47.723166666666664
08/24/2007,47.98,47.16,48.02,47.1,88.19M,1.42%,47.221000000000004,47.73633333333333
08/27/2007,47.66,47.83,47.98,47.62,72.49M,-0.67%,47.188,47.74366666666667
08/28/2007,46.52,47.38,47.48,46.49,106.02M,-2.39%,47.1485,47.72966666666667
08/29/2007,47.86,46.83,47.9,46.83,113.20M,2.88%,47.1575,47.73799999999999
08/30/2007,48.1,47.61,48.51,47.53,138.93M,0.50%,47.157,47.758833333333335
08/31/2007,48.64,48.63,48.83,48.38,94.69M,1.12%,47.229,47.80083333333334
09/04/2007,49.45,48.69,49.77,48.68,98.48M,1.67%,47.314,47.84683333333333
09/05/2007,48.95,49.32,49.42,48.64,114.05M,-1.01%,47.3575,47.886
09/06/2007,48.91,49.0,49.13,48.58,99.22M,-0.08%,47.372499999999995,47.92916666666667
09/07/2007,48.01,48.3,48.37,47.73,152.44M,-1.84%,47.3985,47.94883333333333
09/10/2007,47.98,48.39,48.52,47.59,125.21M,-0.06%,47.4445,47.962833333333336
09/11/2007,48.7,48.28,48.76,48.2,103.06M,1.50%,47.5105,47.98266666666667
09/12/2007,48.71,48.61,49.14,48.55,94.01M,0.02%,47.61749999999999,48.002
09/13/2007,48.95,49.06,49.12,48.71,80.81M,0.49%,47.7805,48.025499999999994
09/14/2007,48.99,48.57,49.08,48.5,99.80M,0.08%,47.968,48.057166666666674
09/17/2007,48.58,48.76,48.87,48.36,84.88M,-0.84%,48.0925,48.07483333333334
09/18/2007,49.81,48.86,52.52,48.6,151.45M,2.53%,48.2675,48.1205
09/19/2007,49.94,50.06,50.35,49.75,127.03M,0.26%,48.4245,48.17166666666667
09/20/2007,49.8,49.83,50.03,49.69,109.97M,-0.28%,48.542500000000004,48.225
09/21/2007,50.13,50.05,50.28,49.78,86.84M,0.66%,48.683499999999995,48.27183333333333
09/24/2007,50.35,50.25,50.72,50.1,107.23M,0.44%,48.802,48.32266666666666
09/25/2007,50.83,50.19,50.83,50.13,101.10M,0.95%,48.9605,48.380166666666675
09/26/2007,51.08,51.12,51.27,50.88,96.12M,0.49%,49.1885,48.43500000000001
09/27/2007,51.34,51.38,51.41,51.12,73.43M,0.51%,49.3625,48.48933333333333
09/28/2007,51.17,51.3,51.44,50.94,75.55M,-0.33%,49.516,48.535
10/01/2007,51.76,51.21,51.92,51.14,100.40M,1.15%,49.672,48.58716666666667
10/02/2007,51.77,51.8,51.82,51.48,71.05M,0.02%,49.788000000000004,48.639
10/03/2007,51.41,51.6,51.83,51.26,106.78M,-0.70%,49.911,48.69166666666667
10/04/2007,51.53,51.51,51.59,51.1,84.13M,0.23%,50.042,48.740833333333335
10/05/2007,52.57,51.93,52.65,51.82,115.68M,2.02%,50.27,48.79483333333334
10/08/2007,52.9,52.55,52.91,52.46,63.02M,0.63%,50.516000000000005,48.84866666666667
10/09/2007,53.13,53.02,53.2,52.78,94.21M,0.43%,50.7375,48.90716666666667
10/10/2007,53.26,53.14,53.32,52.96,91.78M,0.24%,50.964999999999996,48.9615
10/11/2007,52.41,53.54,53.69,52.04,239.79M,-1.60%,51.138,49.00266666666667
10/12/2007,53.28,52.65,53.29,52.55,131.68M,1.66%,51.3525,49.05583333333333
10/15/2007,52.87,53.36,53.46,52.45,121.58M,-0.77%,51.56699999999999,49.10666666666666
10/16/2007,52.62,52.54,53.03,52.43,193.68M,-0.47%,51.7075,49.153000000000006
10/17/2007,53.3,53.37,53.41,52.43,183.99M,1.29%,51.8755,49.22299999999999
10/18/2007,53.53,53.08,53.64,52.87,144.50M,0.43%,52.062,49.29566666666667
10/19/2007,52.2,53.52,53.52,52.15,245.11M,-2.48%,52.165499999999994,49.35316666666667
10/22/2007,52.82,51.92,52.87,51.78,207.09M,1.19%,52.289,49.437333333333335
10/23/2007,53.93,53.36,53.96,53.09,162.36M,2.10%,52.443999999999996,49.530833333333334
10/24/2007,53.52,53.49,53.69,51.76,298.35M,-0.76%,52.565999999999995,49.63433333333333
10/25/2007,52.8,53.63,53.73,52.5,233.84M,-1.35%,52.638999999999996,49.71966666666666
10/26/2007,53.68,53.83,53.95,53.19,146.69M,1.67%,52.7645,49.8125
10/29/2007,53.91,53.94,54.08,53.59,101.90M,0.43%,52.872,49.92433333333334
10/30/2007,54.01,53.69,54.31,53.65,114.62M,0.19%,52.983999999999995,50.028666666666666
10/31/2007,54.77,54.22,54.81,53.79,148.43M,1.41%,53.152,50.140166666666666
11/01/2007,53.75,54.43,54.51,53.72,181.97M,-1.86%,53.263,50.22583333333333
11/02/2007,54.17,54.17,54.3,53.35,217.88M,0.78%,53.342999999999996,50.33716666666667
11/05/2007,53.82,53.61,54.15,53.34,150.59M,-0.65%,53.388999999999996,50.44983333333334
11/06/2007,54.43,54.08,54.44,53.53,131.88M,1.13%,53.45399999999999,50.56733333333333
11/07/2007,53.1,53.97,54.33,53.06,197.91M,-2.44%,53.446000000000005,50.67616666666666
11/08/2007,51.49,52.89,53.08,50.56,380.63M,-3.03%,53.4,50.77283333333334
11/09/2007,49.77,50.49,50.88,49.77,309.42M,-3.34%,53.2245,50.848333333333336
11/12/2007,48.5,49.69,50.01,48.42,283.22M,-2.55%,53.00600000000001,50.8885
11/13/2007,50.5,49.16,50.55,49.12,255.63M,4.12%,52.9,50.958333333333336
11/14/2007,49.86,51.15,51.2,49.67,263.29M,-1.27%,52.727999999999994,51.00933333333333
11/15/2007,49.59,49.77,50.3,49.14,251.55M,-0.54%,52.53099999999999,51.04516666666667
11/16/2007,50.05,49.91,50.25,49.11,263.62M,0.93%,52.423500000000004,51.090833333333336
11/19/2007,49.47,49.94,50.22,49.18,198.65M,-1.16%,52.25600000000001,51.11566666666667
11/20/2007,49.67,49.72,50.54,48.7,300.76M,0.40%,52.04299999999999,51.149166666666666
11/21/2007,49.08,49.2,49.94,48.62,212.72M,-1.19%,51.821000000000005,51.19183333333333
11/23/2007,49.61,49.4,49.74,49.14,46.47M,1.08%,51.661500000000004,51.221000000000004
11/26/2007,48.75,49.75,50.14,48.67,150.35M,-1.73%,51.415,51.231833333333334
11/27/2007,49.73,49.16,49.82,48.87,211.37M,2.01%,51.205999999999996,51.25
11/28/2007,51.24,50.39,51.46,50.36,216.87M,3.04%,51.0675,51.279833333333336
11/29/2007,51.46,51.03,51.65,50.96,172.09M,0.43%,50.902,51.321666666666665
11/30/2007,51.07,51.97,52.01,50.71,171.42M,-0.76%,50.768,51.35766666666667
12/03/2007,50.64,50.9,51.29,50.58,108.63M,-0.84%,50.5915,51.401500000000006
12/04/2007,50.43,50.22,50.7,50.15,113.37M,-0.41%,50.422000000000004,51.44233333333334
12/05/2007,51.33,50.96,51.76,50.92,137.62M,1.78%,50.267,51.48616666666667
12/06/2007,52.08,51.39,52.13,51.37,99.76M,1.46%,50.216,51.54233333333333
12/07/2007,52.09,52.05,52.3,51.84,88.99M,0.02%,50.246,51.59466666666667
12/10/2007,52.3,52.2,52.44,52.08,75.66M,0.40%,50.3725,51.649833333333326
12/11/2007,51.08,52.36,52.59,50.97,167.06M,-2.33%,50.50150000000001,51.6915
12/12/2007,51.54,52.01,52.19,50.65,162.98M,0.90%,50.5535,51.72033333333333
12/13/2007,51.26,51.09,51.39,50.74,153.68M,-0.54%,50.6235,51.742333333333335
12/14/2007,50.73,50.85,51.36,50.68,128.41M,-1.03%,50.6805,51.75783333333334
12/17/2007,49.5,50.54,50.75,49.48,134.38M,-2.42%,50.653000000000006,51.74733333333334
12/18/2007,49.66,50.01,50.04,48.95,154.25M,0.32%,50.6625,51.73583333333333
12/19/2007,49.65,49.66,49.97,49.38,137.97M,-0.02%,50.6615,51.716166666666666
12/20/2007,50.66,50.43,50.72,49.97,167.34M,2.03%,50.7405,51.70916666666666
12/21/2007,51.61,51.47,51.66,51.24,107.61M,1.88%,50.8405,51.71366666666667
12/24/2007,52.0,51.77,52.16,51.71,34.50M,0.76%,51.003,51.7275
12/26/2007,52.26,51.91,52.38,51.76,58.49M,0.50%,51.12949999999999,51.735833333333325
12/27/2007,51.69,52.09,52.26,51.47,65.78M,-1.09%,51.152,51.7345
12/28/2007,51.62,51.8,51.92,51.19,67.56M,-0.14%,51.160000000000004,51.73800000000001
12/31/2007,50.98,51.32,51.44,50.97,70.14M,-1.24%,51.1555,51.728833333333334
01/02/2008,50.22,51.03,51.23,49.9,152.34M,-1.49%,51.134499999999996,51.68966666666667
01/03/2008,50.38,50.17,50.52,49.92,114.11M,0.32%,51.13199999999999,51.647666666666666
01/04/2008,48.17,49.56,49.6,47.99,212.66M,-4.39%,50.974000000000004,51.565000000000005
01/07/2008,47.95,48.18,48.37,47.21,235.08M,-0.46%,50.7675,51.4765
01/08/2008,46.7,48.07,48.53,46.7,261.70M,-2.61%,50.498,51.38133333333333
01/09/2008,47.7,46.87,47.74,46.24,254.11M,2.14%,50.268,51.288333333333334
01/10/2008,47.77,47.2,48.18,47.07,249.96M,0.15%,50.1025,51.20333333333334
01/11/2008,46.83,47.5,47.55,46.48,211.69M,-1.97%,49.867,51.106833333333334
01/14/2008,47.65,47.47,47.79,47.09,168.05M,1.75%,49.6865,51.01266666666667
01/15/2008,46.33,47.16,47.3,46.13,241.79M,-2.77%,49.466499999999996,50.89266666666666
01/16/2008,45.84,45.97,46.69,45.25,265.73M,-1.06%,49.2835,50.78666666666667
01/17/2008,45.2,46.02,46.36,44.99,254.46M,-1.40%,49.060500000000005,50.659666666666666
01/18/2008,45.14,45.43,45.93,44.55,273.06M,-0.13%,48.835,50.51316666666666
01/22/2008,43.97,42.63,44.56,42.53,325.73M,-2.59%,48.5005,50.354000000000006
01/23/2008,43.81,42.34,43.94,41.42,390.16M,-0.36%,48.1105,50.204166666666666
01/24/2008,44.7,43.98,44.72,43.85,250.25M,2.03%,47.74550000000001,50.0545
01/25/2008,43.79,45.65,45.66,43.74,199.30M,-2.04%,47.322,49.88583333333333
01/28/2008,44.12,43.81,44.23,43.37,163.71M,0.75%,46.9435,49.721000000000004
01/29/2008,44.2,44.35,44.47,43.83,138.52M,0.18%,46.572500000000005,49.54483333333334
01/30/2008,44.16,44.03,45.11,43.97,220.82M,-0.09%,46.2315,49.385
01/31/2008,44.92,43.67,45.38,43.62,246.82M,1.72%,45.9665,49.23083333333333
02/01/2008,45.38,45.31,45.67,44.67,161.92M,1.02%,45.7165,49.09016666666666
02/04/2008,44.74,45.37,45.4,44.73,100.21M,-1.41%,45.545,48.928666666666665
02/05/2008,43.47,43.91,44.39,43.44,188.99M,-2.84%,45.321000000000005,48.768166666666666
02/06/2008,42.61,43.72,43.96,42.57,178.28M,-1.98%,45.1165,48.62016666666667
02/07/2008,42.91,42.15,43.59,41.95,286.34M,0.70%,44.876999999999995,48.505833333333335
02/08/2008,43.4,42.98,43.57,42.74,173.78M,1.14%,44.6585,48.420833333333334
02/11/2008,43.86,43.58,44.01,43.34,119.56M,1.06%,44.51,48.31016666666666
02/12/2008,43.62,44.12,44.47,43.31,145.41M,-0.55%,44.308499999999995,48.206166666666675
02/13/2008,44.57,44.18,44.67,43.95,148.69M,2.18%,44.2205,48.122499999999995
02/14/2008,43.77,44.63,44.64,43.69,170.87M,-1.79%,44.117000000000004,48.01783333333333
02/15/2008,43.62,43.57,43.78,43.25,100.05M,-0.34%,44.038,47.92033333333334
02/19/2008,43.54,44.18,44.29,43.07,110.51M,-0.18%,43.958,47.81816666666667
02/20/2008,43.74,43.05,43.88,43.04,137.34M,0.46%,43.9465,47.729166666666664
02/21/2008,43.32,44.15,44.26,43.14,127.86M,-0.96%,43.922000000000004,47.62433333333333
02/22/2008,43.48,43.47,43.49,42.4,157.36M,0.37%,43.861,47.536500000000004
02/25/2008,43.7,43.42,43.86,43.14,121.44M,0.51%,43.8565,47.436
02/26/2008,43.86,43.45,44.27,43.17,148.38M,0.37%,43.8435,47.313
02/27/2008,44.08,43.57,44.25,43.47,125.68M,0.50%,43.8375,47.190000000000005
02/28/2008,43.91,43.9,44.32,43.75,129.20M,-0.39%,43.825,47.07066666666666
02/29/2008,42.75,43.45,43.57,42.65,188.72M,-2.64%,43.7165,46.939166666666665
03/03/2008,42.47,42.73,42.79,42.04,133.64M,-0.65%,43.571000000000005,46.8065
03/04/2008,42.71,42.21,42.84,41.82,183.85M,0.57%,43.4695,46.66283333333333
03/05/2008,42.92,42.79,43.34,42.55,183.21M,0.49%,43.442,46.51016666666667
03/06/2008,41.97,42.89,43.07,41.9,152.75M,-2.21%,43.41,46.341499999999996
03/07/2008,41.87,41.71,42.44,41.19,242.55M,-0.24%,43.358,46.16766666666667
03/10/2008,41.07,41.81,41.94,40.98,146.96M,-1.91%,43.2415,46.00083333333334
03/11/2008,42.63,41.67,42.65,41.32,196.89M,3.80%,43.18,45.85233333333334
03/12/2008,42.51,42.82,43.24,42.4,155.57M,-0.28%,43.1245,45.7065
03/13/2008,42.84,42.01,43.13,41.62,208.99M,0.78%,43.038,45.575
03/14/2008,42.05,43.16,43.18,41.55,309.59M,-1.84%,42.952,45.45083333333333
03/17/2008,41.29,41.07,41.81,40.86,193.13M,-1.81%,42.835499999999996,45.31133333333333
03/18/2008,43.13,42.04,43.14,41.91,216.30M,4.46%,42.815,45.202666666666666
03/19/2008,42.06,43.31,43.4,42.03,216.16M,-2.48%,42.731,45.059333333333335
03/20/2008,42.89,42.15,42.9,41.9,128.40M,1.97%,42.7095,44.914
03/24/2008,44.37,43.08,44.55,43.08,125.08M,3.45%,42.754000000000005,44.786833333333334
03/25/2008,44.62,44.47,44.86,44.07,118.22M,0.56%,42.8,44.6595
03/26/2008,44.49,44.48,44.64,44.07,124.82M,-0.29%,42.8315,44.539500000000004
03/27/2008,43.51,44.23,44.3,43.51,143.87M,-2.20%,42.803,44.40433333333333
03/28/2008,43.29,43.82,44.13,43.13,111.84M,-0.51%,42.772,44.27616666666666
03/31/2008,43.52,43.45,43.81,43.25,113.64M,0.53%,42.8105,44.1645
04/01/2008,45.38,44.24,45.4,44.2,137.49M,4.27%,42.956,44.08116666666667
04/02/2008,45.28,45.48,45.81,44.96,132.49M,-0.22%,43.084500000000006,44.033
04/03/2008,45.38,45.08,45.7,44.93,140.03M,0.22%,43.207499999999996,43.99016666666667
04/04/2008,45.65,45.57,46.13,45.19,139.28M,0.59%,43.3915,43.97266666666667
04/07/2008,45.55,45.94,46.19,45.44,102.61M,-0.22%,43.5755,43.93683333333333
04/08/2008,45.2,45.2,45.51,44.97,97.57M,-0.77%,43.782,43.894
04/09/2008,44.69,45.26,45.28,44.42,127.26M,-1.13%,43.885000000000005,43.858333333333334
04/10/2008,45.33,44.72,45.63,44.72,112.80M,1.43%,44.025999999999996,43.81966666666666
04/11/2008,44.07,44.81,44.89,43.91,120.14M,-2.78%,44.0875,43.782000000000004
04/14/2008,43.87,44.0,44.27,43.75,89.27M,-0.45%,44.1785,43.74916666666666
04/15/2008,43.93,44.03,44.14,43.48,124.23M,0.14%,44.310500000000005,43.727999999999994
04/16/2008,45.16,44.48,45.27,44.44,134.03M,2.80%,44.412,43.72833333333334
04/17/2008,45.06,45.21,45.54,44.77,125.06M,-0.22%,44.562,43.7465
04/18/2008,46.49,46.29,46.71,46.0,133.02M,3.17%,44.742000000000004,43.79116666666666
04/21/2008,46.82,46.39,46.86,46.27,83.30M,0.71%,44.8645,43.8265
04/22/2008,46.12,46.51,46.55,45.72,104.69M,-1.50%,44.939499999999995,43.86533333333333
04/23/2008,46.63,46.46,46.84,46.06,131.09M,1.11%,45.046499999999995,43.90716666666666
04/24/2008,47.05,46.65,47.57,46.17,166.69M,0.90%,45.2235,43.95466666666667
04/25/2008,46.93,47.09,47.13,46.35,121.95M,-0.26%,45.4055,44.00083333333334
04/28/2008,47.02,47.03,47.4,46.91,71.24M,0.19%,45.5805,44.035833333333336
04/29/2008,47.38,46.93,47.54,46.84,91.27M,0.77%,45.6805,44.06916666666667
04/30/2008,46.99,47.47,47.84,46.81,132.15M,-0.82%,45.766,44.10666666666667
05/01/2008,48.47,47.02,48.49,47.0,143.60M,3.15%,45.9205,44.190000000000005
05/02/2008,48.54,48.96,48.96,48.11,124.99M,0.14%,46.065,44.28883333333333
05/05/2008,48.4,48.5,48.8,48.17,75.62M,-0.29%,46.2075,44.38033333333333
05/06/2008,48.7,48.26,48.9,47.92,139.58M,0.62%,46.3825,44.468666666666664
05/07/2008,47.82,48.7,49.0,47.65,140.01M,-1.81%,46.539,44.53466666666667
05/08/2008,48.17,48.02,48.47,47.84,128.06M,0.73%,46.681,44.610499999999995
05/09/2008,47.99,47.81,48.23,47.68,97.06M,-0.37%,46.876999999999995,44.667500000000004
05/12/2008,48.86,48.06,48.96,47.98,89.64M,1.81%,47.1265,44.75233333333334
05/13/2008,48.99,48.9,49.1,48.53,85.45M,0.27%,47.3795,44.84183333333333
05/14/2008,48.88,49.19,49.7,48.81,143.60M,-0.22%,47.5655,44.93083333333333
05/15/2008,49.74,48.88,49.79,48.75,157.25M,1.76%,47.7995,45.030833333333334
05/16/2008,49.78,49.86,49.88,49.22,146.56M,0.08%,47.964,45.1385
05/19/2008,49.42,49.82,50.23,49.11,140.18M,-0.72%,48.09400000000001,45.2375
05/20/2008,49.04,49.22,49.24,48.66,137.16M,-0.77%,48.24,45.3265
05/21/2008,47.96,49.08,49.37,47.8,192.81M,-2.20%,48.30650000000001,45.39483333333333
05/22/2008,48.12,48.08,48.46,47.89,153.20M,0.33%,48.36,45.46216666666667
05/23/2008,47.98,47.96,48.13,47.6,121.71M,-0.29%,48.4125,45.53
05/27/2008,48.85,48.09,48.88,48.07,106.99M,1.81%,48.504000000000005,45.63166666666667
05/28/2008,49.02,49.05,49.13,48.52,121.37M,0.35%,48.586,45.74083333333333
05/29/2008,49.46,49.04,49.74,49.02,143.99M,0.90%,48.709500000000006,45.85333333333333
05/30/2008,49.78,49.66,50.01,49.52,94.16M,0.65%,48.775,45.967666666666666
06/02/2008,49.17,49.69,49.69,48.73,144.36M,-1.23%,48.80650000000001,46.08766666666667
06/03/2008,48.9,49.36,49.67,48.44,167.68M,-0.55%,48.8315,46.20483333333333
06/04/2008,49.53,48.74,49.87,48.71,174.97M,1.29%,48.873000000000005,46.34583333333333
06/05/2008,50.31,49.64,50.37,49.47,126.65M,1.57%,48.9975,46.47383333333333
06/06/2008,48.8,49.88,49.98,48.79,189.14M,-3.00%,49.029,46.57866666666667
06/09/2008,48.54,48.88,48.96,47.73,208.90M,-0.53%,49.0565,46.67366666666667
06/10/2008,48.31,48.06,48.71,47.94,162.80M,-0.47%,49.029,46.778000000000006
06/11/2008,47.14,48.22,48.29,47.13,170.37M,-2.42%,48.9365,46.8755
06/12/2008,47.2,47.49,47.89,46.78,189.92M,0.13%,48.8525,46.943333333333335
06/13/2008,48.14,47.48,48.24,47.24,167.85M,1.99%,48.7725,47.04466666666667
06/16/2008,48.57,47.9,48.79,47.85,136.34M,0.89%,48.712,47.139333333333326
06/17/2008,48.31,48.72,48.83,48.24,122.95M,-0.54%,48.6565,47.205000000000005
06/18/2008,47.8,48.04,48.22,47.61,169.34M,-1.06%,48.5945,47.258
06/19/2008,48.54,47.7,48.78,47.39,221.37M,1.55%,48.6235,47.3255
06/20/2008,47.2,48.11,48.12,46.99,197.43M,-2.76%,48.5775,47.38700000000001
06/23/2008,46.83,47.4,47.52,46.76,131.55M,-0.78%,48.52,47.446000000000005
06/24/2008,46.59,46.61,47.15,46.19,178.29M,-0.51%,48.407,47.497166666666665
06/25/2008,47.35,46.79,47.78,46.72,179.02M,1.63%,48.3235,47.53
06/26/2008,45.44,46.48,46.48,45.43,190.03M,-4.03%,48.1225,47.532666666666664
06/27/2008,45.44,45.37,45.69,44.76,181.35M,0.00%,47.9055,47.53366666666667
06/30/2008,44.96,45.32,45.62,44.94,132.93M,-1.06%,47.695,47.522166666666664
07/01/2008,45.6,44.65,45.65,44.47,245.49M,1.42%,47.53,47.523
07/02/2008,44.5,45.75,45.92,44.43,199.73M,-2.41%,47.2785,47.51133333333334
07/03/2008,44.42,44.77,44.87,44.07,123.12M,-0.18%,46.983999999999995,47.50683333333333
07/07/2008,44.69,44.84,45.25,44.03,181.01M,0.61%,46.778499999999994,47.49616666666667
07/08/2008,45.76,44.74,45.8,44.56,206.26M,2.39%,46.639500000000005,47.52433333333333
07/09/2008,44.54,45.75,45.82,44.52,168.58M,-2.67%,46.451,47.5355
07/10/2008,45.07,44.61,45.21,44.17,238.81M,1.19%,46.3475,47.5545
07/11/2008,44.35,44.6,45.06,43.65,265.51M,-1.60%,46.205,47.541000000000004
07/14/2008,44.02,44.92,44.97,43.86,177.39M,-0.74%,45.998999999999995,47.52366666666667
07/15/2008,44.03,43.81,44.72,43.1,283.89M,0.02%,45.772000000000006,47.48266666666667
07/16/2008,45.13,44.09,45.17,43.72,186.05M,2.50%,45.613,47.4545
07/17/2008,45.43,45.35,45.61,44.77,197.56M,0.66%,45.4945,47.443
07/18/2008,44.38,44.96,44.96,44.38,160.66M,-2.31%,45.286500000000004,47.405499999999996
07/21/2008,44.57,44.79,44.98,44.28,128.11M,0.43%,45.155,47.36416666666666
07/22/2008,44.57,43.81,44.6,43.66,152.52M,0.00%,45.041999999999994,47.32483333333333
07/23/2008,45.16,44.63,45.68,44.51,169.26M,1.32%,44.9705,47.29383333333333
07/24/2008,44.48,45.38,45.4,44.44,145.56M,-1.51%,44.827,47.2455
07/25/2008,45.06,44.77,45.27,44.55,111.62M,1.30%,44.808,47.21333333333334
07/28/2008,44.21,45.06,45.31,44.0,124.03M,-1.89%,44.746500000000005,47.14233333333333
07/29/2008,45.13,44.42,45.33,44.36,142.29M,2.08%,44.755,47.0855
07/30/2008,45.36,45.25,45.61,44.67,165.68M,0.51%,44.743,47.03483333333333
07/31/2008,45.25,44.9,45.94,44.81,180.73M,-0.24%,44.7805,46.977333333333334
08/01/2008,44.67,45.31,45.34,44.19,180.38M,-1.28%,44.793,46.92483333333333
08/04/2008,44.22,44.66,44.71,44.09,116.31M,-1.01%,44.76950000000001,46.85900000000001
08/05/2008,45.72,44.69,45.76,44.63,151.73M,3.39%,44.7675,46.82116666666666
08/06/2008,46.41,45.72,46.59,45.37,133.46M,1.51%,44.861000000000004,46.78033333333333
08/07/2008,46.05,46.13,46.63,45.87,152.81M,-0.78%,44.910000000000004,46.73133333333333
08/08/2008,47.1,46.03,47.22,45.94,143.12M,2.28%,45.0475,46.70166666666667
08/11/2008,47.53,47.08,48.06,46.92,157.29M,0.91%,45.223,46.66483333333334
08/12/2008,47.55,47.54,47.94,47.29,140.60M,0.04%,45.399,46.62766666666666
08/13/2008,47.56,47.52,47.9,47.03,169.66M,0.02%,45.5205,46.596666666666664
08/14/2008,48.03,47.32,48.23,47.27,158.07M,0.99%,45.6505,46.57983333333333
08/15/2008,47.93,48.12,48.34,47.74,123.12M,-0.21%,45.828,46.57933333333333
08/18/2008,47.38,48.07,48.08,47.04,151.40M,-1.15%,45.9685,46.567
08/19/2008,46.79,47.14,47.37,46.53,155.42M,-1.25%,46.0795,46.54716666666666
08/20/2008,46.87,47.14,47.34,46.52,155.47M,0.17%,46.165,46.51416666666667
08/21/2008,46.61,46.51,46.86,46.16,118.92M,-0.55%,46.2715,46.474000000000004
08/22/2008,47.27,46.9,47.46,46.86,96.53M,1.42%,46.382,46.4375
08/25/2008,46.27,46.93,46.99,46.15,128.08M,-2.12%,46.485,46.379
08/26/2008,46.21,46.29,46.55,45.91,107.23M,-0.13%,46.539,46.32966666666666
08/27/2008,46.51,46.23,46.87,46.07,108.49M,0.65%,46.5965,46.28983333333334
08/28/2008,46.89,46.7,47.06,46.61,112.81M,0.82%,46.6785,46.24583333333333
08/29/2008,45.91,46.39,46.9,45.71,133.27M,-2.09%,46.7405,46.1725
09/02/2008,45.34,46.64,46.86,45.13,162.40M,-1.24%,46.796499999999995,46.11483333333333
09/03/2008,44.91,45.23,45.43,44.58,161.68M,-0.95%,46.756,46.05433333333333
09/04/2008,43.46,44.64,44.7,43.46,219.36M,-3.23%,46.6085,45.973499999999994
09/05/2008,43.25,43.1,43.58,42.61,247.98M,-0.48%,46.4685,45.90866666666667
09/08/2008,43.17,43.83,44.01,42.48,311.07M,-0.18%,46.272,45.8415
09/09/2008,42.25,43.15,43.59,42.15,214.18M,-2.13%,46.007999999999996,45.74333333333333
09/10/2008,42.6,42.67,42.98,42.25,160.66M,0.83%,45.76049999999999,45.64383333333333
09/11/2008,43.4,41.97,43.49,41.97,203.44M,1.88%,45.552499999999995,45.562
09/12/2008,43.23,43.03,43.51,42.7,172.09M,-0.39%,45.3125,45.48583333333333
09/15/2008,41.88,42.2,43.09,41.83,616.80M,-3.12%,45.01,45.374833333333335
09/16/2008,42.21,41.28,42.64,41.24,349.55M,0.79%,44.7515,45.291666666666664
09/17/2008,40.16,41.65,42.22,40.0,340.09M,-4.86%,44.42,45.1805
09/18/2008,41.38,40.93,41.77,39.32,423.93M,3.04%,44.1455,45.09366666666667
09/19/2008,42.7,43.62,43.63,41.9,263.40M,3.19%,43.95,45.01616666666666
09/22/2008,40.69,42.55,42.64,40.61,164.70M,-4.71%,43.620999999999995,44.937
09/23/2008,40.38,40.99,41.56,40.25,185.95M,-0.76%,43.326499999999996,44.85266666666667
09/24/2008,40.66,40.66,41.07,40.33,159.31M,0.69%,43.049,44.781
09/25/2008,41.31,41.02,41.82,40.84,148.59M,1.60%,42.789,44.7095
09/26/2008,40.89,40.11,41.3,40.03,182.68M,-1.02%,42.489,44.649333333333324
09/29/2008,37.64,40.07,40.19,37.01,307.95M,-7.95%,42.0755,44.53633333333334
09/30/2008,38.73,37.56,39.12,37.42,195.51M,2.90%,41.745,44.437000000000005
10/01/2008,38.32,38.65,38.79,37.85,174.12M,-1.06%,41.4155,44.312999999999995
10/02/2008,36.58,38.07,38.07,36.47,192.19M,-4.54%,41.0715,44.18033333333333
10/03/2008,36.01,37.09,38.0,35.93,272.14M,-1.56%,40.709500000000006,44.029333333333334
10/06/2008,34.7,35.1,35.36,32.76,394.16M,-3.64%,40.286,43.8685
10/07/2008,32.5,34.98,35.04,32.12,329.54M,-6.34%,39.798500000000004,43.6765
10/08/2008,32.24,31.8,33.96,31.69,452.57M,-0.80%,39.2805,43.480000000000004
10/09/2008,31.37,33.0,33.52,30.83,352.62M,-2.70%,38.679,43.25066666666667
10/10/2008,31.17,30.38,32.33,29.24,472.45M,-0.64%,38.076,43.013000000000005
10/13/2008,34.97,32.71,35.09,32.25,277.35M,12.19%,37.7305,42.85616666666667
10/14/2008,33.45,35.93,35.98,33.04,342.31M,-4.35%,37.292500000000004,42.670833333333334
10/15/2008,30.46,33.08,33.19,30.4,312.09M,-8.94%,36.807500000000005,42.43566666666667
10/16/2008,32.11,30.68,32.12,29.11,494.91M,5.42%,36.344,42.21816666666666
10/17/2008,32.15,31.47,33.49,31.26,326.59M,0.12%,35.816500000000005,42.01266666666666
10/20/2008,33.05,32.64,33.11,31.55,232.78M,2.80%,35.4345,41.8125
10/21/2008,31.33,32.51,33.1,31.33,239.93M,-5.20%,34.982,41.597833333333334
10/22/2008,30.47,31.24,31.45,29.57,289.99M,-2.74%,34.4725,41.35349999999999
10/23/2008,30.35,30.32,30.95,28.77,377.97M,-0.39%,33.9245,41.10333333333334
10/24/2008,29.37,28.0,30.11,27.96,322.13M,-3.23%,33.3485,40.83866666666667
10/27/2008,28.56,29.0,30.06,28.53,239.49M,-2.76%,32.8945,40.570166666666665
10/28/2008,31.71,29.54,31.73,28.72,327.37M,11.03%,32.5435,40.361666666666665
10/29/2008,31.63,31.8,32.93,31.1,341.39M,-0.25%,32.208999999999996,40.12683333333334
10/30/2008,32.69,32.52,32.91,31.83,255.29M,3.35%,32.0145,39.898166666666675
10/31/2008,32.74,32.21,33.27,31.94,224.28M,0.15%,31.851,39.67633333333333
11/03/2008,32.67,32.66,33.14,32.36,128.50M,-0.21%,31.7495,39.435833333333335
11/04/2008,33.59,33.33,33.85,32.83,182.53M,2.82%,31.804000000000002,39.2035
11/05/2008,31.84,33.33,33.44,31.77,184.15M,-5.21%,31.784000000000002,38.94166666666667
11/06/2008,30.42,31.35,31.72,30.26,220.78M,-4.46%,31.7365,38.656
11/07/2008,31.04,30.78,31.33,30.45,176.98M,2.04%,31.73,38.37283333333333
11/10/2008,30.63,31.79,31.82,30.26,142.74M,-1.32%,31.512999999999998,38.084500000000006
11/11/2008,29.96,30.33,30.62,29.58,162.92M,-2.19%,31.3385,37.79416666666667
11/12/2008,28.58,29.51,29.66,28.52,184.94M,-4.61%,31.2445,37.49066666666667
11/13/2008,30.32,28.5,30.39,27.15,318.27M,6.09%,31.155,37.21483333333334
11/14/2008,28.85,29.66,30.28,28.74,259.41M,-4.85%,30.99,36.91883333333333
11/17/2008,28.24,28.36,29.09,28.13,202.89M,-2.11%,30.7495,36.60166666666667
11/18/2008,28.21,28.43,28.62,27.26,252.79M,-0.11%,30.5935,36.300666666666665
11/19/2008,26.73,28.27,28.65,26.67,244.29M,-5.25%,30.406500000000005,35.976
11/20/2008,25.44,26.42,27.32,25.35,342.47M,-4.83%,30.161,35.62483333333333
11/21/2008,26.55,25.84,26.56,24.93,282.77M,4.36%,30.02,35.285833333333336
11/24/2008,28.17,27.09,28.51,26.85,225.21M,6.10%,30.0005,34.990166666666674
11/25/2008,28.04,28.49,28.51,27.39,203.05M,-0.46%,29.817,34.70183333333333
11/26/2008,29.21,27.75,29.22,27.68,165.06M,4.17%,29.696000000000005,34.44016666666667
11/28/2008,28.98,28.9,29.05,28.7,41.24M,-0.79%,29.5105,34.19883333333334
12/01/2008,26.8,28.37,28.38,26.76,149.33M,-7.52%,29.2135,33.92466666666667
12/02/2008,27.7,27.15,27.76,26.72,181.78M,3.36%,28.965000000000003,33.66683333333334
12/03/2008,28.49,27.0,28.58,26.94,231.01M,2.85%,28.71,33.4375
12/04/2008,27.68,28.02,28.65,27.19,188.92M,-2.84%,28.502,33.188833333333335
12/05/2008,28.81,27.37,28.93,26.82,212.31M,4.08%,28.421499999999998,32.94566666666667
12/08/2008,29.94,29.41,30.32,29.3,185.85M,3.92%,28.366500000000002,32.72416666666667
12/09/2008,29.87,29.54,30.69,29.43,178.39M,-0.23%,28.328500000000002,32.524
12/10/2008,29.77,29.95,30.32,29.48,162.46M,-0.33%,28.319,32.31666666666667
12/11/2008,28.95,29.66,30.13,28.81,167.45M,-2.75%,28.3375,32.12983333333333
12/12/2008,29.54,28.56,29.72,28.34,158.61M,2.04%,28.2985,31.9325
12/15/2008,29.02,29.59,29.62,28.61,107.94M,-1.76%,28.307,31.7045
12/16/2008,30.42,29.28,30.52,28.96,172.05M,4.82%,28.416000000000004,31.533333333333335
12/17/2008,30.05,30.09,30.46,29.68,159.97M,-1.22%,28.508,31.361166666666666
12/18/2008,29.52,30.05,30.26,29.22,142.77M,-1.76%,28.6475,31.1755
12/19/2008,29.72,29.84,30.23,29.52,118.33M,0.68%,28.8615,30.982333333333333
12/22/2008,29.07,29.72,29.78,28.61,95.42M,-2.19%,28.9875,30.78533333333333
12/23/2008,28.92,29.14,29.48,28.76,68.80M,-0.52%,29.025,30.64
12/24/2008,29.0,29.06,29.07,28.85,27.21M,0.28%,29.073,30.477833333333333
12/26/2008,28.99,29.05,29.09,28.84,20.95M,-0.03%,29.062,30.322333333333333
12/29/2008,28.76,29.09,29.1,28.33,52.74M,-0.79%,29.051,30.192
12/30/2008,29.35,28.85,29.45,28.81,77.13M,2.05%,29.178500000000003,30.081000000000003
12/31/2008,29.6,29.34,29.94,29.31,89.22M,0.85%,29.273499999999995,29.996
01/02/2009,30.89,29.63,30.99,29.55,107.92M,4.36%,29.3935,29.96916666666667
01/05/2009,30.88,30.68,31.18,30.45,91.82M,-0.03%,29.553500000000003,29.9465
01/06/2009,31.18,31.13,31.48,30.97,136.82M,0.97%,29.672000000000004,29.943333333333335
01/07/2009,30.3,30.67,30.76,30.05,134.06M,-2.82%,29.689999999999998,29.928833333333333
01/08/2009,30.62,30.2,30.66,29.94,131.93M,1.06%,29.7275,29.856333333333332
01/09/2009,29.93,30.65,30.65,29.78,117.17M,-2.25%,29.735500000000002,29.797666666666665
01/12/2009,29.38,29.98,30.01,29.06,102.78M,-1.84%,29.756999999999998,29.779666666666667
01/13/2009,29.39,29.38,29.84,29.04,186.39M,0.03%,29.7495,29.734333333333332
01/14/2009,28.5,29.03,29.14,28.34,137.10M,-3.03%,29.7235,29.673499999999997
01/15/2009,28.96,28.42,29.2,27.94,192.79M,1.61%,29.6505,29.60533333333333
01/16/2009,29.28,29.39,29.46,28.57,175.49M,1.10%,29.612000000000002,29.571166666666667
01/20/2009,27.83,29.15,29.29,27.83,135.25M,-4.95%,29.527500000000003,29.52716666666667
01/21/2009,29.01,28.3,29.05,27.97,149.24M,4.24%,29.492,29.504833333333337
01/22/2009,28.63,28.39,29.09,28.13,200.60M,-1.31%,29.470000000000006,29.4925
01/23/2009,28.77,28.18,29.21,28.01,170.16M,0.49%,29.4625,29.496
01/26/2009,28.97,28.83,29.45,28.62,140.48M,0.70%,29.461000000000002,29.450333333333333
01/27/2009,29.18,29.0,29.43,28.98,110.91M,0.72%,29.470499999999998,29.4095
01/28/2009,30.21,29.69,30.51,29.67,139.80M,3.53%,29.543,29.36816666666667
01/29/2009,29.44,29.83,30.26,29.34,130.77M,-2.55%,29.547499999999996,29.313166666666667
01/30/2009,28.92,29.68,29.79,28.81,140.36M,-1.77%,29.513500000000004,29.250666666666667
02/02/2009,29.27,28.64,29.47,28.61,126.88M,1.21%,29.432499999999997,29.17866666666667
02/03/2009,29.73,29.32,30.29,28.89,120.61M,1.57%,29.375,29.1435
02/04/2009,29.77,29.79,30.72,29.65,175.78M,0.13%,29.3045,29.13266666666667
02/05/2009,30.43,29.33,30.63,29.32,217.57M,2.22%,29.311,29.122500000000002
02/06/2009,31.22,30.57,31.36,30.44,164.51M,2.60%,29.341,29.132333333333335
02/09/2009,31.35,31.24,31.52,31.04,98.85M,0.42%,29.412,29.1555
02/10/2009,30.2,31.15,31.53,29.96,232.79M,-3.67%,29.452999999999996,29.1825
02/11/2009,30.06,30.2,30.39,29.59,169.17M,-0.46%,29.4865,29.178166666666666
02/12/2009,30.43,29.69,30.47,29.5,201.15M,1.23%,29.583,29.2045
02/13/2009,30.29,30.32,30.64,30.15,145.06M,-0.46%,29.6495,29.238666666666667
02/17/2009,29.08,29.33,29.53,28.92,157.78M,-3.99%,29.639499999999998,29.253166666666665
02/18/2009,29.1,29.27,29.53,28.74,161.27M,0.07%,29.702999999999996,29.29266666666667
02/19/2009,28.66,29.29,29.47,28.59,155.32M,-1.51%,29.685499999999998,29.346333333333334
02/20/2009,28.74,28.33,29.01,28.26,210.75M,0.28%,29.690999999999995,29.382833333333334
02/23/2009,27.73,28.89,28.91,27.6,169.47M,-3.51%,29.639,29.3755
02/24/2009,28.65,27.87,28.85,27.83,181.34M,3.32%,29.622999999999998,29.38566666666667
02/25/2009,28.46,28.49,29.03,28.01,220.22M,-0.66%,29.587,29.37316666666667
02/26/2009,27.66,28.65,28.82,27.57,211.28M,-2.81%,29.4595,29.351166666666664
02/27/2009,27.4,27.36,27.85,27.26,204.49M,-0.94%,29.357499999999998,29.36116666666667
03/02/2009,26.52,26.99,27.38,26.35,188.18M,-3.21%,29.2375,29.3415
03/03/2009,26.5,26.72,27.03,26.3,158.74M,-0.08%,29.099,29.308333333333334
03/04/2009,27.2,26.88,27.58,26.79,164.91M,2.64%,28.972499999999997,29.300333333333334
03/05/2009,26.39,26.9,27.11,26.3,199.62M,-2.98%,28.803499999999996,29.259999999999998
03/06/2009,26.18,26.51,26.69,25.59,218.42M,-0.80%,28.591,29.197333333333333
03/09/2009,25.62,25.93,26.69,25.51,181.15M,-2.14%,28.311,29.126500000000004
03/10/2009,27.2,26.14,27.26,26.04,175.07M,6.17%,28.103499999999997,29.083666666666666
03/11/2009,27.62,27.5,27.86,27.13,173.15M,1.54%,27.9745,29.061500000000002
03/12/2009,28.54,27.59,28.63,27.31,184.51M,3.33%,27.898500000000002,29.044833333333333
03/13/2009,28.61,28.55,28.71,28.19,156.78M,0.25%,27.807499999999997,29.038
03/16/2009,28.13,28.77,28.85,28.06,190.33M,-1.68%,27.699499999999993,28.999833333333335
03/17/2009,29.19,28.28,29.19,28.17,169.85M,3.77%,27.705000000000002,28.985500000000002
03/18/2009,29.56,29.09,30.06,28.94,208.15M,1.27%,27.727999999999998,28.98616666666667
03/19/2009,29.54,29.98,29.99,29.32,146.77M,-0.07%,27.772000000000002,28.983166666666666
03/20/2009,29.04,29.52,29.89,28.85,149.44M,-1.69%,27.787,28.982666666666667
03/23/2009,30.76,29.72,30.8,29.06,179.64M,5.92%,27.938499999999998,29.013333333333332
03/24/2009,30.19,30.51,30.74,30.17,120.85M,-1.85%,28.015500000000003,29.033166666666666
03/25/2009,30.33,30.44,30.91,29.52,190.60M,0.46%,28.108999999999998,29.0555
03/26/2009,31.26,30.74,31.31,30.28,182.46M,3.07%,28.288999999999998,29.097166666666666
03/27/2009,30.68,30.93,31.03,30.57,156.11M,-1.86%,28.453000000000003,29.11933333333333
03/30/2009,29.92,30.15,30.18,29.48,162.92M,-2.48%,28.622999999999998,29.124666666666666
03/31/2009,30.18,30.17,30.81,30.13,150.24M,0.87%,28.807,29.112833333333334
04/01/2009,30.63,29.8,30.74,29.65,137.95M,1.49%,28.978500000000004,29.108666666666668
04/02/2009,31.61,31.19,32.12,31.08,212.27M,3.20%,29.239500000000003,29.115833333333335
04/03/2009,32.2,31.9,32.25,31.68,134.58M,1.87%,29.540499999999998,29.147499999999997
04/06/2009,32.12,31.82,32.18,31.5,160.41M,-0.25%,29.865499999999997,29.172500000000003
04/07/2009,31.27,31.75,31.77,31.06,147.53M,-2.65%,30.069,29.194833333333335
04/08/2009,31.8,31.57,32.0,31.34,126.13M,1.69%,30.278000000000002,29.235166666666665
04/09/2009,32.79,32.38,32.86,32.28,131.87M,3.11%,30.490499999999997,29.291833333333333
04/13/2009,32.74,32.65,32.92,32.38,119.31M,-0.15%,30.697000000000003,29.3625
04/14/2009,32.34,32.54,32.73,32.12,124.07M,-1.22%,30.907500000000006,29.418833333333335
04/15/2009,32.25,32.09,32.28,31.7,124.81M,-0.28%,31.0605,29.468333333333337
04/16/2009,33.09,32.68,33.27,32.36,171.17M,2.60%,31.237000000000002,29.555999999999997
04/17/2009,33.15,33.01,33.34,32.78,129.84M,0.18%,31.4175,29.625
04/20/2009,32.09,32.55,32.67,31.91,123.08M,-3.20%,31.57,29.682666666666666
04/21/2009,32.54,31.94,32.59,31.93,145.49M,1.40%,31.659000000000002,29.7455
04/22/2009,32.64,32.35,33.37,32.24,165.04M,0.31%,31.7815,29.80666666666667
04/23/2009,32.96,32.86,32.99,32.34,181.85M,0.98%,31.913000000000004,29.869666666666667
04/24/2009,33.53,33.19,33.77,32.92,141.17M,1.73%,32.026500000000006,29.925
04/27/2009,33.57,33.26,33.9,33.19,120.75M,0.12%,32.171,29.993833333333335
04/28/2009,33.32,33.36,33.75,33.2,108.97M,-0.74%,32.341,30.067166666666665
04/29/2009,33.78,33.59,34.24,33.48,141.41M,1.38%,32.521,30.142333333333333
04/30/2009,34.12,34.21,34.74,33.88,144.12M,1.01%,32.695499999999996,30.215500000000002
05/01/2009,34.21,34.12,34.38,33.85,100.11M,0.26%,32.8255,30.2895
05/04/2009,34.89,34.51,34.93,34.36,119.32M,1.99%,32.96,30.363833333333332
05/05/2009,34.86,34.83,34.9,34.47,113.64M,-0.09%,33.097,30.424500000000002
05/06/2009,34.87,35.16,35.18,34.3,178.84M,0.03%,33.277,30.483166666666666
05/07/2009,34.05,35.09,35.11,33.72,216.48M,-2.35%,33.3895,30.54733333333333
05/08/2009,34.07,34.19,34.58,33.72,183.51M,0.06%,33.453500000000005,30.61416666666667
05/11/2009,34.19,33.62,34.56,33.52,142.78M,0.35%,33.525999999999996,30.67683333333333
05/12/2009,33.77,34.26,34.32,33.36,147.84M,-1.23%,33.5975,30.73483333333333
05/13/2009,32.87,33.47,33.49,32.81,175.55M,-2.67%,33.628499999999995,30.798000000000002
05/14/2009,33.23,32.95,33.54,32.93,140.02M,1.10%,33.6355,30.866833333333332
05/15/2009,33.21,33.2,33.66,33.08,121.33M,-0.06%,33.6385,30.94266666666667
05/18/2009,34.08,33.43,34.12,33.23,114.33M,2.62%,33.738,31.03166666666667
05/19/2009,34.24,33.98,34.58,33.79,129.09M,0.47%,33.82299999999999,31.14016666666667
05/20/2009,34.12,34.38,34.88,34.02,131.87M,-0.35%,33.897,31.231333333333332
05/21/2009,33.49,33.86,34.1,33.15,139.25M,-1.85%,33.9235,31.315166666666663
05/22/2009,33.38,33.62,33.81,33.16,83.52M,-0.33%,33.916,31.410500000000003
05/26/2009,34.63,33.04,34.67,33.03,144.86M,3.74%,33.969,31.531
05/27/2009,34.39,34.52,35.03,34.27,121.39M,-0.69%,34.0225,31.662166666666668
05/28/2009,34.79,34.61,34.91,34.05,118.93M,1.16%,34.073,31.800333333333334
05/29/2009,35.22,34.82,35.33,34.6,111.54M,1.24%,34.128,31.934
06/01/2009,36.22,35.56,36.33,35.44,119.19M,2.84%,34.2285,32.097833333333334
06/02/2009,36.27,36.02,36.62,35.94,126.86M,0.14%,34.2975,32.266
06/03/2009,36.16,36.11,36.2,35.76,93.33M,-0.30%,34.3625,32.44166666666667
06/04/2009,36.57,36.23,36.62,36.17,89.28M,1.13%,34.4475,32.597833333333334
06/05/2009,36.61,36.79,36.91,36.25,121.96M,0.11%,34.5755,32.74766666666667
06/08/2009,36.5,36.36,36.78,35.95,89.19M,-0.30%,34.696999999999996,32.88033333333333
06/09/2009,36.78,36.67,37.0,36.5,109.19M,0.77%,34.826499999999996,33.0165
06/10/2009,36.65,37.0,37.01,36.12,133.40M,-0.35%,34.9705,33.1585
06/11/2009,36.65,36.59,37.06,36.58,147.91M,0.00%,35.1595,33.282833333333336
06/12/2009,36.48,36.5,36.55,36.03,109.45M,-0.46%,35.322,33.39816666666667
06/15/2009,35.73,36.11,36.16,35.41,112.15M,-2.06%,35.44799999999999,33.501333333333335
06/16/2009,35.38,35.89,36.02,35.35,110.55M,-0.98%,35.513,33.607
06/17/2009,35.72,35.5,36.04,35.28,153.42M,0.96%,35.587,33.68966666666667
06/18/2009,35.65,35.66,35.89,35.4,126.27M,-0.20%,35.6635,33.78066666666667
06/19/2009,35.99,35.87,36.19,35.74,122.05M,0.95%,35.7885,33.875
06/22/2009,34.92,35.63,35.72,34.86,137.71M,-2.97%,35.865500000000004,33.936
06/23/2009,34.84,35.04,35.1,34.61,114.90M,-0.23%,35.876,34.00533333333333
06/24/2009,35.42,35.14,35.7,35.12,103.31M,1.66%,35.927499999999995,34.097
06/25/2009,36.12,35.22,36.19,35.12,112.54M,1.98%,35.994,34.196
06/26/2009,36.2,35.96,36.33,35.88,87.68M,0.22%,36.04299999999999,34.28883333333333
06/29/2009,36.28,36.27,36.58,35.95,93.82M,0.22%,36.04600000000001,34.36666666666667
06/30/2009,36.21,36.38,36.56,35.94,97.84M,-0.19%,36.043,34.4335
07/01/2009,36.23,36.37,36.67,36.22,85.98M,0.06%,36.046499999999995,34.501999999999995
07/02/2009,35.43,35.92,35.93,35.33,113.31M,-2.21%,35.98950000000001,34.571333333333335
07/03/2009,35.59,35.59,35.59,35.59,,0.45%,35.9385,34.6345
07/06/2009,35.25,35.22,35.37,34.88,107.63M,-0.96%,35.876,34.67550000000001
07/07/2009,34.37,35.26,35.32,34.35,149.77M,-2.50%,35.7555,34.702666666666666
07/08/2009,34.55,34.57,34.71,34.14,152.78M,0.52%,35.6505,34.7395
07/09/2009,34.61,34.68,34.85,34.49,97.85M,0.17%,35.548500000000004,34.77883333333333
07/10/2009,34.76,34.5,34.98,34.4,108.48M,0.43%,35.4625,34.806666666666665
07/13/2009,35.42,34.79,35.43,34.32,127.14M,1.90%,35.447,34.844500000000004
07/14/2009,35.55,35.35,35.62,35.24,115.63M,0.37%,35.455499999999994,34.902166666666666
07/15/2009,36.75,36.14,36.76,35.97,160.87M,3.38%,35.507,34.97233333333334
07/16/2009,37.19,36.57,37.27,36.55,119.84M,1.20%,35.584,35.048166666666674
07/17/2009,37.39,37.19,37.4,37.0,104.91M,0.54%,35.654,35.122
07/20/2009,37.74,37.57,37.82,37.43,97.17M,0.94%,35.795,35.192166666666665
07/21/2009,38.0,37.89,38.0,37.46,130.59M,0.69%,35.952999999999996,35.266
07/22/2009,38.32,38.02,38.51,37.95,113.81M,0.84%,36.098,35.349333333333334
07/23/2009,39.17,38.27,39.31,38.21,160.57M,2.22%,36.2505,35.439166666666665
07/24/2009,38.87,38.75,39.19,38.6,109.31M,-0.77%,36.384,35.51833333333333
07/27/2009,39.17,39.11,39.23,38.69,94.72M,0.77%,36.528499999999994,35.601
07/28/2009,38.9,39.0,39.41,38.75,111.56M,-0.69%,36.663,35.667833333333334
07/29/2009,39.16,39.14,39.25,38.82,126.54M,0.67%,36.8095,35.7395
07/30/2009,39.39,39.55,39.99,39.33,108.97M,0.59%,37.0075,35.81483333333333
07/31/2009,39.27,39.38,39.67,39.23,78.21M,-0.30%,37.191500000000005,35.90183333333333
08/03/2009,39.85,39.66,39.87,39.46,111.72M,1.48%,37.4215,35.99816666666667
08/04/2009,39.85,39.67,40.0,39.58,100.69M,0.00%,37.6955,36.0925
08/05/2009,39.54,39.94,39.95,39.28,118.09M,-0.78%,37.945,36.18866666666667
08/06/2009,39.2,39.6,39.74,39.06,116.94M,-0.86%,38.1745,36.29416666666667
08/07/2009,39.69,39.72,39.88,39.41,107.51M,1.25%,38.421,36.401833333333336
08/10/2009,39.42,39.54,39.66,39.16,87.16M,-0.68%,38.620999999999995,36.50533333333333
08/11/2009,39.08,39.24,39.32,38.87,91.92M,-0.86%,38.7975,36.58866666666667
08/12/2009,39.68,39.03,40.03,39.02,147.24M,1.54%,38.944,36.67933333333333
08/13/2009,39.9,39.91,39.97,39.46,110.11M,0.55%,39.0795,36.775666666666666
08/14/2009,39.45,39.7,39.77,39.1,124.48M,-1.13%,39.1825,36.875
08/17/2009,38.3,38.79,38.83,38.28,131.80M,-2.92%,39.2105,36.957
08/18/2009,38.85,38.54,39.79,38.43,84.61M,1.44%,39.253,37.02733333333333
08/19/2009,39.12,38.41,39.22,38.36,88.04M,0.69%,39.293,37.106166666666674
08/20/2009,39.57,39.1,39.65,39.02,81.47M,1.15%,39.313,37.18583333333333
08/21/2009,40.1,39.82,40.17,39.55,114.66M,1.34%,39.3745,37.26716666666667
08/24/2009,40.06,40.17,40.38,39.91,109.90M,-0.10%,39.419,37.331166666666675
08/25/2009,40.18,40.15,40.57,40.06,92.90M,0.30%,39.483000000000004,37.39633333333334
08/26/2009,40.11,40.1,40.41,39.89,96.41M,-0.17%,39.5305,37.46216666666667
08/27/2009,40.21,40.13,40.28,39.49,121.96M,0.25%,39.5715,37.52283333333334
08/28/2009,40.25,40.7,40.89,39.97,114.31M,0.10%,39.6205,37.5835
08/31/2009,39.84,39.97,40.01,39.6,96.42M,-1.02%,39.62,37.63916666666667
09/01/2009,39.1,39.68,40.4,38.98,162.96M,-1.86%,39.582499999999996,37.67783333333333
09/02/2009,39.07,38.91,39.29,38.86,92.76M,-0.08%,39.559,37.71816666666666
09/03/2009,39.33,39.26,39.39,38.84,76.78M,0.67%,39.5655,37.76283333333333
09/04/2009,40.17,39.4,40.19,39.34,74.87M,2.14%,39.5895,37.824333333333335
09/08/2009,40.55,40.46,40.59,40.27,71.02M,0.95%,39.646,37.90466666666667
09/09/2009,40.9,40.57,41.1,40.4,99.29M,0.86%,39.737,37.99666666666667
09/10/2009,41.29,40.92,41.34,40.81,99.29M,0.95%,39.8175,38.08950000000001
09/11/2009,41.33,41.31,41.43,41.03,93.87M,0.10%,39.888999999999996,38.18416666666667
09/14/2009,41.49,41.04,41.52,41.02,90.56M,0.39%,39.991,38.27583333333333
09/15/2009,41.62,41.47,41.75,41.38,91.59M,0.31%,40.157,38.3875
09/16/2009,42.22,41.78,42.28,41.65,96.89M,1.44%,40.3255,38.5105
09/17/2009,42.21,42.12,42.46,42.01,102.17M,-0.02%,40.480000000000004,38.623666666666665
09/18/2009,42.24,42.36,42.42,42.01,87.45M,0.07%,40.6135,38.72566666666667
09/21/2009,42.37,42.02,42.5,41.96,71.35M,0.31%,40.727,38.8285
09/22/2009,42.45,42.62,42.63,42.24,75.64M,0.19%,40.846500000000006,38.931333333333335
09/23/2009,42.25,42.63,42.97,42.18,143.92M,-0.47%,40.95,39.032000000000004
09/24/2009,41.87,42.41,42.49,41.58,111.02M,-0.90%,41.038,39.126
09/25/2009,41.51,41.59,41.89,41.39,109.22M,-0.86%,41.103,39.227333333333334
09/28/2009,42.21,41.72,42.46,41.69,84.48M,1.69%,41.201,39.33766666666667
09/29/2009,42.02,42.21,42.42,41.83,106.69M,-0.45%,41.31,39.450500000000005
09/30/2009,42.05,42.19,42.4,41.41,173.10M,0.07%,41.457499999999996,39.5785
10/01/2009,40.81,41.91,41.93,40.81,140.12M,-2.95%,41.5445,39.68283333333333
10/02/2009,40.69,40.53,41.06,40.53,145.29M,-0.29%,41.6125,39.784166666666664
10/05/2009,41.02,40.9,41.21,40.64,97.05M,0.81%,41.655,39.8885
10/06/2009,41.74,41.24,41.94,41.03,124.63M,1.76%,41.7145,39.993833333333335
10/07/2009,41.86,41.68,41.88,41.58,93.79M,0.29%,41.7625,40.099000000000004
10/08/2009,42.04,42.11,42.42,41.94,107.85M,0.43%,41.8,40.18716666666667
10/09/2009,42.28,41.95,42.35,41.86,62.83M,0.57%,41.847500000000004,40.272
10/12/2009,42.37,42.43,42.67,42.08,53.22M,0.21%,41.89149999999999,40.355
10/13/2009,42.38,42.34,42.55,42.17,70.94M,0.02%,41.9295,40.43233333333333
10/14/2009,42.96,42.9,43.09,42.65,91.00M,1.37%,41.966499999999996,40.515
10/15/2009,42.86,42.73,42.92,42.67,85.77M,-0.23%,41.999,40.59066666666667
10/16/2009,42.58,42.72,42.79,42.28,111.86M,-0.65%,42.016000000000005,40.6475
10/19/2009,43.01,42.61,43.07,42.39,83.51M,1.01%,42.048,40.7165
10/20/2009,43.02,43.25,43.26,42.74,89.85M,0.02%,42.076499999999996,40.78066666666667
10/21/2009,42.94,43.0,43.62,42.86,110.40M,-0.19%,42.111,40.84799999999999
10/22/2009,43.11,42.87,43.29,42.59,85.87M,0.40%,42.172999999999995,40.91383333333333
10/23/2009,42.93,43.49,43.53,42.82,117.03M,-0.42%,42.244,40.97283333333334
10/26/2009,42.79,42.97,43.56,42.59,107.07M,-0.33%,42.273,41.03150000000001
10/27/2009,42.14,42.75,42.91,41.98,121.44M,-1.52%,42.278999999999996,41.06966666666666
10/28/2009,41.2,41.99,42.12,41.11,143.55M,-2.23%,42.2365,41.092166666666664
10/29/2009,41.89,41.49,41.99,41.35,85.21M,1.67%,42.2905,41.13133333333334
10/30/2009,40.77,41.86,41.95,40.73,162.80M,-2.67%,42.2945,41.157500000000006
11/02/2009,40.94,40.82,41.38,40.45,142.52M,0.42%,42.2905,41.178333333333335
11/03/2009,41.07,40.78,41.13,40.65,95.11M,0.32%,42.257,41.20583333333333
11/04/2009,41.14,41.32,41.67,41.09,107.97M,0.17%,42.221,41.24016666666667
11/05/2009,42.15,41.62,42.2,41.59,135.20M,2.46%,42.2265,41.281333333333336
11/06/2009,42.4,41.96,42.45,41.88,96.31M,0.59%,42.2325,41.323
11/09/2009,43.31,42.72,43.32,42.68,101.62M,2.15%,42.2795,41.38733333333333
11/10/2009,43.42,43.25,43.57,43.2,72.85M,0.25%,42.331500000000005,41.47266666666667
11/11/2009,43.7,43.74,43.93,43.41,84.68M,0.64%,42.3685,41.5535
11/12/2009,43.45,43.72,43.95,43.35,92.43M,-0.57%,42.398,41.62566666666667
11/13/2009,43.81,43.58,43.93,43.43,87.96M,0.83%,42.4595,41.696333333333335
11/16/2009,44.25,43.98,44.44,43.91,87.78M,1.00%,42.521499999999996,41.765499999999996
11/17/2009,44.39,44.13,44.39,44.04,81.88M,0.32%,42.589999999999996,41.837666666666664
11/18/2009,44.15,44.26,44.28,43.84,100.24M,-0.54%,42.65050000000001,41.90383333333333
11/19/2009,43.46,43.85,43.87,43.15,114.56M,-1.56%,42.668,41.959666666666664
11/20/2009,43.24,43.21,43.35,43.08,70.91M,-0.51%,42.683499999999995,42.01016666666666
11/23/2009,43.93,43.67,44.19,43.66,91.62M,1.60%,42.740500000000004,42.0715
11/24/2009,43.79,43.93,43.94,43.53,60.67M,-0.32%,42.823,42.13733333333334
11/25/2009,43.97,43.93,44.01,43.81,37.63M,0.41%,42.9615,42.21849999999999
11/27/2009,43.31,42.8,43.63,42.7,61.23M,-1.50%,43.0325,42.28916666666667
11/30/2009,43.36,43.21,43.42,42.91,84.82M,0.12%,43.162,42.35633333333333
12/01/2009,43.81,43.68,44.09,43.68,81.82M,1.04%,43.3055,42.417
12/02/2009,43.86,43.95,44.28,43.78,81.65M,0.11%,43.44500000000001,42.472166666666666
12/03/2009,43.69,44.03,44.29,43.68,72.46M,-0.39%,43.572500000000005,42.51866666666667
12/04/2009,43.91,44.24,44.52,43.46,125.06M,0.50%,43.6605,42.56233333333333
12/07/2009,43.71,43.87,44.08,43.62,67.47M,-0.46%,43.726,42.602
12/08/2009,43.44,43.48,43.8,43.16,86.62M,-0.62%,43.7325,42.6345
12/09/2009,43.87,43.41,43.91,43.12,78.82M,0.99%,43.754999999999995,42.672
12/10/2009,44.09,44.04,44.33,44.03,76.72M,0.50%,43.7745,42.70316666666667
12/11/2009,43.92,44.31,44.38,43.75,66.64M,-0.39%,43.798,42.73166666666667
12/14/2009,44.34,44.22,44.39,43.98,47.97M,0.96%,43.8245,42.766666666666666
12/15/2009,44.09,44.2,44.46,43.96,61.17M,-0.56%,43.816500000000005,42.79533333333333
12/16/2009,44.15,44.26,44.49,44.08,61.63M,0.14%,43.804500000000004,42.82366666666667
12/17/2009,43.62,43.96,44.0,43.56,90.44M,-1.20%,43.778,42.8465
12/18/2009,44.25,43.93,44.27,43.8,96.44M,1.44%,43.8175,42.88616666666667
12/21/2009,44.75,44.46,44.92,44.46,82.38M,1.13%,43.893,42.94016666666666
12/22/2009,45.02,44.87,45.08,44.82,51.57M,0.60%,43.9475,42.986999999999995
12/23/2009,45.35,45.13,45.36,45.0,73.93M,0.73%,44.0255,43.0425
12/24/2009,45.77,45.4,45.77,45.39,31.77M,0.93%,44.1155,43.1045
12/28/2009,46.0,45.87,46.08,45.73,49.38M,0.50%,44.25,43.191
12/29/2009,45.82,46.0,46.03,45.78,32.41M,-0.39%,44.373000000000005,43.276500000000006
12/30/2009,45.95,45.79,46.04,45.75,57.61M,0.28%,44.48,43.35866666666667
12/31/2009,45.54,46.03,46.06,45.54,50.08M,-0.89%,44.56400000000001,43.422000000000004
01/04/2010,46.2,46.1,46.27,46.05,62.82M,1.45%,44.689499999999995,43.49433333333333
01/05/2010,46.2,46.16,46.28,45.94,62.94M,0.00%,44.804,43.56366666666666
01/06/2010,45.93,46.17,46.33,45.86,96.03M,-0.58%,44.915,43.624500000000005
01/07/2010,45.95,45.98,46.05,45.71,77.09M,0.04%,45.0405,43.68416666666667
01/08/2010,46.33,45.83,46.33,45.72,88.89M,0.83%,45.163500000000006,43.75
01/11/2010,46.14,46.38,46.42,45.91,104.67M,-0.41%,45.266000000000005,43.803000000000004
01/12/2010,45.57,45.87,45.93,45.32,90.67M,-1.24%,45.3485,43.848166666666664
01/13/2010,46.13,45.72,46.27,45.4,100.66M,1.23%,45.438,43.907333333333334
01/14/2010,46.17,46.04,46.3,46.0,75.81M,0.09%,45.542,43.96
01/15/2010,45.64,46.24,46.33,45.44,126.87M,-1.15%,45.6165,44.00366666666666
01/19/2010,46.37,45.75,46.42,45.74,84.39M,1.60%,45.754000000000005,44.060833333333335
01/20/2010,45.71,46.05,46.39,45.22,145.68M,-1.42%,45.827000000000005,44.104166666666664
01/21/2010,45.28,45.85,46.13,45.09,204.94M,-0.94%,45.853500000000004,44.14333333333333
01/22/2010,43.95,45.13,45.27,43.83,171.10M,-2.94%,45.8,44.16266666666666
01/25/2010,44.1,44.18,44.39,43.91,154.22M,0.34%,45.7375,44.19533333333333
01/26/2010,44.14,44.07,44.68,43.84,140.82M,0.09%,45.656,44.24433333333334
01/27/2010,44.49,44.08,44.64,43.81,161.63M,0.79%,45.5805,44.28766666666666
01/28/2010,43.35,44.19,44.22,43.12,221.44M,-2.56%,45.457,44.33066666666666
01/29/2010,42.59,43.7,43.81,42.43,212.13M,-1.75%,45.289,44.35816666666666
02/01/2010,43.06,42.71,43.08,42.68,136.83M,1.10%,45.165,44.391333333333336
02/02/2010,43.45,43.11,43.58,42.83,110.73M,0.91%,45.0275,44.42983333333334
02/03/2010,43.69,43.25,43.77,43.22,93.58M,0.55%,44.902,44.45550000000001
02/04/2010,42.42,43.38,43.46,42.42,151.65M,-2.91%,44.7265,44.45583333333333
02/05/2010,42.78,42.55,42.82,41.92,213.62M,0.85%,44.568,44.447
02/08/2010,42.47,42.72,42.98,42.44,94.35M,-0.72%,44.375,44.43116666666666
02/09/2010,42.91,42.97,43.31,42.56,118.96M,1.04%,44.213499999999996,44.418000000000006
02/10/2010,42.82,42.9,43.11,42.55,94.10M,-0.21%,44.07600000000001,44.4075
02/11/2010,43.47,42.81,43.59,42.56,93.05M,1.52%,43.943000000000005,44.401833333333336
02/12/2010,43.56,43.07,43.68,42.96,93.94M,0.21%,43.8125,44.39033333333334
02/16/2010,44.11,43.87,44.14,43.65,83.86M,1.26%,43.736000000000004,44.38566666666667
02/17/2010,44.36,44.29,44.36,44.05,82.69M,0.57%,43.6355,44.38916666666667
02/18/2010,44.64,44.33,44.72,44.24,65.75M,0.63%,43.582,44.408833333333334
02/19/2010,44.62,44.55,44.84,44.41,80.42M,-0.04%,43.549,44.43183333333334
02/22/2010,44.53,44.8,44.82,44.35,72.05M,-0.20%,43.577999999999996,44.44183333333333
02/23/2010,43.95,44.48,44.53,43.75,95.81M,-1.30%,43.5705,44.4445
02/24/2010,44.4,44.2,44.58,44.11,86.59M,1.02%,43.5835,44.451666666666675
02/25/2010,44.39,43.9,44.49,43.63,97.96M,-0.02%,43.578500000000005,44.46966666666667
02/26/2010,44.55,44.39,44.65,44.19,66.22M,0.36%,43.6385,44.4895
03/01/2010,45.2,44.74,45.28,44.74,77.29M,1.46%,43.769,44.51266666666667
03/02/2010,45.34,45.33,45.64,45.24,76.37M,0.31%,43.883,44.537333333333336
03/03/2010,45.39,45.46,45.61,45.22,65.74M,0.11%,43.980000000000004,44.565666666666665
03/04/2010,45.54,45.43,45.6,45.19,54.47M,0.33%,44.0725,44.59283333333334
03/05/2010,46.22,45.89,46.32,45.78,68.14M,1.49%,44.2625,44.63466666666667
03/08/2010,46.31,46.24,46.42,46.22,58.71M,0.19%,44.439,44.6825
03/09/2010,46.57,46.18,46.83,46.18,98.00M,0.56%,44.644,44.7275
03/10/2010,46.95,46.58,47.06,46.58,102.58M,0.82%,44.846000000000004,44.77516666666667
03/11/2010,47.13,46.85,47.13,46.76,67.51M,0.38%,45.0615,44.82866666666666
03/12/2010,47.14,47.28,47.31,46.88,64.07M,0.02%,45.245,44.87533333333334
03/15/2010,47.02,47.04,47.16,46.69,60.15M,-0.25%,45.418,44.92416666666667
03/16/2010,47.32,47.17,47.39,47.01,74.95M,0.64%,45.578500000000005,44.977
03/17/2010,47.45,47.38,47.68,47.31,75.64M,0.27%,45.733,45.04083333333334
03/18/2010,47.61,47.5,47.66,47.38,77.83M,0.34%,45.8815,45.09683333333333
03/19/2010,47.27,47.73,47.73,47.1,86.34M,-0.71%,46.013999999999996,45.13883333333333
03/22/2010,47.7,47.09,47.89,47.03,71.90M,0.91%,46.1725,45.1835
03/23/2010,48.03,47.78,48.08,47.55,59.18M,0.69%,46.3765,45.22816666666667
03/24/2010,47.8,47.92,47.95,47.69,63.03M,-0.48%,46.5465,45.26200000000001
03/25/2010,47.73,48.19,48.37,47.68,76.35M,-0.15%,46.713499999999996,45.29083333333334
03/26/2010,47.78,47.92,48.1,47.52,78.07M,0.10%,46.87500000000001,45.3235
03/29/2010,48.01,48.01,48.17,47.88,57.99M,0.48%,47.0155,45.35783333333333
03/30/2010,48.16,48.13,48.32,47.84,49.46M,0.31%,47.1565,45.40149999999999
03/31/2010,47.94,48.01,48.22,47.85,59.95M,-0.46%,47.284,45.4305
04/01/2010,47.94,48.11,48.47,47.57,83.73M,0.00%,47.404,45.459500000000006
04/05/2010,48.38,48.04,48.49,47.92,56.22M,0.92%,47.512,45.50033333333333
04/06/2010,48.52,48.26,48.67,48.16,54.10M,0.29%,47.6225,45.54316666666667
04/07/2010,48.4,48.46,48.64,48.14,77.21M,-0.25%,47.714,45.57766666666667
04/08/2010,48.51,48.28,48.59,48.02,68.32M,0.23%,47.791999999999994,45.61716666666666
04/09/2010,48.8,48.54,48.82,48.41,54.23M,0.60%,47.8755,45.67100000000001
04/12/2010,48.84,48.82,48.97,48.71,44.28M,0.08%,47.9605,45.71616666666667
04/13/2010,49.09,48.79,49.12,48.63,59.38M,0.51%,48.064,45.76483333333333
04/14/2010,49.68,49.34,49.69,49.27,69.00M,1.20%,48.182,45.83216666666667
04/15/2010,49.9,49.65,49.96,49.64,72.25M,0.44%,48.304500000000004,45.891
04/16/2010,49.3,49.72,49.89,48.97,127.39M,-1.20%,48.388999999999996,45.950833333333335
04/19/2010,49.27,49.13,49.43,48.67,98.25M,-0.06%,48.489,46.01733333333333
04/20/2010,49.52,49.52,49.65,49.2,69.54M,0.51%,48.58,46.11016666666667
04/21/2010,49.8,49.86,49.96,49.49,74.75M,0.57%,48.6685,46.20516666666667
04/22/2010,50.08,49.34,50.13,49.03,110.48M,0.56%,48.7825,46.30416666666667
04/23/2010,50.28,50.06,50.33,49.86,77.21M,0.40%,48.910000000000004,46.400666666666666
04/26/2010,50.18,50.29,50.41,50.07,67.36M,-0.20%,49.029999999999994,46.514500000000005
04/27/2010,49.11,49.99,50.2,48.98,112.61M,-2.13%,49.084999999999994,46.62316666666666
04/28/2010,49.14,49.37,49.4,48.75,130.08M,0.06%,49.134,46.724500000000006
04/29/2010,50.0,49.38,50.1,49.38,84.18M,1.75%,49.237,46.833666666666666
04/30/2010,49.01,49.98,50.06,48.97,110.90M,-1.98%,49.290499999999994,46.92233333333333
05/03/2010,49.7,49.2,49.94,49.2,74.17M,1.41%,49.3565,47.043666666666674
05/04/2010,48.2,49.08,49.09,47.86,141.14M,-3.02%,49.340500000000006,47.134
05/05/2010,47.96,47.76,48.27,47.42,128.56M,-0.50%,49.3185,47.225500000000004
05/06/2010,46.35,47.63,48.1,41.36,274.36M,-3.36%,49.2105,47.28283333333333
05/07/2010,45.2,46.0,46.58,44.08,288.20M,-2.48%,49.0305,47.322500000000005
05/10/2010,47.55,47.2,47.58,47.09,136.04M,5.20%,48.965999999999994,47.390499999999996
05/11/2010,47.5,47.09,48.16,46.98,113.20M,-0.11%,48.8865,47.45616666666667
05/12/2010,48.39,47.76,48.43,47.68,85.46M,1.87%,48.821999999999996,47.527499999999996
05/13/2010,47.63,48.2,48.56,47.51,102.84M,-1.57%,48.7085,47.582
05/14/2010,46.71,47.27,47.3,46.16,147.39M,-1.93%,48.579,47.616499999999995
05/17/2010,46.86,46.82,47.05,45.86,120.97M,0.32%,48.4585,47.65383333333333
05/18/2010,46.21,47.25,47.36,46.0,153.07M,-1.39%,48.293,47.68183333333334
05/19/2010,45.85,46.04,46.41,45.34,159.00M,-0.78%,48.0955,47.713499999999996
05/20/2010,44.14,44.96,45.07,44.04,189.29M,-3.73%,47.798500000000004,47.70916666666666
05/21/2010,44.63,43.44,45.43,43.29,190.63M,1.11%,47.516000000000005,47.713166666666666
05/24/2010,44.45,44.6,45.11,44.43,113.39M,-0.40%,47.2295,47.7115
05/25/2010,44.49,43.47,44.55,43.03,155.64M,0.09%,46.9985,47.699666666666666
05/26/2010,43.99,44.72,45.36,43.91,140.20M,-1.12%,46.741,47.67716666666666
05/27/2010,45.66,45.01,45.68,44.88,110.74M,3.80%,46.524,47.681666666666665
05/28/2010,45.39,45.73,45.78,44.99,128.54M,-0.59%,46.343,47.67916666666667
06/01/2010,44.97,45.24,46.03,44.92,104.24M,-0.93%,46.1065,47.65833333333333
06/02/2010,46.03,45.24,46.06,44.92,97.25M,2.36%,45.998,47.65366666666667
06/03/2010,46.47,46.14,46.55,45.87,98.93M,0.96%,45.923500000000004,47.652
06/04/2010,44.88,45.5,46.07,44.73,112.85M,-3.42%,45.85,47.61749999999999
06/07/2010,44.06,45.13,45.25,44.01,88.44M,-1.83%,45.793,47.56633333333333
06/08/2010,43.98,44.16,44.27,43.39,133.99M,-0.18%,45.61450000000001,47.51366666666666
06/09/2010,43.62,44.27,44.7,43.49,102.08M,-0.82%,45.420500000000004,47.457
06/10/2010,44.86,44.18,44.91,44.03,76.89M,2.84%,45.244,47.416000000000004
06/11/2010,45.29,44.42,45.33,44.4,74.35M,0.96%,45.127,47.379999999999995
06/14/2010,45.28,45.7,46.02,45.2,68.08M,-0.02%,45.0555,47.34116666666667
06/15/2010,46.49,45.5,46.55,45.24,76.33M,2.67%,45.037,47.32816666666667
06/16/2010,46.68,46.36,46.92,46.28,78.40M,0.41%,45.0605,47.311166666666665
06/17/2010,46.83,46.94,46.96,46.42,77.11M,0.32%,45.109500000000004,47.29116666666667
06/18/2010,46.78,46.84,47.12,46.64,75.92M,-0.11%,45.241499999999995,47.274166666666666
06/21/2010,46.38,47.38,47.46,46.11,95.49M,-0.86%,45.32899999999999,47.251666666666665
06/22/2010,46.02,46.57,46.92,45.94,94.49M,-0.78%,45.4075,47.22233333333333
06/23/2010,45.84,46.07,46.25,45.48,92.40M,-0.39%,45.475,47.186166666666665
06/24/2010,45.14,45.63,45.78,44.99,114.71M,-1.53%,45.5325,47.13583333333334
06/25/2010,45.06,45.3,45.45,44.74,89.04M,-0.18%,45.502500000000005,47.087833333333336
06/28/2010,44.9,45.08,45.34,44.6,71.38M,-0.36%,45.478,47.037166666666664
06/29/2010,43.17,44.21,44.25,42.87,136.38M,-3.85%,45.388,46.95033333333333
06/30/2010,42.51,43.03,43.47,42.44,101.31M,-1.53%,45.212,46.85016666666666
07/01/2010,42.39,42.62,42.76,41.58,158.69M,-0.28%,45.008,46.75
07/02/2010,42.27,42.47,42.62,41.89,78.57M,-0.28%,44.877500000000005,46.646
07/06/2010,42.4,42.89,43.17,42.05,88.59M,0.31%,44.7945,46.53933333333334
07/07/2010,43.76,42.54,43.81,42.5,72.45M,3.21%,44.7835,46.45466666666667
07/08/2010,43.99,44.1,44.17,43.48,78.26M,0.53%,44.802,46.369666666666674
07/09/2010,44.41,43.97,44.42,43.87,47.86M,0.95%,44.7795,46.28183333333333
07/12/2010,44.54,44.37,44.82,44.25,60.93M,0.29%,44.742,46.1925
07/13/2010,45.12,44.92,45.29,44.59,93.31M,1.30%,44.733999999999995,46.12283333333333
07/14/2010,45.35,45.21,45.6,45.03,87.69M,0.51%,44.677,46.0575
07/15/2010,45.39,45.25,45.53,44.78,95.99M,0.09%,44.6125,45.98866666666667
07/16/2010,44.13,45.23,45.42,44.09,98.83M,-2.78%,44.4775,45.89416666666666
07/19/2010,44.51,44.27,44.6,43.89,81.80M,0.86%,44.364,45.80133333333333
07/20/2010,45.05,43.79,45.05,43.66,89.06M,1.21%,44.2975,45.71416666666667
07/21/2010,44.43,45.54,45.55,44.35,83.58M,-1.38%,44.218,45.61833333333333
07/22/2010,45.56,45.05,45.77,45.03,82.89M,2.54%,44.204,45.55916666666667
07/23/2010,45.85,45.25,45.89,45.17,81.06M,0.64%,44.23950000000001,45.50433333333333
07/26/2010,46.22,45.91,46.24,45.7,64.85M,0.81%,44.2975,45.44133333333333
07/27/2010,46.2,46.47,46.5,45.99,67.66M,-0.04%,44.3625,45.3945
07/28/2010,45.84,46.16,46.36,45.67,51.99M,-0.78%,44.496,45.33016666666666
07/29/2010,45.5,46.08,46.19,45.04,85.69M,-0.74%,44.645500000000006,45.28516666666667
07/30/2010,45.6,45.15,45.88,44.86,98.96M,0.22%,44.806,45.24583333333333
08/02/2010,46.45,46.16,46.57,45.99,68.71M,1.86%,45.015,45.247499999999995
08/03/2010,46.25,46.41,46.48,46.03,60.86M,-0.43%,45.207499999999996,45.26499999999999
08/04/2010,46.72,46.47,46.77,46.28,43.82M,1.02%,45.3555,45.25116666666667
08/05/2010,46.61,46.5,46.7,46.3,39.15M,-0.24%,45.4865,45.23633333333334
08/06/2010,46.54,46.1,46.63,45.84,71.34M,-0.15%,45.593,45.20550000000001
08/09/2010,46.86,46.79,46.97,46.57,26.94M,0.69%,45.708999999999996,45.19266666666667
08/10/2010,46.46,46.5,46.73,46.06,86.69M,-0.85%,45.776,45.1885
08/11/2010,45.19,45.7,45.71,45.0,92.22M,-2.73%,45.768,45.160666666666664
08/12/2010,44.83,44.35,45.03,44.24,66.00M,-0.80%,45.74,45.13766666666666
08/13/2010,44.51,44.66,44.85,44.5,46.39M,-0.71%,45.759,45.11533333333333
08/16/2010,44.59,44.27,44.9,44.09,55.47M,0.18%,45.763000000000005,45.12283333333334
08/17/2010,45.16,44.9,45.57,44.82,56.93M,1.28%,45.7685,45.13166666666667
08/18/2010,45.34,45.08,45.61,44.9,61.84M,0.40%,45.81400000000001,45.14650000000001
08/19/2010,44.65,45.08,45.25,44.35,82.97M,-1.52%,45.7685,45.149166666666666
08/20/2010,44.71,44.58,44.82,44.33,66.81M,0.13%,45.7115,45.16116666666667
08/23/2010,44.27,45.04,45.13,44.25,69.61M,-0.98%,45.614000000000004,45.138
08/24/2010,43.45,43.81,43.91,43.26,79.10M,-1.85%,45.4765,45.10566666666667
08/25/2010,43.86,43.15,44.05,43.07,87.35M,0.94%,45.3775,45.08716666666667
08/26/2010,43.34,44.03,44.11,43.3,91.22M,-1.19%,45.2695,45.04233333333333
08/27/2010,43.86,43.66,43.95,42.77,109.60M,1.20%,45.1825,44.99883333333334
08/30/2010,43.41,43.67,44.04,43.4,49.37M,-1.03%,45.0305,44.974333333333334
08/31/2010,43.26,43.19,43.65,42.98,72.07M,-0.35%,44.881,44.961000000000006
09/01/2010,44.55,43.89,44.7,43.86,83.52M,2.98%,44.7725,44.9705
09/02/2010,45.05,44.63,45.07,44.52,41.82M,1.12%,44.6945,44.99433333333333
09/03/2010,45.8,45.52,45.81,45.34,64.04M,1.66%,44.6575,45.01
09/07/2010,45.49,45.61,45.82,45.41,51.20M,-0.68%,44.589,45.013333333333335
09/08/2010,46.03,45.63,46.23,45.61,66.88M,1.19%,44.567499999999995,45.02583333333333
09/09/2010,46.21,46.45,46.48,46.1,61.48M,0.39%,44.6185,45.021166666666666
09/10/2010,46.38,46.27,46.45,46.03,67.00M,0.37%,44.696,45.01616666666666
09/13/2010,47.03,46.73,47.15,46.72,64.52M,1.40%,44.821999999999996,45.0195
09/14/2010,47.23,46.95,47.48,46.86,91.41M,0.43%,44.95399999999999,45.02700000000001
09/15/2010,47.53,47.13,47.58,46.97,67.11M,0.64%,45.072500000000005,45.046166666666664
09/16/2010,47.72,47.46,47.76,47.32,66.89M,0.40%,45.1915,45.07450000000001
09/17/2010,47.77,47.92,47.92,47.53,76.37M,0.10%,45.3475,45.10666666666667
09/20/2010,48.6,47.96,48.7,47.89,84.54M,1.74%,45.542,45.16433333333334
09/21/2010,48.59,48.61,48.94,48.38,82.35M,-0.02%,45.757999999999996,45.22316666666667
09/22/2010,48.46,48.38,48.79,48.19,88.32M,-0.27%,46.008500000000005,45.282500000000006
09/23/2010,48.44,48.16,48.93,48.09,85.04M,-0.04%,46.2375,45.37033333333333
09/24/2010,49.43,48.99,49.46,48.92,79.50M,2.04%,46.542,45.485666666666674
09/27/2010,49.16,49.42,49.52,49.12,43.88M,-0.55%,46.807,45.598499999999994
09/28/2010,49.14,49.28,49.31,48.36,104.92M,-0.04%,47.0935,45.712999999999994
09/29/2010,49.06,49.07,49.3,48.88,81.68M,-0.16%,47.383500000000005,45.82399999999999
09/30/2010,48.84,49.31,49.61,48.52,122.46M,-0.45%,47.598,45.90866666666667
10/01/2010,48.78,49.23,49.3,48.55,77.68M,-0.12%,47.7845,45.9885
10/04/2010,48.25,48.63,48.82,47.98,71.36M,-1.09%,47.907000000000004,46.0525
10/05/2010,49.43,48.8,49.53,48.77,99.30M,2.45%,48.104,46.134
10/06/2010,49.0,49.36,49.48,48.68,81.83M,-0.87%,48.252500000000005,46.19866666666667
10/07/2010,49.18,49.29,49.31,48.77,75.69M,0.37%,48.400999999999996,46.2625
10/08/2010,49.52,49.22,49.64,48.85,83.22M,0.69%,48.55800000000001,46.33133333333333
10/11/2010,49.54,49.55,49.79,49.39,46.88M,0.04%,48.6835,46.42150000000001
10/12/2010,49.88,49.46,49.98,49.03,88.57M,0.69%,48.816,46.510999999999996
10/13/2010,50.28,50.17,50.51,50.05,71.12M,0.80%,48.9535,46.598166666666664
10/14/2010,50.19,50.3,50.4,49.94,68.46M,-0.18%,49.077000000000005,46.69416666666667
10/15/2010,51.25,50.8,51.26,50.39,104.65M,2.11%,49.251000000000005,46.789
10/18/2010,51.06,51.28,51.48,51.06,72.51M,-0.37%,49.374,46.87583333333334
10/19/2010,50.58,50.57,51.06,50.19,105.74M,-0.94%,49.4735,46.948499999999996
10/20/2010,50.95,50.72,51.33,50.63,80.86M,0.73%,49.598,47.02766666666666
10/21/2010,51.05,51.27,51.47,50.55,85.89M,0.20%,49.728500000000004,47.1145
10/22/2010,51.4,51.06,51.45,50.97,47.41M,0.69%,49.827,47.212833333333336
10/25/2010,51.65,51.61,51.99,51.61,51.41M,0.49%,49.951499999999996,47.31366666666667
10/26/2010,51.79,51.38,51.91,51.18,60.50M,0.27%,50.084,47.40266666666667
10/27/2010,51.95,51.53,51.99,51.42,57.48M,0.31%,50.228500000000004,47.49766666666667
10/28/2010,52.06,52.18,52.21,51.6,61.22M,0.21%,50.389500000000005,47.586666666666666
10/29/2010,51.94,52.05,52.25,51.93,46.67M,-0.23%,50.5475,47.67549999999999
11/01/2010,51.98,52.14,52.5,51.74,60.56M,0.08%,50.734,47.76616666666666
11/02/2010,52.53,52.41,52.68,52.33,48.14M,1.06%,50.888999999999996,47.860666666666674
11/03/2010,52.77,52.59,52.79,52.12,126.23M,0.46%,51.0775,47.965833333333336
11/04/2010,53.42,53.38,53.61,53.25,84.20M,1.23%,51.2895,48.103
11/05/2010,53.42,53.45,53.56,53.26,77.94M,0.00%,51.484500000000004,48.24616666666667
11/08/2010,53.49,53.32,53.58,53.2,39.62M,0.13%,51.682,48.395833333333336
11/09/2010,53.2,53.72,53.79,52.96,66.97M,-0.54%,51.848,48.539333333333325
11/10/2010,53.46,53.28,53.52,52.85,83.55M,0.49%,52.007000000000005,48.67766666666667
11/11/2010,53.14,52.65,53.23,52.41,85.16M,-0.60%,52.1545,48.80766666666667
11/12/2010,52.27,52.85,53.12,51.87,99.16M,-1.64%,52.205499999999994,48.93466666666667
11/15/2010,52.07,52.53,52.63,52.05,56.72M,-0.38%,52.25600000000001,49.05733333333333
11/16/2010,51.21,51.69,52.0,50.61,101.10M,-1.65%,52.2875,49.173
11/17/2010,51.36,51.25,51.63,51.11,77.84M,0.29%,52.30800000000001,49.304833333333335
11/18/2010,52.19,51.91,52.54,51.89,71.49M,1.62%,52.364999999999995,49.44366666666667
11/19/2010,52.23,52.1,52.35,51.9,54.51M,0.08%,52.40650000000001,49.591833333333334
11/22/2010,52.66,52.01,52.66,51.93,69.92M,0.82%,52.45700000000001,49.7385
11/23/2010,51.83,52.15,52.21,51.53,76.90M,-1.58%,52.459,49.87883333333333
11/24/2010,52.87,52.34,53.0,52.32,53.46M,2.01%,52.504999999999995,50.038999999999994
11/26/2010,52.69,52.55,52.88,52.42,23.64M,-0.34%,52.536500000000004,50.17466666666667
11/29/2010,52.48,52.45,52.65,51.86,89.27M,-0.40%,52.5635,50.2985
11/30/2010,51.84,51.94,52.49,51.64,118.86M,-1.22%,52.55650000000001,50.39916666666667
12/01/2010,52.94,52.62,53.21,52.59,81.76M,2.12%,52.577,50.52333333333333
12/02/2010,53.48,53.02,53.56,52.96,56.88M,1.02%,52.6125,50.64750000000001
12/03/2010,53.62,53.25,53.69,53.25,38.01M,0.26%,52.6225,50.771
12/06/2010,53.59,53.61,53.7,53.43,39.31M,-0.06%,52.63099999999999,50.89116666666667
12/07/2010,53.63,54.24,54.27,53.57,59.07M,0.07%,52.638,51.00116666666666
12/08/2010,53.83,53.77,53.9,53.44,48.07M,0.37%,52.66949999999999,51.11116666666667
12/09/2010,53.88,54.16,54.19,53.7,51.68M,0.09%,52.6905,51.217
12/10/2010,54.24,54.04,54.3,53.84,44.70M,0.67%,52.74549999999999,51.32566666666666
12/13/2010,54.05,54.46,54.49,54.02,53.11M,-0.35%,52.834500000000006,51.43033333333333
12/14/2010,54.14,54.17,54.37,53.98,69.94M,0.17%,52.938,51.522666666666666
12/15/2010,53.91,54.12,54.45,53.78,76.95M,-0.42%,53.073,51.61133333333333
12/16/2010,54.33,53.96,54.41,53.81,65.52M,0.78%,53.221500000000006,51.70916666666666
12/17/2010,54.27,54.29,54.43,54.16,36.85M,-0.11%,53.3255,51.806333333333335
12/20/2010,54.31,54.34,54.5,53.91,48.16M,0.07%,53.4295,51.88766666666666
12/21/2010,54.63,54.51,54.63,54.37,35.78M,0.59%,53.528,51.978833333333334
12/22/2010,54.63,54.6,54.7,54.53,35.77M,0.00%,53.66799999999999,52.07033333333334
12/23/2010,54.49,54.52,54.61,54.36,21.67M,-0.26%,53.749,52.16083333333333
12/27/2010,54.51,54.37,54.6,53.96,29.26M,0.04%,53.839999999999996,52.25533333333333
12/28/2010,54.42,54.62,54.66,54.3,24.17M,-0.17%,53.937,52.349333333333334
12/29/2010,54.53,54.56,54.64,54.48,24.13M,0.20%,54.0715,52.45399999999999
12/30/2010,54.41,54.53,54.54,54.3,27.56M,-0.22%,54.145,52.537000000000006
12/31/2010,54.21,54.35,54.37,53.96,38.57M,-0.37%,54.18150000000001,52.62383333333333
01/03/2011,55.05,54.7,55.43,54.69,90.99M,1.55%,54.253,52.72166666666667
01/04/2011,55.01,55.27,55.29,54.66,43.85M,-0.07%,54.324,52.81316666666667
01/05/2011,55.48,54.85,55.5,54.81,43.79M,0.85%,54.4165,52.912166666666664
01/06/2011,55.66,55.53,55.7,55.42,46.14M,0.32%,54.507999999999996,53.008500000000005
01/07/2011,55.61,55.76,55.79,55.06,72.26M,-0.09%,54.594500000000004,53.09733333333334
01/10/2011,55.82,55.46,55.92,55.32,55.55M,0.38%,54.673500000000004,53.19116666666666
01/11/2011,55.9,56.03,56.1,55.69,56.66M,0.14%,54.766,53.26866666666667
01/12/2011,56.29,56.16,56.3,55.94,51.98M,0.70%,54.8735,53.35583333333333
01/13/2011,56.31,56.33,56.47,56.15,47.43M,0.04%,54.9935,53.45133333333333
01/14/2011,56.73,56.33,56.75,56.2,43.87M,0.75%,55.1135,53.54766666666667
01/18/2011,56.89,56.26,56.96,56.23,65.80M,0.28%,55.2445,53.644999999999996
01/19/2011,56.25,56.97,56.99,56.06,67.77M,-1.12%,55.34150000000001,53.72583333333333
01/20/2011,55.85,56.04,56.09,55.42,92.36M,-0.71%,55.402499999999996,53.795833333333334
01/21/2011,55.42,56.13,56.23,55.39,59.67M,-0.77%,55.44200000000001,53.85633333333333
01/24/2011,56.19,55.53,56.2,55.42,64.10M,1.39%,55.527,53.927
01/25/2011,56.27,55.92,56.29,55.79,55.31M,0.14%,55.61500000000001,53.997166666666665
01/26/2011,56.57,56.37,56.71,56.19,60.55M,0.53%,55.722500000000004,54.074333333333335
01/27/2011,56.91,56.74,57.08,56.65,53.66M,0.60%,55.841499999999996,54.1565
01/28/2011,55.47,56.89,56.95,55.21,123.36M,-2.53%,55.894499999999994,54.2055
01/31/2011,55.74,55.55,55.9,55.13,70.57M,0.49%,55.97099999999999,54.254999999999995
02/01/2011,56.78,56.16,56.91,56.1,76.95M,1.87%,56.05749999999999,54.311
02/02/2011,56.69,56.65,56.9,56.58,48.66M,-0.16%,56.14149999999999,54.365500000000004
02/03/2011,56.79,56.59,56.87,56.14,45.34M,0.18%,56.206999999999994,54.4205
02/04/2011,57.11,56.78,57.15,56.63,47.65M,0.56%,56.279500000000006,54.485666666666674
02/07/2011,57.38,57.22,57.7,57.13,45.63M,0.47%,56.367999999999995,54.551
02/08/2011,57.75,57.38,57.8,57.29,38.10M,0.64%,56.4645,54.627833333333335
02/09/2011,57.66,57.67,57.85,57.48,62.54M,-0.16%,56.552499999999995,54.717666666666666
02/10/2011,57.75,57.34,57.83,57.22,70.19M,0.16%,56.6255,54.812333333333335
02/11/2011,58.17,57.6,58.21,57.5,47.85M,0.73%,56.718500000000006,54.92833333333333
02/14/2011,58.31,58.16,58.39,58.11,48.51M,0.24%,56.7975,55.04416666666667
02/15/2011,58.23,58.17,58.3,57.96,39.72M,-0.14%,56.8645,55.14483333333333
02/16/2011,58.61,58.37,58.77,58.36,53.06M,0.65%,56.982499999999995,55.25116666666666
02/17/2011,58.59,58.33,58.7,58.28,38.36M,-0.03%,57.1195,55.35
02/18/2011,58.46,58.61,58.7,58.24,44.34M,-0.22%,57.27149999999999,55.4605
02/22/2011,56.76,57.73,57.86,56.67,92.60M,-2.91%,57.3,55.525333333333336
02/23/2011,56.3,56.73,56.96,55.87,97.84M,-0.81%,57.3015,55.5855
02/24/2011,56.59,56.44,56.76,55.88,98.72M,0.52%,57.302499999999995,55.654
02/25/2011,57.38,56.89,57.45,56.85,54.09M,1.40%,57.326,55.74633333333333
02/28/2011,57.5,57.6,57.78,57.16,51.40M,0.21%,57.42750000000001,55.822333333333326
03/01/2011,56.58,57.72,57.75,56.43,91.99M,-1.60%,57.469500000000004,55.874
03/02/2011,56.87,56.56,57.24,56.53,61.55M,0.51%,57.474000000000004,55.92816666666667
03/03/2011,57.99,57.41,58.09,57.4,64.25M,1.97%,57.539,56.00149999999999
03/04/2011,57.7,57.98,57.99,57.32,62.33M,-0.50%,57.584500000000006,56.06933333333334
03/07/2011,56.92,57.94,57.99,56.41,98.47M,-1.35%,57.575,56.12083333333333
03/08/2011,57.15,56.83,57.41,56.51,62.40M,0.40%,57.5635,56.175333333333334
03/09/2011,56.76,56.94,57.0,56.46,84.76M,-0.68%,57.513999999999996,56.217333333333336
03/10/2011,55.88,56.13,56.26,55.65,102.99M,-1.55%,57.425,56.24783333333334
03/11/2011,56.23,55.57,56.4,55.56,81.68M,0.63%,57.349000000000004,56.282666666666664
03/14/2011,56.03,55.92,56.33,55.6,73.62M,-0.36%,57.242,56.318
03/15/2011,55.23,54.39,55.56,54.22,101.28M,-1.43%,57.088,56.333
03/16/2011,53.9,54.77,55.08,53.52,176.51M,-2.41%,56.871500000000005,56.32683333333333
03/17/2011,54.4,54.75,54.98,53.88,94.43M,0.93%,56.661,56.32833333333334
03/18/2011,54.2,54.94,54.96,54.16,94.89M,-0.37%,56.4415,56.32116666666666
03/21/2011,55.24,55.03,55.52,54.24,57.42M,1.92%,56.2805,56.33133333333333
03/22/2011,55.14,55.31,55.35,55.02,36.25M,-0.18%,56.199499999999986,56.34216666666667
03/23/2011,55.45,54.93,55.61,54.56,60.37M,0.56%,56.157,56.35783333333333
03/24/2011,56.44,55.86,56.56,55.56,69.50M,1.79%,56.1495,56.39149999999999
03/25/2011,56.58,56.63,56.95,56.47,74.13M,0.25%,56.10949999999999,56.425666666666665
03/28/2011,56.27,56.82,56.83,56.24,37.82M,-0.55%,56.04799999999999,56.45666666666666
03/29/2011,56.81,56.14,56.81,55.97,47.99M,0.96%,56.0595,56.5
03/30/2011,57.08,57.09,57.16,56.81,44.94M,0.48%,56.07000000000001,56.533833333333334
03/31/2011,57.16,56.98,57.21,56.88,50.14M,0.14%,56.02850000000001,56.56966666666666
04/01/2011,57.19,57.45,57.63,57.02,68.03M,0.05%,56.003,56.598166666666664
04/04/2011,57.0,57.35,57.41,56.75,48.66M,-0.33%,56.00699999999999,56.6205
04/05/2011,56.85,56.89,57.22,56.73,55.38M,-0.26%,55.992000000000004,56.64116666666666
04/06/2011,56.99,57.27,57.46,56.66,49.53M,0.25%,56.00350000000001,56.66066666666667
04/07/2011,56.95,56.96,57.33,56.55,60.71M,-0.07%,56.057,56.67816666666667
04/08/2011,56.68,57.21,57.3,56.39,42.78M,-0.47%,56.079499999999996,56.684666666666665
04/11/2011,56.5,56.89,57.02,56.3,42.45M,-0.32%,56.102999999999994,56.68783333333333
04/12/2011,56.11,56.26,56.38,55.89,50.64M,-0.69%,56.147000000000006,56.6775
04/13/2011,56.59,56.51,56.73,56.14,49.98M,0.86%,56.281499999999994,56.67250000000001
04/14/2011,56.49,56.19,56.57,55.97,53.54M,-0.18%,56.386,56.676500000000004
04/15/2011,56.39,56.27,56.61,56.02,68.53M,-0.18%,56.49550000000001,56.6855
04/18/2011,55.99,55.83,56.01,55.06,69.07M,-0.71%,56.533,56.69500000000001
04/19/2011,56.34,56.13,56.34,55.84,38.61M,0.63%,56.593,56.697500000000005
04/20/2011,57.61,57.32,57.67,56.34,67.40M,2.25%,56.701,56.719833333333334
04/21/2011,58.07,58.2,58.2,57.89,43.67M,0.80%,56.782500000000006,56.74483333333333
04/25/2011,58.22,58.13,58.25,58.01,25.38M,0.26%,56.86450000000001,56.766666666666666
04/26/2011,58.55,58.38,58.76,58.24,49.39M,0.57%,56.97850000000001,56.818
04/27/2011,58.94,58.63,59.01,58.39,56.47M,0.67%,57.084999999999994,56.87133333333334
04/28/2011,58.85,58.78,58.95,58.61,48.14M,-0.15%,57.173500000000004,56.905833333333334
04/29/2011,58.8,58.77,59.01,58.71,44.83M,-0.08%,57.2555,56.941
05/02/2011,58.7,58.91,59.06,58.55,48.15M,-0.17%,57.331,56.972833333333334
05/03/2011,58.42,58.68,58.73,58.06,38.14M,-0.48%,57.40200000000001,56.99466666666667
05/04/2011,58.33,58.45,58.6,57.84,53.11M,-0.15%,57.476,57.0105
05/05/2011,58.01,58.05,58.7,57.81,72.15M,-0.55%,57.527,57.014833333333335
05/06/2011,58.2,58.59,58.92,58.04,72.51M,0.33%,57.5895,57.02383333333333
05/09/2011,58.42,58.29,58.65,58.07,40.03M,0.38%,57.6765,57.035
05/10/2011,58.91,58.6,59.0,58.5,38.05M,0.84%,57.797000000000004,57.047333333333334
05/11/2011,58.48,58.82,59.03,58.09,61.91M,-0.73%,57.915499999999994,57.05016666666666
05/12/2011,58.83,58.29,58.91,57.97,66.13M,0.60%,58.027499999999996,57.06016666666666
05/13/2011,58.14,58.71,58.79,58.12,63.51M,-1.17%,58.11,57.05233333333334
05/16/2011,57.13,57.89,58.05,57.0,73.14M,-1.74%,58.14699999999999,57.028
05/17/2011,57.29,56.85,57.3,56.71,63.18M,0.28%,58.212,57.0085
05/18/2011,57.77,57.21,57.87,57.14,42.35M,0.84%,58.283500000000004,57.025333333333336
05/19/2011,57.94,57.96,58.07,57.58,35.02M,0.29%,58.3,57.05266666666667
05/20/2011,57.5,57.88,57.94,57.42,44.70M,-0.76%,58.27149999999999,57.067833333333326
05/23/2011,56.65,56.72,56.88,56.39,43.68M,-1.48%,58.193,57.05566666666667
05/24/2011,56.31,56.8,56.8,56.3,39.31M,-0.60%,58.080999999999996,57.035833333333336
05/25/2011,56.53,56.23,56.79,56.21,41.37M,0.39%,57.96049999999999,57.035
05/26/2011,56.88,56.36,57.03,56.35,40.56M,0.62%,57.862,57.03516666666667
05/27/2011,57.16,56.97,57.22,56.92,30.13M,0.49%,57.779999999999994,57.02133333333334
05/31/2011,58.09,57.7,58.09,57.4,47.59M,1.63%,57.7495,57.027833333333334
06/01/2011,56.82,57.95,58.09,56.77,51.79M,-2.19%,57.66949999999999,57.02616666666666
06/02/2011,56.94,56.94,57.14,56.63,50.20M,0.21%,57.6,57.022666666666666
06/03/2011,56.09,56.3,56.72,56.01,57.77M,-1.49%,57.504,57.0115
06/06/2011,55.63,55.98,56.27,55.6,50.18M,-0.82%,57.3755,57.007333333333335
06/07/2011,55.53,55.79,56.0,55.49,46.31M,-0.18%,57.23100000000001,56.995666666666665
06/08/2011,55.13,55.41,55.51,54.97,46.43M,-0.72%,57.041999999999994,56.98066666666667
06/09/2011,55.23,55.11,55.5,54.97,45.31M,0.18%,56.87949999999999,56.98066666666667
06/10/2011,54.39,54.97,55.08,54.34,53.74M,-1.52%,56.657500000000006,56.98883333333333
06/13/2011,54.39,54.46,54.67,54.2,37.75M,0.00%,56.470000000000006,56.98866666666666
06/14/2011,55.08,54.79,55.21,54.77,40.57M,1.27%,56.36750000000001,57.00333333333334
06/15/2011,54.04,54.57,54.89,53.93,59.02M,-1.89%,56.205,56.983333333333334
06/16/2011,53.83,54.08,54.25,53.37,66.32M,-0.39%,56.007999999999996,56.9615
06/17/2011,53.54,54.2,54.34,53.38,70.35M,-0.54%,55.788,56.92966666666667
06/20/2011,53.82,53.41,53.98,53.39,37.40M,0.52%,55.604000000000006,56.885999999999996
06/21/2011,54.97,54.01,55.03,53.78,55.89M,2.14%,55.52,56.85916666666667
06/22/2011,54.58,54.74,55.06,54.56,36.83M,-0.71%,55.4335,56.831
06/23/2011,55.08,54.03,55.11,53.81,80.74M,0.92%,55.361000000000004,56.80216666666667
06/24/2011,54.13,54.81,54.87,54.02,56.30M,-1.72%,55.2235,56.753
06/27/2011,54.99,54.18,55.27,54.07,49.97M,1.59%,55.114999999999995,56.71683333333333
06/28/2011,55.81,55.12,55.82,55.03,47.03M,1.49%,55.001,56.69383333333334
06/29/2011,56.04,55.97,56.15,55.64,65.42M,0.41%,54.962,56.67783333333333
06/30/2011,56.78,56.24,56.82,56.21,50.48M,1.32%,54.95399999999999,56.67666666666666
07/01/2011,57.64,56.83,57.71,56.65,53.20M,1.51%,55.03150000000001,56.6875
07/05/2011,57.93,57.68,57.99,57.56,43.13M,0.50%,55.1465,56.703833333333336
07/06/2011,58.12,57.87,58.22,57.67,49.28M,0.33%,55.275999999999996,56.727833333333336
07/07/2011,58.91,58.55,59.08,58.47,54.80M,1.36%,55.46500000000001,56.768
07/08/2011,58.76,58.43,58.77,58.1,69.53M,-0.25%,55.64150000000001,56.81216666666667
07/11/2011,57.69,58.14,58.44,57.49,52.08M,-1.82%,55.80649999999999,56.8305
07/12/2011,57.25,57.67,57.8,57.19,84.00M,-0.76%,55.949499999999986,56.84316666666667
07/13/2011,57.49,57.67,58.07,57.28,82.37M,0.42%,56.06999999999999,56.8615
07/14/2011,56.82,57.66,57.91,56.61,98.77M,-1.17%,56.209,56.87533333333333
07/15/2011,57.58,57.45,57.58,57.04,68.29M,1.34%,56.3965,56.895999999999994
07/18/2011,57.27,57.27,57.52,56.71,59.51M,-0.54%,56.583000000000006,56.89033333333334
07/19/2011,58.58,57.86,58.63,57.82,73.90M,2.29%,56.82099999999999,56.89883333333333
07/20/2011,58.33,58.9,58.91,58.23,57.08M,-0.43%,56.989,56.900666666666666
07/21/2011,58.72,58.38,59.04,58.07,70.15M,0.67%,57.196000000000005,56.9035
07/22/2011,59.32,58.7,59.42,58.65,43.62M,1.02%,57.408,56.90983333333334
07/25/2011,59.2,58.85,59.53,58.75,48.92M,-0.20%,57.661500000000004,56.91566666666667
07/26/2011,59.35,59.16,59.55,59.04,40.92M,0.25%,57.87949999999999,56.92483333333333
07/27/2011,57.82,58.97,59.01,57.67,83.97M,-2.58%,57.98,56.91016666666667
07/28/2011,57.92,57.83,58.66,57.62,61.03M,0.17%,58.074,56.901833333333336
07/29/2011,57.73,57.46,58.34,57.17,82.86M,-0.33%,58.121500000000005,56.89183333333334
08/01/2011,57.46,58.4,58.55,56.76,85.42M,-0.47%,58.1125,56.882666666666665
08/02/2011,56.01,57.19,57.45,55.95,90.85M,-2.52%,58.01649999999999,56.84616666666667
08/03/2011,56.55,56.11,56.62,55.09,103.61M,0.96%,57.938,56.815000000000005
08/04/2011,53.92,55.72,55.83,53.92,132.83M,-4.65%,57.6885,56.731833333333334
08/05/2011,53.58,54.53,54.77,52.08,214.11M,-0.63%,57.4295,56.65016666666667
08/08/2011,50.35,51.97,52.87,50.35,204.80M,-6.03%,57.0625,56.508833333333335
08/09/2011,52.78,51.07,52.83,49.7,193.71M,4.83%,56.83900000000001,56.41949999999999
08/10/2011,50.62,51.58,52.8,50.56,205.92M,-4.09%,56.49550000000001,56.31100000000001
08/11/2011,52.85,51.34,53.44,51.1,143.82M,4.41%,56.29699999999999,56.237
08/12/2011,53.32,53.17,53.65,52.63,90.48M,0.89%,56.084,56.16283333333333
08/15/2011,54.11,53.52,54.11,53.28,73.55M,1.48%,55.926,56.099000000000004
08/16/2011,53.65,53.57,54.1,52.93,89.22M,-0.85%,55.679500000000004,56.03483333333334
08/17/2011,53.33,53.73,54.17,52.77,84.42M,-0.60%,55.4295,55.9795
08/18/2011,50.71,51.89,51.9,50.24,130.02M,-4.91%,55.028999999999996,55.88616666666667
08/19/2011,49.8,50.2,51.43,49.76,96.67M,-1.79%,54.553,55.774
08/22/2011,49.98,50.97,51.0,49.83,77.11M,0.36%,54.092,55.659
08/23/2011,52.04,50.32,52.04,50.11,75.69M,4.12%,53.7265,55.57366666666667
08/24/2011,52.44,51.94,52.55,51.47,80.20M,0.77%,53.457499999999996,55.4795
08/25/2011,51.59,52.39,52.66,51.41,93.62M,-1.62%,53.141,55.39233333333333
08/26/2011,52.88,51.44,53.06,50.91,91.57M,2.50%,52.8985,55.324666666666666
08/29/2011,54.36,53.39,54.42,53.39,45.99M,2.80%,52.7435,55.295833333333334
08/30/2011,54.71,54.14,55.04,53.86,61.62M,0.64%,52.6785,55.280499999999996
08/31/2011,54.8,55.03,55.48,54.35,60.90M,0.16%,52.590999999999994,55.26833333333333
09/01/2011,54.31,54.95,55.38,54.21,57.16M,-0.89%,52.6105,55.254666666666665
09/02/2011,53.03,53.33,54.36,52.74,58.19M,-2.36%,52.583000000000006,55.217999999999996
09/06/2011,53.04,51.8,53.12,51.67,52.99M,0.02%,52.717499999999994,55.1955
09/07/2011,54.39,53.78,54.4,53.65,48.95M,2.55%,52.798,55.1955
09/08/2011,54.14,54.12,54.91,53.96,61.42M,-0.46%,52.974000000000004,55.179833333333335
09/09/2011,52.93,53.76,53.99,52.6,63.66M,-2.23%,52.977999999999994,55.16133333333333
09/12/2011,53.61,52.36,53.65,52.33,65.97M,1.28%,52.99250000000001,55.157666666666664
09/13/2011,54.33,53.83,54.44,53.55,59.02M,1.34%,53.003499999999995,55.170833333333334
09/14/2011,55.1,54.59,55.72,54.07,90.76M,1.42%,53.076,55.19216666666667
09/15/2011,55.92,55.71,56.02,55.13,83.54M,1.49%,53.205499999999994,55.208
09/16/2011,56.33,55.99,56.39,55.83,91.90M,0.73%,53.4865,55.23716666666667
09/19/2011,56.35,55.64,56.64,55.17,73.04M,0.04%,53.814,55.25833333333333
09/20/2011,56.1,56.63,57.08,55.97,66.57M,-0.44%,54.120000000000005,55.29116666666666
09/21/2011,55.12,56.39,56.66,55.11,79.94M,-1.75%,54.274,55.29333333333334
09/22/2011,53.33,53.68,54.21,52.5,151.89M,-3.25%,54.31849999999999,55.251999999999995
09/23/2011,53.9,52.89,54.13,52.84,85.94M,1.07%,54.434000000000005,55.21633333333333
09/26/2011,54.52,54.17,54.62,52.96,96.26M,1.15%,54.516,55.17866666666667
09/27/2011,55.09,55.44,55.94,54.72,81.15M,1.05%,54.552499999999995,55.13616666666666
09/28/2011,54.28,55.31,55.71,54.15,76.76M,-1.47%,54.531000000000006,55.07533333333333
09/29/2011,53.63,55.1,55.17,52.72,116.90M,-1.20%,54.472500000000004,55.0005
09/30/2011,52.25,52.93,53.36,52.22,104.96M,-2.57%,54.369499999999995,54.889500000000005
10/03/2011,50.9,51.8,52.6,50.87,99.15M,-2.58%,54.263,54.7585
10/04/2011,51.95,50.36,52.05,49.86,137.01M,2.06%,54.2085,54.66283333333333
10/05/2011,53.28,51.83,53.43,51.42,108.83M,2.56%,54.153000000000006,54.596666666666664
10/06/2011,54.18,53.22,54.19,52.96,71.94M,1.69%,54.154999999999994,54.541500000000006
10/07/2011,53.82,54.16,54.41,53.47,72.53M,-0.66%,54.1995,54.491499999999995
10/10/2011,55.68,54.72,55.68,54.63,48.23M,3.46%,54.303,54.459833333333336
10/11/2011,56.06,55.55,56.2,55.44,66.45M,0.68%,54.38950000000001,54.43966666666667
10/12/2011,56.34,56.61,56.96,56.3,85.63M,0.50%,54.451499999999996,54.40233333333334
10/13/2011,56.85,56.23,56.92,56.17,63.44M,0.91%,54.498000000000005,54.37766666666667
10/14/2011,57.91,57.57,57.92,57.24,65.64M,1.86%,54.577,54.36416666666666
10/17/2011,57.01,57.63,57.82,56.71,65.16M,-1.55%,54.61,54.32566666666666
10/18/2011,57.72,56.92,58.02,56.4,91.43M,1.25%,54.690999999999995,54.301
10/19/2011,56.61,57.44,57.58,56.42,67.64M,-1.92%,54.765499999999996,54.25533333333333
10/20/2011,56.33,56.55,56.65,55.53,80.38M,-0.49%,54.91550000000001,54.2305
10/21/2011,57.03,56.9,57.39,56.52,60.46M,1.24%,55.072,54.21566666666667
10/24/2011,58.22,57.25,58.38,57.04,61.45M,2.09%,55.257000000000005,54.22383333333333
10/25/2011,57.07,58.0,58.05,56.95,65.30M,-1.98%,55.35600000000001,54.217333333333336
10/26/2011,57.0,57.38,57.51,55.95,98.19M,-0.12%,55.492,54.23383333333334
10/27/2011,58.58,58.37,58.92,57.76,104.46M,2.77%,55.7395,54.26766666666666
10/28/2011,58.67,58.23,58.74,58.23,42.95M,0.15%,56.060500000000005,54.34683333333334
10/31/2011,57.68,58.14,58.37,57.64,60.52M,-1.69%,56.3995,54.415166666666664
11/01/2011,56.18,56.3,57.64,55.86,99.93M,-2.60%,56.61099999999999,54.51233333333333
11/02/2011,56.65,56.74,56.89,56.12,65.18M,0.84%,56.7795,54.57683333333333
11/03/2011,57.83,57.09,57.9,56.45,78.99M,2.08%,56.962,54.696999999999996
11/04/2011,57.53,57.52,57.78,56.95,61.53M,-0.52%,57.147499999999994,54.775
11/07/2011,57.94,57.48,57.98,56.9,65.54M,0.71%,57.2605,54.852000000000004
11/08/2011,58.61,58.36,58.71,57.7,62.91M,1.16%,57.388,54.927
11/09/2011,56.55,57.45,57.56,56.37,69.54M,-3.51%,57.3985,54.97533333333333
11/10/2011,56.52,57.13,57.15,55.97,66.05M,-0.05%,57.382000000000005,55.0285
11/11/2011,57.58,57.01,57.75,56.93,54.47M,1.88%,57.3655,55.143
11/14/2011,57.22,57.42,57.74,57.01,44.62M,-0.63%,57.376,55.266666666666666
11/15/2011,57.86,57.07,58.09,56.99,52.20M,1.12%,57.382999999999996,55.397999999999996
11/16/2011,56.9,57.46,57.89,56.79,68.34M,-1.66%,57.3975,55.479
11/17/2011,55.57,56.75,56.77,55.22,101.71M,-2.34%,57.35949999999999,55.531166666666664
11/18/2011,55.14,55.59,55.64,55.04,60.42M,-0.77%,57.265,55.590333333333334
11/21/2011,54.09,54.43,54.48,53.53,52.29M,-1.90%,57.058499999999995,55.6105
11/22/2011,54.27,53.95,54.43,53.62,51.94M,0.33%,56.918499999999995,55.609
11/23/2011,53.04,53.86,53.92,53.01,48.47M,-2.27%,56.7205,55.58116666666667
11/25/2011,52.63,52.84,53.42,52.62,25.45M,-0.77%,56.423,55.545
11/28/2011,54.47,53.91,54.53,53.89,46.71M,3.50%,56.213,55.54766666666667
11/29/2011,54.13,54.4,54.84,53.97,52.06M,-0.62%,56.0355,55.566
11/30/2011,56.13,55.58,56.18,55.41,66.92M,3.69%,56.033,55.6175
12/01/2011,56.52,56.11,56.66,56.09,45.36M,0.69%,56.0265,55.653000000000006
12/02/2011,56.36,57.06,57.07,56.31,36.94M,-0.28%,55.95300000000001,55.68999999999999
12/05/2011,56.97,57.22,57.35,56.65,40.50M,1.08%,55.925,55.757333333333335
12/06/2011,56.81,57.02,57.18,56.63,38.67M,-0.28%,55.868500000000004,55.81066666666666
12/07/2011,56.81,56.63,57.07,56.09,44.58M,0.00%,55.778499999999994,55.852
12/08/2011,55.86,56.48,56.88,55.75,51.69M,-1.67%,55.74399999999999,55.86466666666667
12/09/2011,56.75,56.0,56.92,55.98,55.76M,1.59%,55.7555,55.8785
12/12/2011,56.12,56.16,56.74,55.64,55.41M,-1.11%,55.682500000000005,55.875
12/13/2011,55.5,56.5,56.71,55.27,68.56M,-1.10%,55.596500000000006,55.86083333333333
12/14/2011,54.63,55.26,55.33,54.33,63.68M,-1.57%,55.435,55.836333333333336
12/15/2011,54.49,55.1,55.16,54.41,58.73M,-0.26%,55.314499999999995,55.82583333333333
12/16/2011,54.6,54.62,55.35,54.51,60.98M,0.20%,55.266000000000005,55.846999999999994
12/19/2011,54.07,54.8,54.94,53.92,46.73M,-0.97%,55.2125,55.84983333333333
12/20/2011,55.67,54.94,55.74,54.91,81.76M,2.96%,55.291500000000006,55.869
12/21/2011,54.87,55.38,55.38,54.23,78.55M,-1.44%,55.3215,55.86533333333333
12/22/2011,55.34,54.96,55.37,54.91,40.33M,0.86%,55.4365,55.883
12/23/2011,55.82,55.42,55.82,55.32,26.59M,0.87%,55.596000000000004,55.9195
12/27/2011,55.98,55.75,56.16,55.67,21.44M,0.29%,55.6715,55.98166666666666
12/28/2011,55.33,55.91,56.0,55.18,38.19M,-1.16%,55.731500000000004,56.05550000000001
12/29/2011,55.73,55.42,55.77,55.24,28.08M,0.72%,55.7115,56.118500000000004
12/30/2011,55.57,55.6,55.86,55.56,21.83M,-0.29%,55.664,56.156666666666666
01/03/2012,56.63,56.64,56.92,56.49,39.51M,1.91%,55.677499999999995,56.1975
01/04/2012,56.87,56.54,56.95,56.3,29.40M,0.42%,55.6725,56.248333333333335
01/05/2012,57.34,56.75,57.39,56.54,41.26M,0.83%,55.699,56.275999999999996
01/06/2012,57.54,57.38,57.67,57.13,46.33M,0.35%,55.7355,56.300666666666665
01/09/2012,57.35,57.68,57.71,57.16,39.20M,-0.33%,55.81,56.317499999999995
01/10/2012,57.77,57.99,58.13,57.37,35.95M,0.73%,55.861000000000004,56.33283333333333
01/11/2012,57.89,57.75,58.02,57.54,37.14M,0.21%,55.9495,56.3325
01/12/2012,58.12,58.02,58.2,57.59,26.19M,0.40%,56.080499999999994,56.351
01/13/2012,57.91,57.83,57.93,57.41,35.99M,-0.36%,56.2445,56.354166666666664
01/17/2012,58.44,58.44,58.69,58.22,41.79M,0.92%,56.44200000000001,56.38466666666667
01/18/2012,59.21,58.57,59.21,58.41,48.69M,1.32%,56.6725,56.43266666666667
01/19/2012,59.58,59.48,59.69,59.37,47.77M,0.62%,56.948,56.47516666666666
01/20/2012,59.49,59.33,59.52,59.28,41.05M,-0.15%,57.138999999999996,56.49633333333334
01/23/2012,59.51,59.52,59.93,59.16,40.96M,0.03%,57.371,56.537
01/24/2012,59.4,59.26,59.56,59.13,38.44M,-0.18%,57.57399999999999,56.577
01/25/2012,60.15,60.0,60.3,59.55,61.59M,1.26%,57.790499999999994,56.60316666666667
01/26/2012,59.94,60.39,60.52,59.65,37.85M,-0.35%,57.9885,56.62433333333333
01/27/2012,60.12,59.81,60.23,59.78,45.54M,0.30%,58.227999999999994,56.665
01/30/2012,60.17,59.6,60.26,59.38,42.80M,0.08%,58.45,56.731500000000004
01/31/2012,60.25,60.47,60.58,59.86,51.45M,0.13%,58.684000000000005,56.791500000000006
02/01/2012,60.74,60.57,60.95,60.38,46.15M,0.81%,58.8895,56.84
02/02/2012,60.92,60.91,61.12,60.69,46.37M,0.30%,59.092000000000006,56.896499999999996
02/03/2012,61.76,61.49,61.83,61.39,36.45M,1.38%,59.313,56.96016666666666
02/06/2012,61.71,61.53,61.73,61.37,28.54M,-0.08%,59.52149999999999,57.011833333333335
02/07/2012,61.84,61.66,61.96,61.38,37.94M,0.21%,59.746,57.1
02/08/2012,62.17,61.85,62.17,61.62,41.17M,0.53%,59.96600000000001,57.19416666666667
02/09/2012,62.62,62.38,62.69,62.03,46.86M,0.72%,60.2025,57.27816666666667
02/10/2012,62.18,62.18,62.35,61.96,58.09M,-0.70%,60.4055,57.360833333333325
02/13/2012,62.76,62.64,62.84,62.36,36.81M,0.93%,60.648,57.4425
02/14/2012,62.92,62.61,62.93,62.4,51.69M,0.25%,60.87199999999999,57.542833333333334
02/15/2012,62.48,63.22,63.56,62.38,105.71M,-0.70%,61.03549999999999,57.658
02/16/2012,63.33,62.5,63.4,62.34,83.64M,1.36%,61.223,57.7945
02/17/2012,63.13,63.34,63.39,62.86,76.11M,-0.32%,61.404999999999994,57.945166666666665
02/21/2012,63.31,63.21,63.59,62.92,38.14M,0.29%,61.59499999999999,58.09583333333333
02/22/2012,63.03,63.19,63.38,62.94,43.17M,-0.44%,61.77650000000001,58.26233333333333
02/23/2012,63.44,63.1,63.51,62.8,54.25M,0.65%,61.940999999999995,58.442499999999995
02/24/2012,63.66,63.62,63.77,63.5,41.37M,0.35%,62.126999999999995,58.59566666666667
02/27/2012,63.75,63.3,63.96,63.04,42.68M,0.14%,62.3085,58.756
02/28/2012,64.4,63.8,64.4,63.73,43.73M,1.02%,62.52,58.893833333333326
02/29/2012,64.11,64.44,64.66,63.9,59.78M,-0.45%,62.713,59.02033333333333
03/01/2012,64.62,64.36,64.68,64.16,67.56M,0.80%,62.907,59.158
03/02/2012,64.57,64.53,64.78,64.36,33.36M,-0.08%,63.0895,59.284666666666666
03/05/2012,63.9,64.53,64.61,63.69,45.79M,-1.04%,63.19649999999999,59.402833333333334
03/06/2012,63.27,63.29,63.42,62.94,54.64M,-0.99%,63.2745,59.5105
03/07/2012,63.76,63.56,63.91,63.47,42.74M,0.77%,63.37049999999999,59.64216666666666
03/08/2012,64.45,64.12,64.64,64.0,43.71M,1.08%,63.48449999999999,59.7705
03/09/2012,64.72,64.55,64.84,64.52,43.12M,0.42%,63.5895,59.91383333333333
03/12/2012,64.75,64.67,64.81,64.42,32.69M,0.05%,63.717999999999996,60.068
03/13/2012,65.95,65.12,65.95,64.97,61.56M,1.85%,63.8775,60.25666666666667
03/14/2012,66.18,66.0,66.43,65.77,59.93M,0.35%,64.04050000000001,60.4515
03/15/2012,66.37,66.38,66.51,66.04,65.53M,0.29%,64.235,60.64766666666666
03/16/2012,66.21,66.34,66.36,66.05,53.02M,-0.24%,64.37899999999999,60.85
03/19/2012,66.68,66.31,66.84,66.14,60.97M,0.71%,64.5565,61.033500000000004
03/20/2012,66.8,66.35,66.87,66.15,47.29M,0.18%,64.73100000000001,61.23233333333334
03/21/2012,66.81,66.82,67.18,66.72,39.65M,0.01%,64.91999999999999,61.4235
03/22/2012,66.67,66.4,66.83,66.37,56.96M,-0.21%,65.0815,61.60433333333333
03/23/2012,66.63,66.75,66.77,66.25,45.55M,-0.06%,65.22999999999999,61.78183333333333
03/26/2012,67.79,67.06,67.79,67.02,40.86M,1.74%,65.432,61.9895
03/27/2012,67.89,67.83,68.17,67.81,37.28M,0.15%,65.6065,62.192166666666665
03/28/2012,67.62,67.93,68.19,67.23,44.42M,-0.40%,65.78200000000001,62.393
03/29/2012,67.36,67.3,67.61,66.89,53.98M,-0.38%,65.919,62.57183333333333
03/30/2012,67.24,67.67,67.7,66.97,39.48M,-0.18%,66.0525,62.744666666666674
04/02/2012,67.93,67.15,68.02,67.05,40.03M,1.03%,66.254,62.921166666666664
04/03/2012,67.91,67.99,68.23,67.53,45.54M,-0.03%,66.486,63.094
04/04/2012,66.99,67.41,67.44,66.6,54.09M,-1.35%,66.64750000000001,63.25466666666667
04/05/2012,67.4,66.88,67.46,66.82,42.71M,0.61%,66.795,63.41516666666667
04/09/2012,66.9,66.57,67.17,66.45,36.91M,-0.74%,66.90400000000001,63.56533333333333
04/10/2012,65.82,66.88,67.13,65.61,69.25M,-1.61%,66.95750000000001,63.693666666666665
04/11/2012,66.14,66.39,66.58,65.97,62.95M,0.49%,66.967,63.83083333333333
04/12/2012,66.89,66.27,66.97,66.17,57.41M,1.13%,67.0025,63.97166666666667
04/13/2012,65.88,66.65,66.89,65.85,55.23M,-1.51%,66.978,64.08283333333333
04/16/2012,65.15,66.22,66.25,64.94,57.59M,-1.11%,66.925,64.17566666666667
04/17/2012,66.47,65.44,66.68,65.32,47.36M,2.03%,66.9145,64.292
04/18/2012,66.3,66.28,66.69,66.1,42.54M,-0.26%,66.8895,64.40516666666666
04/19/2012,65.55,66.07,66.86,65.31,81.11M,-1.13%,66.8265,64.50766666666667
04/20/2012,65.37,65.91,66.2,65.27,59.91M,-0.27%,66.7615,64.59466666666667
04/23/2012,64.78,64.78,64.88,64.19,70.51M,-0.90%,66.66900000000001,64.67533333333333
04/24/2012,64.43,64.67,64.93,64.15,49.66M,-0.54%,66.501,64.74716666666667
04/25/2012,66.14,65.75,66.18,65.66,57.53M,2.65%,66.4135,64.84666666666666
04/26/2012,66.53,66.11,66.68,66.04,41.80M,0.59%,66.359,64.95133333333334
04/27/2012,66.93,66.81,67.14,66.46,46.01M,0.60%,66.3375,65.0545
04/30/2012,66.45,66.71,66.86,66.4,37.79M,-0.72%,66.298,65.14666666666668
05/01/2012,66.56,66.37,67.31,66.28,37.64M,0.17%,66.2295,65.22666666666667
05/02/2012,66.75,66.19,66.8,66.07,38.30M,0.29%,66.17150000000001,65.31066666666668
05/03/2012,66.04,66.79,66.84,65.87,51.31M,-1.06%,66.124,65.38066666666667
05/04/2012,64.4,65.44,66.04,64.39,107.55M,-2.48%,65.974,65.41783333333333
05/07/2012,64.46,64.01,64.77,63.99,50.27M,0.09%,65.852,65.44850000000001
05/08/2012,64.22,64.04,64.44,63.18,72.66M,-0.37%,65.772,65.4825
05/09/2012,64.02,63.47,64.38,63.21,85.72M,-0.31%,65.66600000000001,65.5035
05/10/2012,63.89,64.31,64.33,63.65,49.45M,-0.20%,65.51599999999999,65.51966666666667
05/11/2012,63.88,63.64,64.56,63.61,47.11M,-0.02%,65.41600000000001,65.54299999999999
05/14/2012,63.28,63.33,63.78,63.18,46.36M,-0.94%,65.3225,65.54216666666667
05/15/2012,63.07,63.49,63.97,62.97,66.91M,-0.33%,65.1525,65.54116666666667
05/16/2012,62.65,63.32,63.48,62.52,52.83M,-0.67%,64.97,65.53016666666666
05/17/2012,61.32,62.65,62.77,61.31,62.25M,-2.12%,64.7585,65.50166666666668
05/18/2012,60.53,61.5,61.67,60.48,79.50M,-1.29%,64.5165,65.45316666666666
05/21/2012,62.22,60.64,62.28,60.57,61.47M,2.79%,64.3885,65.42916666666666
05/22/2012,62.15,62.37,62.66,61.7,62.95M,-0.11%,64.2745,65.40249999999999
05/23/2012,62.27,61.64,62.42,61.08,56.95M,0.19%,64.081,65.367
05/24/2012,61.86,62.37,62.42,61.4,83.13M,-0.66%,63.847500000000004,65.3295
05/25/2012,61.78,61.92,62.03,61.6,32.08M,-0.13%,63.589999999999996,65.28216666666667
05/29/2012,62.57,62.34,62.86,61.99,44.22M,1.28%,63.396,65.24883333333334
05/30/2012,62.04,62.0,62.26,61.39,56.43M,-0.85%,63.17,65.21783333333333
05/31/2012,61.77,61.96,62.12,61.3,55.26M,-0.44%,62.92100000000001,65.19283333333334
06/01/2012,60.13,60.69,61.03,60.11,71.43M,-2.66%,62.6255,65.13233333333334
06/04/2012,60.59,60.29,60.68,59.76,74.12M,0.77%,62.435,65.068
06/05/2012,60.84,60.37,60.95,60.35,47.92M,0.41%,62.254,65.00333333333334
06/06/2012,62.23,61.31,62.28,61.23,58.78M,2.28%,62.1545,64.96133333333334
06/07/2012,61.98,62.87,62.89,61.93,38.41M,-0.40%,62.052499999999995,64.89516666666667
06/08/2012,62.58,61.87,62.66,61.67,39.74M,0.97%,61.987,64.83516666666667
06/11/2012,61.52,63.05,63.08,61.48,51.01M,-1.69%,61.86899999999999,64.75433333333334
06/12/2012,62.27,61.8,62.3,61.39,48.80M,1.22%,61.81849999999999,64.68866666666666
06/13/2012,61.84,62.09,62.56,61.63,50.84M,-0.69%,61.757000000000005,64.608
06/14/2012,62.07,61.85,62.32,61.51,65.17M,0.37%,61.727999999999994,64.52916666666667
06/15/2012,62.7,62.08,62.79,62.07,41.54M,1.01%,61.797000000000004,64.46066666666667
06/18/2012,63.28,62.46,63.44,62.34,32.19M,0.93%,61.9345,64.40416666666667
06/19/2012,63.94,63.6,64.21,63.55,36.48M,1.04%,62.020500000000006,64.35933333333334
06/20/2012,63.99,64.06,64.27,63.51,51.39M,0.08%,62.1125,64.296
06/21/2012,62.4,63.91,64.01,62.33,42.49M,-2.48%,62.11899999999999,64.2045
06/22/2012,63.05,62.59,63.13,62.44,29.51M,1.04%,62.17850000000001,64.12833333333334
06/25/2012,61.84,62.55,62.56,61.66,33.14M,-1.92%,62.18150000000001,64.03633333333333
06/26/2012,62.23,62.04,62.41,61.77,30.61M,0.63%,62.1645,63.95283333333334
06/27/2012,62.61,62.47,62.89,62.4,35.71M,0.61%,62.193,63.86416666666666
06/28/2012,61.91,62.13,62.18,61.25,49.79M,-1.12%,62.2,63.764166666666675
06/29/2012,63.86,63.07,63.86,62.92,44.77M,3.15%,62.3865,63.711999999999996
07/02/2012,64.05,63.93,64.08,63.57,33.43M,0.30%,62.5595,63.656166666666664
07/03/2012,64.59,64.08,64.59,63.99,15.90M,0.84%,62.747,63.61766666666667
07/05/2012,64.63,64.48,64.95,64.18,37.03M,0.06%,62.867,63.597833333333334
07/06/2012,63.82,64.35,64.39,63.35,40.68M,-1.25%,62.959,63.55916666666667
07/09/2012,63.7,63.73,63.96,63.38,35.64M,-0.19%,63.01500000000001,63.50599999999999
07/10/2012,63.07,64.03,64.21,62.83,47.37M,-0.99%,63.09250000000001,63.45916666666667
07/11/2012,62.73,63.0,63.16,62.21,43.43M,-0.54%,63.1155,63.41883333333333
07/12/2012,62.14,62.26,62.4,61.57,57.68M,-0.94%,63.1305,63.346666666666664
07/13/2012,63.08,62.27,63.22,62.27,32.36M,1.51%,63.181000000000004,63.293
07/16/2012,62.91,62.95,63.22,62.66,27.62M,-0.27%,63.1915,63.249
07/17/2012,63.23,63.28,63.44,62.34,42.48M,0.51%,63.189,63.21333333333334
07/18/2012,64.09,63.1,64.28,63.09,44.49M,1.36%,63.19649999999999,63.201833333333326
07/19/2012,64.8,64.54,65.01,64.42,53.02M,1.11%,63.237,63.208
07/20/2012,63.94,64.79,64.8,63.91,40.57M,-1.33%,63.314,63.17133333333334
07/23/2012,63.16,62.71,63.38,62.22,48.66M,-1.22%,63.31949999999999,63.11516666666667
07/24/2012,62.67,63.28,63.36,62.26,57.27M,-0.78%,63.361000000000004,63.04416666666667
07/25/2012,62.25,62.2,62.66,61.86,46.27M,-0.67%,63.362,62.97416666666666
07/26/2012,63.07,63.14,63.43,62.68,41.93M,1.32%,63.385000000000005,62.916000000000004
07/27/2012,64.57,63.53,64.69,63.34,42.62M,2.38%,63.517999999999994,62.879666666666665
07/30/2012,64.52,64.71,65.01,64.3,37.82M,-0.08%,63.551,62.85433333333333
07/31/2012,64.5,64.61,64.88,64.44,34.60M,-0.03%,63.57349999999999,62.855999999999995
08/01/2012,64.31,64.95,64.98,64.05,30.92M,-0.29%,63.5595,62.85349999999999
08/02/2012,64.08,63.8,64.72,63.61,40.54M,-0.36%,63.532000000000004,62.85116666666667
08/03/2012,65.29,65.08,65.57,64.89,42.12M,1.89%,63.60549999999999,62.87233333333334
08/06/2012,65.79,65.63,66.08,65.49,23.53M,0.77%,63.709999999999994,62.904
08/07/2012,66.34,66.07,66.61,65.97,28.22M,0.84%,63.8735,62.945
08/08/2012,66.31,66.17,66.45,66.06,20.72M,-0.05%,64.0525,62.9955
08/09/2012,66.51,66.31,66.6,66.18,20.73M,0.30%,64.271,63.05283333333333
08/10/2012,66.55,66.28,66.57,66.1,20.32M,0.06%,64.44449999999999,63.11783333333334
08/13/2012,66.71,66.53,66.72,66.19,19.89M,0.24%,64.6345,63.20766666666667
08/14/2012,66.74,66.97,67.1,66.55,24.22M,0.04%,64.81,63.311166666666665
08/15/2012,66.91,66.69,67.01,66.68,29.11M,0.25%,64.951,63.389333333333326
08/16/2012,67.7,67.16,67.85,67.08,35.71M,1.18%,65.09599999999999,63.48183333333334
08/17/2012,68.0,67.85,68.01,67.69,22.58M,0.44%,65.299,63.57733333333333
08/20/2012,68.1,67.95,68.11,67.68,26.92M,0.15%,65.546,63.681333333333335
08/21/2012,67.83,68.31,68.56,67.56,41.39M,-0.40%,65.804,63.78216666666666
08/22/2012,68.11,67.67,68.24,67.49,44.56M,0.41%,66.097,63.874500000000005
08/23/2012,67.55,67.82,68.02,67.38,28.80M,-0.82%,66.321,63.966333333333324
08/24/2012,67.97,67.4,68.13,67.29,38.38M,0.62%,66.49100000000001,64.06966666666666
08/27/2012,68.08,68.28,68.35,67.93,20.67M,0.16%,66.66900000000001,64.20216666666667
08/28/2012,68.08,68.02,68.27,67.79,27.34M,0.00%,66.848,64.327
08/29/2012,68.08,68.09,68.25,67.79,26.67M,0.00%,67.03649999999999,64.44766666666666
08/30/2012,67.39,67.79,67.81,67.29,24.43M,-1.01%,67.202,64.53366666666666
08/31/2012,67.84,67.88,68.13,67.16,42.13M,0.67%,67.3295,64.63133333333333
09/04/2012,67.77,67.71,68.03,67.11,32.02M,-0.10%,67.4285,64.71783333333333
09/05/2012,67.7,67.72,68.03,67.52,26.13M,-0.10%,67.4965,64.82083333333334
09/06/2012,69.21,68.1,69.23,68.1,43.10M,2.23%,67.6415,64.9365
09/07/2012,69.11,69.05,69.23,68.91,32.97M,-0.14%,67.77149999999999,65.05766666666666
09/10/2012,68.22,68.94,69.08,68.17,25.49M,-1.29%,67.85499999999999,65.16016666666667
09/11/2012,68.11,68.22,68.5,68.0,29.81M,-0.16%,67.925,65.25033333333333
09/12/2012,68.31,68.36,68.49,67.89,42.21M,0.29%,68.0035,65.33416666666668
09/13/2012,69.24,68.39,69.53,68.3,45.42M,1.36%,68.11999999999999,65.4225
09/14/2012,69.85,69.51,70.1,69.46,38.89M,0.88%,68.22749999999999,65.52016666666665
09/17/2012,69.88,69.87,69.91,69.63,31.80M,0.04%,68.3215,65.64483333333334
09/18/2012,69.94,69.71,69.97,69.69,27.17M,0.09%,68.4135,65.75966666666666
09/19/2012,70.07,69.96,70.25,69.73,36.48M,0.19%,68.5255,65.89683333333333
09/20/2012,70.0,69.74,70.07,69.54,42.52M,-0.10%,68.62,66.02633333333333
09/21/2012,69.82,70.14,70.21,69.75,23.68M,-0.26%,68.73349999999999,66.1465
09/24/2012,69.41,69.24,69.53,69.1,32.34M,-0.59%,68.8055,66.2715
09/25/2012,68.44,69.59,69.75,68.41,41.31M,-1.40%,68.8235,66.34783333333333
09/26/2012,67.88,68.35,68.39,67.53,32.77M,-0.82%,68.8135,66.41166666666666
09/27/2012,68.82,68.03,68.98,67.93,25.34M,1.38%,68.8505,66.48216666666666
09/28/2012,68.25,68.6,68.8,68.19,30.12M,-0.83%,68.89349999999999,66.5425
10/01/2012,68.15,68.58,69.01,67.93,37.72M,-0.15%,68.909,66.61466666666666
10/02/2012,68.35,68.47,68.66,67.81,33.25M,0.29%,68.938,66.69216666666667
10/03/2012,68.79,68.56,68.92,68.27,38.24M,0.64%,68.99249999999999,66.7875
10/04/2012,69.03,68.92,69.22,68.68,26.13M,0.35%,68.9835,66.8925
10/05/2012,68.66,69.36,69.47,68.48,25.21M,-0.54%,68.96099999999998,67.00116666666666
10/08/2012,68.03,68.26,68.4,67.87,30.91M,-0.92%,68.9515,67.08366666666667
10/09/2012,66.95,67.85,68.02,66.79,67.97M,-1.59%,68.89349999999999,67.151
10/10/2012,66.61,66.94,67.12,66.49,45.13M,-0.51%,68.80850000000001,67.20733333333332
10/11/2012,66.4,67.13,67.16,66.36,30.48M,-0.32%,68.6665,67.24583333333334
10/12/2012,66.37,66.42,66.75,66.24,24.89M,-0.05%,68.4925,67.27199999999999
10/15/2012,66.86,66.63,66.95,66.22,22.22M,0.74%,68.3415,67.32066666666667
10/16/2012,67.8,66.98,67.88,66.94,33.96M,1.41%,68.2345,67.398
10/17/2012,67.76,67.43,67.98,67.36,33.44M,-0.06%,68.119,67.48283333333333
10/18/2012,66.98,67.55,67.76,66.73,61.71M,-1.15%,67.96799999999999,67.56166666666667
10/19/2012,65.37,66.9,66.96,65.29,75.36M,-2.40%,67.7455,67.6
10/22/2012,65.71,65.31,65.88,65.19,38.62M,0.52%,67.5605,67.619
10/23/2012,65.09,65.18,65.64,64.89,52.60M,-0.94%,67.393,67.6285
10/24/2012,64.86,65.45,65.56,64.76,39.87M,-0.35%,67.24199999999999,67.6345
10/25/2012,64.86,65.3,65.41,64.67,52.69M,0.00%,67.04400000000001,67.64366666666668
10/26/2012,65.05,64.88,65.32,64.35,54.22M,0.29%,66.884,67.65983333333332
10/31/2012,64.65,65.01,65.09,64.43,38.52M,-0.61%,66.709,67.64916666666666
11/01/2012,65.57,65.02,65.69,64.87,26.94M,1.42%,66.57000000000001,67.6455
11/02/2012,64.87,65.9,65.9,64.81,44.08M,-1.07%,66.374,67.62100000000001
11/05/2012,65.29,64.89,65.42,64.74,28.10M,0.65%,66.187,67.604
11/06/2012,65.41,65.4,65.86,65.16,29.61M,0.18%,66.0245,67.58566666666667
11/07/2012,63.87,64.74,64.8,63.6,70.74M,-2.35%,65.8165,67.541
11/08/2012,62.87,64.03,64.19,62.87,58.59M,-1.57%,65.6125,67.477
11/09/2012,63.13,62.9,63.81,62.87,51.55M,0.41%,65.4385,67.41683333333333
11/12/2012,63.12,63.49,63.57,62.96,32.66M,-0.02%,65.2745,67.35366666666667
11/13/2012,62.69,62.63,63.28,62.49,43.29M,-0.68%,65.09049999999999,67.27016666666667
11/14/2012,61.95,62.98,63.06,61.85,82.66M,-1.18%,64.845,67.16933333333333
11/15/2012,61.74,62.0,62.2,61.51,55.12M,-0.34%,64.542,67.06333333333333
11/16/2012,62.01,61.79,62.19,61.02,70.87M,0.44%,64.25450000000001,66.96633333333334
11/19/2012,63.48,62.68,63.53,62.67,55.31M,2.37%,64.07950000000001,66.88916666666667
11/20/2012,63.5,63.47,63.59,62.9,52.01M,0.03%,63.986000000000004,66.82166666666667
11/21/2012,63.63,63.53,63.72,63.3,19.62M,0.20%,63.88199999999999,66.74933333333334
11/23/2012,64.6,64.02,64.62,63.95,16.46M,1.52%,63.8575,66.69133333333333
11/26/2012,64.88,64.47,64.92,64.24,26.43M,0.43%,63.85850000000001,66.638
11/27/2012,64.66,64.86,65.1,64.55,25.83M,-0.34%,63.8485,66.581
11/28/2012,65.21,64.36,65.26,63.95,37.30M,0.85%,63.856500000000004,66.54466666666666
11/29/2012,65.6,65.51,65.83,65.27,41.14M,0.60%,63.903999999999996,66.50733333333334
11/30/2012,65.49,65.61,65.66,65.3,33.50M,-0.17%,63.9,66.46933333333334
12/03/2012,65.36,66.01,66.06,65.33,28.24M,-0.20%,63.9245,66.43033333333332
12/04/2012,65.32,65.38,65.46,64.9,49.67M,-0.06%,63.926,66.3655
12/05/2012,64.6,65.22,65.23,64.25,54.08M,-1.10%,63.8855,66.29033333333334
12/06/2012,65.02,64.41,65.18,64.23,47.52M,0.65%,63.943,66.237
12/07/2012,64.63,65.34,65.4,64.41,30.09M,-0.60%,64.03099999999999,66.179
12/10/2012,64.82,64.45,65.15,64.45,33.22M,0.29%,64.1155,66.12083333333332
12/11/2012,65.66,65.27,66.03,65.21,40.75M,1.30%,64.24249999999999,66.06116666666667
12/12/2012,65.52,65.98,66.01,65.34,45.92M,-0.21%,64.38399999999999,65.989
12/13/2012,65.01,65.4,65.85,64.73,45.47M,-0.78%,64.53699999999999,65.90783333333333
12/14/2012,64.39,64.6,64.78,64.17,39.63M,-0.95%,64.6695,65.81533333333333
12/17/2012,65.24,64.43,65.26,64.36,42.30M,1.32%,64.83099999999999,65.73483333333333
12/18/2012,66.24,65.54,66.34,65.39,55.60M,1.53%,64.969,65.67216666666667
12/19/2012,65.95,66.41,66.45,65.91,34.83M,-0.44%,65.0915,65.60766666666667
12/20/2012,65.95,66.07,66.1,65.62,40.75M,0.00%,65.20750000000001,65.55
12/21/2012,64.9,64.59,64.98,64.3,51.14M,-1.59%,65.2225,65.491
12/24/2012,64.77,64.76,64.84,64.62,11.42M,-0.20%,65.217,65.43916666666667
12/26/2012,64.2,64.78,64.88,63.99,21.76M,-0.88%,65.19399999999999,65.36216666666667
12/27/2012,64.1,64.26,64.34,63.3,52.94M,-0.16%,65.1385,65.29299999999999
12/28/2012,63.48,63.63,64.13,63.45,33.08M,-0.97%,65.0325,65.21516666666666
12/31/2012,64.83,63.38,64.95,63.28,57.55M,2.13%,64.9995,65.1565
01/02/2013,66.89,66.38,66.92,66.17,70.70M,3.18%,65.076,65.12483333333333
01/03/2013,66.54,66.89,67.03,66.34,47.37M,-0.52%,65.13699999999999,65.08333333333333
01/04/2013,66.32,66.56,66.57,66.16,33.97M,-0.33%,65.223,65.04433333333333
01/07/2013,66.34,66.15,66.45,65.94,26.77M,0.03%,65.289,65.01616666666668
01/08/2013,66.21,66.33,66.5,65.86,28.74M,-0.20%,65.36800000000001,65.00383333333333
01/09/2013,66.46,66.31,66.64,66.24,25.61M,0.38%,65.45,65.00133333333333
01/10/2013,66.86,66.9,66.96,66.24,37.53M,0.60%,65.51,65.009
01/11/2013,66.95,66.83,66.98,66.69,21.16M,0.13%,65.5815,65.01866666666668
01/14/2013,66.65,66.59,66.84,66.36,36.78M,-0.45%,65.6635,65.01516666666666
01/15/2013,66.32,66.32,66.42,66.02,31.68M,-0.50%,65.76,64.9905
01/16/2013,66.59,66.44,66.82,66.29,33.83M,0.41%,65.8275,64.971
01/17/2013,66.91,66.87,67.17,66.75,32.03M,0.48%,65.861,64.96983333333334
01/18/2013,66.76,66.7,66.83,66.46,31.99M,-0.22%,65.9015,64.993
01/22/2013,66.87,66.84,66.92,66.42,32.12M,0.16%,65.94749999999999,65.01233333333333
01/23/2013,67.28,67.25,67.47,67.15,31.98M,0.61%,66.06649999999999,65.04883333333333
01/24/2013,66.35,66.38,66.97,66.25,42.60M,-1.38%,66.1455,65.07366666666667
01/25/2013,66.69,66.58,66.88,66.43,39.25M,0.51%,66.27000000000001,65.10416666666666
01/28/2013,66.84,66.7,67.07,66.62,32.93M,0.22%,66.40700000000001,65.134
01/29/2013,66.85,66.75,67.0,66.32,35.55M,0.01%,66.5755,65.17066666666666
01/30/2013,66.71,66.97,67.17,66.56,34.44M,-0.21%,66.6695,65.18966666666667
01/31/2013,66.56,66.68,67.04,66.5,34.87M,-0.22%,66.65299999999999,65.21783333333333
02/01/2013,67.34,67.03,67.46,66.76,53.12M,1.17%,66.69300000000001,65.252
02/04/2013,66.17,66.94,67.15,66.15,48.48M,-1.74%,66.68549999999999,65.26466666666667
02/05/2013,67.15,66.45,67.35,66.3,35.13M,1.48%,66.726,65.31933333333333
02/06/2013,66.93,66.91,67.24,66.73,43.60M,-0.33%,66.762,65.387
02/07/2013,66.99,67.02,67.06,66.25,46.01M,0.09%,66.7885,65.45133333333334
02/08/2013,67.67,67.32,67.81,67.31,39.85M,1.02%,66.829,65.52716666666666
02/11/2013,67.69,67.7,67.74,67.46,17.65M,0.03%,66.866,65.61049999999999
02/12/2013,67.41,67.6,67.73,67.34,22.06M,-0.41%,66.90400000000001,65.7015
02/13/2013,67.65,67.61,67.91,67.45,23.50M,0.36%,66.97049999999999,65.8
02/14/2013,67.63,67.32,67.73,67.31,24.48M,-0.03%,67.02250000000001,65.89366666666666
02/15/2013,67.43,67.63,67.79,67.25,25.33M,-0.30%,67.0485,65.95949999999999
02/19/2013,67.92,67.57,67.94,67.54,23.43M,0.73%,67.1065,66.03316666666666
02/20/2013,66.88,67.92,67.93,66.87,38.20M,-1.53%,67.107,66.08733333333333
02/21/2013,66.16,66.65,66.7,65.92,45.86M,-1.08%,67.051,66.11333333333333
02/22/2013,66.83,66.53,66.84,66.28,21.97M,1.01%,67.075,66.14583333333333
02/25/2013,66.0,67.29,67.49,65.94,40.93M,-1.24%,67.0405,66.16816666666666
02/26/2013,66.25,66.11,66.37,65.65,42.09M,0.38%,67.011,66.1855
02/27/2013,66.93,66.26,67.33,66.16,36.34M,1.03%,67.01500000000001,66.20766666666667
02/28/2013,66.79,66.93,67.42,66.78,28.56M,-0.21%,67.019,66.22933333333333
03/01/2013,67.07,66.55,67.19,66.23,31.62M,0.42%,67.0445,66.25783333333334
03/04/2013,67.36,66.88,67.37,66.76,19.38M,0.43%,67.04549999999999,66.29183333333333
03/05/2013,68.36,67.78,68.45,67.76,35.59M,1.48%,67.155,66.3545
03/06/2013,68.19,68.57,68.59,68.1,29.07M,-0.25%,67.20700000000001,66.40733333333334
03/07/2013,68.37,68.25,68.48,68.13,21.78M,0.26%,67.279,66.46966666666667
03/08/2013,68.45,68.61,68.7,68.18,26.16M,0.12%,67.352,66.53016666666667
03/11/2013,68.65,68.36,68.67,68.15,23.19M,0.29%,67.40100000000001,66.58
03/12/2013,68.4,68.47,68.61,68.07,27.58M,-0.36%,67.4365,66.628
03/13/2013,68.31,68.48,68.57,68.07,34.30M,-0.13%,67.4815,66.683
03/14/2013,68.54,68.55,68.69,68.39,31.54M,0.34%,67.52600000000001,66.75216666666667
03/15/2013,68.19,68.43,68.47,68.02,30.74M,-0.51%,67.554,66.80133333333333
03/18/2013,68.04,67.57,68.32,67.41,36.16M,-0.22%,67.5845,66.83133333333333
03/19/2013,67.91,68.22,68.38,67.31,33.13M,-0.19%,67.584,66.864
03/20/2013,68.39,68.42,68.54,68.07,28.04M,0.71%,67.65950000000001,66.90466666666667
03/21/2013,67.61,67.77,67.93,67.45,30.05M,-1.14%,67.732,66.94983333333333
03/22/2013,68.27,67.89,68.32,67.81,28.84M,0.98%,67.804,67.00816666666667
03/25/2013,68.02,68.49,68.64,67.69,24.91M,-0.37%,67.905,67.07183333333333
03/26/2013,68.39,68.28,68.41,68.13,19.73M,0.54%,68.012,67.14333333333333
03/27/2013,68.48,67.93,68.53,67.82,22.54M,0.13%,68.0895,67.22666666666666
03/28/2013,68.65,68.49,68.74,68.32,23.67M,0.25%,68.18249999999999,67.29033333333334
04/01/2013,68.18,68.69,68.77,67.99,28.12M,-0.68%,68.238,67.31183333333334
04/02/2013,68.72,68.49,68.95,68.45,29.43M,0.79%,68.30600000000001,67.34816666666667
04/03/2013,68.09,68.76,68.86,67.92,35.13M,-0.92%,68.29249999999999,67.37766666666667
04/04/2013,68.11,68.09,68.28,67.74,32.29M,0.03%,68.2885,67.40716666666667
04/05/2013,67.54,67.04,67.64,66.88,55.61M,-0.84%,68.247,67.42933333333333
04/08/2013,67.9,67.56,67.92,67.37,17.90M,0.53%,68.21950000000001,67.45333333333333
04/09/2013,68.36,68.1,68.64,67.77,30.93M,0.68%,68.205,67.47833333333334
04/10/2013,69.69,68.57,69.84,68.56,55.27M,1.95%,68.26950000000001,67.524
04/11/2013,69.66,69.51,69.82,69.45,37.24M,-0.04%,68.33700000000002,67.57416666666667
04/12/2013,69.61,69.52,69.66,69.09,32.79M,-0.07%,68.3905,67.629
04/15/2013,68.24,69.36,69.46,68.16,48.80M,-1.97%,68.393,67.6565
04/16/2013,69.15,68.67,69.23,68.49,27.68M,1.33%,68.4485,67.69383333333333
04/17/2013,67.8,68.52,68.57,67.39,60.20M,-1.95%,68.44300000000001,67.71116666666666
04/18/2013,66.86,68.01,68.01,66.57,56.80M,-1.39%,68.3665,67.711
04/19/2013,67.77,67.0,67.91,66.89,43.07M,1.36%,68.3745,67.71916666666667
04/22/2013,68.47,68.01,68.72,67.76,34.41M,1.03%,68.3845,67.7545
04/23/2013,69.13,68.88,69.38,68.5,53.08M,0.96%,68.44000000000001,67.79516666666667
04/24/2013,69.1,68.94,69.35,68.8,44.50M,-0.04%,68.4755,67.83283333333334
04/25/2013,69.46,69.31,69.72,69.27,26.44M,0.52%,68.5245,67.87633333333333
04/26/2013,69.25,69.3,69.45,68.95,24.08M,-0.30%,68.5545,67.91866666666667
04/29/2013,69.88,69.45,70.15,69.44,31.66M,0.91%,68.6395,67.974
04/30/2013,70.39,69.96,70.4,69.71,30.15M,0.73%,68.723,68.02483333333333
05/01/2013,70.06,70.38,70.52,69.92,28.54M,-0.47%,68.8215,68.08966666666667
05/02/2013,70.95,70.18,71.1,70.12,31.74M,1.27%,68.9635,68.15299999999999
05/03/2013,71.78,71.6,72.0,71.58,34.06M,1.17%,69.1755,68.23383333333334
05/06/2013,72.06,71.91,72.17,71.85,19.24M,0.39%,69.3835,68.31833333333333
05/07/2013,72.02,72.16,72.23,71.75,25.84M,-0.06%,69.56649999999999,68.39083333333333
05/08/2013,72.37,71.97,72.43,71.86,24.26M,0.49%,69.7005,68.46883333333334
05/09/2013,72.27,72.21,72.76,72.13,29.34M,-0.14%,69.83099999999999,68.54983333333332
05/10/2013,72.71,72.39,72.74,72.29,20.66M,0.61%,69.986,68.63416666666667
05/13/2013,72.8,72.59,72.98,72.52,29.73M,0.12%,70.214,68.72033333333334
05/14/2013,73.18,72.79,73.4,72.79,36.02M,0.52%,70.41550000000001,68.81616666666667
05/15/2013,73.33,73.04,73.4,72.86,27.21M,0.20%,70.692,68.90633333333334
05/16/2013,73.25,73.43,73.75,73.21,27.25M,-0.11%,71.0115,69.0125
05/17/2013,73.95,73.61,73.98,73.39,31.12M,0.96%,71.32050000000001,69.14233333333333
05/20/2013,73.84,73.74,74.08,73.55,25.14M,-0.15%,71.589,69.25916666666667
05/21/2013,73.92,73.83,74.19,73.55,25.90M,0.11%,71.82849999999999,69.39116666666668
05/22/2013,73.28,74.01,74.6,72.9,59.84M,-0.87%,72.0375,69.50833333333334
05/23/2013,73.11,72.61,73.36,72.49,48.23M,-0.23%,72.22,69.61133333333333
05/24/2013,73.07,72.62,73.09,72.42,26.44M,-0.05%,72.411,69.71599999999998
05/28/2013,73.55,73.9,74.19,73.32,27.07M,0.66%,72.59450000000001,69.824
05/29/2013,73.2,73.25,73.46,72.78,32.10M,-0.48%,72.735,69.92133333333332
05/30/2013,73.59,73.23,73.93,73.21,32.39M,0.53%,72.9115,70.00849999999998
05/31/2013,72.91,73.31,73.86,72.83,38.35M,-0.92%,73.0095,70.08716666666666
06/03/2013,73.04,72.97,73.06,72.09,47.61M,0.18%,73.0725,70.165
06/04/2013,72.66,73.18,73.48,72.36,35.26M,-0.52%,73.10249999999999,70.23516666666667
06/05/2013,71.71,72.43,72.7,71.65,48.65M,-1.31%,73.087,70.28616666666667
06/06/2013,72.06,71.81,72.07,71.14,62.52M,0.49%,73.07149999999999,70.34716666666667
06/07/2013,73.05,72.39,73.13,72.18,31.97M,1.37%,73.1105,70.42616666666666
06/10/2013,73.08,73.21,73.42,72.92,25.39M,0.04%,73.12899999999999,70.50183333333332
06/11/2013,72.35,72.33,73.0,72.1,40.28M,-1.00%,73.1065,70.57116666666667
06/12/2013,71.52,72.78,72.8,71.41,42.08M,-1.15%,73.02349999999998,70.62916666666666
06/13/2013,72.42,71.43,72.58,71.22,28.23M,1.26%,72.978,70.70433333333334
06/14/2013,71.94,72.42,72.5,71.83,27.70M,-0.66%,72.9125,70.76350000000001
06/17/2013,72.64,72.54,73.06,72.26,32.44M,0.97%,72.847,70.84733333333334
06/18/2013,73.24,72.73,73.38,72.72,24.86M,0.83%,72.817,70.93016666666666
06/19/2013,72.42,73.23,73.34,72.34,43.15M,-1.12%,72.74199999999999,71.0035
06/20/2013,70.69,71.59,71.82,70.46,60.91M,-2.39%,72.6125,71.04183333333334
06/21/2013,70.1,70.45,70.64,69.51,51.57M,-0.83%,72.462,71.06883333333332
06/24/2013,69.41,69.51,69.94,68.83,41.49M,-0.98%,72.279,71.0815
06/25/2013,69.91,70.08,70.19,69.48,28.90M,0.72%,72.097,71.11033333333333
06/26/2013,70.54,70.49,70.67,70.26,23.75M,0.90%,71.964,71.14066666666668
06/27/2013,70.84,70.89,71.29,70.8,23.55M,0.43%,71.8265,71.18650000000001
06/28/2013,70.94,70.59,71.36,70.46,28.30M,0.14%,71.728,71.23366666666666
07/01/2013,71.38,71.43,71.96,71.31,24.95M,0.62%,71.645,71.29766666666666
07/02/2013,71.41,71.35,71.84,71.02,23.07M,0.04%,71.58250000000001,71.35616666666667
07/03/2013,71.7,71.15,72.03,71.09,18.85M,0.41%,71.58200000000001,71.41183333333333
07/05/2013,72.24,72.11,72.27,71.53,28.80M,0.75%,71.591,71.45433333333332
07/08/2013,72.31,72.6,72.65,72.04,20.56M,0.10%,71.554,71.49849999999999
07/09/2013,72.75,72.64,72.91,72.31,26.12M,0.61%,71.5375,71.55083333333333
07/10/2013,73.17,72.66,73.28,72.64,25.60M,0.58%,71.5785,71.633
07/11/2013,74.62,73.94,74.68,73.9,47.78M,1.98%,71.7335,71.72416666666666
07/12/2013,74.95,74.67,75.0,74.47,31.42M,0.44%,71.86,71.84333333333332
07/15/2013,75.12,75.01,75.17,74.82,19.79M,0.23%,72.01899999999999,71.981
07/16/2013,75.02,75.19,75.24,74.83,31.75M,-0.13%,72.138,72.10183333333333
07/17/2013,75.21,75.25,75.39,75.0,24.63M,0.25%,72.2365,72.21416666666667
07/18/2013,75.02,75.19,75.39,74.9,36.28M,-0.25%,72.3665,72.31233333333333
07/19/2013,74.24,74.37,74.39,74.02,37.73M,-1.04%,72.544,72.398
07/22/2013,74.46,74.52,74.63,74.23,21.14M,0.30%,72.762,72.48133333333334
07/23/2013,73.91,74.6,74.61,73.85,24.75M,-0.74%,72.987,72.559
07/24/2013,74.15,74.64,74.67,73.98,24.43M,0.32%,73.199,72.63016666666665
07/25/2013,74.62,74.54,74.71,74.11,23.17M,0.63%,73.40299999999999,72.70066666666666
07/26/2013,75.02,74.32,75.03,74.2,20.89M,0.54%,73.612,72.78333333333333
07/29/2013,74.88,74.87,75.19,74.68,20.97M,-0.19%,73.809,72.84883333333333
07/30/2013,75.28,75.15,75.6,75.0,24.10M,0.53%,74.00399999999999,72.90716666666667
07/31/2013,75.42,75.42,75.85,75.28,25.01M,0.19%,74.2045,72.96316666666667
08/01/2013,76.18,75.94,76.29,75.86,16.88M,1.01%,74.4285,73.03250000000001
08/02/2013,76.61,76.2,76.63,76.02,18.11M,0.56%,74.64699999999999,73.10316666666667
08/05/2013,76.66,76.53,76.72,76.42,15.46M,0.07%,74.86449999999999,73.17633333333333
08/06/2013,76.2,76.56,76.63,75.89,23.68M,-0.60%,75.037,73.2345
08/07/2013,76.06,76.0,76.21,75.52,20.28M,-0.18%,75.1815,73.28883333333333
08/08/2013,76.44,76.48,76.62,75.94,19.99M,0.50%,75.27250000000001,73.34316666666668
08/09/2013,76.13,76.34,76.58,75.91,18.57M,-0.41%,75.33149999999999,73.38983333333333
08/12/2013,76.31,75.85,76.45,75.84,20.52M,0.24%,75.391,73.44083333333333
08/13/2013,76.74,76.41,76.91,75.86,23.92M,0.56%,75.477,73.48733333333332
08/14/2013,76.45,76.71,76.82,76.34,29.92M,-0.38%,75.539,73.53083333333332
08/15/2013,75.16,75.63,75.64,74.94,39.41M,-1.69%,75.546,73.55149999999999
08/16/2013,75.13,75.19,75.52,75.0,23.82M,-0.04%,75.59049999999999,73.58233333333332
08/19/2013,75.0,75.15,75.78,74.98,29.59M,-0.17%,75.61749999999999,73.61383333333333
08/20/2013,75.33,75.14,75.68,75.08,18.84M,0.44%,75.6885,73.6515
08/21/2013,75.07,75.11,75.74,74.79,30.71M,-0.35%,75.7345,73.67683333333335
08/22/2013,75.81,75.38,75.86,75.36,17.27M,0.99%,75.794,73.72033333333334
08/23/2013,76.31,76.37,76.41,76.04,20.70M,0.66%,75.8585,73.76566666666668
08/26/2013,76.35,76.36,76.92,76.19,27.53M,0.05%,75.932,73.82300000000001
08/27/2013,74.79,75.47,75.83,74.61,40.07M,-2.04%,75.9075,73.85216666666665
08/28/2013,75.08,74.73,75.4,74.7,20.49M,0.39%,75.8905,73.89249999999998
08/29/2013,75.61,75.05,75.98,74.95,27.29M,0.71%,75.862,73.9575
08/30/2013,75.12,75.69,75.69,74.85,26.23M,-0.65%,75.7875,74.0085
09/03/2013,75.55,75.75,76.08,75.19,27.24M,0.57%,75.732,74.05016666666667
09/04/2013,76.35,75.79,76.48,75.58,27.14M,1.06%,75.73949999999999,74.10466666666666
09/05/2013,76.48,76.39,76.7,76.37,17.82M,0.17%,75.76050000000001,74.1735
09/06/2013,76.57,76.73,76.98,75.7,27.72M,0.12%,75.767,74.25766666666667
09/09/2013,77.47,76.87,77.6,76.87,25.16M,1.18%,75.834,74.34183333333334
09/10/2013,77.85,77.91,77.96,77.56,27.62M,0.49%,75.91099999999999,74.44033333333331
09/11/2013,77.7,77.33,77.75,77.23,28.14M,-0.19%,75.959,74.52466666666668
09/12/2013,77.65,77.7,77.89,77.49,18.33M,-0.06%,76.019,74.59816666666667
09/13/2013,77.7,77.75,77.78,77.28,16.93M,0.06%,76.146,74.68616666666667
09/16/2013,77.49,78.32,78.35,77.31,25.91M,-0.27%,76.26400000000001,74.7995
09/17/2013,78.0,77.63,78.1,77.62,27.18M,0.66%,76.41400000000002,74.93116666666667
09/18/2013,78.94,78.12,79.1,77.97,31.71M,1.21%,76.5945,75.08999999999999
09/19/2013,79.13,79.17,79.31,78.99,26.44M,0.24%,76.7975,75.24366666666667
09/20/2013,78.62,79.1,79.17,78.58,26.33M,-0.64%,76.938,75.37833333333333
09/23/2013,78.46,78.97,79.04,78.09,30.32M,-0.20%,77.04549999999999,75.50533333333333
09/24/2013,78.46,78.63,78.88,78.2,21.88M,0.00%,77.151,75.63066666666667
09/25/2013,78.19,78.51,78.63,78.03,22.75M,-0.34%,77.321,75.74416666666666
09/26/2013,78.8,78.5,78.99,78.48,22.42M,0.78%,77.507,75.86733333333333
09/27/2013,78.7,78.37,78.84,78.22,25.15M,-0.13%,77.6615,75.984
09/30/2013,78.51,77.91,78.72,77.64,28.03M,-0.24%,77.831,76.08850000000001
10/01/2013,79.31,78.5,79.35,78.48,33.13M,1.02%,78.019,76.20516666666667
10/02/2013,79.28,78.76,79.39,78.69,25.50M,-0.04%,78.1655,76.31400000000001
10/03/2013,78.35,79.18,79.35,77.94,43.00M,-1.17%,78.25899999999999,76.40033333333332
10/04/2013,79.03,78.35,79.14,78.28,22.85M,0.87%,78.382,76.47383333333333
10/07/2013,78.37,78.35,78.98,78.3,20.23M,-0.84%,78.42699999999999,76.53083333333333
10/08/2013,76.86,78.39,78.44,76.83,43.66M,-1.93%,78.37750000000001,76.55983333333333
10/09/2013,76.62,77.04,77.08,75.99,64.53M,-0.31%,78.3235,76.58649999999999
10/10/2013,78.24,77.44,78.42,77.43,48.06M,2.11%,78.353,76.637
10/11/2013,78.86,78.04,78.92,78.03,25.21M,0.79%,78.41099999999999,76.70100000000001
10/14/2013,79.42,78.37,79.42,78.31,31.47M,0.71%,78.50750000000001,76.78733333333334
10/15/2013,79.11,79.36,79.74,79.01,38.68M,-0.39%,78.56300000000002,76.86483333333332
10/16/2013,80.01,79.46,80.05,79.42,46.74M,1.14%,78.6165,76.9665
10/17/2013,80.46,79.63,80.49,79.58,32.19M,0.56%,78.68299999999999,77.07166666666667
10/18/2013,81.77,81.18,81.8,80.97,39.63M,1.63%,78.84049999999999,77.19083333333333
10/21/2013,81.95,81.93,82.16,81.69,31.18M,0.22%,79.015,77.30633333333334
10/22/2013,82.07,82.24,82.51,81.55,43.94M,0.15%,79.1955,77.42616666666666
10/23/2013,81.57,81.66,81.82,81.17,38.02M,-0.61%,79.36449999999999,77.53099999999999
10/24/2013,81.93,81.61,82.1,81.5,23.16M,0.44%,79.521,77.6395
10/25/2013,82.51,82.71,82.89,82.12,35.83M,0.71%,79.7115,77.74499999999999
10/28/2013,82.53,82.51,82.66,82.17,28.62M,0.02%,79.9125,77.84366666666666
10/29/2013,82.67,82.77,82.87,82.31,36.88M,0.17%,80.0805,77.94383333333333
10/30/2013,82.59,82.97,83.1,82.2,33.54M,-0.10%,80.24600000000001,78.05033333333334
10/31/2013,82.4,82.38,82.91,82.1,31.31M,-0.23%,80.4485,78.15599999999999
11/01/2013,82.42,82.65,82.78,82.02,30.87M,0.02%,80.618,78.25566666666667
11/04/2013,82.54,82.66,82.68,82.26,16.84M,0.15%,80.8265,78.3625
11/05/2013,82.63,82.21,82.83,81.99,27.98M,0.11%,81.11500000000001,78.46783333333333
11/06/2013,82.61,82.96,83.01,82.34,25.58M,-0.02%,81.4145,78.56566666666666
11/07/2013,81.06,82.6,82.74,80.99,52.17M,-1.88%,81.5555,78.6425
11/08/2013,82.16,81.35,82.18,81.13,31.48M,1.36%,81.7205,78.75916666666667
11/11/2013,82.03,82.01,82.26,81.76,24.82M,-0.16%,81.851,78.87416666666667
11/12/2013,82.16,81.78,82.27,81.74,20.11M,0.16%,82.0035,78.99350000000001
11/13/2013,83.15,81.63,83.16,81.62,31.35M,1.20%,82.16049999999998,79.12383333333334
11/14/2013,83.41,82.9,83.47,82.75,31.10M,0.31%,82.308,79.26283333333332
11/15/2013,83.57,83.44,83.57,83.22,20.52M,0.19%,82.398,79.39216666666667
11/18/2013,82.75,83.55,83.71,82.59,31.68M,-0.98%,82.438,79.49949999999998
11/19/2013,82.51,82.7,83.1,82.37,25.55M,-0.29%,82.46000000000001,79.60216666666666
11/20/2013,82.31,82.75,83.04,82.07,32.18M,-0.24%,82.497,79.7275
11/21/2013,83.15,82.64,83.22,82.59,28.13M,1.02%,82.558,79.86200000000001
11/22/2013,83.6,83.3,83.63,83.23,25.36M,0.54%,82.6125,79.99516666666666
11/25/2013,83.8,83.9,83.99,83.59,21.70M,0.24%,82.676,80.13983333333334
11/26/2013,84.24,83.83,84.44,83.63,26.63M,0.53%,82.75450000000001,80.28466666666667
11/27/2013,84.82,84.4,84.84,84.34,21.64M,0.69%,82.866,80.42583333333333
11/29/2013,85.33,85.14,85.44,85.08,16.71M,0.60%,83.0125,80.57333333333332
12/02/2013,85.08,85.43,85.56,84.95,26.35M,-0.29%,83.1455,80.71516666666666
12/03/2013,85.01,85.02,85.24,84.68,37.15M,-0.08%,83.269,80.84083333333334
12/04/2013,85.09,84.66,85.37,84.39,37.19M,0.09%,83.392,80.96150000000002
12/05/2013,84.98,85.17,85.26,84.77,39.83M,-0.13%,83.51050000000001,81.08283333333333
12/06/2013,85.6,85.7,85.78,85.19,36.84M,0.73%,83.7375,81.21533333333333
12/09/2013,85.95,85.95,86.13,85.8,22.60M,0.41%,83.92699999999999,81.35283333333334
12/10/2013,85.89,85.79,86.05,85.72,26.97M,-0.07%,84.12,81.49283333333334
12/11/2013,84.78,85.87,86.0,84.66,36.83M,-1.29%,84.251,81.60583333333334
12/12/2013,84.56,84.84,85.02,84.5,33.66M,-0.26%,84.3215,81.6995
12/13/2013,84.45,84.96,85.0,84.31,34.08M,-0.13%,84.3735,81.78816666666667
12/16/2013,84.92,84.87,85.41,84.81,24.91M,0.56%,84.441,81.89316666666667
12/17/2013,84.75,84.92,85.13,84.59,24.45M,-0.20%,84.54100000000001,81.998
12/18/2013,85.74,84.82,85.82,83.66,68.39M,1.17%,84.70250000000001,82.11933333333333
12/19/2013,85.5,85.59,85.61,85.12,46.49M,-0.28%,84.862,82.24116666666667
12/20/2013,86.1,85.35,86.28,85.33,40.48M,0.70%,85.0095,82.36283333333334
12/23/2013,87.0,86.78,87.0,86.55,28.18M,1.05%,85.17949999999999,82.50116666666668
12/24/2013,87.04,87.02,87.1,86.86,13.85M,0.05%,85.3415,82.64333333333335
12/26/2013,87.33,87.19,87.4,87.03,15.24M,0.33%,85.496,82.777
12/27/2013,87.11,87.42,87.49,87.0,15.83M,-0.25%,85.6105,82.9075
12/30/2013,86.98,86.99,87.1,86.73,18.99M,-0.15%,85.69300000000001,83.05133333333335
12/31/2013,87.55,87.13,87.55,87.11,24.90M,0.66%,85.81649999999999,83.19333333333333
01/02/2014,86.86,87.14,87.17,86.61,29.19M,-0.79%,85.90899999999999,83.33483333333334
01/03/2014,86.24,86.86,86.94,86.22,35.73M,-0.71%,85.9665,83.49116666666667
01/06/2014,85.92,86.25,86.36,85.6,32.09M,-0.37%,86.0135,83.64616666666667
01/07/2014,86.71,86.3,86.84,86.16,25.91M,0.92%,86.069,83.78733333333334
01/08/2014,86.9,86.7,87.14,86.54,27.21M,0.22%,86.1165,83.92133333333332
01/09/2014,86.61,87.21,87.23,86.32,23.70M,-0.33%,86.1525,84.04116666666667
01/10/2014,86.89,86.83,86.99,86.18,38.01M,0.32%,86.258,84.17083333333333
01/13/2014,85.61,86.77,87.07,85.28,48.86M,-1.47%,86.3105,84.26416666666667
01/14/2014,87.24,85.9,87.31,85.9,37.19M,1.90%,86.45,84.37716666666667
01/15/2014,87.96,87.59,88.13,87.53,39.86M,0.83%,86.602,84.48033333333335
01/16/2014,87.97,87.87,88.1,87.75,34.26M,0.01%,86.763,84.58066666666666
01/17/2014,87.47,87.71,87.96,87.26,36.91M,-0.57%,86.84949999999999,84.67066666666666
01/21/2014,88.14,88.02,88.18,87.4,26.43M,0.77%,86.9815,84.78016666666667
01/22/2014,88.37,88.34,88.59,88.11,29.43M,0.26%,87.095,84.8875
01/23/2014,88.07,88.09,88.11,87.45,35.08M,-0.34%,87.1485,84.98016666666666
01/24/2014,86.34,87.65,87.77,86.31,64.33M,-1.96%,87.1135,85.04366666666667
01/27/2014,85.5,86.37,86.49,84.85,63.68M,-0.97%,87.022,85.09083333333334
01/28/2014,85.45,85.02,85.54,84.91,44.44M,-0.06%,86.939,85.1385
01/29/2014,84.53,84.7,85.34,84.37,52.06M,-1.08%,86.81649999999999,85.174
01/30/2014,86.1,85.59,86.4,85.48,66.86M,1.86%,86.744,85.23533333333333
01/31/2014,85.87,85.14,86.28,85.05,45.20M,-0.27%,86.6945,85.29083333333332
02/03/2014,83.9,85.74,86.1,83.68,65.62M,-2.29%,86.57750000000001,85.312
02/04/2014,84.51,84.31,84.85,84.07,37.80M,0.73%,86.507,85.34366666666666
02/05/2014,84.3,84.25,84.59,83.35,41.97M,-0.25%,86.3865,85.39766666666667
02/06/2014,85.37,84.54,85.48,84.52,32.34M,1.27%,86.30999999999999,85.45116666666667
02/07/2014,86.89,85.87,86.95,85.6,38.47M,1.78%,86.324,85.53216666666667
02/10/2014,87.39,86.82,87.43,86.8,30.23M,0.58%,86.349,85.61933333333333
02/11/2014,88.39,87.53,88.56,87.48,38.68M,1.14%,86.488,85.70666666666666
02/12/2014,88.56,88.56,88.75,88.29,32.53M,0.19%,86.554,85.7925
02/13/2014,89.21,87.9,89.28,87.89,40.49M,0.73%,86.6165,85.88650000000001
02/14/2014,89.39,89.14,89.59,88.91,34.09M,0.20%,86.6875,85.99716666666667
02/18/2014,89.83,89.51,90.0,89.32,29.61M,0.49%,86.80550000000001,86.11916666666667
02/19/2014,89.21,89.65,89.86,89.03,41.78M,-0.69%,86.85900000000001,86.23416666666665
02/20/2014,89.63,89.28,89.8,88.89,41.83M,0.47%,86.922,86.34216666666666
02/21/2014,89.51,89.91,90.04,89.4,31.22M,-0.13%,86.994,86.44066666666666
02/24/2014,89.99,89.68,90.4,89.62,31.52M,0.54%,87.1765,86.54383333333332
02/25/2014,89.89,90.1,90.3,89.6,27.46M,-0.11%,87.396,86.63799999999999
02/26/2014,89.81,90.15,90.42,89.45,42.97M,-0.09%,87.614,86.72116666666668
02/27/2014,90.39,89.82,90.48,89.68,28.75M,0.65%,87.90700000000001,86.8055
02/28/2014,90.29,90.36,90.91,89.49,48.62M,-0.11%,88.1165,86.89233333333333
03/03/2014,89.62,89.43,89.86,88.82,38.95M,-0.74%,88.304,86.96916666666667
03/04/2014,90.76,90.58,90.93,90.51,33.21M,1.27%,88.64699999999999,87.06366666666666
03/05/2014,91.01,90.92,91.17,90.72,27.22M,0.28%,88.972,87.16416666666667
03/06/2014,90.93,91.2,91.29,90.6,24.09M,-0.09%,89.3035,87.253
03/07/2014,90.48,91.22,91.31,90.02,31.17M,-0.49%,89.559,87.3285
03/10/2014,90.56,90.43,90.61,89.98,18.14M,0.09%,89.74249999999999,87.40633333333334
03/11/2014,90.17,90.78,91.01,89.9,27.51M,-0.43%,89.8815,87.49616666666667
03/12/2014,90.51,89.77,90.56,89.43,28.00M,0.38%,89.9875,87.59533333333333
03/13/2014,89.23,90.85,90.88,88.82,48.54M,-1.41%,90.021,87.675
03/14/2014,88.62,88.94,89.33,88.58,38.74M,-0.68%,89.9915,87.73666666666666
03/17/2014,89.4,89.19,89.86,89.14,28.48M,0.88%,89.99199999999999,87.81416666666665
03/18/2014,90.48,89.5,90.59,89.48,31.25M,1.21%,90.0245,87.89316666666667
03/19/2014,89.99,90.51,90.61,89.4,40.87M,-0.54%,90.0635,87.968
03/20/2014,90.24,89.73,90.51,89.53,31.63M,0.28%,90.09400000000001,88.03699999999999
03/21/2014,88.95,90.56,90.6,88.78,62.81M,-1.43%,90.066,88.0695
03/24/2014,88.17,89.27,89.34,87.36,77.74M,-0.88%,89.975,88.08833333333332
03/25/2014,88.46,88.64,89.2,87.72,41.72M,0.33%,89.9035,88.10716666666666
03/26/2014,87.32,88.91,89.1,87.31,40.93M,-1.29%,89.77900000000001,88.11066666666667
03/27/2014,86.83,87.22,87.59,86.35,64.78M,-0.56%,89.601,88.10816666666666
03/28/2014,87.0,87.1,87.96,86.76,39.90M,0.20%,89.4365,88.099
03/31/2014,87.62,87.68,88.21,87.57,33.92M,0.71%,89.3365,88.11166666666666
04/01/2014,89.16,88.05,89.22,87.66,38.68M,1.76%,89.2565,88.16033333333333
04/02/2014,89.39,89.54,89.63,88.99,34.63M,0.26%,89.17550000000001,88.21816666666668
04/03/2014,88.68,89.5,89.63,88.17,30.32M,-0.79%,89.063,88.25099999999999
04/04/2014,86.32,89.24,89.36,86.09,131.21M,-2.66%,88.855,88.24133333333334
04/07/2014,85.51,85.79,86.58,84.91,84.00M,-0.94%,88.6025,88.22299999999998
04/08/2014,86.29,85.61,86.41,85.31,51.50M,0.91%,88.4085,88.21300000000001
04/09/2014,87.77,86.62,87.82,86.38,45.69M,1.72%,88.2715,88.249
04/10/2014,85.06,87.82,87.83,84.82,73.66M,-3.09%,88.063,88.21266666666666
04/11/2014,84.07,84.3,85.4,83.87,93.66M,-1.16%,87.8355,88.14783333333334
04/14/2014,84.73,84.81,85.18,83.95,46.50M,0.79%,87.602,88.09383333333334
04/15/2014,85.01,85.02,85.5,83.24,84.63M,0.33%,87.32849999999999,88.05283333333334
04/16/2014,86.13,85.78,86.13,85.05,46.97M,1.32%,87.13550000000001,88.01933333333334
04/17/2014,86.15,85.84,86.58,85.59,53.72M,0.02%,86.931,87.98233333333333
04/21/2014,86.79,86.36,86.79,85.95,25.95M,0.74%,86.82300000000001,87.961
04/22/2014,87.48,87.05,87.7,86.94,38.59M,0.80%,86.7885,87.98
04/23/2014,86.71,87.5,87.51,86.66,34.38M,-0.88%,86.701,88.00016666666667
04/24/2014,87.54,88.15,88.16,86.6,48.93M,0.96%,86.712,88.03500000000001
04/25/2014,86.14,87.03,87.12,85.93,44.34M,-1.60%,86.6775,88.06183333333334
04/28/2014,86.42,86.53,87.06,85.07,58.62M,0.33%,86.6485,88.06716666666668
04/29/2014,87.11,86.7,87.27,86.26,36.74M,0.80%,86.623,88.08783333333334
04/30/2014,87.34,86.74,87.43,86.49,38.69M,0.26%,86.53200000000001,88.14516666666667
05/01/2014,87.6,87.48,88.1,87.26,37.13M,0.30%,86.4425,88.19666666666667
05/02/2014,87.44,87.89,88.06,87.23,40.07M,-0.18%,86.38050000000001,88.24900000000001
05/05/2014,87.9,86.93,87.92,86.71,27.92M,0.53%,86.45949999999999,88.29116666666667
05/06/2014,86.76,87.78,87.81,86.72,33.70M,-1.30%,86.522,88.289
05/07/2014,86.51,86.95,87.03,85.49,67.49M,-0.29%,86.533,88.27433333333333
05/08/2014,86.43,86.21,87.48,86.0,46.56M,-0.09%,86.466,88.24166666666666
05/09/2014,86.75,86.36,86.81,85.8,35.08M,0.37%,86.5505,88.21149999999999
05/12/2014,88.18,87.26,88.21,87.19,38.95M,1.65%,86.756,88.19433333333333
05/13/2014,88.24,88.27,88.56,88.07,30.31M,0.07%,86.9315,88.17516666666667
05/14/2014,87.78,87.98,88.3,87.57,26.48M,-0.52%,87.07000000000001,88.141
05/15/2014,87.09,87.76,87.91,86.53,59.68M,-0.79%,87.11800000000001,88.10566666666665
05/16/2014,87.66,87.19,87.71,86.59,66.81M,0.65%,87.1935,88.07283333333335
05/19/2014,88.27,87.42,88.41,87.25,32.02M,0.70%,87.2675,88.05216666666666
05/20/2014,87.95,88.23,88.55,87.59,33.72M,-0.36%,87.291,88.01816666666667
05/21/2014,88.79,88.11,88.84,88.06,36.84M,0.96%,87.39500000000001,87.99983333333333
05/22/2014,89.18,88.89,89.43,88.75,30.62M,0.44%,87.477,87.98933333333333
05/23/2014,89.83,89.28,89.85,89.07,22.69M,0.73%,87.6615,87.98
05/27/2014,90.95,90.23,90.97,90.15,29.73M,1.25%,87.888,87.991
05/28/2014,90.67,90.92,91.05,90.6,30.48M,-0.31%,88.066,88.0085
05/29/2014,91.25,91.0,91.26,90.81,33.04M,0.64%,88.2615,88.01666666666667
05/30/2014,91.26,91.28,91.4,90.78,29.92M,0.01%,88.4445,88.02083333333333
06/02/2014,91.17,91.38,91.39,90.59,30.42M,-0.10%,88.631,88.02483333333333
06/03/2014,91.13,90.86,91.28,90.75,21.78M,-0.04%,88.7925,88.03566666666667
06/04/2014,91.47,90.91,91.62,90.76,20.13M,0.37%,89.028,88.05083333333333
06/05/2014,92.24,91.56,92.41,91.24,35.58M,0.84%,89.3145,88.08533333333334
06/06/2014,92.77,92.61,92.77,92.4,22.68M,0.57%,89.6315,88.123
06/09/2014,92.7,92.8,92.93,92.45,23.40M,-0.08%,89.929,88.18083333333333
06/10/2014,92.86,92.62,92.91,92.51,20.64M,0.17%,90.163,88.25150000000001
06/11/2014,92.84,92.54,92.97,92.45,22.88M,-0.02%,90.393,88.30883333333334
06/12/2014,92.0,92.64,92.74,91.68,35.28M,-0.90%,90.604,88.33416666666668
06/13/2014,92.27,92.42,92.5,91.87,39.45M,0.29%,90.863,88.37216666666667
06/16/2014,92.35,92.11,92.62,91.91,25.22M,0.09%,91.0975,88.40733333333334
06/17/2014,92.4,92.29,92.65,92.13,19.98M,0.05%,91.304,88.46483333333332
06/18/2014,92.92,92.5,93.05,91.93,34.51M,0.56%,91.5525,88.54400000000001
06/19/2014,92.86,93.05,93.12,92.44,38.43M,-0.06%,91.756,88.61733333333333
06/20/2014,92.72,92.65,92.82,92.48,25.90M,-0.15%,91.933,88.70733333333332
06/23/2014,92.74,92.69,92.77,92.46,20.84M,0.02%,92.0785,88.80583333333333
06/24/2014,92.65,92.74,93.52,92.38,31.95M,-0.10%,92.1635,88.9
06/25/2014,93.24,92.44,93.4,92.43,32.82M,0.64%,92.292,88.99366666666667
06/26/2014,93.29,93.3,93.31,92.57,22.57M,0.05%,92.39399999999999,89.0625
06/27/2014,93.7,93.16,93.72,93.14,22.88M,0.44%,92.51599999999999,89.13433333333333
06/30/2014,93.86,93.66,94.09,93.62,19.76M,0.17%,92.65050000000001,89.22066666666667
07/01/2014,94.89,94.16,95.14,94.15,31.86M,1.10%,92.8385,89.36349999999999
07/02/2014,95.05,94.93,95.19,94.86,18.78M,0.17%,93.0175,89.52250000000001
07/03/2014,95.65,95.36,95.65,95.1,15.29M,0.63%,93.188,89.6785
07/07/2014,95.36,95.54,95.66,95.18,23.27M,-0.30%,93.3175,89.805
07/08/2014,94.21,95.19,95.25,93.82,40.61M,-1.21%,93.393,89.9575
07/09/2014,94.91,94.46,95.02,94.19,29.93M,0.74%,93.4955,90.13816666666666
07/10/2014,94.61,93.73,95.0,93.58,44.25M,-0.32%,93.584,90.30283333333334
07/11/2014,95.22,94.82,95.22,94.56,19.57M,0.64%,93.74499999999999,90.473
07/14/2014,95.79,95.65,96.0,95.48,19.58M,0.60%,93.92099999999999,90.634
07/15/2014,95.46,95.93,96.08,94.78,39.48M,-0.34%,94.0765,90.78916666666667
07/16/2014,95.84,96.14,96.25,95.73,22.06M,0.40%,94.24849999999999,90.94000000000001
07/17/2014,94.57,95.58,95.92,94.27,43.11M,-1.33%,94.331,91.05816666666666
07/18/2014,96.07,95.09,96.12,94.95,36.69M,1.59%,94.4915,91.21416666666667
07/21/2014,95.95,95.87,96.11,95.5,29.75M,-0.12%,94.65299999999999,91.35433333333334
07/22/2014,96.56,96.39,96.71,96.29,25.77M,0.64%,94.84400000000001,91.52799999999999
07/23/2014,97.18,96.89,97.29,96.72,28.95M,0.64%,95.07050000000001,91.70733333333332
07/24/2014,97.07,97.35,97.46,96.93,24.71M,-0.11%,95.262,91.87333333333332
07/25/2014,96.69,96.6,96.82,96.18,29.90M,-0.39%,95.432,92.02916666666667
07/28/2014,96.72,96.75,96.97,95.97,25.60M,0.03%,95.583,92.18116666666667
07/29/2014,96.55,96.92,97.15,96.47,27.02M,-0.18%,95.7175,92.333
07/30/2014,96.93,97.08,97.27,96.55,35.35M,0.39%,95.8195,92.4835
07/31/2014,94.97,96.15,96.29,94.83,50.05M,-2.02%,95.8155,92.62033333333333
08/01/2014,94.62,94.78,95.29,93.99,60.71M,-0.37%,95.764,92.7555
08/04/2014,95.27,94.85,95.64,94.47,33.23M,0.69%,95.7595,92.90283333333333
08/05/2014,94.54,94.89,95.16,94.1,50.33M,-0.77%,95.776,93.03266666666667
08/06/2014,94.47,93.94,95.06,93.87,34.43M,-0.07%,95.75399999999999,93.1375
08/07/2014,94.17,94.9,95.09,93.84,33.27M,-0.32%,95.732,93.23633333333333
08/08/2014,94.85,94.33,94.96,93.92,40.24M,0.72%,95.7135,93.35416666666667
08/11/2014,95.41,95.2,95.71,95.15,28.28M,0.59%,95.6945,93.49283333333334
08/12/2014,95.37,95.33,95.62,94.88,28.16M,-0.04%,95.69,93.62133333333333
08/13/2014,96.38,95.76,96.42,95.71,28.00M,1.06%,95.71700000000001,93.7565
08/14/2014,96.88,96.49,96.9,96.38,25.01M,0.52%,95.8325,93.90533333333335
08/15/2014,97.35,97.41,97.58,96.43,55.21M,0.49%,95.8965,94.048
08/18/2014,98.1,97.84,98.19,97.72,38.94M,0.77%,96.00399999999999,94.19666666666667
08/19/2014,98.65,98.33,98.71,98.27,21.36M,0.56%,96.1085,94.34366666666666
08/20/2014,98.65,98.56,98.85,98.48,23.44M,0.00%,96.18199999999999,94.47200000000001
08/21/2014,98.85,98.71,98.9,98.55,19.34M,0.20%,96.271,94.60833333333333
08/22/2014,99.0,98.89,99.2,98.67,24.70M,0.15%,96.3865,94.7375
08/25/2014,99.35,99.47,99.63,99.11,24.12M,0.35%,96.518,94.87233333333333
08/26/2014,99.45,99.48,99.56,99.22,20.10M,0.10%,96.663,95.01033333333334
08/27/2014,99.47,99.48,99.59,99.26,15.60M,0.02%,96.78999999999999,95.14933333333333
08/28/2014,99.36,99.15,99.48,99.03,23.56M,-0.11%,97.0095,95.28083333333332
08/29/2014,99.73,99.6,99.86,99.22,17.91M,0.37%,97.265,95.40566666666668
09/02/2014,100.02,99.99,100.05,99.61,18.33M,0.29%,97.5025,95.5265
09/03/2014,99.43,100.27,100.29,99.25,25.95M,-0.59%,97.747,95.63866666666668
09/04/2014,99.34,99.68,100.17,99.09,24.66M,-0.09%,97.9905,95.74666666666667
09/05/2014,99.84,99.53,99.9,98.98,30.81M,0.50%,98.274,95.86333333333332
09/08/2014,100.03,99.84,100.28,99.57,25.58M,0.19%,98.533,95.99716666666667
09/09/2014,99.2,100.01,100.41,99.01,36.45M,-0.83%,98.7225,96.11266666666667
09/10/2014,100.02,99.33,100.06,99.05,31.08M,0.83%,98.95500000000001,96.24049999999998
09/11/2014,99.94,99.6,99.99,99.19,28.76M,-0.08%,99.133,96.36616666666667
09/12/2014,99.43,99.85,99.88,99.12,30.45M,-0.51%,99.26050000000001,96.47466666666668
09/15/2014,98.47,99.54,99.55,98.16,32.97M,-0.97%,99.31649999999999,96.56816666666667
09/16/2014,99.33,98.11,99.52,98.0,38.17M,0.87%,99.378,96.67833333333333
09/17/2014,99.48,99.32,99.95,98.88,37.21M,0.15%,99.4195,96.79066666666668
09/18/2014,100.23,99.78,100.24,99.68,30.20M,0.75%,99.4985,96.91699999999999
09/19/2014,99.93,100.41,100.51,99.53,46.92M,-0.30%,99.5525,97.0285
09/22/2014,99.0,99.69,99.7,98.57,48.66M,-0.93%,99.5525,97.12366666666667
09/23/2014,98.73,98.62,99.17,98.53,33.99M,-0.27%,99.5215,97.20750000000001
09/24/2014,99.79,98.82,99.83,98.49,35.96M,1.07%,99.5385,97.30633333333334
09/25/2014,97.69,99.48,99.6,97.65,68.64M,-2.10%,99.4495,97.35300000000001
09/26/2014,98.73,98.0,98.91,97.84,56.11M,1.06%,99.418,97.41433333333335
09/29/2014,98.6,97.75,98.87,97.7,33.34M,-0.13%,99.3615,97.4635
09/30/2014,98.74,98.87,99.25,98.27,41.83M,0.14%,99.2975,97.51983333333332
10/01/2014,97.16,98.49,98.56,96.85,58.16M,-1.60%,99.184,97.56899999999999
10/02/2014,97.16,97.14,97.46,95.92,54.50M,0.00%,99.075,97.60650000000001
10/03/2014,98.12,97.71,98.52,97.39,41.63M,0.99%,98.989,97.665
10/06/2014,97.91,98.42,98.67,97.61,36.04M,-0.21%,98.883,97.70983333333334
10/07/2014,96.52,97.43,97.73,96.51,45.15M,-1.42%,98.749,97.722
10/08/2014,98.4,96.61,98.71,96.01,64.93M,1.95%,98.66799999999999,97.771
10/09/2014,96.81,98.28,98.52,96.66,62.50M,-1.62%,98.5115,97.78716666666666
10/10/2014,94.39,96.24,96.78,94.37,77.58M,-2.50%,98.2595,97.78416666666666
10/13/2014,92.91,94.24,94.94,92.83,80.84M,-1.57%,97.98150000000001,97.7315
10/14/2014,92.92,93.55,94.12,92.66,71.81M,0.01%,97.661,97.681
10/15/2014,92.32,91.5,92.71,90.19,108.85M,-0.65%,97.303,97.61033333333333
10/16/2014,91.74,90.38,92.53,90.34,93.17M,-0.63%,96.8785,97.51966666666667
10/17/2014,92.95,92.94,93.84,92.41,69.55M,1.32%,96.5295,97.45100000000001
10/20/2014,94.34,92.91,94.42,92.75,41.48M,1.50%,96.29650000000001,97.41183333333333
10/21/2014,96.82,95.49,96.82,95.27,53.61M,2.63%,96.201,97.41350000000001
10/22/2014,96.32,97.11,97.25,96.25,39.18M,-0.52%,96.0275,97.40966666666667
10/23/2014,97.77,97.27,98.31,97.12,48.12M,1.51%,96.0315,97.42366666666666
10/24/2014,98.57,97.91,98.64,97.59,43.16M,0.82%,96.02349999999998,97.48366666666666
10/27/2014,98.64,98.35,98.82,97.97,29.55M,0.07%,96.0255,97.55066666666667
10/28/2014,100.13,99.05,100.15,98.64,34.50M,1.51%,96.095,97.63166666666667
10/29/2014,99.76,99.79,100.07,99.05,40.55M,-0.37%,96.225,97.71866666666666
10/30/2014,99.97,99.32,100.21,99.09,35.94M,0.21%,96.3655,97.81033333333333
10/31/2014,101.35,101.62,101.7,101.02,54.25M,1.38%,96.527,97.93
11/03/2014,101.65,101.48,101.92,101.38,33.48M,0.30%,96.714,98.04333333333332
11/04/2014,101.31,101.31,101.57,100.62,22.77M,-0.33%,96.95349999999999,98.14166666666667
11/05/2014,101.32,101.96,101.98,100.96,25.82M,0.01%,97.0995,98.24083333333333
11/06/2014,101.64,101.27,101.67,100.87,24.67M,0.32%,97.34100000000001,98.3285
11/07/2014,101.55,101.82,101.86,101.02,20.93M,-0.09%,97.699,98.40633333333332
11/10/2014,101.91,101.6,102.04,101.33,20.36M,0.35%,98.14899999999999,98.48233333333334
11/11/2014,102.23,101.93,102.23,101.65,15.45M,0.31%,98.61449999999999,98.55116666666666
11/12/2014,102.41,101.82,102.52,101.82,22.05M,0.18%,99.119,98.61383333333333
11/13/2014,102.85,102.6,103.23,102.37,28.03M,0.43%,99.6745,98.68383333333333
11/14/2014,103.17,102.82,103.17,102.48,19.25M,0.31%,100.1855,98.75583333333334
11/17/2014,102.86,102.93,103.16,102.37,23.36M,-0.30%,100.61149999999999,98.82016666666667
11/18/2014,103.63,102.95,103.77,102.94,26.34M,0.75%,100.952,98.8915
11/19/2014,103.16,103.52,103.52,102.68,23.76M,-0.45%,101.29400000000001,98.95333333333333
11/20/2014,103.62,102.72,103.71,102.64,22.87M,0.45%,101.5865,99.0225
11/21/2014,103.82,104.54,104.64,103.49,34.05M,0.19%,101.849,99.09683333333334
11/24/2014,104.63,104.1,104.68,104.01,17.93M,0.78%,102.1485,99.17849999999999
11/25/2014,104.78,104.78,105.09,104.52,17.53M,0.14%,102.381,99.25783333333334
11/26/2014,105.46,104.88,105.52,104.78,18.97M,0.65%,102.66599999999998,99.35833333333333
11/28/2014,105.95,105.74,106.19,105.67,17.36M,0.46%,102.965,99.46849999999999
12/01/2014,104.75,105.66,105.86,104.37,35.97M,-1.13%,103.13499999999999,99.55033333333334
12/02/2014,105.17,104.86,105.36,104.65,26.03M,0.40%,103.311,99.636
12/03/2014,105.36,105.33,105.51,104.71,32.97M,0.18%,103.5135,99.73866666666666
12/04/2014,105.31,105.26,105.72,104.87,31.01M,-0.05%,103.713,99.82683333333334
12/05/2014,105.32,105.48,105.64,105.09,25.62M,0.01%,103.897,99.9165
12/08/2014,104.58,105.05,105.51,104.02,32.69M,-0.70%,104.04849999999999,100.00233333333333
12/09/2014,104.9,103.36,104.98,102.99,46.04M,0.31%,104.19800000000001,100.10950000000001
12/10/2014,103.26,104.71,104.97,103.07,39.33M,-1.56%,104.24950000000001,100.175
12/11/2014,103.75,103.56,104.98,103.54,47.58M,0.47%,104.31649999999999,100.24616666666665
12/12/2014,102.62,102.76,103.94,102.61,46.89M,-1.09%,104.30499999999999,100.286
12/15/2014,101.56,103.15,103.53,101.26,52.97M,-1.03%,104.22449999999999,100.31316666666666
12/16/2014,99.93,100.92,102.42,99.91,65.35M,-1.60%,104.078,100.32866666666668
12/17/2014,101.75,100.0,102.04,99.87,79.72M,1.82%,103.984,100.37899999999999
12/18/2014,104.2,103.21,104.21,102.93,49.84M,2.41%,104.03600000000002,100.4525
12/19/2014,104.27,103.92,104.69,103.66,51.42M,0.07%,104.0685,100.56216666666666
12/22/2014,104.53,104.1,104.56,104.05,33.87M,0.25%,104.104,100.65883333333335
12/23/2014,104.16,104.9,104.91,104.04,30.16M,-0.35%,104.0805,100.75150000000001
12/24/2014,104.25,104.29,104.65,104.22,14.29M,0.09%,104.054,100.84333333333333
12/26/2014,104.98,104.55,105.2,104.52,13.92M,0.70%,104.03,100.97366666666667
12/29/2014,104.96,104.88,105.19,104.82,17.07M,-0.02%,103.9805,101.10366666666665
12/30/2014,104.27,104.67,104.9,104.12,18.60M,-0.66%,103.9565,101.20616666666666
12/31/2014,103.2,104.45,104.85,103.05,24.37M,-1.03%,103.85799999999999,101.29433333333333
01/02/2015,102.89,103.71,104.15,102.39,31.31M,-0.30%,103.7345,101.40050000000001
01/05/2015,101.38,102.44,102.56,101.09,36.52M,-1.47%,103.53799999999998,101.45016666666668
01/06/2015,100.02,101.53,101.7,99.57,66.21M,-1.34%,103.273,101.50366666666667
01/07/2015,101.31,100.68,101.55,100.43,37.58M,1.29%,103.1095,101.619
01/08/2015,103.25,102.17,103.45,102.06,40.21M,1.91%,103.027,101.79133333333334
01/09/2015,102.57,103.57,103.6,101.97,41.41M,-0.66%,102.99249999999999,101.95216666666667
01/12/2015,101.5,102.77,102.88,101.23,34.13M,-1.04%,102.88,102.10516666666668
01/13/2015,101.47,102.49,103.57,100.65,56.16M,-0.03%,102.82249999999999,102.26733333333333
01/14/2015,100.91,100.45,101.43,100.02,51.35M,-0.55%,102.79,102.4
01/15/2015,99.6,101.38,101.54,99.47,51.01M,-1.30%,102.77349999999998,102.48766666666666
01/16/2015,100.77,99.47,100.9,99.31,35.36M,1.17%,102.72449999999999,102.5535
01/20/2015,101.57,101.38,101.83,100.24,30.96M,0.79%,102.593,102.641
01/21/2015,102.09,101.27,102.57,100.91,40.13M,0.51%,102.48400000000001,102.713
01/22/2015,103.98,102.49,104.09,101.59,40.89M,1.85%,102.4565,102.80316666666667
01/23/2015,104.21,103.97,104.53,103.67,34.78M,0.22%,102.45899999999999,102.896
01/26/2015,104.09,104.09,104.28,103.56,19.96M,-0.12%,102.451,102.96199999999999
01/27/2015,101.39,102.45,102.51,101.05,45.25M,-2.59%,102.2715,102.98916666666668
01/28/2015,100.87,103.02,103.13,100.85,43.59M,-0.51%,102.067,103.00416666666666
01/29/2015,101.84,100.79,102.02,99.91,46.54M,0.96%,101.94550000000001,103.01233333333333
01/30/2015,101.05,101.75,102.53,100.91,42.93M,-0.78%,101.838,103.00233333333334
02/02/2015,101.93,101.28,102.02,99.7,43.62M,0.87%,101.79,103.01266666666666
02/03/2015,102.91,102.3,102.98,101.63,30.75M,0.96%,101.8665,103.03916666666667
02/04/2015,102.82,102.49,103.5,102.26,34.07M,-0.09%,102.00649999999999,103.05883333333333
02/05/2015,103.71,103.08,103.78,102.82,23.61M,0.87%,102.1265,103.09483333333334
02/06/2015,103.08,103.87,104.12,102.71,34.17M,-0.61%,102.11800000000001,103.11433333333333
02/09/2015,102.75,102.68,103.23,102.5,22.60M,-0.32%,102.127,103.123
02/10/2015,104.35,103.32,104.49,103.16,23.69M,1.56%,102.2695,103.15533333333335
02/11/2015,104.72,104.47,104.96,104.27,20.30M,0.35%,102.43199999999999,103.1865
02/12/2015,105.94,105.4,105.98,105.24,22.52M,1.17%,102.68350000000001,103.23266666666667
02/13/2015,106.85,106.24,106.87,106.05,29.03M,0.86%,103.046,103.29916666666666
02/17/2015,106.95,106.85,107.02,106.59,17.68M,0.09%,103.35499999999999,103.3545
02/18/2015,107.1,106.82,107.16,106.68,15.15M,0.14%,103.6315,103.42016666666667
02/19/2015,107.63,107.03,107.7,107.0,19.83M,0.49%,103.9085,103.48700000000001
02/20/2015,108.35,107.56,108.41,107.22,28.34M,0.67%,104.127,103.5625
02/23/2015,108.46,108.29,108.49,108.05,17.87M,0.10%,104.3395,103.62633333333335
02/24/2015,108.54,108.32,108.67,107.99,19.75M,0.07%,104.56199999999998,103.68900000000001
02/25/2015,108.27,108.38,108.8,108.03,19.47M,-0.25%,104.90599999999999,103.73583333333333
02/26/2015,108.82,108.38,108.88,108.08,22.26M,0.51%,105.30350000000001,103.78366666666666
02/27/2015,108.34,108.78,108.85,108.17,27.76M,-0.44%,105.62849999999999,103.84349999999999
03/02/2015,109.32,108.55,109.36,108.53,22.99M,0.90%,106.04199999999999,103.91266666666667
03/03/2015,108.81,108.99,109.1,108.12,20.79M,-0.47%,106.386,103.97016666666667
03/04/2015,108.39,108.45,108.61,107.8,21.01M,-0.39%,106.66,104.0215
03/05/2015,108.58,108.67,108.91,108.13,15.38M,0.18%,106.94800000000001,104.07583333333334
03/06/2015,107.35,108.44,108.65,107.08,30.99M,-1.13%,107.13,104.122
03/09/2015,107.66,107.57,107.93,107.13,26.24M,0.29%,107.359,104.16799999999999
03/10/2015,105.66,106.89,106.92,105.66,34.23M,-1.86%,107.50449999999998,104.20800000000001
03/11/2015,105.05,105.82,105.95,105.01,25.46M,-0.58%,107.5395,104.22966666666667
03/12/2015,105.74,104.97,105.86,104.9,21.47M,0.66%,107.59049999999999,104.28166666666668
03/13/2015,105.28,105.64,106.06,104.63,42.02M,-0.44%,107.55749999999998,104.34366666666666
03/16/2015,106.64,105.67,106.68,105.56,25.67M,1.29%,107.547,104.4555
03/17/2015,106.81,106.35,106.98,106.1,19.60M,0.16%,107.53999999999999,104.53983333333332
03/18/2015,107.86,106.52,108.35,105.97,40.62M,0.98%,107.578,104.60083333333334
03/19/2015,108.02,107.97,108.32,107.81,31.31M,0.15%,107.5975,104.66333333333334
03/20/2015,108.47,108.66,109.01,108.45,31.76M,0.42%,107.60350000000001,104.729
03/23/2015,108.26,108.41,108.71,108.22,17.27M,-0.19%,107.59349999999999,104.79733333333334
03/24/2015,107.87,108.25,108.75,107.85,22.45M,-0.36%,107.55999999999999,104.85766666666667
03/25/2015,105.4,108.04,108.14,105.36,41.58M,-2.29%,107.4165,104.86466666666666
03/26/2015,105.04,104.54,105.64,104.19,47.85M,-0.34%,107.2275,104.866
03/27/2015,105.46,105.02,105.71,104.86,33.88M,0.40%,107.0835,104.88583333333332
03/30/2015,106.67,106.1,106.76,106.1,30.57M,1.15%,106.951,104.94366666666666
03/31/2015,105.54,106.37,106.59,105.51,30.49M,-1.06%,106.7875,104.98783333333333
04/01/2015,104.99,105.54,105.56,104.32,32.97M,-0.52%,106.61749999999999,105.04799999999999
04/02/2015,105.06,105.09,105.4,104.72,19.16M,0.07%,106.44149999999999,105.132
04/06/2015,105.92,104.45,106.21,104.29,24.45M,0.82%,106.37,105.20883333333333
04/07/2015,105.74,105.86,106.64,105.74,19.38M,-0.17%,106.274,105.25033333333333
04/08/2015,106.58,105.78,106.73,105.77,25.87M,0.79%,106.32000000000001,105.31716666666667
04/09/2015,107.25,106.53,107.29,106.17,23.11M,0.63%,106.42999999999999,105.413
04/10/2015,107.69,107.21,107.7,106.97,17.16M,0.41%,106.5275,105.51666666666667
04/13/2015,107.42,107.77,108.32,107.3,17.78M,-0.25%,106.6345,105.62516666666667
04/14/2015,107.11,107.31,107.62,106.5,23.76M,-0.29%,106.65800000000002,105.75033333333334
04/15/2015,107.78,107.39,108.01,107.26,21.13M,0.63%,106.7065,105.86716666666666
04/16/2015,107.63,107.49,107.82,107.34,16.20M,-0.14%,106.69500000000001,105.96816666666668
04/17/2015,105.95,106.6,106.89,105.49,46.51M,-1.56%,106.5915,106.0325
04/20/2015,107.54,106.48,107.73,106.44,28.95M,1.50%,106.545,106.09183333333333
04/21/2015,108.0,108.16,108.35,107.87,22.76M,0.43%,106.532,106.15499999999999
04/22/2015,108.59,108.28,108.77,107.58,21.43M,0.55%,106.56800000000001,106.23
04/23/2015,109.0,108.22,109.49,108.2,29.47M,0.38%,106.748,106.35683333333333
04/24/2015,110.48,110.15,110.63,109.97,32.51M,1.36%,107.02000000000001,106.51700000000001
04/27/2015,110.2,110.89,111.1,109.96,31.12M,-0.25%,107.25699999999999,106.65633333333334
04/28/2015,109.98,110.28,110.49,109.05,36.85M,-0.20%,107.42249999999999,106.80516666666666
04/29/2015,109.29,109.37,110.01,108.69,34.04M,-0.63%,107.61000000000001,106.92783333333334
04/30/2015,107.57,108.67,109.11,107.0,44.08M,-1.57%,107.739,107.0055
05/01/2015,108.99,107.99,109.06,107.97,32.87M,1.32%,107.9355,107.10833333333333
05/04/2015,109.17,109.34,109.85,109.11,23.51M,0.17%,108.098,107.19933333333333
05/05/2015,107.39,108.74,108.94,107.34,47.84M,-1.63%,108.18050000000001,107.27116666666666
05/06/2015,106.65,107.58,107.89,105.94,42.69M,-0.69%,108.184,107.33616666666667
05/07/2015,107.29,106.62,107.59,106.54,29.34M,0.60%,108.18599999999999,107.38516666666666
05/08/2015,108.63,108.4,108.86,108.24,33.02M,1.25%,108.23299999999999,107.45033333333335
05/11/2015,108.21,108.7,108.92,108.13,19.68M,-0.39%,108.27250000000001,107.48816666666667
05/12/2015,107.72,107.57,108.27,106.74,33.67M,-0.45%,108.303,107.50266666666667
05/13/2015,107.94,108.19,108.75,107.78,20.74M,0.20%,108.31099999999999,107.51916666666666
05/14/2015,109.52,108.82,109.61,108.42,23.90M,1.46%,108.4055,107.5595
05/15/2015,109.52,109.8,109.95,109.25,23.94M,0.00%,108.58399999999999,107.591
05/18/2015,110.0,109.34,110.22,109.26,17.63M,0.44%,108.707,107.6185
05/19/2015,109.88,110.12,110.29,109.7,14.21M,-0.11%,108.801,107.64216666666667
05/20/2015,109.95,109.96,110.61,109.37,21.13M,0.06%,108.86899999999999,107.66566666666667
05/21/2015,110.52,109.76,110.67,109.6,16.77M,0.52%,108.94499999999998,107.70316666666668
05/22/2015,110.41,110.39,110.81,110.32,13.54M,-0.10%,108.94149999999999,107.72966666666667
05/26/2015,109.14,110.17,110.32,108.7,25.49M,-1.15%,108.8885,107.743
05/27/2015,110.9,109.47,111.02,109.23,30.57M,1.61%,108.9345,107.76933333333334
05/28/2015,110.65,110.69,110.95,110.31,17.30M,-0.23%,109.00250000000001,107.8
05/29/2015,109.99,110.58,110.73,109.73,30.38M,-0.60%,109.12349999999999,107.82666666666665
06/01/2015,110.36,110.58,110.66,109.46,24.57M,0.34%,109.19200000000001,107.85633333333334
06/02/2015,110.01,109.95,110.55,109.41,19.45M,-0.32%,109.234,107.90066666666667
06/03/2015,110.34,110.51,110.75,110.07,20.51M,0.30%,109.3815,107.94533333333332
06/04/2015,109.5,109.72,110.42,109.15,31.37M,-0.76%,109.524,108.00933333333333
06/05/2015,109.24,109.37,109.63,108.57,22.64M,-0.24%,109.6215,108.07916666666667
06/08/2015,108.13,109.19,109.27,107.91,24.55M,-1.02%,109.59649999999999,108.11899999999999
06/09/2015,107.95,107.87,108.34,107.14,27.55M,-0.17%,109.5835,108.16350000000001
06/10/2015,109.43,108.32,109.75,108.2,30.30M,1.37%,109.66900000000001,108.21
06/11/2015,109.59,109.8,110.09,109.4,17.59M,0.15%,109.75150000000001,108.25633333333333
06/12/2015,108.69,109.01,109.24,108.54,27.20M,-0.82%,109.71000000000001,108.27016666666667
06/15/2015,108.15,107.88,108.32,107.25,31.24M,-0.50%,109.6415,108.27233333333334
06/16/2015,108.74,108.04,108.92,107.99,16.46M,0.55%,109.5785,108.27683333333333
06/17/2015,109.04,108.92,109.39,108.37,23.30M,0.28%,109.5365,108.28983333333332
06/18/2015,110.63,109.44,110.82,109.38,43.03M,1.46%,109.57050000000001,108.33583333333333
06/19/2015,109.83,110.43,110.52,109.75,27.88M,-0.72%,109.53600000000002,108.40966666666667
06/22/2015,110.64,110.64,110.97,110.39,19.12M,0.74%,109.54749999999999,108.503
06/23/2015,110.73,110.76,110.83,110.27,18.13M,0.08%,109.627,108.59083333333334
06/24/2015,110.16,110.6,111.07,110.13,15.82M,-0.51%,109.58999999999999,108.64900000000002
06/25/2015,109.94,110.59,110.7,109.76,18.33M,-0.20%,109.55449999999999,108.72233333333334
06/26/2015,109.21,109.92,110.17,108.8,32.31M,-0.66%,109.5155,108.79266666666668
06/29/2015,106.63,108.0,108.6,106.58,50.87M,-2.36%,109.329,108.81883333333333
06/30/2015,107.01,107.43,107.66,106.68,34.81M,0.36%,109.179,108.837
07/01/2015,107.86,108.07,108.29,107.36,21.29M,0.79%,109.05499999999999,108.87233333333333
07/02/2015,107.89,108.17,108.26,107.56,20.50M,0.03%,108.97449999999999,108.89416666666668
07/06/2015,107.64,107.21,108.26,106.98,24.31M,-0.23%,108.89450000000002,108.90066666666667
07/07/2015,107.91,107.76,108.01,105.77,44.23M,0.25%,108.8835,108.90433333333333
07/08/2015,106.03,107.14,107.27,105.84,39.69M,-1.74%,108.7875,108.88116666666669
07/09/2015,105.97,107.44,107.54,105.96,28.38M,-0.06%,108.61449999999999,108.86216666666665
07/10/2015,107.59,107.38,107.99,106.99,26.42M,1.53%,108.5145,108.859
07/13/2015,109.48,108.52,109.57,108.51,25.78M,1.76%,108.554,108.88983333333334
07/14/2015,110.2,109.63,110.5,109.57,21.98M,0.66%,108.65650000000001,108.96066666666667
07/15/2015,110.32,110.41,110.75,110.01,28.63M,0.11%,108.7355,109.007
07/16/2015,111.88,111.23,111.9,111.01,29.84M,1.41%,108.87750000000001,109.07166666666667
07/17/2015,113.53,112.78,113.53,112.59,35.93M,1.47%,109.0225,109.154
07/20/2015,113.92,113.77,114.33,113.42,26.54M,0.34%,109.227,109.236
07/21/2015,113.85,113.96,114.14,113.52,35.47M,-0.06%,109.3875,109.29216666666666
07/22/2015,112.56,112.11,113.11,112.11,35.57M,-1.13%,109.479,109.33149999999999
07/23/2015,112.14,112.67,113.04,111.85,25.70M,-0.37%,109.57800000000002,109.3675
07/24/2015,111.04,112.74,112.94,110.87,30.84M,-0.98%,109.63300000000001,109.39666666666668
07/27/2015,110.12,110.41,110.89,109.88,35.99M,-0.83%,109.67850000000001,109.43916666666665
07/28/2015,111.07,110.61,111.29,109.73,33.55M,0.86%,109.9005,109.47383333333333
07/29/2015,111.49,111.31,111.73,110.88,26.71M,0.38%,110.12450000000001,109.5125
07/30/2015,112.02,111.23,112.21,110.56,25.44M,0.48%,110.33250000000001,109.58966666666667
07/31/2015,111.89,112.37,112.43,111.66,22.08M,-0.12%,110.5325,109.67699999999999
08/03/2015,111.54,111.91,112.22,110.8,25.00M,-0.31%,110.72749999999999,109.74783333333333
08/04/2015,111.33,111.49,111.69,110.87,22.13M,-0.19%,110.89850000000001,109.79283333333333
08/05/2015,112.19,111.95,112.94,111.82,28.99M,0.77%,111.20649999999998,109.85916666666665
08/06/2015,110.39,112.29,112.44,109.89,42.13M,-1.60%,111.42750000000001,109.90366666666667
08/07/2015,110.25,110.12,110.51,109.34,30.01M,-0.13%,111.5605,109.94216666666667
08/10/2015,111.51,110.95,111.75,110.94,21.50M,1.14%,111.66199999999999,109.97533333333334
08/11/2015,110.08,110.92,111.35,109.47,36.12M,-1.28%,111.65599999999999,109.98466666666667
08/12/2015,110.46,109.32,110.68,108.16,41.89M,0.35%,111.66299999999998,109.99233333333333
08/13/2015,110.28,110.57,111.1,110.04,22.51M,-0.16%,111.58300000000001,109.999
08/14/2015,110.45,110.02,110.61,109.8,17.92M,0.15%,111.429,110.00733333333332
08/17/2015,111.37,110.18,111.4,109.9,21.22M,0.83%,111.30149999999999,110.02150000000002
08/18/2015,110.8,111.22,111.31,110.65,13.98M,-0.51%,111.149,110.02799999999999
08/19/2015,110.07,110.46,111.05,109.43,42.51M,-0.66%,111.02450000000002,110.04350000000001
08/20/2015,107.02,109.05,109.4,107.01,57.75M,-2.77%,110.76850000000002,109.97883333333333
08/21/2015,102.35,105.51,106.41,102.35,97.76M,-4.36%,110.33399999999999,109.8405
08/24/2015,98.41,94.18,102.48,84.7,150.83M,-3.85%,109.74849999999999,109.64750000000001
08/25/2015,98.04,102.02,102.69,97.96,75.09M,-0.38%,109.09700000000001,109.44216666666667
08/26/2015,102.98,100.91,103.18,98.88,104.10M,5.04%,108.6715,109.325
08/27/2015,105.58,104.47,105.65,103.23,69.38M,2.52%,108.34949999999999,109.24566666666668
08/28/2015,105.56,105.02,105.94,104.79,49.92M,-0.02%,108.03300000000002,109.18
08/31/2015,104.26,104.97,105.55,104.0,39.55M,-1.23%,107.66900000000001,109.097
09/01/2015,101.0,101.66,103.24,100.58,73.16M,-3.13%,107.1525,108.97816666666668
09/02/2015,103.85,102.83,103.87,101.65,43.96M,2.82%,106.7355,108.90983333333332
09/03/2015,103.34,104.26,104.96,103.05,45.13M,-0.49%,106.383,108.80833333333334
09/04/2015,102.11,101.92,102.79,101.54,49.38M,-1.19%,105.976,108.68366666666667
09/08/2015,104.98,104.07,105.11,103.64,37.34M,2.81%,105.64950000000002,108.62183333333333
09/09/2015,103.81,106.22,106.25,103.54,47.15M,-1.11%,105.33599999999998,108.54950000000001
09/10/2015,104.93,103.69,105.62,103.57,47.69M,1.08%,105.0595,108.486
09/11/2015,105.51,104.46,105.51,104.16,29.11M,0.55%,104.821,108.42716666666666
09/14/2015,105.19,105.9,105.92,104.79,19.72M,-0.30%,104.55800000000002,108.33650000000002
09/15/2015,106.43,105.44,106.76,105.05,30.02M,1.18%,104.31099999999999,108.27983333333333
09/16/2015,107.03,106.45,107.13,106.08,31.33M,0.56%,104.12249999999999,108.21966666666667
09/17/2015,107.07,106.92,108.67,106.58,56.14M,0.04%,103.97250000000001,108.15866666666668
09/18/2015,105.29,105.17,106.54,105.11,48.38M,-1.66%,103.88600000000001,108.0775
09/21/2015,105.62,105.87,106.49,104.68,35.77M,0.31%,104.0495,108.0055
09/22/2015,104.05,104.01,104.37,103.08,47.36M,-1.49%,104.3315,107.9195
09/23/2015,104.13,104.33,104.61,103.59,21.78M,0.08%,104.636,107.87783333333333
09/24/2015,103.75,103.12,104.14,102.22,38.28M,-0.36%,104.6745,107.8235
09/25/2015,102.87,104.85,104.95,102.23,44.70M,-0.85%,104.53900000000002,107.74033333333334
09/28/2015,99.94,102.43,102.5,99.64,44.08M,-2.85%,104.258,107.60783333333332
09/29/2015,99.42,100.19,101.21,98.7,49.32M,-0.52%,104.016,107.47083333333333
09/30/2015,101.71,100.84,101.82,100.45,41.41M,2.30%,104.0515,107.3675
10/01/2015,102.17,101.89,102.18,100.54,39.34M,0.45%,103.9675,107.30316666666666
10/02/2015,103.96,100.75,103.96,100.43,59.37M,1.75%,103.99849999999999,107.26966666666667
10/05/2015,105.44,104.72,105.72,104.5,32.85M,1.42%,104.165,107.23383333333332
10/06/2015,104.94,105.19,105.54,104.13,33.05M,-0.47%,104.16300000000001,107.15816666666666
10/07/2015,105.57,105.6,105.8,104.24,37.39M,0.60%,104.251,107.08099999999999
10/08/2015,105.99,105.17,106.17,104.16,50.19M,0.40%,104.304,107.00883333333333
10/09/2015,106.47,106.04,106.67,105.75,23.92M,0.45%,104.352,106.91866666666667
10/12/2015,106.73,106.67,106.93,106.29,16.16M,0.24%,104.429,106.80533333333334
10/13/2015,106.04,106.12,107.2,105.94,27.00M,-0.65%,104.40950000000001,106.674
10/14/2015,105.87,106.04,106.57,105.43,30.90M,-0.16%,104.35150000000002,106.541
10/15/2015,107.61,106.26,107.62,106.12,38.39M,1.64%,104.3785,106.4585
10/16/2015,108.06,107.84,108.12,107.32,27.09M,0.42%,104.51700000000001,106.3905
10/19/2015,108.68,107.92,108.75,107.68,23.78M,0.57%,104.67,106.35116666666666
10/20/2015,108.12,108.49,108.72,107.75,23.40M,-0.52%,104.8735,106.31783333333334
10/21/2015,107.46,108.67,108.78,107.42,30.20M,-0.61%,105.03999999999999,106.25766666666667
10/22/2015,109.65,108.42,109.74,108.11,42.78M,2.04%,105.335,106.227
10/23/2015,112.72,112.6,113.18,112.01,53.17M,2.80%,105.82750000000001,106.23866666666667
10/26/2015,112.79,112.64,113.01,112.21,25.92M,0.06%,106.47,106.25366666666667
10/27/2015,113.02,112.49,113.18,112.46,31.39M,0.20%,107.15,106.27833333333334
10/28/2015,113.96,113.19,113.96,112.28,42.22M,0.83%,107.7625,106.32216666666666
10/29/2015,113.78,113.44,113.97,113.32,24.91M,-0.16%,108.343,106.34866666666666
10/30/2015,113.27,113.83,114.02,113.24,27.20M,-0.45%,108.80850000000001,106.39666666666668
11/02/2015,114.55,113.57,114.68,113.33,22.18M,1.13%,109.26399999999998,106.46833333333333
11/03/2015,114.95,114.32,115.36,114.15,20.42M,0.35%,109.7645,106.52566666666667
11/04/2015,114.96,115.33,115.41,114.48,28.63M,0.01%,110.23400000000001,106.607
11/05/2015,114.65,115.06,115.33,114.05,25.00M,-0.27%,110.667,106.67683333333333
11/06/2015,114.73,114.43,114.86,113.7,29.92M,0.07%,111.08,106.751
11/09/2015,113.51,114.3,114.45,112.81,33.48M,-1.06%,111.41900000000001,106.802
11/10/2015,113.22,112.91,113.33,112.57,35.45M,-0.26%,111.77799999999999,106.83283333333333
11/11/2015,113.08,113.53,114.08,112.89,22.75M,-0.12%,112.1385,106.87083333333334
11/12/2015,111.98,112.59,113.17,111.9,31.20M,-0.97%,112.35700000000001,106.90266666666666
11/13/2015,109.78,111.51,111.63,109.72,52.84M,-1.96%,112.44300000000001,106.94866666666667
11/16/2015,111.36,109.68,111.38,109.42,33.98M,1.44%,112.577,107.09883333333332
11/17/2015,111.43,111.55,112.23,111.15,30.58M,0.06%,112.74249999999999,107.31583333333333
11/18/2015,113.57,111.88,113.68,111.77,32.97M,1.92%,113.048,107.57466666666666
11/19/2015,113.65,113.62,114.17,113.43,26.19M,0.07%,113.248,107.75250000000001
11/20/2015,114.42,114.18,114.51,114.08,22.73M,0.68%,113.333,107.89983333333333
11/23/2015,114.09,114.47,114.88,113.6,20.70M,-0.29%,113.398,108.042
11/24/2015,113.99,113.36,114.26,112.78,26.37M,-0.09%,113.44650000000001,108.20416666666667
11/25/2015,114.09,114.13,114.3,113.85,14.16M,0.09%,113.453,108.42233333333334
11/27/2015,114.25,114.33,114.48,113.86,8.83M,0.14%,113.47649999999999,108.59566666666667
11/30/2015,113.96,114.54,114.59,113.59,25.04M,-0.25%,113.511,108.77266666666668
12/01/2015,115.1,114.41,115.1,114.28,28.64M,1.00%,113.5385,108.98916666666666
12/02/2015,114.39,115.17,115.69,114.22,22.40M,-0.62%,113.51050000000001,109.146
12/03/2015,112.45,114.7,114.9,111.78,42.75M,-1.70%,113.38499999999999,109.28999999999999
12/04/2015,115.08,112.78,115.27,112.56,40.04M,2.34%,113.40650000000001,109.45916666666668
12/07/2015,114.56,115.16,115.23,114.01,25.89M,-0.45%,113.398,109.61
12/08/2015,114.57,113.38,114.93,113.32,30.79M,0.01%,113.451,109.76633333333332
12/09/2015,112.83,114.05,114.7,112.14,48.51M,-1.52%,113.4315,109.873
12/10/2015,113.34,113.09,114.1,112.75,30.15M,0.45%,113.44449999999999,109.97816666666667
12/11/2015,110.73,112.03,112.33,110.66,56.02M,-2.30%,113.38199999999999,110.03916666666666
12/14/2015,111.57,110.92,111.62,109.32,53.10M,0.76%,113.47149999999999,110.14383333333333
12/15/2015,112.25,112.54,113.22,112.11,48.43M,0.61%,113.51599999999999,110.25433333333334
12/16/2015,113.92,113.01,114.11,111.83,44.94M,1.49%,113.6405,110.41883333333334
12/17/2015,112.26,114.4,114.42,112.24,45.67M,-1.46%,113.575,110.55433333333332
12/18/2015,109.77,111.52,111.82,109.77,53.75M,-2.22%,113.381,110.65466666666666
12/21/2015,110.99,110.81,111.01,109.99,26.43M,1.11%,113.20949999999998,110.78999999999999
12/22/2015,111.72,111.59,111.88,110.99,26.54M,0.66%,113.09100000000001,110.98633333333333
12/23/2015,112.55,112.28,112.63,112.1,25.66M,0.74%,113.01899999999998,111.20516666666667
12/24/2015,112.53,112.51,112.84,112.48,11.48M,-0.02%,112.941,111.38550000000001
12/28/2015,112.47,112.26,112.49,111.45,19.18M,-0.05%,112.852,111.55716666666667
12/29/2015,114.24,113.16,114.48,113.07,27.73M,1.57%,112.86600000000001,111.7285
12/30/2015,113.21,114.1,114.18,113.19,19.52M,-0.90%,112.77150000000002,111.858
12/31/2015,111.8,112.81,113.02,111.78,29.89M,-1.25%,112.64199999999998,111.97233333333334
01/04/2016,109.44,109.37,109.54,108.06,50.81M,-2.11%,112.4915,112.03683333333333
01/05/2016,109.25,109.98,110.12,108.74,38.80M,-0.17%,112.2,112.09116666666667
01/06/2016,108.2,107.37,108.83,107.35,41.89M,-0.96%,111.88200000000002,112.11999999999999
01/07/2016,104.81,105.9,107.23,104.75,61.39M,-3.13%,111.394,112.088
01/08/2016,103.96,105.61,106.23,103.85,69.34M,-0.81%,110.9505,112.05333333333333
01/11/2016,104.28,104.73,105.0,102.68,50.02M,0.31%,110.49749999999999,112.02683333333333
01/12/2016,105.48,105.25,106.02,104.03,46.73M,1.15%,110.23499999999999,111.99133333333334
01/13/2016,101.85,105.94,106.17,101.69,69.87M,-3.44%,109.749,111.88783333333332
01/14/2016,104.02,102.25,104.92,100.62,78.45M,2.13%,109.3375,111.81016666666667
01/15/2016,100.79,100.52,101.89,99.46,91.44M,-3.11%,108.681,111.688
01/19/2016,101.01,102.15,102.32,99.83,56.56M,0.22%,108.1185,111.5805
01/20/2016,100.7,99.43,101.78,97.2,86.67M,-0.31%,107.66499999999999,111.43133333333334
01/21/2016,100.8,101.14,102.3,99.77,61.66M,0.10%,107.1555,111.23266666666667
01/22/2016,103.72,102.79,103.76,102.48,42.23M,2.90%,106.75549999999998,111.08149999999999
01/25/2016,102.18,103.41,103.94,102.09,38.88M,-1.48%,106.237,110.90083333333334
01/26/2016,103.1,102.6,103.54,101.71,36.14M,0.90%,105.7655,110.71983333333334
01/27/2016,100.53,102.5,102.94,100.1,54.52M,-2.49%,105.1685,110.49900000000001
01/28/2016,101.95,102.14,102.24,100.21,47.64M,1.41%,104.554,110.31033333333333
01/29/2016,104.08,101.95,104.12,101.89,54.25M,2.09%,104.0975,110.13583333333332
02/01/2016,104.36,103.57,104.74,103.18,32.75M,0.27%,103.72549999999998,109.95933333333332
02/02/2016,102.1,103.92,103.92,101.79,44.93M,-2.17%,103.3585,109.74499999999999
02/03/2016,101.61,102.75,102.78,99.83,61.57M,-0.48%,102.97650000000002,109.52766666666666
02/04/2016,101.6,101.3,102.4,100.39,49.32M,-0.01%,102.64649999999999,109.30883333333333
02/05/2016,98.07,101.24,101.28,97.67,70.75M,-3.47%,102.3095,109.05149999999999
02/08/2016,96.57,96.28,97.0,94.79,91.67M,-1.53%,101.94,108.77400000000002
02/09/2016,96.27,95.31,97.73,95.13,73.78M,-0.31%,101.5395,108.49383333333334
02/10/2016,96.64,97.45,98.64,96.57,59.42M,0.38%,101.0975,108.23816666666667
02/11/2016,96.5,95.4,97.27,95.14,76.84M,-0.14%,100.83,108.01683333333334
02/12/2016,97.97,97.63,98.07,96.68,49.19M,1.52%,100.5275,107.79366666666668
02/16/2016,100.18,99.39,100.18,98.8,40.57M,2.26%,100.497,107.60616666666667
02/17/2016,102.45,100.96,102.59,100.65,41.77M,2.27%,100.569,107.42083333333333
02/18/2016,101.28,102.76,102.79,101.15,38.99M,-1.14%,100.598,107.21466666666667
02/19/2016,101.58,100.86,101.89,100.56,28.26M,0.30%,100.637,107.00066666666666
02/22/2016,103.23,102.49,103.33,102.43,23.98M,1.62%,100.6125,106.81966666666666
02/23/2016,101.53,102.62,102.91,101.46,29.87M,-1.65%,100.58,106.61200000000001
02/24/2016,102.5,100.39,102.63,99.72,40.74M,0.96%,100.55,106.41883333333334
02/25/2016,103.51,102.71,103.51,101.79,29.39M,0.99%,100.699,106.23983333333332
02/26/2016,103.38,104.23,104.31,103.13,30.93M,-0.13%,100.7705,106.06349999999999
02/27/2016,103.43,103.42,103.43,103.42,28.58M,0.05%,100.738,105.869
02/29/2016,102.45,103.26,104.05,102.45,27.55M,-0.95%,100.6425,105.67
03/01/2016,105.73,103.4,105.73,103.11,37.70M,3.20%,100.824,105.558
03/02/2016,105.77,105.57,105.79,104.95,29.21M,0.04%,101.032,105.40283333333333
03/03/2016,105.57,105.65,105.69,104.81,25.47M,-0.19%,101.23049999999999,105.25299999999999
03/04/2016,105.61,105.7,106.29,104.91,31.66M,0.04%,101.6075,105.10366666666667
03/07/2016,104.96,105.06,105.68,104.22,25.86M,-0.62%,102.02700000000002,104.97250000000001
03/08/2016,104.1,104.25,105.16,103.92,28.90M,-0.82%,102.4185,104.8185
03/09/2016,104.76,104.52,104.78,103.91,31.05M,0.63%,102.82450000000001,104.71900000000001
03/10/2016,104.61,105.25,105.8,103.26,45.00M,-0.14%,103.22999999999999,104.603
03/11/2016,106.43,105.74,106.43,105.4,31.45M,1.74%,103.65299999999999,104.506
03/14/2016,106.61,106.02,106.86,106.0,25.37M,0.17%,103.97449999999999,104.38416666666666
03/15/2016,106.57,106.21,106.69,105.89,26.52M,-0.04%,104.18050000000001,104.28933333333335
03/16/2016,107.52,106.31,107.8,106.28,31.69M,0.89%,104.49249999999999,104.25183333333332
03/17/2016,107.46,107.2,107.71,106.81,29.62M,-0.06%,104.7865,104.193
03/18/2016,107.31,107.4,107.58,106.74,37.68M,-0.14%,104.9905,104.1195
03/21/2016,107.73,107.1,107.83,107.06,17.29M,0.39%,105.30050000000001,104.03916666666666
03/22/2016,108.06,107.12,108.31,107.1,18.84M,0.31%,105.5785,103.96466666666667
03/23/2016,107.17,107.85,107.93,106.93,20.91M,-0.82%,105.7615,103.87633333333333
03/24/2016,107.2,106.61,107.23,106.47,19.02M,0.03%,105.95249999999999,103.759
03/28/2016,107.05,107.5,107.52,106.86,13.89M,-0.14%,106.1335,103.65633333333334
03/29/2016,108.77,106.87,108.84,106.67,29.96M,1.61%,106.44949999999999,103.60583333333332
03/30/2016,109.3,109.42,109.98,109.07,23.81M,0.49%,106.628,103.6035
03/31/2016,109.14,109.24,109.63,108.97,21.45M,-0.15%,106.7965,103.60166666666667
04/01/2016,110.3,108.52,110.34,108.33,26.39M,1.06%,107.03299999999999,103.63666666666668
04/04/2016,109.88,110.25,110.38,109.62,17.16M,-0.38%,107.2465,103.72116666666666
04/05/2016,108.82,109.02,109.44,108.68,20.11M,-0.96%,107.4395,103.80216666666666
04/06/2016,110.61,108.94,110.65,108.93,25.06M,1.64%,107.76500000000001,103.90766666666667
04/07/2016,109.02,109.98,110.17,108.55,28.57M,-1.44%,107.978,103.96666666666667
04/08/2016,108.94,109.71,109.96,108.56,22.90M,-0.07%,108.19449999999999,104.08483333333334
04/11/2016,108.54,109.42,109.96,108.53,25.77M,-0.37%,108.3,104.16016666666665
04/12/2016,109.45,108.6,109.66,107.96,28.56M,0.84%,108.44200000000001,104.30449999999999
04/13/2016,110.85,110.26,111.02,110.15,25.36M,1.28%,108.65599999999999,104.46849999999999
04/14/2016,110.86,109.94,111.27,109.94,17.20M,0.01%,108.82300000000001,104.63783333333332
04/15/2016,110.58,110.77,111.0,110.3,21.35M,-0.25%,108.979,104.80083333333332
04/18/2016,111.17,110.27,111.21,110.19,17.13M,0.53%,109.172,104.925
04/19/2016,110.49,111.38,111.38,109.82,42.48M,-0.61%,109.30999999999999,105.06349999999999
04/20/2016,110.58,110.48,111.09,110.11,18.08M,0.08%,109.436,105.18816666666666
04/21/2016,110.59,110.52,110.99,110.09,20.22M,0.01%,109.607,105.35583333333332
04/22/2016,108.92,109.15,109.66,108.06,39.07M,-1.51%,109.69300000000001,105.472
04/25/2016,108.92,108.56,108.93,108.39,14.35M,0.00%,109.7865,105.55266666666667
04/26/2016,108.39,109.14,109.33,108.06,19.12M,-0.49%,109.7675,105.61983333333333
04/27/2016,107.52,107.28,107.77,106.63,33.06M,-0.80%,109.67849999999999,105.71016666666667
04/28/2016,106.22,107.63,108.28,106.01,29.82M,-1.21%,109.5325,105.787
04/29/2016,105.66,106.16,106.44,104.82,67.50M,-0.53%,109.30050000000001,105.85466666666666
05/02/2016,106.66,105.91,106.81,105.5,24.81M,0.95%,109.1395,105.99783333333333
05/03/2016,105.67,105.9,106.38,105.39,38.57M,-0.93%,108.982,106.14949999999999
05/04/2016,104.99,105.06,105.43,104.74,27.47M,-0.64%,108.701,106.29483333333334
05/05/2016,104.96,105.37,105.6,104.75,20.79M,-0.03%,108.49799999999998,106.43350000000001
05/06/2016,105.52,104.46,105.54,104.35,30.76M,0.53%,108.327,106.58383333333333
05/09/2016,105.82,105.55,106.31,105.48,19.29M,0.28%,108.19099999999999,106.71466666666666
05/10/2016,107.27,106.2,107.32,106.01,21.18M,1.37%,108.082,106.83283333333334
05/11/2016,106.3,107.1,107.43,106.27,20.97M,-0.90%,107.8545,106.897
05/12/2016,105.83,106.62,106.68,105.08,29.20M,-0.44%,107.603,106.97283333333333
05/13/2016,105.44,105.79,106.39,105.23,21.06M,-0.37%,107.346,107.03716666666666
05/16/2016,106.76,105.61,107.15,105.5,18.31M,1.25%,107.12549999999999,107.096
05/17/2016,105.42,106.68,106.98,105.14,29.93M,-1.26%,106.872,107.16083333333333
05/18/2016,105.8,105.23,106.37,104.98,28.18M,0.36%,106.633,107.21583333333334
05/19/2016,105.25,105.39,105.65,104.49,27.33M,-0.52%,106.36600000000001,107.24483333333335
05/20/2016,106.41,105.68,106.84,105.61,29.55M,1.10%,106.2405,107.29533333333333
05/23/2016,106.27,106.49,106.91,106.17,15.73M,-0.13%,106.10799999999999,107.34266666666666
05/24/2016,108.4,106.86,108.53,106.83,29.93M,2.00%,106.1085,107.44183333333334
05/25/2016,109.18,108.8,109.51,108.63,38.46M,0.72%,106.19149999999999,107.49933333333333
05/26/2016,109.5,109.29,109.64,109.03,21.89M,0.29%,106.3555,107.5615
05/27/2016,110.07,109.59,110.08,109.55,19.87M,0.52%,106.576,107.63650000000001
05/31/2016,110.28,110.22,110.45,109.73,24.37M,0.19%,106.75699999999999,107.71433333333333
06/01/2016,110.29,109.94,110.54,109.85,19.57M,0.01%,106.98800000000001,107.80316666666666
06/02/2016,110.52,110.07,110.53,109.47,15.70M,0.21%,107.2645,107.91016666666668
06/03/2016,110.0,110.31,110.36,109.28,20.27M,-0.47%,107.5165,107.9975
06/06/2016,110.4,110.19,110.69,110.01,12.50M,0.36%,107.76050000000001,108.09400000000001
06/07/2016,110.12,110.47,110.57,110.07,12.18M,-0.25%,107.97549999999998,108.1555
06/08/2016,110.31,110.31,110.54,109.9,14.57M,0.17%,108.12749999999998,108.21716666666667
06/09/2016,110.13,109.87,110.25,109.65,17.57M,-0.16%,108.319,108.2765
06/10/2016,108.88,109.14,109.34,108.5,32.97M,-1.14%,108.47150000000002,108.29916666666666
06/13/2016,107.97,108.28,108.87,107.83,25.41M,-0.84%,108.598,108.30766666666666
06/14/2016,107.97,107.72,108.36,107.18,24.59M,0.00%,108.6585,108.31866666666666
06/15/2016,107.66,108.26,108.38,107.48,24.61M,-0.29%,108.7705,108.31750000000001
06/16/2016,107.98,107.11,108.08,106.44,32.08M,0.30%,108.87950000000001,108.31616666666667
06/17/2016,106.43,107.47,107.63,106.18,29.21M,-1.44%,108.9385,108.30383333333333
06/20/2016,107.1,107.67,108.18,107.02,20.56M,0.63%,108.973,108.30216666666666
06/21/2016,107.44,107.27,107.66,107.04,22.80M,0.32%,109.03149999999998,108.30866666666665
06/22/2016,107.18,107.52,108.13,107.09,22.72M,-0.24%,108.97050000000002,108.28216666666667
06/23/2016,108.71,108.03,108.73,107.56,18.71M,1.43%,108.947,108.27233333333334
06/24/2016,104.24,104.75,106.44,104.01,68.01M,-4.11%,108.684,108.19066666666666
06/27/2016,102.17,103.55,103.55,101.7,50.04M,-1.99%,108.28900000000002,108.05516666666666
06/28/2016,104.41,103.28,104.46,103.25,28.26M,2.19%,107.99549999999999,107.964
06/29/2016,106.25,105.2,106.47,105.18,31.36M,1.76%,107.7935,107.92116666666666
06/30/2016,107.48,106.46,107.55,106.07,36.30M,1.16%,107.6415,107.869
07/01/2016,108.02,107.43,108.42,107.39,19.90M,0.50%,107.54249999999999,107.85233333333332
07/05/2016,107.36,107.52,107.6,106.78,21.17M,-0.61%,107.3905,107.82600000000001
07/06/2016,108.24,106.86,108.29,106.51,24.58M,0.82%,107.2965,107.821
07/07/2016,108.56,108.33,108.8,108.05,19.16M,0.30%,107.20899999999999,107.80616666666667
07/08/2016,110.24,109.11,110.3,108.96,29.46M,1.55%,107.2145,107.796
07/11/2016,110.87,110.62,111.28,110.6,20.22M,0.57%,107.314,107.79616666666668
07/12/2016,111.43,111.53,111.73,111.28,21.91M,0.51%,107.48700000000001,107.81033333333333
07/13/2016,111.16,111.73,111.76,111.15,21.11M,-0.24%,107.64650000000002,107.81016666666667
07/14/2016,111.92,111.9,112.13,111.64,20.87M,0.68%,107.8595,107.834
07/15/2016,111.74,112.16,112.24,111.49,18.00M,-0.16%,108.04749999999999,107.85333333333332
07/18/2016,112.48,111.8,112.68,111.79,20.71M,0.66%,108.35,107.88483333333333
07/19/2016,112.07,112.11,112.42,111.87,18.94M,-0.36%,108.59849999999999,107.93733333333334
07/20/2016,113.38,112.69,113.59,112.54,25.00M,1.17%,108.89550000000001,108.01166666666667
07/21/2016,113.12,113.46,113.68,112.81,18.89M,-0.23%,109.1925,108.0905
07/22/2016,113.59,113.22,113.72,112.85,20.00M,0.42%,109.4365,108.19166666666666
07/25/2016,113.6,113.5,113.63,113.22,12.97M,0.01%,109.90450000000001,108.31466666666667
07/26/2016,113.73,113.57,114.14,113.16,21.22M,0.11%,110.4825,108.44916666666667
07/27/2016,114.52,114.7,114.82,114.04,27.65M,0.69%,110.98800000000001,108.58016666666667
07/28/2016,114.92,114.7,115.05,114.34,16.94M,0.35%,111.42150000000001,108.73433333333334
07/29/2016,115.17,115.18,115.48,114.81,22.39M,0.22%,111.806,108.904
08/01/2016,115.78,115.25,118.72,115.11,13.99M,0.53%,112.194,109.08433333333332
08/02/2016,114.9,115.62,115.71,114.16,21.28M,-0.76%,112.571,109.24066666666666
08/03/2016,115.28,114.82,115.29,114.74,15.01M,0.33%,112.923,109.39833333333334
08/04/2016,115.61,115.26,115.72,114.97,12.84M,0.29%,113.2755,109.53733333333334
08/05/2016,116.72,116.22,116.98,116.07,23.20M,0.96%,113.5995,109.711
08/08/2016,116.59,116.76,116.81,116.22,12.36M,-0.11%,113.88550000000001,109.89033333333333
08/09/2016,116.86,116.67,117.23,116.61,13.28M,0.23%,114.157,110.08066666666667
08/10/2016,116.56,116.9,116.96,116.25,14.69M,-0.26%,114.42699999999999,110.244
08/11/2016,117.06,116.95,117.31,116.72,12.97M,0.43%,114.684,110.438
08/12/2016,117.14,116.85,117.15,116.73,19.38M,0.07%,114.954,110.627
08/15/2016,117.64,117.27,117.91,117.25,11.78M,0.43%,115.21200000000002,110.83349999999999
08/16/2016,116.99,117.41,117.43,116.97,14.16M,-0.55%,115.458,111.00983333333333
08/17/2016,117.2,117.02,117.24,116.37,15.98M,0.18%,115.649,111.19200000000001
08/18/2016,117.23,117.09,117.4,116.88,10.04M,0.03%,115.8545,111.33916666666666
08/19/2016,117.2,117.04,117.46,116.7,18.74M,-0.03%,116.035,111.47283333333334
08/22/2016,117.29,117.03,117.49,116.81,14.50M,0.08%,116.2195,111.60266666666668
08/23/2016,117.5,117.73,117.95,117.45,12.00M,0.18%,116.40799999999999,111.7265
08/24/2016,116.74,117.43,117.58,116.35,17.73M,-0.65%,116.519,111.83416666666668
08/25/2016,116.55,116.42,116.91,116.3,24.27M,-0.16%,116.60049999999998,111.9385
08/26/2016,116.72,116.6,117.48,116.02,23.90M,0.15%,116.67800000000003,112.04183333333332
08/29/2016,116.88,116.75,117.19,116.73,11.18M,0.14%,116.73299999999999,112.1565
08/30/2016,116.5,116.67,117.03,116.1,19.84M,-0.33%,116.81299999999999,112.25816666666667
08/31/2016,116.38,116.32,116.5,115.89,16.17M,-0.10%,116.86800000000001,112.3625
09/01/2016,116.68,116.42,116.82,115.85,20.94M,0.26%,116.92150000000001,112.46866666666666
09/02/2016,117.06,117.26,117.5,116.62,18.09M,0.33%,116.9385,112.58416666666666
09/06/2016,117.79,117.23,117.79,117.0,18.53M,0.62%,116.9985,112.73266666666667
09/07/2016,117.86,117.89,118.06,117.41,17.55M,0.06%,117.04849999999999,112.89750000000001
09/08/2016,117.17,117.51,117.54,116.86,20.13M,-0.59%,117.079,113.05083333333333
09/09/2016,114.22,116.17,116.45,114.2,50.81M,-2.52%,116.93700000000001,113.16016666666665
09/12/2016,116.27,113.58,116.43,113.57,39.65M,1.79%,116.89350000000002,113.29833333333333
09/13/2016,115.23,115.67,116.03,114.67,45.86M,-0.89%,116.773,113.445
09/14/2016,115.78,115.37,116.41,115.32,28.22M,0.48%,116.7125,113.58966666666667
09/15/2016,117.58,115.83,117.75,115.8,39.47M,1.55%,116.73149999999998,113.75866666666667
09/16/2016,117.23,117.16,117.35,116.65,27.60M,-0.30%,116.73149999999998,113.92616666666666
09/19/2016,116.72,117.51,117.89,116.49,16.22M,-0.44%,116.70750000000001,114.05966666666667
09/20/2016,116.94,117.13,117.42,116.74,18.08M,0.19%,116.69000000000001,114.27133333333333
09/21/2016,118.09,117.42,118.26,116.75,31.55M,0.98%,116.7195,114.53666666666666
09/22/2016,119.03,118.79,119.16,118.66,22.61M,0.80%,116.83399999999999,114.78033333333335
09/23/2016,118.27,118.86,118.94,118.1,22.21M,-0.64%,116.92,114.98066666666666
09/26/2016,117.28,117.6,117.74,117.11,16.40M,-0.84%,116.94800000000001,115.14399999999999
09/27/2016,118.44,117.25,118.49,117.09,20.24M,0.99%,117.026,115.31766666666667
09/28/2016,118.64,118.56,118.71,118.03,14.79M,0.17%,117.13300000000001,115.50566666666666
09/29/2016,117.78,118.45,118.66,117.27,27.21M,-0.72%,117.203,115.66466666666666
09/30/2016,118.66,118.08,119.01,117.97,25.54M,0.75%,117.30200000000002,115.83300000000001
10/03/2016,118.49,118.47,118.64,118.03,19.22M,-0.14%,117.37349999999999,115.97049999999999
10/04/2016,118.31,118.8,119.1,117.86,21.24M,-0.15%,117.39949999999999,116.0945
10/05/2016,118.73,118.64,119.11,118.61,14.48M,0.36%,117.44300000000001,116.21616666666667
10/06/2016,118.67,118.57,118.92,118.09,11.99M,-0.05%,117.518,116.34133333333332
10/07/2016,118.41,118.8,118.95,117.83,19.98M,-0.22%,117.72749999999999,116.4495
10/10/2016,119.16,119.0,119.42,118.97,19.69M,0.63%,117.872,116.57316666666665
10/11/2016,117.46,119.04,119.08,116.94,27.77M,-1.43%,117.9835,116.65616666666666
10/12/2016,117.36,117.51,117.76,117.0,14.27M,-0.09%,118.0625,116.74433333333333
10/13/2016,116.94,116.57,117.26,115.88,22.82M,-0.36%,118.0305,116.80366666666667
10/14/2016,117.08,117.52,117.99,117.01,21.31M,0.12%,118.023,116.86966666666666
10/17/2016,116.76,117.04,117.24,116.61,14.18M,-0.27%,118.025,116.9225
10/18/2016,117.8,118.12,118.35,117.74,19.28M,0.89%,118.06799999999998,116.9925
10/19/2016,117.79,117.71,117.96,117.58,13.70M,-0.01%,118.05300000000003,117.06016666666667
10/20/2016,117.65,117.62,117.91,116.97,18.13M,-0.12%,117.984,117.11233333333332
10/21/2016,118.09,117.74,118.16,117.35,15.71M,0.37%,117.975,117.16516666666666
10/24/2016,119.51,118.87,119.59,118.83,19.14M,1.20%,118.0865,117.2375
10/25/2016,119.13,119.56,119.6,118.95,20.34M,-0.32%,118.12100000000001,117.29333333333334
10/26/2016,118.32,118.35,118.97,117.97,20.46M,-0.68%,118.10499999999999,117.35033333333334
10/27/2016,117.78,118.84,118.93,117.61,19.10M,-0.46%,118.10499999999999,117.392
10/28/2016,117.04,117.41,118.05,116.68,35.37M,-0.63%,118.024,117.41583333333332
10/31/2016,116.93,117.47,117.47,116.87,18.75M,-0.09%,117.946,117.41933333333333
11/01/2016,116.05,117.13,117.15,115.04,23.50M,-0.75%,117.83300000000001,117.41033333333333
11/02/2016,115.12,115.99,116.24,114.83,26.96M,-0.80%,117.6525,117.38133333333333
11/03/2016,113.99,114.96,115.31,113.86,36.21M,-0.98%,117.4185,117.3385
11/04/2016,113.59,113.66,114.48,113.39,27.00M,-0.35%,117.17750000000001,117.28066666666668
11/07/2016,116.29,115.39,116.41,115.24,26.59M,2.38%,117.03399999999999,117.2665
11/08/2016,117.05,116.15,117.58,115.9,20.78M,0.65%,117.0135,117.25666666666667
11/09/2016,117.59,115.65,117.78,115.54,70.23M,0.46%,117.025,117.26666666666667
11/10/2016,115.69,118.08,118.32,114.14,72.83M,-1.62%,116.9625,117.2415
11/11/2016,115.74,115.15,115.99,114.78,41.12M,0.04%,116.89550000000001,117.21666666666667
11/14/2016,114.57,115.78,115.88,113.97,35.91M,-1.01%,116.78599999999999,117.17283333333333
11/15/2016,116.16,115.41,116.56,115.27,31.80M,1.39%,116.70400000000002,117.154
11/16/2016,116.85,115.64,116.93,115.61,16.54M,0.59%,116.657,117.14316666666666
11/17/2016,117.7,116.8,117.72,116.55,20.60M,0.73%,116.65950000000001,117.15916666666666
11/18/2016,117.26,117.77,118.04,117.15,16.43M,-0.37%,116.61800000000001,117.17099999999999
11/21/2016,118.48,117.54,118.59,117.51,20.27M,1.04%,116.56649999999999,117.20033333333335
11/22/2016,118.84,118.91,119.13,118.55,18.85M,0.30%,116.55199999999999,117.233
11/23/2016,118.36,118.45,118.58,117.84,22.93M,-0.40%,116.554,117.264
11/25/2016,118.74,118.5,118.79,118.36,7.16M,0.32%,116.60200000000002,117.30333333333333
11/28/2016,118.47,118.58,119.02,118.35,13.48M,-0.23%,116.67349999999999,117.33316666666666
11/29/2016,118.88,118.57,119.45,118.24,18.55M,0.35%,116.771,117.3635
11/30/2016,117.44,119.0,119.07,117.4,30.41M,-1.21%,116.84049999999999,117.35766666666667
12/01/2016,115.41,117.4,117.41,115.23,39.80M,-1.73%,116.85499999999999,117.31683333333334
12/02/2016,115.64,115.51,116.1,115.16,32.88M,0.20%,116.9375,117.29133333333333
12/05/2016,116.54,116.26,117.0,115.71,21.42M,0.78%,117.085,117.33
12/06/2016,116.82,116.82,117.02,116.33,27.29M,0.24%,117.1115,117.33916666666667
12/07/2016,118.3,116.58,118.45,116.23,26.62M,1.27%,117.174,117.39033333333333
12/08/2016,118.51,118.34,118.81,118.12,18.58M,0.18%,117.22,117.43583333333332
12/09/2016,119.44,118.97,119.48,118.94,21.86M,0.78%,117.4075,117.46683333333334
12/12/2016,118.9,118.89,119.15,118.41,23.26M,-0.45%,117.5655,117.49466666666667
12/13/2016,120.4,119.29,121.05,119.26,54.48M,1.26%,117.85700000000001,117.556
12/14/2016,120.15,120.5,120.94,119.8,28.75M,-0.21%,118.05649999999999,117.60950000000001
12/15/2016,120.34,120.31,121.05,120.02,22.76M,0.16%,118.231,117.647
12/16/2016,119.54,120.22,120.52,119.3,26.28M,-0.66%,118.32300000000001,117.6555
12/19/2016,120.03,119.68,120.77,119.49,21.14M,0.41%,118.4615,117.68483333333333
12/20/2016,120.49,120.37,120.71,120.27,11.46M,0.38%,118.56199999999998,117.73833333333333
12/21/2016,120.4,120.51,120.62,120.13,7.08M,-0.07%,118.64000000000001,117.771
12/22/2016,120.06,120.4,120.44,119.59,16.64M,-0.28%,118.725,117.79466666666667
12/23/2016,120.14,119.9,120.19,119.75,9.01M,0.07%,118.79499999999999,117.834
12/27/2016,120.76,120.38,121.46,120.35,16.11M,0.52%,118.90950000000001,117.869
12/28/2016,119.82,121.0,121.13,119.73,17.98M,-0.78%,118.9565,117.89116666666668
12/29/2016,119.65,119.8,120.07,119.27,13.27M,-0.14%,119.06699999999998,117.91349999999998
12/30/2016,118.42,119.87,119.89,118.08,41.75M,-1.03%,119.2175,117.90833333333333
01/03/2017,119.48,119.25,119.93,118.83,22.31M,0.90%,119.40950000000001,117.92183333333334
01/04/2017,120.13,119.61,120.35,119.59,19.75M,0.54%,119.58900000000001,117.9505
01/05/2017,120.81,120.1,120.89,120.04,20.64M,0.57%,119.7885,117.97800000000001
01/06/2017,121.87,120.93,122.19,120.62,24.07M,0.88%,119.96699999999998,118.0515
01/09/2017,122.27,121.97,122.49,121.89,18.91M,0.33%,120.155,118.13333333333334
01/10/2017,122.54,122.31,122.91,122.04,16.18M,0.22%,120.30999999999999,118.22666666666667
01/11/2017,122.87,122.57,122.87,121.96,20.69M,0.27%,120.5085,118.32316666666667
01/12/2017,122.68,122.43,122.75,121.54,19.62M,-0.15%,120.62249999999999,118.42183333333334
01/13/2017,123.1,122.75,123.31,122.74,16.93M,0.34%,120.77000000000001,118.51016666666666
01/17/2017,122.73,122.73,122.97,122.37,14.54M,-0.30%,120.8895,118.5925
01/18/2017,122.98,122.9,123.1,122.6,12.50M,0.20%,121.0615,118.68133333333334
01/19/2017,122.92,123.13,123.59,122.66,12.71M,-0.05%,121.20599999999999,118.76183333333333
01/20/2017,123.19,123.45,123.76,122.86,22.09M,0.22%,121.34100000000001,118.82316666666667
01/23/2017,123.29,123.1,123.47,122.51,17.43M,0.08%,121.4855,118.8925
01/24/2017,124.11,123.53,124.3,123.32,17.64M,0.67%,121.68800000000002,118.989
01/25/2017,125.36,124.87,125.39,124.78,15.04M,1.01%,121.949,119.11533333333334
01/26/2017,125.49,125.52,125.75,125.28,16.05M,0.10%,122.1855,119.25616666666669
01/27/2017,125.73,125.73,125.85,125.32,15.05M,0.19%,122.481,119.40283333333333
01/30/2017,124.75,125.3,125.31,124.06,25.01M,-0.78%,122.73600000000002,119.54783333333333
01/31/2017,124.5,124.33,124.53,123.78,19.09M,-0.20%,123.04,119.70416666666667
02/01/2017,125.36,125.35,125.61,124.79,22.86M,0.69%,123.33400000000002,119.89366666666666
02/02/2017,125.25,125.14,125.63,124.79,15.10M,-0.09%,123.59,120.088
02/03/2017,125.61,125.42,125.74,125.26,16.96M,0.29%,123.83,120.24333333333334
02/06/2017,125.76,125.35,125.78,125.28,11.63M,0.12%,124.02450000000002,120.3885
02/07/2017,126.22,125.99,126.48,125.9,17.54M,0.37%,124.22200000000001,120.53233333333333
02/08/2017,126.43,126.05,126.61,125.81,12.57M,0.17%,124.41650000000001,120.71133333333334
02/09/2017,126.89,126.56,127.17,126.49,17.54M,0.36%,124.61749999999999,120.89716666666668
02/10/2017,127.31,127.13,127.49,126.95,13.92M,0.33%,124.849,121.1095
02/13/2017,128.03,127.69,128.19,127.65,19.12M,0.57%,125.09550000000002,121.30733333333333
02/14/2017,128.46,128.08,128.47,127.67,16.33M,0.34%,125.38200000000002,121.50083333333333
02/15/2017,129.22,128.37,129.28,128.3,17.89M,0.59%,125.694,121.69283333333333
02/16/2017,129.18,129.29,129.56,128.85,15.10M,-0.03%,126.00699999999999,121.89150000000001
02/17/2017,129.74,129.02,129.75,128.97,15.56M,0.43%,126.3345,122.07916666666667
02/21/2017,130.38,129.96,130.46,129.92,18.48M,0.49%,126.68900000000001,122.2715
02/22/2017,130.43,130.25,130.52,130.04,12.11M,0.04%,127.005,122.47266666666668
02/23/2017,129.94,130.63,130.63,129.42,17.49M,-0.38%,127.23400000000001,122.65933333333334
02/24/2017,130.19,129.4,130.19,129.31,18.62M,0.19%,127.46900000000001,122.85466666666666
02/27/2017,130.35,129.95,130.36,129.73,12.01M,0.12%,127.7,123.04583333333333
02/28/2017,129.95,130.32,130.38,129.59,16.60M,-0.31%,127.96,123.25433333333334
03/01/2017,131.37,130.74,131.61,130.53,25.81M,1.09%,128.3035,123.52033333333333
03/02/2017,130.71,131.36,131.36,130.55,19.95M,-0.50%,128.571,123.7715
03/03/2017,130.95,130.58,130.99,130.27,13.72M,0.18%,128.856,124.01166666666668
03/06/2017,130.66,130.49,130.88,130.14,12.03M,-0.22%,129.1085,124.24233333333333
03/07/2017,130.44,130.38,131.01,130.21,15.50M,-0.17%,129.3425,124.44466666666668
03/08/2017,130.67,130.5,131.08,130.39,15.78M,0.18%,129.565,124.64733333333334
03/09/2017,130.77,130.64,130.95,130.07,20.86M,0.08%,129.78199999999998,124.83616666666667
03/10/2017,131.32,131.35,131.53,130.75,21.92M,0.42%,130.0035,125.04316666666666
03/13/2017,131.54,131.27,131.57,131.2,10.73M,0.17%,130.215,125.22883333333334
03/14/2017,131.22,131.24,131.29,130.69,14.02M,-0.24%,130.37449999999998,125.41333333333334
03/15/2017,132.03,131.51,132.34,131.07,22.71M,0.62%,130.553,125.60816666666666
03/16/2017,131.94,132.26,132.28,131.64,18.46M,-0.07%,130.689,125.81483333333333
03/17/2017,131.62,131.79,131.97,131.55,21.23M,-0.24%,130.811,126.008
03/20/2017,131.74,131.58,132.04,131.39,10.11M,0.09%,130.911,126.19550000000001
03/21/2017,129.74,132.24,132.36,129.66,35.84M,-1.52%,130.879,126.35116666666666
03/22/2017,130.62,129.82,130.75,129.61,29.18M,0.68%,130.8885,126.52716666666667
03/23/2017,130.29,130.45,130.81,130.07,20.31M,-0.25%,130.906,126.69633333333333
03/24/2017,130.56,130.71,131.22,130.06,22.97M,0.21%,130.9245,126.85966666666667
03/27/2017,130.77,129.66,131.0,129.33,18.47M,0.16%,130.94549999999998,127.04216666666666
03/28/2017,131.57,130.74,131.96,130.48,23.72M,0.61%,131.0265,127.24083333333334
03/29/2017,132.18,131.66,132.23,131.52,13.71M,0.46%,131.06699999999998,127.47016666666667
03/30/2017,132.4,132.15,132.54,132.01,16.09M,0.17%,131.1515,127.6855
03/31/2017,132.31,132.2,132.67,132.06,19.84M,-0.07%,131.21949999999998,127.8885
04/03/2017,132.23,132.41,132.74,131.49,23.70M,-0.06%,131.298,128.07883333333334
04/04/2017,132.44,131.83,132.46,131.8,13.40M,0.16%,131.398,128.255
04/05/2017,131.9,132.61,133.41,131.65,32.01M,-0.41%,131.4595,128.41549999999998
04/06/2017,131.97,132.05,132.32,131.63,18.83M,0.05%,131.5195,128.57266666666666
04/07/2017,131.9,131.92,132.3,131.43,16.74M,-0.05%,131.5485,128.72316666666669
04/10/2017,131.95,132.04,132.5,131.59,15.62M,0.04%,131.569,128.87766666666667
04/11/2017,131.38,131.79,132.03,130.43,33.78M,-0.43%,131.577,129.01566666666668
04/12/2017,130.85,131.38,131.47,130.71,15.96M,-0.40%,131.51799999999997,129.15099999999998
04/13/2017,130.33,130.68,131.44,130.31,23.68M,-0.40%,131.43750000000003,129.27349999999998
04/17/2017,131.41,130.73,131.43,130.65,13.33M,0.83%,131.427,129.415
04/18/2017,131.21,130.94,131.59,130.88,12.84M,-0.15%,131.40050000000002,129.54866666666666
04/19/2017,131.42,131.78,132.22,131.24,17.76M,0.16%,131.4845,129.68416666666664
04/20/2017,132.52,131.97,132.81,131.75,21.98M,0.84%,131.5795,129.82433333333333
04/21/2017,132.49,132.63,132.69,132.15,22.45M,-0.02%,131.6895,129.94316666666666
04/24/2017,134.09,133.95,134.21,133.73,22.47M,1.21%,131.866,130.0865
04/25/2017,135.06,134.51,135.3,134.41,19.38M,0.72%,132.0805,130.24200000000002
04/26/2017,134.87,135.1,135.44,134.79,25.40M,-0.14%,132.2455,130.41066666666669
04/27/2017,135.68,135.21,135.68,135.12,16.14M,0.60%,132.4205,130.597
04/28/2017,135.92,136.21,136.27,135.7,22.77M,0.18%,132.5965,130.773
05/01/2017,137.13,136.39,137.31,136.31,24.82M,0.89%,132.8375,130.971
05/02/2017,137.36,137.31,137.42,136.95,18.35M,0.17%,133.094,131.16683333333333
05/03/2017,136.92,137.07,137.1,136.54,23.83M,-0.32%,133.318,131.35283333333334
05/04/2017,136.97,136.94,137.36,136.49,14.63M,0.04%,133.5715,131.532
05/05/2017,137.47,137.32,137.47,136.81,19.33M,0.37%,133.84650000000002,131.716
05/08/2017,137.77,137.54,137.77,137.26,13.28M,0.22%,134.14000000000001,131.8973333333333
05/09/2017,138.25,137.98,138.56,137.86,28.43M,0.35%,134.455,132.07966666666667
05/10/2017,138.33,138.33,138.38,137.84,20.50M,0.06%,134.8025,132.25133333333332
05/11/2017,138.22,137.96,138.26,137.31,27.23M,-0.08%,135.171,132.41400000000002
05/12/2017,138.53,138.3,138.56,138.16,19.74M,0.22%,135.581,132.56916666666666
05/15/2017,138.97,138.56,139.05,138.46,20.48M,0.32%,135.959,132.73233333333332
05/16/2017,139.55,139.29,139.57,138.92,21.79M,0.42%,136.376,132.89583333333334
05/17/2017,136.0,138.48,138.7,135.98,55.64M,-2.54%,136.605,132.9895
05/18/2017,137.19,135.99,137.65,135.8,41.32M,0.88%,136.8385,133.10216666666665
05/19/2017,137.77,137.64,138.35,137.59,36.73M,0.42%,137.10250000000002,133.23266666666666
05/22/2017,138.93,138.07,139.0,138.02,19.51M,0.84%,137.34449999999998,133.37833333333336
05/23/2017,139.07,139.35,139.35,138.71,19.69M,0.10%,137.54500000000002,133.52366666666666
05/24/2017,139.71,139.49,139.78,139.1,18.32M,0.46%,137.787,133.68633333333335
05/25/2017,140.9,140.24,141.26,139.94,23.93M,0.85%,138.048,133.84516666666667
05/26/2017,141.15,140.93,141.21,140.74,13.85M,0.18%,138.3095,134.01916666666668
05/30/2017,141.27,141.06,141.43,140.99,20.31M,0.09%,138.5165,134.19116666666667
05/31/2017,141.22,141.73,141.77,140.5,33.23M,-0.04%,138.7095,134.36716666666666
06/01/2017,141.77,141.5,141.83,140.91,20.12M,0.39%,138.952,134.556
06/02/2017,143.38,142.27,143.41,142.04,37.22M,1.14%,139.2725,134.76783333333333
06/05/2017,143.35,143.36,143.6,143.15,15.73M,-0.02%,139.5665,134.9775
06/06/2017,142.78,143.2,143.65,142.58,22.39M,-0.40%,139.817,135.1685
06/07/2017,143.34,143.15,143.46,142.53,18.84M,0.39%,140.0715,135.36516666666665
06/08/2017,143.49,143.66,143.72,142.72,25.42M,0.10%,140.3295,135.56966666666665
06/09/2017,139.91,143.65,143.82,138.04,109.78M,-2.49%,140.41400000000002,135.701
06/12/2017,139.16,138.77,139.41,137.4,104.45M,-0.54%,140.44549999999998,135.82133333333334
06/13/2017,140.29,139.94,140.49,139.21,51.19M,0.81%,140.5115,135.96583333333334
06/14/2017,139.68,140.85,140.86,138.55,60.09M,-0.43%,140.518,136.09816666666666
06/15/2017,139.06,138.28,139.21,137.42,55.15M,-0.44%,140.671,136.2535
06/16/2017,138.08,138.65,138.7,137.57,48.09M,-0.70%,140.7155,136.37783333333334
06/19/2017,140.39,139.38,140.52,139.21,39.63M,1.67%,140.8465,136.54616666666666
06/20/2017,139.29,140.24,140.43,139.24,40.94M,-0.78%,140.8645,136.69166666666666
06/21/2017,140.67,139.59,140.74,139.52,35.74M,0.99%,140.9445,136.85666666666665
06/22/2017,140.63,140.87,141.15,140.27,24.10M,-0.03%,140.9905,137.0076666666667
06/23/2017,141.17,140.46,141.35,140.08,21.65M,0.38%,141.004,137.1575
06/26/2017,140.51,141.93,142.22,140.2,34.41M,-0.47%,140.972,137.29266666666666
06/27/2017,137.96,140.0,140.15,137.95,65.96M,-1.81%,140.8065,137.38683333333336
06/28/2017,139.95,138.47,140.07,137.67,57.43M,1.44%,140.743,137.5155
06/29/2017,137.52,139.33,139.37,136.18,88.77M,-1.74%,140.53050000000002,137.60016666666667
06/30/2017,137.57,137.93,138.6,137.12,68.90M,0.04%,140.23999999999998,137.69466666666668
07/03/2017,136.12,138.18,138.36,136.03,32.80M,-1.05%,139.87849999999997,137.76383333333334
07/05/2017,137.46,136.5,137.83,136.09,42.12M,0.98%,139.6125,137.85649999999998
07/06/2017,136.22,136.4,136.99,135.73,48.43M,-0.90%,139.25650000000002,137.92766666666665
07/07/2017,137.69,136.67,138.06,136.67,36.97M,1.08%,138.9665,138.03283333333331
07/10/2017,138.59,137.77,138.91,137.43,24.85M,0.65%,138.9005,138.16183333333336
07/11/2017,138.98,138.37,139.15,137.87,31.52M,0.28%,138.8915,138.306
07/12/2017,140.63,140.14,140.79,139.88,36.05M,1.19%,138.9085,138.45966666666666
07/13/2017,140.94,140.78,141.28,140.53,31.07M,0.22%,138.9715,138.62183333333334
07/14/2017,142.05,141.5,142.23,141.12,34.54M,0.79%,139.121,138.799
07/17/2017,142.12,142.18,142.62,141.85,25.34M,0.05%,139.323,138.959
07/18/2017,143.06,141.99,143.09,141.57,25.75M,0.66%,139.4565,139.13516666666666
07/19/2017,143.9,143.45,144.11,143.42,33.75M,0.59%,139.687,139.29866666666666
07/20/2017,144.09,144.23,144.36,143.44,36.14M,0.13%,139.858,139.44916666666668
07/21/2017,144.03,143.54,144.03,143.27,39.70M,-0.04%,140.028,139.60183333333333
07/24/2017,144.69,143.99,144.79,143.84,26.71M,0.46%,140.204,139.75199999999998
07/25/2017,144.32,144.21,144.66,143.93,28.12M,-0.26%,140.39450000000002,139.89199999999997
07/26/2017,144.79,144.66,144.87,144.45,18.61M,0.33%,140.73600000000002,140.01966666666667
07/27/2017,143.88,145.78,145.88,142.23,80.67M,-0.63%,140.93249999999998,140.1283333333333
07/28/2017,143.76,143.06,144.0,142.79,38.01M,-0.08%,141.2445,140.2423333333333
07/31/2017,143.15,144.14,144.35,142.84,33.85M,-0.42%,141.5235,140.34533333333331
08/01/2017,143.48,143.62,143.68,143.04,20.15M,0.23%,141.8915,140.4455
08/02/2017,143.87,144.37,144.44,142.54,41.77M,0.27%,142.21200000000002,140.54716666666667
08/03/2017,143.31,144.09,144.09,143.05,27.11M,-0.39%,142.5665,140.63150000000002
08/04/2017,143.57,143.57,143.89,142.98,29.47M,0.18%,142.8605,140.71883333333335
08/07/2017,144.48,143.81,144.48,143.63,17.93M,0.63%,143.15500000000003,140.82316666666665
08/08/2017,144.23,144.19,145.39,143.82,30.81M,-0.17%,143.41750000000002,140.91816666666668
08/09/2017,144.04,143.06,144.11,142.72,36.17M,-0.13%,143.58800000000002,141.00266666666667
08/10/2017,140.96,143.25,143.32,140.82,63.33M,-2.14%,143.589,141.02616666666665
08/11/2017,142.03,141.17,142.34,140.83,45.86M,0.76%,143.588,141.12666666666667
08/14/2017,143.85,143.15,144.07,143.11,34.16M,1.28%,143.6745,141.23766666666668
08/15/2017,143.95,144.14,144.23,143.56,25.51M,0.07%,143.719,141.34066666666666
08/16/2017,144.2,144.29,144.88,143.73,31.91M,0.17%,143.73399999999998,141.4285
08/17/2017,141.26,143.65,143.86,141.26,70.19M,-2.04%,143.59250000000003,141.465
08/18/2017,141.16,141.36,142.13,140.58,60.75M,-0.07%,143.449,141.48916666666668
08/21/2017,140.98,141.16,141.46,140.11,37.11M,-0.13%,143.2635,141.4905
08/22/2017,143.12,141.73,143.27,141.69,36.29M,1.52%,143.2035,141.52333333333337
08/23/2017,142.62,142.43,142.93,142.31,25.70M,-0.35%,143.09499999999997,141.54583333333332
08/24/2017,142.2,142.95,143.09,141.4,38.16M,-0.29%,143.01100000000002,141.56216666666666
08/25/2017,141.9,142.73,143.1,141.71,26.38M,-0.21%,142.91799999999998,141.56433333333334
08/28/2017,142.34,142.34,142.67,141.88,15.36M,0.31%,142.8775,141.547
08/29/2017,142.89,141.11,143.13,140.99,24.50M,0.39%,142.84799999999998,141.5393333333333
08/30/2017,144.57,143.03,144.81,142.92,33.64M,1.18%,142.88299999999998,141.56916666666666
08/31/2017,146.12,144.95,146.13,144.9,38.48M,1.07%,143.02349999999998,141.6155
09/01/2017,145.92,146.28,146.51,145.53,22.29M,-0.14%,143.141,141.656
09/05/2017,144.61,145.47,145.8,143.52,45.48M,-0.90%,143.14749999999998,141.73433333333332
09/06/2017,145.05,144.98,145.38,144.0,30.72M,0.30%,143.1885,141.8325
09/07/2017,145.39,145.32,145.76,144.86,22.72M,0.23%,143.256,141.9175
09/08/2017,144.13,145.2,145.27,143.98,27.89M,-0.87%,143.41449999999998,141.99166666666667
09/11/2017,145.79,145.22,146.04,145.22,27.13M,1.15%,143.60250000000002,142.1038333333333
09/12/2017,146.14,146.17,146.33,145.45,30.26M,0.24%,143.717,142.23816666666664
09/13/2017,146.34,145.87,146.36,145.65,28.45M,0.14%,143.83649999999997,142.33733333333333
09/14/2017,145.48,145.77,146.21,145.39,35.30M,-0.59%,143.9005,142.44050000000001
09/15/2017,145.98,145.48,146.51,145.21,46.42M,0.34%,144.1365,142.529
09/18/2017,145.47,145.8,146.29,145.03,24.86M,-0.35%,144.352,142.60966666666667
09/19/2017,145.72,145.73,145.93,145.23,20.87M,0.17%,144.589,142.68550000000002
09/20/2017,145.27,145.67,145.83,144.15,34.24M,-0.31%,144.6965,142.7648333333333
09/21/2017,144.38,145.17,145.18,143.87,28.84M,-0.61%,144.7845,142.8718333333333
09/22/2017,144.24,143.92,144.45,143.78,21.70M,-0.10%,144.88649999999998,142.94333333333333
09/25/2017,142.73,143.67,143.75,142.03,54.95M,-1.05%,144.928,143.03016666666664
09/26/2017,143.09,143.43,143.72,142.6,29.63M,0.25%,144.9655,143.12216666666666
09/27/2017,144.38,143.85,144.92,143.49,33.25M,0.90%,145.04000000000002,143.25983333333335
09/28/2017,144.33,144.06,144.48,143.7,24.15M,-0.03%,145.028,143.37433333333334
09/29/2017,145.37,144.62,145.48,144.24,43.10M,0.72%,144.9905,143.52683333333334
10/02/2017,145.5,145.59,146.09,144.85,27.35M,0.09%,144.96949999999998,143.657
10/03/2017,145.81,145.66,145.98,145.37,19.72M,0.21%,145.02949999999998,143.77733333333333
10/04/2017,145.95,145.52,146.26,145.39,26.38M,0.10%,145.0745,143.89350000000002
10/05/2017,147.38,146.46,147.46,146.33,31.56M,0.98%,145.174,144.00599999999997
10/06/2017,147.58,146.89,147.58,146.88,23.56M,0.14%,145.34650000000002,144.11666666666665
10/09/2017,147.41,147.78,147.93,147.22,13.70M,-0.12%,145.4275,144.20600000000002
10/10/2017,147.52,147.9,148.06,146.87,19.22M,0.07%,145.4965,144.296
10/11/2017,147.96,147.45,147.99,147.26,12.44M,0.30%,145.57750000000001,144.37766666666667
10/12/2017,147.69,147.76,148.28,147.54,14.51M,-0.18%,145.68800000000002,144.44083333333336
10/13/2017,148.26,148.32,148.43,147.7,18.41M,0.39%,145.802,144.5103333333333
10/16/2017,148.77,148.62,148.81,148.31,21.81M,0.34%,145.967,144.58933333333331
10/17/2017,148.96,148.71,148.98,148.49,13.14M,0.13%,146.129,144.6605
10/18/2017,148.78,149.13,149.13,148.56,17.22M,-0.12%,146.30450000000002,144.73483333333334
10/19/2017,148.23,147.94,148.25,147.19,27.68M,-0.37%,146.497,144.79216666666667
10/20/2017,148.63,148.83,148.96,148.45,30.17M,0.27%,146.7165,144.87133333333335
10/23/2017,147.66,148.93,148.95,147.45,29.30M,-0.65%,146.96300000000002,144.93633333333335
10/24/2017,147.91,147.92,148.22,147.36,20.29M,0.17%,147.204,145.01566666666668
10/25/2017,147.35,147.62,148.1,146.25,36.18M,-0.38%,147.35250000000002,145.08016666666666
10/26/2017,146.88,147.28,147.63,146.84,28.23M,-0.32%,147.48,145.13033333333334
10/27/2017,151.16,149.25,151.44,149.12,60.17M,2.91%,147.76950000000002,145.26116666666664
10/30/2017,151.5,151.0,152.11,150.91,31.73M,0.22%,148.0695,145.39333333333332
10/31/2017,152.07,151.96,152.29,151.55,26.32M,0.38%,148.3825,145.51983333333334
11/01/2017,152.02,152.67,152.75,151.42,29.48M,-0.03%,148.68599999999998,145.64966666666666
11/02/2017,151.73,151.84,151.91,150.69,31.02M,-0.19%,148.90349999999998,145.77783333333335
11/03/2017,153.19,152.31,153.21,151.76,26.20M,0.96%,149.184,145.98166666666665
11/06/2017,153.71,153.05,153.77,153.02,28.69M,0.34%,149.499,146.17633333333333
11/07/2017,153.8,153.59,154.0,153.26,21.33M,0.06%,149.81300000000002,146.34216666666666
11/08/2017,154.42,153.73,154.46,153.54,17.37M,0.40%,150.136,146.51666666666668
11/09/2017,153.61,153.18,153.69,152.03,40.59M,-0.52%,150.432,146.6735
11/10/2017,153.6,153.28,153.72,152.98,20.15M,-0.01%,150.699,146.87916666666666
11/13/2017,153.79,153.04,153.99,153.02,12.52M,0.12%,150.95,147.08966666666666
11/14/2017,153.23,153.23,153.42,152.49,25.17M,-0.36%,151.1635,147.2938333333333
11/15/2017,152.51,152.53,152.92,151.7,24.81M,-0.47%,151.35,147.4503333333333
11/16/2017,154.46,153.3,154.81,153.25,34.79M,1.28%,151.6615,147.64766666666668
11/17/2017,153.87,154.5,154.61,153.72,28.73M,-0.38%,151.9235,147.84216666666666
11/20/2017,153.75,154.0,154.12,153.53,21.14M,-0.08%,152.228,148.03966666666665
11/21/2017,155.42,154.48,155.49,154.4,20.15M,1.09%,152.6035,148.25766666666667
11/22/2017,155.61,155.55,155.76,155.26,17.30M,0.12%,153.0165,148.46966666666668
11/24/2017,156.18,155.78,156.23,155.68,8.28M,0.37%,153.4815,148.66316666666668
11/27/2017,156.11,156.12,156.48,155.75,22.65M,-0.04%,153.72899999999998,148.82966666666664
11/28/2017,156.51,156.44,156.61,155.62,25.23M,0.26%,153.97949999999997,149.00616666666664
11/29/2017,153.78,156.37,156.37,153.04,71.99M,-1.74%,154.065,149.15900000000002
11/30/2017,155.07,154.38,155.37,154.06,56.60M,0.84%,154.2175,149.326
12/01/2017,154.41,154.11,155.16,152.18,59.02M,-0.43%,154.35150000000002,149.47633333333334
12/04/2017,152.63,155.39,155.54,152.48,51.32M,-1.15%,154.32350000000002,149.618
12/05/2017,152.73,152.56,154.47,152.02,40.60M,0.07%,154.2745,149.73366666666666
12/06/2017,153.42,152.18,153.65,151.98,28.65M,0.45%,154.25549999999998,149.85500000000002
12/07/2017,153.94,153.41,154.38,153.25,32.67M,0.34%,154.2315,149.98166666666668
12/08/2017,154.62,155.02,155.45,154.38,28.08M,0.44%,154.28199999999998,150.134
12/11/2017,155.82,154.68,155.87,154.68,20.82M,0.78%,154.393,150.29799999999997
12/12/2017,155.61,155.73,156.07,155.28,20.31M,-0.13%,154.484,150.467
12/13/2017,155.91,156.2,156.41,155.68,24.42M,0.19%,154.618,150.63683333333333
12/14/2017,155.8,156.2,156.58,155.63,24.59M,-0.07%,154.7825,150.81233333333333
12/15/2017,157.57,156.41,157.74,156.15,49.82M,1.14%,154.938,151.03216666666668
12/18/2017,158.56,158.21,158.69,157.99,26.84M,0.63%,155.17249999999999,151.27083333333334
12/19/2017,157.62,158.26,158.42,157.18,31.41M,-0.59%,155.366,151.51899999999998
12/20/2017,157.45,158.17,158.2,156.83,38.97M,-0.11%,155.4675,151.75833333333333
12/21/2017,157.47,157.65,158.17,157.29,18.64M,0.01%,155.5605,151.97649999999996
12/22/2017,157.29,157.23,157.35,156.87,23.33M,-0.11%,155.616,152.1925
12/26/2017,156.44,156.45,156.64,155.87,21.92M,-0.54%,155.6325,152.377
12/27/2017,156.46,156.44,156.88,156.31,22.39M,0.01%,155.63,152.55966666666666
12/28/2017,156.65,156.97,156.98,156.46,25.39M,0.12%,155.77349999999998,152.74033333333333
12/29/2017,155.68,156.82,156.82,155.62,33.19M,-0.62%,155.80400000000003,152.9025
01/02/2018,158.41,156.42,158.44,156.09,32.57M,1.75%,156.004,153.08633333333333
01/03/2018,159.95,158.53,160.09,158.53,29.38M,0.97%,156.36999999999998,153.29250000000002
01/04/2018,160.23,160.51,160.71,160.0,24.78M,0.18%,156.745,153.50616666666664
01/05/2018,161.83,160.96,161.94,160.69,26.99M,1.00%,157.1655,153.74466666666666
01/08/2018,162.46,161.82,162.54,161.78,23.16M,0.39%,157.5915,153.98633333333333
01/09/2018,162.47,162.76,162.95,161.98,24.78M,0.01%,157.984,154.23266666666666
01/10/2018,162.09,161.72,162.12,161.04,34.00M,-0.23%,158.29749999999999,154.4631666666667
01/11/2018,163.2,162.39,163.21,162.12,20.47M,0.68%,158.677,154.70366666666666
01/12/2018,164.4,162.94,164.57,162.85,37.76M,0.74%,159.10150000000002,154.96099999999998
01/16/2018,163.93,165.46,166.33,163.44,41.23M,-0.29%,159.50799999999998,155.2135
01/17/2018,165.7,164.68,165.95,163.91,33.85M,1.08%,159.9145,155.50466666666665
01/18/2018,165.73,165.46,166.11,165.05,26.43M,0.02%,160.273,155.78966666666665
01/19/2018,166.25,166.23,166.52,165.45,38.94M,0.31%,160.7045,156.09949999999998
01/22/2018,168.03,166.18,168.03,166.0,26.08M,1.07%,161.2335,156.43483333333333
01/23/2018,169.42,168.55,169.57,168.47,37.99M,0.83%,161.831,156.80266666666665
01/24/2018,168.32,169.72,170.15,167.35,54.29M,-0.65%,162.3825,157.16
01/25/2018,168.26,169.46,169.54,167.72,28.92M,-0.04%,162.9735,157.44500000000002
01/26/2018,170.84,169.18,170.86,168.87,32.04M,1.53%,163.69250000000002,157.76733333333334
01/29/2018,170.01,170.43,170.82,169.65,37.28M,-0.49%,164.3605,158.06633333333332
01/30/2018,168.61,168.46,169.33,167.73,44.99M,-0.82%,165.007,158.34283333333332
01/31/2018,169.31,169.58,169.9,168.25,42.45M,0.42%,165.552,158.63583333333332
02/01/2018,167.87,168.03,169.64,167.33,38.04M,-0.85%,165.948,158.8805
02/02/2018,164.52,167.25,167.61,164.38,68.48M,-2.00%,166.1625,159.06066666666666
02/05/2018,158.04,163.04,165.66,157.92,105.37M,-3.94%,165.973,159.13133333333334
02/06/2018,162.22,155.88,162.42,155.02,118.54M,2.64%,165.961,159.26133333333334
02/07/2018,160.13,161.71,163.46,160.12,91.03M,-1.29%,165.844,159.36999999999998
02/08/2018,153.37,160.61,160.72,153.37,94.18M,-4.22%,165.40800000000002,159.36616666666666
02/09/2018,156.02,155.58,157.16,150.05,113.84M,1.73%,165.049,159.40333333333334
02/12/2018,158.79,157.59,159.87,156.38,63.05M,1.78%,164.7685,159.496
02/13/2018,159.61,157.9,159.93,157.64,31.79M,0.52%,164.5525,159.61433333333335
02/14/2018,162.59,158.71,162.84,157.92,52.11M,1.87%,164.397,159.74983333333333
02/15/2018,165.61,164.05,165.61,162.35,51.63M,1.86%,164.39100000000002,159.9455
02/16/2018,164.87,165.09,166.67,164.59,62.26M,-0.45%,164.322,160.13083333333333
02/20/2018,165.2,164.3,166.59,164.22,36.79M,0.20%,164.1805,160.29383333333334
02/21/2018,164.73,165.97,167.63,164.63,41.16M,-0.28%,163.946,160.44583333333333
02/22/2018,164.71,165.45,166.33,164.29,37.07M,-0.01%,163.76550000000003,160.588
02/23/2018,168.08,165.97,168.08,165.36,50.10M,2.05%,163.75650000000002,160.7875
02/26/2018,170.31,168.84,170.31,168.73,39.27M,1.33%,163.73,161.0175
02/27/2018,168.2,170.33,170.64,168.12,42.21M,-1.24%,163.6395,161.2578333333333
02/28/2018,167.12,169.16,169.71,167.01,42.94M,-0.64%,163.565,161.4586666666667
03/01/2018,164.39,167.2,167.98,162.92,76.81M,-1.63%,163.31900000000002,161.625
03/02/2018,165.9,162.5,166.19,161.87,57.45M,0.92%,163.2205,161.84616666666665
03/05/2018,167.74,165.17,168.17,164.5,38.54M,1.11%,163.38150000000002,162.09633333333335
03/06/2018,168.45,168.52,169.02,167.39,29.48M,0.42%,163.902,162.34683333333334
03/07/2018,168.84,167.17,168.98,166.87,34.61M,0.23%,164.233,162.59516666666664
03/08/2018,169.77,169.45,169.89,168.86,25.83M,0.55%,164.715,162.84766666666667
03/09/2018,173.07,171.01,173.07,170.73,38.31M,1.94%,165.7,163.13516666666666
03/12/2018,173.99,173.56,174.39,173.19,37.63M,0.53%,166.5985,163.4415
03/13/2018,171.62,174.71,175.12,171.18,55.64M,-1.36%,167.24,163.70333333333335
03/14/2018,171.59,172.49,172.65,170.84,40.54M,-0.02%,167.839,163.96650000000002
03/15/2018,171.44,171.74,172.44,170.81,28.81M,-0.09%,168.2815,164.19766666666663
03/16/2018,170.93,171.69,172.11,170.85,31.18M,-0.30%,168.54749999999999,164.40383333333332
03/19/2018,167.01,169.07,169.13,165.55,71.40M,-2.29%,168.6545,164.56033333333335
03/20/2018,167.56,167.01,167.95,166.52,34.08M,0.33%,168.77249999999998,164.7288333333333
03/21/2018,166.83,167.14,168.67,166.1,43.86M,-0.44%,168.8775,164.88483333333335
03/22/2018,162.71,164.61,165.68,162.5,66.61M,-2.47%,168.7775,164.97516666666667
03/23/2018,158.43,162.51,163.21,158.35,80.11M,-2.63%,168.29500000000002,165.00833333333333
03/26/2018,164.31,161.6,164.51,159.08,57.48M,3.71%,167.995,165.13916666666668
03/27/2018,159.0,165.51,165.53,157.6,78.89M,-3.23%,167.53500000000003,165.17833333333334
03/28/2018,157.17,158.17,159.7,155.96,89.37M,-1.15%,167.0375,165.20316666666668
03/29/2018,160.05,158.05,161.63,156.55,68.69M,1.83%,166.82049999999998,165.2305
04/02/2018,155.43,158.92,159.66,153.8,85.55M,-2.89%,166.29700000000003,165.15516666666664
04/03/2018,157.18,156.84,157.84,154.36,64.09M,1.13%,165.769,165.10433333333333
04/04/2018,159.66,154.19,160.15,153.96,65.77M,1.58%,165.3295,165.06816666666666
04/05/2018,160.57,161.25,161.5,159.4,43.05M,0.57%,164.916,165.03666666666666
04/06/2018,156.55,158.86,160.38,155.8,59.87M,-2.50%,164.255,164.93800000000002
04/09/2018,157.65,157.93,160.8,157.38,41.81M,0.70%,163.48399999999998,164.864
04/10/2018,161.13,160.05,161.65,158.99,48.60M,2.21%,162.841,164.8295
04/11/2018,160.2,160.12,161.91,160.02,41.62M,-0.58%,162.26999999999998,164.7595
04/12/2018,162.12,161.22,162.68,161.08,30.47M,1.20%,161.7965,164.7293333333333
04/13/2018,161.29,162.92,163.17,160.59,44.60M,-0.51%,161.28900000000002,164.65583333333333
04/16/2018,162.51,162.36,163.1,161.4,28.18M,0.76%,160.868,164.60216666666668
04/17/2018,166.01,164.1,166.37,163.82,35.54M,2.15%,160.818,164.59816666666669
04/18/2018,166.35,166.03,166.91,165.22,29.57M,0.20%,160.7575,164.57016666666667
04/19/2018,164.82,165.56,165.9,164.25,34.71M,-0.92%,160.657,164.4935
04/20/2018,162.21,164.4,164.52,161.65,49.20M,-1.58%,160.632,164.39166666666668
04/23/2018,161.81,162.99,163.64,160.94,33.04M,-0.25%,160.801,164.28416666666666
04/24/2018,158.38,162.53,162.82,157.31,70.26M,-2.12%,160.50449999999998,164.0765
04/25/2018,158.57,158.72,159.23,156.39,52.09M,0.12%,160.483,163.88583333333332
04/26/2018,161.9,160.64,162.44,160.1,43.01M,2.10%,160.71949999999998,163.774
04/27/2018,162.0,164.26,164.32,161.09,51.04M,0.06%,160.817,163.65216666666666
04/30/2018,160.86,162.39,163.39,160.46,35.62M,-0.70%,161.08849999999998,163.53533333333334
05/01/2018,162.69,160.44,162.71,160.06,36.51M,1.14%,161.36399999999998,163.50483333333335
05/02/2018,161.74,163.01,163.48,161.55,38.65M,-0.58%,161.46800000000002,163.5665
05/03/2018,161.72,161.0,162.31,159.14,60.34M,-0.01%,161.5255,163.55816666666666
05/04/2018,164.78,161.03,165.16,160.9,41.54M,1.89%,161.937,163.63566666666668
05/07/2018,166.15,165.55,166.69,165.42,32.50M,0.83%,162.36200000000002,163.84866666666667
05/08/2018,165.98,165.74,166.34,164.77,26.04M,-0.10%,162.6045,164.01466666666664
05/09/2018,167.79,166.31,167.91,165.69,29.12M,1.09%,162.984,164.16466666666668
05/10/2018,169.53,168.34,169.65,168.2,27.07M,1.04%,163.35449999999997,164.32999999999998
05/11/2018,169.37,169.26,169.77,168.63,24.69M,-0.09%,163.7585,164.443
05/14/2018,169.66,169.75,170.73,169.38,21.82M,0.17%,164.116,164.51049999999998
05/15/2018,167.78,168.31,168.41,166.89,49.36M,-1.11%,164.2045,164.55900000000003
05/16/2018,168.89,168.01,169.28,167.92,22.94M,0.66%,164.3315,164.6205
05/17/2018,168.24,168.31,169.52,167.42,27.48M,-0.38%,164.5025,164.679
05/18/2018,167.37,167.62,168.17,167.12,26.22M,-0.52%,164.7605,164.72333333333336
05/21/2018,168.31,168.64,169.41,167.59,22.95M,0.56%,165.0855,164.72716666666668
05/22/2018,168.09,169.06,169.36,167.79,19.48M,-0.13%,165.571,164.69016666666667
05/23/2018,169.51,166.81,169.53,166.79,26.56M,0.84%,166.118,164.71200000000002
05/24/2018,169.46,169.47,169.76,167.75,27.70M,-0.03%,166.496,164.751
05/25/2018,169.63,169.45,170.24,169.12,27.46M,0.10%,166.8775,164.83833333333334
05/29/2018,168.88,168.82,169.83,167.87,41.22M,-0.44%,167.27849999999998,164.888
05/30/2018,170.09,169.54,170.39,169.13,22.67M,0.72%,167.6485,164.92716666666666
05/31/2018,169.98,170.04,171.11,169.54,35.67M,-0.06%,168.0605,164.95266666666666
06/01/2018,172.65,170.79,172.75,170.78,45.54M,1.57%,168.60700000000003,165.01616666666666
06/04/2018,174.21,173.07,174.25,172.98,20.46M,0.90%,169.0785,165.09016666666668
06/05/2018,174.75,174.6,175.04,173.97,24.78M,0.31%,169.5085,165.11816666666667
06/06/2018,175.77,174.93,175.8,174.05,25.04M,0.58%,169.998,165.14783333333335
06/07/2018,174.34,175.82,175.84,173.46,39.60M,-0.81%,170.32549999999998,165.19316666666666
06/08/2018,174.35,173.48,174.79,173.09,31.78M,0.01%,170.5665,165.23916666666665
06/11/2018,174.82,174.21,175.25,174.19,22.32M,0.27%,170.839,165.29550000000003
06/12/2018,175.74,175.06,175.91,174.87,22.51M,0.53%,171.143,165.3756666666667
06/13/2018,175.73,176.0,177.05,175.34,37.86M,-0.01%,171.5405,165.52100000000002
06/14/2018,177.51,176.53,177.8,176.41,35.92M,1.01%,171.9715,165.68683333333334
06/15/2018,176.89,176.89,177.23,176.02,49.62M,-0.35%,172.404,165.8545
06/18/2018,176.41,175.44,176.56,174.85,31.63M,-0.27%,172.85600000000002,166.08283333333333
06/19/2018,175.91,174.17,175.95,173.62,38.24M,-0.28%,173.23600000000002,166.37416666666664
06/20/2018,177.16,176.7,177.89,176.56,33.04M,0.71%,173.6895,166.5883333333333
06/21/2018,175.62,177.6,177.79,175.28,43.47M,-0.87%,173.99499999999998,166.86533333333333
06/22/2018,175.23,176.22,176.28,174.6,30.07M,-0.22%,174.28349999999998,167.1663333333333
06/25/2018,171.28,173.67,173.9,169.72,77.80M,-2.25%,174.366,167.35350000000003
06/26/2018,171.98,171.9,172.97,171.28,39.01M,0.41%,174.52100000000002,167.62933333333334
06/27/2018,169.64,172.68,173.49,169.52,52.84M,-1.36%,174.49849999999998,167.837
06/28/2018,171.1,169.43,171.68,169.08,46.41M,0.86%,174.5545,168.02766666666668
06/29/2018,171.56,171.91,172.83,171.31,36.41M,0.27%,174.49999999999997,168.21083333333334
07/02/2018,172.71,169.95,172.76,169.58,31.77M,0.67%,174.425,168.48016666666666
07/03/2018,170.71,173.32,173.36,170.54,25.51M,-1.16%,174.223,168.6978333333333
07/05/2018,172.83,171.82,172.97,170.94,31.63M,1.24%,174.07599999999996,168.89283333333333
07/06/2018,175.52,173.22,175.65,172.91,37.01M,1.56%,174.13500000000002,169.14816666666667
07/09/2018,177.1,176.4,177.14,175.73,27.36M,0.90%,174.2725,169.39783333333335
07/10/2018,177.23,177.32,177.63,176.62,23.90M,0.07%,174.393,169.6635
07/11/2018,176.33,175.87,176.98,175.71,30.28M,-0.51%,174.42249999999999,169.89383333333333
07/12/2018,179.37,177.12,179.37,176.99,27.93M,1.72%,174.6045,170.1165
07/13/2018,179.52,179.33,179.81,178.86,28.07M,0.08%,174.70499999999998,170.33599999999998
07/16/2018,179.09,179.55,179.86,178.79,21.41M,-0.24%,174.815,170.57383333333334
07/17/2018,180.18,177.21,180.56,177.19,31.03M,0.61%,175.00349999999997,170.87333333333333
07/18/2018,179.84,180.19,180.35,179.29,23.22M,-0.19%,175.2,171.17383333333333
07/19/2018,178.94,179.25,179.79,178.73,31.09M,-0.50%,175.28900000000002,171.5165
07/20/2018,178.9,179.48,180.08,178.7,35.91M,-0.02%,175.45300000000003,171.85533333333333
07/23/2018,179.47,178.36,179.55,177.65,22.18M,0.32%,175.66500000000002,172.1481666666667
07/24/2018,180.21,181.29,181.95,179.47,36.90M,0.41%,176.1115,172.45166666666668
07/25/2018,182.72,180.27,182.83,180.2,36.02M,1.39%,176.64849999999998,172.81599999999997
07/26/2018,179.96,180.26,180.83,179.72,40.87M,-1.51%,177.1645,173.1038333333333
07/27/2018,177.53,181.16,181.21,176.51,59.46M,-1.35%,177.48600000000002,173.36700000000002
07/30/2018,175.02,177.57,177.64,174.18,60.19M,-1.41%,177.65900000000002,173.58866666666665
07/31/2018,176.36,175.66,177.04,174.73,47.29M,0.77%,177.84150000000002,173.78166666666667
08/01/2018,177.03,176.78,177.56,176.0,37.10M,0.38%,178.1575,173.96300000000002
08/02/2018,179.44,175.78,179.65,175.7,47.18M,1.36%,178.488,174.18733333333333
08/03/2018,179.99,179.71,180.0,178.99,28.93M,0.31%,178.7115,174.39066666666665
08/06/2018,181.04,179.88,181.09,179.65,24.81M,0.58%,178.9085,174.5825
08/07/2018,181.7,181.53,182.04,181.16,29.90M,0.36%,179.132,174.788
08/08/2018,181.92,181.45,182.25,180.96,22.68M,0.12%,179.4115,174.99233333333333
08/09/2018,181.81,181.84,182.53,181.54,18.85M,-0.06%,179.5335,175.22616666666667
08/10/2018,180.43,180.59,181.12,179.75,33.82M,-0.76%,179.579,175.41850000000002
08/13/2018,180.23,180.76,181.91,180.15,26.09M,-0.11%,179.636,175.61833333333334
08/14/2018,181.35,180.91,181.56,179.95,20.91M,0.62%,179.6945,175.85133333333334
08/15/2018,179.14,180.0,180.49,178.03,58.53M,-1.22%,179.6595,176.03183333333334
08/16/2018,179.73,180.48,180.89,179.38,27.71M,0.33%,179.699,176.22583333333333
08/17/2018,179.77,179.27,180.22,178.17,36.09M,0.02%,179.7425,176.39683333333332
08/20/2018,179.61,180.19,180.23,178.91,24.94M,-0.09%,179.7495,176.566
08/21/2018,180.27,180.17,181.34,180.04,26.26M,0.37%,179.7525,176.7433333333333
08/22/2018,180.96,179.87,181.17,179.66,18.04M,0.38%,179.66450000000003,176.94466666666668
08/23/2018,180.71,180.68,181.95,180.41,25.78M,-0.14%,179.702,177.12166666666664
08/24/2018,182.38,181.3,182.53,181.26,23.14M,0.92%,179.9445,177.32833333333335
08/27/2018,184.24,183.33,184.24,183.01,29.34M,1.02%,180.40550000000002,177.5215
08/28/2018,184.51,184.7,184.92,184.12,20.28M,0.15%,180.813,177.69316666666666
08/29/2018,186.64,184.81,186.74,184.76,29.18M,1.15%,181.2935,177.89133333333334
08/30/2018,186.31,186.31,187.42,185.69,29.32M,-0.18%,181.637,178.06699999999998
08/31/2018,186.55,186.08,187.08,185.88,28.65M,0.13%,181.96499999999997,178.2705
09/04/2018,185.75,186.0,186.3,184.75,29.06M,-0.43%,182.20049999999998,178.46050000000002
09/05/2018,183.35,185.45,185.45,182.72,42.62M,-1.29%,182.283,178.60266666666666
09/06/2018,181.71,183.44,183.65,180.49,46.09M,-0.89%,182.27249999999998,178.70216666666664
09/07/2018,181.01,180.44,182.57,180.35,46.63M,-0.39%,182.23250000000002,178.79016666666666
09/10/2018,181.62,182.02,182.15,180.63,26.13M,0.34%,182.292,178.85866666666666
09/11/2018,183.02,180.87,183.32,180.43,30.12M,0.77%,182.4315,178.96083333333334
09/12/2018,182.48,182.77,182.88,180.91,36.20M,-0.30%,182.488,179.062
09/13/2018,184.43,183.57,184.78,183.54,31.13M,1.07%,182.7525,179.204
09/14/2018,183.89,184.56,184.85,183.16,31.22M,-0.29%,182.9605,179.31616666666667
09/17/2018,181.24,183.56,183.71,181.07,33.07M,-1.44%,183.034,179.40983333333332
09/18/2018,182.74,181.42,183.63,181.3,31.88M,0.83%,183.1905,179.535
09/19/2018,182.6,182.76,183.2,181.41,31.84M,-0.08%,183.307,179.72366666666667
09/20/2018,184.62,183.85,184.87,183.42,33.30M,1.11%,183.48999999999998,179.9343333333333
09/21/2018,183.61,185.17,185.38,183.38,38.61M,-0.55%,183.63500000000002,180.16716666666667
09/24/2018,183.79,181.95,183.86,181.2,34.95M,0.10%,183.7055,180.37866666666667
09/25/2018,184.04,183.68,184.18,183.08,25.28M,0.14%,183.69549999999998,180.58666666666667
09/26/2018,184.17,184.15,185.89,183.81,36.21M,0.07%,183.6785,180.77766666666668
09/27/2018,185.73,184.94,186.39,184.82,33.11M,0.85%,183.633,181.028
09/28/2018,185.69,185.15,186.18,184.87,28.08M,-0.02%,183.602,181.24233333333333
10/01/2018,186.07,186.72,187.43,185.6,27.37M,0.20%,183.578,181.41816666666668
10/02/2018,185.65,185.85,187.08,185.22,25.62M,-0.23%,183.573,181.56066666666666
10/03/2018,185.85,186.42,186.87,185.56,29.13M,0.11%,183.698,181.70433333333332
10/04/2018,182.28,185.12,185.22,180.96,80.56M,-1.92%,183.72650000000002,181.8035
10/05/2018,180.06,182.29,182.87,178.34,83.33M,-1.22%,183.679,181.815
10/08/2018,178.96,179.28,180.55,176.84,66.86M,-0.61%,183.546,181.80566666666667
10/09/2018,179.54,179.11,180.92,178.66,49.10M,0.32%,183.372,181.81316666666666
10/10/2018,171.64,178.44,178.53,171.41,114.47M,-4.40%,182.82999999999998,181.67083333333332
10/11/2018,169.51,170.95,173.31,167.72,143.08M,-1.24%,182.084,181.49866666666668
10/12/2018,174.23,173.9,174.77,170.84,102.08M,2.78%,181.601,181.42016666666666
10/15/2018,172.12,173.6,173.95,171.47,64.89M,-1.21%,181.145,181.30716666666666
10/16/2018,177.13,173.93,177.56,173.61,71.98M,2.91%,180.8645,181.26816666666664
10/17/2018,177.2,178.05,178.16,175.38,66.99M,0.04%,180.59449999999998,181.218
10/18/2018,173.09,176.51,176.59,172.35,82.49M,-2.32%,180.018,181.0575
10/19/2018,172.93,174.3,175.98,172.3,82.92M,-0.09%,179.48399999999998,180.94033333333334
10/22/2018,173.82,173.97,175.16,172.5,52.91M,0.51%,178.9855,180.87849999999997
10/23/2018,173.18,170.7,174.04,168.73,77.57M,-0.37%,178.4425,180.84783333333334
10/24/2018,165.25,173.03,173.27,164.95,103.00M,-4.58%,177.4965,180.66266666666667
10/25/2018,170.97,167.9,171.99,167.07,83.48M,3.46%,176.7585,180.56166666666664
10/26/2018,166.57,165.15,169.87,164.14,130.97M,-2.57%,175.80249999999998,180.34716666666665
10/29/2018,163.14,169.07,169.77,160.01,111.87M,-2.06%,174.656,180.06633333333335
10/30/2018,165.83,162.71,165.95,161.93,92.58M,1.65%,173.66500000000002,179.81283333333334
10/31/2018,169.73,168.46,171.16,168.45,73.83M,2.35%,172.859,179.61333333333332
11/01/2018,171.97,169.99,172.15,168.69,52.71M,1.32%,172.3435,179.44749999999996
11/02/2018,169.29,171.44,172.46,168.13,75.97M,-1.56%,171.805,179.23883333333333
11/05/2018,168.87,169.52,169.57,166.99,39.57M,-0.25%,171.3005,179.04616666666664
11/06/2018,170.15,168.84,171.1,168.63,34.41M,0.76%,170.831,178.8781666666667
11/07/2018,175.49,172.16,175.49,171.78,51.17M,3.14%,171.0235,178.7805
11/08/2018,174.37,174.67,175.21,173.54,40.30M,-0.64%,171.2665,178.701
11/09/2018,171.43,172.74,173.16,170.07,50.60M,-1.69%,171.1265,178.56266666666667
11/12/2018,166.24,170.24,170.55,166.09,62.58M,-3.03%,170.8325,178.33716666666666
11/13/2018,166.38,167.06,169.39,165.91,64.13M,0.08%,170.295,178.11666666666667
11/14/2018,165.11,168.0,168.61,164.16,75.27M,-0.76%,169.6905,177.864
11/15/2018,168.0,164.75,168.45,163.37,73.25M,1.75%,169.43599999999998,177.648
11/16/2018,167.41,166.4,168.22,165.69,65.39M,-0.35%,169.16000000000003,177.42633333333333
11/19/2018,161.97,166.65,166.81,161.46,67.28M,-3.25%,168.5675,177.08616666666666
11/20/2018,159.08,158.29,161.3,157.05,102.65M,-1.78%,167.8625,176.66683333333333
11/21/2018,160.29,161.21,161.88,159.15,42.97M,0.76%,167.6145,176.26316666666665
11/23/2018,159.13,159.01,160.76,159.01,23.50M,-0.72%,167.02249999999998,175.8046666666667
11/26/2018,162.8,161.36,162.88,160.68,42.01M,2.31%,166.834,175.41283333333334
11/27/2018,163.35,161.91,163.76,161.1,36.61M,0.34%,166.8445,175.02616666666665
11/28/2018,168.61,164.53,168.61,163.39,70.14M,3.22%,166.9835,174.7405
11/29/2018,168.06,167.91,169.17,166.73,44.89M,-0.33%,166.9,174.48566666666665
11/30/2018,169.28,168.29,169.38,167.45,36.72M,0.73%,166.7655,174.2785
12/03/2018,172.24,173.01,173.22,169.42,50.77M,1.75%,166.913,174.13233333333335
12/04/2018,165.63,171.29,171.82,165.43,70.59M,-3.84%,166.75100000000003,173.8658333333333
12/06/2018,166.8,162.37,166.82,161.69,71.72M,0.71%,166.58350000000002,173.59550000000002
12/07/2018,161.3,166.04,167.03,160.78,80.43M,-3.30%,165.874,173.24249999999998
12/10/2018,162.98,161.03,163.69,159.33,73.96M,1.04%,165.30450000000002,172.88500000000002
12/11/2018,163.52,165.57,165.68,162.14,59.06M,0.33%,164.90900000000002,172.5455
12/12/2018,164.96,165.97,167.51,164.87,53.78M,0.88%,164.845,172.27416666666664
12/13/2018,165.01,165.97,166.73,163.94,46.38M,0.03%,164.7765,171.97866666666667
12/14/2018,161.0,163.1,163.72,160.62,56.55M,-2.43%,164.571,171.61866666666666
12/17/2018,157.35,160.33,161.59,156.09,74.83M,-2.27%,164.0385,171.16416666666666
12/18/2018,158.34,158.59,159.87,156.96,63.64M,0.63%,163.58499999999998,170.743
12/19/2018,154.45,158.16,160.64,153.26,81.86M,-2.46%,163.209,170.254
12/20/2018,152.21,154.08,155.79,150.31,99.00M,-1.45%,162.8655,169.7235
12/21/2018,147.49,152.98,154.01,146.64,141.13M,-3.10%,162.2255,169.11216666666667
12/24/2018,143.42,146.06,147.9,143.38,56.16M,-2.76%,161.44,168.407
12/26/2018,152.38,145.04,152.46,144.01,98.98M,6.25%,160.91899999999998,167.85183333333333
12/27/2018,152.97,150.49,153.1,147.0,85.82M,0.39%,160.4,167.30016666666668
12/28/2018,152.89,153.93,155.51,151.64,77.86M,-0.05%,159.61399999999998,166.75416666666666
12/31/2018,154.18,154.39,154.9,152.63,53.02M,0.84%,158.92,166.22633333333334
01/02/2019,154.8,150.91,155.67,150.8,58.58M,0.40%,158.196,165.76833333333335
01/03/2019,149.74,152.52,153.18,149.41,74.82M,-3.27%,157.071,165.263
01/04/2019,156.15,152.1,156.92,151.66,74.71M,4.28%,156.59699999999998,164.8828333333333
01/07/2019,158.01,156.46,158.78,156.03,52.06M,1.19%,156.1575,164.524
01/08/2019,159.44,159.48,160.03,157.12,49.39M,0.91%,156.0645,164.32066666666665
01/09/2019,160.74,160.07,161.44,159.39,46.49M,0.82%,155.9525,164.17450000000002
01/10/2019,161.2,159.51,161.29,158.62,38.94M,0.29%,155.8365,163.95733333333334
01/11/2019,160.61,160.24,160.78,159.71,30.18M,-0.37%,155.61899999999997,163.7655
01/14/2019,159.19,159.24,159.88,158.51,30.71M,-0.88%,155.328,163.46650000000002
01/15/2019,162.29,159.89,162.51,159.83,40.87M,1.95%,155.39249999999998,163.218
01/16/2019,162.26,162.54,163.69,162.2,33.81M,-0.02%,155.638,163.0375
01/17/2019,163.54,161.76,164.27,161.49,39.33M,0.79%,155.898,162.881
01/18/2019,165.16,164.75,165.93,163.73,57.18M,0.99%,156.4335,162.73666666666668
01/22/2019,161.85,163.96,164.05,160.68,56.71M,-2.00%,156.9155,162.54783333333333
01/23/2019,162.06,162.68,163.42,160.24,38.11M,0.13%,157.644,162.49466666666666
01/24/2019,163.11,162.57,163.35,161.98,32.41M,0.65%,158.62849999999997,162.36366666666666
01/25/2019,165.06,164.39,165.56,163.86,36.47M,1.20%,159.2625,162.3385
01/28/2019,163.02,162.94,163.03,161.67,33.49M,-1.24%,159.76500000000001,162.33649999999997
01/29/2019,161.49,163.11,163.15,160.91,30.78M,-0.94%,160.195,162.26416666666668
01/30/2019,165.59,163.3,166.19,162.8,41.35M,2.54%,160.76550000000003,162.19516666666667
01/31/2019,168.07,166.56,168.9,166.38,37.26M,1.50%,161.429,162.1301666666667
02/01/2019,167.36,167.28,168.51,166.9,32.14M,-0.42%,162.31,162.09799999999998
02/04/2019,169.44,167.42,169.44,167.24,26.72M,1.24%,162.9745,162.10750000000002
02/05/2019,170.94,169.66,171.14,169.6,28.16M,0.89%,163.621,162.12066666666666
02/06/2019,170.43,170.97,171.28,169.66,27.97M,-0.30%,164.1705,162.03633333333335
02/07/2019,168.14,168.94,169.36,166.86,42.04M,-1.34%,164.5405,161.9325
02/08/2019,168.47,166.64,168.5,166.48,29.02M,0.20%,164.904,161.88316666666665
02/11/2019,168.31,169.05,169.49,167.89,21.43M,-0.09%,165.28900000000002,161.9176666666667
02/12/2019,170.8,169.5,171.05,169.24,29.72M,1.48%,165.86950000000002,161.99133333333333
02/13/2019,170.92,171.53,172.07,170.73,26.09M,0.07%,166.301,162.0881666666667
02/14/2019,171.13,170.29,171.74,169.74,30.33M,0.12%,166.7445,162.14033333333333
02/15/2019,171.85,172.42,172.47,171.05,32.52M,0.42%,167.16,162.21433333333334
02/19/2019,172.19,171.3,172.71,171.29,19.49M,0.20%,167.5115,162.38466666666667
02/20/2019,172.16,172.34,172.99,171.23,32.59M,-0.02%,168.02700000000002,162.60266666666666
02/21/2019,171.53,171.68,172.17,170.62,25.21M,-0.37%,168.5005,162.79000000000002
02/22/2019,172.8,171.89,172.92,171.81,27.74M,0.74%,168.985,163.01783333333333
02/25/2019,173.43,174.11,174.57,173.31,32.61M,0.36%,169.4035,163.19500000000002
02/26/2019,173.61,172.95,174.16,172.72,21.94M,0.10%,169.93300000000002,163.36599999999999
02/27/2019,173.5,172.83,173.71,171.67,25.16M,-0.06%,170.5335,163.44749999999996
02/28/2019,173.1,172.95,173.72,172.61,25.09M,-0.23%,170.909,163.5315
03/01/2019,174.3,174.32,174.56,173.09,31.43M,0.69%,171.22050000000002,163.61516666666665
03/04/2019,174.33,175.28,175.7,172.38,38.06M,0.02%,171.56900000000002,163.65
03/05/2019,174.46,174.43,174.99,173.59,22.32M,0.07%,171.82,163.79716666666667
03/06/2019,173.47,174.59,174.66,173.19,27.19M,-0.57%,171.9465,163.90833333333333
03/07/2019,171.34,173.0,173.09,170.7,39.41M,-1.23%,171.99200000000002,164.07566666666668
03/08/2019,171.08,169.42,171.17,169.25,39.30M,-0.15%,172.139,164.2106666666667
03/11/2019,174.64,171.77,174.76,171.76,30.52M,2.08%,172.4475,164.39600000000002
03/12/2019,175.6,175.08,176.05,174.68,33.95M,0.55%,172.812,164.57333333333335
03/13/2019,176.92,176.51,177.84,176.26,42.43M,0.75%,173.118,164.77183333333335
03/14/2019,176.62,177.02,177.25,176.57,23.75M,-0.17%,173.40300000000002,165.03216666666668
03/15/2019,178.26,177.34,178.79,177.19,38.19M,0.93%,173.7595,165.38066666666666
03/18/2019,178.36,177.86,178.9,177.5,32.94M,0.06%,174.085,165.71433333333334
03/19/2019,178.96,179.07,179.91,178.2,36.89M,0.34%,174.42350000000002,166.12283333333332
03/20/2019,179.67,178.97,180.77,178.15,50.10M,0.40%,174.799,166.5805
03/21/2019,182.47,179.15,182.73,179.11,42.43M,1.56%,175.346,167.16350000000003
03/22/2019,178.47,181.66,182.17,178.28,70.79M,-2.19%,175.6295,167.74766666666667
03/25/2019,178.13,177.83,178.75,176.84,46.34M,-0.19%,175.8645,168.17683333333332
03/26/2019,178.96,179.49,180.6,178.05,33.25M,0.47%,176.132,168.61
03/27/2019,177.81,179.18,179.63,176.51,37.10M,-0.64%,176.3475,169.02533333333335
03/28/2019,178.22,178.27,178.89,177.15,30.37M,0.23%,176.6035,169.426
03/29/2019,179.57,179.54,179.74,178.5,35.21M,0.76%,176.867,169.83883333333333
04/01/2019,181.94,181.32,182.16,180.68,30.97M,1.32%,177.2475,170.3755
04/02/2019,182.63,182.13,182.81,181.68,22.65M,0.38%,177.656,170.81683333333334
04/03/2019,183.68,183.64,184.82,183.11,31.63M,0.57%,178.16649999999998,171.24466666666666
04/04/2019,183.61,183.71,184.4,182.55,28.53M,-0.04%,178.78,171.6475
04/05/2019,184.56,184.2,184.67,183.92,25.67M,0.52%,179.454,172.0445
04/08/2019,185.03,184.27,185.18,183.53,22.70M,0.25%,179.9735,172.44166666666666
04/09/2019,184.38,184.4,185.01,183.99,25.63M,-0.35%,180.4125,172.83783333333335
04/10/2019,185.37,184.65,185.43,184.42,24.56M,0.54%,180.835,173.27416666666664
04/11/2019,184.93,185.67,185.68,184.59,20.65M,-0.24%,181.2505,173.6515
04/12/2019,185.73,185.76,185.85,184.96,24.99M,0.43%,181.624,174.04266666666666
04/15/2019,185.76,185.71,185.97,184.52,21.07M,0.02%,181.994,174.41299999999998
04/16/2019,186.4,186.41,186.81,185.83,27.20M,0.34%,182.36599999999999,174.76699999999997
04/17/2019,187.05,187.65,187.83,186.5,29.65M,0.35%,182.73499999999999,175.187
04/18/2019,187.29,187.38,187.69,186.19,28.58M,0.13%,182.976,175.6075
04/22/2019,187.82,186.44,187.89,186.33,17.94M,0.28%,183.44350000000003,176.01933333333332
04/23/2019,190.21,188.27,190.44,188.03,33.67M,1.27%,184.0475,176.4385
04/24/2019,189.61,190.34,190.61,189.55,24.98M,-0.32%,184.57999999999998,176.8816666666667
04/25/2019,190.38,191.05,191.12,189.35,29.52M,0.41%,185.20850000000002,177.36316666666664
04/26/2019,190.55,190.1,190.59,188.49,26.36M,0.09%,185.825,177.77916666666667
04/29/2019,190.92,190.52,191.22,190.24,21.72M,0.19%,186.3925,178.15999999999997
04/30/2019,189.44,189.38,189.75,188.11,31.50M,-0.78%,186.7675,178.528
05/01/2019,188.83,190.66,191.22,188.7,34.80M,-0.32%,187.07750000000001,178.85116666666667
05/02/2019,188.01,188.78,189.75,186.77,44.11M,-0.43%,187.294,179.13566666666665
05/03/2019,191.01,189.59,191.15,189.23,30.39M,1.60%,187.66400000000002,179.47866666666667
05/06/2019,189.84,187.0,190.1,186.66,38.37M,-0.61%,187.928,179.84033333333335
05/07/2019,186.14,187.76,188.57,184.41,58.82M,-1.95%,187.9835,180.13483333333335
05/08/2019,185.67,185.58,187.07,184.86,37.17M,-0.25%,188.04799999999997,180.42416666666665
05/09/2019,184.67,183.66,185.31,181.99,55.35M,-0.54%,188.01299999999998,180.65533333333332
05/10/2019,184.9,183.96,185.79,180.94,58.53M,0.12%,188.0115,180.88833333333332
05/13/2019,178.49,180.21,181.16,177.97,67.19M,-3.47%,187.64950000000002,181.011
05/14/2019,180.45,179.42,181.53,178.77,43.36M,1.10%,187.384,181.15433333333334
05/15/2019,182.99,179.3,183.45,179.22,40.94M,1.41%,187.2135,181.33433333333332
05/16/2019,184.83,183.01,185.97,182.85,39.28M,1.01%,187.10250000000002,181.5455
05/17/2019,182.94,183.0,185.48,182.78,44.70M,-1.02%,186.885,181.73566666666665
05/20/2019,179.86,180.42,181.08,179.25,38.61M,-1.68%,186.487,181.85333333333335
05/21/2019,181.73,181.4,182.23,180.83,31.61M,1.04%,186.063,181.99166666666667
05/22/2019,180.92,180.72,181.97,180.66,24.33M,-0.45%,185.6285,182.1135
05/23/2019,178.16,178.91,178.93,177.05,45.35M,-1.53%,185.01749999999998,182.19116666666667
05/24/2019,178.07,179.21,179.76,177.85,25.90M,-0.05%,184.3935,182.274
05/28/2019,177.4,178.58,179.57,177.38,24.76M,-0.38%,183.7175,182.32566666666665
05/29/2019,175.94,176.36,176.91,175.0,42.18M,-0.82%,183.0425,182.3525
05/30/2019,176.68,176.45,177.18,175.68,30.35M,0.42%,182.435,182.38950000000003
05/31/2019,173.86,174.62,175.2,173.78,45.45M,-1.60%,181.72750000000002,182.396
06/03/2019,170.03,173.43,173.86,169.18,75.84M,-2.20%,180.67849999999999,182.37416666666664
06/04/2019,174.82,171.89,174.88,171.28,47.80M,2.82%,179.9275,182.43649999999997
06/05/2019,176.12,176.51,176.52,174.29,34.41M,0.74%,179.42649999999998,182.46116666666666
06/06/2019,177.52,176.43,177.95,175.64,29.91M,0.79%,179.019,182.49316666666667
06/07/2019,180.94,178.41,181.67,178.24,45.89M,1.93%,178.8325,182.56016666666665
06/10/2019,183.05,182.13,184.75,182.11,41.39M,1.17%,178.74,182.66733333333335
06/11/2019,183.3,184.97,185.3,182.68,41.26M,0.14%,178.98049999999998,182.75133333333332
06/12/2019,182.24,182.78,183.18,181.9,27.76M,-0.58%,179.07,182.81599999999997
06/13/2019,183.32,183.02,183.77,182.64,23.72M,0.59%,179.08650000000003,182.88866666666667
06/14/2019,182.54,182.34,183.01,181.84,22.84M,-0.43%,178.972,182.9365
06/17/2019,183.64,182.91,184.15,182.74,20.38M,0.60%,179.007,182.956
06/18/2019,186.31,185.78,187.62,185.33,48.18M,1.45%,179.3295,183.08666666666667
06/19/2019,187.01,186.63,187.43,185.47,31.67M,0.38%,179.5935,183.23466666666667
06/20/2019,188.75,189.62,189.66,187.06,40.92M,0.93%,179.98499999999999,183.39783333333332
06/21/2019,188.47,188.47,189.67,188.07,39.98M,-0.15%,180.50050000000002,183.5755
06/24/2019,188.06,188.42,188.62,187.96,19.38M,-0.22%,181.0,183.73950000000002
06/25/2019,184.83,187.96,188.04,184.55,33.92M,-1.72%,181.3715,183.82716666666664
06/26/2019,185.69,186.03,187.23,185.39,22.60M,0.47%,181.85899999999998,183.88966666666667
06/27/2019,186.4,186.37,186.84,185.89,19.71M,0.38%,182.345,183.9525
06/28/2019,186.64,186.85,187.05,185.97,21.18M,0.13%,182.98399999999998,184.0018333333333
07/01/2019,189.16,190.2,190.47,188.28,31.19M,1.35%,183.9405,184.09433333333334
07/02/2019,189.91,189.09,189.93,188.56,18.04M,0.40%,184.695,184.18349999999998
07/03/2019,191.34,190.35,191.34,190.19,15.79M,0.75%,185.456,184.28866666666667
07/05/2019,190.95,190.05,191.3,189.29,21.42M,-0.20%,186.1275,184.39816666666667
07/08/2019,189.61,189.76,189.77,188.83,17.60M,-0.70%,186.561,184.46883333333335
07/09/2019,190.56,188.69,190.8,188.55,19.19M,0.50%,186.9365,184.56266666666667
07/10/2019,192.46,191.69,192.99,191.37,28.37M,1.00%,187.39450000000002,184.67483333333334
07/11/2019,192.32,192.78,193.24,191.71,23.74M,-0.07%,187.89849999999998,184.7841666666667
07/12/2019,193.43,192.53,193.44,192.35,20.21M,0.58%,188.404,184.90133333333333
07/15/2019,194.05,193.87,194.09,193.34,15.61M,0.32%,188.97949999999997,185.018
07/16/2019,193.05,193.76,193.99,192.46,20.19M,-0.52%,189.45,185.114
07/17/2019,192.1,193.1,193.39,192.08,16.77M,-0.49%,189.7395,185.18533333333335
07/18/2019,192.32,191.2,192.69,190.59,29.07M,0.11%,190.00500000000002,185.2205
07/19/2019,190.91,193.72,193.73,190.71,29.39M,-0.73%,190.113,185.24216666666663
07/22/2019,192.43,191.4,192.84,191.34,18.95M,0.80%,190.31099999999998,185.27633333333333
07/23/2019,193.69,193.48,193.71,192.19,23.79M,0.65%,190.5925,185.3286666666667
07/24/2019,195.05,192.97,195.06,192.93,20.42M,0.70%,191.1035,185.3975
07/25/2019,193.2,194.38,194.42,192.83,23.43M,-0.95%,191.47899999999998,185.46016666666668
07/26/2019,195.19,194.42,195.45,194.33,20.43M,1.03%,191.9185,185.56616666666667
07/29/2019,194.52,195.08,195.08,193.29,20.45M,-0.34%,192.3125,185.67466666666667
07/30/2019,193.68,193.06,194.44,192.89,18.71M,-0.43%,192.53850000000003,185.71916666666667
07/31/2019,191.0,194.21,194.33,189.22,41.63M,-1.38%,192.59300000000002,185.7385
08/01/2019,190.05,191.41,194.88,189.13,63.25M,-0.50%,192.5285,185.8036666666667
08/02/2019,187.25,188.72,188.89,186.11,55.21M,-1.47%,192.3435,185.83
08/05/2019,180.64,183.41,183.41,179.11,75.04M,-3.53%,191.89499999999998,185.76283333333333
08/06/2019,183.16,182.28,183.7,180.97,41.90M,1.40%,191.525,185.73383333333334
08/07/2019,184.15,181.22,184.41,179.8,49.99M,0.54%,191.1095,185.82816666666668
08/08/2019,188.16,185.05,188.22,184.47,38.42M,2.18%,190.9015,185.95666666666665
08/09/2019,186.39,187.22,187.9,184.93,33.61M,-0.94%,190.5495,186.01333333333335
08/12/2019,184.25,185.24,185.8,183.4,24.64M,-1.15%,190.0595,186.00366666666667
08/13/2019,188.29,184.17,189.58,183.92,40.47M,2.19%,189.8215,186.09283333333332
08/14/2019,182.66,185.21,185.85,182.32,51.00M,-2.99%,189.34949999999998,186.13949999999997
08/15/2019,182.45,183.01,183.49,181.06,36.85M,-0.11%,188.856,186.1515
08/16/2019,185.38,184.01,185.85,184.0,34.79M,1.61%,188.5795,186.22583333333333
08/19/2019,188.33,187.93,188.73,187.4,22.57M,1.59%,188.3745,186.39533333333333
08/20/2019,186.87,187.9,188.54,186.82,19.94M,-0.78%,188.0335,186.542
08/21/2019,188.53,188.56,189.13,187.86,20.75M,0.89%,187.7075,186.7275
08/22/2019,187.92,188.88,189.36,186.44,24.27M,-0.32%,187.4435,186.92716666666666
08/23/2019,181.97,186.66,188.35,181.46,55.44M,-3.17%,186.7825,187.01533333333333
08/26/2019,184.72,184.09,184.77,182.98,27.69M,1.51%,186.2925,187.19633333333334
08/27/2019,184.33,185.98,186.32,183.61,28.08M,-0.21%,185.825,187.43466666666666
08/28/2019,184.99,183.74,185.3,182.81,21.85M,0.36%,185.5245,187.60416666666666
08/29/2019,187.82,187.27,188.36,186.58,25.43M,1.53%,185.413,187.79916666666665
08/30/2019,187.37,188.84,188.87,186.31,26.33M,-0.24%,185.419,187.9633333333333
09/03/2019,185.55,186.16,187.08,184.93,28.03M,-0.97%,185.6645,188.04016666666666
09/04/2019,188.23,187.33,188.39,186.8,21.68M,1.44%,185.91799999999998,188.1265
09/05/2019,191.68,190.29,192.22,190.24,34.06M,1.83%,186.2945,188.26616666666666
09/06/2019,191.49,191.93,192.07,191.07,19.49M,-0.10%,186.46099999999998,188.42033333333336
09/09/2019,191.09,192.08,192.17,190.12,24.41M,-0.21%,186.696,188.54983333333337
09/10/2019,190.54,190.09,190.64,188.81,23.74M,-0.29%,187.0105,188.68316666666666
09/11/2019,192.33,190.88,192.43,190.46,25.06M,0.94%,187.2125,188.828
09/12/2019,193.13,193.54,194.61,192.87,28.69M,0.42%,187.73600000000002,188.94166666666666
09/13/2019,192.44,192.85,193.3,192.19,27.67M,-0.36%,188.2355,189.03216666666668
09/16/2019,191.58,191.2,191.98,191.01,20.32M,-0.45%,188.5455,189.07933333333332
09/17/2019,192.5,191.6,192.5,191.19,21.11M,0.48%,188.754,189.14649999999997
09/18/2019,192.42,192.1,192.5,190.01,31.17M,-0.04%,189.0315,189.21916666666667
09/19/2019,192.74,192.76,193.93,192.37,26.21M,0.17%,189.242,189.351
09/20/2019,190.7,193.01,193.21,190.06,30.13M,-1.06%,189.38100000000003,189.43449999999999
09/23/2019,190.4,190.26,190.97,189.62,22.92M,-0.16%,189.8025,189.50116666666665
09/24/2019,187.87,191.27,191.69,187.05,41.10M,-1.33%,189.96,189.52166666666668
09/25/2019,189.98,187.69,190.48,186.11,36.50M,1.12%,190.2425,189.53533333333334
09/26/2019,189.28,189.77,189.9,187.88,27.03M,-0.37%,190.457,189.52483333333336
09/27/2019,186.93,189.6,189.73,185.65,40.80M,-1.24%,190.4125,189.45133333333334
09/30/2019,188.71,187.65,189.01,187.3,26.56M,0.95%,190.4795,189.41400000000002
10/01/2019,187.17,189.44,190.49,186.86,32.67M,-0.82%,190.5605,189.37333333333333
10/02/2019,183.95,185.91,187.11,182.92,48.93M,-1.72%,190.34650000000002,189.26316666666665
10/03/2019,185.97,183.97,186.11,181.72,39.61M,1.10%,190.06099999999998,189.15500000000003
10/04/2019,188.71,186.89,188.98,186.78,32.75M,1.47%,189.922,189.0948333333333
10/07/2019,188.14,188.13,189.64,187.81,21.40M,-0.30%,189.7745,189.0066666666667
10/08/2019,185.32,186.91,187.76,185.17,33.20M,-1.50%,189.5135,188.86116666666666
10/09/2019,187.13,186.86,187.98,186.33,20.83M,0.98%,189.2535,188.7625
10/10/2019,188.58,187.15,189.33,187.02,26.69M,0.77%,189.026,188.70383333333334
10/11/2019,191.01,190.7,192.53,190.62,41.43M,1.29%,188.9545,188.682
10/14/2019,190.99,190.72,191.6,190.54,15.37M,-0.01%,188.925,188.68333333333334
10/15/2019,193.42,191.55,193.87,191.46,23.74M,1.27%,188.971,188.69983333333332
10/16/2019,192.94,192.78,193.43,192.33,20.69M,-0.25%,188.997,188.68733333333333
10/17/2019,193.45,194.08,194.4,192.71,19.16M,0.26%,189.0325,188.66066666666669
10/18/2019,191.59,193.16,193.57,190.6,27.72M,-0.96%,189.077,188.6338333333333
10/21/2019,193.29,192.55,193.42,192.04,15.87M,0.89%,189.2215,188.60216666666665
10/22/2019,191.75,193.96,194.32,191.69,22.99M,-0.80%,189.4155,188.556
10/23/2019,192.12,191.33,192.16,191.05,15.20M,0.19%,189.52249999999998,188.53000000000003
10/24/2019,193.99,193.52,194.11,192.64,19.26M,0.97%,189.758,188.57983333333334
10/25/2019,195.54,192.99,195.64,192.95,21.51M,0.80%,190.1885,188.6713333333333
10/28/2019,197.47,196.47,197.73,196.45,18.84M,0.99%,190.6265,188.84166666666667
10/29/2019,195.94,197.14,197.43,195.91,18.57M,-0.77%,191.065,189.09666666666666
10/30/2019,196.89,196.32,197.22,195.19,21.76M,0.48%,191.712,189.3255
10/31/2019,196.98,197.46,197.55,195.84,26.80M,0.05%,192.2625,189.53933333333333
11/01/2019,198.77,197.83,198.78,197.53,22.13M,0.91%,192.7655,189.71616666666668
11/04/2019,199.99,200.08,200.42,198.76,19.02M,0.61%,193.358,189.94283333333334
11/05/2019,200.1,200.24,200.44,199.45,15.05M,0.06%,194.097,190.20699999999997
11/06/2019,199.66,199.88,199.9,198.68,19.73M,-0.22%,194.7235,190.3965
11/07/2019,200.32,200.65,201.61,199.75,17.83M,0.33%,195.3105,190.69083333333336
11/08/2019,201.12,199.91,201.14,199.44,15.27M,0.40%,195.81599999999997,191.00199999999998
11/11/2019,200.85,200.12,200.93,199.84,10.19M,-0.13%,196.309,191.25983333333335
11/12/2019,201.43,201.02,202.1,200.71,14.78M,0.29%,196.7095,191.47816666666668
11/13/2019,201.48,200.73,201.67,200.6,16.11M,0.02%,197.1365,191.72166666666666
11/14/2019,201.32,200.72,201.45,200.11,17.06M,-0.08%,197.53,191.93483333333333
11/15/2019,202.8,202.5,202.8,201.89,18.43M,0.74%,198.0905,192.18283333333335
11/18/2019,202.96,202.5,203.28,201.66,18.41M,0.08%,198.574,192.53266666666664
11/19/2019,203.26,203.73,203.73,202.48,17.00M,0.15%,199.1495,192.84166666666667
11/20/2019,202.04,202.74,203.34,200.51,36.71M,-0.60%,199.6455,193.13683333333336
11/21/2019,201.59,201.83,201.96,200.96,17.93M,-0.22%,200.0255,193.41350000000003
11/22/2019,201.72,202.06,202.21,200.63,17.20M,0.06%,200.3345,193.64516666666668
11/25/2019,204.11,202.56,204.15,202.56,17.79M,1.18%,200.66649999999998,193.92416666666668
11/26/2019,204.5,204.21,204.76,203.94,14.81M,0.19%,201.09449999999998,194.24000000000004
11/27/2019,205.93,205.02,205.94,204.78,17.06M,0.70%,201.5465,194.53499999999997
11/29/2019,204.99,205.48,205.72,204.89,9.85M,-0.46%,201.947,194.75683333333336
12/02/2019,202.89,205.0,205.07,201.67,28.12M,-1.02%,202.153,194.94683333333333
12/03/2019,201.3,200.21,201.38,193.68,31.43M,-0.78%,202.2185,195.117
12/04/2019,202.32,202.38,202.8,202.03,15.34M,0.51%,202.3295,195.31333333333333
12/05/2019,202.72,203.04,203.04,201.73,15.04M,0.20%,202.48250000000002,195.4865
12/06/2019,204.89,204.14,205.04,204.04,16.56M,1.07%,202.71099999999998,195.68249999999998
12/09/2019,203.96,204.52,205.49,203.87,14.03M,-0.45%,202.853,195.8745
12/10/2019,203.79,204.06,204.77,203.33,21.85M,-0.08%,203.0,196.078
12/11/2019,204.87,204.26,205.08,203.93,18.90M,0.53%,203.17199999999997,196.2841666666667
12/12/2019,206.4,204.66,207.21,204.38,32.70M,0.75%,203.41799999999998,196.51716666666667
12/13/2019,207.08,206.25,207.8,205.85,32.53M,0.33%,203.706,196.75616666666667
12/16/2019,209.16,208.39,209.42,208.37,21.37M,1.00%,204.024,197.06383333333332
12/17/2019,209.28,209.39,209.6,208.93,16.03M,0.06%,204.33999999999997,197.3785
12/18/2019,209.44,209.49,210.02,209.22,15.49M,0.08%,204.649,197.73799999999997
12/19/2019,210.75,209.53,210.82,209.51,17.89M,0.63%,205.08450000000002,198.08416666666665
12/20/2019,211.6,211.7,212.41,211.16,27.69M,0.40%,205.58499999999998,198.45616666666666
12/23/2019,211.7,211.92,212.04,211.52,23.80M,0.05%,206.084,198.86900000000003
12/24/2019,211.81,211.86,211.98,211.33,7.09M,0.05%,206.469,199.254
12/26/2019,213.68,212.15,213.7,212.12,17.16M,0.88%,206.92800000000003,199.69583333333333
12/27/2019,213.5,214.44,214.45,212.93,18.14M,-0.08%,207.3065,200.18833333333336
12/30/2019,212.1,213.4,213.52,211.05,21.83M,-0.66%,207.66199999999998,200.62383333333335
12/31/2019,212.5,211.51,212.65,211.09,18.20M,0.19%,208.1425,201.02033333333335
01/02/2020,216.05,214.29,216.05,213.87,31.01M,1.67%,208.88000000000002,201.48549999999997
01/03/2020,214.07,213.18,215.36,213.17,27.53M,-0.92%,209.46749999999997,201.96466666666666
01/06/2020,215.45,212.38,215.48,212.13,21.73M,0.64%,210.10399999999998,202.43666666666667
01/07/2020,215.42,215.53,216.03,214.74,23.12M,-0.01%,210.63049999999998,202.88400000000001
01/08/2020,217.04,215.36,218.03,215.05,26.46M,0.75%,211.28450000000004,203.31783333333334
01/09/2020,218.88,218.8,219.29,217.6,23.64M,0.85%,212.039,203.78266666666667
01/10/2020,218.32,219.64,219.75,217.93,21.91M,-0.26%,212.71150000000003,204.19766666666666
01/13/2020,220.83,219.19,220.86,218.87,22.85M,1.15%,213.433,204.6625
01/14/2020,219.96,220.63,221.09,219.62,24.57M,-0.39%,214.077,205.1043333333333
01/15/2020,220.05,220.06,221.08,219.33,25.74M,0.04%,214.62150000000003,205.5786666666667
01/16/2020,222.16,221.12,222.2,220.68,18.80M,0.96%,215.26550000000003,206.05983333333333
01/17/2020,223.26,223.12,223.44,222.01,24.33M,0.50%,215.9565,206.585
01/21/2020,223.16,222.61,223.72,222.54,21.15M,-0.04%,216.577,207.10233333333332
01/22/2020,223.75,224.26,225.03,223.47,20.74M,0.26%,217.18449999999999,207.59833333333333
01/23/2020,224.47,223.59,224.57,222.58,26.50M,0.32%,217.823,208.0805
01/24/2020,222.58,225.5,225.76,221.55,37.44M,-0.84%,218.36150000000004,208.49899999999997
01/27/2020,217.99,217.61,219.17,217.07,42.26M,-2.06%,218.577,208.8665
01/28/2020,221.33,219.48,221.84,218.94,26.73M,1.53%,218.9685,209.2738333333333
01/29/2020,221.69,222.54,222.81,220.71,29.06M,0.16%,219.448,209.68566666666666
01/30/2020,222.48,220.25,222.58,219.57,39.57M,0.36%,219.94699999999997,210.08083333333332
01/31/2020,218.95,223.38,223.44,218.17,52.02M,-1.59%,220.09199999999996,210.39683333333332
02/03/2020,222.26,220.02,222.77,219.87,25.47M,1.51%,220.5015,210.76616666666666
02/04/2020,227.35,225.27,227.74,224.53,30.69M,2.29%,221.09650000000002,211.22766666666666
02/05/2020,228.1,230.1,230.13,226.73,38.53M,0.33%,221.73049999999998,211.69066666666666
02/06/2020,230.07,228.65,230.13,227.86,22.47M,0.86%,222.382,212.17316666666667
02/07/2020,229.08,229.04,230.32,228.42,25.88M,-0.43%,222.892,212.6436666666667
02/10/2020,231.85,228.31,231.86,228.26,21.48M,1.21%,223.5685,213.15066666666664
02/11/2020,231.89,233.09,233.9,231.28,30.20M,0.02%,224.12150000000003,213.6575
02/12/2020,234.15,233.22,234.26,232.68,24.47M,0.97%,224.831,214.20466666666667
02/13/2020,233.85,232.5,234.81,232.24,22.77M,-0.13%,225.52100000000002,214.72216666666665
02/14/2020,234.52,234.16,234.74,233.43,23.44M,0.29%,226.13899999999998,215.2481666666667
02/18/2020,234.61,233.35,235.05,233.13,24.52M,0.04%,226.7065,215.77066666666667
02/19/2020,236.86,235.95,237.35,235.73,22.23M,0.96%,227.3915,216.351
02/20/2020,234.66,236.34,236.83,231.76,42.60M,-0.93%,227.93699999999998,216.90216666666666
02/21/2020,230.15,233.52,233.89,229.2,66.06M,-1.92%,228.221,217.376
02/24/2020,221.27,221.72,224.13,220.14,84.52M,-3.86%,228.1555,217.66199999999998
02/25/2020,215.26,223.07,223.87,214.63,97.74M,-2.72%,228.019,217.84133333333332
02/26/2020,216.37,216.56,220.16,214.79,80.40M,0.52%,227.77100000000002,218.01533333333333
02/27/2020,205.53,210.94,216.31,205.39,121.82M,-5.01%,226.96299999999997,218.02433333333332
02/28/2020,205.69,198.82,207.06,198.07,149.25M,0.08%,226.1235,218.071
03/02/2020,216.31,208.77,216.46,205.83,112.93M,5.16%,225.9915,218.32116666666667
03/03/2020,209.37,217.0,219.49,207.51,131.95M,-3.21%,225.34700000000004,218.4386666666667
03/04/2020,218.11,213.21,218.22,211.26,73.09M,4.17%,224.885,218.69516666666667
03/05/2020,211.48,212.58,216.25,209.99,78.71M,-3.04%,224.054,218.80499999999998
03/06/2020,207.91,204.56,209.04,202.8,89.83M,-1.69%,222.946,218.87083333333334
03/09/2020,193.47,193.38,201.05,192.01,116.42M,-6.95%,221.16549999999998,218.69883333333334
03/10/2020,204.0,201.0,204.19,193.58,100.60M,5.44%,219.773,218.6843333333333
03/11/2020,195.12,199.25,200.64,192.63,89.17M,-4.35%,217.93449999999999,218.49633333333333
03/12/2020,177.23,181.99,190.68,176.85,137.82M,-9.17%,215.0885,217.99883333333335
03/13/2020,192.24,186.97,194.38,178.04,134.88M,8.47%,213.00799999999998,217.71683333333334
03/16/2020,169.21,174.06,184.58,169.07,92.05M,-11.98%,209.7425,217.04899999999998
03/17/2020,182.04,175.38,184.29,169.69,121.26M,7.58%,207.11399999999998,216.59233333333336
03/18/2020,176.51,171.51,179.13,166.71,114.16M,-3.04%,204.09650000000002,216.02166666666668
03/19/2020,177.57,175.6,183.39,171.54,120.90M,0.60%,201.242,215.4545
03/20/2020,170.61,181.64,182.77,170.01,118.98M,-3.92%,198.265,214.76966666666667
03/23/2020,170.37,170.83,174.12,164.84,124.64M,-0.14%,195.71999999999997,214.079
03/24/2020,183.56,179.82,183.73,177.86,94.88M,7.74%,194.13500000000002,213.57699999999997
03/25/2020,182.2,184.32,189.41,179.89,88.75M,-0.74%,192.4265,213.05533333333332
03/26/2020,191.8,183.77,192.62,183.51,79.89M,5.27%,191.74,212.71699999999998
03/27/2020,185.2,186.83,190.41,184.56,58.84M,-3.44%,190.7155,212.262
03/30/2020,191.94,187.0,192.39,186.24,49.36M,3.64%,189.497,211.8601666666667
03/31/2020,190.3,191.43,195.15,189.1,62.66M,-0.85%,188.5435,211.464
04/01/2020,182.21,184.71,187.56,180.77,53.72M,-4.25%,186.74849999999998,210.91
04/02/2020,185.91,181.49,190.0,180.87,56.47M,2.03%,185.47,210.41816666666668
04/03/2020,183.27,185.4,186.97,181.19,47.49M,-1.42%,184.238,209.85533333333333
04/06/2020,196.38,190.28,197.55,189.09,64.76M,7.15%,184.3835,209.48033333333333
04/07/2020,196.3,202.03,202.55,195.9,69.90M,-0.04%,183.99849999999998,209.11333333333332
04/08/2020,200.46,197.98,201.06,196.07,45.94M,2.12%,184.2655,208.77383333333333
04/09/2020,200.75,202.16,203.11,198.92,68.32M,0.14%,185.4415,208.4536666666667
04/13/2020,202.92,199.82,203.31,198.65,42.85M,1.08%,185.9755,208.16816666666668
04/14/2020,211.75,207.06,212.39,206.31,63.96M,4.35%,188.10250000000002,207.99466666666666
04/15/2020,209.32,208.37,211.72,207.01,47.04M,-1.15%,189.4665,207.76233333333332
04/16/2020,213.14,211.67,214.26,209.58,64.66M,1.82%,191.298,207.59533333333331
04/17/2020,215.18,215.85,216.4,211.97,62.86M,0.96%,193.1785,207.4525
04/20/2020,212.63,213.16,215.77,212.46,38.25M,-1.19%,195.2795,207.2551666666667
04/21/2020,204.78,210.52,211.05,203.52,72.93M,-3.69%,197.0,206.95850000000002
04/22/2020,210.86,209.03,212.24,208.22,40.19M,2.97%,198.36499999999998,206.8396666666667
04/23/2020,210.41,211.69,214.32,209.98,43.28M,-0.21%,199.77550000000002,206.65766666666667
04/24/2020,213.73,210.83,214.19,209.39,34.30M,1.58%,200.87199999999999,206.525
04/27/2020,215.45,216.07,216.52,214.39,36.45M,0.80%,202.3845,206.40783333333334
04/28/2020,211.39,217.16,217.21,211.1,46.86M,-1.88%,203.357,206.28183333333334
04/29/2020,218.89,216.1,219.85,215.03,48.72M,3.55%,204.7865,206.22566666666665
04/30/2020,218.8,219.89,219.92,217.24,43.36M,-0.04%,206.61599999999999,206.08316666666667
05/01/2020,212.63,214.43,216.56,211.57,48.79M,-2.82%,207.952,205.82533333333333
05/04/2020,215.11,211.5,215.34,211.01,32.84M,1.17%,209.544,205.576
05/05/2020,217.55,217.29,220.02,216.74,37.78M,1.13%,210.60250000000002,205.3838333333333
05/06/2020,218.89,219.25,220.92,218.0,36.46M,0.62%,211.73200000000003,205.16783333333336
05/07/2020,221.7,221.63,222.61,220.3,38.62M,1.28%,212.794,204.998
05/08/2020,224.74,223.43,224.88,222.36,31.96M,1.37%,213.99349999999998,204.84116666666665
05/11/2020,226.75,223.38,227.81,223.13,35.71M,0.89%,215.185,204.7228333333333
05/12/2020,222.0,227.36,227.98,221.97,41.05M,-2.09%,215.6975,204.51416666666665
05/13/2020,219.22,222.53,224.49,216.6,65.52M,-1.25%,216.19250000000002,204.2576666666667
05/14/2020,221.71,218.01,221.75,215.88,51.55M,1.14%,216.621,204.00516666666667
05/15/2020,223.15,218.66,223.21,218.22,55.75M,0.65%,217.01949999999997,203.81333333333333
05/18/2020,227.31,226.16,228.56,225.35,42.60M,1.86%,217.75350000000003,203.76600000000002
05/19/2020,226.74,227.54,229.73,226.59,36.24M,-0.25%,218.8515,203.85716666666667
05/20/2020,231.27,229.36,231.64,229.36,37.42M,2.00%,219.872,204.124
05/21/2020,228.75,231.37,232.01,228.22,43.64M,-1.09%,220.78900000000004,204.33033333333336
05/22/2020,229.54,228.34,229.75,227.38,28.76M,0.35%,221.5795,204.7305
05/26/2020,228.92,233.32,233.45,228.67,33.06M,-0.27%,222.253,205.11766666666665
05/27/2020,230.17,228.39,230.29,223.82,55.67M,0.55%,223.19199999999995,205.34866666666667
05/28/2020,229.87,228.93,233.35,228.93,43.01M,-0.13%,223.74099999999999,205.69033333333334
05/29/2020,233.24,230.31,233.48,228.64,50.88M,1.47%,224.46300000000002,205.94250000000002
06/01/2020,233.94,232.28,234.33,231.88,26.14M,0.30%,225.52849999999998,206.3168333333333
06/02/2020,235.51,234.3,235.57,231.89,33.38M,0.67%,226.54850000000002,206.77683333333331
06/03/2020,236.57,236.11,237.35,235.23,37.23M,0.45%,227.49949999999998,207.49516666666665
06/04/2020,234.91,236.2,237.67,233.56,38.72M,-0.70%,228.30049999999997,208.0103333333333
06/05/2020,239.56,235.94,240.17,235.51,47.37M,1.98%,229.1935,208.75100000000003
06/08/2020,241.42,239.41,241.55,237.79,32.94M,0.78%,230.0275,209.82083333333333
06/09/2020,243.17,240.53,244.05,240.34,35.05M,0.72%,230.8485,210.66966666666667
06/10/2020,246.09,244.87,247.68,244.38,58.08M,1.20%,232.05300000000003,211.95100000000002
06/11/2020,233.9,242.16,243.46,233.84,72.92M,-4.95%,232.78699999999998,212.81533333333334
06/12/2020,235.76,238.96,240.27,231.62,72.03M,0.80%,233.4895,213.80283333333333
06/15/2020,238.62,232.32,239.32,231.35,45.31M,1.21%,234.263,214.8203333333333
06/16/2020,242.72,243.65,244.26,238.97,48.89M,1.72%,235.0335,216.02216666666666
06/17/2020,243.49,244.27,245.37,242.6,34.75M,0.32%,235.871,217.24083333333334
06/18/2020,244.15,243.16,244.4,242.36,30.58M,0.27%,236.51499999999996,218.2506666666667
06/19/2020,244.11,246.61,246.87,242.32,49.42M,-0.02%,237.283,219.2825
06/22/2020,246.61,243.64,246.74,243.25,24.07M,1.02%,238.13649999999998,220.196
06/23/2020,248.71,248.26,251.02,247.69,32.77M,0.85%,239.12600000000003,221.2545
06/24/2020,243.58,247.86,249.19,242.03,46.03M,-2.06%,239.7965,222.11516666666665
06/25/2020,245.9,243.78,246.21,241.01,36.94M,0.95%,240.59799999999996,223.04183333333333
06/26/2020,240.09,245.62,245.83,239.55,52.82M,-2.36%,240.9405,224.0065
06/29/2020,242.71,239.85,242.72,237.23,34.38M,1.09%,241.379,224.95316666666665
06/30/2020,247.47,242.64,248.03,242.45,38.91M,1.96%,241.977,226.0231666666667
07/01/2020,250.36,247.53,251.39,246.95,34.69M,1.17%,242.66649999999998,226.92283333333333
07/02/2020,252.06,252.84,254.14,251.58,31.96M,0.68%,243.52400000000003,227.85216666666668
07/06/2020,258.25,255.33,258.79,255.3,34.59M,2.46%,244.45850000000002,228.81533333333334
07/07/2020,256.48,257.96,260.74,256.17,36.58M,-0.69%,245.21149999999997,229.74416666666667
07/08/2020,259.85,257.86,259.88,256.37,30.43M,1.31%,246.0455,230.693
07/09/2020,262.04,261.75,262.73,257.49,40.31M,0.84%,246.843,231.53116666666665
07/10/2020,263.83,261.86,264.09,259.12,32.89M,0.68%,248.3395,232.43966666666665
07/13/2020,258.4,266.73,269.65,257.55,64.11M,-2.06%,249.47150000000002,233.19400000000002
07/14/2020,260.23,255.94,260.65,252.63,72.23M,0.71%,250.552,233.94483333333335
07/15/2020,260.76,261.54,262.55,257.35,54.52M,0.20%,251.454,234.747
07/16/2020,258.98,257.83,259.64,255.49,47.59M,-0.68%,252.2285,235.65033333333335
07/17/2020,259.28,259.57,260.17,257.03,35.14M,0.12%,252.98500000000004,236.45733333333334
07/20/2020,266.64,259.98,267.29,258.65,40.61M,2.84%,254.11149999999998,237.3945
07/21/2020,263.86,268.27,268.27,262.99,43.44M,-1.04%,254.97400000000002,238.23000000000002
07/22/2020,264.79,264.32,265.75,262.41,29.87M,0.35%,255.77800000000002,239.05233333333334
07/23/2020,257.87,264.41,265.1,256.42,51.36M,-2.61%,256.4925,239.82700000000003
07/24/2020,255.43,253.99,256.8,251.19,54.05M,-0.95%,256.96900000000005,240.436
07/27/2020,259.98,257.22,260.38,256.31,36.45M,1.78%,257.9635,241.12233333333333
07/28/2020,256.68,259.19,259.71,256.38,31.30M,-1.27%,258.66200000000003,241.8565
07/29/2020,259.63,258.19,260.52,257.77,27.56M,1.15%,259.27000000000004,242.5985
07/30/2020,260.99,257.64,261.57,256.42,41.77M,0.52%,259.80150000000003,243.32250000000002
07/31/2020,265.65,265.69,265.81,260.71,53.76M,1.79%,260.481,244.1018333333333
08/03/2020,269.24,267.91,270.01,267.73,32.08M,1.35%,261.03049999999996,244.89416666666665
08/04/2020,270.24,268.6,270.34,267.95,24.91M,0.37%,261.7185,245.65250000000003
08/05/2020,270.91,270.69,271.38,269.82,21.69M,0.25%,262.2715,246.38850000000002
08/06/2020,274.5,270.64,274.84,270.05,28.05M,1.33%,262.8945,247.26350000000002
08/07/2020,271.33,273.9,274.74,269.1,44.97M,-1.15%,263.2695,248.132
08/10/2020,270.17,271.6,271.84,266.53,35.09M,-0.43%,263.858,248.93966666666668
08/11/2020,265.05,268.96,270.3,264.49,43.10M,-1.90%,264.09900000000005,249.638
08/12/2020,271.72,267.23,272.7,267.23,38.89M,2.52%,264.647,250.37816666666666
08/13/2020,272.34,272.5,274.69,271.37,31.90M,0.23%,265.315,251.13816666666665
08/14/2020,272.02,272.87,273.26,270.58,30.80M,-0.12%,265.952,251.81733333333332
08/17/2020,275.18,273.77,275.7,272.05,24.80M,1.16%,266.379,252.59116666666665
08/18/2020,277.82,276.26,278.32,274.77,23.53M,0.96%,267.077,253.39583333333334
08/19/2020,275.96,277.78,278.87,275.43,32.00M,-0.67%,267.6355,254.17983333333333
08/20/2020,279.78,275.16,280.28,274.72,27.72M,1.38%,268.731,255.00666666666666
08/21/2020,281.72,279.92,282.19,279.31,34.75M,0.69%,270.04550000000006,255.87083333333334
08/24/2020,283.48,284.91,285.85,281.12,36.42M,0.62%,271.2205,256.70816666666667
08/25/2020,285.71,282.63,285.91,282.22,34.87M,0.79%,272.67199999999997,257.571
08/26/2020,291.81,286.96,292.07,285.68,42.22M,2.14%,274.281,258.50933333333336
08/27/2020,290.9,292.93,293.7,288.55,49.48M,-0.31%,275.7765,259.4148333333334
08/28/2020,292.38,292.12,293.03,290.78,28.02M,0.51%,277.113,260.3726666666667
08/31/2020,294.73,293.01,296.59,292.47,36.32M,0.80%,278.3875,261.2921666666667
09/01/2020,299.76,297.44,299.88,295.63,36.40M,1.71%,279.8635,262.2645
09/02/2020,302.6,303.1,303.34,296.73,50.84M,0.95%,281.448,263.255
09/03/2020,287.26,298.04,298.46,284.26,110.08M,-5.07%,282.086,263.9411666666667
09/04/2020,283.43,285.61,288.78,271.66,123.96M,-1.33%,282.691,264.76666666666665
09/08/2020,269.81,272.13,278.07,269.52,99.57M,-4.81%,282.673,265.33416666666665
09/09/2020,277.73,275.4,279.9,272.86,64.84M,2.94%,283.30699999999996,265.986
09/10/2020,272.2,280.82,282.05,270.42,69.67M,-1.99%,283.331,266.4773333333333
09/11/2020,270.31,274.19,275.08,266.76,71.81M,-0.69%,283.22950000000003,266.9243333333333
09/14/2020,275.02,274.14,277.07,272.82,38.53M,1.74%,283.3795,267.4388333333333
09/15/2020,278.91,278.75,280.3,274.99,41.85M,1.41%,283.56600000000003,268.0188333333333
09/16/2020,274.47,279.62,280.21,274.11,42.44M,-1.59%,283.39849999999996,268.4831666666667
09/17/2020,270.18,267.38,274.25,266.54,81.57M,-1.56%,283.10949999999997,268.841
09/18/2020,266.73,271.48,271.95,262.49,86.25M,-1.28%,282.457,269.22683333333333
09/21/2020,267.37,262.38,267.51,259.97,57.17M,0.24%,281.7395,269.5846666666667
09/22/2020,272.34,269.91,272.94,266.4,41.13M,1.86%,281.1825,270.12216666666666
09/23/2020,264.02,272.01,272.2,263.11,48.84M,-3.06%,280.098,270.4773333333334
09/24/2020,265.25,261.44,268.56,261.08,70.63M,0.47%,278.77,270.77366666666666
09/25/2020,271.42,265.68,272.25,264.16,55.24M,2.33%,277.796,271.1246666666667
09/28/2020,277.05,276.47,277.05,271.53,58.44M,2.07%,277.0295,271.54116666666664
09/29/2020,275.81,276.57,277.56,275.23,27.18M,-0.45%,276.0835,271.8338333333333
09/30/2020,277.69,275.95,280.94,275.73,49.38M,0.68%,274.98,272.18733333333336
10/01/2020,282.1,281.64,282.73,279.69,50.02M,1.59%,273.95500000000004,272.55816666666664
10/02/2020,274.17,275.87,282.09,273.3,75.50M,-2.81%,273.30049999999994,272.76033333333334
10/05/2020,280.01,276.19,280.34,276.08,28.18M,2.13%,273.1295,273.03000000000003
10/06/2020,275.02,279.14,281.04,274.11,49.70M,-1.78%,273.39,273.30699999999996
10/07/2020,279.77,277.68,280.59,277.13,27.54M,1.73%,273.492,273.63266666666664
10/08/2020,281.26,282.17,282.32,280.16,25.44M,0.53%,273.945,273.97433333333333
10/09/2020,285.56,282.94,285.64,282.56,30.20M,1.53%,274.7075,274.4173333333334
10/12/2020,294.38,290.45,297.3,289.32,79.37M,3.09%,275.67549999999994,275.0023333333333
10/13/2020,294.37,296.18,296.89,292.96,64.24M,0.00%,276.44849999999997,275.4645
10/14/2020,291.91,295.16,296.19,290.11,37.18M,-0.84%,277.32050000000004,275.93199999999996
10/15/2020,289.95,287.1,290.56,286.39,42.51M,-0.67%,278.309,276.35133333333334
10/16/2020,288.36,291.65,293.12,288.0,40.57M,-0.55%,279.3905,276.85949999999997
10/19/2020,283.65,290.34,291.33,282.64,36.76M,-1.63%,280.2045,277.32983333333334
10/20/2020,284.26,284.41,287.47,282.8,32.20M,0.22%,280.80049999999994,277.73449999999997
10/21/2020,284.04,284.52,287.17,283.54,29.31M,-0.08%,281.8015,278.1905
10/22/2020,284.03,284.9,285.83,280.67,32.20M,0.00%,282.7405,278.5971666666666
10/23/2020,284.59,284.64,284.76,281.63,24.66M,0.20%,283.399,278.9905
10/26/2020,280.32,282.17,285.15,276.61,38.42M,-1.50%,283.5625,279.23499999999996
10/27/2020,282.51,281.27,283.36,280.05,30.56M,0.78%,283.89750000000004,279.4561666666667
10/28/2020,271.5,277.98,278.49,271.24,53.41M,-3.90%,283.588,279.4771666666667
10/29/2020,276.24,272.9,279.34,272.38,43.25M,1.75%,283.29499999999996,279.566
10/30/2020,269.24,274.23,275.1,266.93,65.94M,-2.53%,283.0485,279.47833333333335
11/02/2020,269.84,271.59,273.38,266.83,39.99M,0.22%,282.54,279.4535
11/03/2020,274.51,271.72,276.67,270.7,43.60M,1.73%,282.5145,279.5258333333333
11/04/2020,286.76,283.41,288.62,281.72,75.73M,4.46%,282.864,279.88766666666663
11/05/2020,294.24,293.26,295.23,291.85,52.05M,2.61%,283.51300000000003,280.263
11/06/2020,294.46,293.43,295.2,289.68,40.96M,0.07%,283.958,280.6316666666666
11/09/2020,288.44,297.15,298.98,287.97,86.54M,-2.04%,283.661,280.9053333333333
11/10/2020,283.27,285.11,286.51,280.47,69.02M,-1.79%,283.10600000000005,281.0401666666667
11/11/2020,289.61,285.77,290.1,283.23,36.10M,2.24%,282.991,281.2366666666666
11/12/2020,288.25,290.57,291.92,287.1,34.52M,-0.47%,282.906,281.44149999999996
11/13/2020,290.78,289.86,291.42,287.72,24.88M,0.88%,283.027,281.62483333333336
11/16/2020,293.05,290.53,293.36,289.84,30.17M,0.78%,283.49699999999996,281.8136666666667
11/17/2020,292.12,293.25,293.59,291.46,21.84M,-0.32%,283.89,281.9576666666666
11/18/2020,289.96,291.55,293.22,289.87,28.07M,-0.74%,284.18600000000004,282.0285
11/19/2020,292.23,289.33,292.55,288.7,22.72M,0.78%,284.596,282.03549999999996
11/20/2020,290.23,292.15,292.91,290.14,25.91M,-0.68%,284.878,282.0243333333334
11/23/2020,290.24,291.26,292.6,287.92,26.88M,0.00%,285.37399999999997,281.9886666666667
11/24/2020,294.32,291.34,294.83,289.48,24.52M,1.41%,285.9645,281.9818333333333
11/25/2020,296.12,295.28,296.78,294.44,23.33M,0.61%,287.1955,281.9211666666667
11/27/2020,298.85,298.13,300.01,297.74,17.16M,0.92%,288.32599999999996,281.8586666666667
11/30/2020,299.46,299.14,299.81,294.63,27.84M,0.20%,289.837,282.06199999999995
12/01/2020,303.3,301.71,304.98,300.67,27.64M,1.28%,291.51,282.3931666666667
12/02/2020,303.69,302.06,304.04,300.19,23.62M,0.13%,292.96899999999994,282.9578333333333
12/03/2020,304.12,303.91,305.72,303.37,22.83M,0.14%,293.83700000000005,283.3976666666667
12/04/2020,305.36,304.17,305.51,303.47,19.33M,0.41%,294.393,283.95033333333333
12/07/2020,307.09,305.55,307.47,305.36,20.85M,0.57%,295.0245,284.56333333333333
12/08/2020,308.13,306.6,308.44,304.79,18.34M,0.34%,296.009,285.11516666666665
12/09/2020,301.15,307.91,308.2,300.05,48.84M,-2.27%,296.90299999999996,285.4858333333333
12/10/2020,302.36,299.05,303.52,297.93,27.52M,0.40%,297.54049999999995,285.9506666666667
12/11/2020,301.69,300.65,301.82,298.31,26.76M,-0.22%,298.2125,286.4758333333333
12/14/2020,303.88,302.92,305.89,302.85,28.80M,0.73%,298.8675,287.095
12/15/2020,307.13,306.21,307.13,303.95,25.79M,1.07%,299.5715,287.75766666666664
12/16/2020,308.82,307.54,309.62,306.46,25.46M,0.55%,300.4065,288.36566666666664
12/17/2020,310.84,310.47,311.08,309.23,23.73M,0.65%,301.45050000000003,289.146
12/18/2020,309.9,311.5,311.82,307.45,41.17M,-0.30%,302.334,289.8901666666667
12/21/2020,308.76,306.3,309.31,303.44,37.10M,-0.37%,303.2605,290.5125
12/22/2020,309.6,309.69,310.55,306.68,26.38M,0.27%,304.2285,291.055
12/23/2020,308.04,309.65,310.02,307.87,21.20M,-0.50%,304.9145,291.5921666666666
12/24/2020,309.4,308.31,309.86,308.23,16.78M,0.44%,305.57849999999996,292.1206666666667
12/28/2020,312.52,312.09,313.01,310.2,22.50M,1.01%,306.262,292.6276666666666
12/29/2020,312.8,313.89,314.52,311.87,25.87M,0.09%,306.929,293.2715
12/30/2020,312.81,314.0,314.32,312.17,18.14M,0.00%,307.4045,293.8181666666667
12/31/2020,313.58,312.71,314.08,311.6,21.61M,0.25%,307.899,294.46083333333337
01/04/2021,309.15,314.94,315.12,305.02,45.31M,-1.41%,308.15049999999997,294.9505
01/05/2021,311.7,308.13,311.98,308.13,29.32M,0.82%,308.4675,295.45783333333327
01/06/2021,307.38,306.84,311.72,305.82,52.81M,-1.39%,308.48199999999997,295.8215
01/07/2021,314.81,310.12,315.67,310.09,30.39M,2.42%,308.816,296.16200000000003
01/08/2021,318.86,317.17,319.22,314.92,33.96M,1.29%,309.7015,296.57016666666664
01/11/2021,314.25,315.81,317.02,313.59,32.87M,-1.45%,310.296,296.9425
01/12/2021,313.76,314.29,315.41,311.04,29.27M,-0.16%,310.8995,297.33933333333334
01/13/2021,315.87,314.03,316.69,313.41,22.90M,0.67%,311.49899999999997,297.7978333333333
01/14/2021,314.18,316.33,317.36,313.7,23.50M,-0.54%,311.8515,298.3066666666666
01/15/2021,311.7,313.97,314.95,310.42,35.12M,-0.79%,311.9955,298.764
01/19/2021,316.24,314.09,316.76,312.96,24.54M,1.46%,312.2655,299.30066666666664
01/20/2021,323.6,319.97,324.57,316.34,30.73M,2.33%,312.95050000000003,299.9601666666667
01/21/2021,326.19,324.98,326.96,323.56,25.32M,0.80%,313.822,300.6535
01/22/2021,325.25,325.12,326.29,324.54,21.61M,-0.29%,314.60450000000003,301.40233333333333
01/25/2021,327.94,328.74,330.15,321.24,39.08M,0.83%,315.5995,302.1595
01/26/2021,328.42,328.68,329.59,327.05,25.50M,0.15%,316.5505,303.10816666666665
01/27/2021,319.26,326.09,326.1,317.19,55.26M,-2.79%,316.8875,303.82516666666663
01/28/2021,321.15,320.5,326.25,319.86,42.84M,0.59%,317.305,304.6903333333333
01/29/2021,314.39,319.41,320.55,312.6,55.26M,-2.10%,317.38399999999996,305.4328333333333
02/01/2021,322.25,317.94,323.37,315.85,35.65M,2.50%,317.8175,306.2285
02/02/2021,327.51,325.31,328.7,325.14,33.93M,1.63%,318.7355,306.9076666666667
02/03/2021,326.21,329.65,330.02,326.15,24.82M,-0.40%,319.461,307.4405
02/04/2021,330.07,327.65,330.16,326.29,22.35M,1.18%,320.5955,308.034
02/05/2021,331.19,331.05,332.23,329.36,22.73M,0.34%,321.4145,308.74649999999997
02/08/2021,333.4,332.93,333.56,331.24,20.46M,0.67%,322.1415,309.582
02/09/2021,333.33,332.45,334.63,332.44,17.60M,-0.02%,323.0955,310.31066666666663
02/10/2021,332.58,334.81,335.28,329.33,28.07M,-0.23%,324.0365,311.0495
02/11/2021,334.4,334.15,334.82,331.95,22.05M,0.55%,324.963,311.7765
02/12/2021,336.27,333.53,336.44,332.46,20.35M,0.56%,326.0675,312.4968333333333
02/16/2021,335.36,337.09,338.01,334.16,27.08M,-0.27%,327.2505,313.2175
02/17/2021,333.75,332.3,335.48,330.0,31.47M,-0.48%,328.12600000000003,313.94733333333335
02/18/2021,332.3,330.06,333.69,328.19,32.24M,-0.43%,328.561,314.61516666666665
02/19/2021,330.85,333.68,333.81,329.8,39.16M,-0.44%,328.794,315.2921666666667
02/22/2021,322.27,326.33,327.63,322.06,47.26M,-2.59%,328.64500000000004,315.826
02/23/2021,321.31,316.83,323.03,310.84,97.24M,-0.30%,328.3135,316.2758333333333
02/24/2021,323.96,318.57,324.28,315.79,58.21M,0.82%,328.09049999999996,316.7398333333333
02/25/2021,312.67,321.22,323.86,311.08,110.18M,-3.48%,327.761,316.97016666666667
02/26/2021,313.98,315.68,318.94,310.72,104.74M,0.42%,327.4025,317.21216666666663
03/01/2021,323.42,319.1,323.77,317.77,49.16M,3.01%,327.854,317.5475
03/02/2021,318.23,324.08,324.16,317.97,48.37M,-1.60%,327.653,317.7898333333333
03/03/2021,309.0,317.1,318.07,308.94,86.30M,-2.90%,326.7275,317.8711666666667
03/04/2021,303.94,308.62,311.88,299.95,139.13M,-1.64%,325.614,317.84749999999997
03/05/2021,308.52,306.63,309.45,297.29,121.52M,1.51%,324.53650000000005,317.8713333333333
03/08/2021,299.78,307.96,309.9,299.35,88.41M,-2.83%,322.966,317.7321666666666
03/09/2021,311.61,307.31,313.57,306.76,80.39M,3.95%,321.8765,317.9065
03/10/2021,310.72,315.99,316.3,310.01,76.80M,-0.29%,320.746,318.04583333333335
03/11/2021,317.87,315.6,319.69,314.68,53.48M,2.30%,320.0105,318.3155
03/12/2021,315.29,313.7,318.06,311.23,69.32M,-0.81%,319.05499999999995,318.5056666666667
03/15/2021,318.66,315.62,318.83,313.93,43.12M,1.07%,318.1745,318.69783333333334
03/16/2021,320.41,320.92,324.03,318.93,54.93M,0.55%,317.427,318.89099999999996
03/17/2021,321.73,317.28,323.68,315.51,78.26M,0.41%,316.82599999999996,319.0725
03/18/2021,311.88,316.7,317.71,311.41,82.94M,-3.06%,315.805,319.1055
03/19/2021,312.98,311.71,314.56,309.5,78.45M,0.35%,314.91150000000005,319.17583333333334
03/22/2021,318.44,315.04,320.57,315.04,56.19M,1.74%,314.71999999999997,319.3231666666667
03/23/2021,317.05,319.56,320.92,316.21,53.46M,-0.44%,314.507,319.47333333333336
03/24/2021,311.71,318.46,318.5,311.56,64.80M,-1.68%,313.8945,319.5118333333333
03/25/2021,311.17,309.81,312.72,307.23,78.73M,-0.17%,313.8195,319.4893333333333
03/26/2021,315.83,310.95,316.16,309.51,63.52M,1.50%,313.912,319.5398333333333
03/29/2021,315.74,315.28,316.82,312.31,54.61M,-0.03%,313.528,319.58866666666665
03/30/2021,314.15,313.73,314.74,311.38,44.64M,-0.50%,313.32399999999996,319.59816666666666
03/31/2021,318.96,315.99,320.57,315.64,55.03M,1.53%,313.822,319.76166666666666
04/01/2021,324.4,322.9,324.54,322.64,55.69M,1.71%,314.845,319.97333333333336
04/05/2021,330.88,326.96,331.67,324.47,42.17M,2.00%,315.963,320.365
04/06/2021,330.65,330.56,332.66,329.85,33.54M,-0.07%,317.5065,320.62899999999996
04/07/2021,331.45,330.16,332.31,329.2,32.05M,0.24%,318.49850000000004,320.83883333333335
04/08/2021,334.9,334.38,335.09,333.56,29.94M,1.04%,319.70750000000004,321.18300000000005
04/09/2021,336.93,333.5,337.14,332.75,36.66M,0.61%,320.6605,321.5691666666666
04/12/2021,336.49,335.86,336.92,334.55,25.83M,-0.13%,321.7205,321.91283333333337
04/13/2021,340.42,338.06,340.9,337.84,30.37M,1.17%,322.8085,322.3501666666667
04/14/2021,336.33,340.67,340.8,335.49,42.56M,-1.20%,323.60450000000003,322.7606666666667
04/15/2021,341.43,339.29,341.83,336.04,36.34M,1.52%,324.5895,323.18050000000005
04/16/2021,341.83,341.97,342.05,339.9,40.86M,0.12%,326.087,323.48433333333327
04/19/2021,338.7,340.21,341.4,336.72,34.53M,-0.92%,327.37299999999993,323.69283333333334
04/20/2021,336.23,338.02,339.34,334.21,38.08M,-0.73%,328.2625,323.87583333333333
04/21/2021,339.11,334.91,339.3,333.79,36.60M,0.86%,329.3655,324.06199999999995
04/22/2021,335.02,338.71,339.72,333.83,45.94M,-1.21%,330.531,324.17199999999997
04/23/2021,339.24,335.67,340.59,335.67,36.41M,1.26%,331.93449999999996,324.50500000000005
04/26/2021,341.45,339.49,341.74,338.72,30.81M,0.65%,333.21549999999996,324.8433333333333
04/27/2021,339.97,341.75,341.97,338.99,33.19M,-0.43%,334.427,325.2696666666667
04/28/2021,338.82,339.63,340.67,338.15,33.62M,-0.34%,335.66049999999996,325.54583333333335
04/29/2021,340.04,342.19,342.62,336.72,37.71M,0.36%,336.7145,325.75466666666665
04/30/2021,337.81,337.52,340.08,336.87,38.26M,-0.66%,337.385,325.94800000000004
05/03/2021,336.01,339.05,339.82,335.55,29.73M,-0.53%,337.6415,326.04699999999997
05/04/2021,329.97,333.38,333.71,326.04,65.15M,-1.80%,337.60749999999996,326.0266666666667
05/05/2021,328.86,332.08,332.97,328.06,46.22M,-0.34%,337.478,325.951
05/06/2021,331.34,328.59,331.5,326.28,46.81M,0.75%,337.3,325.91783333333336
05/07/2021,334.02,334.19,336.47,331.52,53.32M,0.81%,337.1545,325.9418333333333
05/10/2021,325.59,332.61,332.79,325.38,60.70M,-2.52%,336.60949999999997,325.79499999999996
05/11/2021,325.14,319.53,325.96,318.85,71.96M,-0.14%,335.8455,325.6095000000001
05/12/2021,316.72,320.06,322.45,315.83,91.16M,-2.59%,334.86499999999995,325.29883333333333
05/13/2021,319.17,319.75,322.23,316.73,69.88M,0.77%,333.752,325.0558333333334
05/14/2021,326.22,322.43,327.16,321.91,44.37M,2.21%,332.9715,324.9545
05/17/2021,324.24,324.46,326.2,321.28,39.39M,-0.61%,332.2485,324.84433333333334
05/18/2021,322.05,325.22,326.48,321.77,36.53M,-0.68%,331.5395,324.84066666666666
05/19/2021,322.42,316.49,322.73,316.13,66.32M,0.11%,330.70500000000004,324.85916666666674
05/20/2021,328.66,323.95,329.54,323.72,46.47M,1.94%,330.387,324.9375
05/21/2021,326.84,330.26,330.69,326.47,50.33M,-0.55%,329.767,325.1736666666667
05/24/2021,332.34,329.2,333.49,326.73,32.48M,1.68%,329.3115,325.47966666666673
05/25/2021,332.8,333.89,334.63,331.58,31.28M,0.14%,328.95300000000003,325.636
05/26/2021,333.95,333.48,334.43,332.78,25.44M,0.35%,328.70950000000005,325.898
05/27/2021,332.71,333.49,334.36,332.5,27.93M,-0.37%,328.343,326.29316666666665
05/28/2021,333.75,333.94,335.39,333.42,29.93M,0.31%,328.14,326.79
06/01/2021,332.65,335.12,335.61,331.26,31.15M,-0.33%,327.972,327.19216666666665
06/02/2021,333.29,333.08,334.16,331.52,22.05M,0.19%,328.138,327.7506666666667
06/03/2021,329.83,330.38,331.69,328.11,37.06M,-1.04%,328.18649999999997,328.0543333333334
06/04/2021,335.42,331.68,335.88,331.61,38.74M,1.69%,328.3905,328.466
06/07/2021,336.42,334.87,336.48,334.16,32.61M,0.30%,328.5105,328.7751666666667
06/08/2021,336.58,338.22,339.11,334.85,27.28M,0.05%,329.06,329.13
06/09/2021,336.66,337.99,338.79,336.47,21.49M,0.02%,329.63599999999997,329.43
06/10/2021,340.17,337.01,340.28,336.55,33.70M,1.04%,330.8085,329.75933333333336
06/11/2021,341.06,340.18,341.07,339.51,21.22M,0.26%,331.903,330.0815
06/14/2021,344.33,341.5,344.34,340.28,27.83M,0.96%,332.8085,330.62233333333336
06/15/2021,342.08,343.97,344.29,341.34,35.96M,-0.65%,333.70050000000003,331.1073333333333
06/16/2021,340.83,342.56,343.66,337.27,55.40M,-0.37%,334.6395,331.4805
06/17/2021,345.16,339.79,346.2,339.74,59.72M,1.27%,335.7765,331.94899999999996
06/18/2021,342.45,343.45,344.63,341.68,55.41M,-0.79%,336.466,332.46133333333336
06/21/2021,344.18,342.25,344.51,339.97,32.99M,0.51%,337.33299999999997,333.0115
06/22/2021,347.39,343.97,347.85,343.66,28.94M,0.93%,338.0855,333.5375
06/23/2021,347.56,347.33,348.74,346.7,27.19M,0.05%,338.82349999999997,334.06783333333334
06/24/2021,349.71,349.55,351.28,348.99,32.58M,0.62%,339.6115,334.6605
06/25/2021,349.28,350.29,350.54,348.66,28.68M,-0.12%,340.44,335.16583333333335
06/28/2021,353.52,350.6,353.66,350.54,39.13M,1.21%,341.4285,335.65116666666665
06/29/2021,354.8,353.34,354.83,352.48,29.43M,0.36%,342.536,336.0498333333333
06/30/2021,354.24,354.64,355.04,353.64,32.72M,-0.16%,343.5835,336.44300000000004
07/01/2021,354.38,353.88,354.9,352.49,29.29M,0.04%,344.81100000000004,336.82516666666663
07/02/2021,358.45,356.33,358.78,356.09,32.73M,1.15%,345.9625,337.2176666666666
07/06/2021,360.0,359.07,360.29,356.3,38.84M,0.43%,347.1415,337.6021666666667
07/07/2021,360.76,362.26,362.57,358.75,35.27M,0.21%,348.3505,338.0066666666667
07/08/2021,358.58,355.55,359.46,354.23,50.89M,-0.60%,349.4465,338.30933333333337
07/09/2021,360.82,357.98,361.31,357.38,35.18M,0.62%,350.479,338.7175
07/12/2021,362.23,362.26,362.7,360.64,25.72M,0.39%,351.5375,339.06416666666667
07/13/2021,362.23,361.84,365.27,361.35,39.72M,0.00%,352.4325,339.40416666666664
07/14/2021,362.88,364.64,365.3,362.03,35.34M,0.18%,353.47249999999997,339.80716666666666
07/15/2021,360.33,362.79,363.0,358.27,53.39M,-0.70%,354.4475,340.20883333333336
07/16/2021,357.41,361.21,362.22,357.05,47.26M,-0.81%,355.06,340.51383333333337
07/19/2021,354.48,353.86,354.99,351.86,64.40M,-0.82%,355.66150000000005,340.83816666666667
07/20/2021,358.6,355.44,360.09,353.61,42.18M,1.16%,356.38250000000005,341.1608333333333
07/21/2021,361.37,358.16,361.37,357.93,30.26M,0.77%,357.0815,341.4928333333334
07/22/2021,363.76,361.58,363.77,361.58,30.25M,0.66%,357.8915,341.88933333333335
07/23/2021,368.01,365.12,368.29,363.72,31.96M,1.17%,358.8065,342.37583333333333
07/26/2021,368.3,367.3,368.7,366.41,28.44M,0.08%,359.7575,342.84683333333334
07/27/2021,364.24,368.03,368.03,359.97,57.93M,-1.10%,360.2935,343.2873333333333
07/28/2021,365.64,365.41,367.26,363.05,42.07M,0.38%,360.8355,343.78116666666665
07/29/2021,366.29,365.06,367.49,365.06,25.67M,0.18%,361.438,344.38649999999996
07/30/2021,364.38,362.25,364.98,362.22,36.48M,-0.52%,361.938,344.9785
08/02/2021,364.41,366.09,366.69,363.68,27.33M,0.01%,362.236,345.5296666666666
08/03/2021,366.62,365.09,366.74,361.81,35.56M,0.61%,362.567,346.07300000000004
08/04/2021,367.15,366.58,368.13,365.44,29.60M,0.14%,362.88649999999996,346.76566666666673
08/05/2021,369.48,367.99,369.72,367.26,21.44M,0.63%,363.4315,347.50466666666665
08/06/2021,367.86,368.18,369.18,366.71,33.33M,-0.44%,363.7835,348.357
08/09/2021,368.54,368.33,369.08,367.2,25.96M,0.18%,364.099,349.1798333333333
08/10/2021,366.65,369.07,369.37,365.43,35.13M,-0.51%,364.32000000000005,349.8536666666667
08/11/2021,366.02,367.95,368.46,364.65,34.25M,-0.17%,364.477,350.55
08/12/2021,367.34,365.5,367.71,364.1,26.00M,0.36%,364.8275,351.30483333333336
08/13/2021,368.63,367.7,368.97,367.19,19.34M,0.35%,365.3885,352.075
08/16/2021,368.79,367.48,368.83,363.51,35.04M,0.04%,366.104,352.74383333333327
08/17/2021,365.54,365.96,366.96,363.04,44.79M,-0.88%,366.45099999999996,353.3888333333333
08/18/2021,362.02,364.99,366.43,361.68,38.54M,-0.96%,366.4835,353.88349999999997
08/19/2021,363.77,360.03,365.49,359.77,48.50M,0.48%,366.48400000000004,354.39966666666663
08/20/2021,367.54,364.87,367.95,364.55,39.49M,1.04%,366.4605,354.9595
08/23/2021,373.03,368.61,373.74,368.6,34.03M,1.49%,366.697,355.6315
08/24/2021,374.17,373.64,374.79,373.16,21.73M,0.31%,367.1935,356.30516666666665
08/25/2021,374.6,374.43,375.19,373.66,20.44M,0.11%,367.6415,357.00433333333336
08/26/2021,372.22,373.72,374.42,371.77,29.13M,-0.64%,367.938,357.6531666666667
08/27/2021,375.84,372.87,376.36,372.37,27.10M,0.97%,368.511,358.42
08/30/2021,380.06,376.65,380.56,376.63,27.30M,1.12%,369.2935,359.164
08/31/2021,379.75,380.31,380.38,378.16,29.63M,-0.08%,369.95,359.8861666666666
09/01/2021,380.38,380.84,382.51,380.17,28.14M,0.17%,370.61150000000004,360.6161666666667
09/02/2021,380.2,381.77,382.11,378.95,25.50M,-0.05%,371.1475,361.34183333333334
09/03/2021,381.37,379.02,381.78,379.0,24.62M,0.31%,371.823,362.0285
09/07/2021,381.91,381.48,382.58,380.29,23.97M,0.14%,372.4915,362.70933333333335
09/08/2021,380.58,381.73,381.73,378.25,32.95M,-0.35%,373.188,363.31350000000003
09/09/2021,379.27,380.81,381.95,379.02,29.40M,-0.34%,373.8505,363.93333333333334
09/10/2021,376.39,381.03,381.77,376.05,40.25M,-0.76%,374.303,364.526
09/13/2021,376.13,378.79,379.23,374.02,48.74M,-0.07%,374.678,365.0421666666667
09/14/2021,375.06,377.66,378.41,374.08,41.83M,-0.28%,374.9915,365.58566666666667
09/15/2021,377.85,375.53,378.21,373.17,34.10M,0.74%,375.607,366.1468333333333
09/16/2021,378.11,376.48,378.7,374.5,35.19M,0.07%,376.4115,366.6588333333333
09/17/2021,373.63,377.62,377.67,372.56,60.91M,-1.18%,376.9045,367.09333333333336
09/20/2021,365.51,367.27,369.06,360.74,76.20M,-2.17%,376.803,367.3566666666666
09/21/2021,365.96,367.39,368.62,364.8,41.93M,0.12%,376.44950000000006,367.6346666666667
09/22/2021,369.38,366.9,370.88,365.77,46.97M,0.93%,376.21000000000004,367.899
09/23/2021,372.78,370.57,373.84,369.9,44.65M,0.92%,376.119,368.1986666666667
09/24/2021,373.13,370.46,373.56,370.08,36.06M,0.09%,376.1645,368.51349999999996
09/27/2021,370.16,370.01,371.06,367.54,43.34M,-0.80%,375.8805,368.7765
09/28/2021,359.68,365.48,370.11,359.16,97.70M,-2.83%,374.86150000000004,368.79699999999997
09/29/2021,359.09,360.98,363.18,358.45,58.08M,-0.16%,373.82849999999996,368.78183333333334
09/30/2021,357.77,360.78,362.49,356.91,61.38M,-0.37%,372.698,368.73199999999997
10/01/2021,359.99,358.41,361.06,354.19,56.38M,0.62%,371.6875,368.75550000000004
10/04/2021,352.43,358.33,358.67,350.14,76.77M,-2.10%,370.2405,368.6156666666667
10/05/2021,357.19,353.52,359.5,353.29,47.23M,1.35%,369.00449999999995,368.5316666666667
10/06/2021,359.48,353.89,359.76,352.96,56.81M,0.64%,367.9495,368.48583333333335
10/07/2021,362.78,362.61,365.5,362.06,39.41M,0.92%,367.125,368.4841666666667
10/08/2021,360.97,363.89,364.13,360.42,41.82M,-0.50%,366.354,368.4948333333333
10/11/2021,358.2,359.39,363.01,358.11,34.85M,-0.77%,365.4575,368.508
10/12/2021,356.95,359.69,360.14,356.29,43.91M,-0.35%,364.552,368.5491666666667
10/13/2021,359.81,359.32,360.5,357.24,40.12M,0.80%,363.65,368.5693333333333
10/14/2021,366.44,363.5,366.66,362.82,43.43M,1.84%,363.0665,368.65383333333335
10/15/2021,368.75,367.69,368.87,366.63,40.42M,0.63%,362.8225,368.737
10/18/2021,372.45,367.42,372.67,366.8,34.51M,1.00%,363.16949999999997,368.811
10/19/2021,375.27,373.55,375.32,372.5,29.09M,0.76%,363.635,368.9271666666666
10/20/2021,374.78,375.74,376.37,373.26,31.39M,-0.13%,363.905,369.10283333333336
10/21/2021,377.07,373.96,377.27,373.65,25.47M,0.61%,364.11949999999996,369.29333333333335
10/22/2021,373.9,375.78,376.77,372.19,36.28M,-0.84%,364.158,369.42016666666666
10/25/2021,377.73,375.36,378.67,373.36,32.60M,1.02%,364.5365,369.6426666666666
10/26/2021,378.92,380.03,382.51,377.71,47.19M,0.32%,365.4985,369.8845
10/27/2021,379.8,379.38,382.95,379.11,45.76M,0.23%,366.534,370.1041666666667
10/28/2021,384.02,381.75,384.28,380.95,38.01M,1.11%,367.8465,370.38533333333334
10/29/2021,385.91,380.86,386.08,380.5,37.31M,0.49%,369.14250000000004,370.65916666666664
11/01/2021,387.23,386.36,387.36,384.22,30.77M,0.34%,370.8825,370.98199999999997
11/02/2021,388.85,386.6,389.34,386.55,25.14M,0.42%,372.4655,371.32050000000004
11/03/2021,392.97,389.35,393.4,388.28,33.75M,1.06%,374.14,371.75916666666666
11/04/2021,398.01,394.27,398.99,393.71,40.27M,1.28%,375.9015,372.2923333333334
11/05/2021,398.39,399.83,400.78,396.95,43.38M,0.10%,377.7725,372.80983333333336
11/08/2021,397.85,398.36,399.41,397.19,29.26M,-0.14%,379.755,373.29683333333327
11/09/2021,395.11,398.95,399.36,393.71,50.49M,-0.69%,381.663,373.7355
11/10/2021,389.31,392.26,395.15,387.33,54.94M,-1.47%,383.13800000000003,374.1316666666667
11/11/2021,390.38,392.36,392.54,390.04,32.24M,0.27%,384.335,374.60433333333333
11/12/2021,394.49,391.56,395.04,389.93,34.73M,1.05%,385.622,375.11633333333333
11/15/2021,394.4,395.7,396.03,391.89,33.72M,-0.02%,386.71950000000004,375.564
11/16/2021,397.21,393.65,397.72,393.45,27.87M,0.71%,387.8165,375.967
11/17/2021,397.42,397.54,399.51,396.43,28.70M,0.05%,388.9485,376.35450000000003
11/18/2021,401.54,399.52,402.06,397.24,45.72M,1.04%,390.172,376.8035
11/19/2021,403.78,403.22,405.09,402.37,45.19M,0.56%,391.666,377.32949999999994
11/22/2021,399.09,405.36,408.5,398.98,61.72M,-1.16%,392.73400000000004,377.7169999999999
11/23/2021,397.27,397.9,400.02,392.71,70.10M,-0.46%,393.65150000000006,378.0038333333333
11/24/2021,398.55,394.72,398.84,392.33,46.95M,0.32%,394.589,378.31716666666665
11/26/2021,390.99,395.9,397.33,389.57,51.53M,-1.90%,394.93750000000006,378.49399999999997
11/29/2021,399.48,395.68,400.52,394.93,54.45M,2.17%,395.616,378.8153333333333
11/30/2021,393.61,398.57,400.98,391.54,81.33M,-1.47%,395.935,379.01933333333335
12/01/2021,386.92,398.07,400.27,386.44,78.38M,-1.70%,395.83849999999995,379.1028333333333
12/02/2021,389.71,385.6,391.53,384.14,84.42M,0.72%,395.67549999999994,379.255
12/03/2021,382.93,391.1,392.13,378.7,105.35M,-1.74%,394.92150000000004,379.31600000000003
12/06/2021,386.0,383.43,387.4,379.1,67.59M,0.80%,394.302,379.47616666666664
12/07/2021,397.62,392.82,398.25,392.78,56.01M,3.01%,394.29049999999995,379.83433333333335
12/08/2021,399.4,397.96,399.61,396.01,39.20M,0.45%,394.505,380.24
12/09/2021,393.52,398.14,399.99,393.32,49.97M,-1.47%,394.7155,380.5011666666667
12/10/2021,397.8,396.41,398.07,393.15,52.55M,1.09%,395.0865,380.82933333333335
12/13/2021,392.05,397.79,398.12,391.67,50.17M,-1.45%,394.9645,381.1363333333333
12/14/2021,388.0,387.1,389.89,383.43,75.20M,-1.03%,394.6445,381.5111666666667
12/15/2021,396.84,387.74,397.21,383.68,73.86M,2.28%,394.626,382.0258333333333
12/16/2021,386.64,397.83,398.27,385.01,82.59M,-2.57%,394.087,382.31350000000003
12/17/2021,384.71,383.13,388.99,381.57,81.64M,-0.50%,393.2455,382.5123333333333
12/20/2021,380.49,379.37,381.3,377.27,65.34M,-1.10%,392.081,382.63500000000005
12/21/2021,389.01,383.85,389.33,380.0,48.90M,2.24%,391.577,382.94916666666666
12/22/2021,393.74,388.71,393.95,388.03,37.04M,1.22%,391.4005,383.51683333333335
12/23/2021,396.71,394.1,398.22,393.93,29.60M,0.75%,391.3085,384.14383333333336
12/27/2021,403.27,398.04,403.27,398.01,32.82M,1.65%,391.9225,384.9021666666667
12/28/2021,401.4,404.19,404.37,400.5,33.11M,-0.46%,392.0185,385.5923333333333
12/29/2021,401.34,401.54,402.84,398.9,32.25M,-0.01%,392.40500000000003,386.40749999999997
12/30/2021,400.14,401.12,403.36,399.54,23.85M,-0.30%,393.066,387.12333333333333
12/31/2021,397.64,399.45,400.85,397.13,34.75M,-0.62%,393.4625,387.75933333333336
01/03/2022,401.47,398.84,401.73,396.67,40.58M,0.96%,394.3895,388.40416666666664
01/04/2022,396.26,402.03,402.07,393.08,58.03M,-1.30%,394.90250000000003,388.99233333333336
01/05/2022,384.09,394.53,395.68,383.83,75.74M,-3.07%,394.226,389.42383333333333
01/06/2022,383.82,382.22,387.15,379.93,70.81M,-0.07%,393.447,389.87166666666667
01/07/2022,379.66,383.83,385.56,377.84,72.65M,-1.08%,392.754,390.20250000000004
01/10/2022,379.91,374.62,380.44,369.12,91.77M,0.07%,391.85949999999997,390.42699999999996
01/11/2022,385.62,379.16,385.79,377.02,68.30M,1.50%,391.53799999999995,390.7081666666666
01/12/2022,387.15,388.26,390.0,384.81,54.58M,0.40%,391.4955,390.95316666666673
01/13/2022,377.46,388.57,389.27,376.5,77.99M,-2.50%,390.52650000000006,390.98966666666666
01/14/2022,379.81,374.87,380.15,374.66,80.12M,0.62%,390.185,391.0735
01/18/2022,370.36,373.84,376.02,369.58,75.81M,-2.49%,389.46750000000003,390.96166666666664
01/19/2022,366.29,371.95,374.49,366.02,81.79M,-1.10%,388.75750000000005,390.83483333333334
01/20/2022,361.53,369.6,373.67,360.98,88.61M,-1.30%,387.3835,390.5648333333334
01/21/2022,351.51,359.28,361.99,351.22,143.39M,-2.77%,385.27200000000005,390.108
01/24/2022,353.11,345.72,353.79,333.97,199.45M,0.46%,383.092,389.66316666666665
01/25/2022,344.93,346.49,350.85,341.5,124.40M,-2.32%,380.175,389.01166666666666
01/26/2022,344.39,352.72,356.69,340.6,146.56M,-0.16%,377.3245,388.31966666666665
01/27/2022,340.92,349.22,351.09,339.87,95.26M,-1.01%,374.3035,387.5478333333333
01/28/2022,351.62,342.85,351.84,337.77,108.17M,3.14%,371.8775,386.9273333333333
01/31/2022,362.86,353.01,363.46,351.34,94.33M,3.20%,370.1385,386.42550000000006
02/01/2022,365.33,364.24,366.0,358.95,74.43M,0.68%,368.3315,385.8808333333333
02/02/2022,368.3,369.57,369.91,364.09,78.78M,0.81%,366.9335,385.3793333333333
02/03/2022,353.36,358.34,361.74,352.27,95.38M,-4.06%,365.39700000000005,384.63783333333333
02/04/2022,357.82,353.89,361.21,351.79,86.32M,1.26%,364.097,384.0163333333333
02/07/2022,354.94,358.43,360.86,353.65,58.20M,-0.80%,362.861,383.44350000000003
02/08/2022,358.93,353.77,360.05,352.61,64.72M,1.12%,361.812,382.9193333333333
02/09/2022,366.54,363.57,366.62,361.93,55.77M,2.12%,360.858,382.45349999999996
02/10/2022,358.24,359.33,366.3,356.35,112.47M,-2.26%,359.4125,381.8508333333333
02/11/2022,346.88,358.24,359.88,345.62,101.57M,-3.17%,357.8835,381.012
02/14/2022,347.31,346.31,350.8,343.71,80.25M,0.12%,356.2585,380.1768333333333
02/15/2022,355.94,352.72,356.18,351.64,55.39M,2.48%,355.5375,379.4168333333334
02/16/2022,355.85,353.63,356.9,350.53,58.95M,-0.03%,355.0155,378.61800000000005
02/17/2022,345.27,352.55,353.27,344.84,61.80M,-2.97%,354.2025,377.72100000000006
02/18/2022,341.33,346.23,346.63,338.96,80.00M,-1.14%,353.6935,376.78866666666664
02/22/2022,337.9,338.31,343.86,334.17,85.97M,-1.00%,352.933,375.7778333333334
02/23/2022,329.25,341.14,342.0,328.93,86.22M,-2.56%,352.149,374.7488333333333
02/24/2022,340.31,318.67,340.86,318.09,130.61M,3.36%,351.94500000000005,373.7626666666667
02/25/2022,345.59,341.13,345.8,337.21,78.84M,1.55%,352.1785,372.9623333333333
02/28/2022,346.62,342.33,348.36,341.14,77.52M,0.30%,351.92850000000004,372.2906666666667
03/01/2022,341.31,345.57,347.9,338.72,67.41M,-1.53%,350.851,371.484
03/02/2022,347.04,342.9,348.41,340.06,70.61M,1.68%,349.93649999999997,370.8858333333333
03/03/2022,342.08,349.75,349.86,340.17,71.09M,-1.43%,348.6255,370.15383333333335
03/04/2022,337.12,339.66,341.13,334.74,77.01M,-1.45%,347.8135,369.14549999999997
03/07/2022,324.69,337.11,338.3,324.48,89.93M,-3.69%,346.15700000000004,367.9003333333333
03/08/2022,323.18,323.88,333.04,319.77,116.15M,-0.47%,344.569,366.728
03/09/2022,334.81,331.58,336.2,328.92,64.72M,3.60%,343.363,365.67816666666664
03/10/2022,331.1,330.65,332.34,326.54,69.36M,-1.11%,341.591,364.6623333333333
03/11/2022,324.23,334.14,334.46,323.73,66.23M,-2.07%,339.8905,363.5995
03/14/2022,318.0,322.96,326.42,317.28,79.80M,-1.92%,338.44649999999996,362.28549999999996
03/15/2022,327.98,320.71,328.78,319.06,76.47M,3.14%,337.48,361.30783333333335
03/16/2022,340.14,332.0,340.26,328.23,105.24M,3.71%,336.68999999999994,360.565
03/17/2022,344.26,338.19,344.32,336.86,67.81M,1.21%,336.1105,359.96116666666666
03/18/2022,351.31,342.56,351.61,341.37,85.45M,2.05%,336.4125,359.3328333333333
03/21/2022,349.9,350.02,352.29,345.39,73.80M,-0.40%,336.841,358.6021666666666
03/22/2022,356.77,350.41,357.66,350.02,63.35M,1.96%,337.78450000000004,357.93649999999997
03/23/2022,351.65,353.82,357.47,351.59,70.62M,-1.44%,338.9045,357.07616666666667
03/24/2022,359.46,353.61,359.51,351.41,53.56M,2.22%,339.86199999999997,356.3771666666667
03/25/2022,359.16,359.4,360.48,354.76,57.58M,-0.08%,340.54049999999995,355.6741666666667
03/28/2022,364.72,359.15,364.82,357.88,56.83M,1.55%,341.4455,355.0838333333333
03/29/2022,371.0,368.71,371.63,365.87,68.07M,1.72%,342.93,354.63983333333334
03/30/2022,366.9,369.08,370.79,365.38,68.76M,-1.11%,343.923,354.0636666666667
03/31/2022,362.35,367.05,367.41,361.49,67.01M,-1.24%,344.9365,353.4985
04/01/2022,361.66,362.62,363.42,358.4,54.53M,-0.19%,346.1635,353.12466666666666
04/04/2022,369.11,362.52,369.12,362.25,45.95M,2.06%,348.3845,352.8795
04/05/2022,360.91,367.62,368.35,359.74,62.74M,-2.22%,350.271,352.567
04/06/2022,353.07,355.46,356.59,350.38,90.08M,-2.17%,351.184,352.11966666666666
04/07/2022,353.91,352.06,356.16,348.51,63.78M,0.24%,352.3245,351.5911666666667
04/08/2022,348.97,352.14,352.9,348.32,61.96M,-1.40%,353.5615,350.95483333333334
04/11/2022,340.71,344.63,345.57,340.36,66.11M,-2.37%,354.697,350.34233333333333
04/12/2022,339.27,345.58,347.51,337.86,72.79M,-0.42%,355.26149999999996,349.6666666666667
04/13/2022,346.17,339.62,347.25,338.88,61.37M,2.03%,355.563,349.26349999999996
04/14/2022,338.25,346.26,346.79,338.03,73.52M,-2.29%,355.2625,348.7961666666667
04/18/2022,338.51,337.17,340.86,335.61,58.56M,0.08%,354.6225,348.4125
04/19/2022,346.08,337.85,346.67,336.8,56.52M,2.24%,354.4315,348.322
04/20/2022,341.03,346.91,347.38,339.78,65.50M,-1.46%,353.6445,348.12066666666664
04/21/2022,333.97,345.01,347.69,333.03,75.80M,-2.07%,352.7605,347.938
04/22/2022,325.23,334.13,335.38,324.79,82.56M,-2.62%,351.049,347.6186666666666
04/25/2022,329.41,323.56,329.73,322.26,101.76M,1.29%,349.5615,347.4268333333333
04/26/2022,316.97,327.3,327.49,316.69,105.82M,-3.78%,347.174,346.84933333333333
04/27/2022,316.59,317.07,322.71,314.83,111.20M,-0.12%,344.45349999999996,346.0781666666666
04/28/2022,327.84,321.68,329.72,317.35,99.45M,3.55%,342.5005,345.4533333333333
04/29/2022,313.09,323.53,327.05,312.44,91.98M,-4.50%,340.0375,344.5331666666667
05/02/2022,318.31,312.67,318.55,309.48,115.51M,1.67%,337.87,343.94899999999996
05/03/2022,318.65,318.33,321.0,315.81,78.19M,0.11%,335.34700000000004,343.2961666666667
05/04/2022,329.43,319.14,330.12,313.73,116.08M,3.38%,333.77299999999997,342.871
05/05/2022,312.84,325.0,325.08,309.46,154.61M,-5.04%,331.76149999999996,342.10283333333336
05/06/2022,309.09,310.79,314.92,304.94,139.57M,-1.20%,329.52049999999997,341.1453333333333
05/09/2022,296.99,303.32,309.19,295.56,113.39M,-3.91%,326.9215,340.12449999999995
05/10/2022,300.6,304.35,305.6,296.41,124.12M,1.22%,324.916,339.35316666666665
05/11/2022,291.69,298.28,303.93,290.8,140.33M,-2.96%,322.537,338.4261666666667
05/12/2022,291.0,287.3,295.59,284.79,120.91M,-0.24%,319.7785,337.3438333333333
05/13/2022,301.78,295.56,302.84,293.93,83.68M,3.70%,317.95500000000004,336.4426666666667
05/16/2022,298.28,299.99,302.1,296.97,59.19M,-1.16%,315.9435,335.6595
05/17/2022,306.01,304.29,306.4,300.39,62.72M,2.59%,313.94,335.0708333333333
05/18/2022,290.99,301.38,302.09,289.7,79.48M,-4.91%,311.438,334.289
05/19/2022,289.43,289.14,294.24,287.43,79.92M,-0.54%,309.211,333.62533333333334
05/20/2022,288.53,292.98,293.65,280.06,91.76M,-0.31%,307.376,332.7623333333333
05/23/2022,293.33,289.6,293.72,287.14,63.65M,1.66%,305.572,331.89133333333336
05/24/2022,287.09,287.97,288.71,282.1,73.49M,-2.13%,304.07800000000003,330.8991666666667
05/25/2022,291.11,285.56,293.24,285.35,67.14M,1.40%,302.804,330.0625
05/26/2022,299.17,290.29,300.76,290.0,59.46M,2.77%,301.3705,329.2646666666667
05/27/2022,308.94,302.38,309.09,302.26,66.99M,3.27%,301.163,328.7123333333333
05/31/2022,308.12,308.91,311.17,304.17,60.97M,-0.27%,300.6535,328.22900000000004
06/01/2022,305.84,310.31,312.49,303.57,65.34M,-0.74%,300.013,327.9148333333333
06/02/2022,314.21,304.69,314.39,303.24,59.29M,2.74%,299.252,327.7653333333334
06/03/2022,306.04,308.87,310.31,304.76,60.91M,-2.60%,298.912,327.2858333333333
06/06/2022,307.06,310.59,312.19,305.46,51.79M,0.33%,298.8105,326.8851666666667
06/07/2022,309.71,303.65,310.51,302.53,44.90M,0.86%,299.4465,326.6431666666667
06/08/2022,307.48,308.89,311.56,306.61,38.34M,-0.72%,299.79049999999995,326.4678333333333
06/09/2022,299.24,305.75,308.89,299.07,55.90M,-2.68%,300.168,325.9888333333333
06/10/2022,288.69,293.5,294.72,288.23,85.96M,-3.53%,300.0525,325.1313333333333
06/13/2022,275.27,279.6,282.19,274.39,94.44M,-4.65%,298.727,323.9815
06/14/2022,275.77,277.51,278.51,273.19,64.70M,0.18%,297.6015,322.72249999999997
06/15/2022,282.65,279.27,286.68,276.46,86.05M,2.49%,296.4335,321.6016666666667
06/16/2022,271.25,275.45,275.92,269.14,81.91M,-4.03%,295.4465,320.1763333333334
06/17/2022,274.55,272.04,277.04,270.37,82.70M,1.22%,294.7025,318.8913333333333
06/21/2022,280.93,278.6,283.3,278.49,51.63M,2.32%,294.3225,317.58250000000004
06/22/2022,280.52,278.37,285.03,277.76,67.47M,-0.15%,293.68199999999996,316.27183333333335
06/23/2022,284.7,283.06,285.57,280.16,57.46M,1.49%,293.5625,314.9381666666667
06/24/2022,294.46,287.59,294.89,287.35,58.42M,3.43%,293.73,313.6625
06/27/2022,292.3,295.84,296.42,291.14,54.15M,-0.73%,293.38649999999996,312.4191666666667
06/28/2022,283.39,292.85,295.49,283.2,61.87M,-3.05%,292.109,311.10316666666665
06/29/2022,283.65,283.25,285.19,280.69,57.30M,0.09%,290.8855,309.803
06/30/2022,280.13,280.6,283.8,275.64,79.31M,-1.24%,289.6,308.31999999999994
07/01/2022,281.98,278.8,282.38,276.88,56.68M,0.66%,287.98850000000004,307.0045
07/05/2022,286.81,278.16,286.93,276.6,61.83M,1.71%,287.027,305.9001666666666
07/06/2022,288.65,287.2,290.8,285.44,63.19M,0.64%,286.1065,304.8125
07/07/2022,294.83,289.48,295.54,289.48,56.62M,2.14%,285.3625,303.9101666666666
07/08/2022,295.19,291.93,296.59,290.97,59.90M,0.12%,284.748,303.1515
07/11/2022,288.89,292.73,292.96,287.99,55.27M,-2.13%,284.2305,302.3118333333333
07/12/2022,286.09,290.17,292.13,284.46,55.80M,-0.97%,284.1005,301.3105
07/13/2022,285.5,280.45,287.9,279.87,73.94M,-0.21%,284.61199999999997,300.4313333333333
07/14/2022,286.52,282.84,287.41,279.65,63.74M,0.36%,285.1495,299.5648333333333
07/15/2022,291.72,289.58,291.83,287.93,63.82M,1.81%,285.603,298.6588333333333
07/18/2022,289.25,294.57,296.0,288.05,59.52M,-0.85%,286.503,297.79583333333335
07/19/2022,298.14,292.96,298.44,291.32,55.17M,3.07%,287.6825,297.1986666666667
07/20/2022,302.87,298.57,304.08,297.78,67.77M,1.59%,288.7795,296.826
07/21/2022,307.22,303.34,307.27,300.62,55.05M,1.44%,290.11449999999996,296.45616666666666
07/22/2022,301.83,306.27,308.39,299.96,57.13M,-1.75%,290.971,296.2038333333333
07/25/2022,300.11,301.86,302.34,298.06,40.58M,-0.57%,291.2535,295.9291666666667
07/26/2022,294.22,298.37,298.63,293.39,50.07M,-1.96%,291.34950000000003,295.3688333333333
07/27/2022,306.65,298.88,308.38,298.3,69.30M,4.22%,292.5125,295.26149999999996
07/28/2022,309.65,306.43,310.23,302.59,55.14M,0.98%,293.8125,295.1171666666667
07/29/2022,315.29,311.22,316.22,309.77,57.50M,1.82%,295.5705,295.0611666666666
08/01/2022,315.1,313.49,318.64,312.37,46.36M,-0.06%,297.2265,294.82233333333335
08/02/2022,314.16,312.76,318.38,311.68,48.68M,-0.30%,298.594,294.84433333333334
08/03/2022,322.72,315.88,323.56,315.82,53.74M,2.72%,300.2975,295.0715
08/04/2022,324.23,322.8,324.55,320.6,38.97M,0.47%,301.76750000000004,295.5255
08/05/2022,321.58,319.02,323.66,318.22,53.89M,-0.82%,303.08700000000005,295.87516666666664
08/08/2022,320.54,322.52,326.3,319.04,44.07M,-0.32%,304.6695,296.356
08/09/2022,316.91,318.6,318.86,315.25,39.76M,-1.13%,306.2105,296.78783333333337
08/10/2022,325.76,324.42,326.06,321.89,51.46M,2.79%,308.2235,297.1875
08/11/2022,323.91,328.13,330.19,323.19,45.90M,-0.57%,310.093,297.61466666666666
08/12/2022,330.22,326.0,330.41,324.93,40.93M,1.95%,312.01800000000003,298.0181666666667
08/15/2022,332.89,329.25,333.39,329.23,38.27M,0.81%,314.2,298.71649999999994
08/16/2022,332.11,331.88,334.25,328.99,41.19M,-0.23%,315.89849999999996,299.4278333333333
08/17/2022,328.32,328.9,331.26,326.19,47.84M,-1.14%,317.171,300.091
08/18/2022,329.11,328.27,330.32,326.62,41.94M,0.24%,318.26550000000003,300.6873333333333
08/19/2022,322.69,326.0,326.67,321.91,51.77M,-1.95%,319.3085,301.28066666666666
08/22/2022,314.2,318.33,318.57,313.37,51.10M,-2.63%,320.01300000000003,301.6655
08/23/2022,313.94,313.96,316.83,313.17,39.50M,-0.08%,320.99899999999997,301.9116666666667
08/24/2022,314.84,313.45,316.7,312.83,38.06M,0.29%,321.4085,302.01000000000005
08/25/2022,320.41,316.66,320.43,315.59,38.10M,1.77%,321.9465,302.21483333333333
08/26/2022,307.28,320.11,321.34,307.19,69.05M,-4.10%,321.546,302.2388333333334
08/29/2022,304.25,304.46,307.06,303.12,48.32M,-0.99%,321.0035,302.07283333333334
08/30/2022,300.86,305.94,306.57,298.28,51.18M,-1.11%,320.3385,301.98650000000004
08/31/2022,299.11,303.83,304.75,299.0,50.04M,-0.58%,319.158,301.85400000000004
09/01/2022,299.24,296.56,299.62,292.8,57.99M,0.04%,317.9085,301.6795
09/02/2022,295.02,302.18,303.59,293.37,64.67M,-1.41%,316.5805,301.47183333333334
09/06/2022,292.9,295.5,296.44,290.72,57.01M,-0.72%,315.19849999999997,301.3661666666667
09/07/2022,298.81,293.39,299.83,293.12,49.26M,2.02%,314.2935,301.5348333333333
09/08/2022,300.36,296.69,301.71,295.29,55.65M,0.52%,313.02349999999996,301.95300000000003
09/09/2022,306.93,302.67,307.44,300.36,56.13M,2.19%,312.17449999999997,302.4723333333333
09/12/2022,310.58,308.34,310.92,308.02,45.91M,1.19%,311.1925,302.93783333333334
09/13/2022,293.55,301.64,302.86,292.63,79.56M,-5.48%,309.2255,303.3095
09/14/2022,295.87,294.71,296.77,292.91,54.91M,0.79%,307.4135,303.6648333333333
09/15/2022,290.95,293.92,296.37,289.31,65.30M,-1.67%,305.54499999999996,303.83183333333335
09/16/2022,289.17,287.57,289.57,285.47,79.92M,-0.61%,303.548,303.97599999999994
09/19/2022,290.9,285.95,291.06,285.89,52.61M,0.60%,301.9585,304.0793333333333
09/20/2022,288.58,288.34,290.92,286.23,51.27M,-0.80%,300.6775,303.98133333333334
09/21/2022,283.41,289.44,293.8,283.27,82.93M,-1.79%,299.151,303.83316666666667
09/22/2022,279.92,281.85,282.88,278.67,62.76M,-1.23%,297.40500000000003,303.7753333333333
09/23/2022,275.37,277.4,277.7,271.88,74.82M,-1.63%,295.153,303.6373333333333
09/26/2022,274.23,274.89,279.34,273.42,71.18M,-0.41%,293.5005,303.539
09/27/2022,274.34,277.66,280.06,271.97,69.78M,0.04%,292.005,303.41166666666663
09/28/2022,279.79,274.32,281.1,272.8,79.65M,1.99%,290.9515,303.29466666666667
09/29/2022,271.73,275.72,276.11,268.7,81.22M,-2.88%,289.58250000000004,303.01266666666663
09/30/2022,267.12,270.89,275.05,266.96,78.48M,-1.70%,287.9765,302.5508333333334
10/03/2022,273.39,268.93,275.02,267.39,61.27M,2.35%,286.895,302.1875
10/04/2022,281.98,278.84,282.7,278.84,66.70M,3.14%,286.34900000000005,302.07233333333335
10/05/2022,281.83,278.13,283.66,275.28,55.77M,-0.05%,285.5,302.0013333333333
10/06/2022,279.61,280.81,284.03,279.28,53.49M,-0.79%,284.4625,301.90316666666666
10/07/2022,268.96,274.88,275.01,267.6,71.35M,-3.81%,282.56399999999996,301.61049999999994
10/10/2022,266.27,269.16,269.56,263.5,60.39M,-1.00%,280.3485,301.1863333333333
10/11/2022,262.61,264.56,267.49,260.89,66.52M,-1.37%,278.8015,300.74233333333336
10/12/2022,262.52,263.26,265.22,261.81,50.58M,-0.03%,277.134,300.14866666666666
10/13/2022,268.68,255.03,270.03,254.13,112.89M,2.35%,276.02049999999997,299.5788333333333
10/14/2022,260.6,271.06,271.67,260.0,77.24M,-3.01%,274.592,298.8018333333333
10/17/2022,269.21,266.7,270.1,266.6,64.58M,3.30%,273.50750000000005,298.2581666666667
10/18/2022,271.34,276.38,277.06,268.6,69.78M,0.79%,272.64549999999997,297.7786666666667
10/19/2022,270.35,269.79,273.54,267.93,53.12M,-0.36%,271.99249999999995,297.3808333333333
10/20/2022,268.97,269.44,274.7,267.78,60.61M,-0.51%,271.445,296.75283333333334
10/21/2022,275.28,267.84,275.82,266.68,77.90M,2.34%,271.4405,296.18
10/24/2022,278.3,275.55,279.25,271.83,63.96M,1.10%,271.644,295.56350000000003
10/25/2022,284.06,279.26,284.45,277.75,59.01M,2.07%,272.13,295.0461666666667
10/26/2022,277.78,278.31,283.83,277.28,63.90M,-2.21%,272.0295,294.4398333333333
10/27/2022,272.73,276.64,278.13,272.2,57.76M,-1.82%,272.0795,293.6066666666666
10/28/2022,281.07,272.09,281.55,271.92,62.65M,3.06%,272.777,292.8873333333333
10/31/2022,277.8,278.77,279.61,275.85,47.74M,-1.16%,272.99750000000006,292.1576666666667
11/01/2022,274.97,281.35,281.92,274.6,45.90M,-1.02%,272.647,291.39816666666667
11/02/2022,265.54,274.94,278.06,265.47,79.80M,-3.43%,271.8325,290.54200000000003
11/03/2022,260.35,262.87,264.36,259.96,70.04M,-1.95%,270.8695,289.4518333333333
11/04/2022,264.54,265.39,266.47,258.94,78.31M,1.61%,270.6485,288.4623333333333
11/07/2022,267.45,265.61,268.0,263.43,47.33M,1.10%,270.7075,287.4161666666667
11/08/2022,269.4,269.0,272.71,265.38,63.21M,0.73%,271.047,286.35800000000006
11/09/2022,263.18,267.62,268.42,262.89,64.86M,-2.31%,271.08,285.20916666666665
11/10/2022,282.6,275.87,282.9,273.71,99.26M,7.38%,271.776,284.4471666666667
11/11/2022,287.81,282.41,288.49,281.04,66.96M,1.84%,273.1365,283.75883333333337
11/14/2022,285.29,285.71,289.06,284.29,55.08M,-0.88%,273.94050000000004,283.1355
11/15/2022,289.24,292.06,293.11,285.82,73.99M,1.38%,274.8355,282.71950000000004
11/16/2022,285.29,287.24,289.33,284.45,48.86M,-1.36%,275.58250000000004,282.242
11/17/2022,284.66,280.73,286.17,280.57,55.46M,-0.22%,276.367,281.739
11/18/2022,284.67,287.74,287.84,282.17,53.59M,0.00%,276.8365,281.1433333333333
11/21/2022,281.74,283.25,284.43,280.89,40.08M,-1.03%,277.0085,280.7176666666667
11/22/2022,285.8,282.49,285.96,280.31,41.87M,1.44%,277.0955,280.41016666666667
11/23/2022,288.67,285.82,289.31,285.64,46.39M,1.00%,277.64,280.207
11/25/2022,286.77,287.04,287.76,286.27,15.50M,-0.66%,278.342,280.0013333333333
11/28/2022,282.56,284.75,286.81,281.61,38.88M,-1.47%,278.4165,279.72333333333336
11/29/2022,280.42,282.79,283.2,279.02,35.62M,-0.76%,278.5475,279.47999999999996
11/30/2022,293.21,280.69,293.32,279.82,74.72M,4.56%,279.45950000000005,279.48516666666666
12/01/2022,293.57,293.54,295.59,290.73,51.55M,0.12%,280.861,279.3978333333334
12/02/2022,292.4,288.39,293.3,288.21,53.58M,-0.40%,282.4635,279.2651666666667
12/05/2022,287.49,290.23,291.53,286.0,41.48M,-1.68%,283.611,278.9411666666667
12/06/2022,281.53,287.33,287.47,280.11,53.94M,-2.07%,284.315,278.457
12/07/2022,280.38,280.32,282.42,278.63,45.61M,-0.41%,284.864,278.2375
12/08/2022,283.7,281.76,284.69,279.64,42.59M,1.18%,285.89,278.0346666666667
12/09/2022,281.89,282.66,285.49,281.44,47.86M,-0.64%,285.85450000000003,277.88366666666667
12/12/2022,285.43,282.07,285.49,281.01,35.73M,1.26%,285.7355,277.8213333333333
12/13/2022,288.5,296.49,296.72,285.76,80.67M,1.08%,285.896,277.78133333333335
12/14/2022,286.36,287.9,291.26,283.04,64.98M,-0.74%,285.752,277.7443333333333
12/15/2022,276.74,282.18,282.86,275.53,60.55M,-3.36%,285.3245,277.6331666666667
12/16/2022,274.11,276.05,277.62,272.47,68.30M,-0.95%,284.797,277.53633333333335
12/19/2022,269.61,273.73,273.82,268.35,44.17M,-1.64%,284.044,277.4403333333333
12/20/2022,269.4,268.42,271.18,266.81,51.06M,-0.08%,283.427,277.3598333333333
12/21/2022,273.31,270.46,274.64,269.6,46.39M,1.45%,282.8025,277.3426666666667
12/22/2022,266.62,270.24,270.37,262.32,60.28M,-2.45%,281.7,277.12316666666663
12/23/2022,267.22,265.33,267.9,263.39,39.37M,0.22%,280.72249999999997,277.048
12/27/2022,263.44,266.6,266.71,262.89,38.01M,-1.41%,279.7665,276.9866666666667
12/28/2022,259.96,263.03,265.33,259.59,47.14M,-1.32%,278.7435,276.76283333333333
12/29/2022,266.3,262.82,267.26,262.11,45.89M,2.44%,277.398,276.5015
12/30/2022,266.14,263.48,266.27,262.15,37.86M,-0.06%,276.02650000000006,276.24
01/03/2023,264.34,268.51,270.01,261.99,42.34M,-0.68%,274.6235,275.9855
01/04/2023,265.6,266.5,267.31,262.39,47.75M,0.48%,273.529,275.9295
01/05/2023,261.44,263.9,264.07,261.12,45.40M,-1.57%,272.5245,275.849
01/06/2023,268.66,263.21,269.8,260.2,54.66M,2.76%,271.93850000000003,275.94983333333334
01/09/2023,270.4,270.69,275.15,269.78,45.57M,0.65%,271.2735,276.08116666666666
01/10/2023,272.69,269.35,272.8,268.83,35.25M,0.85%,270.8135,276.148
01/11/2023,277.4,273.78,277.51,272.98,44.08M,1.73%,270.412,276.428
01/12/2023,278.9,277.97,279.95,273.6,60.60M,0.54%,269.93199999999996,276.5895
01/13/2023,280.82,276.35,281.07,276.02,44.80M,0.69%,269.65500000000003,276.7475
01/17/2023,281.39,280.62,282.7,279.43,36.27M,0.20%,269.8875,276.93149999999997
01/18/2023,277.73,282.96,284.54,277.52,47.75M,-1.30%,270.0685,277.07750000000004
01/19/2023,275.01,276.08,277.23,273.75,44.15M,-0.98%,270.33849999999995,277.07300000000004
01/20/2023,282.53,276.64,282.87,275.57,60.61M,2.74%,270.995,277.1435
01/23/2023,288.81,283.39,290.06,282.58,52.80M,2.22%,271.77,277.22266666666667
01/24/2023,288.22,287.16,289.4,286.63,44.88M,-0.20%,272.85,277.39666666666665
01/25/2023,287.58,283.62,288.21,281.03,50.87M,-0.22%,273.868,277.6441666666667
01/26/2023,293.19,291.07,293.37,288.37,51.60M,1.95%,275.3555,277.84616666666665
01/27/2023,296.1,291.85,298.1,291.73,56.44M,1.00%,277.1625,278.15116666666665
01/30/2023,290.12,292.78,294.23,289.74,49.41M,-2.02%,278.3535,278.40366666666665
01/31/2023,294.47,290.16,294.57,290.05,46.71M,1.50%,279.77,278.8858333333334
02/01/2023,300.76,294.26,303.27,292.15,67.56M,2.14%,281.591,279.55933333333337
02/02/2023,311.56,307.41,313.52,306.57,83.07M,3.59%,283.889,280.34299999999996
02/03/2023,306.02,304.78,312.23,304.38,76.17M,-1.78%,286.11800000000005,280.98583333333335
02/06/2023,303.43,303.35,305.75,302.06,40.80M,-0.85%,287.8565,281.553
02/07/2023,309.72,303.3,310.87,302.16,67.58M,2.07%,289.8225,282.32866666666666
02/08/2023,304.21,308.38,309.34,303.51,56.72M,-1.78%,291.3985,282.6888333333334
02/09/2023,301.52,308.68,308.83,300.04,49.14M,-0.88%,292.60450000000003,282.9173333333334
02/10/2023,299.54,299.32,301.41,297.09,50.05M,-0.66%,293.6365,283.15483333333333
02/13/2023,304.34,300.97,304.94,299.77,39.64M,1.60%,294.8125,283.4065
02/14/2023,306.59,302.73,307.56,300.75,64.08M,0.74%,296.0725,283.76149999999996
02/15/2023,308.94,304.74,309.11,304.04,43.43M,0.77%,297.633,284.1661666666667
02/16/2023,303.14,304.22,308.27,302.99,59.50M,-1.88%,299.0395,284.474
02/17/2023,301.0,300.91,301.77,297.94,58.23M,-0.71%,299.96299999999997,284.795
02/21/2023,293.88,297.1,298.57,293.74,46.53M,-2.37%,300.2165,284.9296666666667
02/22/2023,294.1,294.47,296.2,292.41,51.39M,0.07%,300.5105,285.0201666666666
02/23/2023,296.66,297.81,297.97,292.4,69.29M,0.87%,300.9645,285.185
02/24/2023,291.7,291.61,292.82,289.9,74.33M,-1.67%,300.89,285.33733333333333
02/27/2023,293.79,294.92,296.33,293.19,49.00M,0.72%,300.7745,285.5601666666667
02/28/2023,293.41,293.15,295.97,292.81,48.24M,-0.13%,300.939,285.56350000000003
03/01/2023,291.05,293.11,293.78,290.05,58.29M,-0.80%,300.768,285.5215
03/02/2023,293.46,288.51,294.28,288.22,53.74M,0.83%,300.40299999999996,285.53916666666663
03/03/2023,299.52,295.23,299.76,294.72,60.51M,2.07%,299.80100000000004,285.73966666666666
03/06/2023,299.86,300.78,303.84,299.66,56.74M,0.11%,299.493,286.04516666666666
03/07/2023,296.18,299.91,300.85,295.56,65.96M,-1.23%,299.13050000000004,286.30850000000004
03/08/2023,297.66,296.61,298.27,294.73,50.88M,0.50%,298.52750000000003,286.5411666666667
03/09/2023,292.51,298.17,300.82,291.68,71.46M,-1.73%,297.9425,286.71816666666666
03/10/2023,288.4,292.68,294.2,287.23,98.59M,-1.40%,297.2865,286.7676666666667
03/13/2023,290.54,286.58,294.32,285.04,97.12M,0.74%,296.8365,286.8016666666667
03/14/2023,297.21,294.16,297.77,293.3,73.60M,2.30%,296.47999999999996,286.9825
03/15/2023,298.77,294.56,299.11,293.09,83.63M,0.52%,296.08900000000006,287.3496666666667
03/16/2023,306.65,297.84,307.02,297.03,98.56M,2.64%,295.9745,287.89199999999994
03/17/2023,305.2,306.56,308.99,303.21,89.92M,-0.47%,296.0775,288.48516666666666
03/20/2023,305.81,304.1,306.14,301.85,56.36M,0.20%,296.31800000000004,289.092
03/21/2023,310.18,307.78,310.64,306.23,49.76M,1.43%,297.133,289.7065
03/22/2023,305.96,310.11,315.08,305.79,75.79M,-1.36%,297.726,290.36216666666667
03/23/2023,309.59,309.76,313.99,306.85,74.58M,1.19%,298.3725,291.0683333333333
03/24/2023,310.73,309.16,310.83,306.79,57.25M,0.37%,299.324,291.8565
03/27/2023,308.6,311.44,312.54,307.73,50.29M,-0.69%,300.0645,292.6671666666667
03/28/2023,306.96,308.01,308.04,304.61,48.59M,-0.53%,300.74199999999996,293.3448333333334
03/29/2023,312.56,310.72,313.19,309.89,53.27M,1.82%,301.8175,294.1184999999999
03/30/2023,315.51,315.07,316.15,312.64,58.35M,0.95%,302.92,294.97133333333335
03/31/2023,320.76,315.74,321.0,315.43,62.14M,1.66%,303.98199999999997,295.8906666666666
04/03/2023,319.98,318.6,320.25,317.25,47.13M,-0.24%,304.988,296.86633333333333
04/04/2023,318.9,320.43,321.46,317.66,45.88M,-0.34%,306.12399999999997,297.70366666666666
04/05/2023,315.75,317.93,318.89,313.91,62.80M,-0.99%,307.0285,298.4595
04/06/2023,317.88,314.08,318.38,312.66,46.92M,0.67%,308.29699999999997,299.2126666666667
04/10/2023,317.7,314.9,317.75,313.09,45.13M,-0.06%,309.762,299.8843333333333
04/11/2023,315.66,317.66,317.72,315.14,40.11M,-0.64%,311.018,300.497
04/12/2023,312.88,317.65,318.25,312.4,62.81M,-0.88%,311.8015,301.03133333333335
04/13/2023,319.0,314.66,319.48,313.47,54.61M,1.96%,312.813,301.65816666666666
04/14/2023,318.4,317.42,320.19,315.44,56.28M,-0.19%,313.4005,302.336
04/17/2023,318.67,317.98,319.03,315.87,43.01M,0.08%,314.074,303.0636666666667
04/18/2023,318.69,320.82,321.25,317.47,46.75M,0.01%,314.71799999999996,303.66633333333334
04/19/2023,318.54,316.24,319.62,316.11,38.96M,-0.05%,315.136,304.16183333333333
04/20/2023,316.11,315.52,319.1,314.8,62.46M,-0.76%,315.6435,304.62666666666667
04/21/2023,316.44,315.74,317.23,313.94,59.00M,0.10%,315.986,305.1076666666667
04/24/2023,315.78,316.21,317.57,313.58,44.04M,-0.21%,316.2385,305.4841666666667
04/25/2023,309.83,314.13,314.8,309.73,57.12M,-1.89%,316.3,305.71299999999997
04/26/2023,311.71,313.28,314.77,311.18,55.40M,0.61%,316.5375,306.0728333333334
04/27/2023,320.18,315.53,320.69,314.88,65.43M,2.72%,316.9185,306.5013333333334
04/28/2023,322.39,319.94,322.48,318.79,59.71M,0.69%,317.2625,306.8618333333333
05/01/2023,322.02,321.92,323.46,320.92,41.01M,-0.11%,317.32550000000003,307.0361666666667
05/02/2023,319.21,321.95,322.28,317.44,56.52M,-0.87%,317.287,307.25600000000003
05/03/2023,317.12,319.58,322.3,317.01,59.88M,-0.65%,317.198,307.4841666666667
05/04/2023,316.0,316.89,318.06,314.95,50.22M,-0.35%,317.2105,307.5888333333333
05/05/2023,322.72,318.3,323.59,316.05,51.81M,2.13%,317.4525,307.89733333333334
05/08/2023,323.52,322.25,323.87,321.15,36.47M,0.25%,317.7435,308.264
05/09/2023,321.47,321.83,322.71,321.15,31.77M,-0.63%,318.034,308.62949999999995
05/10/2023,324.97,323.95,325.84,321.43,60.45M,1.09%,318.6385,308.97333333333336
05/11/2023,326.03,325.53,326.58,323.95,44.28M,0.33%,318.99,309.2973333333333
05/12/2023,324.86,326.57,327.0,322.77,48.43M,-0.36%,319.313,309.56266666666664
05/15/2023,326.62,325.34,326.86,323.79,33.38M,0.54%,319.7105,309.954
05/16/2023,326.99,325.89,328.73,325.85,40.02M,0.11%,320.1255,310.38716666666664
05/17/2023,330.95,328.07,331.54,326.87,47.49M,1.21%,320.746,311.005
05/18/2023,337.09,331.35,337.31,331.33,64.21M,1.86%,321.79499999999996,311.7215
05/19/2023,336.33,337.31,338.03,335.25,61.55M,-0.23%,322.7895,312.38266666666664
05/22/2023,337.46,336.07,338.49,336.06,43.02M,0.34%,323.87350000000004,313.1453333333333
05/23/2023,333.18,335.71,336.88,332.83,48.22M,-1.27%,325.041,313.8018333333333
05/24/2023,331.48,331.2,332.73,329.39,62.89M,-0.51%,326.0295,314.4363333333333
05/25/2023,339.54,338.96,340.83,336.49,66.86M,2.43%,326.9975,315.24449999999996
05/26/2023,348.22,340.58,349.06,340.48,63.01M,2.56%,328.289,316.1571666666667
05/30/2023,349.8,352.52,353.74,348.35,72.65M,0.45%,329.678,316.99516666666665
05/31/2023,347.81,348.19,350.42,346.33,65.11M,-0.57%,331.108,317.7943333333333
06/01/2023,351.83,347.55,353.17,346.48,50.49M,1.16%,332.8435,318.7218333333333
06/02/2023,354.46,353.61,355.64,351.83,53.37M,0.75%,334.7665,319.6685
06/05/2023,354.71,354.24,357.31,353.66,47.27M,0.07%,336.366,320.7051666666667
06/06/2023,354.65,354.09,355.63,352.74,41.39M,-0.02%,337.9225,321.8093333333333
06/07/2023,348.64,354.94,356.93,348.0,69.23M,-1.70%,339.281,322.7776666666667
06/08/2023,352.96,348.94,353.43,348.71,47.15M,1.24%,340.6805,323.70683333333335
06/09/2023,354.31,354.44,357.47,352.84,53.20M,0.38%,342.09450000000004,324.6325
06/12/2023,360.3,356.0,360.4,355.01,44.82M,1.69%,343.8665,325.5266666666667
06/13/2023,363.07,363.1,363.92,359.84,57.10M,0.77%,345.68899999999996,326.4911666666667
06/14/2023,365.71,363.08,366.0,360.23,69.53M,0.73%,347.625,327.48949999999996
06/15/2023,370.07,364.42,371.57,363.79,71.14M,1.19%,349.581,328.48766666666666
06/16/2023,367.74,372.52,372.65,367.29,80.93M,-0.63%,351.1135,329.51733333333334
06/20/2023,366.71,365.76,368.13,363.7,49.20M,-0.28%,352.6325,330.46933333333334
06/21/2023,361.71,365.55,365.99,360.77,53.38M,-1.36%,353.84499999999997,331.319
06/22/2023,365.98,360.44,366.14,360.03,47.60M,1.18%,355.485,332.2753333333333
06/23/2023,362.35,362.02,364.69,360.63,48.92M,-0.99%,357.0285,333.1985
06/26/2023,357.49,361.81,364.65,357.4,52.69M,-1.34%,357.92600000000004,333.94733333333335
06/27/2023,363.64,359.06,364.38,358.32,49.43M,1.72%,358.697,334.74949999999995
06/28/2023,364.35,361.79,366.33,361.71,46.50M,0.20%,359.42449999999997,335.476
06/29/2023,363.62,364.05,364.7,361.95,46.15M,-0.20%,360.21500000000003,336.2033333333333
06/30/2023,369.23,367.36,370.3,367.04,58.71M,1.54%,361.085,337.0421666666667
07/03/2023,370.1,369.88,370.74,368.78,19.43M,0.24%,361.867,337.94800000000004
07/05/2023,370.09,368.5,371.81,368.47,34.46M,0.00%,362.636,338.8181666666667
07/06/2023,367.27,366.32,367.72,364.33,49.37M,-0.76%,363.26699999999994,339.64433333333335
07/07/2023,366.05,367.04,370.29,365.82,47.13M,-0.33%,364.1375,340.48416666666674
07/10/2023,366.17,365.77,366.86,363.22,48.50M,0.03%,364.798,341.37233333333336
07/11/2023,367.98,366.6,368.44,364.43,38.21M,0.49%,365.4815,342.1886666666667
07/12/2023,372.62,372.14,373.99,370.11,61.70M,1.26%,366.0975,343.09233333333333
07/13/2023,378.95,375.85,379.79,375.26,46.96M,1.70%,366.8915,344.097
07/14/2023,378.87,379.39,382.66,377.98,55.15M,-0.02%,367.54949999999997,345.1
07/17/2023,382.41,379.6,383.3,379.11,40.87M,0.93%,368.1665,346.16450000000003
07/18/2023,385.54,381.76,386.93,379.8,55.34M,0.82%,369.0565,347.32166666666666
07/19/2023,385.45,386.62,387.78,384.1,54.09M,-0.02%,369.9935,348.4718333333333
07/20/2023,376.56,382.41,383.89,375.52,71.94M,-2.31%,370.736,349.4848333333333
07/21/2023,375.43,378.98,379.72,374.99,60.50M,-0.30%,371.2085,350.57816666666673
07/24/2023,376.03,376.42,377.38,374.14,40.38M,0.16%,371.89250000000004,351.6501666666666
07/25/2023,378.58,376.75,380.27,376.73,38.89M,0.68%,372.947,352.6235
07/26/2023,377.32,377.52,379.04,374.98,47.08M,-0.33%,373.631,353.539
07/27/2023,376.42,382.87,384.51,375.11,63.94M,-0.24%,374.23449999999997,354.4456666666666
07/28/2023,383.28,380.54,384.32,380.02,56.90M,1.82%,375.21750000000003,355.51349999999996
07/31/2023,383.48,383.59,384.68,382.14,44.02M,0.05%,375.93,356.6195
08/01/2023,382.59,382.11,383.36,380.49,41.31M,-0.23%,376.5545,357.7293333333334
08/02/2023,374.19,379.06,379.06,372.93,72.69M,-2.19%,376.7595,358.58716666666663
08/03/2023,373.59,371.74,375.75,371.57,47.86M,-0.16%,377.07550000000003,359.4216666666667
08/04/2023,371.84,375.55,377.9,371.33,61.70M,-0.47%,377.365,360.2611666666667
08/07/2023,374.99,373.68,375.09,371.32,37.23M,0.85%,377.806,361.0948333333333
08/08/2023,371.8,372.44,372.46,368.63,44.73M,-0.85%,377.99699999999996,361.8576666666667
08/09/2023,367.72,372.09,372.25,366.95,51.15M,-1.10%,377.752,362.572
08/10/2023,368.4,370.78,374.16,366.84,72.04M,0.18%,377.2245,363.2683333333333
08/11/2023,366.05,365.8,367.81,364.5,48.71M,-0.64%,376.5835,363.9193333333333
08/14/2023,370.16,365.24,370.28,364.51,42.13M,1.12%,375.971,364.57283333333334
08/15/2023,366.23,369.17,369.97,365.55,45.54M,-1.06%,375.00550000000004,365.0585
08/16/2023,362.35,365.68,367.24,362.25,53.19M,-1.06%,373.8505,365.4921666666667
08/17/2023,358.39,363.77,364.12,357.97,62.60M,-1.09%,372.942,365.841
08/18/2023,357.94,355.07,359.22,354.52,61.19M,-0.13%,372.0675,366.2536666666666
08/21/2023,363.71,359.43,364.4,358.96,50.70M,1.61%,371.4515,366.7908333333333
08/22/2023,363.19,366.36,366.37,362.49,44.61M,-0.14%,370.682,367.18500000000006
08/23/2023,368.92,364.39,370.03,364.17,51.77M,1.58%,370.26200000000006,367.53
08/24/2023,361.03,372.44,372.54,360.82,66.84M,-2.14%,369.4925,367.7171666666667
08/25/2023,363.83,361.88,365.55,358.39,69.96M,0.78%,368.52,367.9841666666667
08/28/2023,366.57,366.8,367.52,364.06,40.91M,0.75%,367.67449999999997,368.2298333333334
08/29/2023,374.57,366.37,374.93,366.04,58.49M,2.18%,367.27349999999996,368.56499999999994
08/30/2023,376.66,374.68,377.25,373.66,41.73M,0.56%,367.39700000000005,368.9308333333333
08/31/2023,377.79,376.74,379.52,376.67,35.73M,0.30%,367.607,369.31649999999996
09/01/2023,377.39,380.2,380.63,375.88,39.80M,-0.11%,367.8845,369.79566666666665
09/05/2023,377.87,376.57,379.11,375.63,32.34M,0.13%,368.0285,370.21083333333337
09/06/2023,374.54,377.08,377.43,372.5,43.00M,-0.88%,368.1655,370.54799999999994
09/07/2023,371.86,370.02,372.65,368.96,52.06M,-0.72%,368.3725,370.74066666666664
09/08/2023,372.38,371.81,374.65,371.4,35.85M,0.14%,368.5715,370.8958333333333
09/11/2023,376.77,375.46,377.29,373.46,39.94M,1.18%,369.10749999999996,371.0801666666667
09/12/2023,372.59,375.07,376.75,372.3,41.39M,-1.11%,369.229,371.1221666666667
09/13/2023,374.01,372.83,375.64,371.68,46.30M,0.38%,369.618,371.22666666666663
09/14/2023,377.07,375.79,378.07,373.69,48.04M,0.82%,370.354,371.39933333333335
09/15/2023,370.62,375.71,376.12,369.67,69.81M,-1.71%,370.96549999999996,371.5478333333333
09/18/2023,370.47,369.13,371.59,368.84,36.90M,-0.04%,371.592,371.6226666666667
09/19/2023,369.68,369.13,370.49,366.61,37.62M,-0.21%,371.89050000000003,371.7448333333333
09/20/2023,364.35,370.76,371.12,364.27,45.51M,-1.44%,371.94849999999997,371.8591666666667
09/21/2023,357.67,360.61,361.41,357.5,69.73M,-1.83%,371.38599999999997,371.7596666666667
09/22/2023,357.72,359.44,361.61,357.4,51.59M,0.01%,371.2205,371.6491666666667
09/25/2023,359.42,356.74,359.51,355.74,39.17M,0.47%,371.0,371.57916666666665
09/26/2023,354.02,356.8,357.35,353.02,53.66M,-1.50%,370.37250000000006,371.3256666666667
09/27/2023,354.85,355.19,356.79,351.18,56.07M,0.23%,369.3865,371.07149999999996
09/28/2023,357.82,353.92,359.98,353.05,56.45M,0.84%,368.44449999999995,370.86699999999996
09/29/2023,358.08,361.35,362.76,356.83,64.83M,0.07%,367.459,370.71383333333335
10/02/2023,361.07,358.35,362.49,357.73,51.63M,0.83%,366.64300000000003,370.6308333333333
10/03/2023,354.73,358.59,360.82,353.09,60.48M,-1.75%,365.486,370.44016666666664
10/04/2023,359.56,355.58,360.42,355.11,54.79M,1.36%,364.73699999999997,370.29983333333337
10/05/2023,358.5,359.55,359.96,354.95,45.90M,-0.29%,364.069,370.0645
10/06/2023,364.51,355.46,365.72,354.66,75.05M,1.68%,363.6755,369.8238333333333
10/09/2023,366.37,362.11,366.92,360.59,45.30M,0.51%,363.1555,369.6155
10/10/2023,368.4,366.71,371.09,366.2,46.97M,0.55%,362.946,369.38199999999995
10/11/2023,371.03,369.75,371.22,368.0,38.22M,0.71%,362.79699999999997,369.1401666666667
10/12/2023,369.74,371.53,373.54,367.31,49.59M,-0.35%,362.43050000000005,368.87833333333333
10/13/2023,365.09,370.38,370.97,363.67,52.52M,-1.26%,362.154,368.68716666666666
10/16/2023,369.22,366.43,370.29,366.28,44.20M,1.13%,362.0915,368.58366666666666
10/17/2023,368.01,365.62,369.73,363.47,51.00M,-0.33%,362.008,368.45
10/18/2023,363.18,365.48,367.72,361.83,54.28M,-1.31%,361.94950000000006,368.1933333333333
10/19/2023,359.78,364.62,365.83,358.97,72.27M,-0.94%,362.055,367.90099999999995
10/20/2023,354.41,359.27,359.85,354.18,72.56M,-1.49%,361.8895,367.53416666666664
10/23/2023,355.48,353.07,359.07,350.94,60.67M,0.30%,361.6925,367.0708333333333
10/24/2023,358.94,357.32,359.72,355.6,47.08M,0.97%,361.9385,366.66183333333333
10/25/2023,350.16,356.51,356.69,349.57,71.19M,-2.45%,361.704,366.1213333333333
10/26/2023,343.48,348.94,349.89,342.17,78.62M,-1.91%,360.987,365.60949999999997
10/27/2023,345.13,346.25,348.66,343.9,63.48M,0.48%,360.3395,365.1351666666667
10/30/2023,349.02,347.65,350.36,346.27,55.30M,1.13%,359.73699999999997,364.75483333333335
10/31/2023,350.69,349.05,351.07,346.44,47.67M,0.48%,359.535,364.3498333333334
11/01/2023,356.77,351.54,357.34,351.44,58.99M,1.74%,359.39549999999997,364.09933333333333
11/02/2023,363.25,361.35,363.49,360.11,58.16M,1.82%,359.633,364.02483333333333
11/03/2023,367.52,364.56,368.83,364.33,53.28M,1.17%,359.7835,364.0101666666667
11/06/2023,369.02,368.3,369.59,366.72,38.85M,0.41%,359.916,364.0596666666667
11/07/2023,372.5,370.08,373.38,368.85,50.78M,0.95%,360.121,364.0986666666667
11/08/2023,372.74,372.88,373.59,370.43,35.66M,0.06%,360.2065,364.2071666666667
11/09/2023,369.88,373.44,374.6,369.38,53.86M,-0.77%,360.21349999999995,364.3326666666666
11/10/2023,378.19,371.62,378.34,371.09,58.37M,2.25%,360.86850000000004,364.66266666666667
11/13/2023,377.01,376.59,378.08,375.04,40.73M,-0.31%,361.258,364.9805
11/14/2023,385.13,383.51,386.06,382.98,67.79M,2.15%,362.114,365.3375
11/15/2023,385.42,387.05,387.55,384.03,54.14M,0.08%,363.226,365.70799999999997
11/16/2023,385.75,384.64,385.99,383.36,45.34M,0.09%,364.5245,365.98850000000004
11/17/2023,385.84,385.01,386.87,384.09,46.62M,0.02%,366.096,366.402
11/20/2023,390.53,385.85,391.2,385.85,44.54M,1.22%,367.84849999999994,366.847
11/21/2023,388.27,388.81,389.03,386.5,43.34M,-0.58%,369.315,367.20866666666666
11/22/2023,389.86,390.36,392.86,388.84,44.18M,0.41%,371.3,367.4635
11/24/2023,389.31,389.45,390.05,388.3,15.72M,-0.14%,373.5915,367.6743333333334
11/27/2023,388.97,388.81,390.94,388.08,34.14M,-0.09%,375.78349999999995,367.86066666666665
11/28/2023,389.99,388.21,390.57,387.85,35.49M,0.26%,377.832,368.0706666666667
11/29/2023,389.61,392.48,393.93,389.26,38.81M,-0.10%,379.778,368.26633333333336
11/30/2023,388.63,389.88,390.35,385.62,52.83M,-0.25%,381.371,368.5011666666667
12/01/2023,389.74,387.55,390.33,385.87,40.49M,0.29%,382.6955,368.7991666666667
12/04/2023,386.12,385.89,386.39,382.46,51.19M,-0.93%,383.6255,369.02816666666666
12/05/2023,387.09,384.19,388.3,384.01,42.93M,0.25%,384.529,369.20016666666663
12/06/2023,384.85,390.07,390.17,384.5,41.99M,-0.58%,385.1465,369.4045
12/07/2023,390.23,387.87,391.06,386.76,49.59M,1.40%,386.021,369.67483333333337
12/08/2023,391.96,388.47,392.41,388.28,46.69M,0.45%,387.125,369.923
12/11/2023,395.31,391.53,395.58,391.32,41.20M,0.85%,387.981,370.33450000000005
12/12/2023,398.46,395.35,398.58,394.2,39.22M,0.80%,389.05350000000004,370.80100000000004
12/13/2023,403.53,399.41,404.15,398.63,55.41M,1.27%,389.9735,371.36516666666665
12/14/2023,403.18,404.77,406.09,400.13,55.45M,-0.09%,390.86150000000004,372.01233333333334
12/15/2023,405.13,403.97,406.33,403.36,62.90M,0.48%,391.8305,372.80333333333334
12/18/2023,406.87,404.72,407.78,404.39,46.61M,0.43%,392.882,373.6225
12/19/2023,408.95,407.33,409.07,407.13,35.71M,0.51%,393.803,374.44800000000004
12/20/2023,402.87,408.14,410.25,402.69,54.04M,-1.49%,394.533,375.26216666666664
12/21/2023,407.56,406.85,407.93,404.26,45.57M,1.16%,395.418,376.14066666666673
12/22/2023,408.17,408.79,409.75,406.27,34.31M,0.15%,396.361,376.9798333333334
12/26/2023,410.66,409.04,411.34,408.94,22.72M,0.61%,397.44550000000004,377.85616666666664
12/27/2023,411.5,410.95,411.79,410.08,31.98M,0.20%,398.521,378.69666666666666
12/28/2023,411.3,412.67,412.92,410.94,27.03M,-0.05%,399.6055,379.6395
12/29/2023,409.52,411.28,411.64,407.58,42.66M,-0.43%,400.65,380.4721666666666
01/02/2024,402.59,405.84,406.09,400.24,58.03M,-1.69%,401.2925,381.207
01/03/2024,398.33,399.93,401.0,397.89,47.00M,-1.06%,401.903,381.77066666666667
01/04/2024,396.28,396.44,399.59,396.06,39.43M,-0.51%,402.3625,382.26916666666665
01/05/2024,396.75,396.45,399.56,395.34,44.92M,0.12%,402.9575,382.7416666666667
01/08/2024,404.95,397.99,405.24,397.84,42.47M,2.07%,403.6935,383.307
01/09/2024,405.75,401.91,406.69,401.71,39.13M,0.20%,404.383,383.9071666666667
01/10/2024,408.5,406.07,409.52,405.17,33.96M,0.68%,405.04249999999996,384.6306666666667
01/11/2024,409.35,409.79,411.2,404.24,54.54M,0.21%,405.587,385.29949999999997
01/12/2024,409.56,410.4,411.25,408.15,39.59M,0.05%,405.88849999999996,385.992
01/16/2024,409.52,408.31,411.12,406.83,43.90M,-0.01%,406.2055,386.76433333333335
01/17/2024,407.21,406.17,407.58,402.92,54.39M,-0.56%,406.3095,387.55483333333336
01/18/2024,412.99,410.52,413.58,409.16,59.56M,1.42%,406.6155,388.5311666666667
01/19/2024,421.18,415.22,421.34,414.63,70.33M,1.98%,407.227,389.6261666666667
01/22/2024,421.73,423.41,424.73,421.12,44.88M,0.13%,408.16999999999996,390.67266666666666
01/23/2024,423.48,422.43,423.7,420.57,33.00M,0.41%,408.966,391.8946666666667
01/24/2024,425.83,427.44,429.85,425.33,46.95M,0.55%,409.849,393.26716666666664
01/25/2024,426.35,428.36,429.04,423.98,44.37M,0.12%,410.6335,394.62083333333334
01/26/2024,423.81,424.44,426.21,423.15,37.14M,-0.60%,411.24899999999997,395.8673333333333
01/29/2024,428.15,424.27,428.35,423.61,38.69M,1.02%,412.0915,397.15833333333336
01/30/2024,425.3,427.1,427.68,424.38,36.74M,-0.67%,412.88050000000004,398.3005
01/31/2024,416.97,420.85,422.87,416.79,64.01M,-1.96%,413.5995,399.1958333333333
02/01/2024,421.88,418.79,422.38,417.81,51.01M,1.18%,414.77699999999993,400.10183333333333
02/02/2024,429.01,423.8,430.24,422.79,59.60M,1.69%,416.4135,401.10166666666663
02/05/2024,428.45,429.07,429.61,425.0,39.89M,-0.13%,417.9985,402.03416666666664
02/06/2024,427.59,429.61,430.22,425.22,35.85M,-0.20%,419.13050000000004,402.9483333333334
02/07/2024,431.99,430.41,432.83,429.09,37.71M,1.03%,420.4425,403.9835
02/08/2024,432.79,432.11,433.56,431.42,29.89M,0.19%,421.657,404.8935
02/09/2024,437.05,433.94,437.85,433.14,36.94M,0.98%,423.04200000000003,405.89416666666665
02/12/2024,435.34,436.94,439.14,434.65,33.20M,-0.39%,424.331,406.731
02/13/2024,428.55,427.28,431.27,425.33,64.49M,-1.56%,425.28249999999997,407.4498333333333
02/14/2024,433.22,431.26,433.65,428.88,45.09M,1.09%,426.58299999999997,408.241
02/15/2024,434.51,433.92,434.98,431.33,38.80M,0.30%,427.659,409.05216666666666
02/16/2024,430.57,434.89,434.99,429.85,53.72M,-0.91%,428.1285,409.71950000000004
02/20/2024,427.32,428.55,430.08,423.5,54.00M,-0.75%,428.408,410.37033333333335
02/21/2024,425.61,424.55,425.7,421.63,50.18M,-0.40%,428.51449999999994,410.9661666666667
02/22/2024,438.07,434.49,439.12,433.71,53.89M,2.93%,429.1265,411.77883333333335
02/23/2024,436.78,439.65,440.59,435.79,39.85M,-0.29%,429.648,412.5756666666667
02/26/2024,436.55,437.6,438.6,436.36,33.04M,-0.05%,430.285,413.35166666666663
02/27/2024,437.6,437.67,437.99,435.02,33.71M,0.24%,430.7575,414.1515
02/28/2024,435.27,435.43,436.67,434.3,32.94M,-0.53%,431.25600000000003,414.92883333333333
02/29/2024,439.0,438.23,440.09,435.02,42.50M,0.86%,432.3575000000001,415.7498333333333
03/01/2024,445.61,439.9,446.58,439.84,43.85M,1.51%,433.544,416.74133333333333
03/04/2024,444.02,445.61,446.04,443.77,34.33M,-0.36%,434.29449999999997,417.69016666666664
03/05/2024,436.05,440.94,440.95,433.65,57.92M,-1.79%,434.6745000000001,418.54349999999994
03/06/2024,438.79,440.32,441.99,436.89,46.23M,0.63%,435.2345,419.3528333333333
03/07/2024,445.45,442.42,446.72,440.86,44.53M,1.52%,435.9075000000001,420.2443333333333
03/08/2024,439.02,445.81,448.64,438.34,72.10M,-1.44%,436.21899999999994,420.9728333333333
03/11/2024,437.39,437.51,438.66,435.44,45.86M,-0.37%,436.23600000000005,421.62166666666667
03/12/2024,443.66,439.73,444.02,436.46,55.30M,1.43%,436.65200000000004,422.2905
03/13/2024,440.25,442.65,442.67,439.12,37.93M,-0.77%,437.23699999999997,422.90833333333336
03/14/2024,439.14,441.5,442.03,436.39,52.20M,-0.25%,437.533,423.47516666666667
03/15/2024,433.92,436.07,438.87,432.74,73.07M,-1.19%,437.5035,423.92600000000004
03/18/2024,437.48,438.73,441.04,437.24,47.32M,0.82%,437.849,424.4015
03/19/2024,438.57,435.45,438.98,433.33,43.00M,0.25%,438.4115,424.9965
03/20/2024,443.77,439.78,444.11,438.06,43.65M,1.19%,439.31949999999995,425.6
03/21/2024,445.87,448.88,449.34,445.67,39.35M,0.47%,439.70950000000005,426.22833333333335
03/22/2024,446.38,445.35,447.49,444.49,28.25M,0.11%,440.18949999999995,426.8236666666667
03/25/2024,444.76,443.55,446.26,442.54,27.79M,-0.36%,440.6,427.378
03/26/2024,443.32,446.3,447.23,443.09,34.14M,-0.32%,440.88599999999997,427.9116666666667
03/27/2024,444.83,446.44,446.54,441.93,41.36M,0.34%,441.3639999999999,428.5001666666667
03/28/2024,444.01,444.78,445.64,443.65,36.84M,-0.18%,441.61449999999996,429.1905
04/01/2024,444.95,444.97,447.53,443.02,38.73M,0.21%,441.58150000000006,429.9675
04/02/2024,441.11,440.08,441.43,438.03,44.26M,-0.86%,441.436,430.7146666666667
04/03/2024,442.1,438.96,444.0,438.95,39.95M,0.22%,441.73849999999993,431.4705
04/04/2024,435.34,446.33,446.95,435.11,57.27M,-1.53%,441.566,431.977
04/05/2024,440.47,436.78,443.17,435.96,54.74M,1.18%,441.317,432.5556666666667
04/08/2024,440.6,441.41,442.5,439.2,28.14M,0.03%,441.396,433.09066666666666
04/09/2024,442.23,442.96,443.24,437.44,39.52M,0.37%,441.63800000000003,433.63866666666667
04/10/2024,438.37,437.0,439.24,436.28,61.50M,-0.87%,441.3735,434.1188333333333
04/11/2024,445.37,440.26,446.33,437.96,45.47M,1.60%,441.6295,434.71633333333335
04/12/2024,438.27,441.1,442.24,436.88,53.66M,-1.59%,441.58599999999996,435.23400000000004
04/15/2024,431.06,442.06,442.15,430.21,63.45M,-1.65%,441.44300000000004,435.53516666666667
04/16/2024,431.1,430.9,433.76,429.7,47.62M,0.01%,441.1240000000001,435.7005
04/17/2024,425.84,433.1,433.12,424.9,56.88M,-1.22%,440.4875,435.769
04/18/2024,423.41,426.49,428.24,422.83,46.55M,-0.57%,439.46950000000004,435.76783333333333
04/19/2024,414.65,422.22,422.75,413.07,75.23M,-2.07%,437.9085,435.5815
04/22/2024,418.82,417.31,421.18,413.94,47.81M,1.01%,436.5305,435.456
04/23/2024,425.07,420.77,426.28,418.87,44.38M,1.49%,435.546,435.47700000000003
04/24/2024,426.51,428.2,429.73,424.2,48.44M,0.34%,434.70550000000003,435.44966666666664
04/25/2024,424.45,419.24,425.32,418.14,57.39M,-0.48%,433.6865000000001,435.4355
04/26/2024,431.0,427.62,432.55,426.92,41.87M,1.54%,433.03600000000006,435.6693333333333
04/29/2024,432.75,433.13,433.76,429.98,30.02M,0.41%,432.42600000000004,435.85049999999995
04/30/2024,424.59,431.15,432.56,424.51,43.67M,-1.89%,431.6,435.77683333333334
05/01/2024,421.52,423.15,430.14,420.66,52.25M,-0.72%,430.571,435.66133333333335
05/02/2024,426.9,425.3,427.81,420.63,36.56M,1.28%,430.149,435.6498333333333
05/03/2024,435.48,434.44,436.48,432.62,48.52M,2.01%,429.8995,435.70799999999997
05/06/2024,440.25,437.3,440.34,436.52,30.23M,1.10%,429.88199999999995,435.83233333333334
05/07/2024,440.32,440.7,441.97,439.58,31.00M,0.02%,429.7865,435.88683333333336
05/08/2024,440.06,437.67,441.48,437.55,24.90M,-0.06%,429.871,435.9655
05/09/2024,441.02,440.33,441.6,438.46,24.58M,0.22%,429.6535,436.17333333333335
05/10/2024,442.06,442.54,444.31,440.5,27.12M,0.24%,429.843,436.3206666666667
05/13/2024,443.08,443.99,444.09,441.65,22.99M,0.23%,430.4440000000001,436.46349999999995
05/14/2024,445.93,442.65,446.46,442.46,34.48M,0.64%,431.18549999999993,436.7195
05/15/2024,452.9,448.43,453.15,446.9,41.46M,1.56%,432.5385,437.1458333333333
05/16/2024,451.98,452.71,454.69,451.81,34.78M,-0.20%,433.967,437.5853333333333
05/17/2024,451.76,452.11,452.72,449.54,35.80M,-0.05%,435.82250000000005,437.8135
05/20/2024,454.91,451.98,455.58,451.79,24.47M,0.70%,437.62700000000007,438.11566666666664
05/21/2024,455.8,453.04,455.99,452.84,23.17M,0.20%,439.16349999999994,438.4365
05/22/2024,455.71,456.06,456.82,453.08,25.12M,-0.02%,440.62350000000004,438.73833333333334
05/23/2024,453.66,460.55,460.58,451.85,40.90M,-0.45%,442.084,439.0448333333334
05/24/2024,457.95,455.29,459.23,453.57,29.67M,0.95%,443.43149999999997,439.3606666666667
05/28/2024,459.68,459.18,459.74,456.69,26.22M,0.38%,444.77799999999996,439.5951666666667
05/29/2024,456.44,455.48,458.24,455.34,29.74M,-0.70%,446.3705,439.80216666666666
05/30/2024,451.55,455.5,455.64,450.21,30.71M,-1.07%,447.87199999999996,440.0605
05/31/2024,450.71,451.78,452.48,443.05,55.94M,-0.19%,449.0625,440.25916666666666
06/03/2024,453.13,454.57,455.58,447.9,33.00M,0.54%,449.945,440.38716666666664
06/04/2024,454.37,452.87,455.58,451.13,23.77M,0.27%,450.651,440.643
06/05/2024,463.53,457.98,463.61,454.41,33.82M,2.02%,451.81149999999997,441.07866666666666
06/06/2024,463.37,464.22,464.54,462.19,21.97M,-0.03%,452.977,441.4071666666667
06/07/2024,462.96,463.0,465.74,461.84,25.83M,-0.09%,454.07400000000007,441.78566666666666
06/10/2024,464.83,461.82,465.19,461.53,20.72M,0.40%,455.2125,442.21383333333335
06/11/2024,468.02,463.54,468.14,462.03,22.05M,0.69%,456.45949999999993,442.7821666666667
06/12/2024,474.15,471.99,476.5,471.29,34.53M,1.31%,457.8705,443.3933333333333
06/13/2024,476.72,477.72,478.39,474.42,25.86M,0.54%,459.06149999999997,444.02916666666664
06/14/2024,479.19,476.52,479.26,476.05,23.37M,0.52%,460.422,444.61949999999996
06/17/2024,485.06,479.46,486.86,478.14,37.05M,1.22%,462.087,445.2726666666667
06/18/2024,485.21,485.01,485.9,483.43,24.44M,0.03%,463.602,445.9198333333333
06/20/2024,481.47,486.42,486.84,479.62,33.92M,-0.77%,464.88550000000004,446.5316666666667
06/21/2024,480.18,481.19,482.54,478.67,39.43M,-0.27%,466.10900000000004,447.146
06/24/2024,473.96,478.18,479.93,473.82,37.75M,-1.30%,467.12399999999997,447.6315
06/25/2024,479.38,476.07,479.68,475.12,29.25M,1.14%,468.1955,448.22100000000006
06/26/2024,480.37,478.55,480.92,478.13,22.74M,0.21%,469.23,448.8113333333333
06/27/2024,481.61,480.12,483.1,479.3,26.22M,0.26%,470.48850000000004,449.48633333333333
06/28/2024,479.11,482.41,487.2,478.46,34.88M,-0.52%,471.8665,450.1031666666667
07/01/2024,481.92,480.04,482.49,476.26,24.90M,0.59%,473.42699999999996,450.8795
07/02/2024,486.98,480.41,487.04,480.28,26.72M,1.05%,475.1195000000001,451.6546666666666
07/03/2024,491.04,486.22,491.17,486.22,18.06M,0.83%,476.953,452.49533333333335
07/05/2024,496.16,491.89,496.6,491.59,28.50M,1.04%,478.58449999999993,453.3941666666667
07/08/2024,497.34,496.53,497.89,495.5,22.11M,0.24%,480.283,454.377
07/09/2024,497.77,498.87,500.0,496.24,25.70M,0.09%,482.02349999999996,455.25033333333334
07/10/2024,502.96,499.71,503.52,498.39,28.05M,1.04%,483.92999999999995,456.32849999999996
07/11/2024,491.93,503.07,503.28,490.73,49.97M,-2.19%,485.1255,457.343
07/12/2024,494.82,492.51,499.62,492.04,37.11M,0.59%,486.159,458.405
07/15/2024,496.15,496.61,501.01,494.09,31.15M,0.27%,487.13050000000004,459.57683333333335
07/16/2024,496.34,497.62,498.44,493.15,25.95M,0.04%,487.98799999999994,460.7923333333334
07/17/2024,481.77,488.28,488.8,481.7,56.27M,-2.94%,487.82349999999997,461.91099999999994
07/18/2024,479.49,485.53,485.71,476.27,49.35M,-0.47%,487.5375,462.9221666666666
07/19/2024,475.24,479.15,481.69,473.94,42.04M,-0.89%,487.22599999999994,463.7583333333333
07/22/2024,482.32,481.16,483.35,477.71,40.30M,1.49%,487.33299999999997,464.68850000000003
07/23/2024,480.62,481.41,484.43,480.14,23.28M,-0.35%,487.666,465.62466666666666
07/24/2024,463.38,473.82,474.19,462.51,58.82M,-3.59%,486.8660000000001,466.16433333333333
07/25/2024,458.27,463.72,467.94,455.63,59.26M,-1.10%,485.76099999999997,466.5896666666667
07/26/2024,462.97,462.65,465.93,459.77,39.99M,1.03%,484.829,467.22933333333333
07/29/2024,463.9,465.71,467.91,461.61,28.22M,0.20%,484.06850000000003,467.93566666666663
07/30/2024,457.53,465.85,466.56,454.15,41.32M,-1.37%,482.84900000000005,468.44616666666667
07/31/2024,471.07,467.87,472.79,466.41,44.55M,2.96%,482.0535,469.03933333333333
08/01/2024,459.66,471.76,475.55,455.98,56.65M,-2.42%,480.4845,469.36283333333336
08/02/2024,448.75,450.89,453.57,444.47,66.32M,-2.37%,478.11400000000003,469.5033333333333
08/05/2024,435.37,424.71,442.29,423.45,87.48M,-2.98%,475.0155,469.4251666666667
08/06/2024,439.53,437.23,447.07,434.56,63.16M,0.96%,472.1035,469.4003333333333
08/07/2024,434.77,446.49,449.0,434.37,54.93M,-1.08%,468.6940000000001,469.27883333333335
08/08/2024,448.07,441.06,448.99,437.15,47.89M,3.06%,466.50100000000003,469.362
08/09/2024,450.41,446.74,452.06,445.61,33.57M,0.52%,464.2805,469.43666666666667
08/12/2024,451.38,451.39,454.37,448.55,27.80M,0.22%,462.0419999999999,469.41133333333335
08/13/2024,462.58,455.82,462.85,455.68,40.08M,2.48%,460.354,469.58799999999997
08/14/2024,462.73,463.51,465.11,458.4,34.73M,0.03%,459.40200000000004,469.7708333333333
08/15/2024,474.42,468.76,474.82,468.38,38.28M,2.53%,459.14850000000007,470.09600000000006
08/16/2024,475.03,472.62,476.41,471.65,38.38M,0.13%,459.13800000000003,470.4165
08/19/2024,481.27,475.17,481.31,473.37,23.74M,1.31%,459.08549999999997,470.8425
08/20/2024,480.26,480.35,482.94,478.55,29.21M,-0.21%,459.0675,471.2858333333333
08/21/2024,482.5,481.05,484.37,479.32,25.66M,0.47%,460.02349999999996,471.69499999999994
08/22/2024,474.85,484.84,485.54,473.81,37.74M,-1.59%,460.8525000000001,471.94783333333334
08/23/2024,480.0,479.24,482.74,475.28,36.06M,1.08%,461.704,472.3405
08/26/2024,475.34,479.45,480.38,473.24,27.45M,-0.97%,462.276,472.737
08/27/2024,476.76,473.69,477.84,471.71,27.51M,0.30%,463.2375,473.1711666666667
08/28/2024,471.35,476.29,477.02,467.89,37.37M,-1.13%,463.25149999999996,473.4748333333334
08/29/2024,470.66,473.28,477.93,469.37,41.08M,-0.15%,463.8014999999999,473.7463333333334
08/30/2024,476.27,475.04,476.9,470.51,33.47M,1.19%,465.17749999999995,473.9586666666666
09/03/2024,461.81,473.2,473.33,459.41,44.99M,-3.04%,466.4995,473.93266666666665
09/04/2024,460.61,458.67,464.45,457.73,32.51M,-0.26%,467.5535,473.8935
09/05/2024,461.04,458.97,465.36,457.94,34.45M,0.09%,468.867,473.83033333333333
09/06/2024,448.69,460.33,461.22,448.19,50.62M,-2.68%,468.89799999999997,473.5081666666666
09/09/2024,454.46,453.06,455.46,449.82,32.98M,1.29%,469.1005,473.18
09/10/2024,458.66,456.24,459.17,452.23,29.68M,0.92%,469.46450000000004,472.87899999999996
09/11/2024,468.62,459.91,469.37,451.28,57.84M,2.17%,469.76650000000006,472.7028333333334
09/12/2024,473.22,468.65,474.04,466.85,40.18M,0.98%,470.291,472.5055
09/13/2024,475.34,472.48,476.53,472.25,29.11M,0.45%,470.337,472.341
09/16/2024,473.24,473.19,473.86,469.89,22.59M,-0.44%,470.24750000000006,472.2038333333333
09/17/2024,473.49,476.29,477.6,470.97,30.08M,0.05%,469.8585,472.0923333333333
09/18/2024,471.44,474.7,478.83,470.83,39.91M,-0.43%,469.4175,472.05033333333336
09/19/2024,483.36,482.61,486.23,480.49,52.78M,2.53%,469.46049999999997,472.1166666666667
09/20/2024,482.44,482.49,483.69,478.3,34.58M,-0.19%,469.84,472.15116666666665
09/23/2024,483.04,482.95,484.14,481.6,24.84M,0.12%,469.992,472.175
09/24/2024,485.37,484.46,486.33,480.17,25.95M,0.48%,470.4934999999999,472.2793333333333
09/25/2024,485.82,484.74,487.79,484.56,26.55M,0.09%,470.9464999999999,472.34433333333334
09/26/2024,489.47,493.37,493.7,485.8,32.02M,0.75%,471.8525000000001,472.3858333333334
09/27/2024,486.75,490.5,490.64,485.56,22.85M,-0.56%,472.65700000000004,472.31433333333337
09/30/2024,488.07,485.78,488.41,482.92,30.33M,0.27%,473.247,472.1795
10/01/2024,481.27,487.7,488.0,477.4,42.74M,-1.39%,474.2200000000001,471.9116666666667
10/02/2024,481.95,480.36,483.88,477.72,23.74M,0.14%,475.287,471.648
10/03/2024,481.59,479.74,484.55,478.99,25.34M,-0.07%,476.31449999999995,471.29183333333333
10/04/2024,487.32,487.45,487.88,482.39,30.74M,1.19%,478.246,471.21500000000003
10/07/2024,482.1,485.39,486.57,480.87,24.98M,-1.07%,479.628,471.003
10/08/2024,489.3,484.66,489.99,483.85,28.27M,1.49%,481.16,470.8888333333333
10/09/2024,493.15,489.0,493.73,487.95,24.99M,0.79%,482.38649999999996,470.83566666666667
10/10/2024,492.59,490.85,494.47,489.53,25.75M,-0.11%,483.355,471.016
10/11/2024,493.36,490.74,494.39,490.17,20.64M,0.16%,484.256,471.2471666666667
10/14/2024,497.5,495.77,498.83,495.26,26.06M,0.84%,485.46899999999994,471.6181666666667
10/15/2024,490.85,497.83,498.5,488.68,34.78M,-1.34%,486.337,471.76033333333334
10/16/2024,490.91,491.18,491.69,487.57,23.00M,0.01%,487.31049999999993,471.9318333333333
10/17/2024,491.25,496.44,496.49,491.19,27.21M,0.07%,487.70500000000004,472.3963333333333
10/18/2024,494.47,494.06,495.57,493.3,25.34M,0.66%,488.3065,472.99966666666666
10/21/2024,495.42,493.25,496.23,491.31,30.34M,0.19%,488.9255,473.5405
10/22/2024,495.96,492.73,497.45,491.97,26.69M,0.11%,489.45500000000004,474.0748333333333
10/23/2024,488.36,493.59,494.25,485.05,39.35M,-1.53%,489.58200000000005,474.58866666666665
10/24/2024,492.32,492.11,493.0,489.44,22.02M,0.81%,489.7245,474.94283333333334
10/25/2024,495.32,495.14,500.28,494.43,38.76M,0.61%,490.15299999999996,475.5371666666667
10/28/2024,495.4,498.46,498.52,495.1,20.48M,0.02%,490.5195,476.3146666666667
10/29/2024,500.16,495.72,501.35,493.85,28.01M,0.96%,491.46399999999994,477.3945
10/30/2024,496.38,499.39,500.35,495.89,29.76M,-0.76%,492.18550000000005,478.342
10/31/2024,483.85,492.38,492.43,483.75,41.25M,-2.52%,492.29850000000005,479.15999999999997
11/01/2024,487.43,485.5,490.75,485.2,33.66M,0.74%,492.304,479.816
11/04/2024,486.01,486.82,489.38,484.25,23.29M,-0.29%,492.4995,480.40933333333334
11/05/2024,492.21,487.61,492.88,487.52,24.35M,1.28%,492.645,481.08983333333333
11/06/2024,505.58,500.56,506.41,499.6,43.08M,2.72%,493.2665,481.80649999999997
11/07/2024,513.54,508.4,514.33,508.34,32.85M,1.57%,494.31399999999996,482.65333333333336
11/08/2024,514.14,513.03,514.92,512.41,22.92M,0.12%,495.35300000000007,483.3153333333333
11/11/2024,513.84,515.37,515.58,510.92,24.17M,-0.06%,496.1700000000001,483.96216666666663
11/12/2024,512.91,513.77,514.66,509.83,25.84M,-0.18%,497.273,484.48949999999996
11/13/2024,512.25,512.4,514.98,509.95,24.57M,-0.13%,498.34000000000003,485.0226666666667
11/14/2024,508.69,511.91,512.79,507.77,28.68M,-0.69%,499.212,485.4591666666667
11/15/2024,496.57,502.94,503.33,494.49,51.46M,-2.38%,499.317,485.82116666666667
11/18/2024,500.02,498.13,502.14,496.73,27.19M,0.69%,499.5469999999999,486.15483333333333
11/19/2024,503.46,497.42,503.95,497.08,24.52M,0.69%,499.922,486.6235
11/20/2024,503.17,503.16,503.48,496.55,29.57M,-0.06%,500.6625,487.0636666666667
11/21/2024,504.98,506.24,506.96,497.56,34.53M,0.36%,501.2955,487.6241666666666
11/22/2024,505.79,504.42,506.53,502.78,23.83M,0.16%,501.8190000000001,488.20966666666664
11/25/2024,506.59,509.9,511.45,504.26,26.38M,0.16%,502.3785,488.71500000000003
11/26/2024,509.31,508.08,510.14,507.23,26.56M,0.54%,502.83600000000007,489.5066666666667
11/27/2024,505.3,508.17,508.24,501.93,24.96M,-0.79%,503.282,490.2515
11/29/2024,509.74,505.93,510.34,505.31,15.33M,0.88%,504.57649999999995,491.0631666666667
12/02/2024,515.29,511.01,516.26,510.62,25.15M,1.09%,505.96950000000004,492.17316666666665
12/03/2024,516.87,513.95,517.15,513.37,18.60M,0.31%,507.5125,493.21333333333337
12/04/2024,523.26,520.32,523.52,519.6,26.09M,1.24%,509.06499999999994,494.29
12/05/2024,521.81,523.31,524.04,521.42,18.17M,-0.28%,509.87649999999996,495.1765
12/06/2024,526.48,522.48,526.72,522.35,23.76M,0.89%,510.52350000000007,496.0641666666667
12/09/2024,522.38,525.55,526.35,521.22,20.67M,-0.78%,510.93549999999993,496.84816666666666
12/10/2024,520.6,523.62,525.38,519.16,24.35M,-0.34%,511.27349999999996,497.6375
12/11/2024,529.92,525.0,530.61,524.59,32.17M,1.79%,512.124,498.57800000000003
12/12/2024,526.5,527.68,528.96,526.02,23.58M,-0.65%,512.8365,499.49566666666664
12/13/2024,530.53,530.46,533.17,527.3,28.78M,0.77%,513.9285,500.28183333333334
12/16/2024,538.17,533.08,539.15,533.0,31.98M,1.44%,516.0084999999999,501.21066666666667
12/17/2024,535.8,536.36,537.48,534.13,28.58M,-0.44%,517.7975,502.09
12/18/2024,516.47,535.15,536.88,515.01,54.70M,-3.61%,518.448,502.60833333333335
12/19/2024,514.17,521.19,521.76,513.83,46.44M,-0.45%,518.9979999999999,503.0808333333333
12/20/2024,518.66,510.44,524.82,509.29,60.53M,0.87%,519.682,503.5673333333333
12/23/2024,522.87,519.55,523.25,516.13,29.67M,0.81%,520.536,504.1693333333333
12/24/2024,529.96,524.83,530.05,524.19,17.56M,1.36%,521.7045,504.8675
12/26/2024,529.6,528.32,531.24,526.31,19.14M,-0.07%,522.7189999999999,505.67299999999994
12/27/2024,522.56,526.01,526.45,517.86,33.84M,-1.33%,523.582,506.3498333333333
12/30/2024,515.61,515.51,519.36,511.83,34.58M,-1.33%,523.8755,506.9168333333334
12/31/2024,511.23,516.9,517.66,510.26,29.12M,-0.85%,523.6724999999999,507.3153333333333
01/02/2025,510.23,514.3,516.64,505.71,36.39M,-0.20%,523.3405,507.78416666666664
01/03/2025,518.58,513.35,519.65,512.53,29.06M,1.64%,523.1065000000001,508.2721666666667
01/06/2025,524.54,524.02,527.92,522.03,36.11M,1.15%,523.243,508.7953333333333
01/07/2025,515.18,525.59,525.99,513.28,36.69M,-1.78%,522.678,509.17183333333327
01/08/2025,515.27,515.08,516.92,510.57,30.78M,0.02%,522.3225,509.537
01/10/2025,507.19,511.48,511.58,503.92,40.53M,-1.57%,521.6519999999999,509.6985
01/13/2025,505.56,501.2,506.02,499.7,31.69M,-0.32%,520.434,509.9436666666667
01/14/2025,505.08,508.74,510.15,501.59,33.74M,-0.09%,519.363,510.17983333333336
01/15/2025,516.7,513.03,517.85,511.46,34.96M,2.30%,518.6714999999999,510.604
01/16/2025,513.08,518.98,519.06,512.95,28.23M,-0.70%,517.417,510.91416666666663
01/17/2025,521.74,522.85,524.07,513.11,51.84M,1.69%,516.7139999999999,511.35283333333336
01/21/2025,524.8,524.48,525.97,520.06,23.63M,0.59%,517.1305,511.8335
01/22/2025,531.51,529.57,533.82,529.26,33.59M,1.28%,517.9975000000001,512.5526666666667
01/23/2025,532.64,529.04,532.76,528.45,23.10M,0.21%,518.6965,513.2246666666666
01/24/2025,529.63,533.02,533.79,528.15,19.88M,-0.57%,519.0345,513.7965
01/27/2025,514.21,511.0,517.99,510.15,60.77M,-2.91%,518.2470000000001,514.11
01/28/2025,521.81,515.22,523.0,511.78,33.19M,1.48%,517.8575,514.4708333333333
01/29/2025,520.83,522.46,522.59,516.9,26.65M,-0.19%,517.771,514.8783333333333
01/30/2025,523.05,523.71,526.09,518.21,27.43M,0.43%,518.143,515.5316666666666
01/31/2025,522.29,526.92,531.52,521.19,38.85M,-0.15%,518.696,516.1126666666667
02/03/2025,518.11,513.47,520.85,511.05,40.58M,-0.80%,519.0899999999999,516.6476666666666
02/04/2025,524.47,518.63,525.11,518.23,26.05M,1.23%,519.3844999999999,517.1853333333333
02/05/2025,526.85,521.82,527.01,520.62,21.13M,0.45%,519.5,517.5398333333334
02/06/2025,529.6,527.36,529.81,525.74,19.43M,0.52%,520.221,517.8075
02/07/2025,522.92,530.14,532.1,522.19,29.61M,-1.26%,520.6034999999999,517.9538333333334
02/10/2025,529.25,527.22,530.36,526.75,20.85M,1.21%,521.7065,518.2106666666666
02/11/2025,527.99,525.96,529.92,525.83,19.33M,-0.24%,522.828,518.462
02/12/2025,528.3,522.3,529.19,521.95,25.01M,0.06%,523.9889999999999,518.7295
02/13/2025,535.9,529.98,536.22,529.19,28.71M,1.44%,524.949,519.183
02/14/2025,538.15,536.01,538.84,535.67,17.86M,0.42%,526.2025000000001,519.876
02/18/2025,539.37,539.73,540.0,536.04,20.57M,0.23%,527.0840000000001,520.5318333333332
02/19/2025,539.52,538.57,540.81,536.46,19.67M,0.03%,527.8199999999999,521.1328333333333
02/20/2025,537.23,538.73,539.1,532.46,26.55M,-0.42%,528.106,521.7005
02/21/2025,526.08,538.38,538.4,525.71,47.09M,-2.08%,527.778,522.0521666666667
02/24/2025,519.87,527.88,529.07,519.53,39.27M,-1.18%,527.2900000000001,522.2868333333333
02/25/2025,513.32,519.24,519.32,509.44,48.94M,-1.26%,527.2455,522.399
02/26/2025,514.56,515.53,519.66,511.37,34.46M,0.24%,526.883,522.4865
02/27/2025,500.27,518.13,519.07,500.05,52.45M,-2.78%,525.855,522.4026666666666
02/28/2025,508.17,500.13,508.78,496.93,47.65M,1.58%,525.111,522.3765
03/03/2025,497.05,511.52,513.04,493.58,44.59M,-2.19%,523.8489999999999,522.0725
03/04/2025,495.55,494.18,503.74,487.73,67.88M,-0.30%,522.721,521.7171666666667
03/05/2025,502.01,496.2,503.63,491.26,46.32M,1.30%,521.5980000000001,521.3629999999999
03/06/2025,488.2,493.69,498.58,486.2,57.57M,-2.75%,519.6655,520.8028333333333
03/07/2025,491.79,487.16,493.28,480.53,54.71M,0.74%,517.775,520.2246666666666
03/10/2025,472.73,483.45,483.97,468.66,76.67M,-3.88%,515.2655,519.3971666666667
03/11/2025,471.6,472.35,478.8,467.01,68.76M,-0.24%,512.383,518.5804999999999
03/12/2025,476.92,479.16,481.06,471.79,46.97M,1.13%,509.8295,517.6971666666667
03/13/2025,468.34,476.25,476.28,466.43,46.56M,-1.80%,506.83150000000006,516.7278333333334
03/14/2025,479.66,473.73,480.56,473.12,43.56M,2.42%,504.01950000000005,515.88
03/17/2025,482.77,479.61,485.84,477.8,41.74M,0.65%,501.2505,514.9566666666667
03/18/2025,474.54,479.41,479.61,472.41,39.07M,-1.70%,498.009,513.9356666666666
03/19/2025,480.89,476.81,485.33,474.87,40.43M,1.34%,495.0775,513.3426666666667
03/20/2025,479.26,476.88,484.55,476.18,36.78M,-0.34%,492.179,512.7608333333334
03/21/2025,480.84,474.08,481.61,472.9,42.23M,0.33%,489.91700000000003,512.1305
03/24/2025,490.66,487.74,491.51,484.4,34.57M,2.04%,488.45649999999995,511.59366666666665
03/25/2025,493.46,491.39,493.62,490.42,26.04M,0.57%,487.4635,510.9853333333333
03/26/2025,484.38,492.3,493.16,482.82,35.04M,-1.84%,485.9545,510.2316666666667
03/27/2025,481.62,482.41,486.58,480.25,33.47M,-0.57%,485.02200000000005,509.5493333333333
03/28/2025,468.94,479.81,480.52,468.05,46.36M,-2.63%,483.06049999999993,508.7715
03/31/2025,468.92,461.92,469.86,457.33,53.00M,0.00%,481.654,508.0663333333333
04/01/2025,472.7,467.3,473.63,464.42,41.16M,0.81%,480.51149999999996,507.44083333333333
04/02/2025,476.15,466.12,479.56,465.86,49.89M,0.73%,479.21849999999995,506.73366666666664
04/03/2025,450.66,456.44,460.07,450.14,70.46M,-5.35%,477.3415,505.5023333333334
04/04/2025,422.67,438.14,440.37,422.67,117.09M,-6.21%,473.8855,503.9605
04/07/2025,423.69,408.66,443.14,402.39,161.56M,0.24%,471.4335,502.43416666666667
04/08/2025,416.06,438.16,443.14,409.79,101.25M,-1.80%,468.65649999999994,500.9153333333333
04/09/2025,466.0,415.57,467.83,415.43,142.88M,12.00%,468.11049999999994,500.25600000000003
04/10/2025,446.18,453.56,455.59,432.63,108.38M,-4.25%,467.00249999999994,499.27433333333335
04/11/2025,454.4,444.65,455.79,441.33,52.48M,1.84%,465.73949999999996,498.23600000000005
04/14/2025,457.48,464.46,465.05,452.63,43.94M,0.68%,464.475,497.30933333333337
04/15/2025,457.99,458.54,462.38,456.15,35.40M,0.11%,463.64750000000004,496.2468333333333
04/16/2025,444.18,449.03,452.62,437.76,48.98M,-3.02%,461.81200000000007,494.90316666666666
04/17/2025,444.1,447.17,447.75,441.36,44.84M,-0.02%,460.054,493.44633333333337
04/21/2025,433.11,438.23,439.08,427.93,44.15M,-2.47%,457.6675,491.7875
04/22/2025,444.48,438.82,447.58,437.62,52.30M,2.63%,455.3585,490.3683333333334
04/23/2025,454.56,458.17,463.38,452.88,55.80M,2.27%,453.4135,489.37416666666667
04/24/2025,467.35,456.48,467.66,455.83,45.96M,2.81%,452.562,488.46650000000005
04/25/2025,472.56,466.97,473.09,465.39,38.70M,1.11%,452.10900000000004,487.66200000000003
04/28/2025,472.41,473.03,474.81,466.03,33.55M,-0.03%,452.2825000000001,486.818
04/29/2025,475.53,470.17,476.42,469.59,30.61M,0.66%,452.613,486.0386666666667
04/30/2025,475.47,467.13,477.2,462.43,46.81M,-0.01%,452.7515,485.32800000000003
05/01/2025,481.68,483.41,487.18,480.74,43.32M,1.31%,453.0280000000001,484.6148333333333
05/02/2025,488.83,486.54,490.91,484.83,39.22M,1.48%,454.9365000000001,483.9811666666667
05/05/2025,485.93,484.6,489.03,484.1,28.31M,-0.59%,458.0995,483.25333333333333
05/06/2025,481.41,479.56,485.05,478.19,32.79M,-0.93%,460.98550000000006,482.5615
05/07/2025,483.3,482.08,485.8,476.78,38.11M,0.39%,464.3475,481.7956666666667
05/08/2025,488.29,488.53,492.7,484.17,39.58M,1.03%,465.4620000000001,481.134
05/09/2025,487.97,490.21,491.54,486.2,27.77M,-0.07%,467.55150000000003,480.46183333333335
05/12/2025,507.85,506.99,507.89,501.48,45.09M,4.07%,470.22400000000005,479.9943333333333
05/13/2025,515.59,509.16,517.39,508.42,53.27M,1.52%,473.1295,479.6183333333334
05/14/2025,518.68,516.77,519.23,515.75,47.01M,0.60%,476.16399999999993,479.27350000000007
05/15/2025,519.25,516.52,521.93,515.17,50.15M,0.11%,479.9174999999999,478.9356666666667
05/16/2025,521.51,520.66,521.7,517.1,48.39M,0.44%,483.788,478.6736666666667
05/19/2025,522.01,514.24,522.53,514.24,52.54M,0.10%,488.233,478.6058333333333
05/20/2025,520.27,519.47,520.93,516.66,42.52M,-0.33%,492.02250000000004,478.6125
05/21/2025,513.04,516.27,523.0,511.24,71.29M,-1.39%,494.9464999999999,478.60783333333336
05/22/2025,514.0,513.66,517.71,512.3,55.61M,0.19%,497.279,478.5985
05/23/2025,509.24,506.18,511.84,505.58,58.37M,-0.93%,499.113,478.748
05/27/2025,521.22,516.15,521.71,514.59,47.23M,2.35%,501.5535,478.9655
05/28/2025,518.91,522.18,523.68,518.39,46.64M,-0.44%,503.7225,479.3298333333333
05/29/2025,519.93,526.33,526.48,517.32,58.72M,0.20%,505.9455,479.73616666666663
05/30/2025,519.11,519.44,520.68,511.93,67.66M,-0.16%,507.817,480.02116666666666
06/02/2025,523.21,517.24,523.45,515.97,44.76M,0.79%,509.53599999999994,480.6046666666667
06/03/2025,527.3,523.56,528.74,522.69,44.07M,0.78%,511.60450000000003,481.1965
06/04/2025,528.77,528.01,529.84,525.97,41.36M,0.28%,513.9725,482.1305
06/05/2025,524.79,530.18,533.05,522.66,61.29M,-0.75%,516.047,483.017
06/06/2025,529.92,530.0,531.8,528.21,42.47M,0.98%,518.1285,483.9003333333333
06/09/2025,530.7,530.14,532.35,529.01,33.69M,0.15%,520.265,484.9396666666666
06/10/2025,534.21,531.17,534.9,528.89,40.66M,0.66%,521.583,485.84883333333335
06/11/2025,532.41,535.62,536.78,530.11,53.70M,-0.34%,522.424,486.6761666666667
06/12/2025,533.66,531.09,534.64,530.84,34.10M,0.23%,523.173,487.66150000000005
06/13/2025,526.96,527.68,531.87,525.73,55.81M,-1.26%,523.5585,488.4293333333333
06/16/2025,534.29,530.5,535.37,530.45,37.62M,1.39%,524.1975,489.3465
06/17/2025,529.08,531.71,533.33,527.91,42.18M,-0.98%,524.551,490.15049999999997
06/18/2025,528.99,530.1,532.55,527.4,43.98M,-0.02%,524.987,490.78933333333333
06/20/2025,526.83,532.26,533.56,524.88,61.64M,-0.41%,525.6765,491.3455
06/23/2025,531.65,526.81,532.17,523.65,50.67M,0.91%,526.559,492.1333333333333
06/24/2025,539.78,536.89,540.7,536.27,45.44M,1.53%,528.086,493.10266666666666
06/25/2025,541.16,542.06,543.31,539.38,44.80M,0.26%,529.083,494.30633333333327
06/26/2025,546.22,543.35,546.67,541.52,43.81M,0.94%,530.4485,495.5946666666667
06/27/2025,548.09,547.26,549.99,544.54,57.58M,0.34%,531.8565,496.85116666666664
06/30/2025,551.64,551.26,552.8,549.01,45.55M,0.65%,533.4830000000001,498.1093333333334
07/01/2025,546.99,549.73,550.71,544.66,56.17M,-0.84%,534.672,499.71483333333333
07/02/2025,550.8,546.16,551.0,546.12,36.54M,0.70%,535.847,501.85033333333337
07/03/2025,556.22,553.18,557.2,553.18,26.44M,0.98%,537.2194999999999,504.0591666666667
07/07/2025,552.03,553.52,554.34,549.58,45.35M,-0.75%,538.5815,506.32533333333333
07/08/2025,552.34,553.38,554.01,551.1,36.15M,0.06%,539.7025,507.76433333333335
07/09/2025,556.25,554.48,557.63,553.1,43.05M,0.71%,540.98,509.59883333333335
07/10/2025,555.45,556.89,557.3,552.75,34.71M,-0.14%,542.042,511.283
07/11/2025,554.2,553.3,555.79,552.05,39.62M,-0.23%,543.1315,512.895
07/14/2025,556.21,553.99,556.95,551.63,36.45M,0.36%,544.259,514.532
07/15/2025,556.72,560.25,560.8,556.66,43.28M,0.09%,545.7470000000001,516.4076666666666
07/16/2025,557.29,557.28,560.21,551.56,52.31M,0.10%,546.897,518.2941666666667
07/17/2025,561.8,558.02,562.31,557.21,40.42M,0.81%,548.533,520.439
07/18/2025,561.26,563.12,564.73,559.98,50.48M,-0.10%,550.1465000000001,522.3853333333333
07/21/2025,564.17,562.09,566.06,562.06,39.60M,0.52%,552.0135,524.2121666666667
07/22/2025,561.25,564.3,564.35,558.61,43.27M,-0.52%,553.4935,525.7771666666666
07/23/2025,563.81,562.34,563.85,559.58,40.22M,0.46%,554.6949999999999,527.298
07/24/2025,565.01,565.13,566.24,563.29,42.28M,0.21%,555.8875,528.8413333333333
07/25/2025,566.37,564.93,567.7,564.27,30.63M,0.24%,556.8950000000001,530.3553333333333
07/28/2025,568.14,567.74,569.04,566.87,31.50M,0.31%,557.8975,531.8998333333334
07/29/2025,567.26,570.76,572.11,566.53,45.46M,-0.15%,558.6785,533.3261666666666
07/30/2025,568.02,568.18,570.62,565.05,43.43M,0.13%,559.7299999999999,534.646
07/31/2025,565.01,574.54,574.63,563.87,64.61M,-0.53%,560.4404999999999,535.964
08/01/2025,553.88,558.83,559.02,551.68,69.40M,-1.97%,560.3235000000001,537.1718333333333
08/04/2025,564.1,559.05,564.32,558.95,47.67M,1.85%,560.927,538.5185
08/05/2025,560.27,565.39,566.56,559.73,48.67M,-0.68%,561.3235,539.7181666666667
08/06/2025,567.32,561.11,567.76,560.63,41.82M,1.26%,561.8770000000001,541.0406666666667
08/07/2025,569.24,571.67,573.32,565.11,44.46M,0.34%,562.5665,542.0638333333333
08/08/2025,574.55,570.45,574.77,570.15,35.26M,0.93%,563.5840000000001,543.0464999999999
08/11/2025,572.85,574.69,576.8,571.57,33.11M,-0.30%,564.4159999999999,543.9493333333334
08/12/2025,580.05,575.16,580.35,572.48,42.27M,1.26%,565.5825,544.9626666666667
08/13/2025,580.34,582.76,583.32,578.94,41.21M,0.05%,566.7349999999999,545.9431666666667
08/14/2025,579.89,578.28,581.88,577.91,45.43M,-0.08%,567.6395,546.9078333333333
08/15/2025,577.34,579.8,579.84,575.57,49.48M,-0.44%,568.4435,547.859
08/18/2025,577.11,576.44,577.77,575.24,29.83M,-0.04%,569.0905,548.9268333333333
08/19/2025,569.28,576.39,576.56,568.25,53.75M,-1.36%,569.492,549.8481666666667
08/20/2025,565.9,568.33,568.45,558.84,76.78M,-0.59%,569.5965,550.7924999999999
08/21/2025,563.28,564.35,566.49,560.98,46.44M,-0.46%,569.51,551.4935
08/22/2025,571.97,564.67,573.99,563.27,51.50M,1.54%,569.7900000000001,552.3778333333333
08/25/2025,570.32,570.4,573.29,569.16,34.04M,-0.29%,569.899,553.2176666666667
08/26/2025,572.61,569.83,572.92,568.8,34.10M,0.40%,570.1665,554.1093333333333
08/27/2025,573.49,571.59,574.41,570.37,36.93M,0.15%,570.44,554.9473333333334
08/28/2025,577.08,574.11,578.0,572.46,46.79M,0.63%,571.0435,555.7769999999999
08/29/2025,570.4,574.66,575.03,568.54,56.03M,-1.16%,571.8695,556.4708333333333
09/02/2025,565.62,561.31,565.97,559.53,65.88M,-0.84%,571.9455,557.1513333333334
09/03/2025,570.07,569.23,571.7,566.72,54.23M,0.79%,572.4355,557.8205
09/04/2025,575.23,570.74,575.6,569.03,47.53M,0.91%,572.8309999999999,558.5626666666666
09/05/2025,576.06,580.49,581.12,571.53,68.34M,0.14%,573.1719999999999,559.2601666666667
09/08/2025,578.87,578.37,580.84,577.77,46.37M,0.49%,573.388,560.0345
09/09/2025,580.51,579.67,580.94,577.04,44.01M,0.28%,573.771,560.8153333333333
09/10/2025,580.7,583.74,583.77,578.55,49.31M,0.03%,573.8035,561.711
09/11/2025,584.08,583.24,584.88,581.62,44.75M,0.58%,573.9905000000001,562.5408333333332
09/12/2025,586.66,585.04,587.86,584.1,50.75M,0.44%,574.3290000000001,563.5005
09/15/2025,591.68,588.44,591.79,588.29,44.36M,0.86%,575.046,564.5453333333334
09/16/2025,591.18,592.61,592.86,590.49,36.94M,-0.08%,575.7495,565.6178333333334
09/17/2025,590.0,591.1,591.75,584.36,69.38M,-0.20%,576.7855,566.5903333333333
09/18/2025,595.32,594.91,598.14,592.96,61.07M,0.90%,578.2565,567.516
09/19/2025,599.35,597.33,600.05,595.85,58.20M,0.68%,580.06,568.4858333333334
09/22/2025,602.2,597.74,602.87,597.72,57.15M,0.48%,581.5715,569.4188333333333
09/23/2025,598.2,602.37,602.57,596.98,64.64M,-0.66%,582.9655,570.254
09/24/2025,596.1,599.58,599.9,593.36,49.85M,-0.35%,584.14,570.995
09/25/2025,593.53,592.2,595.11,588.5,70.92M,-0.43%,585.142,571.7706666666667
09/26/2025,595.97,594.35,596.3,591.06,54.34M,0.41%,586.0865,572.5235
09/29/2025,598.73,599.11,602.05,597.41,48.33M,0.46%,587.503,573.2320000000001
09/30/2025,600.37,598.43,600.71,596.1,46.53M,0.27%,589.2405,574.0376666666667
10/01/2025,603.25,597.17,603.79,596.34,46.90M,0.48%,590.8995,574.8861666666667
10/02/2025,605.73,607.06,607.16,602.93,43.77M,0.41%,592.4245,575.7108333333333
10/03/2025,603.18,606.51,607.33,601.39,46.48M,-0.42%,593.7805000000001,576.5063333333334
10/06/2025,607.71,608.45,609.36,605.97,41.96M,0.75%,595.2225000000001,577.3981666666666
10/07/2025,604.51,609.02,609.71,603.03,58.21M,-0.53%,596.4225,578.2031666666667
10/08/2025,611.44,605.41,611.75,605.26,50.63M,1.15%,597.9595,579.1151666666666
10/09/2025,610.7,611.48,611.61,607.48,45.55M,-0.12%,599.2905000000001,580.0053333333333
10/10/2025,589.5,611.4,613.18,589.05,97.61M,-3.47%,599.4325,580.4670000000001
10/13/2025,602.01,599.68,602.95,597.23,65.87M,2.12%,599.9490000000001,581.1461666666667
10/14/2025,598.0,595.31,602.69,590.13,69.20M,-0.67%,600.2900000000001,581.7099999999999
10/15/2025,602.22,604.01,606.7,595.93,62.81M,0.71%,600.9010000000001,582.3928333333333
10/16/2025,599.99,605.11,608.31,595.5,70.98M,-0.37%,601.1345,582.9958333333333
10/17/2025,603.93,597.95,605.51,596.37,72.02M,0.66%,601.3635,583.6445
10/20/2025,611.54,607.14,612.8,607.07,45.76M,1.26%,601.8305,584.3973333333332
10/21/2025,611.38,611.64,612.72,609.32,44.54M,-0.03%,602.4895,585.118
10/22/2025,605.49,610.82,611.41,599.74,61.48M,-0.96%,602.9590000000001,585.7551666666666
10/23/2025,610.58,604.91,611.37,604.52,42.84M,0.84%,603.8115,586.4645
10/24/2025,617.1,615.99,618.42,615.13,47.63M,1.07%,604.868,587.3326666666667
