"Date","Price","Open","High","Low","Vol.","Change %"
"02/11/2010","2,463,360.00","2,575,040.00","2,600,000.00","2,441,920.00","0.00K","7,865,034.18%"
"02/12/2010","2,442,880.00","2,536,640.00","2,538,560.00","2,430,400.00","0.00K","-0.83%"
"02/16/2010","2,356,160.00","2,389,760.00","2,429,760.00","2,348,800.00","0.00K","-3.55%"
"02/17/2010","2,320,000.00","2,324,800.00","2,359,680.00","2,313,152.00","0.00K","-1.53%"
"02/18/2010","2,264,320.00","2,317,120.00","2,328,000.00","2,257,600.00","0.00K","-2.40%"
"02/19/2010","2,270,400.00","2,284,800.00","2,303,360.00","2,240,000.00","0.00K","0.27%"
"02/22/2010","2,284,480.00","2,245,760.00","2,309,760.00","2,244,160.00","","0.62%"
"02/23/2010","2,376,320.00","2,289,280.00","2,401,280.00","2,288,960.00","0.00K","4.02%"
"02/24/2010","2,302,080.00","2,335,360.00","2,345,920.00","2,273,920.00","0.00K","-3.12%"
"02/25/2010","2,286,080.00","2,374,720.00","2,419,200.00","2,286,080.00","0.00K","-0.70%"
"02/26/2010","2,273,600.00","2,304,000.00","2,326,044.75","2,265,920.00","0.00K","-0.55%"
"03/01/2010","2,173,443.25","2,247,040.00","2,248,640.00","2,166,400.00","0.00K","-4.41%"
"03/02/2010","2,156,800.00","2,153,600.00","2,169,920.00","2,117,888.00","","-0.77%"
"03/03/2010","2,156,800.00","2,149,120.00","2,173,120.00","2,120,000.00","","0.00%"
"03/04/2010","2,129,920.00","2,144,960.00","2,174,720.00","2,122,240.00","0.00K","-1.25%"
"03/05/2010","2,035,520.00","2,076,800.00","2,090,880.00","2,024,960.00","0.00K","-4.43%"
"03/08/2010","2,018,880.00","2,022,080.00","2,025,920.00","2,006,400.00","","-0.82%"
"03/09/2010","1,984,000.00","2,036,480.00","2,036,480.00","1,952,000.00","0.00K","-1.73%"
"03/10/2010","1,936,320.00","1,966,400.00","1,969,920.00","1,923,520.00","0.00K","-2.40%"
"03/11/2010","1,917,440.00","1,948,160.00","1,958,409.63","1,916,160.00","0.00K","-0.98%"
"03/12/2010","1,914,560.00","1,893,120.00","1,932,480.00","1,893,120.00","0.00K","-0.15%"
"03/15/2010","1,926,076.75","1,927,628.75","1,964,480.00","1,912,960.00","0.00K","0.60%"
"03/16/2010","1,888,960.00","1,909,120.00","1,924,800.00","1,882,240.00","0.00K","-1.93%"
"03/17/2010","1,880,000.00","1,882,560.00","1,888,144.00","1,848,640.00","0.00K","-0.47%"
"03/18/2010","1,857,600.00","1,869,120.00","1,881,600.00","1,849,920.00","0.00K","-1.19%"
"03/19/2010","1,891,200.00","1,836,160.00","1,907,520.00","1,836,160.00","0.00K","1.81%"
"03/22/2010","1,838,080.00","1,908,800.00","1,916,800.00","1,814,720.00","0.00K","-2.81%"
"03/23/2010","1,801,600.00","1,828,480.00","1,850,636.75","1,795,200.00","0.00K","-1.98%"
"03/24/2010","1,820,800.00","1,810,560.00","1,836,476.75","1,808,320.00","0.00K","1.07%"
"03/25/2010","1,835,840.00","1,781,760.00","1,838,080.00","1,760,000.00","0.00K","0.83%"
"03/26/2010","1,824,640.00","1,811,520.00","1,855,040.00","1,789,760.00","0.00K","-0.61%"
"03/29/2010","1,800,960.00","1,799,680.00","1,814,080.00","1,784,963.25","0.00K","-1.30%"
"03/30/2010","1,783,360.00","1,785,280.00","1,814,400.00","1,768,000.00","0.00K","-0.98%"
"03/31/2010","1,802,880.00","1,802,560.00","1,816,640.00","1,777,603.25","0.00K","1.09%"
"04/01/2010","1,806,720.00","1,786,240.00","1,847,235.25","1,751,040.00","0.00K","0.21%"
"04/05/2010","1,756,800.00","1,798,080.00","1,808,640.00","1,745,600.00","0.00K","-2.76%"
"04/06/2010","1,742,720.00","1,770,240.00","1,777,600.00","1,727,040.00","0.00K","-0.80%"
"04/07/2010","1,751,680.00","1,755,200.00","1,781,440.00","1,731,200.00","0.00K","0.51%"
"04/08/2010","1,745,600.00","1,769,920.00","1,794,240.00","1,735,680.00","0.00K","-0.35%"
"04/09/2010","1,712,640.00","1,739,200.00","1,752,640.00","1,709,760.00","0.00K","-1.89%"
"04/12/2010","1,707,200.00","1,707,840.00","1,717,120.00","1,694,080.00","0.00K","-0.32%"
"04/13/2010","1,680,320.00","1,712,960.00","1,722,236.75","1,678,080.00","0.00K","-1.57%"
"04/14/2010","1,621,760.00","1,654,400.00","1,660,800.00","1,620,704.00","0.00K","-3.49%"
"04/15/2010","1,601,920.00","1,621,760.00","1,621,760.00","1,595,840.00","0.00K","-1.22%"
"04/16/2010","1,652,480.00","1,616,960.00","1,686,400.00","1,600,320.00","0.01K","3.16%"
"04/19/2010","1,659,520.00","1,674,880.00","1,718,720.00","1,646,080.00","0.01K","0.43%"
"04/20/2010","1,637,120.00","1,632,000.00","1,665,280.00","1,622,681.63","0.00K","-1.35%"
"04/21/2010","1,604,480.00","1,601,600.00","1,632,960.00","1,591,040.00","0.00K","-1.99%"
"04/22/2010","1,579,520.00","1,652,160.00","1,677,440.00","1,574,720.00","0.01K","-1.56%"
"04/23/2010","1,560,320.00","1,581,120.00","1,595,516.75","1,555,520.00","0.00K","-1.22%"
"04/26/2010","1,570,880.00","1,556,160.00","1,576,960.00","1,546,560.00","0.00K","0.68%"
"04/27/2010","1,667,200.00","1,587,200.00","1,680,832.00","1,568,000.00","0.01K","6.13%"
"04/28/2010","1,664,640.00","1,640,000.00","1,703,360.00","1,640,000.00","0.02K","-0.15%"
"04/29/2010","1,578,560.00","1,641,600.00","1,641,600.00","1,569,920.00","0.01K","-5.17%"
"04/30/2010","1,672,000.00","1,581,120.00","1,675,200.00","1,573,440.00","0.01K","5.92%"
"05/03/2010","1,601,116.75","1,651,520.00","1,652,480.00","1,577,600.00","0.01K","-4.24%"
"05/04/2010","1,745,920.00","1,660,800.00","1,777,280.00","1,660,160.00","0.01K","9.04%"
"05/05/2010","1,769,280.00","1,794,240.00","1,828,800.00","1,737,651.25","0.02K","1.34%"
"05/06/2010","1,949,440.00","1,805,760.00","2,413,120.00","1,521,600.00","0.02K","10.18%"
"05/07/2010","2,077,123.25","1,993,600.00","2,209,600.00","1,919,680.00","0.02K","6.55%"
"05/10/2010","1,775,360.00","1,821,440.00","1,832,960.00","1,768,000.00","0.02K","-14.53%"
"05/11/2010","1,773,440.00","1,820,480.00","1,833,600.00","1,702,720.00","0.01K","-0.11%"
"05/12/2010","1,676,800.00","1,748,800.00","1,754,240.00","1,670,400.00","0.01K","-5.45%"
"05/13/2010","1,754,560.00","1,696,640.00","1,763,840.00","1,657,280.00","0.01K","4.64%"
"05/14/2010","1,854,720.00","1,794,560.00","1,915,520.00","1,793,600.00","0.01K","5.71%"
"05/17/2010","1,840,640.00","1,841,280.00","1,955,523.25","1,816,636.75","0.01K","-0.76%"
"05/18/2010","1,912,320.00","1,792,000.00","1,935,676.75","1,780,480.00","0.01K","3.89%"
"05/19/2010","1,958,080.00","1,933,440.00","2,021,436.75","1,888,960.00","0.02K","2.39%"
"05/20/2010","2,149,440.00","2,066,560.00","2,187,520.00","2,057,920.00","0.02K","9.77%"
"05/21/2010","2,125,760.00","2,279,040.00","2,303,040.00","2,055,680.00","0.02K","-1.10%"
"05/24/2010","2,110,720.00","2,110,080.00","2,129,920.00","2,037,120.00","0.01K","-0.71%"
"05/25/2010","2,127,040.00","2,269,440.00","2,330,240.00","2,113,603.25","0.02K","0.77%"
"05/26/2010","2,190,080.00","2,091,200.00","2,203,520.00","2,000,636.75","0.01K","2.96%"
"05/27/2010","1,944,000.00","2,040,320.00","2,061,120.00","1,944,000.00","0.01K","-11.24%"
"05/28/2010","1,979,840.00","1,938,880.00","2,028,796.75","1,930,880.00","0.02K","1.84%"
"06/01/2010","2,036,800.00","1,997,760.00","2,039,680.00","1,894,956.75","0.01K","2.88%"
"06/02/2010","1,892,160.00","1,998,400.00","2,039,040.00","1,884,480.00","0.01K","-7.10%"
"06/03/2010","1,835,520.00","1,874,240.00","1,906,883.25","1,825,510.38","0.01K","-2.99%"
"06/04/2010","2,019,840.00","1,950,720.00","2,040,000.00","1,880,643.25","0.02K","10.04%"
"06/07/2010","2,131,200.00","1,987,840.00","2,136,000.00","1,974,720.00","0.02K","5.51%"
"06/08/2010","2,141,440.00","2,118,080.00","2,229,760.00","2,103,680.00","0.02K","0.48%"
"06/09/2010","2,198,560.00","2,102,400.00","2,215,360.00","2,041,196.75","0.02K","2.67%"
"06/10/2010","2,006,400.00","2,114,240.00","2,134,400.00","2,002,243.25","0.02K","-8.74%"
"06/11/2010","1,953,600.00","2,068,160.00","2,070,080.00","1,946,880.00","0.02K","-2.63%"
"06/14/2010","1,958,400.00","1,897,920.00","1,961,600.00","1,857,600.00","0.01K","0.25%"
"06/15/2010","1,798,720.00","1,923,840.00","1,927,680.00","1,789,120.00","0.01K","-8.15%"
"06/16/2010","1,770,240.00","1,809,280.00","1,818,880.00","1,747,200.00","0.01K","-1.58%"
"06/17/2010","1,747,840.00","1,745,920.00","1,801,920.00","1,740,803.25","0.01K","-1.27%"
"06/18/2010","1,746,880.00","1,743,040.00","1,765,123.25","1,713,600.00","0.01K","-0.05%"
"06/21/2010","1,792,320.00","1,685,120.00","1,824,000.00","1,677,443.25","0.02K","2.60%"
"06/22/2010","1,835,840.00","1,773,760.00","1,846,400.00","1,734,720.00","0.02K","2.43%"
"06/23/2010","1,857,920.00","1,830,080.00","1,903,040.00","1,812,480.00","0.02K","1.20%"
"06/24/2010","1,952,320.00","1,883,840.00","1,960,000.00","1,868,160.00","0.01K","5.08%"
"06/25/2010","1,950,400.00","1,927,680.00","1,993,600.00","1,905,600.00","0.01K","-0.10%"
"06/28/2010","1,972,800.00","1,950,400.00","2,012,800.00","1,920,000.00","0.01K","1.15%"
"06/29/2010","2,191,040.00","2,064,640.00","2,242,880.00","2,058,880.00","0.02K","11.06%"
"06/30/2010","2,298,560.00","2,223,040.00","2,315,200.00","2,156,800.00","0.02K","4.91%"
"07/01/2010","2,320,320.00","2,283,520.00","2,453,120.00","2,263,680.00","0.03K","0.95%"
"07/02/2010","2,339,520.00","2,310,720.00","2,404,160.00","2,285,440.00","0.01K","0.83%"
"07/06/2010","2,317,760.00","2,239,680.00","2,376,320.00","2,192,640.00","0.02K","-0.93%"
"07/07/2010","2,098,560.00","2,295,680.00","2,300,800.00","2,090,880.00","0.01K","-9.46%"
"07/08/2010","2,067,200.00","2,048,960.00","2,137,280.00","2,036,800.00","0.01K","-1.49%"
"07/09/2010","2,001,600.00","2,066,880.00","2,142,400.00","2,001,600.00","0.01K","-3.17%"
"07/12/2010","1,984,320.00","2,007,360.00","2,026,560.00","1,950,720.00","0.01K","-0.86%"
"07/13/2010","1,916,160.00","1,934,080.00","1,978,880.00","1,887,680.00","0.01K","-3.43%"
"07/14/2010","1,878,400.00","1,901,440.00","1,921,920.00","1,850,339.25","0.01K","-1.97%"
"07/15/2010","1,868,480.00","1,893,120.00","1,949,120.00","1,857,856.00","0.01K","-0.53%"
"07/16/2010","2,018,880.00","1,897,920.00","2,035,200.00","1,888,000.00","0.02K","8.05%"
"07/19/2010","1,977,920.00","2,010,560.00","2,061,760.00","1,964,800.00","0.02K","-2.03%"
"07/20/2010","1,902,400.00","2,073,280.00","2,090,560.00","1,902,400.00","0.02K","-3.82%"
"07/21/2010","1,980,160.00","1,845,760.00","1,992,960.00","1,843,200.00","0.01K","4.09%"
"07/22/2010","1,845,760.00","1,902,720.00","1,903,235.25","1,807,040.00","0.01K","-6.79%"
"07/23/2010","1,797,699.25","1,869,120.00","1,880,640.00","1,793,920.00","0.02K","-2.60%"
"07/26/2010","1,756,800.00","1,792,000.00","1,816,000.00","1,752,000.00","0.01K","-2.28%"
"07/27/2010","1,752,000.00","1,728,320.00","1,779,520.00","1,724,160.00","0.01K","-0.27%"
"07/28/2010","1,791,360.00","1,762,560.00","1,816,320.00","1,738,560.00","0.01K","2.25%"
"07/29/2010","1,837,120.00","1,768,640.00","1,890,560.00","1,757,440.00","0.02K","2.55%"
"07/30/2010","1,823,360.00","1,882,560.00","1,915,520.00","1,792,000.00","0.02K","-0.75%"
"08/02/2010","1,724,800.00","1,759,360.00","1,778,240.00","1,709,440.00","0.01K","-5.41%"
"08/03/2010","1,745,600.00","1,728,960.00","1,768,432.00","1,723,840.00","0.01K","1.21%"
"08/04/2010","1,694,720.00","1,719,680.00","1,741,760.00","1,686,723.25","0.01K","-2.91%"
"08/05/2010","1,701,120.00","1,717,120.00","1,736,000.00","1,695,680.00","0.01K","0.38%"
"08/06/2010","1,708,800.00","1,761,280.00","1,787,488.00","1,697,920.00","0.01K","0.45%"
"08/09/2010","1,717,760.00","1,685,760.00","1,717,760.00","1,664,000.00","0.00K","0.52%"
"08/10/2010","1,712,640.00","1,718,080.00","1,760,000.00","1,692,160.00","0.01K","-0.30%"
"08/11/2010","1,855,360.00","1,806,720.00","1,879,040.00","1,803,852.75","0.01K","8.33%"
"08/12/2010","1,901,440.00","1,964,160.00","1,976,000.00","1,880,320.00","0.01K","2.48%"
"08/13/2010","1,944,640.00","1,925,120.00","1,944,640.00","1,901,440.00","0.01K","2.27%"
"08/16/2010","1,933,123.25","1,975,040.00","1,998,720.00","1,893,753.63","0.01K","-0.59%"
"08/17/2010","1,855,360.00","1,894,080.00","1,901,952.00","1,808,000.00","0.01K","-4.02%"
"08/18/2010","1,833,600.00","1,871,360.00","1,889,920.00","1,803,200.00","0.01K","-1.17%"
"08/19/2010","1,913,920.00","1,868,800.00","1,956,480.00","1,849,600.00","0.01K","4.38%"
"08/20/2010","1,915,840.00","1,926,720.00","1,960,000.00","1,901,440.00","0.01K","0.10%"
"08/23/2010","1,969,280.00","1,871,680.00","1,969,920.00","1,859,520.00","0.01K","2.79%"
"08/24/2010","2,078,720.00","2,032,640.00","2,102,400.00","2,016,640.00","0.02K","5.56%"
"08/25/2010","2,022,720.00","2,120,640.00","2,131,200.00","1,992,192.00","0.02K","-2.69%"
"08/26/2010","2,092,800.00","1,996,800.00","2,096,000.00","1,984,000.00","0.01K","3.46%"
"08/27/2010","2,007,360.00","2,047,040.00","2,175,680.00","2,002,560.00","0.02K","-4.08%"
"08/30/2010","2,070,720.00","2,044,480.00","2,078,400.00","1,990,720.00","0.01K","3.16%"
"08/31/2010","2,091,840.00","2,112,000.00","2,137,280.00","2,046,288.00","0.02K","1.02%"
"09/01/2010","1,913,920.00","2,008,320.00","2,010,240.00","1,890,880.00","0.02K","-8.51%"
"09/02/2010","1,852,160.00","1,904,000.00","1,915,180.75","1,844,160.00","0.01K","-3.23%"
"09/03/2010","1,756,800.00","1,789,440.00","1,809,424.00","1,750,400.00","0.01K","-5.15%"
"09/07/2010","1,788,800.00","1,775,360.00","1,798,080.00","1,752,320.00","0.01K","1.82%"
"09/08/2010","1,725,760.00","1,774,080.00","1,774,080.00","1,702,400.00","0.01K","-3.52%"
"09/09/2010","1,705,283.25","1,680,000.00","1,715,840.00","1,675,203.25","0.01K","-1.19%"
"09/10/2010","1,689,600.00","1,699,520.00","1,724,080.00","1,680,000.00","0.01K","-0.92%"
"09/13/2010","1,612,480.00","1,647,680.00","1,647,680.00","1,602,240.00","0.01K","-4.56%"
"09/14/2010","1,595,200.00","1,620,480.00","1,630,176.00","1,568,640.00","0.01K","-1.07%"
"09/15/2010","1,564,800.00","1,607,040.00","1,618,560.00","1,558,048.00","0.01K","-1.91%"
"09/16/2010","1,544,000.00","1,571,520.00","1,583,360.00","1,540,800.00","0.01K","-1.33%"
"09/17/2010","1,526,080.00","1,516,160.00","1,550,400.00","1,514,560.00","0.01K","-1.16%"
"09/20/2010","1,448,316.75","1,512,000.00","1,515,840.00","1,439,040.00","0.02K","-5.10%"
"09/21/2010","1,455,360.00","1,446,400.00","1,468,160.00","1,419,200.00","0.02K","0.49%"
"09/22/2010","1,457,600.00","1,468,800.00","1,483,200.00","1,431,702.38","0.02K","0.15%"
"09/23/2010","1,461,120.00","1,490,560.00","1,493,747.25","1,418,560.00","0.02K","0.24%"
"09/24/2010","1,377,600.00","1,414,400.00","1,419,200.00","1,371,520.00","0.02K","-5.72%"
"09/27/2010","1,394,560.00","1,370,560.00","1,397,756.75","1,364,800.00","0.01K","1.23%"
"09/28/2010","1,389,120.00","1,384,960.00","1,462,080.00","1,382,080.00","0.02K","-0.39%"
"09/29/2010","1,400,000.00","1,403,200.00","1,418,550.38","1,383,360.00","0.01K","0.78%"
"09/30/2010","1,420,800.00","1,380,800.00","1,448,636.75","1,355,872.00","0.03K","1.49%"
"10/01/2010","1,423,680.00","1,387,200.00","1,447,360.00","1,382,400.00","0.02K","0.20%"
"10/04/2010","1,475,520.00","1,438,720.00","1,496,323.25","1,424,000.00","0.02K","3.64%"
"10/05/2010","1,365,440.00","1,424,640.00","1,424,640.00","1,357,120.00","0.03K","-7.46%"
"10/06/2010","1,395,200.00","1,370,560.00","1,424,944.00","1,361,596.75","0.02K","2.18%"
"10/07/2010","1,386,560.00","1,372,160.00","1,417,280.00","1,372,160.00","0.02K","-0.62%"
"10/08/2010","1,352,640.00","1,381,440.00","1,411,840.00","1,345,920.00","0.03K","-2.45%"
"10/11/2010","1,354,880.00","1,353,280.00","1,367,040.00","1,334,400.00","0.02K","0.17%"
"10/12/2010","1,322,240.00","1,362,560.00","1,394,560.00","1,318,080.00","0.03K","-2.41%"
"10/13/2010","1,293,120.00","1,299,520.00","1,312,320.00","1,275,520.00","0.02K","-2.20%"
"10/14/2010","1,301,120.00","1,291,840.00","1,320,000.00","1,285,440.00","0.02K","0.62%"
"10/15/2010","1,217,600.00","1,253,440.00","1,284,953.63","1,217,600.00","0.03K","-6.42%"
"10/18/2010","1,219,200.00","1,216,000.00","1,229,120.00","1,204,160.00","0.02K","0.13%"
"10/19/2010","1,264,640.00","1,265,600.00","1,292,480.00","1,237,804.75","0.04K","3.73%"
"10/20/2010","1,239,040.00","1,254,400.00","1,261,760.00","1,210,240.00","0.03K","-2.02%"
"10/21/2010","1,230,080.00","1,214,720.00","1,264,640.00","1,198,752.00","0.03K","-0.72%"
"10/22/2010","1,204,160.00","1,228,160.00","1,234,240.00","1,201,600.00","0.02K","-2.11%"
"10/25/2010","1,187,840.00","1,189,760.00","1,189,760.00","1,163,840.00","0.02K","-1.36%"
"10/26/2010","1,177,920.00","1,206,400.00","1,218,560.00","1,169,619.25","0.02K","-0.84%"
"10/27/2010","1,166,080.00","1,194,240.00","1,202,560.00","1,163,840.00","0.02K","-1.01%"
"10/28/2010","1,159,040.00","1,152,640.00","1,189,120.00","1,150,400.00","0.02K","-0.60%"
"10/29/2010","1,166,400.00","1,161,600.00","1,168,000.00","1,147,520.00","0.02K","0.64%"
"11/01/2010","1,163,200.00","1,154,880.00","1,180,480.00","1,129,600.00","0.03K","-0.27%"
"11/02/2010","1,127,558.38","1,136,320.00","1,140,160.00","1,117,760.00","0.02K","-3.06%"
"11/03/2010","1,111,040.00","1,122,560.00","1,152,960.00","1,110,723.25","0.02K","-1.46%"
"11/04/2010","1,070,400.00","1,074,560.00","1,080,640.00","1,057,942.38","0.02K","-3.66%"
"11/05/2010","1,069,760.00","1,068,160.00","1,079,360.00","1,062,080.00","0.02K","-0.06%"
"11/08/2010","1,065,920.00","1,075,200.00","1,082,560.00","1,061,440.00","0.01K","-0.36%"
"11/09/2010","1,084,480.00","1,053,760.00","1,096,960.00","1,048,352.00","0.02K","1.74%"
"11/10/2010","1,066,560.00","1,078,400.00","1,103,670.38","1,063,680.00","0.02K","-1.65%"
"11/11/2010","1,085,120.00","1,116,160.00","1,128,640.00","1,080,960.00","0.02K","1.74%"
"11/12/2010","1,139,520.00","1,104,320.00","1,163,840.00","1,090,560.00","0.02K","5.01%"
"11/15/2010","1,150,720.00","1,122,880.00","1,153,600.00","1,116,160.00","0.01K","0.98%"
"11/16/2010","1,209,280.00","1,176,960.00","1,222,720.00","1,157,753.63","0.03K","5.09%"
"11/17/2010","1,198,080.00","1,206,720.00","1,216,000.00","1,179,520.00","0.02K","-0.93%"
"11/18/2010","1,141,120.00","1,158,400.00","1,160,320.00","1,116,796.75","0.02K","-4.75%"
"11/19/2010","1,137,600.00","1,146,560.00","1,159,040.00","1,130,016.00","0.02K","-0.31%"
"11/22/2010","1,110,400.00","1,151,040.00","1,156,160.00","1,110,400.00","0.02K","-2.39%"
"11/23/2010","1,160,640.00","1,143,040.00","1,180,992.00","1,138,240.00","0.02K","4.52%"
"11/24/2010","1,090,560.00","1,127,680.00","1,127,680.00","1,083,520.00","0.02K","-6.04%"
"11/26/2010","1,100,800.00","1,112,640.00","1,117,760.00","1,090,880.00","0.01K","0.94%"
"11/29/2010","1,113,920.00","1,116,800.00","1,154,880.00","1,105,920.00","0.02K","1.19%"
"11/30/2010","1,156,800.00","1,150,400.00","1,169,280.00","1,136,000.00","0.02K","3.85%"
"12/01/2010","1,086,400.00","1,104,960.00","1,104,960.00","1,064,960.00","0.02K","-6.09%"
"12/02/2010","1,049,920.00","1,077,120.00","1,080,320.00","1,044,800.00","0.02K","-3.36%"
"12/03/2010","1,040,960.00","1,062,400.00","1,062,720.00","1,037,440.00","0.02K","-0.85%"
"12/06/2010","1,042,240.00","1,040,960.00","1,051,520.00","1,036,796.81","0.01K","0.12%"
"12/07/2010","1,041,600.00","1,005,440.00","1,043,840.00","1,004,800.00","0.02K","-0.06%"
"12/08/2010","1,026,880.00","1,033,280.00","1,051,840.00","1,024,643.19","0.02K","-1.41%"
"12/09/2010","1,024,640.00","1,010,560.00","1,034,560.00","1,008,000.00","0.01K","-0.22%"
"12/10/2010","1,004,480.00","1,016,640.00","1,027,424.00","1,001,600.00","0.01K","-1.97%"
"12/13/2010","1,015,040.00","992,000.00","1,016,320.00","991,056.00","0.01K","1.05%"
"12/14/2010","1,011,200.00","1,008,640.00","1,019,200.00","997,440.00","0.01K","-0.38%"
"12/15/2010","1,022,080.00","1,012,160.00","1,030,400.00","993,280.00","0.02K","1.08%"
"12/16/2010","999,680.00","1,020,800.00","1,027,836.81","994,880.00","0.01K","-2.19%"
"12/17/2010","996,800.00","996,480.00","1,002,240.00","987,840.00","0.01K","-0.29%"
"12/20/2010","994,240.00","992,640.00","1,015,680.00","983,040.00","0.01K","-0.26%"
"12/21/2010","976,640.00","983,680.00","989,760.00","976,640.00","0.01K","-1.77%"
"12/22/2010","976,320.00","977,600.00","982,080.00","972,800.00","0.01K","-0.03%"
"12/23/2010","984,000.00","983,040.00","990,912.00","978,560.00","0.01K","0.79%"
"12/27/2010","982,080.00","992,320.00","1,012,403.19","978,240.00","0.01K","-0.20%"
"12/28/2010","987,200.00","977,600.00","992,000.00","974,080.00","0.00K","0.52%"
"12/29/2010","981,440.00","979,520.00","983,360.00","975,360.00","0.00K","-0.58%"
"12/30/2010","988,160.00","980,160.00","993,280.00","980,160.00","0.01K","0.68%"
"12/31/2010","997,760.00","992,000.00","1,010,560.00","989,440.00","0.01K","0.97%"
"01/03/2011","952,320.00","968,640.00","969,987.19","932,160.00","0.02K","-4.55%"
"01/04/2011","953,600.00","941,440.00","970,576.00","939,840.00","0.01K","0.13%"
"01/05/2011","930,240.00","962,880.00","963,840.00","930,240.00","0.02K","-2.45%"
"01/06/2011","920,960.00","927,680.00","932,819.19","920,320.00","0.02K","-1.00%"
"01/07/2011","921,920.00","917,440.00","949,440.00","915,888.00","0.02K","0.10%"
"01/10/2011","912,000.00","929,600.00","935,360.00","907,884.81","0.01K","-1.08%"
"01/11/2011","909,760.00","901,120.00","918,080.00","899,200.00","0.01K","-0.25%"
"01/12/2011","890,240.00","895,040.00","906,880.00","888,960.00","0.01K","-2.15%"
"01/13/2011","887,360.00","888,640.00","895,360.00","881,280.00","0.01K","-0.32%"
"01/14/2011","867,840.00","888,320.00","892,800.00","867,203.19","0.01K","-2.20%"
"01/18/2011","860,160.00","888,640.00","891,200.00","857,616.00","0.01K","-0.88%"
"01/19/2011","888,640.00","857,280.00","897,920.00","857,280.00","0.02K","3.31%"
"01/20/2011","908,480.00","901,760.00","928,518.38","897,280.00","0.03K","2.23%"
"01/21/2011","929,600.00","894,720.00","931,488.00","890,560.00","0.02K","2.32%"
"01/24/2011","891,520.00","925,440.00","930,240.00","891,520.00","0.03K","-4.10%"
"01/25/2011","887,680.00","904,960.00","909,760.00","887,040.00","0.02K","-0.43%"
"01/26/2011","872,960.00","883,200.00","890,480.00","866,307.19","0.02K","-1.66%"
"01/27/2011","856,960.00","864,320.00","869,056.00","850,240.00","0.02K","-1.83%"
"01/28/2011","921,280.00","858,240.00","932,800.00","855,680.00","0.04K","7.51%"
"01/31/2011","908,800.00","919,040.00","941,120.00","901,456.00","0.06K","-1.35%"
"02/01/2011","856,960.00","888,960.00","891,200.00","851,523.19","0.04K","-5.70%"
"02/02/2011","860,480.00","863,040.00","865,920.00","850,880.00","0.03K","0.41%"
"02/03/2011","857,280.00","866,240.00","887,040.00","852,480.00","0.04K","-0.37%"
"02/04/2011","841,920.00","857,600.00","863,680.00","840,000.00","0.03K","-1.79%"
"02/07/2011","830,080.00","836,160.00","839,680.00","816,320.00","0.03K","-1.41%"
"02/08/2011","810,880.00","829,440.00","833,600.00","810,880.00","0.02K","-2.31%"
"02/09/2011","816,640.00","818,880.00","825,600.00","810,240.00","0.03K","0.71%"
"02/10/2011","812,800.00","833,600.00","836,800.00","810,880.00","0.03K","-0.47%"
"02/11/2011","796,800.00","821,120.00","823,958.38","794,880.00","0.03K","-1.97%"
"02/14/2011","790,400.00","797,120.00","798,464.00","787,840.00","0.01K","-0.80%"
"02/15/2011","793,920.00","796,160.00","804,480.00","791,680.00","0.02K","0.45%"
"02/16/2011","778,240.00","787,840.00","787,840.00","772,160.00","0.02K","-1.98%"
"02/17/2011","778,240.00","790,400.00","790,720.00","774,400.00","0.01K","0.00%"
"02/18/2011","782,720.00","778,560.00","792,960.00","775,040.00","0.03K","0.58%"
"02/22/2011","852,160.00","813,440.00","854,400.00","807,680.00","0.05K","8.87%"
"02/23/2011","872,320.00","852,800.00","891,200.00","842,880.00","0.05K","2.37%"
"02/24/2011","858,240.00","867,520.00","891,200.00","849,920.00","0.04K","-1.61%"
"02/25/2011","822,080.00","843,200.00","844,809.63","819,200.00","0.03K","-4.21%"
"02/28/2011","818,240.00","813,440.00","831,360.00","805,129.63","0.06K","-0.47%"
"03/01/2011","856,672.00","806,400.00","863,040.00","806,400.00","0.06K","4.70%"
"03/02/2011","843,200.00","858,880.00","859,836.81","826,592.00","0.06K","-1.57%"
"03/03/2011","793,920.00","819,200.00","819,200.00","789,440.00","0.02K","-5.84%"
"03/04/2011","805,440.00","795,520.00","821,440.00","791,680.00","0.03K","1.45%"
"03/07/2011","837,760.00","795,520.00","859,456.00","793,920.00","0.03K","4.01%"
"03/08/2011","828,160.00","841,920.00","856,640.00","816,960.00","0.03K","-1.15%"
"03/09/2011","845,120.00","838,080.00","858,240.00","834,240.00","0.05K","2.05%"
"03/10/2011","883,840.00","874,560.00","894,720.00","868,160.00","0.04K","4.58%"
"03/11/2011","868,800.00","900,480.00","900,480.00","859,936.00","0.03K","-1.70%"
"03/14/2011","877,152.00","882,560.00","896,000.00","863,049.63","0.03K","0.96%"
"03/15/2011","912,960.00","955,520.00","962,240.00","898,563.19","0.05K","4.08%"
"03/16/2011","978,240.00","936,320.00","998,396.81","921,600.00","0.07K","7.15%"
"03/17/2011","952,960.00","932,480.00","953,920.00","920,640.00","0.04K","-2.58%"
"03/18/2011","958,400.00","919,360.00","960,640.00","919,360.00","0.03K","0.57%"
"03/21/2011","905,280.00","914,560.00","919,680.00","889,600.00","0.04K","-5.54%"
"03/22/2011","908,800.00","900,800.00","914,560.00","898,880.00","0.02K","0.39%"
"03/23/2011","893,440.00","918,400.00","936,320.00","885,760.00","0.04K","-1.69%"
"03/24/2011","845,440.00","874,560.00","887,680.00","840,000.00","0.04K","-5.37%"
"03/25/2011","840,320.00","837,120.00","842,528.00","822,400.00","0.03K","-0.61%"
"03/28/2011","853,120.00","828,800.00","854,400.00","827,840.00","0.02K","1.52%"
"03/29/2011","829,440.00","859,200.00","866,560.00","828,800.00","0.03K","-2.78%"
"03/30/2011","816,000.00","815,680.00","827,840.00","812,480.00","0.02K","-1.62%"
"03/31/2011","812,800.00","820,160.00","824,320.00","810,384.00","0.02K","-0.39%"
"04/01/2011","811,840.00","799,360.00","818,560.00","792,640.00","0.02K","-0.12%"
"04/04/2011","819,200.00","804,160.00","829,760.00","802,240.00","0.02K","0.91%"
"04/05/2011","825,280.00","824,320.00","830,720.00","809,920.00","0.02K","0.74%"
"04/06/2011","821,120.00","807,360.00","833,920.00","799,680.00","0.03K","-0.50%"
"04/07/2011","821,120.00","820,800.00","839,040.00","805,120.00","0.03K","0.00%"
"04/08/2011","833,600.00","810,880.00","845,440.00","807,680.00","0.02K","1.52%"
"04/11/2011","840,960.00","824,000.00","849,824.00","817,600.00","0.02K","0.88%"
"04/12/2011","857,280.00","853,440.00","867,840.00","846,400.00","0.03K","1.94%"
"04/13/2011","836,800.00","841,280.00","856,640.00","829,760.00","0.03K","-2.39%"
"04/14/2011","840,960.00","854,400.00","864,000.00","837,760.00","0.04K","0.50%"
"04/15/2011","846,400.00","849,920.00","862,076.81","835,836.81","0.03K","0.65%"
"04/18/2011","862,720.00","869,120.00","904,960.00","862,400.00","0.03K","1.93%"
"04/19/2011","847,040.00","856,640.00","869,753.63","847,040.00","0.02K","-1.82%"
"04/20/2011","789,440.00","801,920.00","805,120.00","787,200.00","0.05K","-6.80%"
"04/21/2011","770,880.00","766,080.00","777,920.00","765,120.00","0.03K","-2.35%"
"04/25/2011","764,800.00","768,960.00","773,110.38","763,564.81","0.01K","-0.79%"
"04/26/2011","752,000.00","758,086.38","763,520.00","744,000.00","0.02K","-1.67%"
"04/27/2011","736,640.00","747,200.00","757,760.00","733,760.00","0.03K","-2.04%"
"04/28/2011","741,120.00","743,040.00","748,800.00","736,000.00","0.02K","0.61%"
"04/29/2011","740,480.00","742,400.00","744,896.00","733,760.00","0.01K","-0.09%"
"05/02/2011","745,280.00","735,360.00","750,720.00","731,200.00","0.02K","0.65%"
"05/03/2011","755,200.00","746,240.00","769,574.38","744,320.00","0.03K","1.33%"
"05/04/2011","759,680.00","754,880.00","778,240.00","748,800.00","0.03K","0.59%"
"05/05/2011","770,880.00","770,560.00","778,880.00","744,640.00","0.03K","1.47%"
"05/06/2011","763,840.00","747,840.00","770,240.00","734,720.00","0.04K","-0.91%"
"05/09/2011","755,520.00","760,960.00","768,640.00","746,240.00","0.02K","-1.09%"
"05/10/2011","736,320.00","748,480.00","752,320.00","733,440.00","0.02K","-2.54%"
"05/11/2011","752,000.00","738,880.00","767,360.00","732,156.81","0.03K","2.13%"
"05/12/2011","738,880.00","760,000.00","771,840.00","736,000.00","0.03K","-1.74%"
"05/13/2011","763,872.00","743,680.00","765,440.00","740,160.00","0.03K","3.38%"
"05/16/2011","803,840.00","774,400.00","809,280.00","768,000.00","0.03K","5.23%"
"05/17/2011","797,120.00","816,960.00","820,800.00","796,480.00","0.04K","-0.84%"
"05/18/2011","776,960.00","799,360.00","802,563.19","772,480.00","0.02K","-2.53%"
"05/19/2011","769,920.00","768,320.00","784,000.00","765,440.00","0.02K","-0.91%"
"05/20/2011","786,880.00","772,480.00","790,572.81","770,560.00","0.02K","2.20%"
"05/23/2011","822,080.00","820,480.00","833,600.00","813,120.00","0.05K","4.47%"
"05/24/2011","837,440.00","816,000.00","838,080.00","816,000.00","0.03K","1.87%"
"05/25/2011","828,160.00","842,560.00","842,560.00","816,640.00","0.02K","-1.11%"
"05/26/2011","812,480.00","834,880.00","834,880.00","805,763.19","0.02K","-1.89%"
"05/27/2011","800,320.00","808,960.00","810,560.00","798,080.00","0.01K","-1.50%"
"05/31/2011","762,880.00","776,640.00","790,400.00","762,560.00","0.03K","-4.68%"
"06/01/2011","811,520.00","765,440.00","812,704.00","761,600.00","0.03K","6.38%"
"06/02/2011","805,440.00","806,400.00","819,520.00","797,120.00","0.02K","-0.75%"
"06/03/2011","841,280.00","832,640.00","845,440.00","815,360.00","0.03K","4.45%"
"06/06/2011","862,080.00","846,720.00","863,360.00","833,920.00","0.03K","2.47%"
"06/07/2011","866,880.00","855,360.00","868,480.00","845,440.00","0.02K","0.56%"
"06/08/2011","885,760.00","872,640.00","893,440.00","868,160.00","0.03K","2.18%"
"06/09/2011","881,280.00","885,120.00","893,440.00","867,859.19","0.02K","-0.51%"
"06/10/2011","921,920.00","892,800.00","923,811.19","888,320.00","0.03K","4.61%"
"06/13/2011","922,240.00","918,400.00","931,200.00","907,200.00","0.02K","0.03%"
"06/14/2011","887,360.00","899,520.00","900,835.19","879,040.00","0.02K","-3.78%"
"06/15/2011","935,680.00","910,720.00","940,480.00","894,835.19","0.04K","5.45%"
"06/16/2011","948,160.00","935,040.00","970,880.00","925,760.00","0.03K","1.33%"
"06/17/2011","955,840.00","922,560.00","963,200.00","917,440.00","0.03K","0.81%"
"06/20/2011","941,120.00","964,160.00","964,160.00","932,160.00","0.03K","-1.54%"
"06/21/2011","880,000.00","929,280.00","942,080.00","877,120.00","0.05K","-6.49%"
"06/22/2011","898,240.00","889,600.00","899,516.81","875,520.00","0.02K","2.07%"
"06/23/2011","873,920.00","927,040.00","936,960.00","872,640.00","0.07K","-2.71%"
"06/24/2011","920,000.00","887,360.00","924,160.00","883,200.00","0.03K","5.27%"
"06/27/2011","875,840.00","917,440.00","921,600.00","861,440.00","0.03K","-4.80%"
"06/28/2011","836,480.00","868,480.00","872,857.63","835,200.00","0.03K","-4.49%"
"06/29/2011","825,600.00","828,800.00","843,520.00","821,440.00","0.03K","-1.30%"
"06/30/2011","794,240.00","816,640.00","818,240.00","791,363.19","0.03K","-3.80%"
"07/01/2011","756,800.00","790,400.00","798,400.00","754,240.00","0.05K","-4.71%"
"07/05/2011","746,240.00","754,560.00","759,648.00","743,392.00","0.03K","-1.40%"
"07/06/2011","738,240.00","748,160.00","755,776.00","734,720.00","0.04K","-1.07%"
"07/07/2011","707,520.00","720,960.00","724,800.00","701,760.00","0.04K","-4.16%"
"07/08/2011","713,920.00","726,080.00","737,280.00","713,280.00","0.05K","0.90%"
"07/11/2011","751,360.00","736,000.00","759,360.00","725,120.00","0.04K","5.24%"
"07/12/2011","769,280.00","751,680.00","771,398.38","747,520.00","0.03K","2.39%"
"07/13/2011","759,680.00","752,000.00","768,000.00","736,000.00","0.04K","-1.25%"
"07/14/2011","785,600.00","752,960.00","794,243.19","743,360.00","0.06K","3.41%"
"07/15/2011","753,920.00","758,720.00","776,960.00","753,600.00","0.04K","-4.03%"
"07/18/2011","767,360.00","766,400.00","788,358.38","756,480.00","0.03K","1.78%"
"07/19/2011","713,600.00","743,680.00","744,000.00","712,000.00","0.04K","-7.01%"
"07/20/2011","723,200.00","701,760.00","726,720.00","701,760.00","0.03K","1.35%"
"07/21/2011","707,200.00","720,320.00","731,840.00","696,064.00","0.03K","-2.21%"
"07/22/2011","686,080.00","709,440.00","710,720.00","683,520.00","0.03K","-2.99%"
"07/25/2011","689,920.00","703,680.00","706,880.00","679,632.00","0.03K","0.56%"
"07/26/2011","684,800.00","692,160.00","695,680.00","678,400.00","0.02K","-0.74%"
"07/27/2011","737,280.00","698,880.00","743,040.00","697,600.00","0.06K","7.66%"
"07/28/2011","734,400.00","737,920.00","745,600.00","706,240.00","0.05K","-0.39%"
"07/29/2011","741,120.00","752,000.00","762,470.38","718,400.00","0.07K","0.92%"
"08/01/2011","751,040.00","714,240.00","778,240.00","709,760.00","0.06K","1.34%"
"08/02/2011","807,680.00","761,920.00","809,920.00","752,000.00","0.05K","7.54%"
"08/03/2011","786,041.63","805,120.00","847,680.00","781,760.00","0.07K","-2.68%"
"08/04/2011","892,800.00","820,160.00","893,120.00","815,040.00","0.08K","13.58%"
"08/05/2011","910,400.00","863,040.00","986,560.00","852,480.00","0.17K","1.97%"
"08/08/2011","1,075,200.00","993,280.00","1,075,200.00","947,686.38","0.17K","18.10%"
"08/09/2011","921,280.00","1,029,120.00","1,117,760.00","918,400.00","0.18K","-14.32%"
"08/10/2011","1,024,640.00","981,760.00","1,033,920.00","940,800.00","0.08K","11.22%"
"08/11/2011","894,720.00","989,760.00","1,001,600.00","860,160.00","0.08K","-12.68%"
"08/12/2011","871,040.00","875,520.00","905,280.00","854,720.00","0.05K","-2.65%"
"08/15/2011","833,088.00","860,480.00","872,960.00","833,088.00","0.04K","-4.36%"
"08/16/2011","854,720.00","854,400.00","886,400.00","833,920.00","0.07K","2.60%"
"08/17/2011","869,440.00","850,880.00","894,720.00","828,800.00","0.06K","1.72%"
"08/18/2011","994,560.00","939,200.00","1,019,200.00","939,200.00","0.15K","14.39%"
"08/19/2011","1,049,280.00","1,027,200.00","1,053,120.00","954,240.00","0.13K","5.50%"
"08/22/2011","1,041,280.00","975,360.00","1,049,280.00","974,080.00","0.10K","-0.76%"
"08/23/2011","912,000.00","1,016,320.00","1,030,396.81","911,360.00","0.09K","-12.42%"
"08/24/2011","889,280.00","917,440.00","940,160.00","883,660.81","0.05K","-2.49%"
"08/25/2011","931,840.00","892,480.00","942,080.00","878,400.00","0.07K","4.79%"
"08/26/2011","863,040.00","941,760.00","969,248.00","852,736.00","0.10K","-7.38%"
"08/29/2011","790,080.00","837,440.00","837,440.00","787,840.00","0.07K","-8.45%"
"08/30/2011","775,680.00","800,000.00","811,520.00","760,320.00","0.08K","-1.82%"
"08/31/2011","771,520.00","760,320.00","789,760.00","741,760.00","0.08K","-0.54%"
"09/01/2011","792,000.00","763,840.00","795,520.00","745,920.00","0.07K","2.65%"
"09/02/2011","846,080.00","832,960.00","859,232.00","822,720.00","0.09K","6.83%"
"09/06/2011","846,080.00","906,240.00","911,648.00","842,240.00","0.09K","0.00%"
"09/07/2011","781,440.00","809,600.00","816,768.00","781,120.00","0.05K","-7.64%"
"09/08/2011","792,320.00","793,920.00","799,929.63","759,360.00","0.06K","1.39%"
"09/09/2011","844,160.00","809,280.00","858,560.00","799,408.00","0.07K","6.54%"
"09/12/2011","811,520.00","872,960.00","873,920.00","810,880.00","0.09K","-3.87%"
"09/13/2011","780,160.00","802,880.00","814,400.00","774,720.00","0.05K","-3.86%"
"09/14/2011","747,520.00","768,320.00","790,400.00","720,000.00","0.07K","-4.18%"
"09/15/2011","712,960.00","720,960.00","745,280.00","709,286.38","0.06K","-4.62%"
"09/16/2011","694,080.00","708,160.00","712,640.00","691,200.00","0.06K","-2.65%"
"09/19/2011","692,160.00","719,040.00","736,000.00","681,600.00","0.09K","-0.28%"
"09/20/2011","701,120.00","682,560.00","706,240.00","665,600.00","0.08K","1.29%"
"09/21/2011","737,920.00","691,840.00","738,150.38","680,000.00","0.09K","5.25%"
"09/22/2011","809,280.00","796,160.00","842,240.00","774,720.00","0.17K","9.67%"
"09/23/2011","783,360.00","829,440.00","832,288.00","773,120.00","0.09K","-3.20%"
"09/26/2011","756,800.00","770,240.00","824,640.00","752,640.00","0.08K","-3.39%"
"09/27/2011","734,400.00","718,720.00","748,160.00","698,240.00","0.12K","-2.96%"
"09/28/2011","767,040.00","723,200.00","770,560.00","708,800.00","0.09K","4.44%"
"09/29/2011","791,680.00","729,920.00","831,363.19","727,680.00","0.15K","3.21%"
"09/30/2011","852,544.00","824,320.00","855,040.00","804,160.00","0.14K","7.69%"
"10/03/2011","920,640.00","876,480.00","920,640.00","836,480.00","0.14K","7.99%"
"10/04/2011","862,400.00","948,800.00","975,500.81","856,960.00","0.16K","-6.33%"
"10/05/2011","797,440.00","868,800.00","888,960.00","789,440.00","0.13K","-7.53%"
"10/06/2011","757,120.00","799,360.00","810,240.00","756,800.00","0.09K","-5.06%"
"10/07/2011","771,840.00","756,800.00","786,560.00","747,200.00","0.11K","1.94%"
"10/10/2011","693,120.00","733,120.00","736,000.00","692,800.00","0.09K","-10.20%"
"10/11/2011","679,360.00","697,920.00","700,800.00","672,960.00","0.06K","-1.99%"
"10/12/2011","666,560.00","658,240.00","669,440.00","645,440.00","0.11K","-1.88%"
"10/13/2011","648,960.00","672,000.00","673,280.00","646,400.00","0.09K","-2.64%"
"10/14/2011","612,480.00","624,960.00","635,520.00","612,480.00","0.11K","-5.62%"
"10/17/2011","640,960.00","621,760.00","650,560.00","615,680.00","0.13K","4.65%"
"10/18/2011","616,320.00","644,480.00","661,760.00","606,720.00","0.15K","-3.84%"
"10/19/2011","653,120.00","626,560.00","657,952.00","621,273.63","0.09K","5.97%"
"10/20/2011","660,480.00","654,080.00","689,600.00","651,200.00","0.12K","1.13%"
"10/21/2011","637,440.00","640,640.00","655,360.00","624,000.00","0.09K","-3.49%"
"10/24/2011","598,080.00","630,720.00","631,680.00","592,320.00","0.11K","-6.17%"
"10/25/2011","632,000.00","603,840.00","635,840.00","602,560.00","0.14K","5.67%"
"10/26/2011","633,280.00","621,440.00","669,440.00","617,600.00","0.14K","0.20%"
"10/27/2011","582,080.00","589,760.00","608,928.00","570,880.00","0.15K","-8.08%"
"10/28/2011","579,200.00","592,640.00","592,960.00","576,960.00","0.08K","-0.49%"
"10/31/2011","608,320.00","595,200.00","608,960.00","588,160.00","0.07K","5.03%"
"11/01/2011","655,680.00","652,800.00","665,280.00","639,040.00","0.17K","7.79%"
"11/02/2011","639,040.00","634,880.00","657,280.00","630,720.00","0.09K","-2.54%"
"11/03/2011","599,040.00","624,000.00","645,440.00","596,800.00","0.10K","-6.26%"
"11/04/2011","608,640.00","608,960.00","626,179.19","600,640.00","0.09K","1.60%"
"11/07/2011","595,200.00","610,240.00","627,840.00","593,920.00","0.11K","-2.21%"
"11/08/2011","574,400.00","583,360.00","602,560.00","571,840.00","0.10K","-3.49%"
"11/09/2011","633,600.00","608,320.00","640,000.00","605,760.00","0.11K","10.31%"
"11/10/2011","636,480.00","615,360.00","654,720.00","614,400.00","0.11K","0.45%"
"11/11/2011","600,320.00","619,520.00","621,472.00","593,920.00","0.07K","-5.68%"
"11/14/2011","611,200.00","605,760.00","617,600.00","595,200.00","0.06K","1.81%"
"11/15/2011","591,360.00","616,000.00","618,240.00","583,360.00","0.07K","-3.25%"
"11/16/2011","619,520.00","603,520.00","622,918.38","590,400.00","0.08K","4.76%"
"11/17/2011","662,400.00","624,000.00","674,560.00","623,680.00","0.13K","6.92%"
"11/18/2011","678,720.00","661,760.00","681,920.00","660,800.00","0.12K","2.46%"
"11/21/2011","716,800.00","704,640.00","737,280.00","702,720.00","0.12K","5.61%"
"11/22/2011","710,400.00","723,520.00","735,072.00","704,000.00","0.11K","-0.89%"
"11/23/2011","758,400.00","726,400.00","759,360.00","723,584.00","0.10K","6.76%"
"11/25/2011","776,000.00","767,360.00","776,000.00","741,760.00","0.05K","2.32%"
"11/28/2011","694,400.00","719,040.00","719,360.00","692,160.00","0.06K","-10.52%"
"11/29/2011","708,160.00","698,560.00","713,600.00","680,640.00","0.06K","1.98%"
"11/30/2011","631,680.00","650,240.00","656,928.00","627,456.00","0.07K","-10.80%"
"12/01/2011","616,320.00","629,120.00","630,080.00","611,200.00","0.04K","-2.43%"
"12/02/2011","621,120.00","599,360.00","622,400.00","598,400.00","0.04K","0.78%"
"12/05/2011","601,280.00","593,280.00","611,520.00","588,800.00","0.06K","-3.19%"
"12/06/2011","605,760.00","598,400.00","611,840.00","594,278.38","0.04K","0.75%"
"12/07/2011","606,080.00","611,520.00","628,800.00","597,472.00","0.07K","0.05%"
"12/08/2011","635,840.00","616,320.00","639,360.00","603,200.00","0.06K","4.91%"
"12/09/2011","605,760.00","630,720.00","632,320.00","600,000.00","0.05K","-4.73%"
"12/12/2011","624,640.00","624,640.00","640,643.19","624,000.00","0.06K","3.12%"
"12/13/2011","646,400.00","613,120.00","654,048.00","606,400.00","0.07K","3.48%"
"12/14/2011","676,160.00","654,400.00","687,296.00","652,480.00","0.09K","4.60%"
"12/15/2011","682,240.00","658,240.00","684,992.00","657,280.00","0.05K","0.90%"
"12/16/2011","672,960.00","671,040.00","675,200.00","643,840.00","0.06K","-1.36%"
"12/19/2011","690,560.00","665,280.00","696,640.00","659,520.00","0.07K","2.62%"
"12/20/2011","630,400.00","658,560.00","658,560.00","627,808.00","0.09K","-8.71%"
"12/21/2011","655,680.00","639,680.00","678,080.00","639,680.00","0.07K","4.01%"
"12/22/2011","640,320.00","651,840.00","654,992.00","639,360.00","0.04K","-2.34%"
"12/23/2011","623,360.00","636,160.00","640,243.19","623,040.00","0.03K","-2.65%"
"12/27/2011","618,560.00","626,560.00","627,840.00","612,160.00","0.04K","-0.77%"
"12/28/2011","638,400.00","619,200.00","643,718.38","617,280.00","0.04K","3.21%"
"12/29/2011","625,280.00","636,160.00","641,600.00","624,000.00","0.03K","-2.06%"
"12/30/2011","630,080.00","629,120.00","630,080.00","620,800.00","0.02K","0.77%"
"01/03/2012","594,880.00","594,240.00","599,011.19","584,320.00","0.06K","-5.59%"
"01/04/2012","586,880.00","598,080.00","604,160.00","584,320.00","0.05K","-1.34%"
"01/05/2012","571,840.00","590,400.00","596,480.00","571,139.19","0.06K","-2.56%"
"01/06/2012","566,080.00","570,880.00","577,952.00","562,880.00","0.05K","-1.01%"
"01/09/2012","571,200.00","561,920.00","577,280.00","561,280.00","0.03K","0.90%"
"01/10/2012","559,360.00","552,960.00","563,840.00","548,480.00","0.08K","-2.07%"
"01/11/2012","555,840.00","560,000.00","565,760.00","552,000.00","0.06K","-0.63%"
"01/12/2012","548,160.00","552,320.00","564,032.00","547,200.00","0.07K","-1.38%"
"01/13/2012","554,240.00","557,120.00","568,640.00","554,240.00","0.08K","1.11%"
"01/17/2012","540,800.00","540,160.00","545,920.00","532,480.00","0.07K","-2.42%"
"01/18/2012","518,720.00","537,280.00","539,200.00","518,080.00","0.07K","-4.08%"
"01/19/2012","508,160.00","511,040.00","513,600.00","505,600.00","0.09K","-2.04%"
"01/20/2012","510,080.00","515,200.00","515,840.00","509,760.00","0.03K","0.38%"
"01/23/2012","510,080.00","510,080.00","518,720.00","499,200.00","0.05K","0.00%"
"01/24/2012","512,640.00","517,120.00","519,680.00","508,512.00","0.04K","0.50%"
"01/25/2012","493,440.00","497,600.00","508,480.00","489,600.00","0.08K","-3.75%"
"01/26/2012","498,528.00","486,720.00","504,960.00","484,160.00","0.09K","1.03%"
"01/27/2012","494,080.00","502,080.00","502,080.00","491,520.00","0.07K","-0.89%"
"01/30/2012","492,800.00","505,280.00","512,000.00","490,560.00","0.06K","-0.26%"
"01/31/2012","490,560.00","485,440.00","499,840.00","482,560.00","0.05K","-0.45%"
"02/01/2012","479,040.00","482,240.00","487,360.00","473,280.00","0.07K","-2.35%"
"02/02/2012","474,240.00","473,600.00","479,680.00","469,440.00","0.06K","-1.00%"
"02/03/2012","455,040.00","460,480.00","463,360.00","453,120.00","0.07K","-4.05%"
"02/06/2012","455,360.00","459,200.00","463,356.81","455,040.00","0.04K","0.07%"
"02/07/2012","452,160.00","456,320.00","462,400.00","450,240.00","0.04K","-0.70%"
"02/08/2012","446,080.00","452,160.00","457,280.00","445,760.00","0.05K","-1.34%"
"02/09/2012","435,840.00","440,960.00","448,640.00","434,240.00","0.06K","-2.30%"
"02/10/2012","444,800.00","445,440.00","449,280.00","441,280.00","0.06K","2.06%"
"02/13/2012","432,320.00","434,880.00","440,960.00","430,720.00","0.04K","-2.81%"
"02/14/2012","429,152.00","436,480.00","440,000.00","428,800.00","0.06K","-0.73%"
"02/15/2012","438,720.00","422,720.00","440,000.00","416,000.00","0.14K","2.23%"
"02/16/2012","419,840.00","438,080.00","440,960.00","418,560.00","0.11K","-4.30%"
"02/17/2012","424,000.00","419,200.00","429,120.00","418,880.00","0.04K","0.99%"
"02/21/2012","420,160.00","422,720.00","428,160.00","414,720.00","0.07K","-0.91%"
"02/22/2012","425,600.00","423,040.00","427,840.00","419,200.00","0.04K","1.29%"
"02/23/2012","417,600.00","424,960.00","430,400.00","415,680.00","0.06K","-1.88%"
"02/24/2012","413,120.00","413,760.00","416,640.00","410,880.00","0.05K","-1.07%"
"02/27/2012","411,840.00","420,800.00","425,280.00","407,360.00","0.06K","-0.31%"
"02/28/2012","399,360.00","410,240.00","411,840.00","399,040.00","0.07K","-3.03%"
"02/29/2012","404,480.00","397,760.00","408,000.00","393,920.00","0.10K","1.28%"
"03/01/2012","394,240.00","399,040.00","403,072.00","393,600.00","0.06K","-2.53%"
"03/02/2012","395,520.00","395,520.00","399,360.00","391,680.00","0.05K","0.32%"
"03/05/2012","407,360.00","397,120.00","411,200.00","394,880.00","0.07K","2.99%"
"03/06/2012","419,520.00","419,840.00","425,920.00","416,960.00","0.10K","2.99%"
"03/07/2012","410,240.00","414,080.00","415,680.00","407,040.00","0.06K","-2.21%"
"03/08/2012","396,480.00","402,560.00","405,120.00","393,280.00","0.07K","-3.35%"
"03/09/2012","392,000.00","394,880.00","395,520.00","389,760.00","0.05K","-1.13%"
"03/12/2012","391,363.19","392,000.00","396,800.00","389,760.00","0.03K","-0.16%"
"03/13/2012","368,960.00","384,640.00","386,563.19","368,960.00","0.10K","-5.72%"
"03/14/2012","364,800.00","368,000.00","371,840.00","361,235.19","0.08K","-1.13%"
"03/15/2012","362,240.00","361,920.00","367,360.00","359,680.00","0.08K","-0.70%"
"03/16/2012","362,880.00","360,640.00","365,120.00","360,336.00","0.06K","0.18%"
"03/19/2012","354,880.00","361,280.00","363,798.41","352,640.00","0.06K","-2.20%"
"03/20/2012","352,960.00","360,000.00","363,200.00","352,000.00","0.07K","-0.54%"
"03/21/2012","352,960.00","352,640.00","354,240.00","347,200.00","0.10K","0.00%"
"03/22/2012","355,200.00","359,680.00","359,680.00","352,640.00","0.10K","0.63%"
"03/23/2012","355,520.00","353,920.00","361,600.00","353,600.00","0.05K","0.09%"
"03/26/2012","336,640.00","348,800.00","349,120.00","336,640.00","0.09K","-5.31%"
"03/27/2012","335,360.00","335,680.00","336,320.00","331,244.81","0.05K","-0.38%"
"03/28/2012","339,200.00","334,880.00","344,960.00","331,200.00","0.07K","1.15%"
"03/29/2012","343,360.00","344,640.00","350,400.00","339,520.00","0.06K","1.23%"
"03/30/2012","345,280.00","338,560.00","349,120.00","338,240.00","0.04K","0.56%"
"04/02/2012","334,400.00","346,240.00","348,160.00","333,120.00","0.05K","-3.15%"
"04/03/2012","334,720.00","333,440.00","340,160.00","329,920.00","0.06K","0.10%"
"04/04/2012","348,480.00","342,720.00","353,920.00","341,440.00","0.08K","4.11%"
"04/05/2012","341,760.00","350,400.00","351,040.00","341,120.00","0.06K","-1.93%"
"04/09/2012","349,760.00","354,880.00","356,160.00","345,600.00","0.09K","2.34%"
"04/10/2012","366,080.00","350,080.00","369,600.00","346,240.00","0.13K","4.67%"
"04/11/2012","361,280.00","356,480.00","363,840.00","353,600.00","0.08K","-1.31%"
"04/12/2012","348,480.00","358,720.00","360,003.19","347,200.00","0.08K","-3.54%"
"04/13/2012","364,480.00","352,640.00","364,800.00","352,000.00","0.08K","4.59%"
"04/16/2012","375,680.00","358,400.00","379,840.00","358,080.00","0.10K","3.07%"
"04/17/2012","353,600.00","371,200.00","373,440.00","350,300.81","0.09K","-5.88%"
"04/18/2012","356,160.00","357,120.00","359,360.00","349,760.00","0.08K","0.72%"
"04/19/2012","367,360.00","359,680.00","372,073.59","347,200.00","0.13K","3.14%"
"04/20/2012","371,840.00","362,560.00","372,800.00","357,440.00","0.09K","1.22%"
"04/23/2012","380,800.00","381,760.00","391,680.00","379,840.00","0.10K","2.41%"
"04/24/2012","387,520.00","383,040.00","392,320.00","378,880.00","0.08K","1.76%"
"04/25/2012","356,480.00","363,840.00","365,116.81","356,112.00","0.10K","-8.01%"
"04/26/2012","350,080.00","356,480.00","358,080.00","347,840.00","0.10K","-1.80%"
"04/27/2012","344,320.00","346,240.00","351,360.00","340,800.00","0.08K","-1.65%"
"04/30/2012","351,040.00","347,520.00","352,000.00","344,960.00","0.05K","1.95%"
"05/01/2012","349,440.00","352,320.00","353,920.00","337,920.00","0.08K","-0.46%"
"05/02/2012","346,880.00","355,520.00","357,120.00","345,936.00","0.07K","-0.73%"
"05/03/2012","357,120.00","345,600.00","360,160.00","344,960.00","0.08K","2.95%"
"05/04/2012","384,000.00","367,360.00","384,000.00","366,080.00","0.13K","7.53%"
"05/07/2012","383,040.00","391,040.00","391,680.00","377,600.00","0.10K","-0.25%"
"05/08/2012","387,520.00","390,720.00","406,076.81","383,680.00","0.17K","1.17%"
"05/09/2012","389,440.00","400,960.00","405,443.19","384,640.00","0.17K","0.50%"
"05/10/2012","393,440.00","385,600.00","397,760.00","385,280.00","0.07K","1.03%"
"05/11/2012","393,680.00","397,520.00","398,400.00","380,960.00","0.23K","0.06%"
"05/14/2012","404,640.00","402,960.00","406,232.00","395,200.00","0.30K","2.78%"
"05/15/2012","408,480.00","400,480.00","410,480.00","391,200.00","0.32K","0.95%"
"05/16/2012","417,120.00","403,840.00","419,120.00","400,528.00","0.21K","2.12%"
"05/17/2012","443,520.00","416,960.00","443,520.00","414,400.00","0.34K","6.33%"
"05/18/2012","459,440.00","439,040.00","461,440.00","435,680.00","0.38K","3.59%"
"05/21/2012","422,160.00","458,080.00","459,520.00","420,664.00","0.29K","-8.11%"
"05/22/2012","423,760.00","418,800.00","432,400.00","413,200.00","0.25K","0.38%"
"05/23/2012","420,800.00","433,920.00","445,040.00","417,760.00","0.37K","-0.70%"
"05/24/2012","428,560.00","418,800.00","438,400.00","417,840.00","0.35K","1.84%"
"05/25/2012","431,120.00","428,400.00","434,480.00","425,520.00","0.20K","0.60%"
"05/29/2012","414,400.00","418,560.00","426,320.00","408,240.00","0.20K","-3.88%"
"05/30/2012","424,480.00","425,680.00","432,240.00","420,320.00","0.21K","2.43%"
"05/31/2012","430,320.00","426,400.00","439,760.00","423,120.00","0.29K","1.38%"
"06/01/2012","465,120.00","452,960.00","465,120.00","445,600.00","0.31K","8.09%"
"06/04/2012","454,160.00","460,560.81","472,872.00","451,760.00","0.33K","-2.36%"
"06/05/2012","448,240.00","458,640.00","459,280.00","445,680.00","0.20K","-1.30%"
"06/06/2012","417,120.00","437,840.00","439,360.00","416,400.00","0.26K","-6.94%"
"06/07/2012","422,080.00","404,480.00","423,199.19","404,080.00","0.23K","1.19%"
"06/08/2012","409,600.00","424,720.00","428,320.00","408,400.00","0.19K","-2.96%"
"06/11/2012","428,880.00","400,720.00","431,280.00","400,000.00","0.23K","4.71%"
"06/12/2012","415,040.00","424,960.00","433,120.00","414,480.00","0.26K","-3.23%"
"06/13/2012","423,760.00","418,800.00","427,840.00","409,040.00","0.22K","2.10%"
"06/14/2012","418,400.00","423,760.00","430,232.00","413,840.00","0.27K","-1.26%"
"06/15/2012","402,160.00","415,520.00","415,600.00","401,440.00","0.19K","-3.88%"
"06/18/2012","392,080.00","407,600.00","409,920.00","388,880.00","0.18K","-2.51%"
"06/19/2012","379,520.00","385,920.00","386,676.81","374,640.00","0.17K","-3.20%"
"06/20/2012","378,240.00","377,440.00","386,800.00","373,760.00","0.20K","-0.34%"
"06/21/2012","406,480.00","380,000.00","408,000.00","378,240.00","0.22K","7.47%"
"06/22/2012","393,840.00","402,800.00","405,760.00","392,240.00","0.15K","-3.11%"
"06/25/2012","416,800.00","403,360.00","419,840.00","403,120.00","0.33K","5.83%"
"06/26/2012","408,640.00","412,480.00","418,000.00","405,120.00","0.17K","-1.96%"
"06/27/2012","401,360.00","403,680.00","405,280.00","395,920.00","0.11K","-1.78%"
"06/28/2012","413,920.00","410,480.00","427,040.00","409,440.00","0.24K","3.13%"
"06/29/2012","375,360.00","390,560.00","394,080.00","375,360.00","0.23K","-9.32%"
"07/02/2012","371,600.00","373,840.00","380,480.00","371,440.00","0.15K","-1.00%"
"07/03/2012","362,800.00","371,680.00","373,200.00","362,800.00","0.08K","-2.37%"
"07/05/2012","362,000.00","363,760.00","369,351.19","356,560.00","0.19K","-0.22%"
"07/06/2012","375,360.00","366,720.00","383,036.00","366,000.00","0.23K","3.69%"
"07/09/2012","377,360.00","376,960.00","382,918.41","372,864.00","0.15K","0.53%"
"07/10/2012","387,840.00","371,040.00","392,636.00","368,400.00","0.23K","2.78%"
"07/11/2012","394,720.00","389,920.00","404,312.00","386,720.00","0.26K","1.77%"
"07/12/2012","406,000.00","404,080.00","416,560.00","401,124.00","0.30K","2.86%"
"07/13/2012","387,760.00","402,560.00","403,280.81","384,800.00","0.17K","-4.49%"
"07/16/2012","390,800.00","390,160.00","395,120.00","384,880.00","0.14K","0.78%"
"07/17/2012","384,560.00","383,520.00","401,200.00","380,720.00","0.19K","-1.60%"
"07/18/2012","368,640.00","387,200.00","387,200.00","365,440.00","0.24K","-4.14%"
"07/19/2012","356,640.00","361,360.00","363,072.00","353,120.00","0.23K","-3.26%"
"07/20/2012","370,080.00","356,880.00","371,040.00","356,560.00","0.22K","3.77%"
"07/23/2012","384,000.00","392,160.00","400,480.00","380,320.00","0.25K","3.76%"
"07/24/2012","392,960.00","382,560.00","400,160.00","380,640.00","0.23K","2.33%"
"07/25/2012","400,960.00","402,160.00","408,080.00","393,520.00","0.20K","2.04%"
"07/26/2012","385,680.00","383,520.00","392,560.00","377,760.00","0.19K","-3.81%"
"07/27/2012","357,040.00","376,720.00","380,080.00","355,680.00","0.22K","-7.43%"
"07/30/2012","358,880.00","354,720.00","361,920.00","350,240.00","0.26K","0.52%"
"07/31/2012","359,200.00","356,880.00","359,600.00","352,400.00","0.18K","0.09%"
"08/01/2012","361,200.00","351,120.00","366,240.00","350,960.00","0.20K","0.56%"
"08/02/2012","365,440.00","370,720.00","373,600.00","354,880.00","0.31K","1.17%"
"08/03/2012","344,640.00","348,000.00","351,676.00","340,000.00","0.32K","-5.69%"
"08/06/2012","336,880.00","339,760.00","341,520.00","332,320.00","0.20K","-2.25%"
"08/07/2012","328,400.00","332,320.00","334,076.00","324,240.00","0.22K","-2.52%"
"08/08/2012","328,960.00","330,960.00","332,400.00","326,640.00","0.21K","0.17%"
"08/09/2012","326,240.00","328,880.00","330,640.00","324,501.59","0.14K","-0.83%"
"08/10/2012","324,960.00","329,200.00","331,600.81","324,960.00","0.14K","-0.39%"
"08/13/2012","322,720.00","325,120.00","330,400.00","322,720.00","0.11K","-0.69%"
"08/14/2012","322,400.00","319,360.00","325,040.00","317,200.00","0.17K","-0.10%"
"08/15/2012","320,000.00","323,040.00","323,280.00","318,480.00","0.12K","-0.74%"
"08/16/2012","308,480.00","316,480.00","317,416.00","306,168.00","0.23K","-3.60%"
"08/17/2012","304,320.00","306,560.00","308,479.19","304,240.00","0.17K","-1.35%"
"08/20/2012","302,880.00","304,960.00","308,400.00","302,800.00","0.14K","-0.47%"
"08/21/2012","306,800.00","300,160.00","310,160.00","296,802.41","0.22K","1.29%"
"08/22/2012","303,040.00","308,720.00","310,960.00","300,960.00","0.18K","-1.23%"
"08/23/2012","309,760.00","306,720.00","312,320.00","303,999.19","0.15K","2.22%"
"08/24/2012","304,640.00","312,320.00","313,760.00","302,080.00","0.14K","-1.65%"
"08/27/2012","303,040.00","300,088.81","304,800.00","299,280.00","0.12K","-0.53%"
"08/28/2012","302,800.00","303,680.00","306,629.59","300,480.00","0.14K","-0.08%"
"08/29/2012","302,800.00","302,400.00","306,501.59","300,413.59","0.10K","0.00%"
"08/30/2012","312,000.00","306,640.00","313,280.00","306,320.00","0.13K","3.04%"
"08/31/2012","306,000.00","304,720.00","314,882.41","301,600.81","0.27K","-1.92%"
"09/04/2012","306,240.00","307,040.00","315,440.00","303,040.00","0.19K","0.08%"
"09/05/2012","307,520.00","307,120.00","309,888.00","302,960.00","0.17K","0.42%"
"09/06/2012","287,200.00","302,000.00","302,080.00","286,800.00","0.28K","-6.61%"
"09/07/2012","288,160.00","288,640.00","290,560.00","286,653.59","0.14K","0.33%"
"09/10/2012","298,880.00","290,400.00","299,680.00","288,560.00","0.16K","3.72%"
"09/11/2012","300,320.00","299,200.00","302,000.00","295,600.00","0.17K","0.48%"
"09/12/2012","297,520.00","297,520.00","303,280.00","295,600.00","0.20K","-0.93%"
"09/13/2012","285,760.00","297,040.00","298,080.00","282,000.00","0.32K","-3.95%"
"09/14/2012","278,000.00","282,240.00","282,800.00","274,968.00","0.26K","-2.72%"
"09/17/2012","277,768.00","277,600.00","280,640.00","277,440.00","0.22K","-0.08%"
"09/18/2012","277,128.00","280,080.00","280,080.00","276,640.81","0.19K","-0.23%"
"09/19/2012","275,280.00","277,040.00","279,440.00","273,200.00","0.21K","-0.67%"
"09/20/2012","276,080.00","279,600.00","281,536.00","275,520.00","0.21K","0.29%"
"09/21/2012","276,000.00","272,160.00","276,712.00","271,440.00","0.16K","-0.03%"
"09/24/2012","281,280.00","282,960.00","284,400.00","279,280.00","0.23K","1.91%"
"09/25/2012","292,400.00","278,480.00","292,960.00","276,720.00","0.25K","3.95%"
"09/26/2012","299,600.00","293,840.00","304,160.00","293,280.00","0.36K","2.46%"
"09/27/2012","287,120.00","297,520.00","299,040.00","285,200.00","0.26K","-4.17%"
"09/28/2012","294,240.00","290,160.00","294,960.00","287,520.00","0.27K","2.48%"
"10/01/2012","295,280.00","289,920.00","298,400.00","284,640.00","0.20K","0.35%"
"10/02/2012","292,880.00","291,760.00","299,920.00","288,960.00","0.29K","-0.81%"
"10/03/2012","287,679.19","290,400.00","294,160.00","286,000.00","0.27K","-1.78%"
"10/04/2012","284,400.00","285,840.00","288,627.19","282,160.00","0.18K","-1.14%"
"10/05/2012","288,880.00","280,320.00","291,040.00","278,880.00","0.22K","1.58%"
"10/08/2012","296,640.00","294,160.00","298,800.00","292,160.00","0.20K","2.69%"
"10/09/2012","311,120.00","299,120.00","313,040.00","299,120.00","0.27K","4.88%"
"10/10/2012","315,608.00","311,280.00","317,280.00","308,799.19","0.20K","1.44%"
"10/11/2012","319,040.00","308,560.00","319,200.00","308,000.00","0.18K","1.09%"
"10/12/2012","319,200.00","318,640.00","320,960.00","313,528.00","0.17K","0.05%"
"10/15/2012","312,320.00","315,200.00","321,280.00","310,728.00","0.17K","-2.16%"
"10/16/2012","298,160.00","310,640.00","310,800.00","297,680.00","0.20K","-4.53%"
"10/17/2012","299,360.00","303,520.00","304,559.19","296,480.00","0.24K","0.40%"
"10/18/2012","309,280.00","302,480.00","312,960.00","299,200.00","0.34K","3.31%"
"10/19/2012","331,840.00","310,640.00","332,960.00","310,160.00","0.49K","7.29%"
"10/22/2012","326,720.00","332,640.00","334,400.00","324,000.00","0.28K","-1.54%"
"10/23/2012","336,160.00","334,560.00","338,960.00","327,520.00","0.39K","2.89%"
"10/24/2012","340,000.00","330,160.00","340,960.00","328,720.00","0.20K","1.14%"
"10/25/2012","339,120.00","332,400.00","342,400.00","330,640.00","0.24K","-0.26%"
"10/26/2012","336,000.00","339,440.00","347,360.00","332,240.00","0.26K","-0.92%"
"10/31/2012","342,400.00","337,120.00","346,160.00","336,000.00","0.14K","1.90%"
"11/01/2012","327,680.00","336,560.00","338,880.00","325,840.00","0.20K","-4.30%"
"11/02/2012","338,800.00","323,440.00","339,120.00","322,800.00","0.15K","3.39%"
"11/05/2012","331,440.00","338,080.00","340,080.00","329,520.00","0.18K","-2.17%"
"11/06/2012","329,360.00","330,000.00","333,440.00","322,880.00","0.23K","-0.63%"
"11/07/2012","352,560.00","339,680.00","356,880.00","339,040.00","0.37K","7.04%"
"11/08/2012","369,520.00","350,160.00","369,520.00","347,440.00","0.29K","4.81%"
"11/09/2012","364,800.00","368,880.00","369,520.00","352,960.00","0.37K","-1.28%"
"11/12/2012","364,720.00","358,240.00","367,920.00","357,200.00","0.15K","-0.02%"
"11/13/2012","372,400.00","373,919.19","375,840.00","362,080.00","0.34K","2.11%"
"11/14/2012","385,600.00","367,280.00","387,280.00","366,000.00","0.27K","3.54%"
"11/15/2012","389,776.00","385,200.00","393,760.00","380,960.00","0.37K","1.08%"
"11/16/2012","385,360.00","388,480.00","403,040.00","381,200.00","0.35K","-1.13%"
"11/19/2012","356,800.00","372,000.00","372,080.00","356,160.00","0.23K","-7.41%"
"11/20/2012","356,680.00","356,880.00","366,799.19","355,120.00","0.19K","-0.03%"
"11/21/2012","354,240.00","355,600.00","359,680.00","352,880.00","0.12K","-0.68%"
"11/23/2012","338,160.00","347,520.00","348,608.00","338,000.00","0.16K","-4.54%"
"11/26/2012","333,676.81","340,080.00","343,756.81","333,360.00","0.19K","-1.33%"
"11/27/2012","337,120.00","334,560.00","338,640.00","330,400.00","0.23K","1.03%"
"11/28/2012","328,800.00","342,240.00","348,080.00","327,680.00","0.35K","-2.47%"
"11/29/2012","322,720.00","323,440.00","327,440.00","319,120.00","0.29K","-1.85%"
"11/30/2012","323,760.00","322,560.00","326,880.00","321,520.81","0.20K","0.32%"
"12/03/2012","325,600.00","316,560.00","326,320.00","315,680.00","0.27K","0.57%"
"12/04/2012","327,360.00","325,280.00","332,880.00","324,560.81","0.27K","0.54%"
"12/05/2012","337,280.00","328,080.00","342,720.00","328,000.00","0.30K","3.03%"
"12/06/2012","331,200.00","340,240.00","343,184.00","328,240.00","0.21K","-1.80%"
"12/07/2012","336,720.00","325,760.00","340,068.00","324,800.00","0.17K","1.67%"
"12/10/2012","333,520.00","339,440.00","339,520.00","328,560.00","0.14K","-0.95%"
"12/11/2012","320,640.00","326,800.00","327,600.00","315,040.00","0.32K","-3.86%"
"12/12/2012","323,040.00","315,760.00","325,280.00","315,440.00","0.31K","0.75%"
"12/13/2012","330,160.00","324,400.00","334,480.00","317,840.00","0.23K","2.20%"
"12/14/2012","339,520.00","336,480.00","343,040.00","333,840.00","0.18K","2.83%"
"12/17/2012","325,920.00","338,800.00","340,160.00","325,840.00","0.18K","-4.01%"
"12/18/2012","310,976.00","320,640.00","324,000.00","309,680.00","0.35K","-4.59%"
"12/19/2012","315,440.00","308,800.00","315,600.00","308,240.00","0.26K","1.44%"
"12/20/2012","315,200.00","313,680.00","320,000.00","312,880.00","0.27K","-0.08%"
"12/21/2012","325,040.00","329,760.00","333,840.00","324,000.00","0.22K","3.12%"
"12/24/2012","327,600.00","327,760.00","329,200.00","326,119.19","0.05K","0.79%"
"12/26/2012","335,504.00","326,960.00","338,880.00","325,520.00","0.10K","2.41%"
"12/27/2012","336,960.00","334,960.00","349,680.81","333,440.00","0.30K","0.43%"
"12/28/2012","346,720.00","344,000.00","347,039.19","336,640.00","0.17K","2.90%"
"12/31/2012","324,400.00","348,320.00","349,680.00","322,560.00","0.25K","-6.44%"
"01/02/2013","293,520.00","300,960.00","304,320.00","293,520.00","0.34K","-9.52%"
"01/03/2013","297,920.00","293,840.00","300,800.00","291,920.00","0.27K","1.50%"
"01/04/2013","300,880.00","297,840.00","303,200.00","297,840.00","0.17K","0.99%"
"01/07/2013","300,320.00","303,920.00","306,240.00","299,440.00","0.15K","-0.19%"
"01/08/2013","302,000.00","301,120.00","307,280.00","298,720.81","0.16K","0.56%"
"01/09/2013","299,280.00","301,200.00","301,929.59","296,640.00","0.14K","-0.90%"
"01/10/2013","293,840.00","293,200.00","302,160.00","292,400.00","0.15K","-1.82%"
"01/11/2013","292,640.00","294,000.00","296,000.00","292,160.00","0.11K","-0.41%"
"01/14/2013","296,400.00","297,200.00","300,160.00","294,240.00","0.14K","1.28%"
"01/15/2013","300,720.00","300,720.00","304,640.00","299,600.00","0.16K","1.46%"
"01/16/2013","297,120.00","299,200.00","301,120.00","294,240.00","0.13K","-1.20%"
"01/17/2013","292,720.00","293,528.00","295,040.00","289,536.00","0.21K","-1.48%"
"01/18/2013","294,880.00","295,760.00","298,800.00","294,000.00","0.20K","0.74%"
"01/22/2013","293,200.00","294,000.00","299,280.00","292,880.00","0.17K","-0.57%"
"01/23/2013","288,160.00","288,320.00","289,760.00","285,448.00","0.17K","-1.72%"
"01/24/2013","299,760.00","299,520.00","301,200.00","292,052.81","0.21K","4.03%"
"01/25/2013","295,360.00","297,120.00","298,640.00","292,720.00","0.17K","-1.47%"
"01/28/2013","293,760.00","294,880.00","296,239.19","290,320.00","0.18K","-0.54%"
"01/29/2013","293,360.00","294,400.00","300,080.00","291,280.00","0.30K","-0.14%"
"01/30/2013","294,400.00","291,760.00","296,880.81","288,888.00","0.26K","0.35%"
"01/31/2013","296,800.00","294,800.00","297,680.00","290,640.00","0.21K","0.82%"
"02/01/2013","286,480.00","290,400.00","294,240.00","284,960.00","0.26K","-3.48%"
"02/04/2013","301,450.41","291,600.00","301,520.00","288,960.00","0.22K","5.23%"
"02/05/2013","288,240.00","297,520.00","299,520.00","285,359.19","0.21K","-4.38%"
"02/06/2013","290,880.00","290,880.00","293,360.00","287,024.00","0.22K","0.92%"
"02/07/2013","290,080.00","289,600.00","299,600.00","289,120.00","0.20K","-0.28%"
"02/08/2013","281,192.00","285,360.00","286,240.00","279,280.00","0.23K","-3.06%"
"02/11/2013","281,200.00","280,560.00","283,680.00","280,240.00","0.12K","0.00%"
"02/12/2013","284,480.00","281,976.00","285,120.00","280,264.00","0.13K","1.17%"
"02/13/2013","281,280.00","281,760.00","283,919.19","278,088.00","0.14K","-1.12%"
"02/14/2013","281,760.00","284,880.00","285,600.00","280,320.00","0.11K","0.17%"
"02/15/2013","284,080.00","281,520.00","286,320.00","279,600.00","0.13K","0.82%"
"02/19/2013","277,760.00","282,000.00","282,480.00","277,600.00","0.15K","-2.22%"
"02/20/2013","290,160.00","277,840.00","290,560.00","277,712.00","0.21K","4.46%"
"02/21/2013","300,080.00","293,920.00","303,120.00","292,880.00","0.27K","3.42%"
"02/22/2013","291,120.00","294,800.00","298,239.19","290,960.00","0.17K","-2.99%"
"02/25/2013","301,920.00","284,800.00","302,560.00","282,240.00","0.26K","3.71%"
"02/26/2013","298,400.00","300,240.00","306,400.00","296,480.00","0.36K","-1.17%"
"02/27/2013","289,040.00","298,320.00","299,439.19","283,520.00","0.28K","-3.14%"
"02/28/2013","290,560.00","289,200.00","290,880.00","282,720.00","0.17K","0.53%"
"03/01/2013","286,640.00","293,920.00","298,160.00","285,840.00","0.25K","-1.35%"
"03/04/2013","282,800.00","289,840.00","291,200.00","282,800.00","0.22K","-1.34%"
"03/05/2013","270,720.00","278,160.00","278,400.00","269,760.00","0.27K","-4.27%"
"03/06/2013","272,800.00","268,320.00","273,840.00","268,000.00","0.17K","0.77%"
"03/07/2013","270,560.00","272,080.00","273,342.41","269,360.00","0.13K","-0.82%"
"03/08/2013","269,520.00","267,760.00","272,800.00","266,720.81","0.13K","-0.38%"
"03/11/2013","267,280.00","270,400.00","273,120.00","267,092.00","0.11K","-0.83%"
"03/12/2013","270,560.00","269,520.00","273,920.00","267,920.00","0.16K","1.23%"
"03/13/2013","271,280.00","269,200.00","274,080.00","268,160.00","0.21K","0.27%"
"03/14/2013","268,560.00","268,560.00","270,239.19","266,800.00","0.13K","-1.00%"
"03/15/2013","270,720.00","267,840.00","272,800.00","267,600.00","0.16K","0.80%"
"03/18/2013","272,720.00","278,000.00","280,000.00","269,280.00","0.23K","0.74%"
"03/19/2013","273,600.00","270,240.00","281,280.00","268,480.00","0.31K","0.32%"
"03/20/2013","268,480.00","268,240.00","272,080.00","266,480.00","0.20K","-1.87%"
"03/21/2013","277,120.00","275,200.00","279,280.00","273,536.00","0.20K","3.22%"
"03/22/2013","269,520.00","274,000.00","274,960.00","268,800.00","0.24K","-2.74%"
"03/25/2013","272,240.00","266,800.00","276,080.00","265,120.00","0.27K","1.01%"
"03/26/2013","267,840.00","269,200.00","270,880.00","267,680.00","0.16K","-1.62%"
"03/27/2013","266,480.00","272,960.00","274,320.00","266,320.00","0.22K","-0.51%"
"03/28/2013","264,800.00","266,800.00","268,720.00","264,000.00","0.17K","-0.63%"
"04/01/2013","270,080.00","264,160.00","272,160.00","263,520.00","0.24K","1.99%"
"04/02/2013","263,680.00","266,560.00","266,959.19","261,200.00","0.32K","-2.37%"
"04/03/2013","270,240.00","262,960.00","272,800.00","262,240.00","0.23K","2.49%"
"04/04/2013","270,320.00","271,200.00","275,040.00","268,800.81","0.15K","0.03%"
"04/05/2013","277,360.00","283,600.00","285,280.00","276,240.00","0.27K","2.60%"
"04/08/2013","272,960.00","277,120.00","279,440.81","272,800.00","0.19K","-1.59%"
"04/09/2013","267,440.00","270,480.00","274,560.00","264,240.00","0.33K","-2.02%"
"04/10/2013","251,840.00","264,800.00","265,039.19","250,800.00","0.45K","-5.83%"
"04/11/2013","251,760.00","253,840.00","254,560.00","250,480.00","0.27K","-0.03%"
"04/12/2013","252,320.00","253,920.00","258,400.00","252,195.20","0.24K","0.22%"
"04/15/2013","267,680.00","256,000.00","268,320.00","254,240.00","0.43K","6.09%"
"04/16/2013","256,480.00","262,640.00","264,560.00","256,080.00","0.23K","-4.18%"
"04/17/2013","271,760.00","263,760.00","276,320.00","263,360.00","0.45K","5.96%"
"04/18/2013","283,280.00","269,600.00","286,624.00","269,520.00","0.46K","4.24%"
"04/19/2013","270,880.00","281,280.00","282,800.00","269,760.00","0.30K","-4.38%"
"04/22/2013","263,200.00","268,240.00","271,520.00","260,240.80","0.27K","-2.84%"
"04/23/2013","255,680.00","258,472.00","262,800.00","252,880.00","0.44K","-2.86%"
"04/24/2013","256,000.00","257,600.00","259,280.00","253,200.00","0.28K","0.13%"
"04/25/2013","251,760.00","253,600.00","254,000.00","249,040.00","0.27K","-1.66%"
"04/26/2013","254,080.00","253,840.00","257,360.00","252,000.00","0.22K","0.92%"
"04/29/2013","247,120.00","251,840.00","251,840.00","244,240.00","0.29K","-2.74%"
"04/30/2013","241,680.00","246,320.00","248,960.00","241,600.00","0.24K","-2.20%"
"05/01/2013","244,720.00","241,840.00","246,480.00","240,560.00","0.22K","1.26%"
"05/02/2013","235,920.00","244,000.00","244,480.00","234,320.00","0.27K","-3.60%"
"05/03/2013","227,600.00","229,120.00","229,519.20","225,280.00","0.26K","-3.53%"
"05/06/2013","224,960.00","226,400.00","226,800.00","223,760.00","0.17K","-1.16%"
"05/07/2013","225,440.00","223,920.00","227,600.00","223,200.00","0.27K","0.21%"
"05/08/2013","221,760.00","225,760.00","226,620.00","221,280.00","0.19K","-1.63%"
"05/09/2013","222,480.00","222,960.00","224,080.00","218,400.00","0.20K","0.32%"
"05/10/2013","218,560.00","221,520.00","222,559.20","218,400.00","0.18K","-1.76%"
"05/13/2013","217,760.00","219,760.00","220,480.00","216,320.00","0.18K","-0.37%"
"05/14/2013","214,640.00","217,760.00","217,760.00","212,480.00","0.20K","-1.43%"
"05/15/2013","213,280.00","215,760.00","217,360.00","212,640.80","0.16K","-0.63%"
"05/16/2013","214,000.00","212,240.00","214,233.59","209,519.20","0.26K","0.34%"
"05/17/2013","207,600.00","210,960.00","212,596.00","207,360.00","0.24K","-2.99%"
"05/20/2013","208,960.00","209,280.00","211,040.00","206,640.00","0.21K","0.66%"
"05/21/2013","207,760.00","208,880.00","211,040.00","205,680.00","0.21K","-0.57%"
"05/22/2013","213,200.00","206,960.00","216,560.00","202,160.00","0.71K","2.62%"
"05/23/2013","214,800.00","218,960.00","220,240.00","212,800.00","0.47K","0.75%"
"05/24/2013","215,120.00","219,120.00","220,960.00","215,120.00","0.31K","0.15%"
"05/28/2013","210,800.00","207,600.00","212,880.00","205,200.00","0.36K","-2.01%"
"05/29/2013","214,000.00","213,360.00","217,440.00","211,680.00","0.41K","1.52%"
"05/30/2013","210,560.00","213,920.00","213,920.00","207,672.00","0.30K","-1.61%"
"05/31/2013","216,960.00","213,120.00","216,960.00","208,160.00","0.28K","3.04%"
"06/03/2013","214,960.00","216,080.00","223,520.00","214,960.00","0.70K","-0.92%"
"06/04/2013","218,480.00","213,920.00","221,040.00","211,280.00","0.53K","1.64%"
"06/05/2013","226,800.00","220,400.00","227,440.00","218,080.00","0.63K","3.81%"
"06/06/2013","223,760.00","226,080.00","232,544.00","223,600.00","0.58K","-1.34%"
"06/07/2013","214,560.00","220,800.00","222,480.00","213,760.00","0.47K","-4.11%"
"06/10/2013","214,240.80","212,960.00","215,500.00","211,200.00","0.37K","-0.15%"
"06/11/2013","220,640.00","220,640.00","222,640.00","214,880.00","0.52K","2.99%"
"06/12/2013","228,160.00","216,720.00","229,120.00","216,400.00","0.57K","3.41%"
"06/13/2013","219,680.00","229,120.00","231,040.00","218,080.00","0.37K","-3.72%"
"06/14/2013","223,680.00","219,520.00","224,800.00","218,800.00","0.35K","1.82%"
"06/17/2013","217,600.00","218,240.00","220,960.00","213,520.00","0.49K","-2.72%"
"06/18/2013","212,240.00","216,480.00","216,640.00","210,800.00","0.38K","-2.46%"
"06/19/2013","219,200.00","211,801.59","219,760.00","211,280.00","0.66K","3.28%"
"06/20/2013","235,280.00","226,720.00","236,800.00","224,480.00","0.69K","7.34%"
"06/21/2013","238,000.00","234,880.00","244,220.00","232,888.00","0.57K","1.16%"
"06/24/2013","245,200.00","244,160.00","251,360.00","239,920.80","0.82K","3.03%"
"06/25/2013","240,400.00","238,480.00","244,480.00","237,040.00","0.30K","-1.96%"
"06/26/2013","233,840.00","234,080.00","236,400.00","232,320.00","0.34K","-2.73%"
"06/27/2013","230,480.00","230,080.00","231,120.00","226,320.00","0.42K","-1.44%"
"06/28/2013","230,240.00","233,120.00","234,400.00","225,600.00","0.57K","-0.10%"
"07/01/2013","225,520.00","224,880.00","226,088.00","219,920.00","0.42K","-2.05%"
"07/02/2013","225,600.00","225,920.00","228,800.00","221,120.00","0.48K","0.04%"
"07/03/2013","222,400.00","227,600.00","228,160.00","219,220.00","0.20K","-1.42%"
"07/05/2013","217,520.00","218,792.00","224,000.00","217,040.00","0.43K","-2.19%"
"07/08/2013","216,720.00","213,840.00","219,040.00","213,840.00","0.26K","-0.37%"
"07/09/2013","212,800.00","213,760.00","216,639.20","211,360.00","0.37K","-1.81%"
"07/10/2013","209,040.00","213,520.00","213,520.00","208,160.00","0.36K","-1.77%"
"07/11/2013","196,480.00","202,240.00","202,800.00","196,080.00","0.40K","-6.01%"
"07/12/2013","194,080.00","196,160.00","197,680.00","193,616.00","0.27K","-1.22%"
"07/15/2013","192,640.00","193,440.00","194,960.00","192,320.00","0.17K","-0.74%"
"07/16/2013","193,360.00","192,240.00","194,880.00","191,760.00","0.16K","0.37%"
"07/17/2013","192,080.00","191,760.00","193,576.00","190,640.00","0.16K","-0.66%"
"07/18/2013","193,200.00","192,160.00","194,319.20","190,568.00","0.21K","0.58%"
"07/19/2013","199,200.00","198,160.00","200,960.00","198,160.00","0.27K","3.11%"
"07/22/2013","197,600.00","197,200.00","199,360.00","196,240.00","0.15K","-0.80%"
"07/23/2013","201,920.00","196,480.00","202,400.00","196,400.00","0.24K","2.19%"
"07/24/2013","199,920.00","196,000.00","201,360.00","195,760.00","0.26K","-0.99%"
"07/25/2013","196,080.00","197,120.00","200,320.80","195,520.00","0.33K","-1.92%"
"07/26/2013","193,040.00","198,400.00","199,440.00","193,040.00","0.24K","-1.55%"
"07/29/2013","193,760.00","194,080.00","195,680.00","191,680.00","0.21K","0.37%"
"07/30/2013","191,120.00","192,080.00","193,120.00","188,640.00","0.35K","-1.36%"
"07/31/2013","190,160.00","190,080.00","191,040.00","186,720.00","0.34K","-0.50%"
"08/01/2013","184,160.00","186,000.00","186,715.20","183,360.00","0.26K","-3.16%"
"08/02/2013","180,960.00","184,080.00","185,280.00","180,960.00","0.21K","-1.74%"
"08/05/2013","180,720.00","181,840.00","182,240.00","180,240.00","0.15K","-0.13%"
"08/06/2013","183,920.00","181,280.00","186,000.00","180,880.00","0.20K","1.77%"
"08/07/2013","184,480.00","185,120.00","188,800.00","183,920.00","0.26K","0.30%"
"08/08/2013","181,920.00","181,760.00","185,680.00","180,880.00","0.21K","-1.39%"
"08/09/2013","184,160.00","182,560.00","185,840.00","181,120.00","0.18K","1.23%"
"08/12/2013","183,200.00","186,560.00","186,560.00","182,080.00","0.15K","-0.52%"
"08/13/2013","179,920.00","182,320.00","186,240.00","178,720.00","0.31K","-1.79%"
"08/14/2013","182,000.00","180,320.00","182,719.20","179,440.00","0.33K","1.16%"
"08/15/2013","191,040.00","187,920.00","192,665.59","187,920.00","0.39K","4.97%"
"08/16/2013","191,520.00","191,120.00","192,479.20","188,560.00","0.21K","0.25%"
"08/19/2013","192,360.00","191,360.00","192,480.00","186,560.80","0.33K","0.44%"
"08/20/2013","189,760.00","191,440.00","191,840.00","187,280.00","0.28K","-1.35%"
"08/21/2013","191,760.00","191,600.00","193,840.00","186,800.00","0.45K","1.05%"
"08/22/2013","186,320.00","189,360.00","189,680.00","185,840.00","0.17K","-2.84%"
"08/23/2013","182,560.00","182,080.00","184,392.00","181,759.20","0.19K","-2.02%"
"08/26/2013","182,320.00","182,240.00","183,280.00","178,000.00","0.30K","-0.13%"
"08/27/2013","193,360.00","188,560.00","194,552.00","186,000.00","0.57K","6.06%"
"08/28/2013","190,960.00","193,760.00","193,760.00","188,560.00","0.36K","-1.24%"
"08/29/2013","187,120.00","191,040.00","192,000.00","184,080.00","0.36K","-2.01%"
"08/30/2013","190,480.00","186,640.00","192,560.00","186,560.00","0.38K","1.80%"
"09/03/2013","187,360.00","185,680.80","189,920.00","183,280.00","0.36K","-1.64%"
"09/04/2013","181,120.00","185,760.00","187,040.00","180,480.00","0.32K","-3.33%"
"09/05/2013","180,480.00","180,880.00","181,120.00","178,949.59","0.14K","-0.35%"
"09/06/2013","179,440.00","178,720.00","185,840.00","176,976.00","0.42K","-0.58%"
"09/09/2013","173,200.00","177,680.00","177,680.00","172,552.00","0.24K","-3.48%"
"09/10/2013","170,800.00","170,240.00","172,720.00","170,160.00","0.24K","-1.39%"
"09/11/2013","171,840.00","174,240.00","174,960.00","171,600.00","0.26K","0.61%"
"09/12/2013","172,400.00","172,000.00","173,280.00","170,708.80","0.12K","0.33%"
"09/13/2013","171,840.00","171,680.00","174,560.00","171,360.00","0.12K","-0.32%"
"09/16/2013","173,280.00","167,760.00","174,400.00","167,440.00","0.25K","0.84%"
"09/17/2013","169,680.00","172,320.00","172,320.00","169,120.00","0.17K","-2.08%"
"09/18/2013","163,600.00","169,120.00","170,080.00","162,577.59","0.45K","-3.58%"
"09/19/2013","162,488.00","162,320.00","163,280.00","161,280.80","0.24K","-0.68%"
"09/20/2013","164,080.00","161,280.00","164,382.41","160,799.20","0.27K","0.98%"
"09/23/2013","165,040.00","162,000.00","167,440.00","161,532.80","0.29K","0.59%"
"09/24/2013","165,040.00","164,160.00","166,720.00","162,400.00","0.26K","0.00%"
"09/25/2013","166,560.00","164,960.00","167,760.00","164,080.00","0.30K","0.92%"
"09/26/2013","162,720.00","164,880.00","164,944.00","161,760.00","0.28K","-2.31%"
"09/27/2013","163,200.00","165,360.00","166,475.20","162,720.00","0.27K","0.29%"
"09/30/2013","165,200.00","168,720.00","170,098.41","163,440.00","0.34K","1.23%"
"10/01/2013","159,760.00","164,880.00","164,880.00","159,440.00","0.34K","-3.29%"
"10/02/2013","159,760.00","162,880.00","163,360.00","159,120.00","0.32K","0.00%"
"10/03/2013","165,360.00","160,560.00","167,920.00","159,360.00","0.48K","3.51%"
"10/04/2013","161,120.00","165,520.00","165,832.00","160,480.00","0.28K","-2.56%"
"10/07/2013","165,040.00","165,360.00","165,440.00","161,439.20","0.37K","2.43%"
"10/08/2013","174,320.00","165,200.00","174,720.00","164,880.00","0.68K","5.62%"
"10/09/2013","176,320.00","173,520.00","180,480.00","173,120.00","0.77K","1.15%"
"10/10/2013","165,120.00","170,640.00","170,640.00","163,920.00","0.66K","-6.35%"
"10/11/2013","161,280.00","166,160.00","166,324.00","160,800.00","0.40K","-2.33%"
"10/14/2013","157,680.00","164,240.00","164,560.00","157,680.00","0.36K","-2.23%"
"10/15/2013","159,600.00","158,000.00","160,160.00","155,920.00","0.41K","1.22%"
"10/16/2013","154,080.00","157,120.00","157,759.20","153,920.00","0.46K","-3.46%"
"10/17/2013","151,600.00","156,160.00","156,560.00","151,360.00","0.29K","-1.61%"
"10/18/2013","144,240.00","147,280.00","148,613.59","144,000.00","0.36K","-4.85%"
"10/21/2013","143,360.00","143,200.00","144,480.00","142,080.80","0.26K","-0.61%"
"10/22/2013","142,640.00","141,760.00","145,200.00","140,160.00","0.46K","-0.50%"
"10/23/2013","145,120.00","144,800.00","147,200.00","143,760.00","0.29K","1.74%"
"10/24/2013","143,200.00","145,040.00","145,520.00","142,240.00","0.23K","-1.32%"
"10/25/2013","140,320.00","139,280.00","142,080.00","138,168.00","0.25K","-2.01%"
"10/28/2013","140,080.00","140,000.00","141,920.00","139,440.00","0.23K","-0.17%"
"10/29/2013","139,440.00","138,880.00","141,120.00","138,240.00","0.21K","-0.46%"
"10/30/2013","139,920.00","137,760.00","141,600.00","137,200.00","0.37K","0.34%"
"10/31/2013","140,560.00","140,640.00","142,160.00","138,080.00","0.39K","0.46%"
"11/01/2013","140,640.00","139,440.00","142,640.00","138,800.00","0.26K","0.06%"
"11/04/2013","140,000.00","139,120.00","141,512.00","139,120.00","0.15K","-0.46%"
"11/05/2013","139,360.00","141,440.00","142,799.20","138,514.41","0.26K","-0.46%"
"11/06/2013","139,600.00","137,760.00","140,948.80","137,520.00","0.21K","0.17%"
"11/07/2013","147,440.00","139,440.00","147,760.00","138,888.00","0.49K","5.62%"
"11/08/2013","141,520.00","145,920.00","146,952.00","141,440.00","0.39K","-4.02%"
"11/11/2013","142,080.00","142,320.00","143,440.00","140,880.00","0.18K","0.40%"
"11/12/2013","141,440.00","143,280.00","143,600.00","140,800.00","0.23K","-0.45%"
"11/13/2013","136,000.00","144,320.00","144,320.00","136,000.00","0.37K","-3.85%"
"11/14/2013","135,280.00","137,360.00","138,160.00","134,748.80","0.28K","-0.53%"
"11/15/2013","134,240.00","134,720.00","135,968.00","134,240.00","0.21K","-0.77%"
"11/18/2013","138,080.00","134,400.00","138,880.00","133,599.20","0.24K","2.86%"
"11/19/2013","139,280.00","138,240.00","140,000.00","136,400.00","0.41K","0.87%"
"11/20/2013","140,320.00","138,240.00","141,600.00","136,720.00","0.32K","0.75%"
"11/21/2013","136,072.00","138,800.00","138,938.41","135,680.00","0.30K","-3.03%"
"11/22/2013","133,840.00","135,200.00","135,680.00","133,760.00","0.21K","-1.64%"
"11/25/2013","132,960.00","132,320.00","133,918.41","132,000.00","0.18K","-0.66%"
"11/26/2013","130,880.00","132,800.00","133,600.00","129,840.00","0.25K","-1.56%"
"11/27/2013","128,000.00","130,000.00","130,320.00","127,920.00","0.23K","-2.20%"
"11/29/2013","126,080.00","126,640.00","126,880.00","125,200.00","0.15K","-1.50%"
"12/02/2013","126,960.00","125,360.00","127,360.00","124,757.60","0.28K","0.70%"
"12/03/2013","126,960.00","127,200.00","128,640.00","126,160.80","0.32K","0.00%"
"12/04/2013","126,720.00","128,720.00","129,920.00","125,520.00","0.31K","-0.19%"
"12/05/2013","127,200.00","126,400.00","128,240.00","126,080.00","0.29K","0.38%"
"12/06/2013","124,480.00","124,160.00","126,320.00","123,680.00","0.25K","-2.14%"
"12/09/2013","123,080.00","123,120.00","123,600.00","122,160.00","0.13K","-1.12%"
"12/10/2013","123,200.00","123,600.00","123,920.00","122,560.00","0.14K","0.10%"
"12/11/2013","128,000.00","123,360.00","128,480.00","122,800.00","0.33K","3.90%"
"12/12/2013","128,800.00","127,920.00","129,200.00","126,880.00","0.24K","0.63%"
"12/13/2013","129,440.00","127,040.00","130,160.00","126,976.00","0.18K","0.50%"
"12/16/2013","127,200.00","127,440.00","127,760.00","125,040.00","0.22K","-1.73%"
"12/17/2013","127,840.00","127,120.00","128,792.00","126,480.00","0.19K","0.50%"
"12/18/2013","123,440.00","127,840.00","133,040.00","123,200.00","0.51K","-3.44%"
"12/19/2013","124,560.00","124,320.00","126,160.00","124,160.00","0.19K","0.91%"
"12/20/2013","120,800.00","124,080.00","124,080.00","120,000.00","0.28K","-3.02%"
"12/23/2013","117,040.00","117,840.00","118,956.00","117,040.00","0.26K","-3.11%"
"12/24/2013","116,720.00","116,880.00","117,550.40","116,640.00","0.10K","-0.27%"
"12/26/2013","115,760.00","116,320.00","116,880.00","115,440.00","0.10K","-0.82%"
"12/27/2013","116,560.00","115,200.00","116,960.00","115,040.00","0.23K","0.69%"
"12/30/2013","116,960.00","117,040.00","118,000.00","116,591.20","0.13K","0.34%"
"12/31/2013","114,800.00","116,320.00","116,560.00","114,800.00","0.16K","-1.85%"
"01/02/2014","117,440.00","116,240.00","118,400.00","116,240.00","0.29K","2.30%"
"01/03/2014","120,000.00","117,360.00","120,080.00","117,128.00","0.19K","2.18%"
"01/06/2014","121,280.00","120,000.00","122,640.00","119,539.20","0.17K","1.07%"
"01/07/2014","117,920.00","119,600.00","120,319.20","117,448.00","0.27K","-2.77%"
"01/08/2014","117,040.00","118,080.00","118,640.00","116,240.00","0.30K","-0.75%"
"01/09/2014","118,480.00","115,840.00","119,599.20","115,840.00","0.29K","1.23%"
"01/10/2014","117,120.00","117,600.00","120,155.20","116,800.00","0.23K","-1.15%"
"01/13/2014","122,320.00","117,840.00","123,722.40","116,480.00","0.30K","4.44%"
"01/14/2014","115,520.00","121,120.00","121,120.00","115,120.00","0.46K","-5.56%"
"01/15/2014","112,560.00","114,000.00","114,240.00","111,878.40","0.36K","-2.56%"
"01/16/2014","112,320.00","112,880.00","113,280.80","112,000.80","0.23K","-0.21%"
"01/17/2014","114,480.00","113,360.00","115,200.00","112,480.00","0.25K","1.92%"
"01/21/2014","111,760.00","112,240.00","114,640.00","111,600.00","0.27K","-2.38%"
"01/22/2014","110,800.00","111,040.00","111,912.00","110,160.00","0.24K","-0.86%"
"01/23/2014","112,160.00","111,840.00","114,320.00","111,840.00","0.38K","1.23%"
"01/24/2014","118,800.00","113,280.00","118,800.00","113,200.00","1.26K","5.92%"
"01/27/2014","122,020.00","118,560.00","124,700.00","117,988.00","1.44K","2.71%"
"01/28/2014","122,180.00","123,840.00","124,542.00","121,900.00","0.74K","0.13%"
"01/29/2014","126,280.00","125,340.00","126,920.00","122,780.00","1.08K","3.36%"
"01/30/2014","119,540.00","121,480.00","121,952.00","117,940.00","0.81K","-5.34%"
"01/31/2014","120,200.00","123,180.00","123,500.40","118,460.20","0.91K","0.55%"
"02/03/2014","128,480.00","120,800.00","129,380.00","119,204.00","1.83K","6.89%"
"02/04/2014","125,280.00","126,440.00","127,640.00","124,100.00","0.84K","-2.49%"
"02/05/2014","126,620.00","126,800.00","130,780.00","125,220.00","1.10K","1.07%"
"02/06/2014","121,680.00","125,440.00","125,520.00","121,300.00","0.71K","-3.90%"
"02/07/2014","115,180.00","119,640.00","120,700.00","114,967.00","1.78K","-5.34%"
"02/10/2014","113,180.00","115,380.00","115,500.00","113,080.00","0.88K","-1.74%"
"02/11/2014","109,340.00","112,600.00","112,839.80","108,680.00","1.39K","-3.39%"
"02/12/2014","108,720.00","108,669.60","109,680.00","107,960.00","1.83K","-0.57%"
"02/13/2014","106,240.00","111,060.00","111,080.00","106,040.00","2.28K","-2.28%"
"02/14/2014","105,640.00","106,460.00","107,306.00","104,900.00","1.40K","-0.56%"
"02/18/2014","104,140.00","105,100.00","105,860.00","103,500.00","1.51K","-1.42%"
"02/19/2014","106,160.00","104,700.00","106,844.00","103,940.00","2.67K","1.94%"
"02/20/2014","104,680.00","105,980.00","107,360.00","104,102.00","2.29K","-1.39%"
"02/21/2014","105,280.00","103,760.00","105,499.80","103,300.00","1.46K","0.57%"
"02/24/2014","103,249.60","104,560.00","104,740.00","102,000.00","2.35K","-1.93%"
"02/25/2014","103,770.00","103,060.00","104,760.00","102,360.00","2.96K","0.50%"
"02/26/2014","104,040.00","102,820.00","105,280.00","101,960.00","3.30K","0.26%"
"02/27/2014","102,020.00","104,020.00","104,440.00","101,740.00","2.08K","-1.94%"
"02/28/2014","102,320.00","102,080.00","105,056.80","100,260.00","4.05K","0.29%"
"03/03/2014","104,540.00","105,320.00","107,320.00","103,800.00","3.65K","2.17%"
"03/04/2014","100,620.00","101,200.00","101,460.00","100,000.00","2.65K","-3.75%"
"03/05/2014","99,700.00","100,080.00","100,720.00","99,240.00","2.03K","-0.91%"
"03/06/2014","100,020.00","99,100.00","101,080.00","98,860.00","2.55K","0.32%"
"03/07/2014","101,480.00","99,040.00","102,980.00","98,760.00","3.04K","1.46%"
"03/10/2014","101,220.00","101,654.20","103,180.00","101,040.00","1.84K","-0.26%"
"03/11/2014","102,500.00","100,480.00","103,388.60","99,700.00","2.97K","1.26%"
"03/12/2014","101,320.00","103,880.00","105,040.00","101,200.00","2.16K","-1.15%"
"03/13/2014","105,680.00","100,180.00","107,000.00","100,120.00","3.48K","4.30%"
"03/14/2014","107,840.00","106,740.00","107,920.00","105,280.00","2.35K","2.04%"
"03/17/2014","104,920.00","105,780.00","105,820.00","103,262.00","1.48K","-2.71%"
"03/18/2014","101,080.00","104,580.00","104,639.80","100,820.00","2.31K","-3.66%"
"03/19/2014","102,760.00","101,020.00","104,758.00","100,200.00","2.36K","1.66%"
"03/20/2014","101,900.00","103,720.00","104,340.00","101,000.00","1.64K","-0.84%"
"03/21/2014","105,620.00","100,280.00","106,140.00","100,020.00","2.59K","3.65%"
"03/24/2014","108,260.00","104,400.00","111,180.00","104,240.00","1.68K","2.50%"
"03/25/2014","107,280.00","106,660.00","109,960.00","104,580.00","3.09K","-0.91%"
"03/26/2014","111,440.00","105,640.00","111,460.00","104,980.00","3.24K","3.88%"
"03/27/2014","113,340.00","111,900.00","115,139.60","110,380.00","3.35K","1.70%"
"03/28/2014","112,560.00","112,260.00","113,559.80","108,900.00","3.30K","-0.69%"
"03/31/2014","110,220.00","110,020.00","110,380.00","107,960.00","2.73K","-2.08%"
"04/01/2014","104,380.00","108,580.00","108,680.00","104,240.00","3.21K","-5.30%"
"04/02/2014","103,560.00","103,120.00","105,020.00","102,780.00","2.30K","-0.79%"
"04/03/2014","106,020.00","103,280.00","107,800.00","102,800.00","1.59K","2.38%"
"04/04/2014","114,680.00","104,060.00","115,340.00","103,640.00","3.82K","8.17%"
"04/07/2014","117,660.00","116,620.00","120,140.00","113,520.00","3.32K","2.60%"
"04/08/2014","114,520.00","117,400.00","118,640.00","114,080.00","2.49K","-2.67%"
"04/09/2014","108,620.00","113,220.00","114,160.00","108,440.00","2.82K","-5.15%"
"04/10/2014","118,620.00","108,480.00","119,600.00","108,420.00","4.25K","9.21%"
"04/11/2014","122,900.00","121,860.00","123,680.00","117,306.40","5.40K","3.61%"
"04/14/2014","119,920.00","119,740.00","123,420.00","118,000.00","4.64K","-2.42%"
"04/15/2014","118,820.00","118,720.00","126,320.00","116,740.00","5.71K","-0.92%"
"04/16/2014","114,140.00","115,980.00","118,600.00","114,060.00","2.32K","-3.94%"
"04/17/2014","113,920.00","115,140.00","116,180.00","112,280.00","2.57K","-0.19%"
"04/21/2014","111,460.00","113,100.00","114,720.00","111,420.00","2.00K","-2.16%"
"04/22/2014","108,700.00","110,200.00","110,820.00","107,980.00","1.97K","-2.48%"
"04/23/2014","111,600.00","108,680.00","111,760.00","108,680.00","2.74K","2.67%"
"04/24/2014","108,400.00","106,060.00","112,060.00","106,060.00","3.42K","-2.87%"
"04/25/2014","113,560.00","110,360.00","114,360.00","109,960.20","3.62K","4.76%"
"04/28/2014","112,380.00","112,060.00","117,860.00","110,000.00","6.13K","-1.04%"
"04/29/2014","109,800.00","111,380.00","113,100.00","109,220.00","3.23K","-2.30%"
"04/30/2014","108,840.00","111,180.00","112,140.00","108,640.00","3.33K","-0.87%"
"05/01/2014","107,880.00","108,360.00","109,220.00","106,140.00","2.97K","-0.88%"
"05/02/2014","108,480.00","106,900.00","109,280.00","106,240.00","2.74K","0.56%"
"05/05/2014","106,860.00","110,440.00","111,219.20","106,790.00","2.12K","-1.49%"
"05/06/2014","110,900.00","107,320.00","111,080.00","107,140.00","2.54K","3.78%"
"05/07/2014","111,940.00","110,120.00","115,820.00","109,900.00","3.83K","0.94%"
"05/08/2014","112,300.00","113,000.00","113,860.00","108,220.00","3.38K","0.32%"
"05/09/2014","110,956.00","112,510.00","114,700.00","110,760.00","2.81K","-1.20%"
"05/12/2014","105,540.00","108,980.00","109,280.00","105,420.00","2.42K","-4.88%"
"05/13/2014","105,300.00","105,160.00","105,920.00","104,108.00","1.76K","-0.23%"
"05/14/2014","106,920.00","106,180.00","107,640.00","105,040.00","1.61K","1.54%"
"05/15/2014","109,360.00","107,000.00","111,440.00","106,440.00","2.89K","2.28%"
"05/16/2014","107,300.00","109,120.00","111,299.80","107,080.00","1.63K","-1.88%"
"05/19/2014","105,000.00","108,160.00","108,800.00","104,560.00","1.42K","-2.14%"
"05/20/2014","106,160.00","105,200.00","107,440.00","104,040.00","1.95K","1.10%"
"05/21/2014","103,180.00","105,580.00","105,740.00","103,000.00","1.90K","-2.81%"
"05/22/2014","101,800.00","102,840.00","103,240.00","100,900.00","1.32K","-1.34%"
"05/23/2014","99,500.00","101,480.00","102,120.00","99,480.00","1.18K","-2.26%"
"05/27/2014","95,660.00","98,160.00","98,420.00","95,660.00","1.48K","-3.86%"
"05/28/2014","96,640.00","95,960.00","96,900.00","95,500.00","1.43K","1.02%"
"05/29/2014","94,840.00","95,620.00","96,200.00","94,780.00","1.23K","-1.86%"
"05/30/2014","94,780.00","94,740.00","96,260.00","94,340.00","1.46K","-0.06%"
"06/02/2014","95,020.00","94,420.00","96,849.80","94,380.00","0.93K","0.25%"
"06/03/2014","95,140.00","96,000.00","96,320.00","94,700.00","0.87K","0.13%"
"06/04/2014","94,080.00","95,920.00","96,300.00","93,660.00","1.39K","-1.11%"
"06/05/2014","91,720.00","93,880.00","94,800.00","91,220.00","1.99K","-2.51%"
"06/06/2014","90,140.00","90,680.00","91,239.80","90,140.00","1.26K","-1.72%"
"06/09/2014","90,380.00","90,040.00","91,080.00","89,662.80","1.02K","0.27%"
"06/10/2014","89,938.00","90,600.00","90,880.00","89,740.00","0.79K","-0.49%"
"06/11/2014","89,960.00","90,780.00","91,020.00","89,560.00","1.41K","0.02%"
"06/12/2014","92,300.00","90,480.00","93,320.00","90,200.00","1.98K","2.60%"
"06/13/2014","91,560.00","91,140.00","92,740.00","90,860.00","1.62K","-0.80%"
"06/16/2014","91,300.00","91,960.00","92,580.00","90,500.00","1.63K","-0.28%"
"06/17/2014","91,120.00","91,420.00","91,956.40","90,420.00","1.61K","-0.20%"
"06/18/2014","89,520.00","90,860.00","92,416.00","89,240.20","1.95K","-1.76%"
"06/19/2014","89,740.00","89,260.00","90,980.00","89,040.00","1.22K","0.25%"
"06/20/2014","89,500.00","89,680.00","90,176.80","89,200.00","0.93K","-0.27%"
"06/23/2014","89,360.00","89,580.00","90,160.00","89,336.40","0.96K","-0.16%"
"06/24/2014","89,780.00","89,420.00","90,424.00","87,180.00","2.59K","0.47%"
"06/25/2014","87,900.00","90,300.00","90,300.00","87,480.00","2.18K","-2.09%"
"06/26/2014","87,800.00","87,800.00","89,820.00","87,740.00","1.75K","-0.11%"
"06/27/2014","86,600.00","88,220.00","88,220.00","86,600.00","1.06K","-1.37%"
"06/30/2014","86,220.00","86,720.00","86,860.00","85,528.00","0.94K","-0.44%"
"07/01/2014","83,280.00","85,380.00","85,380.00","82,660.00","1.46K","-3.41%"
"07/02/2014","82,940.00","83,160.00","83,420.00","82,560.00","0.93K","-0.41%"
"07/03/2014","81,400.00","82,120.00","82,780.00","81,400.00","0.70K","-1.86%"
"07/07/2014","82,120.00","81,680.00","82,520.00","81,320.00","1.19K","0.88%"
"07/08/2014","84,980.00","82,520.00","86,040.00","82,380.00","2.34K","3.48%"
"07/09/2014","83,140.00","84,320.00","85,100.00","82,880.00","1.90K","-2.17%"
"07/10/2014","83,920.00","86,280.00","86,620.00","82,920.00","1.88K","0.94%"
"07/11/2014","82,360.00","83,360.00","84,039.80","82,320.00","1.30K","-1.86%"
"07/14/2014","80,760.00","81,240.00","81,610.40","80,280.00","1.45K","-1.94%"
"07/15/2014","81,640.00","80,420.00","83,380.00","80,100.00","1.62K","1.09%"
"07/16/2014","80,660.00","79,920.00","80,940.00","79,640.00","1.24K","-1.20%"
"07/17/2014","83,902.00","81,300.00","84,640.00","80,460.00","1.81K","4.02%"
"07/18/2014","79,920.00","82,460.00","82,880.00","79,760.00","2.46K","-4.75%"
"07/21/2014","80,200.00","80,400.00","81,260.00","79,800.00","1.97K","0.35%"
"07/22/2014","78,560.00","79,000.00","79,280.00","78,280.00","1.87K","-2.04%"
"07/23/2014","77,120.00","77,840.00","78,240.00","76,869.80","1.91K","-1.83%"
"07/24/2014","77,340.00","76,680.00","77,720.00","76,460.00","1.21K","0.29%"
"07/25/2014","78,300.00","78,500.00","79,462.20","77,960.00","1.31K","1.24%"
"07/28/2014","78,180.00","78,060.00","80,000.00","77,600.00","1.18K","-0.15%"
"07/29/2014","78,580.00","77,760.00","78,800.00","77,160.00","1.47K","0.51%"
"07/30/2014","77,640.00","77,320.00","78,600.00","76,840.00","1.59K","-1.20%"
"07/31/2014","82,360.00","79,540.00","82,700.00","79,220.00","2.34K","6.08%"
"08/01/2014","83,280.00","82,900.00","84,900.00","81,520.00","2.59K","1.12%"
"08/04/2014","81,560.00","82,640.00","83,660.00","80,584.20","2.80K","-2.07%"
"08/05/2014","83,400.00","82,520.00","84,560.00","81,840.00","2.62K","2.26%"
"08/06/2014","83,560.00","85,000.00","85,212.00","82,080.00","2.39K","0.19%"
"08/07/2014","84,420.00","82,540.00","85,299.80","82,000.00","1.70K","1.03%"
"08/08/2014","82,580.00","83,940.00","85,080.00","82,280.00","1.82K","-2.18%"
"08/11/2014","81,040.00","81,640.00","81,760.00","80,345.60","1.62K","-1.86%"
"08/12/2014","81,200.00","81,320.00","82,420.00","80,580.00","1.51K","0.20%"
"08/13/2014","78,600.00","80,180.00","80,340.00","78,520.00","2.34K","-3.20%"
"08/14/2014","77,380.00","78,360.00","78,619.80","77,360.00","1.66K","-1.55%"
"08/15/2014","76,280.00","76,140.00","78,460.00","75,740.00","3.00K","-1.42%"
"08/18/2014","74,500.00","75,120.00","75,380.00","74,300.00","1.14K","-2.33%"
"08/19/2014","73,160.00","73,920.00","74,080.00","73,120.00","1.37K","-1.80%"
"08/20/2014","73,180.00","73,440.00","73,585.20","72,780.00","1.28K","0.03%"
"08/21/2014","72,840.00","73,060.00","73,450.00","72,720.00","0.89K","-0.46%"
"08/22/2014","72,470.00","72,760.00","73,180.00","72,020.00","1.80K","-0.51%"
"08/25/2014","71,700.00","71,420.00","72,180.00","71,060.00","1.01K","-1.06%"
"08/26/2014","71,400.00","71,340.00","71,920.00","71,200.00","0.76K","-0.42%"
"08/27/2014","71,402.00","71,460.00","71,860.00","71,160.00","0.89K","0.00%"
"08/28/2014","71,680.00","72,060.00","72,369.60","71,420.00","0.86K","0.39%"
"08/29/2014","70,820.00","71,180.00","71,960.00","70,820.00","0.76K","-1.20%"
"09/02/2014","70,220.00","70,360.00","71,100.00","70,179.80","1.15K","-0.85%"
"09/03/2014","71,420.00","69,660.00","71,838.00","69,660.00","1.28K","1.71%"
"09/04/2014","71,640.00","70,900.00","72,180.00","69,860.20","1.96K","0.31%"
"09/05/2014","70,520.00","71,320.00","72,400.00","70,440.00","1.64K","-1.56%"
"09/08/2014","70,120.00","70,560.00","71,120.00","69,640.00","1.43K","-0.57%"
"09/09/2014","71,860.00","70,220.00","72,280.00","69,360.00","1.93K","2.48%"
"09/10/2014","70,100.00","71,660.00","72,220.00","70,060.00","2.09K","-2.45%"
"09/11/2014","70,240.00","71,000.00","71,820.00","70,180.00","1.61K","0.20%"
"09/12/2014","71,320.00","70,500.00","72,005.20","70,420.00","1.51K","1.54%"
"09/15/2014","73,420.00","71,120.00","74,044.40","71,100.00","2.21K","2.94%"
"09/16/2014","71,520.00","74,200.00","74,479.80","71,100.00","2.13K","-2.59%"
"09/17/2014","71,160.00","71,500.00","72,440.00","70,160.00","1.71K","-0.50%"
"09/18/2014","69,580.00","70,520.00","70,716.00","69,560.00","1.16K","-2.22%"
"09/19/2014","69,720.00","68,700.00","70,500.00","68,680.00","1.52K","0.20%"
"09/22/2014","71,600.00","70,260.00","72,498.00","70,160.00","1.94K","2.70%"
"09/23/2014","72,180.00","72,460.00","72,620.00","71,240.00","1.89K","0.81%"
"09/24/2014","69,980.00","72,040.00","72,719.80","69,800.00","2.51K","-3.05%"
"09/25/2014","74,260.00","70,520.00","74,340.00","70,310.40","3.50K","6.12%"
"09/26/2014","71,840.00","73,600.00","73,920.00","71,520.00","2.15K","-3.26%"
"09/29/2014","72,120.00","74,060.00","74,154.80","71,609.00","2.24K","0.39%"
"09/30/2014","71,820.00","71,500.00","72,880.00","70,760.00","2.41K","-0.42%"
"10/01/2014","75,300.00","72,480.00","75,980.00","72,280.00","3.47K","4.85%"
"10/02/2014","75,360.00","75,420.00","78,160.00","74,640.00","3.66K","0.08%"
"10/03/2014","73,100.00","73,940.00","74,780.00","72,160.00","2.75K","-3.00%"
"10/06/2014","73,500.00","72,500.00","74,220.00","71,860.00","2.44K","0.55%"
"10/07/2014","76,640.00","74,560.00","76,700.00","73,942.00","2.75K","4.27%"
"10/08/2014","72,200.00","76,520.00","77,900.00","71,500.00","3.89K","-5.79%"
"10/09/2014","75,660.00","72,400.00","75,980.00","71,921.80","4.00K","4.79%"
"10/10/2014","81,320.00","77,000.00","81,340.00","75,680.00","4.55K","7.48%"
"10/13/2014","85,040.00","81,760.00","85,340.00","79,880.00","3.70K","4.57%"
"10/14/2014","85,120.00","83,420.00","85,820.00","81,800.00","4.69K","0.09%"
"10/15/2014","86,760.00","89,000.00","92,600.00","85,680.20","4.84K","1.93%"
"10/16/2014","88,380.00","92,180.00","92,300.00","86,160.00","3.70K","1.87%"
"10/17/2014","84,940.00","84,920.00","86,434.00","82,360.00","5.36K","-3.89%"
"10/20/2014","81,120.00","84,960.00","85,400.00","80,860.00","2.75K","-4.50%"
"10/21/2014","74,700.00","78,080.00","78,659.80","74,680.20","4.33K","-7.91%"
"10/22/2014","75,900.00","74,040.00","75,980.00","73,680.00","2.82K","1.61%"
"10/23/2014","72,320.00","73,600.00","73,920.00","71,140.00","3.89K","-4.72%"
"10/24/2014","70,660.00","71,960.00","72,800.00","70,480.00","2.51K","-2.30%"
"10/27/2014","70,440.00","71,020.00","71,880.00","70,080.00","2.00K","-0.31%"
"10/28/2014","67,320.00","69,580.00","69,620.00","67,240.00","2.17K","-4.43%"
"10/29/2014","68,040.00","67,980.00","69,440.00","67,420.00","2.50K","1.07%"
"10/30/2014","67,540.00","68,960.00","69,380.00","67,120.00","2.44K","-0.73%"
"10/31/2014","64,800.00","64,260.00","65,450.00","64,100.00","2.32K","-4.06%"
"11/03/2014","64,180.00","64,480.00","64,720.00","63,700.00","1.87K","-0.96%"
"11/04/2014","64,840.00","64,880.00","66,158.00","64,360.00","2.03K","1.03%"
"11/05/2014","64,780.00","63,620.00","65,519.80","63,560.00","2.02K","-0.09%"
"11/06/2014","64,220.00","64,900.00","65,680.00","64,180.00","2.30K","-0.86%"
"11/07/2014","64,400.00","63,860.00","65,380.00","63,760.00","1.47K","0.28%"
"11/10/2014","63,700.00","64,320.00","64,800.00","63,460.00","1.93K","-1.09%"
"11/11/2014","63,080.00","63,680.00","64,180.00","63,080.00","1.42K","-0.97%"
"11/12/2014","62,760.00","63,880.00","63,880.00","62,560.00","1.85K","-0.51%"
"11/13/2014","61,980.00","62,420.00","62,839.00","61,260.00","3.29K","-1.24%"
"11/14/2014","61,380.00","62,040.00","62,620.00","61,380.00","1.95K","-0.97%"
"11/17/2014","61,960.00","61,840.00","62,799.80","61,400.00","1.47K","0.94%"
"11/18/2014","60,540.00","61,760.00","61,760.00","60,300.00","2.12K","-2.29%"
"11/19/2014","61,320.00","60,720.00","62,160.00","60,720.00","2.37K","1.29%"
"11/20/2014","60,520.00","62,120.00","62,280.00","60,380.00","1.88K","-1.30%"
"11/21/2014","60,140.00","58,920.00","60,720.00","58,740.20","1.80K","-0.63%"
"11/24/2014","58,680.00","59,660.00","59,820.00","58,678.00","2.18K","-2.43%"
"11/25/2014","58,460.00","58,460.00","58,920.00","57,980.00","1.65K","-0.37%"
"11/26/2014","57,300.00","58,300.00","58,460.00","57,220.00","2.35K","-1.98%"
"11/28/2014","56,480.00","56,840.00","56,960.00","56,140.00","1.30K","-1.43%"
"12/01/2014","58,440.00","56,960.00","59,060.00","56,680.00","2.08K","3.47%"
"12/02/2014","57,720.00","58,280.00","58,640.00","57,440.00","1.60K","-1.23%"
"12/03/2014","57,400.00","57,500.00","58,500.00","57,200.00","1.42K","-0.55%"
"12/04/2014","57,540.00","57,600.00","58,220.00","56,840.00","2.00K","0.24%"
"12/05/2014","57,480.00","57,240.00","57,860.00","56,960.00","1.33K","-0.10%"
"12/08/2014","58,780.00","57,940.00","59,600.80","57,180.00","2.34K","2.26%"
"12/09/2014","58,100.00","60,800.00","61,380.00","58,040.00","3.33K","-1.16%"
"12/10/2014","60,920.00","58,460.00","61,202.00","58,040.00","2.38K","4.85%"
"12/11/2014","60,040.00","60,380.00","60,400.00","57,840.00","3.50K","-1.44%"
"12/12/2014","61,980.00","61,780.00","61,980.00","59,700.00","2.82K","3.23%"
"12/15/2014","63,900.00","61,040.00","64,440.00","60,320.00","4.63K","3.10%"
"12/16/2014","67,000.00","65,140.00","67,000.00","62,290.00","4.67K","4.85%"
"12/17/2014","63,520.00","66,840.00","67,120.00","62,740.00","4.57K","-5.19%"
"12/18/2014","58,740.00","60,580.00","61,119.60","58,680.00","4.10K","-7.53%"
"12/19/2014","58,000.00","58,460.00","58,940.00","57,240.00","2.14K","-1.26%"
"12/22/2014","57,560.00","58,220.00","58,320.00","57,460.00","1.54K","-0.76%"
"12/23/2014","58,120.00","56,880.00","58,340.00","56,800.00","1.22K","0.97%"
"12/24/2014","57,980.00","57,820.00","58,000.00","57,302.00","0.45K","-0.24%"
"12/26/2014","56,760.00","57,460.00","57,508.00","56,360.00","0.75K","-2.10%"
"12/29/2014","56,800.00","56,920.00","57,020.00","56,420.00","0.92K","0.07%"
"12/30/2014","57,880.00","57,300.00","58,140.00","56,880.00","1.14K","1.90%"
"12/31/2014","59,680.00","57,680.00","59,940.00","56,940.00","1.58K","3.11%"
"01/02/2015","60,060.00","58,840.00","61,080.00","58,040.00","2.13K","0.64%"
"01/05/2015","63,020.00","61,020.00","63,360.00","60,800.00","1.87K","4.93%"
"01/06/2015","65,340.00","62,600.00","66,220.00","62,264.00","2.77K","3.68%"
"01/07/2015","62,920.00","64,100.00","64,560.00","62,420.00","1.49K","-3.70%"
"01/08/2015","59,240.00","61,200.00","61,459.60","58,900.00","2.31K","-5.85%"
"01/09/2015","60,400.00","58,740.00","61,428.00","58,640.00","2.36K","1.96%"
"01/12/2015","62,300.00","60,020.00","62,800.00","59,920.00","2.25K","3.15%"
"01/13/2015","62,340.00","60,500.00","63,860.00","58,560.00","3.77K","0.06%"
"01/14/2015","63,400.00","64,260.00","65,040.00","62,460.00","3.26K","1.70%"
"01/15/2015","65,880.00","62,560.00","66,100.00","62,200.00","3.12K","3.91%"
"01/16/2015","63,560.00","66,160.00","66,480.00","63,289.80","2.52K","-3.52%"
"01/20/2015","62,020.00","62,340.00","64,520.00","61,520.00","1.79K","-2.42%"
"01/21/2015","61,040.00","62,560.00","63,220.00","60,220.00","2.59K","-1.58%"
"01/22/2015","57,700.00","60,360.00","61,980.00","57,500.00","3.25K","-5.47%"
"01/23/2015","57,360.00","57,680.00","58,189.40","56,800.00","2.04K","-0.59%"
"01/26/2015","57,480.00","57,480.00","58,360.00","57,180.00","1.51K","0.21%"
"01/27/2015","61,920.00","60,140.00","62,500.00","60,080.00","2.74K","7.72%"
"01/28/2015","62,900.00","58,980.00","62,946.00","58,800.00","3.01K","1.58%"
"01/29/2015","61,120.00","63,060.00","64,720.00","60,779.80","2.95K","-2.83%"
"01/30/2015","62,560.00","61,260.00","62,760.00","59,860.00","2.52K","2.36%"
"02/02/2015","60,940.00","62,140.00","65,040.00","60,728.60","2.24K","-2.59%"
"02/03/2015","59,100.00","60,320.00","61,419.80","59,020.00","2.48K","-3.02%"
"02/04/2015","59,300.00","59,880.00","60,280.00","58,134.80","2.32K","0.34%"
"02/05/2015","57,820.00","58,860.00","59,280.00","57,640.00","1.54K","-2.50%"
"02/06/2015","58,820.00","57,440.00","59,411.20","57,100.00","2.16K","1.73%"
"02/09/2015","59,400.00","59,480.00","59,760.00","58,540.00","1.43K","0.99%"
"02/10/2015","56,560.00","58,360.00","58,660.00","56,360.00","1.99K","-4.78%"
"02/11/2015","55,960.00","56,420.00","56,720.00","55,580.00","2.67K","-1.06%"
"02/12/2015","54,020.00","54,920.00","55,120.00","53,950.00","2.59K","-3.47%"
"02/13/2015","52,600.00","53,600.00","53,840.00","52,580.00","2.38K","-2.63%"
"02/17/2015","52,460.00","52,640.00","53,000.00","52,364.00","1.10K","-0.27%"
"02/18/2015","52,280.00","52,680.00","52,880.00","52,180.00","1.07K","-0.34%"
"02/19/2015","51,480.00","52,360.00","52,399.80","51,360.00","1.88K","-1.53%"
"02/20/2015","50,460.00","51,620.00","52,040.00","50,340.00","1.43K","-1.98%"
"02/23/2015","50,260.00","50,500.00","50,840.00","50,240.00","1.18K","-0.40%"
"02/24/2015","50,140.00","50,460.00","50,882.00","49,980.00","1.47K","-0.24%"
"02/25/2015","50,540.00","50,420.00","50,860.20","49,820.00","1.49K","0.80%"
"02/26/2015","49,760.00","50,380.00","50,800.00","49,700.00","1.57K","-1.54%"
"02/27/2015","50,400.00","49,840.00","50,660.00","49,740.00","1.17K","1.29%"
"03/02/2015","49,040.00","50,140.00","50,140.20","49,000.00","1.48K","-2.70%"
"03/03/2015","49,720.00","49,480.00","50,659.80","49,354.20","1.31K","1.39%"
"03/04/2015","50,260.00","50,220.00","51,120.00","50,020.00","1.36K","1.09%"
"03/05/2015","50,060.00","49,900.00","50,667.60","49,620.00","1.37K","-0.40%"
"03/06/2015","51,820.00","50,240.00","52,122.00","49,960.00","1.75K","3.52%"
"03/09/2015","51,340.00","51,460.00","52,079.80","50,920.00","1.52K","-0.93%"
"03/10/2015","54,140.00","52,400.00","54,140.00","52,360.00","2.86K","5.45%"
"03/11/2015","55,120.00","53,900.00","55,138.00","53,720.00","1.77K","1.81%"
"03/12/2015","53,980.00","55,220.00","55,300.00","53,800.00","2.11K","-2.07%"
"03/13/2015","54,680.00","54,140.00","55,672.60","53,500.00","2.82K","1.30%"
"03/16/2015","52,600.00","54,060.00","54,240.00","52,500.00","1.83K","-3.80%"
"03/17/2015","52,320.00","53,020.00","53,340.00","52,080.00","1.22K","-0.53%"
"03/18/2015","50,700.00","52,760.00","53,540.00","50,054.40","2.74K","-3.10%"
"03/19/2015","50,520.00","50,600.00","50,840.00","50,140.00","2.13K","-0.36%"
"03/20/2015","49,420.00","49,300.00","49,560.20","48,816.00","2.65K","-2.18%"
"03/23/2015","49,840.00","49,620.00","49,868.40","49,220.00","1.79K","0.85%"
"03/24/2015","50,360.00","49,840.00","50,400.00","49,160.00","1.39K","1.04%"
"03/25/2015","53,860.00","50,140.00","53,900.00","50,039.80","2.50K","6.95%"
"03/26/2015","54,420.00","55,140.00","55,700.00","53,480.00","2.98K","1.04%"
"03/27/2015","53,740.00","54,380.00","54,659.80","53,340.00","1.37K","-1.25%"
"03/30/2015","51,840.00","52,720.00","52,720.00","51,760.00","1.45K","-3.54%"
"03/31/2015","53,520.00","52,320.00","53,560.00","52,020.00","1.47K","3.24%"
"04/01/2015","54,340.00","53,540.00","55,400.00","53,520.00","2.25K","1.53%"
"04/02/2015","54,220.00","54,220.00","54,770.00","53,760.00","1.53K","-0.22%"
"04/06/2015","52,960.00","55,220.00","55,479.80","52,480.00","1.78K","-2.32%"
"04/07/2015","53,200.00","53,040.00","53,200.00","51,840.00","1.61K","0.45%"
"04/08/2015","51,940.00","53,140.00","53,160.00","51,700.00","2.38K","-2.37%"
"04/09/2015","50,960.00","51,940.00","52,540.00","50,900.00","1.63K","-1.89%"
"04/10/2015","50,320.00","51,020.00","51,340.00","50,290.00","1.30K","-1.26%"
"04/13/2015","50,720.00","50,200.00","50,860.00","49,455.20","2.53K","0.79%"
"04/14/2015","51,160.00","50,760.00","51,980.00","50,420.00","1.95K","0.87%"
"04/15/2015","50,200.00","50,700.00","50,920.00","49,860.00","1.97K","-1.88%"
"04/16/2015","50,380.00","50,560.00","50,800.00","50,120.00","1.57K","0.36%"
"04/17/2015","52,680.00","51,840.00","53,380.00","51,420.00","2.74K","4.57%"
"04/20/2015","50,360.00","51,960.00","52,000.00","50,100.00","1.80K","-4.40%"
"04/21/2015","49,700.00","49,500.00","49,900.00","49,260.00","2.38K","-1.31%"
"04/22/2015","48,940.00","49,340.00","50,280.00","48,680.00","3.08K","-1.53%"
"04/23/2015","48,360.00","49,400.00","49,420.00","47,700.00","3.68K","-1.19%"
"04/24/2015","46,420.00","46,860.00","47,060.00","46,207.20","3.79K","-4.01%"
"04/27/2015","46,720.00","45,860.00","47,022.00","45,602.00","2.28K","0.65%"
"04/28/2015","47,020.00","46,640.00","48,180.00","46,380.00","2.97K","0.64%"
"04/29/2015","47,880.00","47,800.00","48,660.00","46,980.00","4.08K","1.83%"
"04/30/2015","50,160.00","48,700.00","50,880.00","48,120.00","3.99K","4.76%"
"05/01/2015","48,140.00","49,520.00","49,580.00","48,078.00","3.38K","-4.03%"
"05/04/2015","47,940.00","47,680.00","48,000.00","47,030.20","2.93K","-0.42%"
"05/05/2015","50,220.00","48,500.00","50,313.00","48,220.00","3.62K","4.76%"
"05/06/2015","51,280.00","50,040.00","52,300.00","49,580.00","3.85K","2.11%"
"05/07/2015","50,340.00","51,320.00","51,420.00","49,940.20","2.37K","-1.83%"
"05/08/2015","48,520.00","48,780.00","49,050.00","48,160.00","2.89K","-3.62%"
"05/11/2015","49,060.00","48,420.00","49,140.00","48,120.00","2.38K","1.11%"
"05/12/2015","49,760.00","49,960.00","51,033.20","48,980.00","3.32K","1.43%"
"05/13/2015","49,420.00","49,080.00","49,632.00","48,300.00","2.52K","-0.68%"
"05/14/2015","47,260.00","48,200.00","48,760.00","47,120.00","3.57K","-4.37%"
"05/15/2015","47,180.00","46,820.00","47,580.00","46,670.00","1.80K","-0.17%"
"05/18/2015","46,660.00","47,460.00","47,560.00","46,340.00","1.61K","-1.10%"
"05/19/2015","46,800.00","46,480.00","46,998.00","46,240.00","1.91K","0.30%"
"05/20/2015","46,680.00","46,700.00","47,410.20","45,858.00","1.92K","-0.26%"
"05/21/2015","45,900.00","46,940.00","47,138.00","45,760.00","1.58K","-1.67%"
"05/22/2015","46,080.00","46,140.00","46,180.00","45,600.00","1.68K","0.39%"
"05/26/2015","47,700.00","46,380.00","48,200.00","46,190.00","3.99K","3.52%"
"05/27/2015","45,340.00","47,260.00","47,540.00","45,220.00","4.90K","-4.95%"
"05/28/2015","45,640.00","45,640.00","46,080.00","45,300.00","2.24K","0.66%"
"05/29/2015","46,460.00","45,800.00","46,780.00","45,560.00","4.28K","1.80%"
"06/01/2015","46,040.00","45,740.00","47,150.00","45,620.00","3.48K","-0.90%"
"06/02/2015","46,480.00","46,560.00","47,180.00","45,767.20","3.44K","0.96%"
"06/03/2015","46,080.00","45,780.00","46,360.00","45,500.00","3.14K","-0.86%"
"06/04/2015","47,060.00","46,800.00","47,500.00","45,940.00","3.46K","2.13%"
"06/05/2015","47,380.00","47,280.00","48,274.00","46,900.00","2.54K","0.68%"
"06/08/2015","48,860.00","47,500.00","49,120.00","47,380.00","2.15K","3.12%"
"06/09/2015","49,080.00","49,200.00","50,200.00","48,580.00","2.31K","0.45%"
"06/10/2015","47,120.00","48,620.00","48,780.00","46,660.00","1.94K","-3.99%"
"06/11/2015","46,860.00","46,580.00","47,140.00","46,240.00","2.22K","-0.55%"
"06/12/2015","48,000.00","47,620.00","48,220.00","47,340.00","2.23K","2.43%"
"06/15/2015","48,680.00","49,100.00","49,920.00","48,520.00","5.14K","1.42%"
"06/16/2015","48,000.00","48,940.00","48,960.20","47,720.00","2.35K","-1.40%"
"06/17/2015","47,540.00","47,720.00","48,440.00","47,100.00","2.78K","-0.96%"
"06/18/2015","45,600.00","47,100.00","47,120.00","45,260.00","4.89K","-4.08%"
"06/19/2015","46,240.00","45,400.00","46,240.00","45,320.00","2.47K","1.40%"
"06/22/2015","45,180.00","45,120.00","45,460.00","44,720.00","2.21K","-2.29%"
"06/23/2015","45,000.00","44,980.00","45,580.00","44,900.00","2.07K","-0.40%"
"06/24/2015","45,700.00","45,160.00","45,740.00","44,620.00","2.13K","1.56%"
"06/25/2015","46,000.00","45,180.00","46,200.00","45,040.00","2.75K","0.66%"
"06/26/2015","46,840.00","46,000.00","47,408.40","45,720.00","4.55K","1.83%"
"06/29/2015","50,140.00","48,480.00","50,280.00","47,660.20","4.77K","7.05%"
"06/30/2015","49,580.00","49,080.00","50,160.00","48,770.00","4.35K","-1.12%"
"07/01/2015","48,540.00","48,220.00","49,194.00","47,920.00","2.99K","-2.10%"
"07/02/2015","48,400.00","48,080.00","48,900.00","47,980.00","2.78K","-0.29%"
"07/06/2015","48,740.00","49,460.00","49,680.00","47,979.80","3.44K","0.70%"
"07/07/2015","48,400.00","48,600.00","51,340.00","48,300.00","5.18K","-0.70%"
"07/08/2015","51,000.00","49,520.00","51,240.00","49,300.00","4.47K","5.37%"
"07/09/2015","51,100.00","48,900.00","51,100.00","48,787.00","3.79K","0.20%"
"07/10/2015","48,740.00","49,020.00","49,580.00","48,140.00","3.42K","-4.62%"
"07/13/2015","46,160.00","47,420.00","47,440.00","46,020.00","3.79K","-5.29%"
"07/14/2015","45,240.00","46,000.00","46,020.00","44,860.00","2.26K","-1.99%"
"07/15/2015","45,100.00","44,980.00","45,479.80","44,560.00","2.96K","-0.31%"
"07/16/2015","43,220.00","43,980.00","44,240.00","43,160.00","4.08K","-4.17%"
"07/17/2015","41,320.00","42,160.00","42,320.00","41,280.00","3.97K","-4.40%"
"07/20/2015","40,840.00","41,060.00","41,380.00","40,380.00","4.18K","-1.16%"
"07/21/2015","40,960.00","40,800.00","41,250.80","40,600.00","2.99K","0.29%"
"07/22/2015","42,240.00","42,820.00","42,820.00","41,700.00","3.23K","3.13%"
"07/23/2015","42,760.00","42,140.00","43,088.40","41,759.80","2.53K","1.23%"
"07/24/2015","44,020.00","42,080.00","44,200.00","42,000.00","3.42K","2.95%"
"07/27/2015","45,080.00","44,820.00","45,360.20","44,200.00","4.16K","2.41%"
"07/28/2015","43,900.00","44,460.00","45,580.00","43,668.00","5.02K","-2.62%"
"07/29/2015","43,360.00","43,660.00","44,160.00","43,140.00","2.75K","-1.23%"
"07/30/2015","42,820.00","43,740.00","44,480.00","42,600.00","3.60K","-1.25%"
"07/31/2015","42,960.00","42,420.00","43,238.00","42,340.00","2.69K","0.33%"
"08/03/2015","43,300.00","42,940.00","44,220.00","42,580.00","2.78K","0.79%"
"08/04/2015","43,640.00","43,420.00","44,140.00","43,200.00","3.04K","0.79%"
"08/05/2015","42,620.00","42,860.00","43,020.00","41,740.00","5.09K","-2.34%"
"08/06/2015","44,600.00","42,520.00","45,200.00","42,320.00","3.82K","4.65%"
"08/07/2015","44,860.00","45,000.00","45,920.00","44,500.00","3.57K","0.58%"
"08/10/2015","43,260.00","43,920.00","43,920.00","42,960.00","2.20K","-3.57%"
"08/11/2015","44,900.00","43,960.00","45,660.00","43,460.00","2.74K","3.79%"
"08/12/2015","44,480.00","45,860.00","47,280.00","44,200.00","3.86K","-0.94%"
"08/13/2015","44,720.00","44,320.00","44,980.00","43,700.00","2.78K","0.54%"
"08/14/2015","44,460.00","45,020.00","45,280.00","44,300.00","3.48K","-0.58%"
"08/17/2015","43,400.00","44,780.00","45,120.20","43,340.00","2.89K","-2.38%"
"08/18/2015","44,000.00","43,560.00","44,200.00","43,427.60","2.04K","1.38%"
"08/19/2015","44,840.00","44,440.00","45,660.00","43,740.00","3.90K","1.91%"
"08/20/2015","48,660.00","46,140.00","48,660.00","45,720.00","4.61K","8.52%"
"08/21/2015","54,840.00","50,750.00","54,840.00","49,470.00","9.54K","12.70%"
"08/24/2015","61,420.00","71,580.00","90,000.00","54,839.80","12.32K","12.00%"
"08/25/2015","62,200.00","54,660.00","62,340.00","53,480.00","7.68K","1.27%"
"08/26/2015","52,760.00","56,660.00","60,540.00","52,340.00","8.91K","-15.18%"
"08/27/2015","48,720.00","50,320.00","52,320.00","48,620.00","7.60K","-7.66%"
"08/28/2015","48,800.00","49,480.00","49,780.00","48,200.00","5.91K","0.16%"
"08/31/2015","50,600.00","49,560.00","50,900.00","48,760.00","5.12K","3.69%"
"09/01/2015","55,300.00","54,320.00","55,880.00","52,020.00","8.01K","9.29%"
"09/02/2015","50,740.00","52,280.00","54,220.00","50,620.00","6.33K","-8.25%"
"09/03/2015","51,460.00","50,000.00","51,800.00","49,000.00","5.11K","1.42%"
"09/04/2015","53,160.00","53,420.00","54,079.80","52,195.00","5.84K","3.30%"
"09/08/2015","48,680.00","50,160.00","50,800.00","48,520.00","5.78K","-8.43%"
"09/09/2015","50,380.00","46,960.00","50,718.00","46,940.00","6.51K","3.49%"
"09/10/2015","48,780.00","50,520.00","50,680.00","47,700.00","7.11K","-3.18%"
"09/11/2015","47,880.00","49,380.00","49,780.00","47,880.00","4.60K","-1.85%"
"09/14/2015","48,360.00","47,320.00","48,860.00","47,320.00","2.72K","1.00%"
"09/15/2015","46,580.00","47,900.00","48,489.80","46,160.00","4.72K","-3.68%"
"09/16/2015","45,880.00","46,600.00","47,054.00","45,680.00","5.15K","-1.50%"
"09/17/2015","45,720.00","45,960.00","46,360.00","43,700.00","6.26K","-0.35%"
"09/18/2015","47,640.00","47,840.00","47,934.00","46,100.00","4.92K","4.20%"
"09/21/2015","47,280.00","46,940.00","48,540.00","46,080.00","5.30K","-0.76%"
"09/22/2015","49,340.00","49,480.00","50,660.00","48,940.00","3.84K","4.36%"
"09/23/2015","49,380.00","49,020.00","50,040.00","48,600.00","3.46K","0.08%"
"09/24/2015","49,720.00","50,700.00","51,960.00","49,257.60","5.01K","0.69%"
"09/25/2015","51,080.00","48,120.00","51,980.00","48,040.00","5.18K","2.74%"
"09/28/2015","55,540.00","51,730.00","55,860.00","51,640.00","5.78K","8.73%"
"09/29/2015","56,200.00","55,040.00","57,500.00","53,320.00","6.96K","1.19%"
"09/30/2015","52,540.00","53,880.00","54,560.00","52,240.00","6.32K","-6.51%"
"10/01/2015","51,800.00","52,100.00","54,220.00","51,700.00","4.71K","-1.41%"
"10/02/2015","48,960.00","53,880.00","54,302.00","48,960.00","6.20K","-5.48%"
"10/05/2015","46,860.00","48,000.00","48,200.00","46,480.20","5.76K","-4.29%"
"10/06/2015","47,440.00","47,200.00","48,626.80","46,730.00","4.65K","1.24%"
"10/07/2015","46,720.00","46,640.00","48,500.00","46,360.00","5.70K","-1.52%"
"10/08/2015","46,140.00","47,260.00","48,560.00","45,880.00","5.92K","-1.24%"
"10/09/2015","45,480.00","46,000.00","46,420.00","45,220.00","3.78K","-1.43%"
"10/12/2015","45,200.00","45,280.00","45,720.00","44,900.00","3.02K","-0.62%"
"10/13/2015","46,080.00","45,920.00","46,160.00","44,560.00","4.83K","1.95%"
"10/14/2015","46,240.00","46,020.00","46,820.00","45,340.00","3.77K","0.35%"
"10/15/2015","43,980.00","45,700.00","45,910.00","43,960.00","6.32K","-4.89%"
"10/16/2015","43,340.00","43,660.00","44,300.00","43,320.00","3.06K","-1.46%"
"10/19/2015","42,640.00","43,600.00","43,860.00","42,560.00","2.50K","-1.62%"
"10/20/2015","43,320.00","42,900.00","43,738.00","42,620.00","2.46K","1.59%"
"10/21/2015","44,040.00","42,620.00","44,160.00","42,520.00","3.16K","1.66%"
"10/22/2015","41,420.00","42,900.00","43,300.00","41,320.00","4.99K","-5.95%"
"10/23/2015","37,960.00","38,080.00","38,740.00","37,420.00","6.06K","-8.35%"
"10/26/2015","37,860.00","38,060.00","38,455.00","37,640.00","2.78K","-0.26%"
"10/27/2015","37,560.00","38,160.00","38,180.00","37,460.00","2.45K","-0.79%"
"10/28/2015","36,720.00","37,420.00","38,360.00","36,712.80","3.76K","-2.24%"
"10/29/2015","36,900.00","37,200.00","37,300.00","36,680.00","2.47K","0.49%"
"10/30/2015","37,300.00","36,820.00","37,360.00","36,620.00","2.29K","1.08%"
"11/02/2015","36,100.00","37,080.00","37,294.80","35,960.00","2.88K","-3.22%"
"11/03/2015","35,700.00","36,300.00","36,480.00","35,320.00","2.91K","-1.11%"
"11/04/2015","35,660.00","35,340.00","36,120.00","35,260.00","2.63K","-0.11%"
"11/05/2015","36,000.00","35,540.00","36,540.00","35,340.00","2.84K","0.95%"
"11/06/2015","35,900.00","36,200.00","36,860.00","35,780.00","2.74K","-0.28%"
"11/09/2015","37,020.00","36,300.00","37,700.00","36,170.00","3.09K","3.12%"
"11/10/2015","37,360.00","37,720.00","37,978.00","37,240.00","2.56K","0.92%"
"11/11/2015","37,460.00","36,980.00","37,660.00","36,480.00","2.62K","0.27%"
"11/12/2015","38,600.00","38,000.00","38,640.00","37,380.00","3.54K","3.04%"
"11/13/2015","40,820.00","39,040.00","40,900.00","38,920.00","5.01K","5.75%"
"11/16/2015","39,120.00","40,960.00","41,240.00","39,044.40","4.21K","-4.16%"
"11/17/2015","39,040.00","38,860.00","39,300.00","38,162.80","3.07K","-0.20%"
"11/18/2015","36,700.00","38,520.00","38,658.00","36,640.00","3.45K","-5.99%"
"11/19/2015","36,720.00","36,700.00","36,900.00","36,188.60","2.98K","0.05%"
"11/20/2015","35,940.00","36,160.00","36,260.00","35,860.00","2.32K","-2.12%"
"11/23/2015","36,240.00","35,880.00","36,680.00","35,500.00","2.18K","0.83%"
"11/24/2015","36,300.00","36,980.00","37,490.00","36,080.00","2.92K","0.17%"
"11/25/2015","36,260.00","36,160.00","36,479.00","36,036.00","1.13K","-0.11%"
"11/27/2015","36,020.00","36,000.00","36,440.00","35,860.00","0.84K","-0.66%"
"11/30/2015","36,340.00","35,800.00","36,700.00","35,760.00","1.81K","0.89%"
"12/01/2015","35,260.00","35,920.00","36,050.80","35,260.00","2.50K","-2.97%"
"12/02/2015","35,900.00","35,200.00","36,080.00","34,720.00","2.50K","1.82%"
"12/03/2015","37,740.00","35,600.00","38,359.80","35,440.00","4.80K","5.13%"
"12/04/2015","35,100.00","37,400.00","37,618.00","34,900.00","5.37K","-7.00%"
"12/07/2015","35,560.00","35,020.00","36,060.00","34,960.00","2.89K","1.31%"
"12/08/2015","35,500.00","36,640.00","36,700.00","35,200.20","3.94K","-0.17%"
"12/09/2015","37,140.00","36,040.00","37,790.00","35,429.60","4.64K","4.62%"
"12/10/2015","36,640.00","36,900.00","37,220.00","35,914.00","2.31K","-1.35%"
"12/11/2015","39,140.00","37,890.00","39,240.00","37,642.00","4.61K","6.82%"
"12/14/2015","38,300.00","39,060.00","40,680.00","38,250.00","5.08K","-2.15%"
"12/15/2015","37,620.00","37,260.00","37,730.80","36,600.00","3.29K","-1.78%"
"12/16/2015","35,960.00","36,820.00","37,980.00","35,739.80","4.01K","-4.41%"
"12/17/2015","37,100.00","35,440.00","37,500.00","35,440.00","3.55K","3.17%"
"12/18/2015","39,600.00","37,860.00","39,600.00","37,620.00","3.61K","6.74%"
"12/21/2015","38,320.00","38,560.00","39,420.00","38,320.00","2.22K","-3.23%"
"12/22/2015","37,640.00","37,760.00","38,360.00","37,440.00","1.88K","-1.77%"
"12/23/2015","36,780.00","37,040.00","37,220.00","36,700.00","1.89K","-2.28%"
"12/24/2015","36,740.00","36,800.00","36,840.20","36,500.00","0.74K","-0.11%"
"12/28/2015","36,820.00","37,040.00","37,847.60","36,820.00","1.76K","0.22%"
"12/29/2015","35,160.00","36,200.00","36,280.00","34,880.00","2.57K","-4.51%"
"12/30/2015","36,080.00","35,220.00","36,080.00","35,180.20","2.06K","2.62%"
"12/31/2015","37,300.00","36,460.00","37,440.00","36,247.80","2.81K","3.38%"
"01/04/2016","39,640.00","39,940.00","41,160.00","39,640.00","4.59K","6.27%"
"01/05/2016","40,040.00","39,140.00","40,540.00","39,040.00","3.03K","1.01%"
"01/06/2016","41,160.00","42,100.00","42,100.00","40,480.00","3.18K","2.80%"
"01/07/2016","45,000.00","43,780.00","45,040.00","42,220.20","6.30K","9.33%"
"01/08/2016","46,040.00","44,040.00","46,250.00","43,160.00","5.62K","2.31%"
"01/11/2016","45,720.00","45,100.00","47,813.00","44,720.00","5.14K","-0.70%"
"01/12/2016","43,980.00","44,360.00","46,020.20","43,380.00","5.17K","-3.81%"
"01/13/2016","48,640.00","43,540.00","48,860.00","43,260.00","6.01K","10.60%"
"01/14/2016","45,500.00","48,100.00","50,440.00","44,240.20","8.59K","-6.46%"
"01/15/2016","49,740.00","50,040.00","51,500.00","48,328.00","7.49K","9.32%"
"01/19/2016","49,520.00","47,780.00","51,218.00","47,520.00","7.43K","-0.44%"
"01/20/2016","49,920.00","51,820.00","55,058.00","48,340.00","10.43K","0.81%"
"01/21/2016","49,720.00","49,300.00","51,310.00","47,560.00","7.68K","-0.40%"
"01/22/2016","45,440.00","46,800.00","47,280.00","45,420.00","6.72K","-8.61%"
"01/25/2016","47,460.00","45,960.00","47,620.00","45,180.00","4.93K","4.45%"
"01/26/2016","46,200.00","46,900.00","48,120.00","45,600.00","3.90K","-2.65%"
"01/27/2016","49,660.00","47,000.00","50,240.00","46,420.00","6.22K","7.49%"
"01/28/2016","47,620.00","47,260.00","50,120.00","47,120.00","6.15K","-4.11%"
"01/29/2016","44,560.00","47,500.00","47,650.00","44,520.20","5.34K","-6.43%"
"02/01/2016","44,260.00","45,220.00","45,720.00","43,680.00","3.82K","-0.67%"
"02/02/2016","47,000.00","44,780.00","47,480.00","44,780.00","4.61K","6.19%"
"02/03/2016","47,740.00","46,100.00","50,200.00","46,100.00","9.05K","1.57%"
"02/04/2016","47,760.00","48,160.00","49,460.00","46,640.00","6.26K","0.04%"
"02/05/2016","52,720.00","48,260.00","53,320.00","48,240.00","7.39K","10.39%"
"02/08/2016","55,160.00","55,680.00","58,060.00","54,500.00","10.09K","4.63%"
"02/09/2016","55,720.00","57,380.00","57,646.00","53,180.00","8.86K","1.02%"
"02/10/2016","55,040.00","53,660.00","55,180.00","51,600.00","7.91K","-1.22%"
"02/11/2016","55,140.00","57,180.00","57,600.00","53,960.00","7.91K","0.18%"
"02/12/2016","52,780.00","53,400.00","54,980.00","52,620.00","4.93K","-4.28%"
"02/16/2016","49,360.00","50,380.00","51,400.00","49,340.00","4.73K","-6.48%"
"02/17/2016","45,900.00","48,080.00","48,520.00","45,660.00","5.68K","-7.01%"
"02/18/2016","47,420.00","45,480.00","47,620.00","45,420.00","4.80K","3.31%"
"02/19/2016","46,960.00","48,020.00","48,453.00","46,591.60","3.68K","-0.97%"
"02/22/2016","44,720.00","45,620.00","45,820.00","44,584.40","3.52K","-4.77%"
"02/23/2016","46,880.00","45,540.00","47,000.00","45,140.00","3.79K","4.83%"
"02/24/2016","45,560.00","48,540.00","49,440.00","45,400.00","6.30K","-2.82%"
"02/25/2016","44,280.00","45,360.00","46,539.80","44,280.00","4.01K","-2.81%"
"02/26/2016","44,420.00","43,360.00","44,720.00","43,200.00","3.96K","0.32%"
"02/27/2016","22.21","22.21","22.21","22.21","","-99.95%"
"02/29/2016","45,640.00","44,580.00","45,640.00","43,540.00","3.35K","205,393.03%"
"03/01/2016","41,220.00","44,320.00","44,730.20","41,220.00","5.91K","-9.68%"
"03/02/2016","41,180.00","41,400.00","42,140.00","41,160.00","3.38K","-0.10%"
"03/03/2016","41,420.00","41,320.00","42,288.40","41,260.00","3.44K","0.58%"
"03/04/2016","41,380.00","41,260.00","42,160.00","40,560.00","4.50K","-0.10%"
"03/07/2016","42,120.00","41,980.00","43,000.00","41,260.20","4.55K","1.79%"
"03/08/2016","43,160.00","43,080.00","43,379.80","41,880.00","5.61K","2.47%"
"03/09/2016","42,360.00","42,700.00","43,400.00","42,300.00","3.59K","-1.85%"
"03/10/2016","42,500.00","41,680.00","44,180.00","41,080.00","5.88K","0.33%"
"03/11/2016","40,320.00","41,180.00","41,553.00","40,300.00","4.41K","-5.13%"
"03/14/2016","40,100.00","40,660.00","40,780.00","39,800.00","3.52K","-0.55%"
"03/15/2016","40,120.00","40,560.00","40,900.00","40,000.00","3.19K","0.05%"
"03/16/2016","39,040.00","40,440.00","40,440.00","38,740.00","5.01K","-2.69%"
"03/17/2016","39,160.00","39,460.00","39,840.00","38,860.00","3.06K","0.31%"
"03/18/2016","38,900.00","38,900.00","39,580.00","38,640.00","3.78K","-0.66%"
"03/21/2016","38,500.00","39,200.00","39,218.00","38,380.00","2.94K","-1.03%"
"03/22/2016","38,160.00","39,080.00","39,144.00","37,880.00","3.26K","-0.88%"
"03/23/2016","39,080.00","38,300.00","39,330.00","38,280.00","3.47K","2.41%"
"03/24/2016","39,020.00","39,780.00","39,859.80","39,000.00","3.07K","-0.15%"
"03/28/2016","39,220.00","38,740.00","39,420.00","38,720.00","1.97K","0.51%"
"03/29/2016","37,340.00","39,440.00","39,620.00","37,240.00","3.75K","-4.79%"
"03/30/2016","36,780.00","36,680.00","37,020.00","36,080.00","5.38K","-1.50%"
"03/31/2016","36,980.00","36,860.00","37,100.00","36,440.00","2.73K","0.54%"
"04/01/2016","35,740.00","37,580.00","37,766.60","35,720.00","3.72K","-3.35%"
"04/04/2016","36,200.00","35,880.00","36,419.80","35,680.00","2.91K","1.29%"
"04/05/2016","37,180.00","37,020.00","37,358.00","36,600.00","3.44K","2.71%"
"04/06/2016","35,380.00","37,120.00","37,120.00","35,360.00","4.40K","-4.84%"
"04/07/2016","36,940.00","35,960.00","37,340.20","35,810.00","4.35K","4.41%"
"04/08/2016","37,020.00","36,220.00","37,380.00","35,950.00","4.83K","0.22%"
"04/11/2016","37,400.00","36,500.00","37,400.00","35,960.00","4.16K","1.03%"
"04/12/2016","36,440.00","37,360.00","38,000.00","36,240.00","6.24K","-2.57%"
"04/13/2016","35,060.00","35,620.00","35,760.00","34,900.00","4.40K","-3.79%"
"04/14/2016","35,060.00","35,040.00","35,340.00","34,660.00","3.19K","0.00%"
"04/15/2016","35,320.00","35,200.00","35,580.00","34,900.00","2.82K","0.74%"
"04/18/2016","34,760.00","35,600.00","35,680.00","34,700.00","2.51K","-1.59%"
"04/19/2016","35,410.00","34,560.00","35,918.80","34,500.00","3.36K","1.87%"
"04/20/2016","35,300.00","35,400.00","35,740.00","34,800.00","2.95K","-0.31%"
"04/21/2016","35,300.00","35,320.00","35,758.00","34,900.00","3.36K","0.00%"
"04/22/2016","36,880.00","36,600.00","37,700.00","36,180.00","4.42K","4.48%"
"04/25/2016","36,900.00","37,260.00","37,420.00","36,879.80","2.11K","0.05%"
"04/26/2016","37,300.00","36,700.00","37,760.00","36,460.00","2.37K","1.08%"
"04/27/2016","38,300.00","38,560.00","39,230.00","38,060.00","5.02K","2.68%"
"04/28/2016","39,660.00","38,180.00","39,920.00","37,500.00","3.92K","3.55%"
"04/29/2016","40,300.00","39,800.00","41,277.00","39,460.00","5.97K","1.61%"
"05/02/2016","39,200.00","40,060.00","40,520.00","39,020.00","3.15K","-2.73%"
"05/03/2016","40,280.00","40,080.00","40,600.00","39,500.00","4.14K","2.76%"
"05/04/2016","41,040.00","40,980.00","41,360.00","40,580.00","3.57K","1.89%"
"05/05/2016","41,100.00","40,600.00","41,340.00","40,352.00","3.00K","0.15%"
"05/06/2016","40,440.00","41,720.00","41,820.00","40,440.00","3.77K","-1.61%"
"05/09/2016","40,140.00","40,440.00","40,500.00","39,540.00","3.24K","-0.74%"
"05/10/2016","38,440.00","39,660.00","39,880.00","38,400.00","2.75K","-4.24%"
"05/11/2016","39,480.00","38,600.00","39,540.00","38,260.00","2.81K","2.71%"
"05/12/2016","40,020.00","39,120.00","40,840.00","39,060.00","4.72K","1.37%"
"05/13/2016","40,440.00","40,100.00","40,680.00","39,400.00","4.41K","1.05%"
"05/16/2016","38,960.00","40,300.00","40,380.00","38,500.00","2.97K","-3.66%"
"05/17/2016","40,420.00","39,000.00","40,720.00","38,700.00","4.67K","3.75%"
"05/18/2016","39,960.00","40,660.00","40,900.00","39,320.00","5.28K","-1.14%"
"05/19/2016","40,600.00","40,450.00","41,460.00","40,140.00","4.91K","1.60%"
"05/20/2016","39,260.00","40,060.00","40,160.00","38,760.00","4.95K","-3.30%"
"05/23/2016","39,460.00","39,140.00","39,500.00","38,700.00","1.89K","0.51%"
"05/24/2016","37,040.00","38,760.00","38,780.00","36,900.00","3.94K","-6.13%"
"05/25/2016","36,240.00","36,600.00","36,800.00","35,900.00","3.29K","-2.16%"
"05/26/2016","35,920.00","36,120.00","36,379.80","35,780.00","2.32K","-0.88%"
"05/27/2016","35,340.00","35,860.00","35,860.00","35,340.00","2.12K","-1.61%"
"05/31/2016","35,140.00","35,200.00","35,680.00","34,980.00","2.63K","-0.57%"
"06/01/2016","35,160.00","35,480.00","35,560.00","34,900.00","2.63K","0.06%"
"06/02/2016","34,940.00","35,380.00","35,900.00","34,920.00","2.20K","-0.63%"
"06/03/2016","35,400.00","35,160.00","36,060.00","35,080.00","3.56K","1.32%"
"06/06/2016","35,020.00","35,200.00","35,380.00","34,720.00","1.79K","-1.07%"
"06/07/2016","35,260.00","34,920.00","35,340.00","34,860.00","1.53K","0.69%"
"06/08/2016","35,160.00","35,100.00","35,500.00","34,897.80","2.15K","-0.28%"
"06/09/2016","35,260.00","35,540.00","35,740.00","35,160.00","2.72K","0.28%"
"06/10/2016","36,420.00","36,180.00","36,840.00","36,040.00","3.84K","3.29%"
"06/13/2016","37,380.00","37,120.00","37,520.00","36,480.00","4.10K","2.64%"
"06/14/2016","37,360.00","37,660.00","38,208.00","37,000.00","4.40K","-0.05%"
"06/15/2016","37,680.00","37,080.00","37,898.00","36,920.00","3.52K","0.86%"
"06/16/2016","37,400.00","38,300.00","39,000.00","37,260.00","4.67K","-0.74%"
"06/17/2016","38,640.00","37,540.00","38,936.60","37,540.00","3.41K","3.32%"
"06/20/2016","37,980.00","37,280.00","38,039.80","36,780.00","4.30K","-1.71%"
"06/21/2016","37,640.00","37,780.00","38,020.00","37,380.00","2.30K","-0.90%"
"06/22/2016","37,820.00","37,540.00","37,960.00","36,880.00","3.24K","0.48%"
"06/23/2016","36,280.00","36,900.00","37,460.00","36,240.00","3.17K","-4.07%"
"06/24/2016","40,700.00","40,340.00","40,940.00","38,500.00","11.14K","12.18%"
"06/27/2016","43,080.00","41,580.00","43,700.00","41,559.80","8.60K","5.85%"
"06/28/2016","40,340.00","41,740.00","41,780.00","40,300.00","6.14K","-6.36%"
"06/29/2016","38,220.00","39,380.00","39,440.20","37,960.00","6.04K","-5.26%"
"06/30/2016","36,920.00","38,020.00","38,400.00","36,840.00","4.43K","-3.40%"
"07/01/2016","36,340.00","36,920.00","36,960.00","35,900.00","3.50K","-1.57%"
"07/05/2016","37,000.00","36,900.00","37,560.00","36,740.20","4.54K","1.82%"
"07/06/2016","36,100.00","37,540.00","37,857.00","36,020.00","5.11K","-2.43%"
"07/07/2016","35,760.00","35,980.00","36,260.00","35,500.00","3.17K","-0.94%"
"07/08/2016","34,100.00","35,240.00","35,360.00","34,040.00","4.72K","-4.64%"
"07/11/2016","33,520.00","33,760.00","33,760.00","33,130.00","3.24K","-1.70%"
"07/12/2016","33,000.00","32,920.00","33,139.80","32,720.00","3.03K","-1.55%"
"07/13/2016","33,240.00","32,800.00","33,260.00","32,720.00","2.71K","0.73%"
"07/14/2016","32,560.00","32,600.00","32,819.80","32,360.00","2.58K","-2.05%"
"07/15/2016","32,760.00","32,360.00","32,940.00","32,280.00","1.98K","0.61%"
"07/18/2016","32,080.00","32,680.00","32,680.00","31,900.00","2.77K","-2.08%"
"07/19/2016","32,420.00","32,400.00","32,580.00","32,120.00","1.90K","1.06%"
"07/20/2016","31,300.00","31,920.00","32,020.00","31,100.00","2.90K","-3.45%"
"07/21/2016","31,480.00","31,220.00","31,754.00","31,040.00","2.29K","0.58%"
"07/22/2016","31,120.00","31,420.00","31,710.00","31,000.00","1.78K","-1.14%"
"07/25/2016","31,080.00","31,220.00","31,400.00","31,069.00","1.50K","-0.13%"
"07/26/2016","31,000.00","31,140.00","31,459.80","30,640.00","2.14K","-0.26%"
"07/27/2016","30,360.00","30,220.00","30,725.00","30,100.00","2.74K","-2.06%"
"07/28/2016","30,040.00","30,200.00","30,480.00","29,920.00","2.29K","-1.05%"
"07/29/2016","29,840.00","29,800.00","30,119.80","29,600.00","2.75K","-0.67%"
"08/01/2016","29,380.00","29,780.00","29,880.00","29,120.00","2.90K","-1.54%"
"08/02/2016","30,040.00","29,500.00","30,580.20","29,410.00","4.01K","2.25%"
"08/03/2016","29,720.00","30,160.00","30,160.00","29,720.00","1.99K","-1.07%"
"08/04/2016","29,500.00","29,740.00","29,980.00","29,380.00","1.89K","-0.74%"
"08/05/2016","28,620.00","29,020.00","29,120.00","28,420.00","2.22K","-2.98%"
"08/08/2016","28,720.00","28,640.00","29,000.00","28,548.40","1.50K","0.35%"
"08/09/2016","28,500.00","28,660.00","28,710.00","28,240.00","3.16K","-0.77%"
"08/10/2016","28,720.00","28,490.00","28,960.00","28,450.00","1.64K","0.77%"
"08/11/2016","28,380.00","28,460.00","28,620.00","28,160.00","1.40K","-1.18%"
"08/12/2016","28,300.00","28,520.00","28,600.00","28,300.00","1.51K","-0.28%"
"08/15/2016","27,960.00","28,180.00","28,220.00","27,760.00","1.93K","-1.20%"
"08/16/2016","28,380.00","28,120.00","28,420.00","28,100.00","1.73K","1.50%"
"08/17/2016","28,260.00","28,400.00","28,860.00","28,220.00","2.61K","-0.42%"
"08/18/2016","28,240.00","28,340.00","28,480.00","28,120.00","1.46K","-0.07%"
"08/19/2016","28,260.00","28,380.00","28,619.80","28,062.00","2.65K","0.07%"
"08/22/2016","28,220.00","28,400.00","28,539.80","28,046.00","2.00K","-0.14%"
"08/23/2016","28,040.00","27,880.00","28,070.00","27,720.00","1.85K","-0.64%"
"08/24/2016","28,620.00","28,110.00","28,870.00","27,992.60","2.57K","2.07%"
"08/25/2016","28,720.00","28,840.00","28,920.00","28,460.00","2.59K","0.35%"
"08/26/2016","28,600.00","28,680.00","29,120.00","28,040.00","5.22K","-0.42%"
"08/29/2016","28,480.00","28,580.00","28,590.00","28,240.00","2.02K","-0.42%"
"08/30/2016","28,740.00","28,620.00","29,040.00","28,360.00","2.95K","0.91%"
"08/31/2016","28,840.00","28,900.00","29,210.00","28,757.40","2.72K","0.35%"
"09/01/2016","28,640.00","28,800.00","29,240.00","28,522.00","3.48K","-0.69%"
"09/02/2016","28,360.00","28,200.00","28,660.00","28,020.00","2.77K","-0.98%"
"09/06/2016","27,820.00","28,200.00","28,400.00","27,820.00","3.07K","-1.90%"
"09/07/2016","27,780.00","27,740.00","28,080.00","27,620.20","1.85K","-0.14%"
"09/08/2016","28,260.00","27,980.00","28,470.00","27,980.00","2.17K","1.73%"
"09/09/2016","30,380.00","28,980.00","30,380.00","28,780.00","6.51K","7.50%"
"09/12/2016","28,760.00","30,920.00","30,920.00","28,620.00","7.52K","-5.33%"
"09/13/2016","29,520.00","29,200.00","29,920.00","28,920.00","7.29K","2.64%"
"09/14/2016","29,080.00","29,460.00","29,460.00","28,600.00","4.45K","-1.49%"
"09/15/2016","27,760.00","29,040.00","29,080.00","27,620.00","5.14K","-4.54%"
"09/16/2016","27,820.00","27,820.00","28,200.00","27,700.00","3.49K","0.22%"
"09/19/2016","28,120.00","27,600.00","28,300.00","27,300.00","3.16K","1.08%"
"09/20/2016","27,980.00","27,840.00","28,138.60","27,640.00","2.20K","-0.50%"
"09/21/2016","27,160.00","27,640.00","28,119.80","27,040.00","5.43K","-2.93%"
"09/22/2016","26,520.00","26,680.00","26,760.00","26,420.00","3.14K","-2.36%"
"09/23/2016","27,020.00","26,660.00","27,120.20","26,620.00","2.74K","1.89%"
"09/26/2016","27,700.00","27,520.00","27,820.00","27,380.00","3.37K","2.52%"
"09/27/2016","26,880.00","27,740.00","27,830.00","26,840.00","2.82K","-2.96%"
"09/28/2016","26,720.00","26,780.00","27,157.80","26,700.00","2.45K","-0.60%"
"09/29/2016","27,300.00","26,900.00","27,664.00","26,721.40","4.73K","2.17%"
"09/30/2016","26,740.00","27,120.00","27,199.80","26,460.00","3.26K","-2.05%"
"10/03/2016","26,800.00","26,840.00","27,140.00","26,720.00","3.11K","0.22%"
"10/04/2016","26,940.00","26,600.00","27,240.00","26,400.00","4.00K","0.52%"
"10/05/2016","26,640.00","26,740.00","26,740.00","26,400.00","2.51K","-1.11%"
"10/06/2016","26,700.00","26,780.00","27,080.00","26,520.00","2.69K","0.23%"
"10/07/2016","26,860.00","26,640.00","27,260.00","26,500.00","3.10K","0.60%"
"10/10/2016","26,340.00","26,480.00","26,487.00","26,180.00","2.30K","-1.94%"
"10/11/2016","27,460.00","26,480.00","27,840.00","26,420.00","4.00K","4.25%"
"10/12/2016","27,540.00","27,460.00","27,810.00","27,262.00","3.21K","0.29%"
"10/13/2016","27,820.00","28,140.00","28,600.00","27,620.00","4.56K","1.02%"
"10/14/2016","27,780.00","27,440.00","27,818.00","27,100.00","3.03K","-0.14%"
"10/17/2016","28,000.00","27,820.00","28,100.00","27,659.80","2.86K","0.79%"
"10/18/2016","27,220.00","26,980.00","27,280.00","26,840.00","3.19K","-2.79%"
"10/19/2016","27,280.00","27,280.00","27,400.00","27,128.80","2.11K","0.22%"
"10/20/2016","27,340.00","27,380.00","27,820.00","27,160.00","2.42K","0.22%"
"10/21/2016","27,060.00","27,300.00","27,540.00","26,980.00","2.07K","-1.02%"
"10/24/2016","26,080.00","26,500.00","26,520.00","26,020.00","3.82K","-3.62%"
"10/25/2016","26,340.00","26,020.00","26,440.00","26,000.00","2.45K","1.00%"
"10/26/2016","26,820.00","26,860.00","27,080.00","26,402.00","2.87K","1.82%"
"10/27/2016","27,200.00","26,460.00","27,319.80","26,440.00","2.88K","1.42%"
"10/28/2016","27,700.00","27,460.00","27,960.00","27,030.00","4.80K","1.84%"
"10/31/2016","27,820.00","27,420.00","27,840.00","27,420.00","2.12K","0.43%"
"11/01/2016","28,420.00","27,680.00","29,151.60","27,660.00","4.38K","2.16%"
"11/02/2016","29,100.00","28,460.00","29,320.00","28,300.00","4.91K","2.39%"
"11/03/2016","29,960.00","29,280.00","30,080.00","28,980.00","4.12K","2.96%"
"11/04/2016","30,300.00","30,200.00","30,452.80","29,580.00","4.44K","1.13%"
"11/07/2016","28,100.00","28,820.00","28,960.00","28,040.00","4.98K","-7.26%"
"11/08/2016","27,600.00","28,240.00","28,419.80","27,200.00","3.70K","-1.78%"
"11/09/2016","27,180.00","28,580.00","28,640.00","27,061.40","10.97K","-1.52%"
"11/10/2016","28,520.00","26,800.00","29,600.00","26,682.00","13.11K","4.93%"
"11/11/2016","28,440.00","28,940.00","29,182.40","28,280.00","6.09K","-0.28%"
"11/14/2016","29,320.00","28,440.00","29,780.00","28,368.20","5.27K","3.09%"
"11/15/2016","28,120.00","28,680.00","28,780.00","27,820.00","5.56K","-4.09%"
"11/16/2016","27,600.00","28,500.00","28,516.20","27,560.00","3.06K","-1.85%"
"11/17/2016","27,020.00","27,640.00","27,820.00","27,000.00","3.79K","-2.10%"
"11/18/2016","27,320.00","26,960.00","27,400.00","26,780.00","2.35K","1.11%"
"11/21/2016","26,480.00","27,180.00","27,180.00","26,400.00","3.47K","-3.07%"
"11/22/2016","26,220.00","26,200.00","26,426.00","26,040.00","2.33K","-0.98%"
"11/23/2016","26,520.00","26,480.00","26,880.00","26,400.00","3.14K","1.14%"
"11/25/2016","26,300.00","26,460.00","26,540.00","26,260.00","1.15K","-0.83%"
"11/28/2016","26,460.00","26,400.00","26,540.00","26,100.00","2.68K","0.61%"
"11/29/2016","26,180.00","26,400.00","26,618.60","25,820.00","4.35K","-1.06%"
"11/30/2016","27,160.00","26,100.00","27,160.00","26,060.00","3.87K","3.74%"
"12/01/2016","28,500.00","27,160.00","28,680.00","27,160.00","4.54K","4.93%"
"12/02/2016","28,380.00","28,500.00","28,740.00","28,040.00","3.33K","-0.42%"
"12/05/2016","27,680.00","27,920.00","28,340.00","27,380.00","2.82K","-2.47%"
"12/06/2016","27,540.00","27,500.00","27,860.00","27,382.00","1.50K","-0.51%"
"12/07/2016","26,460.00","27,690.00","27,940.00","26,380.00","4.52K","-3.92%"
"12/08/2016","26,340.00","26,440.00","26,600.00","26,140.00","5.12K","-0.45%"
"12/09/2016","25,760.00","26,060.00","26,060.00","25,700.00","4.43K","-2.20%"
"12/12/2016","26,060.00","26,060.00","26,394.00","25,919.80","3.57K","1.16%"
"12/13/2016","25,060.00","25,820.00","25,840.00","24,660.00","7.00K","-3.84%"
"12/14/2016","25,220.00","25,000.00","25,460.00","24,740.00","6.97K","0.64%"
"12/15/2016","25,060.00","25,140.00","25,320.00","24,680.00","5.40K","-0.63%"
"12/16/2016","25,380.00","24,980.00","25,540.00","24,820.00","3.74K","1.28%"
"12/19/2016","25,080.00","25,320.00","25,440.00","24,622.00","3.14K","-1.18%"
"12/20/2016","24,780.00","24,900.00","24,940.00","24,660.00","1.99K","-1.20%"
"12/21/2016","24,860.00","24,780.00","25,030.60","24,740.00","1.73K","0.32%"
"12/22/2016","25,100.00","24,840.00","25,360.00","24,840.00","2.21K","0.97%"
"12/23/2016","25,000.00","25,200.00","25,271.60","25,000.00","1.55K","-0.40%"
"12/27/2016","24,660.00","24,900.00","24,919.80","24,200.00","3.31K","-1.36%"
"12/28/2016","25,220.00","24,500.00","25,260.00","24,420.00","4.15K","2.27%"
"12/29/2016","25,340.00","25,240.00","25,560.00","25,060.00","2.83K","0.48%"
"12/30/2016","26,060.00","25,220.00","26,320.00","25,190.00","5.98K","2.84%"
"01/03/2017","25,420.00","25,550.00","25,839.80","25,107.80","4.30K","-2.46%"
"01/04/2017","24,980.00","25,320.00","25,320.00","24,840.00","4.13K","-1.73%"
"01/05/2017","24,600.00","25,010.00","25,040.00","24,520.00","2.95K","-1.52%"
"01/06/2017","23,920.00","24,480.00","24,680.00","23,720.00","4.44K","-2.76%"
"01/09/2017","23,700.00","23,860.00","23,920.00","23,560.00","3.31K","-0.92%"
"01/10/2017","23,540.00","23,700.00","23,820.00","23,320.00","3.87K","-0.68%"
"01/11/2017","23,380.00","23,500.00","23,880.00","23,340.00","3.66K","-0.68%"
"01/12/2017","23,455.00","23,600.00","24,105.00","23,415.00","8.58K","0.32%"
"01/13/2017","23,205.00","23,415.00","23,415.00","23,100.00","6.45K","-1.07%"
"01/17/2017","23,425.00","23,420.00","23,625.00","23,290.00","7.03K","0.95%"
"01/18/2017","23,290.00","23,330.00","23,505.00","23,220.00","4.98K","-0.58%"
"01/19/2017","23,310.00","23,205.00","23,465.00","22,945.00","5.65K","0.09%"
"01/20/2017","23,155.00","23,030.00","23,350.00","22,835.00","7.66K","-0.66%"
"01/23/2017","23,125.00","23,230.00","23,549.95","23,015.00","5.46K","-0.13%"
"01/24/2017","22,645.00","22,975.00","23,090.00","22,540.00","4.91K","-2.08%"
"01/25/2017","21,955.00","22,245.00","22,280.00","21,950.00","5.90K","-3.05%"
"01/26/2017","21,890.00","21,880.00","22,010.00","21,760.00","5.02K","-0.30%"
"01/27/2017","21,765.00","21,770.00","21,985.00","21,710.00","3.51K","-0.57%"
"01/30/2017","22,270.00","22,005.00","22,640.00","21,990.00","5.08K","2.32%"
"01/31/2017","22,405.00","22,505.00","22,803.75","22,405.00","5.65K","0.61%"
"02/01/2017","21,945.00","21,960.00","22,260.00","21,825.00","4.99K","-2.05%"
"02/02/2017","22,015.00","22,070.00","22,260.00","21,823.05","4.71K","0.32%"
"02/03/2017","21,830.00","21,935.00","22,013.00","21,760.00","4.03K","-0.84%"
"02/06/2017","21,750.00","21,965.00","22,000.00","21,740.00","3.24K","-0.37%"
"02/07/2017","21,510.00","21,630.00","21,674.95","21,378.05","4.47K","-1.10%"
"02/08/2017","21,410.00","21,600.00","21,724.95","21,322.50","4.24K","-0.46%"
"02/09/2017","21,170.00","21,335.00","21,380.00","21,035.00","5.55K","-1.12%"
"02/10/2017","20,965.00","21,055.00","21,144.50","20,875.00","5.15K","-0.97%"
"02/13/2017","20,605.00","20,775.00","20,795.00","20,529.95","4.76K","-1.72%"
"02/14/2017","20,395.00","20,590.00","20,780.00","20,395.00","5.95K","-1.02%"
"02/15/2017","20,045.00","20,435.00","20,478.50","20,016.85","5.71K","-1.72%"
"02/16/2017","20,060.00","20,010.00","20,217.55","19,890.00","6.14K","0.07%"
"02/17/2017","19,810.00","20,150.00","20,160.00","19,805.00","6.38K","-1.25%"
"02/21/2017","19,510.00","19,700.00","19,724.95","19,472.00","4.55K","-1.51%"
"02/22/2017","19,485.00","19,575.00","19,665.00","19,455.00","3.56K","-0.13%"
"02/23/2017","19,710.00","19,410.00","19,947.50","19,410.00","5.40K","1.15%"
"02/24/2017","19,600.00","19,955.00","19,995.00","19,600.00","5.46K","-0.56%"
"02/27/2017","19,525.00","19,705.00","19,807.70","19,525.00","3.37K","-0.38%"
"02/28/2017","19,690.00","19,545.00","19,870.00","19,515.00","4.32K","0.85%"
"03/01/2017","19,055.00","19,345.00","19,440.00","18,955.00","8.31K","-3.22%"
"03/02/2017","19,345.00","19,070.00","19,410.00","19,060.00","3.91K","1.52%"
"03/03/2017","19,240.00","19,405.00","19,545.00","19,225.00","3.20K","-0.54%"
"03/06/2017","19,360.00","19,445.00","19,600.00","19,275.00","3.55K","0.62%"
"03/07/2017","19,470.00","19,495.00","19,569.50","19,216.90","3.51K","0.57%"
"03/08/2017","19,365.00","19,455.00","19,490.00","19,185.00","4.68K","-0.54%"
"03/09/2017","19,320.00","19,380.00","19,634.60","19,240.40","4.10K","-0.23%"
"03/10/2017","19,085.00","19,065.00","19,333.25","18,990.00","4.68K","-1.22%"
"03/13/2017","18,975.00","19,105.00","19,135.00","18,975.00","2.93K","-0.58%"
"03/14/2017","19,130.00","19,110.00","19,355.00","19,095.00","3.13K","0.82%"
"03/15/2017","18,780.00","19,015.00","19,190.00","18,645.05","6.32K","-1.83%"
"03/16/2017","18,805.00","18,670.00","18,940.00","18,670.00","4.38K","0.13%"
"03/17/2017","18,860.00","18,765.00","18,865.00","18,687.25","3.08K","0.29%"
"03/20/2017","18,785.00","18,850.00","18,931.60","18,660.00","3.22K","-0.40%"
"03/21/2017","19,630.00","18,575.00","19,675.00","18,521.50","10.50K","4.50%"
"03/22/2017","19,250.00","19,615.00","19,710.00","19,190.00","9.70K","-1.94%"
"03/23/2017","19,390.00","19,317.50","19,487.50","19,165.00","5.54K","0.73%"
"03/24/2017","19,270.00","19,215.00","19,499.95","18,985.00","6.57K","-0.62%"
"03/27/2017","19,180.00","19,695.00","19,820.00","19,085.00","6.09K","-0.47%"
"03/28/2017","18,820.00","19,215.00","19,310.00","18,660.00","4.87K","-1.88%"
"03/29/2017","18,575.00","18,795.00","18,850.00","18,555.00","3.76K","-1.30%"
"03/30/2017","18,480.00","18,585.00","18,650.00","18,420.00","3.52K","-0.51%"
"03/31/2017","18,525.00","18,560.00","18,625.00","18,370.00","3.20K","0.24%"
"04/03/2017","18,555.00","18,480.00","18,865.00","18,345.00","5.96K","0.16%"
"04/04/2017","18,470.00","18,725.00","18,730.00","18,460.00","3.33K","-0.46%"
"04/05/2017","18,695.00","18,395.00","18,800.00","18,070.00","9.12K","1.22%"
"04/06/2017","18,665.00","18,640.00","18,815.00","18,522.50","5.78K","-0.16%"
"04/07/2017","18,695.00","18,700.00","18,899.65","18,530.00","5.33K","0.16%"
"04/10/2017","18,675.00","18,650.00","18,830.00","18,450.00","4.52K","-0.11%"
"04/11/2017","18,905.00","18,745.00","19,325.00","18,655.00","6.82K","1.23%"
"04/12/2017","19,150.00","18,930.00","19,217.40","18,890.00","4.95K","1.30%"
"04/13/2017","19,380.00","19,230.00","19,390.00","18,905.00","5.60K","1.20%"
"04/17/2017","18,905.00","19,230.00","19,245.00","18,900.00","3.78K","-2.45%"
"04/18/2017","18,980.00","19,105.00","19,135.00","18,830.00","4.27K","0.40%"
"04/19/2017","18,900.00","18,760.00","18,985.00","18,565.00","5.11K","-0.42%"
"04/20/2017","18,450.00","18,680.00","18,765.00","18,310.00","6.84K","-2.38%"
"04/21/2017","18,445.00","18,390.00","18,585.00","18,365.00","3.92K","-0.03%"
"04/24/2017","17,785.00","17,845.00","17,930.00","17,733.35","5.70K","-3.58%"
"04/25/2017","17,400.00","17,620.00","17,658.10","17,307.40","6.09K","-2.16%"
"04/26/2017","17,465.00","17,390.00","17,500.05","17,259.20","4.58K","0.37%"
"04/27/2017","17,165.00","17,340.00","17,385.00","17,165.00","4.03K","-1.72%"
"04/28/2017","17,070.00","16,970.00","17,155.00","16,935.00","4.07K","-0.55%"
"05/01/2017","16,635.00","16,915.00","16,922.95","16,555.00","5.01K","-2.55%"
"05/02/2017","16,540.00","16,560.00","16,680.00","16,515.00","3.90K","-0.57%"
"05/03/2017","16,700.00","16,645.00","16,830.00","16,639.05","5.03K","0.97%"
"05/04/2017","16,675.00","16,690.00","16,850.00","16,610.00","4.87K","-0.15%"
"05/05/2017","16,500.00","16,555.00","16,740.00","16,500.00","3.14K","-1.05%"
"05/08/2017","16,390.00","16,480.00","16,572.50","16,390.00","2.38K","-0.67%"
"05/09/2017","16,220.00","16,320.00","16,355.00","16,110.00","6.39K","-1.04%"
"05/10/2017","16,195.00","16,200.00","16,365.00","16,175.00","3.67K","-0.15%"
"05/11/2017","16,235.00","16,325.00","16,545.10","16,220.00","4.54K","0.25%"
"05/12/2017","16,120.00","16,210.00","16,250.00","16,115.00","3.41K","-0.71%"
"05/15/2017","15,975.00","16,115.00","16,145.00","15,950.00","3.02K","-0.90%"
"05/16/2017","15,780.00","15,860.00","15,990.00","15,775.00","3.72K","-1.22%"
"05/17/2017","16,975.00","16,150.00","16,985.00","16,060.00","14.06K","7.57%"
"05/18/2017","16,535.00","16,985.00","17,060.00","16,369.95","10.79K","-2.59%"
"05/19/2017","16,330.00","16,380.00","16,390.00","16,120.95","6.06K","-1.24%"
"05/22/2017","15,915.00","16,230.00","16,240.00","15,895.00","4.33K","-2.54%"
"05/23/2017","15,875.00","15,775.00","15,990.00","15,775.00","4.10K","-0.25%"
"05/24/2017","15,655.00","15,730.00","15,865.00","15,635.00","3.60K","-1.39%"
"05/25/2017","15,260.00","15,470.00","15,584.35","15,140.00","6.77K","-2.52%"
"05/26/2017","15,180.00","15,245.00","15,315.00","15,160.00","3.11K","-0.52%"
"05/30/2017","15,145.00","15,205.00","15,227.75","15,090.00","2.92K","-0.23%"
"05/31/2017","15,170.00","14,995.00","15,390.00","14,982.50","6.02K","0.17%"
"06/01/2017","14,975.00","15,065.00","15,255.00","14,970.00","4.78K","-1.29%"
"06/02/2017","14,470.00","14,830.00","14,900.00","14,462.50","8.39K","-3.37%"
"06/05/2017","14,480.00","14,475.00","14,545.00","14,405.00","2.97K","0.07%"
"06/06/2017","14,655.00","14,520.00","14,720.00","14,395.00","5.59K","1.21%"
"06/07/2017","14,485.00","14,535.00","14,735.00","14,450.00","5.08K","-1.16%"
"06/08/2017","14,435.00","14,380.00","14,675.00","14,370.00","6.00K","-0.35%"
"06/09/2017","15,500.00","14,385.00","16,085.00","14,340.00","26.32K","7.38%"
"06/12/2017","15,765.00","15,900.00","16,360.00","15,695.00","29.44K","1.71%"
"06/13/2017","15,395.00","15,500.00","15,755.00","15,330.00","13.51K","-2.35%"
"06/14/2017","15,590.00","15,215.00","15,970.00","15,210.00","19.14K","1.27%"
"06/15/2017","15,805.00","16,080.00","16,360.00","15,755.00","18.47K","1.38%"
"06/16/2017","15,995.00","15,840.00","16,190.00","15,840.00","8.79K","1.20%"
"06/19/2017","15,225.00","15,565.00","15,625.50","15,175.00","10.62K","-4.81%"
"06/20/2017","15,570.00","15,270.00","15,588.15","15,210.00","9.01K","2.27%"
"06/21/2017","15,125.00","15,480.00","15,502.35","15,100.00","9.62K","-2.86%"
"06/22/2017","15,130.00","15,060.00","15,248.50","14,965.00","7.62K","0.03%"
"06/23/2017","14,965.00","15,190.00","15,310.05","14,905.00","6.15K","-1.09%"
"06/26/2017","15,165.00","14,710.00","15,265.00","14,630.00","9.29K","1.34%"
"06/27/2017","15,980.00","15,350.00","15,995.00","15,290.00","14.65K","5.37%"
"06/28/2017","15,320.00","15,825.00","16,100.00","15,270.00","13.75K","-4.13%"
"06/29/2017","16,100.00","15,510.00","16,550.00","15,505.00","22.16K","5.09%"
"06/30/2017","16,140.00","15,980.00","16,245.00","15,845.00","13.16K","0.25%"
"07/03/2017","16,590.00","15,875.00","16,635.00","15,815.00","9.75K","2.79%"
"07/05/2017","16,130.00","16,465.00","16,620.00","15,985.00","11.94K","-2.77%"
"07/06/2017","16,545.00","16,490.00","16,725.00","16,286.75","16.70K","2.57%"
"07/07/2017","16,045.00","16,395.00","16,395.00","15,890.00","11.15K","-3.02%"
"07/10/2017","15,715.00","15,990.00","16,117.60","15,597.50","7.15K","-2.06%"
"07/11/2017","15,590.00","15,790.00","15,960.00","15,520.00","8.13K","-0.80%"
"07/12/2017","15,030.00","15,180.00","15,280.00","14,975.00","11.16K","-3.59%"
"07/13/2017","14,935.00","14,980.00","15,060.00","14,824.50","10.77K","-0.63%"
"07/14/2017","14,585.00","14,755.00","14,875.00","14,525.00","11.68K","-2.34%"
"07/17/2017","14,565.00","14,545.00","14,645.00","14,410.00","7.63K","-0.14%"
"07/18/2017","14,280.00","14,595.00","14,730.00","14,265.00","9.53K","-1.96%"
"07/19/2017","14,020.00","14,150.00","14,165.00","13,962.20","8.33K","-1.82%"
"07/20/2017","13,960.00","13,925.00","14,160.00","13,885.35","10.25K","-0.43%"
"07/21/2017","13,975.00","14,115.00","14,205.00","13,975.00","7.79K","0.11%"
"07/24/2017","13,800.00","13,995.00","14,042.95","13,765.00","7.17K","-1.25%"
"07/25/2017","13,895.00","13,925.00","14,010.15","13,805.00","6.33K","0.69%"
"07/26/2017","13,770.00","13,800.00","13,860.00","13,745.00","6.66K","-0.90%"
"07/27/2017","14,010.00","13,495.00","14,500.00","13,460.00","27.61K","1.74%"
"07/28/2017","14,065.00","14,265.00","14,350.00","13,995.00","15.08K","0.39%"
"07/31/2017","14,255.00","13,950.00","14,340.00","13,894.95","10.38K","1.35%"
"08/01/2017","14,155.00","14,110.00","14,283.10","14,090.00","7.97K","-0.70%"
"08/02/2017","14,045.00","13,885.00","14,435.00","13,870.00","17.66K","-0.78%"
"08/03/2017","14,200.00","13,990.00","14,279.50","13,990.00","12.82K","1.10%"
"08/04/2017","14,135.00","14,130.00","14,300.00","14,030.00","10.61K","-0.46%"
"08/07/2017","13,875.00","14,050.00","14,110.00","13,860.00","7.45K","-1.84%"
"08/08/2017","13,945.00","13,940.00","14,055.00","13,600.00","13.39K","0.50%"
"08/09/2017","13,985.00","14,285.00","14,375.00","13,975.00","13.40K","0.29%"
"08/10/2017","14,895.00","14,235.00","14,935.00","14,205.00","24.17K","6.51%"
"08/11/2017","14,560.00","14,830.00","14,935.00","14,460.00","18.60K","-2.25%"
"08/14/2017","14,000.00","14,225.00","14,225.00","13,925.00","12.11K","-3.85%"
"08/15/2017","13,965.00","13,915.00","14,080.00","13,885.00","10.01K","-0.25%"
"08/16/2017","13,900.00","13,865.00","14,035.00","13,697.10","12.16K","-0.47%"
"08/17/2017","14,750.00","14,060.00","14,750.00","14,000.00","22.11K","6.12%"
"08/18/2017","14,795.00","14,730.00","14,965.00","14,480.00","21.80K","0.31%"
"08/21/2017","14,840.00","14,785.00","15,119.80","14,692.30","14.18K","0.30%"
"08/22/2017","14,175.00","14,610.00","14,615.00","14,122.35","12.00K","-4.48%"
"08/23/2017","14,325.00","14,385.00","14,418.95","14,225.00","9.95K","1.06%"
"08/24/2017","14,455.00","14,225.00","14,690.00","14,175.00","15.16K","0.91%"
"08/25/2017","14,545.00","14,290.00","14,600.00","14,180.00","12.05K","0.62%"
"08/28/2017","14,425.00","14,415.00","14,550.00","14,305.00","8.47K","-0.83%"
"08/29/2017","14,235.00","14,775.00","14,820.00","14,170.00","13.54K","-1.32%"
"08/30/2017","13,750.00","14,215.00","14,235.00","13,675.00","17.18K","-3.41%"
"08/31/2017","13,355.00","13,625.00","13,652.40","13,305.00","13.80K","-2.87%"
"09/01/2017","13,355.00","13,250.00","13,462.50","13,200.00","10.79K","0.00%"
"09/05/2017","13,715.00","13,485.00","14,017.50","13,395.05","24.45K","2.70%"
"09/06/2017","13,605.00","13,595.00","13,892.50","13,500.00","13.37K","-0.80%"
"09/07/2017","13,510.00","13,515.00","13,655.00","13,400.00","13.48K","-0.70%"
"09/08/2017","13,845.00","13,560.00","13,895.00","13,537.75","10.52K","2.48%"
"09/11/2017","13,405.00","13,540.00","13,540.00","13,310.00","12.09K","-3.18%"
"09/12/2017","13,285.00","13,270.00","13,475.00","13,230.00","10.26K","-0.90%"
"09/13/2017","13,240.00","13,350.00","13,420.00","13,225.00","8.10K","-0.34%"
"09/14/2017","13,465.00","13,375.00","13,490.00","13,270.00","8.45K","1.70%"
"09/15/2017","13,340.00","13,480.00","13,540.00","13,180.00","10.35K","-0.93%"
"09/18/2017","13,385.00","13,285.00","13,505.00","13,160.00","10.62K","0.34%"
"09/19/2017","13,315.00","13,315.00","13,450.00","13,260.00","6.03K","-0.52%"
"09/20/2017","13,435.00","13,340.00","13,745.00","13,285.00","14.98K","0.90%"
"09/21/2017","13,690.00","13,470.00","13,830.00","13,470.00","14.03K","1.90%"
"09/22/2017","13,730.00","13,830.00","13,865.00","13,671.55","9.54K","0.29%"
"09/25/2017","14,155.00","13,900.00","14,369.50","13,875.00","21.03K","3.10%"
"09/26/2017","14,060.00","13,945.00","14,205.00","13,865.00","13.54K","-0.67%"
"09/27/2017","13,675.00","13,840.00","13,940.00","13,520.00","15.70K","-2.74%"
"09/28/2017","13,705.00","13,775.00","13,870.00","13,650.00","9.25K","0.22%"
"09/29/2017","13,405.00","13,610.00","13,720.00","13,375.00","11.76K","-2.19%"
"10/02/2017","13,365.00","13,340.00","13,548.95","13,205.00","10.57K","-0.30%"
"10/03/2017","13,285.00","13,320.00","13,400.00","13,235.00","8.31K","-0.60%"
"10/04/2017","13,245.00","13,360.00","13,395.00","13,162.45","10.25K","-0.30%"
"10/05/2017","12,865.00","13,105.00","13,148.25","12,845.00","13.99K","-2.87%"
"10/06/2017","12,815.00","12,985.00","12,990.00","12,810.00","12.91K","-0.39%"
"10/09/2017","12,850.00","12,755.00","12,900.00","12,715.00","7.54K","0.27%"
"10/10/2017","12,825.00","12,720.00","13,000.00","12,685.00","8.58K","-0.19%"
"10/11/2017","12,710.00","12,840.00","12,894.25","12,705.00","7.13K","-0.90%"
"10/12/2017","12,790.00","12,765.00","12,825.00","12,635.00","7.66K","0.63%"
"10/13/2017","12,645.00","12,625.00","12,678.10","12,590.00","7.47K","-1.13%"
"10/16/2017","12,515.00","12,545.00","12,628.30","12,500.00","7.00K","-1.03%"
"10/17/2017","12,475.00","12,530.00","12,580.00","12,460.00","6.72K","-0.32%"
"10/18/2017","12,510.00","12,420.00","12,565.00","12,420.00","8.18K","0.28%"
"10/19/2017","12,655.00","12,720.00","12,915.00","12,645.00","10.37K","1.16%"
"10/20/2017","12,555.00","12,495.00","12,595.00","12,460.00","6.97K","-0.79%"
"10/23/2017","12,800.00","12,475.00","12,850.00","12,470.00","12.65K","1.95%"
"10/24/2017","12,730.00","12,730.00","12,875.00","12,650.50","9.30K","-0.55%"
"10/25/2017","12,885.00","12,810.00","13,160.05","12,685.00","16.26K","1.22%"
"10/26/2017","13,000.00","12,895.00","13,015.00","12,810.00","10.35K","0.89%"
"10/27/2017","11,875.00","12,375.00","12,410.00","11,800.75","27.83K","-8.65%"
"10/30/2017","11,790.00","11,915.00","11,933.25","11,650.00","17.51K","-0.72%"
"10/31/2017","11,665.00","11,685.00","11,780.00","11,607.50","10.12K","-1.06%"
"11/01/2017","11,680.00","11,520.00","11,805.00","11,500.50","12.02K","0.13%"
"11/02/2017","11,745.00","11,715.00","11,978.60","11,700.00","11.47K","0.56%"
"11/03/2017","11,410.00","11,600.00","11,735.00","11,400.00","11.85K","-2.85%"
"11/06/2017","11,295.00","11,430.00","11,445.00","11,280.00","7.78K","-1.01%"
"11/07/2017","11,280.00","11,320.00","11,390.00","11,228.50","11.86K","-0.13%"
"11/08/2017","11,135.00","11,285.00","11,333.25","11,130.00","8.94K","-1.29%"
"11/09/2017","11,320.00","11,410.00","11,654.50","11,295.00","22.94K","1.66%"
"11/10/2017","11,315.00","11,395.00","11,452.80","11,290.00","8.92K","-0.04%"
"11/13/2017","11,275.00","11,440.00","11,445.00","11,231.60","8.25K","-0.35%"
"11/14/2017","11,395.00","11,400.00","11,560.00","11,360.00","13.16K","1.06%"
"11/15/2017","11,570.00","11,550.00","11,740.00","11,470.00","14.34K","1.54%"
"11/16/2017","11,120.00","11,380.00","11,385.15","11,040.00","15.40K","-3.89%"
"11/17/2017","11,255.00","11,115.00","11,279.50","11,092.20","10.29K","1.21%"
"11/20/2017","11,280.00","11,225.00","11,325.00","11,195.00","5.18K","0.22%"
"11/21/2017","10,915.00","11,120.00","11,127.70","10,900.00","10.92K","-3.24%"
"11/22/2017","10,875.00","10,885.00","10,945.00","10,844.50","5.27K","-0.37%"
"11/24/2017","10,755.00","10,840.00","10,860.00","10,747.65","3.73K","-1.10%"
"11/27/2017","10,770.00","10,775.00","10,845.00","10,695.00","7.17K","0.14%"
"11/28/2017","10,690.00","10,700.00","10,875.00","10,672.50","13.08K","-0.74%"
"11/29/2017","11,245.00","10,725.00","11,395.40","10,725.00","27.19K","5.19%"
"11/30/2017","10,975.00","11,110.00","11,186.25","10,910.00","17.63K","-2.40%"
"12/01/2017","11,110.00","11,175.00","11,585.00","10,955.00","26.80K","1.23%"
"12/04/2017","11,500.00","10,900.00","11,525.00","10,865.00","20.46K","3.51%"
"12/05/2017","11,475.00","11,515.00","11,630.00","11,080.50","18.81K","-0.22%"
"12/06/2017","11,330.00","11,605.00","11,645.00","11,270.00","14.08K","-1.26%"
"12/07/2017","11,210.00","11,325.00","11,360.00","11,112.50","12.81K","-1.06%"
"12/08/2017","11,070.00","10,960.00","11,115.00","10,880.00","10.07K","-1.25%"
"12/11/2017","10,805.00","11,054.50","11,054.50","10,795.00","9.66K","-2.39%"
"12/12/2017","10,855.00","10,825.00","10,920.00","10,755.00","9.05K","0.46%"
"12/13/2017","10,795.00","10,725.00","10,837.50","10,685.00","9.23K","-0.55%"
"12/14/2017","10,820.00","10,740.00","10,850.00","10,660.00","9.05K","0.23%"
"12/15/2017","10,460.00","10,690.00","10,745.00","10,410.80","13.55K","-3.33%"
"12/18/2017","10,190.00","10,255.00","10,300.00","10,160.00","10.63K","-2.58%"
"12/19/2017","10,360.00","10,245.00","10,450.00","10,215.00","13.27K","1.67%"
"12/20/2017","10,405.00","10,260.00","10,527.30","10,255.00","10.25K","0.43%"
"12/21/2017","10,410.00","10,365.00","10,440.00","10,269.50","7.60K","0.05%"
"12/22/2017","10,445.00","10,450.00","10,525.00","10,430.00","8.10K","0.34%"
"12/26/2017","10,595.00","10,595.00","10,710.00","10,559.35","5.76K","1.44%"
"12/27/2017","10,595.00","10,600.00","10,629.50","10,510.00","5.30K","0.00%"
"12/28/2017","10,570.00","10,500.00","10,600.00","10,495.00","4.34K","-0.24%"
"12/29/2017","10,755.00","10,535.00","10,775.00","10,535.00","9.32K","1.75%"
"01/02/2018","10,205.00","10,605.00","10,679.50","10,190.00","13.58K","-5.11%"
"01/03/2018","9,905.00","10,170.00","10,170.00","9,877.50","13.03K","-2.94%"
"01/04/2018","9,855.00","9,795.00","9,890.00","9,760.00","9.04K","-0.50%"
"01/05/2018","9,560.00","9,715.00","9,767.80","9,535.00","13.60K","-2.99%"
"01/08/2018","9,450.00","9,555.00","9,565.00","9,430.00","6.85K","-1.15%"
"01/09/2018","9,445.00","9,390.00","9,529.80","9,360.00","11.19K","-0.05%"
"01/10/2018","9,515.00","9,575.00","9,695.00","9,505.00","13.07K","0.74%"
"01/11/2018","9,320.00","9,460.00","9,505.00","9,320.00","9.82K","-2.05%"
"01/12/2018","9,125.00","9,350.00","9,375.00","9,086.50","10.85K","-2.09%"
"01/16/2018","9,195.00","8,935.00","9,275.00","8,795.00","21.73K","0.77%"
"01/17/2018","8,905.00","9,080.00","9,199.50","8,855.35","16.38K","-3.15%"
"01/18/2018","8,895.00","8,940.00","9,005.00","8,835.00","13.88K","-0.11%"
"01/19/2018","8,815.00","8,820.00","8,945.00","8,772.50","11.30K","-0.90%"
"01/22/2018","8,535.00","8,820.00","8,850.00","8,535.00","11.60K","-3.18%"
"01/23/2018","8,325.00","8,455.00","8,465.00","8,300.00","12.21K","-2.46%"
"01/24/2018","8,485.00","8,280.00","8,625.00","8,217.50","24.93K","1.92%"
"01/25/2018","8,500.00","8,315.00","8,578.75","8,305.00","17.81K","0.18%"
"01/26/2018","8,125.00","8,355.00","8,409.50","8,117.50","16.42K","-4.41%"
"01/29/2018","8,235.00","8,165.00","8,280.00","8,110.00","16.67K","1.35%"
"01/30/2018","8,425.00","8,460.00","8,560.00","8,325.00","22.96K","2.31%"
"01/31/2018","8,340.00","8,292.50","8,489.50","8,240.00","18.71K","-1.01%"
"02/01/2018","8,545.00","8,520.00","8,625.00","8,285.00","18.02K","2.46%"
"02/02/2018","9,050.00","8,645.00","9,070.00","8,589.95","33.31K","5.91%"
"02/05/2018","10,100.00","9,305.00","10,140.00","8,865.00","58.21K","11.60%"
"02/06/2018","9,320.00","10,555.00","10,695.00","9,285.00","58.52K","-7.72%"
"02/07/2018","9,670.00","9,410.00","9,685.00","9,115.35","30.68K","3.76%"
"02/08/2018","10,885.00","9,590.00","10,910.00","9,580.00","54.24K","12.56%"
"02/09/2018","10,365.00","10,450.00","11,630.00","10,115.00","70.67K","-4.78%"
"02/12/2018","9,790.00","10,050.00","10,285.00","9,597.35","49.40K","-5.55%"
"02/13/2018","9,662.50","9,975.00","10,015.00","9,595.50","20.76K","-1.30%"
"02/14/2018","9,095.00","9,820.00","9,840.00","9,070.00","33.69K","-5.87%"
"02/15/2018","8,635.00","8,875.00","9,160.00","8,625.00","30.67K","-5.06%"
"02/16/2018","8,710.00","8,700.00","8,775.00","8,450.00","33.69K","0.87%"
"02/20/2018","8,690.00","8,825.00","8,834.50","8,460.00","28.50K","-0.23%"
"02/21/2018","8,760.00","8,565.00","8,762.50","8,300.00","30.70K","0.81%"
"02/22/2018","8,745.00","8,635.00","8,825.00","8,505.00","33.98K","-0.17%"
"02/23/2018","8,230.00","8,557.50","8,660.00","8,230.00","29.20K","-5.89%"
"02/26/2018","7,910.00","8,110.00","8,130.00","7,905.00","23.61K","-3.89%"
"02/27/2018","8,200.00","7,897.50","8,200.00","7,855.00","36.12K","3.67%"
"02/28/2018","8,355.00","8,055.00","8,360.00","7,970.00","32.69K","1.89%"
"03/01/2018","8,755.00","8,335.00","8,985.00","8,225.00","58.58K","4.79%"
"03/02/2018","8,525.00","9,065.00","9,170.00","8,480.00","43.46K","-2.63%"
"03/05/2018","8,255.00","8,645.00","8,741.50","8,175.00","29.38K","-3.17%"
"03/06/2018","8,145.00","8,135.00","8,299.95","8,056.25","29.46K","-1.33%"
"03/07/2018","8,085.00","8,325.00","8,370.00","8,060.50","30.51K","-0.74%"
"03/08/2018","7,960.00","7,995.00","8,082.50","7,935.05","21.51K","-1.55%"
"03/09/2018","7,510.00","7,790.00","7,825.00","7,505.00","23.72K","-5.65%"
"03/12/2018","7,400.00","7,430.00","7,480.00","7,320.00","24.08K","-1.46%"
"03/13/2018","7,670.00","7,290.00","7,733.45","7,230.00","42.01K","3.65%"
"03/14/2018","7,685.00","7,555.00","7,780.00","7,540.00","33.57K","0.20%"
"03/15/2018","7,715.00","7,660.00","7,790.00","7,570.00","23.92K","0.39%"
"03/16/2018","7,770.00","7,675.00","7,785.00","7,615.00","18.46K","0.71%"
"03/19/2018","8,260.00","7,990.00","8,471.95","7,990.00","47.04K","6.31%"
"03/20/2018","8,200.00","8,260.00","8,345.00","8,135.00","25.69K","-0.73%"
"03/21/2018","8,290.00","8,245.00","8,390.00","8,015.00","28.91K","1.10%"
"03/22/2018","8,900.00","8,610.00","8,925.00","8,455.00","55.06K","7.36%"
"03/23/2018","9,605.00","8,920.00","9,620.00","8,815.00","51.59K","7.92%"
"03/26/2018","8,535.00","9,035.00","9,495.00","8,500.00","52.74K","-11.14%"
"03/27/2018","9,365.00","8,350.00","9,580.00","8,345.00","52.20K","9.72%"
"03/28/2018","9,680.00","9,515.00","9,903.10","9,240.00","70.21K","3.36%"
"03/29/2018","9,165.00","9,525.00","9,810.00","8,872.80","49.84K","-5.32%"
"04/02/2018","9,930.00","9,350.00","10,230.00","9,230.00","59.31K","8.35%"
"04/03/2018","9,620.00","9,690.00","10,160.00","9,493.05","52.18K","-3.12%"
"04/04/2018","9,165.00","10,185.00","10,215.00","9,080.00","52.15K","-4.73%"
"04/05/2018","9,025.00","8,900.00","9,218.95","8,855.00","34.17K","-1.53%"
"04/06/2018","9,695.00","9,305.00","9,821.70","9,050.00","52.19K","7.42%"
"04/09/2018","9,505.00","9,435.00","9,540.05","8,912.50","41.86K","-1.96%"
"04/10/2018","8,895.00","9,055.00","9,255.00","8,777.50","47.22K","-6.42%"
"04/11/2018","9,015.00","9,027.50","9,050.00","8,740.00","32.54K","1.35%"
"04/12/2018","8,715.00","8,855.00","8,875.00","8,610.00","31.50K","-3.33%"
"04/13/2018","8,830.00","8,575.00","8,950.00","8,535.00","38.15K","1.32%"
"04/16/2018","8,640.00","8,665.00","8,820.00","8,540.50","25.35K","-2.15%"
"04/17/2018","8,090.00","8,385.00","8,432.50","8,025.00","30.55K","-6.37%"
"04/18/2018","8,045.00","8,075.00","8,200.00","7,955.50","23.06K","-0.56%"
"04/19/2018","8,245.00","8,155.00","8,342.50","8,105.00","30.91K","2.49%"
"04/20/2018","8,635.00","8,322.40","8,735.00","8,305.00","33.52K","4.73%"
"04/23/2018","8,720.00","8,535.00","8,859.50","8,430.00","26.93K","0.98%"
"04/24/2018","9,265.00","8,600.00","9,447.50","8,555.00","51.04K","6.25%"
"04/25/2018","9,230.00","9,235.00","9,625.00","9,125.00","48.85K","-0.38%"
"04/26/2018","8,670.00","8,890.00","8,984.95","8,570.00","36.66K","-6.07%"
"04/27/2018","8,645.00","8,295.00","8,800.00","8,285.00","37.90K","-0.29%"
"04/30/2018","8,830.00","8,590.00","8,905.00","8,430.00","29.04K","2.14%"
"05/01/2018","8,545.00","8,900.00","8,970.00","8,532.30","28.83K","-3.23%"
"05/02/2018","8,685.00","8,495.00","8,715.00","8,415.00","32.59K","1.64%"
"05/03/2018","8,695.00","8,815.00","9,110.00","8,597.50","50.69K","0.12%"
"05/04/2018","8,205.00","8,805.00","8,830.00","8,140.00","42.49K","-5.64%"
"05/07/2018","8,005.00","8,100.00","8,110.00","7,920.00","27.27K","-2.44%"
"05/08/2018","8,035.00","8,060.00","8,200.00","7,975.00","29.41K","0.37%"
"05/09/2018","7,760.00","7,975.00","8,070.00","7,750.00","25.89K","-3.42%"
"05/10/2018","7,530.00","7,690.00","7,710.00","7,512.00","34.15K","-2.96%"
"05/11/2018","7,550.00","7,565.00","7,650.00","7,500.00","30.01K","0.27%"
"05/14/2018","7,510.00","7,500.00","7,550.00","7,370.00","33.26K","-0.53%"
"05/15/2018","7,760.00","7,695.00","7,880.00","7,680.00","36.43K","3.33%"
"05/16/2018","7,610.00","7,740.00","7,745.00","7,555.00","21.75K","-1.93%"
"05/17/2018","7,705.00","7,695.00","7,820.00","7,530.00","30.08K","1.25%"
"05/18/2018","7,820.00","7,787.40","7,860.00","7,715.00","23.40K","1.49%"
"05/21/2018","7,690.00","7,640.50","7,795.00","7,540.00","30.56K","-1.66%"
"05/22/2018","7,725.00","7,590.00","7,765.00","7,550.00","30.35K","0.46%"
"05/23/2018","7,530.00","7,900.00","7,905.00","7,530.00","57.63K","-2.52%"
"05/24/2018","7,545.00","7,540.00","7,770.00","7,500.00","25.08K","0.20%"
"05/25/2018","7,525.00","7,545.00","7,590.00","7,440.00","21.91K","-0.27%"
"05/29/2018","7,620.00","7,625.00","7,753.65","7,495.00","34.64K","1.26%"
"05/30/2018","7,455.00","7,540.00","7,590.00","7,420.00","21.29K","-2.17%"
"05/31/2018","7,475.00","7,470.00","7,534.50","7,330.00","28.32K","0.27%"
"06/01/2018","7,125.00","7,365.00","7,372.95","7,110.00","28.25K","-4.68%"
"06/04/2018","6,940.00","7,070.00","7,080.00","6,930.35","23.60K","-2.60%"
"06/05/2018","6,880.00","6,895.00","6,965.00","6,838.35","27.03K","-0.86%"
"06/06/2018","6,750.00","6,855.00","6,955.00","6,750.00","30.05K","-1.89%"
"06/07/2018","6,910.00","6,755.00","7,019.50","6,750.00","44.67K","2.37%"
"06/08/2018","6,915.00","7,030.00","7,070.00","6,890.00","21.26K","0.07%"
"06/11/2018","6,865.00","6,945.00","6,945.00","6,815.00","21.64K","-0.72%"
"06/12/2018","6,760.00","6,835.00","6,860.00","6,740.00","30.50K","-1.53%"
"06/13/2018","6,770.00","6,730.00","6,805.00","6,612.50","44.57K","0.15%"
"06/14/2018","6,560.00","6,677.50","6,687.25","6,530.00","43.57K","-3.10%"
"06/15/2018","6,625.00","6,635.00","6,725.00","6,590.00","37.85K","0.99%"
"06/18/2018","6,640.00","6,750.00","6,819.50","6,625.00","28.65K","0.23%"
"06/19/2018","6,700.00","6,895.00","6,955.00","6,700.00","32.14K","0.90%"
"06/20/2018","6,535.00","6,592.50","6,605.00","6,455.00","28.53K","-2.46%"
"06/21/2018","6,710.00","6,490.50","6,750.00","6,475.00","31.92K","2.68%"
"06/22/2018","6,775.00","6,645.00","6,830.00","6,635.50","21.96K","0.97%"
"06/25/2018","7,210.00","6,935.00","7,400.00","6,912.50","65.67K","6.42%"
"06/26/2018","7,135.00","7,140.50","7,220.00","7,005.00","30.81K","-1.04%"
"06/27/2018","7,415.00","7,040.00","7,435.00","6,945.00","52.47K","3.92%"
"06/28/2018","7,230.00","7,455.00","7,500.00","7,155.40","44.45K","-2.49%"
"06/29/2018","7,195.00","7,125.00","7,205.00","7,020.00","30.26K","-0.48%"
"07/02/2018","7,030.00","7,385.00","7,434.20","7,030.00","29.98K","-2.29%"
"07/03/2018","7,280.00","6,965.00","7,295.00","6,955.00","20.37K","3.56%"
"07/05/2018","7,010.00","7,140.00","7,255.00","6,995.00","33.65K","-3.71%"
"07/06/2018","6,700.00","6,975.00","7,010.00","6,675.00","33.48K","-4.42%"
"07/09/2018","6,505.00","6,590.00","6,665.00","6,505.00","24.71K","-2.91%"
"07/10/2018","6,495.00","6,490.00","6,565.00","6,450.00","23.81K","-0.15%"
"07/11/2018","6,600.00","6,650.00","6,665.00","6,525.00","36.60K","1.62%"
"07/12/2018","6,265.00","6,505.00","6,522.55","6,260.00","35.56K","-5.08%"
"07/13/2018","6,245.00","6,260.00","6,315.00","6,215.00","23.81K","-0.32%"
"07/16/2018","6,295.00","6,245.00","6,324.95","6,210.00","18.86K","0.80%"
"07/17/2018","6,170.00","6,485.00","6,485.00","6,135.00","34.47K","-1.99%"
"07/18/2018","6,210.00","6,180.00","6,270.00","6,155.00","16.67K","0.65%"
"07/19/2018","6,310.00","6,285.00","6,330.00","6,220.00","25.69K","1.61%"
"07/20/2018","6,320.00","6,255.00","6,340.00","6,190.00","22.36K","0.16%"
"07/23/2018","6,260.00","6,365.00","6,450.00","6,250.00","19.03K","-0.95%"
"07/24/2018","6,180.00","6,065.00","6,260.00","5,995.00","39.18K","-1.28%"
"07/25/2018","5,920.00","6,175.00","6,180.00","5,910.00","36.97K","-4.21%"
"07/26/2018","6,180.00","6,165.00","6,215.00","6,110.00","27.55K","4.39%"
"07/27/2018","6,440.00","6,080.00","6,550.00","6,070.00","44.58K","4.21%"
"07/30/2018","6,715.00","6,440.00","6,812.25","6,435.00","48.82K","4.27%"
"07/31/2018","6,590.00","6,650.00","6,755.00","6,490.00","37.86K","-1.86%"
"08/01/2018","6,495.00","6,525.00","6,605.00","6,435.00","36.39K","-1.44%"
"08/02/2018","6,235.00","6,635.00","6,642.90","6,210.00","38.59K","-4.00%"
"08/03/2018","6,180.00","6,200.00","6,284.95","6,175.00","22.64K","-0.88%"
"08/06/2018","6,065.00","6,195.00","6,215.00","6,065.00","22.69K","-1.86%"
"08/07/2018","6,005.00","6,020.00","6,059.95","5,970.00","22.44K","-0.99%"
"08/08/2018","5,995.00","6,030.00","6,080.00","5,950.00","21.78K","-0.17%"
"08/09/2018","6,000.00","6,000.00","6,024.70","5,930.00","23.64K","0.08%"
"08/10/2018","6,135.00","6,115.00","6,205.00","6,065.50","34.96K","2.25%"
"08/13/2018","6,155.00","6,110.00","6,165.00","5,987.50","35.55K","0.33%"
"08/14/2018","6,050.00","6,090.00","6,189.00","6,020.00","24.14K","-1.71%"
"08/15/2018","6,260.00","6,180.00","6,375.00","6,130.00","49.55K","3.47%"
"08/16/2018","6,215.00","6,130.00","6,245.00","6,085.00","23.13K","-0.72%"
"08/17/2018","6,205.00","6,260.00","6,370.00","6,160.00","26.84K","-0.16%"
"08/20/2018","6,220.00","6,165.00","6,300.00","6,160.00","20.88K","0.24%"
"08/21/2018","6,155.00","6,170.00","6,180.00","6,045.00","23.01K","-1.05%"
"08/22/2018","6,085.00","6,200.00","6,220.00","6,065.00","20.02K","-1.14%"
"08/23/2018","6,115.00","6,115.00","6,145.00","5,990.00","27.47K","0.49%"
"08/24/2018","5,945.00","6,060.00","6,060.00","5,935.00","26.16K","-2.78%"
"08/27/2018","5,770.00","5,855.00","5,885.00","5,770.00","29.15K","-2.94%"
"08/28/2018","5,745.00","5,725.00","5,780.00","5,700.00","22.08K","-0.43%"
"08/29/2018","5,540.00","5,715.00","5,720.00","5,535.00","43.24K","-3.57%"
"08/30/2018","5,575.00","5,580.00","5,634.50","5,480.00","39.39K","0.63%"
"08/31/2018","5,555.00","5,595.00","5,615.50","5,510.00","27.34K","-0.36%"
"09/04/2018","5,630.00","5,610.00","5,719.50","5,580.00","29.24K","1.35%"
"09/05/2018","5,855.00","5,665.00","5,905.00","5,657.50","47.09K","4.00%"
"09/06/2018","6,005.00","5,840.00","6,125.00","5,820.00","56.73K","2.56%"
"09/07/2018","6,065.00","6,140.00","6,150.00","5,925.00","39.82K","1.00%"
"09/10/2018","6,015.00","5,980.00","6,120.00","5,965.00","24.90K","-0.82%"
"09/11/2018","5,880.00","6,100.00","6,140.00","5,850.00","27.05K","-2.24%"
"09/12/2018","5,935.00","5,910.00","6,085.00","5,895.00","38.23K","0.94%"
"09/13/2018","5,760.00","5,830.00","5,835.00","5,715.00","28.33K","-2.95%"
"09/14/2018","5,800.00","5,740.00","5,870.00","5,710.00","22.96K","0.69%"
"09/17/2018","6,055.00","5,835.00","6,070.00","5,820.00","31.08K","4.40%"
"09/18/2018","5,900.00","6,035.00","6,045.00","5,815.00","44.92K","-2.56%"
"09/19/2018","5,920.00","5,900.00","6,035.00","5,857.50","32.65K","0.34%"
"09/20/2018","5,725.00","5,800.00","5,845.00","5,700.00","39.94K","-3.29%"
"09/21/2018","5,825.00","5,675.00","5,845.00","5,655.00","31.68K","1.75%"
"09/24/2018","5,775.00","5,950.00","6,017.50","5,765.00","29.00K","-0.86%"
"09/25/2018","5,750.00","5,785.00","5,840.00","5,735.00","19.55K","-0.43%"
"09/26/2018","5,715.00","5,710.00","5,740.00","5,547.50","40.67K","-0.61%"
"09/27/2018","5,565.00","5,630.00","5,650.00","5,505.00","35.40K","-2.62%"
"09/28/2018","5,570.00","5,615.00","5,645.00","5,527.50","38.44K","0.09%"
"10/01/2018","5,540.00","5,470.00","5,580.00","5,415.10","36.63K","-0.54%"
"10/02/2018","5,570.00","5,560.00","5,615.00","5,450.00","28.30K","0.54%"
"10/03/2018","5,565.00","5,500.00","5,585.00","5,465.00","34.59K","-0.09%"
"10/04/2018","5,875.00","5,620.00","6,000.00","5,620.00","68.62K","5.57%"
"10/05/2018","6,100.00","5,885.00","6,265.00","5,825.00","78.51K","3.83%"
"10/08/2018","6,205.00","6,180.00","6,425.35","6,050.00","69.78K","1.72%"
"10/09/2018","6,160.00","6,205.00","6,247.30","6,010.00","50.76K","-0.73%"
"10/10/2018","6,965.00","6,265.00","6,992.50","6,255.00","116.13K","13.07%"
"10/11/2018","7,220.00","7,045.00","7,450.00","6,765.00","190.47K","3.66%"
"10/12/2018","6,620.00","6,670.00","7,065.00","6,560.00","179.44K","-8.31%"
"10/15/2018","6,875.00","6,700.00","6,945.00","6,665.00","79.13K","3.85%"
"10/16/2018","6,295.00","6,660.00","6,695.00","6,220.00","84.95K","-8.44%"
"10/17/2018","6,265.00","6,170.00","6,460.00","6,165.00","86.97K","-0.48%"
"10/18/2018","6,690.00","6,345.00","6,780.00","6,335.00","93.81K","6.78%"
"10/19/2018","6,730.00","6,565.00","6,800.00","6,375.00","79.02K","0.60%"
"10/22/2018","6,620.00","6,610.00","6,779.20","6,465.00","72.09K","-1.63%"
"10/23/2018","6,690.00","6,985.00","7,210.00","6,600.00","100.01K","1.06%"
"10/24/2018","7,615.00","6,720.00","7,650.00","6,690.00","105.61K","13.83%"
"10/25/2018","6,845.00","7,265.00","7,370.00","6,700.00","93.64K","-10.11%"
"10/26/2018","7,345.00","7,535.00","7,660.00","6,970.00","113.95K","7.30%"
"10/29/2018","7,775.00","7,045.00","8,235.00","6,945.00","129.65K","5.85%"
"10/30/2018","7,440.00","7,880.00","8,000.00","7,425.00","154.17K","-4.31%"
"10/31/2018","6,940.00","7,095.00","7,095.00","6,725.00","125.34K","-6.72%"
"11/01/2018","6,635.00","6,880.00","7,045.00","6,625.00","77.08K","-4.39%"
"11/02/2018","6,945.00","6,710.00","7,090.00","6,590.00","118.88K","4.67%"
"11/05/2018","7,010.00","6,935.00","7,245.00","6,935.00","59.31K","0.94%"
"11/06/2018","6,850.00","7,020.00","7,045.00","6,735.00","54.52K","-2.28%"
"11/07/2018","6,220.00","6,615.00","6,660.00","6,215.00","90.36K","-9.20%"
"11/08/2018","6,335.00","6,305.00","6,430.00","6,245.80","58.88K","1.85%"
"11/09/2018","6,650.00","6,520.00","6,810.00","6,470.00","82.92K","4.97%"
"11/12/2018","7,250.00","6,800.00","7,284.20","6,761.50","88.84K","9.02%"
"11/13/2018","7,240.00","7,165.00","7,310.00","6,855.00","85.34K","-0.14%"
"11/14/2018","7,420.00","7,035.00","7,540.00","6,964.95","85.48K","2.49%"
"11/15/2018","7,030.00","7,475.00","7,655.00","6,971.75","93.19K","-5.26%"
"11/16/2018","7,105.00","7,240.00","7,325.00","7,005.00","84.18K","1.07%"
"11/19/2018","7,805.00","7,225.00","7,870.00","7,185.00","89.90K","9.85%"
"11/20/2018","8,215.00","8,335.00","8,524.95","7,905.05","113.48K","5.25%"
"11/21/2018","8,040.00","7,900.00","8,085.00","7,800.00","56.82K","-2.13%"
"11/23/2018","8,225.00","8,240.00","8,245.00","7,975.10","28.86K","2.30%"
"11/26/2018","7,655.00","7,875.00","7,983.70","7,640.00","51.72K","-6.93%"
"11/27/2018","7,570.00","7,770.00","7,895.00","7,515.00","41.00K","-1.11%"
"11/28/2018","6,860.00","7,410.00","7,540.00","6,850.00","64.43K","-9.38%"
"11/29/2018","6,925.00","6,940.00","7,080.00","6,780.00","52.03K","0.95%"
"11/30/2018","6,765.00","6,895.00","7,000.00","6,755.00","41.60K","-2.31%"
"12/03/2018","6,430.00","6,320.00","6,570.00","6,300.00","54.11K","-4.95%"
"12/04/2018","7,145.00","6,530.00","7,181.50","6,468.00","102.06K","11.12%"
"12/06/2018","7,010.00","7,580.00","7,679.95","7,010.00","114.21K","-1.89%"
"12/07/2018","7,715.00","7,110.00","7,775.00","6,985.00","101.98K","10.06%"
"12/10/2018","7,470.00","7,750.00","7,995.00","7,370.00","98.83K","-3.18%"
"12/11/2018","7,395.00","7,110.00","7,590.00","7,100.00","72.70K","-1.00%"
"12/12/2018","7,200.00","7,070.00","7,210.00","6,855.00","71.33K","-2.64%"
"12/13/2018","7,195.00","7,075.00","7,340.00","6,975.00","68.26K","-0.07%"
"12/14/2018","7,725.00","7,450.00","7,780.00","7,370.00","80.23K","7.37%"
"12/17/2018","8,265.00","7,825.00","8,435.00","7,645.00","103.07K","6.99%"
"12/18/2018","8,100.00","8,060.00","8,320.00","7,860.00","83.54K","-2.00%"
"12/19/2018","8,695.00","8,145.00","8,885.00","7,755.00","126.08K","7.35%"
"12/20/2018","9,050.00","8,775.00","9,405.00","8,490.00","150.52K","4.08%"
"12/21/2018","9,950.00","8,960.00","10,075.00","8,770.00","151.47K","9.94%"
"12/24/2018","10,675.00","10,155.00","10,685.00","9,775.00","90.34K","7.29%"
"12/26/2018","8,670.00","10,280.00","10,500.00","8,650.00","140.07K","-18.78%"
"12/27/2018","8,540.00","8,990.00","9,565.00","8,535.00","94.53K","-1.50%"
"12/28/2018","8,565.00","8,400.00","8,780.00","8,130.00","113.22K","0.29%"
"12/31/2018","8,380.00","8,310.00","8,615.00","8,235.00","76.68K","-2.16%"
"01/02/2019","8,250.00","8,895.00","8,914.50","8,115.00","89.51K","-1.55%"
"01/03/2019","9,065.00","8,620.00","9,120.00","8,520.00","118.24K","9.88%"
"01/04/2019","7,875.00","8,640.00","8,725.00","7,765.00","124.64K","-13.13%"
"01/07/2019","7,625.00","7,835.00","7,915.00","7,500.00","63.30K","-3.17%"
"01/08/2019","7,410.00","7,410.00","7,750.00","7,330.00","89.83K","-2.82%"
"01/09/2019","7,245.00","7,335.00","7,425.00","7,135.00","93.51K","-2.23%"
"01/10/2019","7,170.00","7,410.00","7,525.00","7,165.00","85.75K","-1.04%"
"01/11/2019","7,250.00","7,300.00","7,379.95","7,230.00","47.91K","1.12%"
"01/14/2019","7,455.00","7,450.00","7,545.00","7,355.00","51.72K","2.83%"
"01/15/2019","7,020.00","7,360.00","7,365.00","6,985.00","80.13K","-5.84%"
"01/16/2019","7,010.00","6,985.00","7,030.00","6,835.00","60.61K","-0.14%"
"01/17/2019","6,855.00","7,090.00","7,129.95","6,765.00","63.26K","-2.21%"
"01/18/2019","6,660.00","6,710.00","6,840.00","6,565.00","79.55K","-2.84%"
"01/22/2019","7,045.00","6,805.00","7,205.00","6,795.00","74.50K","5.78%"
"01/23/2019","7,030.00","6,945.00","7,275.00","6,855.00","71.30K","-0.21%"
"01/24/2019","6,900.00","6,975.00","7,050.00","6,875.00","48.00K","-1.85%"
"01/25/2019","6,650.00","6,735.00","6,810.00","6,595.00","57.98K","-3.62%"
"01/28/2019","6,900.00","6,915.00","7,065.00","6,900.00","65.50K","3.76%"
"01/29/2019","7,100.00","6,895.00","7,175.00","6,885.00","47.29K","2.90%"
"01/30/2019","6,560.00","6,855.00","6,930.00","6,485.00","72.49K","-7.61%"
"01/31/2019","6,265.00","6,450.00","6,470.00","6,175.00","73.53K","-4.50%"
"02/01/2019","6,355.00","6,360.00","6,400.00","6,220.00","54.21K","1.44%"
"02/04/2019","6,125.00","6,340.00","6,365.00","6,120.00","38.30K","-3.62%"
"02/05/2019","5,960.00","6,095.00","6,100.00","5,935.00","48.21K","-2.69%"
"02/06/2019","6,005.00","5,955.00","6,090.00","5,920.00","47.18K","0.76%"
"02/07/2019","6,250.00","6,175.00","6,390.00","6,125.00","89.40K","4.08%"
"02/08/2019","6,215.00","6,425.00","6,440.00","6,215.00","65.96K","-0.56%"
"02/11/2019","6,235.00","6,155.00","6,285.00","6,105.00","35.08K","0.32%"
"02/12/2019","5,965.00","6,105.00","6,135.00","5,935.00","56.61K","-4.33%"
"02/13/2019","5,960.00","5,885.00","5,970.00","5,830.00","44.80K","-0.08%"
"02/14/2019","5,930.00","6,025.00","6,080.00","5,870.00","60.50K","-0.50%"
"02/15/2019","5,865.00","5,800.00","5,945.00","5,800.00","43.56K","-1.10%"
"02/19/2019","5,830.00","5,915.00","5,920.00","5,775.00","25.68K","-0.60%"
"02/20/2019","5,830.00","5,820.00","5,930.00","5,750.00","42.65K","0.00%"
"02/21/2019","5,900.00","5,885.00","5,995.00","5,835.00","55.03K","1.20%"
"02/22/2019","5,770.00","5,860.00","5,870.00","5,755.00","44.17K","-2.20%"
"02/25/2019","5,705.00","5,635.00","5,720.00","5,595.00","44.14K","-1.13%"
"02/26/2019","5,690.00","5,760.00","5,780.00","5,635.00","39.21K","-0.26%"
"02/27/2019","5,710.00","5,770.00","5,885.00","5,685.00","43.87K","0.35%"
"02/28/2019","5,750.00","5,760.00","5,795.00","5,685.00","31.82K","0.70%"
"03/01/2019","5,625.00","5,625.00","5,750.00","5,605.00","46.23K","-2.17%"
"03/04/2019","5,625.00","5,535.00","5,815.00","5,495.00","81.62K","0.00%"
"03/05/2019","5,615.00","5,620.00","5,705.00","5,565.00","53.34K","-0.18%"
"03/06/2019","5,705.00","5,605.00","5,740.00","5,600.00","65.91K","1.60%"
"03/07/2019","5,930.00","5,760.00","5,990.00","5,750.05","84.51K","3.94%"
"03/08/2019","5,950.00","6,130.00","6,150.00","5,945.50","85.04K","0.34%"
"03/11/2019","5,585.00","5,885.00","5,890.00","5,575.00","90.96K","-6.13%"
"03/12/2019","5,490.00","5,540.00","5,585.00","5,450.00","57.87K","-1.70%"
"03/13/2019","5,380.00","5,410.00","5,435.00","5,285.00","60.89K","-2.00%"
"03/14/2019","5,395.00","5,365.00","5,410.00","5,345.00","38.93K","0.28%"
"03/15/2019","5,270.00","5,335.00","5,353.40","5,205.00","61.70K","-2.32%"
"03/18/2019","5,215.00","5,260.00","5,295.00","5,170.00","37.54K","-1.04%"
"03/19/2019","5,170.00","5,160.00","5,234.95","5,080.00","59.55K","-0.86%"
"03/20/2019","5,090.00","5,155.00","5,225.00","5,000.00","85.96K","-1.55%"
"03/21/2019","4,855.00","5,145.00","5,145.00","4,835.00","89.38K","-4.62%"
"03/22/2019","5,180.00","4,920.00","5,195.00","4,884.00","116.93K","6.69%"
"03/25/2019","5,205.00","5,245.00","5,320.00","5,155.00","130.03K","0.48%"
"03/26/2019","5,135.00","5,090.00","5,215.00","4,995.00","79.43K","-1.34%"
"03/27/2019","5,235.00","5,115.00","5,350.00","5,080.00","105.28K","1.95%"
"03/28/2019","5,200.00","5,205.00","5,300.00","5,145.00","66.05K","-0.67%"
"03/29/2019","5,085.00","5,095.00","5,180.00","5,075.00","64.63K","-2.21%"
"04/01/2019","4,890.00","4,935.00","4,995.00","4,870.00","69.63K","-3.83%"
"04/02/2019","4,830.00","4,875.00","4,910.00","4,820.00","43.91K","-1.23%"
"04/03/2019","4,750.00","4,750.00","4,800.00","4,660.00","62.81K","-1.66%"
"04/04/2019","4,760.00","4,755.00","4,845.00","4,700.00","45.07K","0.21%"
"04/05/2019","4,685.00","4,715.00","4,735.00","4,680.00","30.97K","-1.58%"
"04/08/2019","4,650.00","4,715.00","4,769.25","4,640.00","41.85K","-0.75%"
"04/09/2019","4,700.00","4,700.00","4,734.95","4,655.00","45.33K","1.08%"
"04/10/2019","4,625.00","4,685.00","4,700.00","4,625.00","35.12K","-1.60%"
"04/11/2019","4,665.00","4,615.00","4,690.00","4,605.00","29.20K","0.86%"
"04/12/2019","4,600.00","4,600.00","4,661.25","4,595.00","33.84K","-1.39%"
"04/15/2019","4,605.00","4,610.00","4,695.00","4,585.00","30.96K","0.11%"
"04/16/2019","4,555.00","4,555.00","4,600.00","4,525.00","30.81K","-1.09%"
"04/17/2019","4,510.00","4,475.00","4,552.50","4,455.00","35.56K","-0.99%"
"04/18/2019","4,500.00","4,495.00","4,580.00","4,490.00","27.62K","-0.22%"
"04/22/2019","4,460.00","4,555.00","4,565.00","4,455.00","22.51K","-0.89%"
"04/23/2019","4,290.00","4,425.00","4,445.00","4,275.00","43.57K","-3.81%"
"04/24/2019","4,330.00","4,280.00","4,340.00","4,265.00","33.26K","0.93%"
"04/25/2019","4,290.00","4,235.00","4,355.00","4,230.00","48.69K","-0.92%"
"04/26/2019","4,275.00","4,305.00","4,412.80","4,270.00","37.45K","-0.35%"
"04/29/2019","4,250.00","4,270.00","4,295.00","4,230.00","27.53K","-0.58%"
"04/30/2019","4,350.00","4,350.00","4,437.50","4,325.00","40.19K","2.35%"
"05/01/2019","4,400.00","4,260.00","4,405.00","4,225.00","54.98K","1.15%"
"05/02/2019","4,450.00","4,400.00","4,540.00","4,330.00","66.65K","1.14%"
"05/03/2019","4,240.00","4,345.00","4,369.20","4,230.00","45.76K","-4.72%"
"05/06/2019","4,315.00","4,505.00","4,530.00","4,300.00","72.08K","1.77%"
"05/07/2019","4,570.00","4,460.00","4,690.00","4,405.00","114.77K","5.91%"
"05/08/2019","4,605.00","4,610.00","4,665.00","4,500.00","81.14K","0.77%"
"05/09/2019","4,680.00","4,760.00","4,885.00","4,635.00","108.97K","1.63%"
"05/10/2019","4,675.00","4,740.00","4,975.00","4,600.00","116.22K","-0.11%"
"05/13/2019","5,160.00","5,025.00","5,197.70","4,955.00","137.30K","10.37%"
"05/14/2019","4,990.00","5,075.00","5,135.00","4,895.00","96.93K","-3.29%"
"05/15/2019","4,785.00","5,090.00","5,095.00","4,740.00","96.52K","-4.11%"
"05/16/2019","4,640.00","4,775.00","4,795.00","4,545.00","73.60K","-3.03%"
"05/17/2019","4,785.00","4,775.00","4,795.00","4,590.00","99.15K","3.13%"
"05/20/2019","5,025.00","4,980.00","5,075.00","4,925.00","85.32K","5.02%"
"05/21/2019","4,880.00","4,895.00","4,945.00","4,825.00","59.07K","-2.89%"
"05/22/2019","4,935.00","4,960.00","4,960.00","4,850.00","55.04K","1.13%"
"05/23/2019","5,160.00","5,105.00","5,260.00","5,100.00","86.99K","4.56%"
"05/24/2019","5,175.00","5,076.25","5,193.75","5,029.38","123.52K","0.29%"
"05/28/2019","5,240.00","5,131.25","5,240.00","5,046.25","105.81K","1.26%"
"05/29/2019","5,367.50","5,331.88","5,451.25","5,281.88","144.59K","2.43%"
"05/30/2019","5,301.25","5,325.00","5,393.75","5,257.50","91.03K","-1.23%"
"05/31/2019","5,555.00","5,490.00","5,564.20","5,437.50","116.44K","4.79%"
"06/03/2019","5,911.25","5,603.75","6,010.00","5,561.25","165.43K","6.41%"
"06/04/2019","5,435.00","5,733.75","5,797.50","5,423.75","123.67K","-8.06%"
"06/05/2019","5,311.25","5,277.50","5,482.50","5,271.25","113.35K","-2.28%"
"06/06/2019","5,187.50","5,291.25","5,357.50","5,149.92","102.72K","-2.33%"
"06/07/2019","4,892.50","5,110.00","5,126.25","4,825.00","121.97K","-5.69%"
"06/10/2019","4,721.25","4,790.00","4,793.13","4,580.00","105.20K","-3.50%"
"06/11/2019","4,697.50","4,573.75","4,750.00","4,545.00","113.06K","-0.50%"
"06/12/2019","4,780.00","4,741.25","4,807.50","4,712.50","87.69K","1.76%"
"06/13/2019","4,698.75","4,726.25","4,753.75","4,666.25","85.68K","-1.70%"
"06/14/2019","4,765.00","4,778.75","4,817.50","4,727.50","70.43K","1.41%"
"06/17/2019","4,675.00","4,736.25","4,747.50","4,637.50","70.05K","-1.89%"
"06/18/2019","4,477.50","4,512.50","4,548.75","4,375.00","133.09K","-4.22%"
"06/19/2019","4,423.75","4,452.50","4,536.25","4,395.00","89.02K","-1.20%"
"06/20/2019","4,306.25","4,242.50","4,403.46","4,239.38","99.33K","-2.66%"
"06/21/2019","4,321.25","4,323.75","4,352.05","4,243.75","91.16K","0.35%"
"06/24/2019","4,327.50","4,303.75","4,332.50","4,287.50","50.08K","0.14%"
"06/25/2019","4,513.75","4,305.00","4,536.25","4,298.75","162.62K","4.30%"
"06/26/2019","4,456.25","4,423.75","4,476.25","4,342.50","98.27K","-1.27%"
"06/27/2019","4,408.75","4,408.75","4,442.50","4,375.13","84.80K","-1.07%"
"06/28/2019","4,393.75","4,375.00","4,438.75","4,361.73","79.07K","-0.34%"
"07/01/2019","4,217.50","4,141.25","4,276.25","4,123.75","109.19K","-4.01%"
"07/02/2019","4,167.50","4,222.50","4,256.25","4,166.25","72.29K","-1.19%"
"07/03/2019","4,076.25","4,138.75","4,150.00","4,075.00","62.35K","-2.19%"
"07/05/2019","4,100.00","4,157.50","4,206.25","4,078.75","102.85K","0.58%"
"07/08/2019","4,188.75","4,180.00","4,237.13","4,176.25","79.20K","2.16%"
"07/09/2019","4,122.50","4,248.75","4,258.75","4,110.00","68.53K","-1.58%"
"07/10/2019","4,002.50","4,052.50","4,073.75","3,968.13","114.20K","-2.91%"
"07/11/2019","4,012.50","3,985.00","4,052.50","3,957.50","91.40K","0.25%"
"07/12/2019","3,946.25","4,002.50","4,013.75","3,945.00","61.79K","-1.65%"
"07/15/2019","3,910.00","3,917.50","3,952.50","3,906.25","51.98K","-0.92%"
"07/16/2019","3,970.00","3,926.25","4,006.25","3,913.75","69.90K","1.53%"
"07/17/2019","4,027.50","3,967.50","4,028.75","3,950.00","82.69K","1.45%"
"07/18/2019","4,012.50","4,088.75","4,127.50","3,995.00","120.35K","-0.37%"
"07/19/2019","4,107.50","3,932.50","4,119.40","3,931.25","109.60K","2.37%"
"07/22/2019","4,008.75","4,076.25","4,078.31","3,983.75","97.37K","-2.40%"
"07/23/2019","3,933.75","3,943.75","4,025.00","3,932.50","90.44K","-1.87%"
"07/24/2019","3,850.00","3,977.50","3,978.75","3,850.00","95.50K","-2.13%"
"07/25/2019","3,960.00","3,888.75","3,982.50","3,888.75","117.48K","2.86%"
"07/26/2019","3,841.25","3,887.50","3,891.68","3,823.75","91.81K","-3.00%"
"07/29/2019","3,877.50","3,848.75","3,951.25","3,847.50","96.12K","0.94%"
"07/30/2019","3,928.75","3,967.50","3,976.25","3,885.00","75.62K","1.32%"
"07/31/2019","4,092.50","3,900.00","4,203.75","3,892.50","182.77K","4.17%"
"08/01/2019","4,155.00","4,073.75","4,218.75","3,848.75","327.47K","1.53%"
"08/02/2019","4,347.50","4,250.00","4,417.50","4,235.00","259.68K","4.63%"
"08/05/2019","4,806.25","4,613.75","4,911.25","4,613.75","316.85K","10.55%"
"08/06/2019","4,601.25","4,672.50","4,780.00","4,560.00","208.60K","-4.27%"
"08/07/2019","4,541.25","4,752.50","4,858.75","4,511.26","258.31K","-1.30%"
"08/08/2019","4,237.50","4,465.00","4,510.00","4,232.65","150.92K","-6.69%"
"08/09/2019","4,357.50","4,300.00","4,455.96","4,255.00","187.43K","2.83%"
"08/12/2019","4,506.25","4,437.50","4,567.50","4,397.50","182.87K","3.41%"
"08/13/2019","4,210.00","4,515.00","4,533.75","4,118.44","215.39K","-6.57%"
"08/14/2019","4,591.25","4,415.00","4,612.50","4,375.00","259.42K","9.06%"
"08/15/2019","4,606.25","4,565.00","4,711.25","4,528.75","154.50K","0.33%"
"08/16/2019","4,388.75","4,492.50","4,492.50","4,353.75","112.31K","-4.72%"
"08/19/2019","4,191.25","4,198.75","4,246.25","4,152.50","94.38K","-4.50%"
"08/20/2019","4,275.00","4,212.50","4,278.75","4,167.50","91.32K","2.00%"
"08/21/2019","4,163.75","4,162.50","4,208.75","4,125.00","95.70K","-2.60%"
"08/22/2019","4,206.25","4,145.00","4,303.75","4,113.75","123.81K","1.02%"
"08/23/2019","4,591.25","4,293.75","4,641.25","4,180.00","269.61K","9.15%"
"08/26/2019","4,402.50","4,452.50","4,532.50","4,397.50","139.24K","-4.11%"
"08/27/2019","4,426.25","4,310.00","4,480.00","4,286.25","149.10K","0.54%"
"08/28/2019","4,387.50","4,472.50","4,537.50","4,361.25","112.59K","-0.88%"
"08/29/2019","4,182.50","4,220.13","4,271.25","4,146.25","127.48K","-4.67%"
"08/30/2019","4,211.25","4,117.50","4,285.00","4,115.00","129.27K","0.69%"
"09/03/2019","4,333.75","4,298.75","4,381.25","4,235.00","126.34K","2.91%"
"09/04/2019","4,152.50","4,217.50","4,248.75","4,141.25","104.64K","-4.18%"
"09/05/2019","3,923.75","4,017.50","4,023.75","3,890.00","155.82K","-5.51%"
"09/06/2019","3,933.75","3,906.25","3,962.50","3,902.50","100.21K","0.25%"
"09/09/2019","3,961.25","3,900.00","4,022.50","3,896.25","93.56K","0.70%"
"09/10/2019","3,995.00","4,026.25","4,105.45","3,993.75","120.75K","0.85%"
"09/11/2019","3,887.50","3,977.50","4,002.50","3,880.00","101.54K","-2.69%"
"09/12/2019","3,836.25","3,815.00","3,855.00","3,750.00","121.95K","-1.32%"
"09/13/2019","3,878.75","3,852.50","3,896.25","3,830.00","84.04K","1.11%"
"09/16/2019","3,933.75","3,955.00","3,967.50","3,910.00","118.19K","1.42%"
"09/17/2019","3,880.00","3,933.75","3,957.50","3,876.25","85.84K","-1.37%"
"09/18/2019","3,883.75","3,902.50","4,029.54","3,878.75","108.03K","0.10%"
"09/19/2019","3,867.50","3,863.75","3,888.75","3,795.00","94.11K","-0.42%"
"09/20/2019","3,983.75","3,850.00","4,028.75","3,840.00","102.19K","3.01%"
"09/23/2019","3,986.25","3,998.75","4,035.00","3,950.00","80.41K","0.06%"
"09/24/2019","4,143.75","3,932.50","4,196.26","3,907.50","189.50K","3.95%"
"09/25/2019","3,983.75","4,135.00","4,237.50","3,951.25","119.24K","-3.86%"
"09/26/2019","4,027.50","4,000.00","4,118.75","3,991.38","101.20K","1.10%"
"09/27/2019","4,173.75","4,011.25","4,263.61","4,003.75","161.00K","3.63%"
"09/30/2019","4,063.75","4,135.00","4,156.88","4,042.51","83.28K","-2.64%"
"10/01/2019","4,161.25","4,020.00","4,183.75","3,950.00","155.44K","2.40%"
"10/02/2019","4,376.25","4,247.50","4,448.75","4,247.50","174.58K","5.17%"
"10/03/2019","4,228.75","4,380.00","4,540.00","4,227.50","165.17K","-3.37%"
"10/04/2019","4,050.00","4,173.75","4,182.50","4,032.94","115.00K","-4.23%"
"10/07/2019","4,091.25","4,088.75","4,110.00","3,992.50","109.43K","1.02%"
"10/08/2019","4,273.75","4,166.25","4,281.25","4,112.50","176.01K","4.46%"
"10/09/2019","4,145.00","4,161.25","4,202.50","4,088.75","121.90K","-3.01%"
"10/10/2019","4,052.50","4,143.75","4,156.25","4,004.35","125.73K","-2.23%"
"10/11/2019","3,901.25","3,916.25","3,921.25","3,800.00","199.29K","-3.73%"
"10/14/2019","3,897.50","3,915.00","3,926.25","3,861.05","80.00K","-0.10%"
"10/15/2019","3,751.25","3,863.75","3,868.75","3,723.74","144.33K","-3.75%"
"10/16/2019","3,777.50","3,787.50","3,814.40","3,751.25","107.51K","0.70%"
"10/17/2019","3,750.00","3,711.25","3,793.75","3,695.00","77.72K","-0.73%"
"10/18/2019","3,856.25","3,766.25","3,915.00","3,745.00","123.23K","2.83%"
"10/21/2019","3,756.25","3,802.50","3,833.18","3,750.00","67.68K","-2.59%"
"10/22/2019","3,845.00","3,718.75","3,850.00","3,699.38","93.71K","2.36%"
"10/23/2019","3,825.00","3,875.00","3,889.79","3,823.51","71.98K","-0.52%"
"10/24/2019","3,715.00","3,743.75","3,796.25","3,710.00","119.61K","-2.88%"
"10/25/2019","3,631.25","3,772.50","3,776.25","3,622.50","110.81K","-2.25%"
"10/28/2019","3,518.75","3,575.00","3,577.50","3,506.25","80.80K","-3.10%"
"10/29/2019","3,601.25","3,537.50","3,605.00","3,523.75","85.31K","2.34%"
"10/30/2019","3,551.25","3,583.75","3,644.99","3,533.75","93.26K","-1.39%"
"10/31/2019","3,548.75","3,523.75","3,610.00","3,517.50","106.91K","-0.07%"
"11/01/2019","3,452.50","3,502.63","3,520.00","3,452.50","91.38K","-2.71%"
"11/04/2019","3,390.00","3,382.50","3,407.50","3,366.25","94.16K","-1.81%"
"11/05/2019","3,387.50","3,375.00","3,417.50","3,365.00","85.20K","-0.07%"
"11/06/2019","3,407.50","3,396.25","3,457.50","3,395.00","88.31K","0.59%"
"11/07/2019","3,375.00","3,355.00","3,403.75","3,307.55","95.62K","-0.95%"
"11/08/2019","3,333.75","3,395.00","3,420.00","3,333.75","74.98K","-1.22%"
"11/11/2019","3,348.75","3,383.75","3,398.75","3,344.38","48.96K","0.45%"
"11/12/2019","3,320.00","3,340.00","3,356.25","3,286.77","82.74K","-0.86%"
"11/13/2019","3,325.00","3,355.00","3,361.93","3,308.75","87.41K","0.15%"
"11/14/2019","3,326.25","3,356.25","3,387.50","3,320.00","76.63K","0.04%"
"11/15/2019","3,265.00","3,269.38","3,300.00","3,258.75","77.02K","-1.84%"
"11/18/2019","3,245.00","3,268.75","3,310.00","3,231.25","99.21K","-0.61%"
"11/19/2019","3,235.00","3,212.50","3,271.24","3,211.25","89.78K","-0.31%"
"11/20/2019","3,293.75","3,258.75","3,365.00","3,230.00","133.59K","1.82%"
"11/21/2019","3,317.50","3,303.75","3,346.25","3,296.25","103.46K","0.72%"
"11/22/2019","3,308.75","3,288.88","3,363.38","3,285.00","82.41K","-0.26%"
"11/25/2019","3,191.25","3,267.50","3,267.50","3,190.00","78.34K","-3.55%"
"11/26/2019","3,175.00","3,188.75","3,201.25","3,162.50","65.06K","-0.51%"
"11/27/2019","3,111.25","3,153.75","3,162.50","3,108.75","75.82K","-2.01%"
"11/29/2019","3,153.75","3,131.25","3,157.50","3,118.75","49.09K","1.37%"
"12/02/2019","3,256.25","3,151.25","3,302.50","3,148.98","145.05K","3.25%"
"12/03/2019","3,326.25","3,380.00","3,432.41","3,322.52","164.14K","2.15%"
"12/04/2019","3,276.25","3,274.38","3,291.25","3,252.50","92.38K","-1.50%"
"12/05/2019","3,260.00","3,243.75","3,307.38","3,243.75","78.99K","-0.50%"
"12/06/2019","3,158.75","3,191.25","3,195.00","3,147.50","92.06K","-3.11%"
"12/09/2019","3,197.50","3,172.50","3,201.25","3,127.50","67.00K","1.23%"
"12/10/2019","3,205.00","3,193.75","3,228.75","3,161.26","84.84K","0.23%"
"12/11/2019","3,155.00","3,187.50","3,200.00","3,146.88","63.63K","-1.56%"
"12/12/2019","3,085.00","3,166.25","3,180.00","3,050.00","183.41K","-2.22%"
"12/13/2019","3,056.25","3,092.50","3,111.25","3,022.50","149.20K","-0.93%"
"12/16/2019","2,968.75","2,998.75","3,000.00","2,953.75","80.78K","-2.86%"
"12/17/2019","2,963.75","2,955.00","2,975.00","2,946.25","65.80K","-0.17%"
"12/18/2019","2,957.50","2,953.75","2,962.50","2,928.76","62.37K","-0.21%"
"12/19/2019","2,897.50","2,951.25","2,951.25","2,896.25","67.97K","-2.03%"
"12/20/2019","2,866.25","2,857.50","2,882.26","2,850.00","75.02K","-1.08%"
"12/23/2019","2,842.50","2,835.00","2,850.00","2,828.75","47.38K","-0.83%"
"12/24/2019","2,826.25","2,822.50","2,845.00","2,818.75","28.14K","-0.57%"
"12/26/2019","2,751.25","2,812.50","2,813.75","2,751.25","57.22K","-2.65%"
"12/27/2019","2,761.25","2,723.75","2,781.25","2,721.38","88.91K","0.36%"
"12/30/2019","2,815.00","2,765.00","2,855.00","2,760.00","126.85K","1.95%"
"12/31/2019","2,798.75","2,841.25","2,854.13","2,793.75","92.82K","-0.58%"
"01/02/2020","2,662.50","2,730.00","2,746.25","2,662.50","129.82K","-4.87%"
"01/03/2020","2,733.75","2,766.25","2,767.50","2,686.25","146.00K","2.68%"
"01/06/2020","2,681.25","2,798.75","2,808.75","2,681.25","126.11K","-1.92%"
"01/07/2020","2,682.50","2,678.75","2,708.75","2,660.00","101.07K","0.05%"
"01/08/2020","2,622.50","2,685.00","2,697.45","2,586.25","147.06K","-2.24%"
"01/09/2020","2,556.25","2,561.25","2,603.75","2,542.50","139.48K","-2.53%"
"01/10/2020","2,577.50","2,528.75","2,590.00","2,526.25","154.87K","0.83%"
"01/13/2020","2,487.50","2,547.50","2,558.13","2,487.50","127.19K","-3.49%"
"01/14/2020","2,517.50","2,495.00","2,530.00","2,480.00","188.52K","1.21%"
"01/15/2020","2,516.25","2,515.00","2,540.00","2,480.00","154.33K","-0.05%"
"01/16/2020","2,445.00","2,480.00","2,495.00","2,443.75","126.95K","-2.83%"
"01/17/2020","2,407.50","2,413.13","2,450.00","2,402.50","111.83K","-1.53%"
"01/21/2020","2,412.50","2,430.00","2,431.25","2,393.75","98.47K","0.21%"
"01/22/2020","2,393.75","2,376.25","2,402.50","2,351.25","108.98K","-0.78%"
"01/23/2020","2,371.25","2,398.75","2,431.25","2,368.75","142.16K","-0.94%"
"01/24/2020","2,432.50","2,340.00","2,465.00","2,330.31","196.85K","2.58%"
"01/27/2020","2,582.50","2,593.75","2,615.00","2,543.75","234.61K","6.17%"
"01/28/2020","2,463.75","2,530.00","2,548.75","2,446.25","168.40K","-4.60%"
"01/29/2020","2,453.75","2,422.50","2,485.00","2,415.00","153.89K","-0.41%"
"01/30/2020","2,426.25","2,500.00","2,523.75","2,423.75","241.30K","-1.12%"
"01/31/2020","2,545.00","2,396.38","2,568.75","2,396.25","292.71K","4.89%"
"02/03/2020","2,430.00","2,507.50","2,512.50","2,410.00","248.35K","-4.52%"
"02/04/2020","2,263.75","2,330.00","2,353.75","2,248.75","280.81K","-6.84%"
"02/05/2020","2,237.50","2,180.00","2,280.00","2,180.00","222.11K","-1.16%"
"02/06/2020","2,182.50","2,223.75","2,247.49","2,180.00","139.25K","-2.46%"
"02/07/2020","2,210.00","2,211.25","2,230.00","2,175.00","176.79K","1.26%"
"02/10/2020","2,130.00","2,233.75","2,235.00","2,130.00","152.85K","-3.62%"
"02/11/2020","2,130.00","2,096.25","2,147.50","2,075.00","197.92K","0.00%"
"02/12/2020","2,068.75","2,093.75","2,108.75","2,065.00","127.98K","-2.88%"
"02/13/2020","2,077.50","2,113.75","2,119.55","2,051.25","167.89K","0.42%"
"02/14/2020","2,061.25","2,068.75","2,088.75","2,053.75","129.11K","-0.78%"
"02/18/2020","2,056.25","2,091.25","2,097.50","2,045.00","156.03K","-0.24%"
"02/19/2020","1,998.75","2,021.25","2,028.75","1,986.25","128.35K","-2.80%"
"02/20/2020","2,056.25","2,011.25","2,128.13","2,000.00","247.65K","2.88%"
"02/21/2020","2,173.75","2,083.75","2,198.75","2,076.25","307.15K","5.71%"
"02/24/2020","2,426.25","2,412.50","2,457.50","2,345.00","560.80K","11.62%"
"02/25/2020","2,621.25","2,366.25","2,645.00","2,341.25","709.33K","8.04%"
"02/26/2020","2,583.75","2,580.00","2,642.50","2,445.00","609.28K","-1.43%"
"02/27/2020","2,970.00","2,781.25","2,978.75","2,661.25","848.32K","14.95%"
"02/28/2020","2,925.00","3,266.25","3,300.00","2,908.75","1.01M","-1.52%"
"03/02/2020","2,508.75","2,838.75","2,962.50","2,505.00","607.34K","-14.23%"
"03/03/2020","2,760.00","2,491.25","2,821.23","2,402.51","692.90K","10.01%"
"03/04/2020","2,416.25","2,605.00","2,681.25","2,413.75","511.95K","-12.45%"
"03/05/2020","2,630.00","2,602.50","2,683.75","2,475.00","452.64K","8.85%"
"03/06/2020","2,761.25","2,895.63","2,958.75","2,726.25","643.36K","4.99%"
"03/09/2020","3,332.50","3,343.75","3,378.75","3,041.25","523.16K","20.69%"
"03/10/2020","2,812.50","2,961.25","3,342.50","2,812.50","583.15K","-15.60%"
"03/11/2020","3,160.00","3,006.25","3,270.00","2,941.25","486.61K","12.36%"
"03/12/2020","4,033.75","3,787.50","4,053.75","3,387.50","686.51K","27.65%"
"03/13/2020","2,890.00","3,378.75","3,975.00","2,875.00","770.02K","-28.35%"
"03/16/2020","3,836.25","3,750.00","3,932.50","3,270.00","676.06K","32.74%"
"03/17/2020","3,135.00","3,573.75","3,948.77","2,966.25","835.45K","-18.28%"
"03/18/2020","3,367.50","3,657.50","3,875.00","3,263.74","680.94K","7.42%"
"03/19/2020","3,325.00","3,416.25","3,665.00","2,977.50","831.04K","-1.26%"
"03/20/2020","3,665.00","3,090.00","3,720.00","3,031.25","832.75K","10.23%"
"03/23/2020","3,685.00","3,651.25","4,031.25","3,449.99","807.88K","0.55%"
"03/24/2020","2,855.00","3,120.00","3,211.25","2,851.25","872.58K","-22.52%"
"03/25/2020","2,895.00","2,803.75","3,003.75","2,570.00","843.06K","1.40%"
"03/26/2020","2,433.75","2,817.50","2,830.00","2,401.25","895.67K","-15.93%"
"03/27/2020","2,668.75","2,611.25","2,694.99","2,480.00","663.15K","9.66%"
"03/30/2020","2,380.00","2,595.00","2,627.50","2,363.75","697.19K","-10.82%"
"03/31/2020","2,432.50","2,395.00","2,482.50","2,260.00","738.63K","2.21%"
"04/01/2020","2,743.75","2,650.00","2,803.75","2,542.50","714.68K","12.80%"
"04/02/2020","2,581.25","2,782.50","2,810.00","2,576.25","815.18K","-5.92%"
"04/03/2020","2,682.50","2,605.00","2,777.50","2,538.75","633.70K","3.92%"
"04/06/2020","2,118.75","2,386.25","2,435.01","2,068.75","722.79K","-21.02%"
"04/07/2020","2,112.50","1,927.50","2,122.50","1,915.00","830.67K","-0.29%"
"04/08/2020","1,978.75","2,051.25","2,112.50","1,956.25","670.07K","-6.33%"
"04/09/2020","1,968.75","1,927.50","2,022.50","1,897.50","795.59K","-0.51%"
"04/13/2020","1,902.50","1,992.50","2,028.75","1,891.25","570.98K","-3.37%"
"04/14/2020","1,653.75","1,787.50","1,807.50","1,640.00","656.67K","-13.07%"
"04/15/2020","1,708.75","1,733.75","1,766.25","1,668.75","525.70K","3.33%"
"04/16/2020","1,616.25","1,653.75","1,706.25","1,591.25","719.85K","-5.41%"
"04/17/2020","1,576.25","1,553.75","1,645.00","1,543.75","574.29K","-2.47%"
"04/20/2020","1,627.50","1,615.00","1,630.00","1,558.75","430.79K","3.25%"
"04/21/2020","1,806.25","1,675.00","1,836.25","1,663.75","732.88K","10.98%"
"04/22/2020","1,643.75","1,693.75","1,718.75","1,611.25","424.55K","-9.00%"
"04/23/2020","1,656.25","1,625.00","1,667.50","1,565.00","524.00K","0.76%"
"04/24/2020","1,575.00","1,646.25","1,680.00","1,568.13","482.48K","-4.91%"
"04/27/2020","1,543.75","1,526.25","1,562.50","1,515.00","368.19K","-1.98%"
"04/28/2020","1,625.00","1,502.50","1,632.50","1,501.25","522.64K","5.26%"
"04/29/2020","1,457.50","1,518.75","1,542.50","1,431.25","544.79K","-10.31%"
"04/30/2020","1,447.50","1,433.75","1,486.25","1,432.50","447.25K","-0.69%"
"05/01/2020","1,577.50","1,541.25","1,598.75","1,498.75","517.61K","8.98%"
"05/04/2020","1,521.25","1,602.50","1,613.75","1,516.25","351.21K","-3.57%"
"05/05/2020","1,470.00","1,475.00","1,487.50","1,417.50","407.69K","-3.37%"
"05/06/2020","1,442.50","1,436.25","1,461.25","1,401.25","459.47K","-1.87%"
"05/07/2020","1,386.25","1,387.50","1,415.00","1,368.75","473.61K","-3.90%"
"05/08/2020","1,330.00","1,353.75","1,375.00","1,326.25","421.01K","-4.06%"
"05/11/2020","1,296.25","1,353.75","1,358.75","1,275.00","445.62K","-2.54%"
"05/12/2020","1,373.75","1,283.75","1,375.00","1,272.50","525.88K","5.98%"
"05/13/2020","1,425.00","1,365.00","1,475.00","1,328.75","876.68K","3.73%"
"05/14/2020","1,377.50","1,451.25","1,492.50","1,377.50","638.93K","-3.33%"
"05/15/2020","1,350.00","1,435.00","1,443.75","1,350.00","596.31K","-2.00%"
"05/18/2020","1,275.00","1,297.50","1,311.25","1,256.25","470.85K","-5.56%"
"05/19/2020","1,286.25","1,272.50","1,287.50","1,235.00","460.79K","0.88%"
"05/20/2020","1,207.50","1,240.00","1,240.00","1,201.25","456.29K","-6.12%"
"05/21/2020","1,245.00","1,206.25","1,255.00","1,196.25","529.93K","3.11%"
"05/22/2020","1,233.75","1,255.00","1,270.00","1,230.00","349.90K","-0.90%"
"05/26/2020","1,240.00","1,175.00","1,248.75","1,171.25","402.43K","0.51%"
"05/27/2020","1,222.50","1,251.25","1,327.50","1,221.25","659.50K","-1.41%"
"05/28/2020","1,228.75","1,241.25","1,243.75","1,172.50","599.58K","0.51%"
"05/29/2020","1,178.75","1,221.25","1,247.50","1,170.00","679.39K","-4.07%"
"06/01/2020","1,162.50","1,190.00","1,195.00","1,157.50","321.85K","-1.38%"
"06/02/2020","1,141.25","1,158.75","1,193.75","1,138.75","432.24K","-1.83%"
"06/03/2020","1,121.25","1,130.63","1,143.75","1,112.55","387.81K","-1.75%"
"06/04/2020","1,147.50","1,130.00","1,167.50","1,108.75","421.69K","2.34%"
"06/05/2020","1,080.00","1,133.75","1,138.75","1,070.00","586.40K","-5.88%"
"06/08/2020","1,053.75","1,082.50","1,102.50","1,052.50","356.19K","-2.43%"
"06/09/2020","1,030.00","1,066.25","1,068.13","1,018.75","447.12K","-2.25%"
"06/10/2020","991.25","1,008.75","1,016.25","973.75","590.57K","-3.76%"
"06/11/2020","1,140.00","1,041.25","1,142.50","1,025.00","947.84K","15.01%"
"06/12/2020","1,113.75","1,066.25","1,175.00","1,047.50","1.06M","-2.30%"
"06/15/2020","1,072.50","1,162.50","1,176.25","1,062.50","725.09K","-3.70%"
"06/16/2020","1,018.75","1,003.75","1,068.75","996.25","760.51K","-5.01%"
"06/17/2020","1,007.50","998.75","1,020.00","983.75","495.87K","-1.10%"
"06/18/2020","998.75","1,012.50","1,022.50","996.25","361.30K","-0.87%"
"06/19/2020","1,000.00","968.75","1,022.50","965.00","560.92K","0.13%"
"06/22/2020","965.00","1,001.25","1,005.00","962.50","443.52K","-3.50%"
"06/23/2020","940.00","943.75","951.25","912.50","605.28K","-2.59%"
"06/24/2020","995.00","950.00","1,015.00","933.75","999.36K","5.85%"
"06/25/2020","967.50","996.25","1,028.75","965.00","672.45K","-2.76%"
"06/26/2020","1,037.50","972.50","1,043.75","970.00","793.02K","7.24%"
"06/29/2020","1,006.25","1,040.00","1,075.00","1,003.75","642.94K","-3.01%"
"06/30/2020","945.00","1,005.00","1,007.49","937.50","567.39K","-6.09%"
"07/01/2020","911.25","943.75","950.00","898.75","672.86K","-3.57%"
"07/02/2020","892.50","885.00","897.50","870.00","612.69K","-2.06%"
"07/06/2020","827.50","858.75","858.75","820.00","710.59K","-7.28%"
"07/07/2020","843.75","831.25","846.25","802.50","759.62K","1.96%"
"07/08/2020","810.00","829.38","844.88","809.86","628.85K","-4.00%"
"07/09/2020","790.00","793.75","832.50","782.50","920.74K","-2.47%"
"07/10/2020","772.50","791.25","816.25","771.25","662.10K","-2.22%"
"07/13/2020","820.00","747.50","828.75","722.50","1.35M","6.15%"
"07/14/2020","802.50","843.76","876.25","798.75","1.67M","-2.13%"
"07/15/2020","797.50","791.25","830.00","781.25","843.61K","-0.62%"
"07/16/2020","815.00","824.59","846.25","808.75","782.83K","2.19%"
"07/17/2020","813.75","808.75","833.75","802.50","573.86K","-0.15%"
"07/20/2020","742.50","805.00","817.50","736.25","792.01K","-8.76%"
"07/21/2020","765.00","728.75","772.50","728.75","810.00K","3.03%"
"07/22/2020","756.25","761.25","778.75","748.75","595.04K","-1.14%"
"07/23/2020","816.25","761.25","830.00","755.00","1.10M","7.93%"
"07/24/2020","840.00","855.00","880.00","826.25","1.36M","2.91%"
"07/27/2020","793.75","823.65","831.25","791.25","656.15K","-5.51%"
"07/28/2020","823.75","802.50","827.50","796.25","556.92K","3.78%"
"07/29/2020","795.00","810.00","815.00","787.50","513.18K","-3.49%"
"07/30/2020","782.50","816.25","826.25","778.75","849.55K","-1.57%"
"07/31/2020","741.25","741.25","786.25","740.00","913.13K","-5.27%"
"08/03/2020","711.88","723.75","725.00","705.00","672.64K","-3.96%"
"08/04/2020","702.50","717.50","722.50","702.50","543.71K","-1.32%"
"08/05/2020","698.75","700.00","707.50","695.00","444.61K","-0.53%"
"08/06/2020","670.00","701.25","705.00","667.50","751.53K","-4.11%"
"08/07/2020","692.50","675.00","710.00","668.75","938.98K","3.36%"
"08/10/2020","702.50","691.25","731.25","690.00","829.17K","1.44%"
"08/11/2020","742.50","712.50","747.50","701.25","832.50K","5.69%"
"08/12/2020","685.00","723.75","725.00","677.50","855.42K","-7.74%"
"08/13/2020","681.25","681.25","688.75","663.75","795.31K","-0.55%"
"08/14/2020","685.00","677.50","695.00","675.00","559.44K","0.55%"
"08/17/2020","660.00","670.00","672.50","657.50","429.23K","-3.65%"
"08/18/2020","641.25","652.25","663.00","637.50","927.58K","-2.84%"
"08/19/2020","654.00","641.25","657.00","633.50","1.31M","1.99%"
"08/20/2020","626.50","659.75","662.50","623.00","1.34M","-4.20%"
"08/21/2020","613.50","625.75","629.75","610.50","1.32M","-2.08%"
"08/24/2020","601.75","592.25","617.38","586.51","1.49M","-1.92%"
"08/25/2020","587.75","606.98","610.00","587.50","1.17M","-2.33%"
"08/26/2020","550.00","580.23","580.88","549.08","1.94M","-6.42%"
"08/27/2020","555.50","543.75","568.50","539.25","2.54M","1.00%"
"08/28/2020","546.25","548.25","555.75","543.00","1.44M","-1.67%"
"08/31/2020","533.75","543.50","546.03","522.88","1.95M","-2.29%"
"09/01/2020","506.00","519.00","528.25","505.50","1.95M","-5.20%"
"09/02/2020","491.50","489.25","521.38","488.75","3.13M","-2.87%"
"09/03/2020","567.00","513.50","581.00","511.75","6.91M","15.36%"
"09/04/2020","589.50","575.75","658.50","556.75","8.31M","3.97%"
"09/08/2020","673.25","659.25","675.25","621.75","4.83M","14.21%"
"09/09/2020","615.00","632.00","650.50","598.00","3.03M","-8.65%"
"09/10/2020","650.25","593.75","662.50","585.50","4.03M","5.73%"
"09/11/2020","664.00","636.00","690.00","629.88","4.82M","2.11%"
"09/14/2020","630.00","635.50","645.50","614.25","2.88M","-5.12%"
"09/15/2020","602.50","603.75","615.00","593.00","2.55M","-4.37%"
"09/16/2020","632.00","597.97","633.50","594.25","2.90M","4.90%"
"09/17/2020","660.50","680.00","686.25","646.75","4.40M","4.51%"
"09/18/2020","687.00","651.50","717.50","648.37","4.73M","4.01%"
"09/21/2020","677.75","717.00","735.50","677.25","4.55M","-1.35%"
"09/22/2020","640.50","658.75","685.70","635.88","2.96M","-5.50%"
"09/23/2020","700.00","643.00","705.25","641.47","4.00M","9.29%"
"09/24/2020","689.25","719.25","722.25","662.75","5.14M","-1.54%"
"09/25/2020","640.75","685.50","697.50","634.50","3.72M","-7.04%"
"09/28/2020","601.50","605.50","624.75","601.00","2.94M","-6.13%"
"09/29/2020","609.25","604.50","613.00","597.63","2.05M","1.29%"
"09/30/2020","596.25","608.00","609.75","575.25","3.31M","-2.13%"
"10/01/2020","568.25","571.25","583.50","564.25","2.79M","-4.70%"
"10/02/2020","615.25","605.50","621.50","583.25","4.41M","8.27%"
"10/05/2020","576.50","602.50","603.00","574.25","1.86M","-6.30%"
"10/06/2020","607.50","581.75","613.00","570.00","3.45M","5.38%"
"10/07/2020","575.50","589.50","593.25","570.25","2.04M","-5.27%"
"10/08/2020","566.00","560.75","573.00","560.00","1.53M","-1.65%"
"10/09/2020","540.50","556.00","558.49","539.75","1.72M","-4.51%"
"10/12/2020","490.50","512.75","519.00","473.75","3.45M","-9.25%"
"10/13/2020","490.00","481.25","497.25","477.50","2.32M","-0.10%"
"10/14/2020","502.25","486.00","511.50","481.00","2.83M","2.50%"
"10/15/2020","513.00","527.25","531.00","509.25","2.74M","2.14%"
"10/16/2020","521.00","503.50","522.75","495.75","1.96M","1.56%"
"10/19/2020","546.25","510.50","552.00","505.00","2.91M","4.85%"
"10/20/2020","542.25","541.25","551.25","524.00","2.97M","-0.73%"
"10/21/2020","544.00","541.00","546.75","526.00","2.53M","0.32%"
"10/22/2020","543.75","539.00","563.47","533.75","2.92M","-0.05%"
"10/23/2020","540.00","540.00","557.75","539.75","1.95M","-0.69%"
"10/26/2020","564.50","554.00","586.22","537.75","3.38M","4.54%"
"10/27/2020","551.50","559.00","566.75","546.75","2.37M","-2.30%"
"10/28/2020","616.25","578.75","617.75","575.00","4.01M","11.74%"
"10/29/2020","584.00","606.50","610.25","562.75","3.07M","-5.23%"
"10/30/2020","625.75","596.50","642.75","591.07","5.09M","7.15%"
"11/02/2020","623.75","611.25","644.50","598.75","3.42M","-0.32%"
"11/03/2020","592.00","610.50","617.50","576.25","3.48M","-5.09%"
"11/04/2020","512.00","533.75","544.75","500.25","4.80M","-13.51%"
"11/05/2020","472.50","477.25","485.00","466.75","3.53M","-7.71%"
"11/06/2020","470.75","476.25","494.00","467.50","3.61M","-0.37%"
"11/09/2020","499.50","457.25","501.75","449.50","4.63M","6.11%"
"11/10/2020","526.00","517.00","541.25","509.50","5.17M","5.31%"
"11/11/2020","491.00","512.75","514.75","488.50","2.66M","-6.65%"
"11/12/2020","497.50","486.25","503.88","479.25","2.84M","1.32%"
"11/13/2020","484.75","489.25","500.75","481.63","2.10M","-2.56%"
"11/16/2020","473.75","486.00","489.50","471.75","1.71M","-2.27%"
"11/17/2020","477.50","472.25","481.25","470.75","1.59M","0.79%"
"11/18/2020","488.75","480.75","488.75","472.50","1.76M","2.36%"
"11/19/2020","476.75","491.50","494.97","475.25","1.66M","-2.46%"
"11/20/2020","486.75","477.50","487.00","473.75","1.40M","2.10%"
"11/23/2020","486.50","481.50","498.50","475.00","1.56M","-0.05%"
"11/24/2020","466.25","481.00","490.75","463.75","1.81M","-4.16%"
"11/25/2020","457.25","461.50","465.70","454.50","1.39M","-1.93%"
"11/27/2020","445.00","448.50","450.00","439.50","936.52K","-2.68%"
"11/30/2020","442.50","443.50","463.88","440.50","2.15M","-0.56%"
"12/01/2020","424.75","432.25","437.00","417.50","2.08M","-4.01%"
"12/02/2020","423.00","430.00","438.00","421.75","1.58M","-0.41%"
"12/03/2020","421.25","422.25","424.50","414.75","1.39M","-0.41%"
"12/04/2020","416.00","421.50","424.25","415.75","1.23M","-1.25%"
"12/07/2020","409.00","415.50","416.25","407.75","1.25M","-1.68%"
"12/08/2020","405.00","411.00","418.45","403.75","1.36M","-0.98%"
"12/09/2020","432.25","405.75","437.00","404.75","3.23M","6.73%"
"12/10/2020","427.50","442.00","446.72","422.50","2.53M","-1.10%"
"12/11/2020","430.00","434.50","444.75","429.75","2.17M","0.58%"
"12/14/2020","420.50","425.00","425.25","412.25","1.69M","-2.21%"
"12/15/2020","407.50","411.25","420.75","407.50","1.54M","-3.09%"
"12/16/2020","400.75","405.75","410.00","397.50","1.59M","-1.66%"
"12/17/2020","392.50","394.25","399.00","391.75","1.22M","-2.06%"
"12/18/2020","396.25","390.25","405.50","389.13","1.90M","0.96%"
"12/21/2020","398.75","407.75","418.75","396.25","2.76M","0.63%"
"12/22/2020","395.25","395.00","406.50","391.50","1.87M","-0.88%"
"12/23/2020","401.00","395.25","401.75","393.75","1.30M","1.45%"
"12/24/2020","395.75","400.00","400.50","394.00","789.32K","-1.31%"
"12/28/2020","383.75","385.50","392.75","382.00","1.55M","-3.03%"
"12/29/2020","382.75","379.00","386.50","376.50","1.96M","-0.26%"
"12/30/2020","382.75","378.50","385.25","377.25","1.13M","0.00%"
"12/31/2020","379.50","383.00","387.25","378.38","1.43M","-0.85%"
"01/04/2021","396.00","375.00","411.13","374.50","3.58M","4.35%"
"01/05/2021","386.25","400.00","400.00","385.63","2.02M","-2.46%"
"01/06/2021","402.25","404.00","408.13","386.00","4.11M","4.14%"
"01/07/2021","372.25","391.50","391.55","369.63","2.40M","-7.46%"
"01/08/2021","358.50","364.75","372.75","357.25","3.49M","-3.69%"
"01/11/2021","374.00","368.75","376.25","364.50","2.71M","4.32%"
"01/12/2021","375.50","373.75","385.50","369.75","2.23M","0.40%"
"01/13/2021","368.50","375.00","377.00","365.25","1.68M","-1.86%"
"01/14/2021","374.00","366.50","375.75","363.00","1.42M","1.49%"
"01/15/2021","383.00","375.25","387.50","371.25","2.46M","2.41%"
"01/19/2021","366.00","374.00","378.25","364.25","1.79M","-4.44%"
"01/20/2021","340.75","353.25","354.75","337.50","2.62M","-6.90%"
"01/21/2021","332.00","336.75","340.75","330.00","1.88M","-2.57%"
"01/22/2021","335.00","335.75","337.50","332.00","1.48M","0.90%"
"01/25/2021","325.75","324.50","347.75","320.25","4.06M","-2.76%"
"01/26/2021","325.25","324.75","329.75","322.00","1.81M","-0.15%"
"01/27/2021","351.75","332.25","358.75","332.25","4.32M","8.15%"
"01/28/2021","346.25","348.75","350.75","329.53","3.29M","-1.56%"
"01/29/2021","367.75","351.75","374.25","348.26","4.45M","6.21%"
"02/01/2021","340.25","355.75","362.95","337.25","3.36M","-7.48%"
"02/02/2021","324.25","331.00","331.50","320.25","2.32M","-4.70%"
"02/03/2021","327.50","317.75","327.95","316.63","2.13M","1.00%"
"02/04/2021","316.00","323.25","327.75","316.00","1.88M","-3.51%"
"02/05/2021","312.75","313.50","318.50","310.00","1.87M","-1.03%"
"02/08/2021","306.50","308.00","312.96","306.25","1.77M","-2.00%"
"02/09/2021","306.75","309.50","309.50","303.50","1.88M","0.08%"
"02/10/2021","308.75","302.75","318.00","301.51","3.78M","0.65%"
"02/11/2021","303.75","304.50","311.00","302.75","2.78M","-1.62%"
"02/12/2021","299.00","306.00","309.25","298.25","1.93M","-1.56%"
"02/16/2021","301.00","296.51","304.50","294.00","2.24M","0.67%"
"02/17/2021","305.50","309.50","315.63","304.75","3.22M","1.50%"
"02/18/2021","309.50","315.75","320.75","307.50","3.50M","1.31%"
"02/19/2021","313.50","305.50","316.50","305.25","2.63M","1.29%"
"02/22/2021","338.00","326.25","338.50","322.50","4.12M","7.81%"
"02/23/2021","340.75","355.25","374.00","335.50","7.75M","0.81%"
"02/24/2021","332.25","350.00","358.50","331.25","4.63M","-2.49%"
"02/25/2021","367.50","341.00","372.25","332.75","7.60M","10.61%"
"02/26/2021","362.00","356.50","374.00","345.00","8.66M","-1.50%"
"03/01/2021","329.75","344.50","349.50","328.50","3.83M","-8.91%"
"03/02/2021","345.50","328.00","346.50","327.50","3.07M","4.78%"
"03/03/2021","375.50","349.50","376.00","346.25","6.57M","8.68%"
"03/04/2021","394.00","377.25","409.00","365.25","12.95M","4.93%"
"03/05/2021","376.00","383.50","419.50","372.50","12.13M","-4.57%"
"03/08/2021","408.00","378.25","409.54","371.00","7.39M","8.51%"
"03/09/2021","359.75","377.50","379.50","351.75","6.35M","-11.83%"
"03/10/2021","362.50","344.50","365.21","343.25","5.32M","0.76%"
"03/11/2021","337.25","345.50","348.75","331.25","4.48M","-6.97%"
"03/12/2021","345.50","350.75","358.75","345.25","3.93M","2.45%"
"03/15/2021","334.50","344.75","350.25","334.00","2.53M","-3.18%"
"03/16/2021","329.00","327.25","333.75","317.75","3.72M","-1.64%"
"03/17/2021","325.00","338.75","344.25","319.00","4.79M","-1.22%"
"03/18/2021","354.75","340.25","356.25","337.04","4.08M","9.15%"
"03/19/2021","350.25","355.50","363.00","345.50","4.78M","-1.27%"
"03/22/2021","331.25","342.75","342.75","324.25","3.31M","-5.42%"
"03/23/2021","335.75","328.00","338.25","323.50","4.06M","1.36%"
"03/24/2021","352.50","331.00","353.25","331.00","3.77M","4.99%"
"03/25/2021","354.25","359.25","368.00","349.00","5.57M","0.50%"
"03/26/2021","338.25","355.28","360.25","337.50","4.34M","-4.52%"
"03/29/2021","338.75","340.25","350.00","335.25","3.76M","0.15%"
"03/30/2021","343.75","345.25","353.00","342.00","2.60M","1.48%"
"03/31/2021","328.00","338.00","339.00","322.75","3.23M","-4.58%"
"04/01/2021","311.00","316.00","316.63","310.75","2.92M","-5.18%"
"04/05/2021","292.75","303.75","304.50","290.25","2.77M","-5.87%"
"04/06/2021","293.50","293.50","295.25","287.75","2.24M","0.26%"
"04/07/2021","291.00","294.25","297.00","288.75","2.20M","-0.85%"
"04/08/2021","281.75","283.13","285.50","281.50","2.10M","-3.18%"
"04/09/2021","276.75","285.50","287.25","276.25","2.95M","-1.77%"
"04/12/2021","278.00","279.25","282.75","276.75","1.94M","0.45%"
"04/13/2021","268.00","273.75","274.50","267.00","2.33M","-3.60%"
"04/14/2021","277.75","267.50","279.75","267.25","2.71M","3.64%"
"04/15/2021","264.75","270.25","270.75","264.00","3.03M","-4.68%"
"04/16/2021","264.00","264.25","268.50","263.50","2.00M","-0.28%"
"04/19/2021","271.50","268.00","276.00","265.00","3.20M","2.84%"
"04/20/2021","277.25","272.75","282.13","269.75","2.88M","2.12%"
"04/21/2021","270.00","280.50","283.25","269.50","2.55M","-2.61%"
"04/22/2021","279.75","271.00","282.75","268.50","4.32M","3.61%"
"04/23/2021","269.25","278.00","278.25","265.75","2.44M","-3.75%"
"04/26/2021","263.75","268.50","270.50","263.25","2.48M","-2.04%"
"04/27/2021","267.25","263.00","269.63","262.75","2.43M","1.33%"
"04/28/2021","270.25","268.00","271.63","265.75","1.83M","1.12%"
"04/29/2021","267.00","262.00","275.25","261.00","2.67M","-1.20%"
"04/30/2021","272.25","273.25","274.72","267.00","2.16M","1.97%"
"05/03/2021","276.50","269.50","278.00","267.50","1.82M","1.56%"
"05/04/2021","291.50","283.25","301.50","282.25","5.18M","5.42%"
"05/05/2021","294.50","286.00","296.75","283.75","2.48M","1.03%"
"05/06/2021","288.00","295.50","301.50","287.50","3.23M","-2.21%"
"05/07/2021","280.75","280.25","283.75","274.50","3.03M","-2.52%"
"05/10/2021","302.00","284.25","302.50","284.03","2.71M","7.57%"
"05/11/2021","303.00","319.00","321.00","301.00","5.19M","0.33%"
"05/12/2021","326.50","317.50","329.25","310.75","6.47M","7.76%"
"05/13/2021","319.25","317.50","326.75","309.75","4.70M","-2.22%"
"05/14/2021","298.25","309.25","311.00","295.25","3.49M","-6.58%"
"05/17/2021","303.50","303.00","311.50","300.88","2.76M","1.76%"
"05/18/2021","309.50","300.50","310.38","297.25","2.33M","1.98%"
"05/19/2021","308.50","325.50","326.75","307.54","4.45M","-0.32%"
"05/20/2021","290.50","304.25","304.75","288.00","3.33M","-5.83%"
"05/21/2021","295.25","286.25","296.50","285.00","2.42M","1.64%"
"05/24/2021","280.25","289.00","290.00","277.25","2.29M","-5.08%"
"05/25/2021","279.00","276.25","282.49","274.50","2.20M","-0.45%"
"05/26/2021","276.25","277.67","279.38","275.00","1.76M","-0.99%"
"05/27/2021","279.50","277.29","280.00","275.25","1.77M","1.18%"
"05/28/2021","276.75","276.25","277.50","272.75","1.80M","-0.98%"
"06/01/2021","279.50","273.50","283.00","272.00","2.37M","0.99%"
"06/02/2021","278.00","278.50","282.25","275.75","2.00M","-0.54%"
"06/03/2021","286.75","285.13","291.00","282.00","2.54M","3.15%"
"06/04/2021","271.75","281.75","281.88","270.75","3.15M","-5.23%"
"06/07/2021","269.50","273.50","275.00","269.25","2.06M","-0.83%"
"06/08/2021","269.25","265.00","273.25","262.75","2.62M","-0.09%"
"06/09/2021","268.75","265.50","269.25","263.75","1.67M","-0.19%"
"06/10/2021","260.25","268.00","269.25","260.00","3.89M","-3.16%"
"06/11/2021","258.25","260.25","262.00","258.25","1.58M","-0.77%"
"06/14/2021","251.00","257.50","260.15","251.00","1.87M","-2.81%"
"06/15/2021","255.75","251.50","257.50","251.00","2.26M","1.89%"
"06/16/2021","258.75","254.75","266.75","252.25","4.06M","1.17%"
"06/17/2021","248.75","261.00","261.25","246.50","4.11M","-3.86%"
"06/18/2021","254.50","252.25","256.25","249.75","3.26M","2.31%"
"06/21/2021","250.00","254.25","259.25","249.00","2.44M","-1.77%"
"06/22/2021","243.00","250.25","251.00","241.75","2.96M","-2.80%"
"06/23/2021","242.50","242.75","244.25","240.00","2.09M","-0.21%"
"06/24/2021","238.00","238.25","239.50","234.75","2.81M","-1.86%"
"06/25/2021","238.50","236.75","240.25","236.25","2.37M","0.21%"
"06/28/2021","230.00","236.25","236.25","229.75","2.40M","-3.56%"
"06/29/2021","227.50","230.50","232.13","227.50","2.07M","-1.09%"
"06/30/2021","228.50","228.00","229.75","227.25","1.81M","0.44%"
"07/01/2021","228.50","229.50","232.00","227.50","1.87M","0.00%"
"07/02/2021","220.50","224.63","225.25","220.00","2.26M","-3.50%"
"07/06/2021","217.88","219.25","224.50","217.00","3.76M","-1.19%"
"07/07/2021","216.25","213.50","220.00","213.00","3.98M","-0.75%"
"07/08/2021","220.25","225.50","228.00","218.50","4.41M","1.85%"
"07/09/2021","216.00","221.50","222.50","215.25","2.58M","-1.93%"
"07/12/2021","213.75","213.25","216.50","212.75","2.09M","-1.04%"
"07/13/2021","213.75","214.25","215.00","208.00","4.16M","0.00%"
"07/14/2021","212.50","209.25","214.00","208.00","3.88M","-0.58%"
"07/15/2021","216.75","212.50","220.50","212.25","4.50M","2.00%"
"07/16/2021","222.00","215.00","222.75","213.50","3.30M","2.42%"
"07/19/2021","227.50","228.75","232.50","226.50","5.34M","2.48%"
"07/20/2021","219.75","225.50","229.23","216.75","3.70M","-3.41%"
"07/21/2021","214.50","220.38","220.75","214.50","2.28M","-2.39%"
"07/22/2021","210.00","214.25","214.25","210.00","2.47M","-2.10%"
"07/23/2021","203.00","207.75","210.00","202.25","3.43M","-3.33%"
"07/26/2021","202.50","204.00","205.50","201.75","2.35M","-0.25%"
"07/27/2021","209.00","202.75","216.25","202.75","5.03M","3.21%"
"07/28/2021","206.50","207.13","211.00","203.75","4.18M","-1.20%"
"07/29/2021","205.25","207.50","207.50","203.50","2.58M","-0.61%"
"07/30/2021","208.50","212.25","212.50","207.75","3.20M","1.58%"
"08/02/2021","208.50","205.75","209.75","204.75","2.88M","0.00%"
"08/03/2021","204.75","207.50","213.25","204.75","3.29M","-1.80%"
"08/04/2021","203.75","205.00","206.75","202.25","2.79M","-0.49%"
"08/05/2021","200.00","202.75","203.75","199.75","2.17M","-1.84%"
"08/06/2021","202.50","202.00","204.50","200.50","2.69M","1.25%"
"08/09/2021","201.75","201.75","203.75","200.75","2.66M","-0.37%"
"08/10/2021","204.75","200.75","206.75","200.25","3.13M","1.49%"
"08/11/2021","205.50","202.50","208.00","201.50","3.13M","0.37%"
"08/12/2021","203.25","206.50","209.00","202.75","2.29M","-1.09%"
"08/13/2021","201.25","203.00","203.75","200.75","1.84M","-0.98%"
"08/16/2021","201.00","203.25","209.75","201.00","3.68M","-0.12%"
"08/17/2021","206.50","205.50","210.50","204.04","5.81M","2.74%"
"08/18/2021","212.50","207.50","213.00","204.75","4.65M","2.91%"
"08/19/2021","209.00","216.00","216.25","206.25","5.27M","-1.65%"
"08/20/2021","202.50","207.50","208.00","202.00","3.61M","-3.11%"
"08/23/2021","193.50","200.75","201.00","192.50","3.66M","-4.44%"
"08/24/2021","191.75","192.50","193.50","190.75","2.42M","-0.90%"
"08/25/2021","191.50","191.50","192.75","190.25","2.48M","-0.13%"
"08/26/2021","194.75","192.50","195.50","191.25","3.86M","1.70%"
"08/27/2021","189.25","193.75","194.50","188.25","2.96M","-2.82%"
"08/30/2021","182.50","188.00","188.00","182.00","3.23M","-3.57%"
"08/31/2021","183.00","182.46","185.50","182.25","3.12M","0.27%"
"09/01/2021","182.25","181.50","182.50","179.25","3.14M","-0.41%"
"09/02/2021","182.75","180.38","184.25","179.75","3.43M","0.27%"
"09/03/2021","180.75","184.00","184.25","180.25","2.85M","-1.09%"
"09/07/2021","179.75","180.50","182.50","179.00","2.62M","-0.55%"
"09/08/2021","182.00","180.44","185.25","180.25","3.50M","1.25%"
"09/09/2021","183.75","181.75","184.25","180.00","3.64M","0.96%"
"09/10/2021","188.25","181.25","188.50","180.00","3.89M","2.45%"
"09/13/2021","188.50","184.38","191.50","183.75","5.41M","0.13%"
"09/14/2021","190.00","186.00","191.50","184.75","4.48M","0.80%"
"09/15/2021","185.50","189.25","192.75","185.00","3.57M","-2.37%"
"09/16/2021","185.50","187.50","190.63","184.50","3.32M","0.00%"
"09/17/2021","192.00","186.00","193.50","186.00","4.65M","3.50%"
"09/20/2021","203.75","200.75","211.25","198.25","6.39M","6.12%"
"09/21/2021","203.25","200.50","205.00","198.50","4.66M","-0.25%"
"09/22/2021","197.25","201.25","203.25","194.75","4.46M","-2.95%"
"09/23/2021","191.75","195.25","196.50","190.00","3.42M","-2.79%"
"09/24/2021","191.00","195.50","196.00","190.50","2.90M","-0.39%"
"09/27/2021","195.75","196.25","199.75","194.50","3.26M","2.49%"
"09/28/2021","212.25","203.50","213.25","202.19","6.41M","8.43%"
"09/29/2021","213.50","210.00","214.75","206.25","4.94M","0.59%"
"09/30/2021","215.75","210.75","216.50","207.50","5.51M","1.05%"
"10/01/2021","211.75","214.63","222.25","209.75","4.56M","-1.85%"
"10/04/2021","225.00","214.75","229.25","214.00","5.47M","6.26%"
"10/05/2021","215.75","223.00","223.50","211.50","4.69M","-4.11%"
"10/06/2021","211.75","222.00","223.75","211.25","5.83M","-1.85%"
"10/07/2021","205.75","206.00","207.13","201.25","4.16M","-2.83%"
"10/08/2021","209.25","204.00","210.00","203.50","3.58M","1.70%"
"10/11/2021","213.75","211.75","214.00","205.50","4.18M","2.15%"
"10/12/2021","215.75","211.25","217.25","210.25","4.24M","0.94%"
"10/13/2021","210.75","211.75","215.50","209.50","3.58M","-2.32%"
"10/14/2021","199.00","204.25","205.50","198.75","3.63M","-5.58%"
"10/15/2021","195.25","197.00","199.00","195.25","2.50M","-1.88%"
"10/18/2021","189.25","197.50","198.50","189.25","2.98M","-3.07%"
"10/19/2021","185.50","187.75","189.00","185.00","2.81M","-1.98%"
"10/20/2021","185.75","184.50","188.25","183.50","2.97M","0.13%"
"10/21/2021","182.50","187.00","187.75","182.25","2.67M","-1.75%"
"10/22/2021","187.00","184.50","189.75","182.75","3.72M","2.47%"
"10/25/2021","181.25","185.00","187.94","179.75","3.31M","-3.07%"
"10/26/2021","179.75","178.00","181.38","174.50","5.23M","-0.83%"
"10/27/2021","178.25","179.00","179.50","173.75","4.54M","-0.83%"
"10/28/2021","172.50","175.73","176.75","172.00","3.95M","-3.23%"
"10/29/2021","169.75","176.75","177.25","169.50","4.09M","-1.59%"
"11/01/2021","168.25","169.25","172.18","168.00","3.69M","-0.88%"
"11/02/2021","165.75","168.75","169.00","165.25","3.14M","-1.49%"
"11/03/2021","160.50","165.25","166.75","160.00","4.82M","-3.17%"
"11/04/2021","154.75","159.00","159.75","153.25","5.95M","-3.58%"
"11/05/2021","154.25","152.25","155.75","151.25","5.95M","-0.32%"
"11/08/2021","154.75","154.25","155.50","152.75","4.03M","0.32%"
"11/09/2021","157.75","153.50","159.50","153.00","6.44M","1.94%"
"11/10/2021","165.00","161.25","167.25","157.75","8.14M","4.60%"
"11/11/2021","163.25","161.00","164.00","160.50","3.83M","-1.06%"
"11/12/2021","158.00","161.80","164.00","157.50","4.62M","-3.22%"
"11/15/2021","158.25","157.00","161.50","156.25","5.08M","0.16%"
"11/16/2021","154.75","159.25","159.50","154.25","3.75M","-2.21%"
"11/17/2021","154.75","154.71","156.00","152.25","3.78M","0.00%"
"11/18/2021","149.75","152.25","155.00","149.25","5.69M","-3.23%"
"11/19/2021","147.25","148.00","149.00","146.00","4.92M","-1.67%"
"11/22/2021","152.75","145.75","152.75","142.25","6.32M","3.74%"
"11/23/2021","154.75","154.00","160.00","151.50","8.23M","1.31%"
"11/24/2021","153.00","157.50","160.50","152.75","5.76M","-1.13%"
"11/26/2021","161.50","156.25","163.50","154.50","5.85M","5.56%"
"11/29/2021","151.25","155.75","157.00","149.75","5.85M","-6.35%"
"11/30/2021","157.75","152.25","160.25","149.50","7.72M","4.30%"
"12/01/2021","166.25","152.50","166.50","149.75","8.32M","5.39%"
"12/02/2021","162.25","167.75","169.50","159.75","9.90M","-2.41%"
"12/03/2021","170.50","160.50","176.00","159.25","10.25M","5.08%"
"12/06/2021","166.50","170.25","175.75","164.75","7.02M","-2.35%"
"12/07/2021","151.25","157.75","158.00","150.75","7.86M","-9.16%"
"12/08/2021","149.50","151.00","153.50","149.25","6.72M","-1.16%"
"12/09/2021","155.75","151.00","156.25","148.75","7.90M","4.18%"
"12/10/2021","150.75","152.50","156.50","150.50","7.76M","-3.21%"
"12/13/2021","157.50","150.75","158.00","150.63","6.45M","4.48%"
"12/14/2021","162.25","163.25","167.75","160.00","7.33M","3.02%"
"12/15/2021","151.50","162.75","167.75","150.75","9.65M","-6.63%"
"12/16/2021","162.50","150.00","164.75","149.50","9.13M","7.26%"
"12/17/2021","165.00","167.50","169.25","159.75","8.24M","1.54%"
"12/20/2021","170.00","171.75","174.25","169.00","7.62M","3.03%"
"12/21/2021","158.50","165.50","170.75","158.25","6.41M","-6.76%"
"12/22/2021","153.00","159.00","160.00","152.50","5.23M","-3.47%"
"12/23/2021","149.50","152.50","152.75","147.50","4.80M","-2.29%"
"12/27/2021","142.25","148.00","148.00","142.00","4.07M","-4.85%"
"12/28/2021","143.75","141.25","145.00","140.75","5.00M","1.05%"
"12/29/2021","144.00","143.50","146.75","142.25","5.04M","0.17%"
"12/30/2021","145.25","144.25","146.00","141.75","3.05M","0.87%"
"12/31/2021","148.50","146.00","148.50","144.50","3.73M","2.24%"
"01/03/2022","143.50","146.75","149.00","143.50","5.31M","-3.37%"
"01/04/2022","149.25","143.00","152.75","143.00","7.56M","4.01%"
"01/05/2022","163.25","151.00","163.25","149.82","9.42M","9.38%"
"01/06/2022","163.50","165.50","168.25","159.00","8.49M","0.15%"
"01/07/2022","168.50","163.50","171.00","161.00","9.09M","3.06%"
"01/10/2022","167.75","175.25","182.75","167.50","10.88M","-0.45%"
"01/11/2022","160.75","169.50","172.25","160.50","9.91M","-4.17%"
"01/12/2022","158.50","157.50","161.75","155.25","9.36M","-1.40%"
"01/13/2022","170.30","157.10","171.88","156.20","12.32M","7.44%"
"01/14/2022","167.50","174.30","174.45","167.00","12.65M","-1.64%"
"01/18/2022","179.50","175.30","180.95","172.45","11.51M","7.16%"
"01/19/2022","185.75","177.55","186.18","173.80","10.71M","3.48%"
"01/20/2022","193.05","180.80","193.89","174.55","12.45M","3.93%"
"01/21/2022","208.95","196.65","209.55","192.25","18.44M","8.24%"
"01/24/2022","206.35","219.50","240.40","205.00","25.14M","-1.24%"
"01/25/2022","220.40","217.82","226.50","210.20","18.62M","6.81%"
"01/26/2022","220.75","205.45","228.80","197.85","20.69M","0.16%"
"01/27/2022","228.00","212.25","230.15","208.75","16.21M","3.28%"
"01/28/2022","206.60","224.25","234.49","206.25","16.08M","-9.39%"
"01/31/2022","186.90","204.10","207.10","185.75","13.25M","-9.54%"
"02/01/2022","182.90","184.60","192.75","181.85","11.50M","-2.14%"
"02/02/2022","178.55","176.50","184.80","176.10","15.57M","-2.38%"
"02/03/2022","199.80","192.80","201.70","188.00","15.47M","11.90%"
"02/04/2022","192.75","199.15","202.74","186.66","15.66M","-3.53%"
"02/07/2022","196.80","191.30","199.10","187.45","11.04M","2.10%"
"02/08/2022","190.40","199.05","200.90","188.50","13.73M","-3.25%"
"02/09/2022","178.30","183.00","185.60","178.15","12.79M","-6.36%"
"02/10/2022","190.15","188.75","193.05","178.60","24.46M","6.65%"
"02/11/2022","208.10","190.30","210.40","187.65","23.60M","9.44%"
"02/14/2022","207.60","209.60","214.15","201.38","22.05M","-0.24%"
"02/15/2022","192.25","198.00","199.93","191.80","16.38M","-7.39%"
"02/16/2022","192.40","195.75","200.99","190.65","16.05M","0.08%"
"02/17/2022","209.45","197.75","210.20","196.55","15.63M","8.86%"
"02/18/2022","216.45","207.75","221.00","207.05","23.58M","3.34%"
"02/22/2022","223.00","222.45","230.35","211.85","22.56M","3.03%"
"02/23/2022","240.05","216.85","240.95","215.10","21.02M","7.65%"
"02/24/2022","216.60","263.50","264.35","214.95","29.67M","-9.77%"
"02/25/2022","205.85","214.50","221.99","205.65","17.07M","-4.96%"
"02/28/2022","203.65","211.75","213.90","201.00","22.54M","-1.07%"
"03/01/2022","213.25","205.95","217.88","201.90","22.61M","4.71%"
"03/02/2022","202.90","210.60","215.85","200.30","16.39M","-4.85%"
"03/03/2022","211.35","197.95","214.70","197.75","17.90M","4.16%"
"03/04/2022","220.55","215.90","225.00","213.20","19.32M","4.35%"
"03/07/2022","245.05","220.55","245.43","218.30","20.22M","11.11%"
"03/08/2022","248.35","246.80","256.10","226.00","26.50M","1.35%"
"03/09/2022","221.80","229.00","235.15","218.40","17.68M","-10.69%"
"03/10/2022","228.85","229.85","238.00","226.45","16.01M","3.18%"
"03/11/2022","242.70","222.70","244.15","221.95","14.85M","6.05%"
"03/14/2022","256.95","246.07","258.73","238.20","16.52M","5.87%"
"03/15/2022","233.20","250.65","254.55","231.00","18.04M","-9.24%"
"03/16/2022","206.90","224.50","232.27","206.75","22.82M","-11.28%"
"03/17/2022","199.60","210.55","212.95","199.50","14.69M","-3.53%"
"03/18/2022","187.45","202.45","204.50","186.65","19.86M","-6.09%"
"03/21/2022","188.70","188.55","195.90","184.88","20.74M","0.67%"
"03/22/2022","177.65","187.85","188.50","176.13","17.16M","-5.86%"
"03/23/2022","185.15","181.98","185.25","176.50","20.05M","4.22%"
"03/24/2022","172.95","182.10","185.60","172.85","16.51M","-6.59%"
"03/25/2022","173.25","173.10","179.70","171.45","19.32M","0.17%"
"03/28/2022","165.30","173.35","175.18","165.10","15.99M","-4.59%"
"03/29/2022","156.85","159.90","163.65","155.86","17.65M","-5.11%"
"03/30/2022","161.60","159.15","163.90","157.00","17.49M","3.03%"
"03/31/2022","168.35","161.75","169.05","161.25","17.09M","4.18%"
"04/01/2022","168.90","167.55","173.50","166.40","18.05M","0.33%"
"04/04/2022","158.55","167.70","168.09","158.50","11.59M","-6.13%"
"04/05/2022","168.85","160.35","170.50","159.45","16.01M","6.50%"
"04/06/2022","179.90","176.70","183.85","175.10","24.50M","6.54%"
"04/07/2022","178.70","181.55","187.05","175.30","20.50M","-0.67%"
"04/08/2022","186.00","181.45","187.20","180.27","17.25M","4.09%"
"04/11/2022","199.20","193.27","200.00","191.70","16.87M","7.10%"
"04/12/2022","201.95","190.85","204.55","187.55","22.07M","1.38%"
"04/13/2022","189.80","201.45","202.75","187.82","15.86M","-6.02%"
"04/14/2022","202.70","189.55","203.10","188.60","16.27M","6.80%"
"04/18/2022","201.90","204.65","207.50","198.00","17.54M","-0.39%"
"04/19/2022","188.85","203.45","205.30","187.70","14.94M","-6.46%"
"04/20/2022","197.20","187.25","199.02","186.60","17.88M","4.42%"
"04/21/2022","209.00","190.10","210.90","185.50","23.15M","5.98%"
"04/22/2022","225.70","208.98","226.50","206.60","24.70M","7.99%"
"04/25/2022","216.90","229.20","231.85","216.30","27.11M","-3.90%"
"04/26/2022","241.00","221.10","242.05","220.75","25.39M","11.11%"
"04/27/2022","242.30","241.27","246.40","228.30","29.15M","0.54%"
"04/28/2022","216.75","230.60","240.55","212.23","28.62M","-10.54%"
"04/29/2022","245.15","225.20","247.05","218.10","25.08M","13.10%"
"05/02/2022","233.20","246.80","254.33","233.00","32.14M","-4.87%"
"05/03/2022","232.65","233.50","238.95","227.60","23.83M","-0.24%"
"05/04/2022","208.95","231.65","243.55","207.63","32.90M","-10.19%"
"05/05/2022","239.75","217.65","247.05","217.40","35.05M","14.74%"
"05/06/2022","249.05","245.50","258.95","235.85","40.13M","3.88%"
"05/09/2022","278.05","263.35","281.95","257.25","33.02M","11.64%"
"05/10/2022","268.25","257.80","280.10","254.40","37.79M","-3.52%"
"05/11/2022","292.15","274.60","294.58","259.55","34.91M","8.91%"
"05/12/2022","293.80","305.55","313.05","280.45","35.14M","0.56%"
"05/13/2022","262.20","280.55","285.55","258.40","25.29M","-10.76%"
"05/16/2022","270.25","266.25","274.00","260.85","22.02M","3.07%"
"05/17/2022","249.75","254.35","264.95","248.65","23.92M","-7.59%"
"05/18/2022","286.05","261.00","289.60","259.20","26.08M","14.53%"
"05/19/2022","291.30","292.05","297.00","276.70","32.02M","1.84%"
"05/20/2022","293.65","280.17","319.30","278.20","34.34M","0.81%"
"05/23/2022","279.05","290.50","297.95","278.00","22.18M","-4.97%"
"05/24/2022","296.70","294.40","311.15","292.27","27.70M","6.33%"
"05/25/2022","284.50","301.60","302.30","277.75","21.88M","-4.11%"
"05/26/2022","260.80","286.65","287.60","256.10","19.82M","-8.33%"
"05/27/2022","235.05","252.35","252.60","234.82","19.58M","-9.87%"
"05/31/2022","236.55","235.07","246.05","230.10","24.56M","0.64%"
"06/01/2022","242.50","231.95","247.50","226.95","25.06M","2.52%"
"06/02/2022","222.50","245.05","248.50","222.00","22.16M","-8.25%"
"06/03/2022","239.80","233.75","242.50","230.65","24.97M","7.78%"
"06/06/2022","237.25","229.05","241.10","225.25","19.92M","-1.06%"
"06/07/2022","231.25","245.27","247.85","229.35","19.22M","-2.53%"
"06/08/2022","236.00","233.05","238.10","226.90","15.22M","2.05%"
"06/09/2022","255.15","240.20","255.55","233.00","22.38M","8.11%"
"06/10/2022","282.60","269.85","283.40","266.80","27.77M","10.76%"
"06/13/2022","321.05","309.05","324.20","301.30","31.15M","13.61%"
"06/14/2022","319.15","313.35","328.80","310.15","24.12M","-0.59%"
"06/15/2022","295.85","307.60","317.40","281.90","28.40M","-7.30%"
"06/16/2022","330.45","318.75","338.45","317.15","26.02M","11.70%"
"06/17/2022","319.80","328.90","335.20","310.45","24.58M","-3.22%"
"06/21/2022","295.90","303.80","304.15","287.50","16.38M","-7.47%"
"06/22/2022","296.95","303.95","305.70","282.80","20.30M","0.35%"
"06/23/2022","284.25","289.00","298.20","281.10","20.16M","-4.28%"
"06/24/2022","255.05","275.35","275.95","255.00","17.34M","-10.27%"
"06/27/2022","260.00","250.90","263.20","249.55","16.86M","1.94%"
"06/28/2022","283.85","258.90","284.55","251.70","23.57M","9.17%"
"06/29/2022","283.25","284.60","292.15","278.55","22.38M","-0.21%"
"06/30/2022","294.20","292.40","307.35","283.10","28.19M","3.87%"
"07/01/2022","288.10","298.10","304.20","286.85","21.04M","-2.07%"
"07/05/2022","273.30","299.90","304.70","273.10","22.46M","-5.14%"
"07/06/2022","268.25","272.30","277.25","262.00","18.37M","-1.85%"
"07/07/2022","251.40","265.70","265.70","249.05","15.81M","-6.28%"
"07/08/2022","250.20","258.55","260.95","246.55","20.36M","-0.48%"
"07/11/2022","266.20","256.55","268.45","255.80","17.79M","6.39%"
"07/12/2022","273.90","262.80","278.40","257.25","20.64M","2.89%"
"07/13/2022","275.60","290.25","291.80","268.65","27.42M","0.62%"
"07/14/2022","272.65","283.48","292.55","270.17","22.93M","-1.07%"
"07/15/2022","258.20","263.80","268.80","257.65","19.88M","-5.30%"
"07/18/2022","264.45","250.40","267.55","246.60","22.04M","2.42%"
"07/19/2022","240.75","254.30","258.85","239.31","20.25M","-8.96%"
"07/20/2022","228.80","239.10","240.98","225.77","23.83M","-4.96%"
"07/21/2022","219.00","227.75","233.85","218.90","23.90M","-4.28%"
"07/22/2022","230.40","221.00","234.50","216.45","24.28M","5.21%"
"07/25/2022","234.15","230.50","239.19","229.35","18.91M","1.63%"
"07/26/2022","248.10","238.60","250.25","238.02","18.32M","5.96%"
"07/27/2022","217.35","236.45","238.00","212.35","25.82M","-12.39%"
"07/28/2022","210.65","217.40","225.50","209.35","22.51M","-3.08%"
"07/29/2022","199.15","207.35","210.35","197.25","23.66M","-5.46%"
"08/01/2022","199.45","202.60","204.70","192.80","25.08M","0.15%"
"08/02/2022","201.40","204.05","206.05","193.30","28.80M","0.98%"
"08/03/2022","185.30","198.00","198.20","183.30","24.87M","-7.99%"
"08/04/2022","182.50","184.98","188.70","181.90","23.77M","-1.51%"
"08/05/2022","186.90","191.35","192.65","183.45","27.33M","2.41%"
"08/08/2022","188.75","185.25","191.43","178.80","24.29M","0.99%"
"08/09/2022","195.10","192.27","198.20","191.75","22.18M","3.36%"
"08/10/2022","179.15","181.45","186.10","178.40","21.79M","-8.18%"
"08/11/2022","181.70","175.10","183.30","171.70","24.70M","1.42%"
"08/12/2022","171.45","178.55","180.75","171.15","18.10M","-5.64%"
"08/15/2022","167.25","172.98","173.10","166.50","17.79M","-2.45%"
"08/16/2022","168.45","168.85","173.25","165.25","21.79M","0.72%"
"08/17/2022","174.40","173.40","177.55","169.80","25.45M","3.53%"
"08/18/2022","173.20","174.55","177.15","171.23","18.05M","-0.69%"
"08/19/2022","183.30","178.15","184.60","177.10","21.47M","5.83%"
"08/22/2022","197.70","190.95","199.30","190.45","21.10M","7.86%"
"08/23/2022","198.40","198.45","199.90","192.90","20.78M","0.35%"
"08/24/2022","196.70","199.35","200.50","193.15","16.08M","-0.86%"
"08/25/2022","186.50","193.40","195.45","186.40","17.32M","-5.19%"
"08/26/2022","209.30","186.95","209.55","184.80","33.28M","12.23%"
"08/29/2022","215.60","215.40","217.95","210.00","26.61M","3.01%"
"08/30/2022","222.65","212.07","228.45","210.80","31.19M","3.27%"
"08/31/2022","226.95","216.20","227.09","214.25","27.13M","1.93%"
"09/01/2022","226.60","232.90","241.40","225.80","33.39M","-0.15%"
"09/02/2022","236.15","220.02","240.20","216.90","35.54M","4.21%"
"09/06/2022","241.45","235.40","246.88","233.05","29.43M","2.24%"
"09/07/2022","227.10","240.55","241.05","224.45","24.42M","-5.94%"
"09/08/2022","223.45","231.90","235.00","220.50","30.36M","-1.61%"
"09/09/2022","209.20","218.55","218.55","207.85","27.19M","-6.38%"
"09/12/2022","201.55","206.05","206.75","200.85","23.92M","-3.66%"
"09/13/2022","234.80","219.05","236.55","216.61","36.14M","16.50%"
"09/14/2022","229.20","231.95","236.25","226.95","29.12M","-2.39%"
"09/15/2022","240.70","233.90","244.50","228.10","33.25M","5.02%"
"09/16/2022","245.60","249.35","254.45","244.20","35.40M","2.04%"
"09/19/2022","239.60","252.05","252.30","239.15","24.25M","-2.44%"
"09/20/2022","245.40","245.85","251.15","239.60","23.83M","2.42%"
"09/21/2022","258.90","243.15","258.95","232.05","36.14M","5.50%"
"09/22/2022","268.40","263.15","271.75","260.20","30.38M","3.67%"
"09/23/2022","281.30","275.65","291.55","274.80","34.76M","4.81%"
"09/26/2022","284.85","283.15","287.50","269.30","32.63M","1.26%"
"09/27/2022","284.65","274.20","292.20","266.80","30.07M","-0.07%"
"09/28/2022","268.40","284.85","289.70","263.85","27.07M","-5.71%"
"09/29/2022","290.75","279.77","300.10","278.72","32.21M","8.33%"
"09/30/2022","306.60","294.13","306.75","280.80","31.82M","5.45%"
"10/03/2022","284.85","300.00","305.45","279.20","25.26M","-7.09%"
"10/04/2022","258.30","267.65","267.75","255.80","27.59M","-9.32%"
"10/05/2022","258.05","268.60","276.15","253.40","27.68M","-0.10%"
"10/06/2022","264.85","261.40","265.75","252.70","26.84M","2.64%"
"10/07/2022","295.35","278.48","299.10","278.05","31.07M","11.52%"
"10/10/2022","304.65","294.50","313.15","293.30","28.35M","3.15%"
"10/11/2022","316.00","309.98","322.50","299.95","31.47M","3.73%"
"10/12/2022","316.75","314.45","319.70","307.35","25.72M","0.24%"
"10/13/2022","295.55","344.40","347.75","289.95","45.13M","-6.69%"
"10/14/2022","321.90","287.35","323.67","285.25","33.95M","8.92%"
"10/17/2022","290.00","298.95","299.20","286.50","28.08M","-9.91%"
"10/18/2022","282.95","266.55","291.65","264.35","33.04M","-2.43%"
"10/19/2022","285.80","287.75","293.54","276.05","28.93M","1.01%"
"10/20/2022","290.95","289.20","294.35","272.50","29.23M","1.80%"
"10/21/2022","270.40","294.30","298.14","268.60","33.27M","-7.06%"
"10/24/2022","261.20","269.55","280.40","258.50","29.22M","-3.40%"
"10/25/2022","245.55","258.70","258.70","244.20","24.18M","-5.99%"
"10/26/2022","261.60","260.25","262.80","245.90","32.52M","6.54%"
"10/27/2022","276.00","264.98","277.50","260.75","27.39M","5.50%"
"10/28/2022","250.90","278.15","278.45","249.25","29.47M","-9.09%"
"10/31/2022","259.50","256.90","264.67","254.68","23.09M","3.43%"
"11/01/2022","267.45","249.68","268.55","248.00","23.76M","3.06%"
"11/02/2022","295.20","267.70","295.30","258.50","38.53M","10.38%"
"11/03/2022","312.25","304.25","314.05","299.30","27.89M","5.78%"
"11/04/2022","297.75","294.30","317.85","287.55","34.63M","-4.64%"
"11/07/2022","288.30","294.20","301.63","286.10","19.58M","-3.17%"
"11/08/2022","282.00","283.10","294.90","271.05","24.91M","-2.19%"
"11/09/2022","301.85","287.95","302.70","285.35","24.61M","7.04%"
"11/10/2022","235.40","258.13","265.55","234.00","36.26M","-22.01%"
"11/11/2022","221.85","235.30","238.69","220.10","27.98M","-5.76%"
"11/14/2022","227.60","226.70","230.00","218.90","25.37M","2.59%"
"11/15/2022","218.35","211.40","226.45","208.95","37.30M","-4.06%"
"11/16/2022","227.25","222.85","229.23","222.10","25.99M","4.08%"
"11/17/2022","228.95","238.35","238.75","225.46","26.57M","0.75%"
"11/18/2022","229.15","221.73","235.15","221.50","22.25M","0.09%"
"11/21/2022","236.20","232.75","238.35","229.75","19.61M","3.08%"
"11/22/2022","226.60","234.55","240.00","225.80","16.01M","-4.06%"
"11/23/2022","219.70","226.35","226.85","218.10","19.98M","-3.05%"
"11/25/2022","224.15","223.45","225.25","221.85","7.46M","2.03%"
"11/28/2022","234.15","229.05","236.30","224.10","17.03M","4.46%"
"11/29/2022","239.60","233.60","243.02","232.60","18.77M","2.33%"
"11/30/2022","206.90","238.95","241.15","206.60","30.16M","-13.65%"
"12/01/2022","206.25","206.30","212.20","202.35","18.66M","-0.31%"
"12/02/2022","208.95","217.15","217.64","206.85","24.18M","1.31%"
"12/05/2022","219.25","213.45","222.60","210.70","19.19M","4.93%"
"12/06/2022","232.90","219.90","236.45","219.50","21.62M","6.23%"
"12/07/2022","236.20","236.35","240.45","231.00","26.45M","1.42%"
"12/08/2022","228.00","232.85","238.25","225.50","22.29M","-3.47%"
"12/09/2022","232.45","230.60","233.65","223.80","24.73M","1.95%"
"12/12/2022","223.85","232.05","234.74","223.65","17.80M","-3.70%"
"12/13/2022","216.70","197.80","223.20","197.40","35.91M","-3.19%"
"12/14/2022","222.15","218.00","229.05","210.50","31.43M","2.51%"
"12/15/2022","243.90","231.57","247.00","229.90","26.63M","9.79%"
"12/16/2022","251.20","246.05","255.60","241.90","23.64M","2.99%"
"12/19/2022","261.55","250.80","265.45","250.43","20.21M","4.12%"
"12/20/2022","262.65","265.60","270.23","257.50","19.54M","0.42%"
"12/21/2022","251.50","259.65","262.25","247.50","18.76M","-4.25%"
"12/22/2022","268.75","259.60","281.27","259.15","23.00M","6.86%"
"12/23/2022","267.50","273.70","279.40","265.70","21.84M","-0.47%"
"12/27/2022","279.05","269.73","280.85","269.30","18.30M","4.32%"
"12/28/2022","290.35","280.73","291.45","273.25","21.02M","4.05%"
"12/29/2022","269.30","281.20","283.69","266.35","16.56M","-7.25%"
"12/30/2022","270.05","278.30","282.30","269.80","17.18M","0.28%"
"01/03/2023","275.75","262.95","282.83","258.40","17.14M","2.11%"
"01/04/2023","272.05","269.20","281.95","266.55","23.56M","-1.34%"
"01/05/2023","284.65","277.45","285.95","276.90","20.27M","4.63%"
"01/06/2023","262.00","279.60","289.20","257.65","25.60M","-7.96%"
"01/09/2023","256.40","255.70","258.35","242.65","20.73M","-2.14%"
"01/10/2023","250.15","259.65","261.10","249.85","19.41M","-2.44%"
"01/11/2023","237.30","247.20","249.40","237.00","17.34M","-5.14%"
"01/12/2023","233.70","236.35","247.45","231.13","32.18M","-1.52%"
"01/13/2023","229.05","240.25","241.18","228.45","19.87M","-1.99%"
"01/17/2023","228.10","229.80","232.60","224.60","16.92M","-0.41%"
"01/18/2023","236.70","224.00","237.29","220.25","24.56M","3.77%"
"01/19/2023","244.10","241.30","247.25","238.35","22.42M","3.13%"
"01/20/2023","223.95","239.80","242.65","223.35","21.71M","-8.25%"
"01/23/2023","209.20","222.20","223.95","206.30","24.11M","-6.59%"
"01/24/2023","210.65","213.00","214.10","208.05","19.16M","0.69%"
"01/25/2023","212.10","220.80","226.45","210.75","27.21M","0.69%"
"01/26/2023","199.95","204.55","210.63","199.60","24.50M","-5.73%"
"01/27/2023","194.25","202.85","203.05","190.00","25.24M","-2.85%"
"01/30/2023","206.00","200.77","206.60","197.85","24.04M","6.05%"
"01/31/2023","196.80","205.85","206.15","196.50","19.82M","-4.47%"
"02/01/2023","184.20","197.25","201.40","179.15","38.74M","-6.40%"
"02/02/2023","165.05","172.25","173.74","161.00","43.27M","-10.40%"
"02/03/2023","173.35","175.35","176.00","163.60","42.50M","5.03%"
"02/06/2023","177.90","178.02","180.20","173.95","25.51M","2.62%"
"02/07/2023","166.90","178.20","180.20","164.90","39.00M","-6.18%"
"02/08/2023","175.80","169.15","177.00","167.55","28.94M","5.33%"
"02/09/2023","180.65","168.32","183.35","168.00","30.95M","2.76%"
"02/10/2023","184.35","184.85","188.80","181.05","31.88M","2.05%"
"02/13/2023","175.50","181.80","184.10","174.50","21.75M","-4.80%"
"02/14/2023","171.80","178.55","181.95","170.10","41.29M","-2.11%"
"02/15/2023","167.90","175.07","176.20","167.70","24.47M","-2.27%"
"02/16/2023","177.50","175.93","177.90","169.25","31.82M","5.72%"
"02/17/2023","181.45","181.65","186.90","180.13","30.03M","2.23%"
"02/21/2023","194.35","188.60","194.75","186.00","25.11M","7.11%"
"02/22/2023","194.20","193.35","197.50","189.95","28.25M","-0.08%"
"02/23/2023","189.25","187.00","197.75","186.65","27.11M","-2.55%"
"02/24/2023","198.95","199.15","202.35","196.77","31.10M","5.13%"
"02/27/2023","194.65","192.30","195.90","189.46","22.26M","-2.16%"
"02/28/2023","195.65","196.10","196.75","190.50","21.82M","0.51%"
"03/01/2023","200.35","196.25","202.40","194.90","27.09M","2.40%"
"03/02/2023","195.65","205.90","206.48","193.90","25.33M","-2.35%"
"03/03/2023","183.65","192.15","193.20","183.10","22.04M","-6.13%"
"03/06/2023","183.00","181.35","183.40","175.75","23.38M","-0.35%"
"03/07/2023","189.80","183.05","191.00","181.30","31.66M","3.72%"
"03/08/2023","187.05","189.10","192.70","185.90","26.52M","-1.45%"
"03/09/2023","197.25","186.30","198.63","181.40","32.58M","5.45%"
"03/10/2023","205.40","196.85","207.70","193.75","54.21M","4.13%"
"03/13/2023","200.95","209.50","212.85","192.99","50.44M","-2.17%"
"03/14/2023","187.30","193.63","195.40","186.10","35.10M","-6.79%"
"03/15/2023","184.65","192.35","195.15","183.80","43.55M","-1.41%"
"03/16/2023","170.10","186.60","187.85","169.40","34.96M","-7.88%"
"03/17/2023","172.45","170.25","175.90","166.20","33.03M","1.38%"
"03/20/2023","170.85","173.75","177.55","170.30","23.28M","-0.93%"
"03/21/2023","163.70","167.60","170.20","162.82","21.05M","-4.18%"
"03/22/2023","169.30","162.77","169.50","154.90","35.94M","3.42%"
"03/23/2023","163.45","163.13","168.00","156.12","37.97M","-3.46%"
"03/24/2023","161.70","164.25","167.95","161.55","29.74M","-1.07%"
"03/27/2023","165.05","160.65","166.45","158.96","21.93M","2.07%"
"03/28/2023","167.75","166.07","171.60","166.07","22.01M","1.64%"
"03/29/2023","158.80","161.70","163.10","157.70","24.03M","-5.34%"
"03/30/2023","154.40","155.10","157.05","153.40","23.07M","-2.77%"
"03/31/2023","146.80","154.13","154.55","146.45","27.97M","-4.92%"
"04/03/2023","147.80","149.75","151.63","147.50","22.21M","0.68%"
"04/04/2023","149.35","147.35","151.20","145.90","22.49M","1.05%"
"04/05/2023","154.20","151.10","156.75","150.82","23.72M","3.25%"
"04/06/2023","151.05","156.70","158.75","150.40","23.12M","-2.04%"
"04/10/2023","151.45","155.45","158.00","151.35","17.59M","0.26%"
"04/11/2023","154.40","151.55","155.15","151.46","17.64M","1.95%"
"04/12/2023","158.45","151.60","159.30","150.70","29.12M","2.62%"
"04/13/2023","149.50","156.10","156.36","148.75","24.71M","-5.65%"
"04/14/2023","150.35","151.75","154.55","147.90","28.32M","0.57%"
"04/17/2023","150.15","151.05","153.95","149.55","19.34M","-0.13%"
"04/18/2023","150.10","147.10","151.85","146.50","18.29M","-0.03%"
"04/19/2023","150.35","153.65","153.80","148.85","20.39M","0.17%"
"04/20/2023","154.05","154.85","155.90","149.80","28.34M","2.46%"
"04/21/2023","153.65","154.70","157.32","152.50","23.25M","-0.26%"
"04/24/2023","154.65","154.05","157.90","152.05","21.78M","0.65%"
"04/25/2023","163.45","157.15","163.65","156.20","26.22M","5.69%"
"04/26/2023","160.75","158.10","161.45","155.75","26.30M","-1.65%"
"04/27/2023","147.80","154.90","155.95","146.90","28.40M","-8.06%"
"04/28/2023","144.80","148.10","149.70","144.60","27.66M","-2.03%"
"05/01/2023","145.25","145.40","146.75","143.40","18.04M","0.31%"
"05/02/2023","149.05","145.45","151.50","145.00","27.51M","2.62%"
"05/03/2023","152.10","148.70","152.25","144.90","30.53M","2.05%"
"05/04/2023","153.90","152.65","155.45","150.95","27.87M","1.18%"
"05/05/2023","144.20","150.70","151.25","143.00","22.36M","-6.30%"
"05/08/2023","143.20","144.95","146.40","142.75","15.26M","-0.69%"
"05/09/2023","146.00","145.55","146.45","144.35","14.24M","1.96%"
"05/10/2023","141.35","142.70","146.10","140.10","27.77M","-3.18%"
"05/11/2023","140.20","140.80","142.85","139.40","21.98M","-0.81%"
"05/12/2023","141.70","139.55","144.43","139.00","20.30M","1.07%"
"05/15/2023","139.50","141.15","143.20","139.20","17.35M","-1.55%"
"05/16/2023","139.05","140.55","140.55","136.85","19.94M","-0.32%"
"05/17/2023","134.05","137.80","139.30","133.30","22.48M","-3.60%"
"05/18/2023","126.90","133.75","133.80","126.55","29.27M","-5.33%"
"05/19/2023","127.80","126.65","128.95","125.80","23.16M","0.71%"
"05/22/2023","126.50","128.05","128.10","125.32","15.98M","-1.02%"
"05/23/2023","131.35","128.50","131.80","127.25","22.29M","3.83%"
"05/24/2023","133.35","133.75","135.95","131.95","26.19M","1.52%"
"05/25/2023","124.00","124.60","127.65","122.40","29.80M","-7.01%"
"05/26/2023","114.55","122.90","123.00","113.60","32.86M","-7.62%"
"05/30/2023","112.95","110.25","114.40","109.10","27.63M","-1.40%"
"05/31/2023","115.30","114.60","116.40","112.60","25.79M","2.08%"
"06/01/2023","111.10","115.35","116.45","109.75","23.54M","-3.64%"
"06/02/2023","108.70","109.45","111.18","107.55","23.73M","-2.16%"
"06/05/2023","108.50","108.85","109.45","106.10","24.80M","-0.18%"
"06/06/2023","108.60","109.10","110.40","107.70","18.68M","0.09%"
"06/07/2023","114.20","108.40","114.80","106.56","28.17M","5.16%"
"06/08/2023","110.25","114.05","114.30","109.60","21.36M","-3.46%"
"06/09/2023","108.93","108.80","110.30","105.95","23.69M","-1.20%"
"06/12/2023","103.45","107.40","108.30","103.30","21.01M","-5.03%"
"06/13/2023","101.10","101.05","103.88","100.35","28.27M","-2.27%"
"06/14/2023","98.90","101.10","103.50","98.70","32.97M","-2.18%"
"06/15/2023","95.65","100.15","100.65","94.30","33.42M","-3.29%"
"06/16/2023","97.45","93.75","97.80","93.65","25.52M","1.88%"
"06/20/2023","97.85","98.68","100.30","96.75","22.27M","0.41%"
"06/21/2023","100.45","97.55","101.30","97.20","25.01M","2.66%"
"06/22/2023","97.10","101.75","102.10","97.05","23.79M","-3.33%"
"06/23/2023","100.10","100.40","101.47","98.20","25.16M","3.09%"
"06/26/2023","104.05","100.55","104.20","98.25","21.94M","3.95%"
"06/27/2023","98.90","102.85","103.50","98.20","23.69M","-4.95%"
"06/28/2023","98.25","100.35","100.45","96.70","26.45M","-0.66%"
"06/29/2023","99.00","98.65","100.40","98.10","22.80M","0.76%"
"06/30/2023","94.55","96.05","96.35","93.65","24.16M","-4.49%"
"07/03/2023","93.95","94.10","94.95","93.45","8.48M","-0.63%"
"07/05/2023","93.95","95.20","95.20","92.65","17.53M","0.00%"
"07/06/2023","96.20","96.95","98.50","95.90","20.98M","2.39%"
"07/07/2023","97.25","96.50","97.45","93.95","19.51M","1.09%"
"07/10/2023","97.15","97.55","99.60","96.65","19.25M","-0.10%"
"07/11/2023","95.80","96.90","98.65","95.45","17.73M","-1.39%"
"07/12/2023","92.20","92.60","94.20","91.15","26.58M","-3.76%"
"07/13/2023","87.70","89.95","90.40","87.05","23.18M","-4.88%"
"07/14/2023","87.75","87.40","88.40","85.15","24.17M","0.06%"
"07/17/2023","85.40","87.32","87.65","84.75","17.16M","-2.68%"
"07/18/2023","83.30","85.85","87.15","82.35","23.80M","-2.46%"
"07/19/2023","83.30","82.65","84.30","81.90","23.97M","0.00%"
"07/20/2023","89.25","85.50","89.98","84.50","29.48M","7.14%"
"07/21/2023","90.15","87.60","90.45","87.05","26.57M","1.01%"
"07/24/2023","89.70","89.50","91.15","88.75","16.72M","-0.50%"
"07/25/2023","87.90","89.25","89.30","86.75","16.74M","-2.01%"
"07/26/2023","88.80","88.75","90.50","87.65","24.43M","1.02%"
"07/27/2023","89.65","85.05","90.60","83.90","33.17M","0.96%"
"07/28/2023","84.80","86.75","87.10","84.05","31.25M","-5.41%"
"07/31/2023","84.55","84.63","85.60","83.90","17.24M","-0.29%"
"08/01/2023","85.30","85.65","86.75","84.80","21.62M","0.89%"
"08/02/2023","90.90","87.75","91.85","87.70","35.15M","6.57%"
"08/03/2023","91.60","92.90","93.00","89.95","28.25M","0.77%"
"08/04/2023","92.85","90.15","93.25","88.45","32.17M","1.36%"
"08/07/2023","90.55","91.60","93.35","90.50","21.63M","-2.48%"
"08/08/2023","92.95","92.50","95.25","92.50","23.97M","2.65%"
"08/09/2023","96.00","92.75","96.65","92.65","28.50M","3.28%"
"08/10/2023","95.65","93.75","96.85","91.05","35.50M","-0.36%"
"08/11/2023","97.55","97.78","98.75","96.20","26.87M","1.99%"
"08/14/2023","94.30","98.25","98.85","94.22","26.69M","-3.33%"
"08/15/2023","97.30","95.15","97.90","94.50","23.36M","3.18%"
"08/16/2023","100.50","97.85","100.60","96.60","27.36M","3.29%"
"08/17/2023","103.90","99.45","104.30","99.20","29.27M","3.38%"
"08/18/2023","104.40","106.90","107.40","103.25","32.89M","0.48%"
"08/21/2023","99.35","103.15","103.60","98.80","26.82M","-4.84%"
"08/22/2023","99.90","97.35","100.45","97.25","23.96M","0.55%"
"08/23/2023","95.15","98.95","99.15","94.30","26.47M","-4.75%"
"08/24/2023","101.55","92.60","101.60","92.50","30.49M","6.73%"
"08/25/2023","99.10","100.78","103.75","97.66","42.80M","-2.41%"
"08/28/2023","96.90","96.75","99.00","96.15","22.13M","-2.22%"
"08/29/2023","90.70","97.15","97.40","90.35","27.35M","-6.40%"
"08/30/2023","89.15","90.57","91.35","88.75","23.87M","-1.71%"
"08/31/2023","88.55","89.30","89.30","87.25","20.75M","-0.67%"
"09/01/2023","88.85","86.85","89.95","86.55","22.69M","0.34%"
"09/05/2023","88.60","89.50","90.15","87.70","17.75M","-0.28%"
"09/06/2023","90.90","89.15","92.40","88.95","24.21M","2.60%"
"09/07/2023","93.05","94.38","95.18","92.50","23.69M","2.37%"
"09/08/2023","92.70","93.15","93.48","91.00","19.85M","-0.38%"
"09/11/2023","89.45","90.45","91.95","89.10","19.25M","-3.51%"
"09/12/2023","92.45","90.70","92.75","89.75","19.14M","3.35%"
"09/13/2023","91.50","92.40","93.25","90.25","24.16M","-1.03%"
"09/14/2023","89.40","90.35","91.85","88.65","24.41M","-2.30%"
"09/15/2023","94.10","90.40","94.70","90.10","24.73M","5.26%"
"09/18/2023","93.75","94.80","95.03","92.90","17.77M","-0.37%"
"09/19/2023","94.45","94.85","96.80","93.85","21.44M","0.75%"
"09/20/2023","96.80","92.10","96.90","91.75","23.56M","2.49%"
"09/21/2023","102.40","100.00","102.50","99.35","28.48M","5.79%"
"09/22/2023","102.35","100.90","102.65","99.05","26.78M","-0.05%"
"09/25/2023","100.90","103.25","104.13","100.85","22.98M","-1.42%"
"09/26/2023","105.50","103.20","106.40","102.75","23.87M","4.56%"
"09/27/2023","104.75","104.60","108.15","103.10","30.62M","-0.71%"
"09/28/2023","102.40","105.80","106.60","100.45","28.30M","-2.24%"
"09/29/2023","102.20","99.45","103.35","98.20","32.56M","-0.20%"
"10/02/2023","99.75","102.05","102.60","98.50","25.44M","-2.40%"
"10/03/2023","105.05","101.85","106.40","100.00","27.37M","5.31%"
"10/04/2023","100.85","104.30","104.75","100.00","29.79M","-4.00%"
"10/05/2023","101.85","100.95","104.80","100.60","24.06M","0.99%"
"10/06/2023","96.80","104.50","105.22","95.80","36.23M","-4.96%"
"10/09/2023","95.30","98.68","99.90","94.85","22.79M","-1.55%"
"10/10/2023","93.80","95.10","95.50","91.65","23.18M","-1.57%"
"10/11/2023","91.85","92.80","94.15","91.65","23.69M","-2.08%"
"10/12/2023","92.95","91.53","94.70","90.20","29.80M","1.20%"
"10/13/2023","96.50","92.45","97.55","92.05","31.78M","3.82%"
"10/16/2023","93.20","95.40","95.58","92.40","22.06M","-3.42%"
"10/17/2023","94.15","96.03","97.65","92.90","27.63M","1.02%"
"10/18/2023","98.05","96.20","99.00","94.45","29.00M","4.14%"
"10/19/2023","100.80","96.95","101.51","95.95","39.81M","2.80%"
"10/20/2023","105.40","101.35","105.60","100.85","32.42M","4.56%"
"10/23/2023","104.50","106.70","108.60","101.30","32.13M","-0.85%"
"10/24/2023","101.55","102.95","104.50","100.85","25.92M","-2.82%"
"10/25/2023","109.00","103.65","109.55","103.50","29.95M","7.34%"
"10/26/2023","115.45","110.30","116.70","109.45","37.97M","5.92%"
"10/27/2023","113.75","112.75","115.10","110.30","36.84M","-1.47%"
"10/30/2023","110.15","111.40","112.80","108.76","28.17M","-3.16%"
"10/31/2023","108.50","110.10","112.60","108.20","23.44M","-1.50%"
"11/01/2023","102.85","107.80","107.90","102.40","30.64M","-5.21%"
"11/02/2023","97.50","99.15","100.19","97.30","25.79M","-5.20%"
"11/03/2023","94.10","96.55","96.70","93.05","28.57M","-3.49%"
"11/06/2023","93.05","93.55","94.80","92.56","20.41M","-1.12%"
"11/07/2023","90.50","92.28","93.20","89.75","25.56M","-2.74%"
"11/08/2023","90.30","90.20","92.00","89.70","23.56M","-0.22%"
"11/09/2023","92.55","89.95","92.90","89.05","33.86M","2.49%"
"11/10/2023","86.40","91.25","91.70","86.20","31.59M","-6.65%"
"11/13/2023","87.20","87.45","88.55","86.45","21.14M","0.93%"
"11/14/2023","81.70","82.75","83.10","80.95","30.75M","-6.31%"
"11/15/2023","81.50","80.40","82.35","80.10","29.37M","-0.24%"
"11/16/2023","81.38","82.10","82.95","81.25","25.61M","-0.15%"
"11/17/2023","81.40","81.90","82.50","80.70","22.23M","0.03%"
"11/20/2023","78.50","81.45","81.45","78.00","22.89M","-3.56%"
"11/21/2023","79.95","79.55","81.00","79.45","21.89M","1.85%"
"11/22/2023","79.05","78.75","79.70","77.15","22.93M","-1.13%"
"11/24/2023","79.50","79.35","80.05","79.00","9.94M","0.57%"
"11/27/2023","79.65","79.80","80.25","78.45","18.26M","0.19%"
"11/28/2023","79.10","80.20","80.45","78.75","21.51M","-0.69%"
"11/29/2023","79.45","77.65","79.60","76.75","23.02M","0.44%"
"11/30/2023","80.10","79.35","81.95","79.05","27.07M","0.82%"
"12/01/2023","79.47","80.85","81.90","79.10","24.73M","-0.78%"
"12/04/2023","81.75","81.85","84.00","81.55","25.05M","2.86%"
"12/05/2023","81.15","83.03","83.15","80.40","22.74M","-0.73%"
"12/06/2023","82.60","79.35","82.85","79.25","21.65M","1.79%"
"12/07/2023","79.25","80.85","81.55","78.75","22.39M","-4.06%"
"12/08/2023","78.30","80.35","80.50","78.00","25.66M","-1.20%"
"12/11/2023","76.30","78.55","78.70","76.10","19.80M","-2.55%"
"12/12/2023","74.50","76.30","77.00","74.45","19.82M","-2.36%"
"12/13/2023","71.70","74.05","74.45","71.35","29.16M","-3.76%"
"12/14/2023","72.05","71.15","73.65","70.45","26.27M","0.49%"
"12/15/2023","71.25","71.65","71.95","70.35","23.29M","-1.11%"
"12/18/2023","69.65","70.80","71.00","69.20","19.41M","-2.25%"
"12/19/2023","68.70","69.50","69.60","68.60","16.54M","-1.36%"
"12/20/2023","70.30","67.75","70.35","66.65","26.28M","2.33%"
"12/21/2023","68.00","68.35","69.70","67.75","23.68M","-3.27%"
"12/22/2023","67.65","67.40","68.65","66.90","17.61M","-0.51%"
"12/26/2023","66.45","67.30","67.35","66.15","11.64M","-1.77%"
"12/27/2023","66.10","66.40","66.80","65.95","18.00M","-0.53%"
"12/28/2023","66.35","65.65","66.55","65.55","12.51M","0.38%"
"12/29/2023","67.25","66.45","68.20","66.25","23.91M","1.36%"
"01/02/2024","70.70","69.05","71.90","68.95","25.38M","5.13%"
"01/03/2024","72.95","72.15","73.25","71.60","26.35M","3.18%"
"01/04/2024","74.20","74.18","74.35","72.40","22.55M","1.71%"
"01/05/2024","74.00","74.20","74.80","72.45","29.20M","-0.27%"
"01/08/2024","69.45","73.35","73.45","69.30","23.10M","-6.15%"
"01/09/2024","69.10","71.05","71.20","68.60","22.15M","-0.50%"
"01/10/2024","67.70","68.95","69.45","67.20","19.53M","-2.03%"
"01/11/2024","67.45","67.25","70.00","66.50","31.01M","-0.37%"
"01/12/2024","67.35","66.95","68.10","66.55","22.65M","-0.15%"
"01/16/2024","67.45","68.00","68.75","66.65","26.77M","0.15%"
"01/17/2024","68.60","69.13","70.75","68.40","28.27M","1.70%"
"01/18/2024","65.75","67.10","67.75","65.50","32.52M","-4.15%"
"01/19/2024","61.90","64.78","65.05","61.85","32.45M","-5.86%"
"01/22/2024","61.70","61.00","62.00","60.40","22.77M","-0.32%"
"01/23/2024","60.95","61.45","62.25","60.90","18.59M","-1.22%"
"01/24/2024","59.95","59.28","60.20","58.25","34.70M","-1.64%"
"01/25/2024","59.85","59.00","60.90","58.70","28.93M","-0.17%"
"01/26/2024","60.95","60.70","61.25","59.95","22.61M","1.84%"
"01/29/2024","59.15","60.80","61.10","59.05","18.32M","-2.95%"
"01/30/2024","60.35","59.60","60.75","59.36","19.07M","2.03%"
"01/31/2024","63.90","62.30","64.00","61.40","35.45M","5.88%"
"02/01/2024","61.70","63.20","63.65","61.55","32.28M","-3.44%"
"02/02/2024","58.60","61.00","61.40","58.15","37.95M","-5.02%"
"02/05/2024","58.90","58.70","60.35","58.45","31.13M","0.51%"
"02/06/2024","59.30","58.50","60.30","58.25","24.65M","0.68%"
"02/07/2024","57.55","58.17","58.75","57.15","24.88M","-2.95%"
"02/08/2024","57.25","57.55","57.85","56.95","16.00M","-0.52%"
"02/09/2024","55.60","56.85","57.20","55.30","20.72M","-2.88%"
"02/12/2024","56.30","55.70","56.60","54.85","20.60M","1.26%"
"02/13/2024","59.00","59.45","60.25","57.90","33.46M","4.80%"
"02/14/2024","57.05","57.85","58.85","56.90","24.25M","-3.31%"
"02/15/2024","56.65","56.90","57.95","56.50","19.76M","-0.70%"
"02/16/2024","58.25","56.55","58.55","56.50","27.93M","2.82%"
"02/20/2024","59.60","59.13","61.15","58.50","29.48M","2.32%"
"02/21/2024","60.35","60.78","62.00","60.30","28.94M","1.26%"
"02/22/2024","55.10","56.65","57.00","54.70","32.18M","-8.70%"
"02/23/2024","55.60","54.55","56.00","54.20","24.19M","0.91%"
"02/26/2024","55.75","55.35","55.85","54.95","18.51M","0.27%"
"02/27/2024","55.35","55.40","56.38","55.25","20.70M","-0.72%"
"02/28/2024","56.25","56.20","56.70","55.75","20.06M","1.63%"
"02/29/2024","54.95","55.25","56.50","54.50","25.48M","-2.31%"
"03/01/2024","52.45","54.65","54.65","52.15","33.81M","-4.55%"
"03/04/2024","53.10","52.50","53.20","52.35","20.34M","1.24%"
"03/05/2024","55.95","54.22","56.85","54.22","31.80M","5.37%"
"03/06/2024","54.90","54.40","55.70","53.70","38.36M","-1.88%"
"03/07/2024","52.55","53.70","54.25","52.05","32.95M","-4.28%"
"03/08/2024","54.80","52.45","55.08","51.40","45.11M","4.28%"
"03/11/2024","55.45","55.40","56.20","55.00","27.24M","1.19%"
"03/12/2024","53.05","54.60","55.85","52.95","31.62M","-4.33%"
"03/13/2024","54.40","53.50","54.75","53.45","23.63M","2.54%"
"03/14/2024","54.80","53.95","55.90","53.75","37.47M","0.74%"
"03/15/2024","56.80","56.00","57.30","55.75","31.34M","3.65%"
"03/18/2024","55.25","54.75","55.35","53.85","28.59M","-2.73%"
"03/19/2024","54.85","56.05","56.85","54.70","29.39M","-0.72%"
"03/20/2024","52.15","53.65","54.25","52.00","33.42M","-4.92%"
"03/21/2024","51.50","50.45","51.55","50.25","27.91M","-1.25%"
"03/22/2024","51.40","51.70","52.00","50.95","20.47M","-0.19%"
"03/25/2024","51.95","52.35","52.70","51.40","16.92M","1.07%"
"03/26/2024","52.40","51.42","52.55","51.10","17.66M","0.87%"
"03/27/2024","52.00","51.50","53.10","51.40","20.61M","-0.76%"
"03/28/2024","52.40","52.05","52.50","51.80","15.02M","0.77%"
"04/01/2024","52.05","52.08","52.75","51.15","21.60M","-0.67%"
"04/02/2024","53.40","53.83","54.50","53.30","22.71M","2.59%"
"04/03/2024","53.10","54.25","54.25","52.40","22.56M","-0.56%"
"04/04/2024","55.60","51.63","55.70","51.40","30.98M","4.71%"
"04/05/2024","53.70","55.10","55.45","52.65","38.23M","-3.42%"
"04/08/2024","53.70","53.35","54.20","52.95","18.13M","0.00%"
"04/09/2024","53.05","52.85","54.85","52.70","26.15M","-1.21%"
"04/10/2024","54.50","55.05","55.25","54.20","35.77M","2.73%"
"04/11/2024","52.00","53.90","54.75","51.65","32.04M","-4.59%"
"04/12/2024","54.45","53.50","55.00","53.10","35.22M","4.71%"
"04/15/2024","57.20","53.10","57.55","53.05","40.21M","5.05%"
"04/16/2024","57.20","57.35","57.80","56.15","36.45M","0.00%"
"04/17/2024","59.30","56.45","59.75","56.45","33.77M","3.67%"
"04/18/2024","60.35","59.20","60.70","58.45","34.53M","1.77%"
"04/19/2024","64.20","61.00","64.95","60.80","43.98M","6.38%"
"04/22/2024","62.35","63.05","64.65","61.25","31.43M","-2.88%"
"04/23/2024","59.55","61.50","61.70","59.05","27.83M","-4.49%"
"04/24/2024","59.05","58.35","60.00","57.65","29.65M","-0.84%"
"04/25/2024","60.00","62.15","62.60","59.60","33.50M","1.61%"
"04/26/2024","57.15","58.65","58.95","56.55","27.46M","-4.75%"
"04/29/2024","56.55","56.40","57.65","56.15","19.54M","-1.05%"
"04/30/2024","59.75","57.25","59.80","56.65","25.87M","5.66%"
"05/01/2024","61.10","60.40","61.50","57.45","42.18M","2.26%"
"05/02/2024","58.90","59.55","61.60","58.45","28.25M","-3.60%"
"05/03/2024","55.40","55.78","56.45","54.95","30.92M","-5.94%"
"05/06/2024","53.50","54.70","55.00","53.50","18.94M","-3.43%"
"05/07/2024","53.60","53.45","53.85","52.95","20.61M","0.19%"
"05/08/2024","53.70","54.55","54.60","53.15","20.14M","0.19%"
"05/09/2024","53.40","53.67","54.35","53.20","19.44M","-0.56%"
"05/10/2024","53.05","52.90","53.65","52.25","19.97M","-0.66%"
"05/13/2024","52.75","52.40","53.25","52.35","13.80M","-0.57%"
"05/14/2024","51.70","52.90","53.00","51.55","25.45M","-1.99%"
"05/15/2024","49.35","50.90","51.45","49.25","31.12M","-4.55%"
"05/16/2024","49.70","49.50","49.80","48.85","20.56M","0.71%"
"05/17/2024","49.85","49.75","50.60","49.50","17.60M","0.30%"
"05/20/2024","48.80","49.80","49.85","48.60","19.08M","-2.11%"
"05/21/2024","48.55","49.45","49.55","48.50","11.92M","-0.51%"
"05/22/2024","48.65","48.50","49.45","48.25","17.67M","0.21%"
"05/23/2024","49.40","47.20","49.95","47.15","31.63M","1.54%"
"05/24/2024","48.00","48.90","49.15","47.60","22.44M","-2.83%"
"05/28/2024","47.45","47.65","48.45","47.45","19.34M","-1.15%"
"05/29/2024","48.45","48.83","48.85","47.95","20.83M","2.11%"
"05/30/2024","50.10","48.80","50.55","48.80","22.80M","3.41%"
"05/31/2024","50.10","50.10","53.05","49.85","32.38M","0.00%"
"06/03/2024","49.65","49.20","51.45","48.90","26.81M","-0.90%"
"06/04/2024","49.30","49.80","50.40","48.90","25.12M","-0.70%"
"06/05/2024","46.30","48.15","48.53","46.30","30.49M","-6.09%"
"06/06/2024","46.45","46.20","46.80","46.05","19.50M","0.32%"
"06/07/2024","46.60","46.60","46.95","45.80","24.07M","0.32%"
"06/10/2024","46.10","47.00","47.10","45.95","18.80M","-1.07%"
"06/11/2024","45.15","46.50","46.95","45.10","19.96M","-2.06%"
"06/12/2024","43.40","44.03","44.25","42.70","36.81M","-3.88%"
"06/13/2024","42.70","42.45","43.35","42.25","23.59M","-1.61%"
"06/14/2024","42.15","42.85","43.00","42.10","22.49M","-1.29%"
"06/17/2024","40.65","42.10","42.45","40.10","28.28M","-3.56%"
"06/18/2024","40.60","40.65","41.05","40.45","16.77M","-0.12%"
"06/20/2024","41.60","40.33","42.05","40.20","33.40M","2.46%"
"06/21/2024","42.00","41.70","42.35","41.35","25.36M","0.96%"
"06/24/2024","43.45","42.33","43.45","41.85","27.01M","3.45%"
"06/25/2024","41.95","42.90","43.15","41.85","23.31M","-3.45%"
"06/26/2024","40.90","41.40","41.50","40.80","21.94M","-2.50%"
"06/27/2024","40.65","41.00","41.25","40.25","22.59M","-0.61%"
"06/28/2024","41.40","40.50","41.50","39.30","31.15M","1.85%"
"07/01/2024","40.60","41.13","42.10","40.45","28.02M","-1.93%"
"07/02/2024","39.40","41.05","41.05","39.35","22.92M","-2.96%"
"07/03/2024","38.45","39.60","39.60","38.40","15.56M","-2.41%"
"07/05/2024","37.25","38.30","38.40","37.20","23.62M","-3.12%"
"07/08/2024","37.00","37.20","37.45","36.90","16.00M","-0.67%"
"07/09/2024","36.95","36.75","37.35","36.45","19.42M","-0.14%"
"07/10/2024","35.85","36.60","36.85","35.70","21.69M","-2.98%"
"07/11/2024","38.15","35.83","38.50","35.75","36.65M","6.42%"
"07/12/2024","37.55","38.15","38.25","36.45","29.87M","-1.57%"
"07/15/2024","37.30","37.22","37.80","36.20","31.03M","-0.67%"
"07/16/2024","37.30","37.00","38.00","36.80","26.04M","0.00%"
"07/17/2024","40.55","39.15","40.60","39.00","35.11M","8.71%"
"07/18/2024","41.15","39.70","42.00","39.60","41.84M","1.48%"
"07/19/2024","42.30","41.35","42.70","40.65","37.65M","2.79%"
"07/22/2024","40.45","40.80","41.70","40.20","36.73M","-4.37%"
"07/23/2024","40.90","40.70","41.05","39.95","25.69M","1.11%"
"07/24/2024","45.30","42.70","45.58","42.60","40.79M","10.76%"
"07/25/2024","46.85","45.25","47.65","44.00","49.76M","3.42%"
"07/26/2024","45.50","45.60","46.50","44.60","35.30M","-2.88%"
"07/29/2024","45.25","44.70","45.95","44.05","30.41M","-0.55%"
"07/30/2024","47.15","44.70","48.15","44.50","40.60M","4.20%"
"07/31/2024","42.95","44.00","44.45","42.45","48.87M","-8.91%"
"08/01/2024","46.10","42.80","47.15","41.75","58.46M","7.33%"
"08/02/2024","49.45","48.85","50.80","48.05","57.36M","7.27%"
"08/05/2024","53.95","57.50","57.95","51.65","76.57M","9.10%"
"08/06/2024","52.45","53.30","54.30","49.65","54.39M","-2.78%"
"08/07/2024","54.15","49.95","54.30","49.10","51.62M","3.24%"
"08/08/2024","49.20","51.85","53.35","48.90","44.76M","-9.14%"
"08/09/2024","48.50","49.75","50.15","48.00","33.12M","-1.42%"
"08/12/2024","48.25","48.25","49.15","45.00","25.64M","-0.52%"
"08/13/2024","44.70","46.83","46.90","44.60","31.88M","-7.36%"
"08/14/2024","44.65","44.42","45.92","43.95","31.78M","-0.11%"
"08/15/2024","41.30","42.95","43.05","41.20","32.23M","-7.50%"
"08/16/2024","41.15","41.80","42.10","40.85","24.17M","-0.36%"
"08/19/2024","39.65","41.20","41.70","39.60","25.84M","-3.65%"
"08/20/2024","39.95","39.85","40.30","39.20","28.14M","0.76%"
"08/21/2024","39.30","39.70","40.15","38.85","25.93M","-1.63%"
"08/22/2024","41.20","38.80","41.50","38.65","39.01M","4.83%"
"08/23/2024","39.90","40.17","41.20","39.20","37.26M","-3.16%"
"08/26/2024","41.15","40.10","41.65","39.85","26.50M","3.13%"
"08/27/2024","40.75","41.60","42.10","40.50","22.57M","-0.97%"
"08/28/2024","42.20","40.95","43.10","40.75","31.28M","3.56%"
"08/29/2024","42.35","41.72","42.75","40.45","39.55M","0.36%"
"08/30/2024","41.00","41.35","42.55","40.80","30.41M","-3.19%"
"09/03/2024","44.75","41.80","45.35","41.75","33.37M","9.15%"
"09/04/2024","45.05","45.65","45.95","43.95","40.57M","0.67%"
"09/05/2024","45.00","45.60","45.90","43.70","36.24M","-0.11%"
"09/06/2024","48.60","45.30","48.85","45.00","47.16M","8.00%"
"09/09/2024","46.80","47.25","48.35","46.50","33.80M","-3.70%"
"09/10/2024","45.60","46.30","47.55","45.40","32.05M","-2.56%"
"09/11/2024","42.65","45.20","47.80","42.40","53.28M","-6.47%"
"09/12/2024","41.40","42.65","43.15","41.15","36.23M","-2.93%"
"09/13/2024","40.85","41.60","41.70","40.55","25.66M","-1.33%"
"09/16/2024","41.50","41.45","42.35","41.30","23.48M","1.59%"
"09/17/2024","41.40","40.65","42.10","40.35","27.27M","-0.24%"
"09/18/2024","42.00","41.15","42.15","40.05","40.15M","1.45%"
"09/19/2024","38.80","39.03","39.60","38.05","44.51M","-7.62%"
"09/20/2024","39.15","39.10","40.10","38.80","29.74M","0.90%"
"09/23/2024","38.85","38.85","39.15","38.55","20.59M","-0.77%"
"09/24/2024","38.25","38.47","39.50","38.00","27.18M","-1.54%"
"09/25/2024","37.35","37.70","37.75","37.00","24.83M","-2.35%"
"09/26/2024","36.60","35.67","37.45","35.60","32.13M","-2.01%"
"09/27/2024","37.25","36.45","37.55","36.40","26.74M","1.78%"
"09/30/2024","36.95","37.50","38.20","36.90","31.48M","-0.81%"
"10/01/2024","38.60","37.10","39.45","37.00","43.23M","4.47%"
"10/02/2024","38.35","38.80","39.40","37.90","30.60M","-0.65%"
"10/03/2024","38.55","38.95","39.15","37.80","30.22M","0.52%"
"10/04/2024","37.15","37.17","38.40","37.05","36.89M","-3.63%"
"10/07/2024","38.40","37.65","38.70","37.35","24.45M","3.36%"
"10/08/2024","36.70","37.85","38.00","36.50","27.78M","-4.43%"
"10/09/2024","35.85","36.75","37.00","35.70","26.89M","-2.32%"
"10/10/2024","36.00","36.35","36.65","35.55","26.58M","0.42%"
"10/11/2024","35.85","36.45","36.60","35.65","20.38M","-0.42%"
"10/14/2024","34.95","35.40","35.45","34.65","22.79M","-2.51%"
"10/15/2024","36.40","34.95","36.85","34.80","36.61M","4.15%"
"10/16/2024","36.35","36.35","37.15","36.20","21.92M","-0.14%"
"10/17/2024","36.30","35.20","36.35","35.15","26.11M","-0.14%"
"10/18/2024","35.65","35.80","35.95","35.45","21.16M","-1.79%"
"10/21/2024","35.50","35.95","36.40","35.30","26.73M","-0.42%"
"10/22/2024","35.35","36.10","36.25","35.05","24.85M","-0.42%"
"10/23/2024","37.05","35.90","37.75","35.75","37.77M","4.81%"
"10/24/2024","36.20","36.20","36.80","36.00","26.76M","-2.29%"
"10/25/2024","35.55","35.60","35.75","34.45","45.04M","-1.80%"
"10/28/2024","35.55","34.88","35.60","34.85","27.41M","0.00%"
"10/29/2024","34.60","35.47","35.90","34.25","33.31M","-2.67%"
"10/30/2024","35.30","34.70","35.45","34.50","32.51M","2.02%"
"10/31/2024","38.00","36.22","38.05","36.20","42.51M","7.65%"
"11/01/2024","37.20","37.70","37.80","36.45","43.23M","-2.11%"
"11/04/2024","37.60","37.40","38.00","36.80","33.46M","1.08%"
"11/05/2024","36.15","37.25","37.25","36.00","32.15M","-3.86%"
"11/06/2024","33.25","34.35","34.58","33.05","44.23M","-8.02%"
"11/07/2024","31.69","32.69","32.70","31.52","42.13M","-4.69%"
"11/08/2024","31.63","31.84","31.95","31.49","37.80M","-0.19%"
"11/11/2024","31.69","31.41","32.23","31.37","43.33M","0.19%"
"11/12/2024","31.86","31.72","32.45","31.55","36.98M","0.54%"
"11/13/2024","32.01","31.98","32.44","31.50","46.37M","0.47%"
"11/14/2024","32.68","32.10","32.87","31.92","41.80M","2.09%"
"11/15/2024","35.09","33.82","35.48","33.78","51.86M","7.37%"
"11/18/2024","34.36","34.76","35.06","33.91","33.38M","-2.08%"
"11/19/2024","33.69","34.92","34.99","33.56","43.26M","-1.95%"
"11/20/2024","33.72","33.75","35.07","33.69","53.69M","0.09%"
"11/21/2024","33.39","33.14","34.89","33.00","61.87M","-0.98%"
"11/22/2024","33.28","33.55","33.88","33.14","32.64M","-0.33%"
"11/25/2024","33.15","32.47","33.60","32.17","32.53M","-0.39%"
"11/26/2024","32.62","32.86","33.03","32.46","24.92M","-1.60%"
"11/27/2024","33.41","32.86","34.07","32.86","28.41M","2.42%"
"11/29/2024","32.58","33.34","33.47","32.46","17.11M","-2.48%"
"12/02/2024","31.53","32.36","32.43","31.35","31.01M","-3.22%"
"12/03/2024","31.25","31.79","31.90","31.21","24.73M","-0.89%"
"12/04/2024","30.11","30.65","30.77","30.08","38.75M","-3.65%"
"12/05/2024","30.38","30.12","30.44","29.99","32.75M","0.90%"
"12/06/2024","29.59","30.30","30.33","29.56","38.37M","-2.60%"
"12/09/2024","30.31","29.77","30.50","29.64","34.15M","2.43%"
"12/10/2024","30.64","30.11","30.88","29.80","30.43M","1.09%"
"12/11/2024","28.99","29.88","29.94","28.88","48.56M","-5.39%"
"12/12/2024","29.57","29.38","29.65","29.17","36.70M","2.00%"
"12/13/2024","28.93","28.95","29.48","28.49","40.23M","-2.16%"
"12/16/2024","27.70","28.53","28.54","27.54","43.56M","-4.25%"
"12/17/2024","28.07","27.98","28.33","27.81","35.43M","1.34%"
"12/18/2024","31.10","28.19","31.36","27.91","84.96M","10.79%"
"12/19/2024","31.55","30.28","31.61","30.18","70.61M","1.45%"
"12/20/2024","30.75","32.29","32.50","29.64","80.91M","-2.54%"
"12/23/2024","29.08","29.67","30.26","29.02","36.58M","-5.43%"
"12/24/2024","27.93","28.80","28.90","27.92","22.92M","-3.95%"
"12/26/2024","28.01","28.20","28.52","27.74","28.24M","0.29%"
"12/27/2024","29.15","28.61","29.91","28.54","51.11M","4.07%"
"12/30/2024","30.34","30.35","30.97","29.70","49.43M","4.08%"
"12/31/2024","31.14","30.14","31.30","30.00","48.50M","2.64%"
"01/02/2025","31.34","30.58","32.15","30.15","60.98M","0.64%"
"01/03/2025","29.84","30.80","30.95","29.64","48.95M","-4.79%"
"01/06/2025","28.81","28.90","29.25","28.23","47.80M","-3.45%"
"01/07/2025","30.37","28.66","30.68","28.60","62.17M","5.41%"
"01/08/2025","30.35","30.40","31.21","30.08","63.34M","-0.07%"
"01/10/2025","31.83","31.08","32.42","31.07","70.69M","4.88%"
"01/13/2025","32.15","32.98","33.28","32.08","48.43M","1.01%"
"01/14/2025","32.26","31.56","32.93","31.31","52.66M","0.34%"
"01/15/2025","30.08","30.76","31.06","29.84","65.54M","-6.76%"
"01/16/2025","30.69","29.67","30.71","29.66","45.18M","2.03%"
"01/17/2025","29.19","28.99","29.71","28.89","55.77M","-4.89%"
"01/21/2025","28.70","28.76","29.50","28.50","42.92M","-1.68%"
"01/22/2025","27.61","27.95","27.99","27.23","47.63M","-3.80%"
"01/23/2025","27.44","28.01","28.10","27.42","34.69M","-0.62%"
"01/24/2025","27.93","27.43","28.18","27.30","33.42M","1.79%"
"01/27/2025","30.40","30.92","31.04","29.79","84.97M","8.84%"
"01/28/2025","29.04","30.22","30.84","28.84","54.03M","-4.47%"
"01/29/2025","29.23","28.95","29.88","28.93","57.63M","0.65%"
"01/30/2025","28.85","28.75","29.68","28.35","47.95M","-1.30%"
"01/31/2025","29.03","28.26","29.21","27.51","73.56M","0.62%"
"02/03/2025","29.72","30.50","30.92","29.28","89.17M","2.38%"
"02/04/2025","28.65","29.67","29.74","28.55","47.22M","-3.60%"
"02/05/2025","28.29","29.10","29.30","28.25","36.60M","-1.26%"
"02/06/2025","27.84","28.21","28.47","27.81","37.66M","-1.59%"
"02/07/2025","28.93","27.80","29.06","27.49","60.04M","3.92%"
"02/10/2025","27.91","28.23","28.31","27.72","44.09M","-3.53%"
"02/11/2025","28.10","28.43","28.45","27.80","41.49M","0.68%"
"02/12/2025","28.06","29.03","29.08","27.93","63.93M","-0.14%"
"02/13/2025","26.87","27.82","27.94","26.83","63.16M","-4.24%"
"02/14/2025","26.59","26.89","26.96","26.48","40.75M","-1.04%"
"02/18/2025","26.41","26.36","26.91","26.31","34.46M","-0.68%"
"02/19/2025","26.40","26.54","26.85","26.21","37.23M","-0.04%"
"02/20/2025","26.76","26.55","27.45","26.48","53.79M","1.36%"
"02/21/2025","28.44","26.63","28.51","26.62","72.28M","6.28%"
"02/24/2025","29.47","28.17","29.53","27.98","70.03M","3.62%"
"02/25/2025","30.59","29.60","31.27","29.58","74.17M","3.80%"
"02/26/2025","30.39","30.22","30.96","29.47","88.55M","-0.65%"
"02/27/2025","32.92","29.78","32.98","29.60","102.46M","8.33%"
"02/28/2025","31.40","33.03","33.66","31.30","99.40M","-4.62%"
"03/03/2025","33.43","30.82","34.14","30.53","113.84M","6.46%"
"03/04/2025","33.81","34.09","35.39","32.16","124.36M","1.14%"
"03/05/2025","32.51","33.71","34.71","32.17","98.28M","-3.85%"
"03/06/2025","35.17","34.13","35.59","33.18","96.84M","8.18%"
"03/07/2025","34.47","35.48","36.90","34.16","103.23M","-1.99%"
"03/10/2025","38.37","36.24","39.36","36.13","89.56M","11.31%"
"03/11/2025","38.80","38.64","39.92","37.05","105.53M","1.12%"
"03/12/2025","37.49","36.96","38.77","36.49","103.46M","-3.38%"
"03/13/2025","39.54","37.69","40.00","37.67","83.02M","5.47%"
"03/14/2025","36.73","38.23","38.38","36.51","92.02M","-7.11%"
"03/17/2025","36.02","36.74","37.16","35.32","75.62M","-1.93%"
"03/18/2025","37.84","36.78","38.36","36.78","68.68M","5.05%"
"03/19/2025","36.40","37.36","37.83","35.31","82.77M","-3.81%"
"03/20/2025","36.75","37.32","37.47","35.57","74.52M","0.96%"
"03/21/2025","36.40","38.01","38.28","36.28","68.49M","-0.95%"
"03/24/2025","34.13","34.75","34.90","33.89","67.05M","-6.24%"
"03/25/2025","33.52","33.95","34.14","33.48","48.98M","-1.79%"
"03/26/2025","34.86","33.27","35.18","33.10","82.71M","4.00%"
"03/27/2025","35.47","35.30","35.78","34.40","77.61M","1.75%"
"03/28/2025","38.30","35.93","38.53","35.77","86.79M","7.98%"
"03/31/2025","38.34","40.06","41.20","38.12","100.24M","0.10%"
"04/01/2025","37.44","38.77","39.47","37.22","106.25M","-2.35%"
"04/02/2025","36.60","39.02","39.09","35.83","127.99M","-2.24%"
"04/03/2025","42.53","41.20","42.64","40.36","134.90M","16.20%"
"04/04/2025","50.36","46.16","50.39","45.50","228.11M","18.41%"
"04/07/2025","50.17","55.66","57.80","43.22","226.40M","-0.38%"
"04/08/2025","52.97","45.10","55.16","43.36","214.94M","5.58%"
"04/09/2025","34.28","53.16","53.23","33.17","273.27M","-35.28%"
"04/10/2025","38.21","36.60","41.18","36.16","236.16M","11.46%"
"04/11/2025","36.22","38.65","39.51","35.82","149.27M","-5.21%"
"04/14/2025","35.45","33.78","36.60","33.66","113.99M","-2.13%"
"04/15/2025","35.34","35.22","35.77","34.32","88.30M","-0.31%"
"04/16/2025","38.54","37.44","40.04","36.60","108.01M","9.05%"
"04/17/2025","38.64","37.88","39.36","37.70","101.34M","0.26%"
"04/21/2025","41.49","40.21","42.88","39.97","73.39M","7.38%"
"04/22/2025","38.28","39.90","40.26","37.40","109.26M","-7.74%"
"04/23/2025","35.76","34.77","36.13","33.43","137.03M","-6.58%"
"04/24/2025","32.72","35.25","35.40","32.63","122.28M","-8.50%"
"04/25/2025","31.65","32.82","33.16","31.54","109.49M","-3.27%"
"04/28/2025","31.69","31.59","32.97","31.21","102.44M","0.13%"
"04/29/2025","31.08","32.16","32.28","30.90","92.00M","-1.92%"
"04/30/2025","31.06","32.74","33.66","30.77","136.84M","-0.06%"
"05/01/2025","30.01","29.59","30.09","28.83","135.47M","-3.38%"
"05/02/2025","28.61","29.04","29.36","28.23","109.72M","-4.67%"
"05/05/2025","29.14","29.35","29.45","28.59","76.20M","1.85%"
"05/06/2025","29.93","30.30","30.54","29.30","96.06M","2.71%"
"05/07/2025","29.60","29.84","30.83","29.15","119.06M","-1.10%"
"05/08/2025","28.72","28.67","29.47","27.91","112.92M","-2.97%"
"05/09/2025","28.80","28.42","29.13","28.18","76.28M","0.28%"
"05/12/2025","25.32","25.45","26.43","25.30","136.72M","-12.08%"
"05/13/2025","24.16","25.11","25.23","23.89","119.93M","-4.58%"
"05/14/2025","23.74","24.00","24.14","23.66","96.87M","-1.74%"
"05/15/2025","23.65","24.04","24.23","23.30","113.83M","-0.38%"
"05/16/2025","23.38","23.50","24.00","23.36","84.40M","-1.14%"
"05/19/2025","23.34","24.37","24.39","23.26","123.83M","-0.17%"
"05/20/2025","23.59","23.69","24.07","23.49","84.87M","1.07%"
"05/21/2025","24.56","24.13","24.82","23.22","152.55M","4.11%"
"05/22/2025","24.44","24.50","24.69","23.91","140.47M","-0.49%"
"05/23/2025","25.16","25.61","25.69","24.80","166.22M","2.95%"
"05/27/2025","23.40","24.15","24.39","23.33","110.03M","-7.00%"
"05/28/2025","23.72","23.27","23.79","23.08","82.42M","1.37%"
"05/29/2025","23.58","22.71","23.94","22.69","112.72M","-0.59%"
"05/30/2025","23.73","23.69","24.72","23.52","129.80M","0.64%"
"06/02/2025","23.18","24.00","24.18","23.15","91.92M","-2.32%"
"06/03/2025","22.64","23.15","23.27","22.46","83.05M","-2.33%"
"06/04/2025","22.48","22.58","22.84","22.34","73.76M","-0.71%"
"06/05/2025","22.99","22.30","23.26","21.94","146.16M","2.27%"
"06/06/2025","22.35","22.34","22.58","22.10","94.70M","-2.78%"
"06/09/2025","22.27","22.33","22.47","22.05","72.01M","-0.36%"
"06/10/2025","21.81","22.22","22.50","21.74","76.18M","-2.07%"
"06/11/2025","22.06","21.67","22.34","21.52","105.72M","1.15%"
"06/12/2025","21.92","22.24","22.27","21.79","89.00M","-0.63%"
"06/13/2025","22.76","22.69","22.92","22.17","150.58M","3.83%"
"06/16/2025","21.82","22.32","22.33","21.69","91.51M","-4.13%"
"06/17/2025","22.47","22.15","22.62","21.95","89.46M","2.98%"
"06/18/2025","22.50","22.38","22.71","22.06","99.44M","0.13%"
"06/20/2025","22.83","22.12","23.06","21.96","98.46M","1.47%"
"06/23/2025","22.12","22.75","23.16","22.06","128.27M","-3.11%"
"06/24/2025","21.11","21.48","21.56","21.00","82.26M","-4.57%"
"06/25/2025","20.70","20.60","20.92","20.46","68.46M","-1.94%"
"06/26/2025","20.14","20.46","20.68","20.09","67.95M","-2.71%"
"06/27/2025","19.94","20.06","20.35","19.75","90.33M","-0.99%"
"06/30/2025","19.57","19.62","19.86","19.45","59.74M","-1.86%"
"07/01/2025","20.07","19.78","20.33","19.68","89.05M","2.55%"
"07/02/2025","19.66","20.17","20.19","19.65","77.47M","-2.04%"
"07/03/2025","19.13","19.44","19.45","19.02","62.10M","-2.70%"
"07/07/2025","19.56","19.41","19.81","19.33","88.72M","2.25%"
"07/08/2025","19.53","19.43","19.67","19.36","73.72M","-0.15%"
"07/09/2025","19.13","19.33","19.47","18.99","82.01M","-2.05%"
"07/10/2025","19.21","19.08","19.50","19.03","63.72M","0.42%"
"07/11/2025","19.37","19.48","19.60","19.21","75.36M","0.83%"
"07/14/2025","19.18","19.41","19.66","19.10","69.36M","-0.98%"
"07/15/2025","19.13","18.78","19.14","18.71","85.77M","-0.26%"
"07/16/2025","19.07","19.09","19.67","19.02","110.88M","-0.31%"
"07/17/2025","18.62","19.01","19.10","18.58","82.04M","-2.36%"
"07/18/2025","18.70","18.52","18.83","18.50","81.23M","0.43%"
"07/21/2025","18.42","18.63","18.63","18.24","79.56M","-1.50%"
"07/22/2025","18.71","18.42","18.98","18.42","91.51M","1.57%"
"07/23/2025","18.47","18.62","18.90","18.47","86.49M","-1.28%"
"07/24/2025","18.35","18.36","18.54","18.24","75.92M","-0.65%"
"07/25/2025","18.25","18.40","18.46","18.13","67.76M","-0.54%"
"07/28/2025","18.08","18.13","18.22","18.00","64.69M","-0.93%"
"07/29/2025","18.17","17.85","18.26","17.72","90.94M","0.50%"
"07/30/2025","18.10","18.10","18.41","17.87","104.69M","-0.39%"
"07/31/2025","18.42","17.50","18.52","17.49","129.10M","1.77%"
"08/01/2025","19.52","19.04","19.77","19.02","183.57M","5.97%"
"08/04/2025","18.45","18.99","19.01","18.43","116.80M","-5.48%"
"08/05/2025","18.84","18.34","18.90","18.22","113.79M","2.11%"
"08/06/2025","18.13","18.76","18.82","18.09","118.23M","-3.77%"
"08/07/2025","17.95","17.74","18.36","17.57","122.22M","-0.97%"
"08/08/2025","17.48","17.88","17.90","17.46","103.59M","-2.65%"
"08/11/2025","17.66","17.48","17.77","17.29","82.09M","1.03%"
"08/12/2025","16.98","17.44","17.69","16.96","113.91M","-3.85%"
"08/13/2025","16.96","16.76","17.09","16.71","92.32M","-0.12%"
"08/14/2025","17.01","17.15","17.19","16.84","118.97M","0.29%"
"08/15/2025","17.27","17.05","17.42","17.05","108.02M","1.53%"
"08/18/2025","17.29","17.35","17.46","17.23","75.42M","0.12%"
"08/19/2025","18.00","17.36","18.10","17.34","115.50M","4.11%"
"08/20/2025","18.33","18.11","19.00","18.09","156.05M","1.83%"
"08/21/2025","18.59","18.50","18.82","18.28","107.39M","1.42%"
"08/22/2025","17.75","18.48","18.62","17.56","135.57M","-4.52%"
"08/25/2025","17.92","17.91","18.03","17.64","67.38M","0.96%"
"08/26/2025","17.70","17.98","18.08","17.68","63.74M","-1.23%"
"08/27/2025","17.63","17.81","17.93","17.56","65.06M","-0.40%"
"08/28/2025","17.31","17.59","17.75","17.23","82.61M","-1.82%"
"08/29/2025","17.95","17.57","18.12","17.53","96.34M","3.70%"
"09/02/2025","18.40","18.81","18.99","18.38","115.55M","2.51%"
"09/03/2025","17.99","18.07","18.31","17.82","101.67M","-2.23%"
"09/04/2025","17.49","17.93","18.09","17.47","84.90M","-2.78%"
"09/05/2025","17.45","17.05","17.87","16.99","129.84M","-0.23%"
"09/08/2025","17.20","17.25","17.31","17.02","79.53M","-1.43%"
"09/09/2025","17.06","17.15","17.38","17.03","75.75M","-0.81%"
"09/10/2025","17.05","16.79","17.25","16.78","96.16M","-0.06%"
"09/11/2025","16.76","16.84","16.99","16.70","90.90M","-1.70%"
"09/12/2025","16.56","16.72","16.79","16.46","75.18M","-1.19%"
"09/15/2025","16.14","16.43","16.43","16.14","86.98M","-2.54%"
"09/16/2025","16.19","16.08","16.26","16.06","65.31M","0.31%"
"09/17/2025","16.30","16.21","16.76","16.16","159.52M","0.68%"
"09/18/2025","15.86","15.90","16.07","15.63","127.59M","-2.70%"
"09/19/2025","15.55","15.73","15.84","15.50","100.44M","-1.95%"
"09/22/2025","15.29","15.64","15.64","15.24","87.10M","-1.67%"
"09/23/2025","15.60","15.29","15.70","15.27","101.86M","2.03%"
"09/24/2025","15.53","15.27","15.75","15.24","102.50M","-0.45%"
"09/25/2025","15.74","15.84","16.13","15.61","162.48M","1.35%"
"09/26/2025","15.55","15.70","15.96","15.54","103.60M","-1.21%"
"09/29/2025","15.34","15.32","15.46","15.10","100.64M","-1.35%"
"09/30/2025","15.23","15.39","15.56","15.21","107.23M","-0.72%"
"10/01/2025","15.01","15.48","15.55","14.98","112.49M","-1.44%"
"10/02/2025","14.84","14.75","15.05","14.74","101.18M","-1.13%"
"10/03/2025","15.05","14.80","15.19","14.74","124.18M","1.42%"
"10/06/2025","14.71","14.67","14.85","14.59","103.56M","-2.26%"
"10/07/2025","14.95","14.63","15.06","14.58","113.62M","1.63%"
"10/08/2025","14.44","14.89","14.91","14.42","109.63M","-3.41%"
"10/09/2025","14.50","14.45","14.73","14.44","112.52M","0.42%"
"10/10/2025","16.03","14.48","16.07","14.35","294.84M","10.55%"
"10/13/2025","15.02","15.20","15.41","14.94","159.38M","-6.30%"
"10/14/2025","15.31","15.52","15.91","14.97","190.62M","1.93%"
"10/15/2025","15.01","14.87","15.49","14.66","159.86M","-1.96%"
"10/16/2025","15.17","14.80","15.51","14.55","180.80M","1.07%"
"10/17/2025","14.89","15.35","15.47","14.77","200.47M","-1.85%"
"10/20/2025","14.33","14.67","14.67","14.25","104.46M","-3.76%"
"10/21/2025","14.35","14.34","14.50","14.26","88.50M","0.14%"
"10/22/2025","14.79","14.40","15.18","14.36","174.68M","3.07%"
"10/23/2025","14.40","14.82","14.85","14.35","117.78M","-2.64%"
"10/24/2025","13.96","14.05","14.11","13.87","136.91M","-3.06%"