Date,Price,Open,High,Low,Vol.,Change %
03/11/1999,32.898514,32.982258,33.169072,32.260771,0.00K,0.00%
03/12/1999,30.502147,31.150999,31.169362,30.251176,0.00K,-7.28%
03/15/1999,33.12816,32.443106,33.166936,32.100579,0.00K,8.61%
03/16/1999,33.981245,33.836644,34.119274,33.468569,0.00K,2.58%
03/17/1999,33.231949,33.478016,33.516868,33.134818,0.00K,-2.21%
03/18/1999,35.174581,34.461946,35.19475,34.4485,0.00K,5.85%
03/19/1999,32.471947,33.758595,33.758595,32.452838,0.00K,-7.68%
03/22/1999,31.287211,31.809079,31.883631,31.225084,0.00K,-3.65%
03/23/1999,27.988262,28.846515,28.950196,27.930661,0.00K,-10.54%
03/24/1999,30.822224,30.079742,30.840633,29.619526,0.00K,10.13%
03/25/1999,34.209417,33.513008,34.209417,33.296202,0.00K,10.99%
03/26/1999,33.105675,33.1828,33.561995,32.96428,0.00K,-3.23%
03/29/1999,36.711244,35.851576,36.731876,35.638379,0.00K,10.89%
03/30/1999,35.927227,36.137367,36.435631,35.778095,0.00K,-2.14%
03/31/1999,34.341006,35.426082,35.472115,34.242363,0.00K,-4.42%
04/01/1999,36.491429,36.792615,36.833686,35.895902,0.00K,6.26%
04/05/1999,40.454764,39.678478,40.513351,39.42948,0.00K,10.86%
04/06/1999,40.696438,40.571444,41.144944,40.225874,0.00K,0.6%
04/07/1999,39.417092,40.201547,40.295106,38.567865,0.00K,-3.14%
04/08/1999,40.367075,39.979562,40.557175,39.160669,0.00K,2.41%
04/09/1999,41.112853,40.794608,41.209067,40.676191,0.00K,1.85%
04/12/1999,40.291336,39.612268,40.561503,39.561156,0.00K,-2.0%
04/13/1999,38.648431,39.422393,39.514701,38.343106,0.00K,-4.08%
04/14/1999,34.68631,36.36883,36.408419,34.481768,0.00K,-10.25%
04/15/1999,36.091709,35.732689,36.152675,34.47273,0.00K,4.05%
04/16/1999,32.941813,33.852441,33.852441,32.763509,0.00K,-8.73%
04/19/1999,28.29952,29.889574,30.136406,28.001026,0.00K,-14.09%
04/20/1999,30.22825,29.424881,30.468062,29.149098,0.00K,6.82%
04/21/1999,34.706732,33.381697,34.72641,32.929086,0.00K,14.82%
04/22/1999,37.520791,36.878643,37.624363,36.636974,0.00K,8.11%
04/23/1999,38.991518,38.290308,39.281918,37.893664,0.00K,3.92%
04/26/1999,41.690113,41.031303,41.99361,40.89806,0.00K,6.92%
04/27/1999,39.780303,40.691248,40.892086,39.271035,0.00K,-4.58%
04/28/1999,35.691812,36.644749,36.771363,35.531878,0.00K,-10.28%
04/29/1999,34.83217,34.950178,35.153415,34.097895,0.00K,-2.41%
04/30/1999,35.500884,35.76646,35.952364,34.239398,0.00K,1.92%
05/03/1999,34.943175,35.022009,35.166538,34.35192,0.00K,-1.57%
05/04/1999,33.28766,33.879017,34.413146,33.090541,0.00K,-4.74%
05/05/1999,36.320748,35.270315,36.320748,34.199681,0.00K,9.11%
05/06/1999,32.361423,33.270382,33.556766,32.050136,0.00K,-10.9%
05/07/1999,33.743538,33.564324,33.845947,32.847466,0.00K,4.27%
05/10/1999,34.761221,34.63719,34.996226,34.232459,0.00K,3.02%
05/11/1999,36.406259,36.137032,36.594718,35.928381,0.00K,4.73%
05/12/1999,38.667768,38.058441,38.80084,36.944843,0.00K,6.21%
05/13/1999,36.503606,37.494014,37.554651,36.341907,0.00K,-5.6%
05/14/1999,34.44194,34.422504,34.824197,34.176305,0.00K,-5.65%
05/17/1999,36.288433,35.336121,36.402442,34.987387,0.00K,5.36%
05/18/1999,35.80557,35.931857,36.137904,35.393477,0.00K,-1.33%
05/19/1999,37.301069,36.939122,37.321557,36.36547,0.00K,4.18%
05/20/1999,34.227931,35.27178,35.27178,34.16994,0.00K,-8.24%
05/21/1999,33.280735,33.691764,33.792941,33.103676,0.00K,-2.77%
05/24/1999,30.738676,31.595691,31.655623,30.53491,0.00K,-7.64%
05/25/1999,27.718147,28.623275,29.042316,27.595229,0.00K,-9.83%
05/26/1999,30.048014,29.612023,30.165849,28.698799,0.00K,8.41%
05/27/1999,29.959637,29.865554,30.394772,29.483341,0.00K,-0.29%
05/28/1999,31.441449,31.119688,31.611435,30.725077,0.00K,4.95%
06/01/1999,29.346971,29.961264,30.100349,29.184705,0.00K,-6.66%
06/02/1999,30.824751,30.297934,30.986388,29.537642,0.00K,5.04%
06/03/1999,29.513696,30.164905,30.164905,29.333451,0.00K,-4.25%
06/04/1999,32.234817,31.507809,32.345717,31.507809,0.00K,9.22%
06/07/1999,34.249493,33.781376,34.461108,33.710838,0.00K,6.25%
06/08/1999,31.671643,32.55969,32.711753,31.507415,0.00K,-7.53%
06/09/1999,33.259179,32.831974,33.353416,32.806844,0.00K,5.01%
06/10/1999,32.109495,32.140174,32.330389,31.722929,0.00K,-3.46%
06/11/1999,30.655271,31.339275,31.374962,30.375722,0.00K,-4.53%
06/14/1999,28.924444,29.587927,29.587927,28.855808,0.00K,-5.65%
06/15/1999,30.211373,29.840501,30.393866,29.752198,0.00K,4.45%
06/16/1999,34.873767,33.994814,34.873767,33.956037,0.00K,15.43%
06/17/1999,36.037088,35.171828,36.202214,35.171828,0.00K,3.34%
06/18/1999,36.532466,36.032569,36.632445,35.972581,0.00K,1.37%
06/21/1999,39.81179,38.916112,39.832947,38.852639,0.00K,8.98%
06/22/1999,36.193818,37.099655,37.575716,36.193818,0.00K,-9.09%
06/23/1999,37.919537,37.333118,38.008182,37.094458,0.00K,4.77%
06/24/1999,35.648866,36.355302,36.374925,35.485339,0.00K,-5.99%
06/25/1999,35.511503,35.79857,36.079113,35.191815,0.00K,-0.39%
06/28/1999,38.036388,37.476628,38.090999,37.169443,0.00K,7.11%
06/29/1999,39.613274,39.045266,39.760535,38.848918,0.00K,4.15%
06/30/1999,41.443521,40.851058,43.105308,40.366972,0.00K,4.62%
07/01/1999,42.288864,42.135087,42.523192,41.410135,0.00K,2.04%
07/02/1999,43.892546,43.329629,43.937579,43.329629,0.00K,3.79%
07/06/1999,43.036912,43.548021,43.985057,42.807283,0.00K,-1.95%
07/07/1999,43.259133,43.162506,43.444954,42.865193,0.00K,0.52%
07/08/1999,44.976119,44.388844,45.166793,44.17529,0.00K,3.97%
07/09/1999,46.34897,46.053308,46.395654,45.718743,0.00K,3.05%
07/12/1999,45.602034,46.009951,46.248544,45.340351,0.00K,-1.61%
07/13/1999,44.955524,44.955524,45.12324,44.604845,0.00K,-1.42%
07/14/1999,47.265431,46.942343,47.352113,46.280406,0.00K,5.14%
07/15/1999,48.565664,48.292868,48.565664,48.020073,0.00K,2.75%
07/16/1999,49.913596,49.480559,50.191393,49.464218,0.00K,2.78%
07/19/1999,48.393883,49.09014,49.09014,48.201812,0.00K,-3.04%
07/20/1999,42.775807,43.95319,44.012059,42.665427,0.00K,-11.61%
07/21/1999,43.393933,43.282495,43.772822,42.933323,0.00K,1.45%
07/22/1999,40.09537,41.137723,41.137723,39.982683,0.00K,-7.6%
07/23/1999,40.2644,40.511594,40.681099,39.847701,0.00K,0.42%
07/26/1999,37.29807,37.720616,38.136455,37.237706,0.00K,-7.37%
07/27/1999,39.551649,39.551649,40.165177,39.216997,0.00K,6.04%
07/28/1999,41.894211,41.58281,42.12595,41.046912,0.00K,5.92%
07/29/1999,39.200235,39.311029,39.629561,38.812457,0.00K,-6.43%
07/30/1999,38.618568,38.981924,39.406982,38.556866,0.00K,-1.48%
08/02/1999,38.289491,38.459909,39.223381,38.14634,0.00K,-0.85%
08/03/1999,37.553286,38.313637,38.320366,37.001526,0.00K,-1.92%
08/04/1999,35.514467,36.169022,36.441213,35.482063,0.00K,-5.43%
08/05/1999,37.205941,36.631177,37.205941,35.755664,0.00K,4.76%
08/06/1999,36.002947,36.1337,36.80708,35.747977,0.00K,-3.23%
08/09/1999,34.610423,35.18981,35.29168,34.540387,0.00K,-3.87%
08/10/1999,33.67449,33.893277,34.137069,32.936864,0.00K,-2.7%
08/11/1999,37.012559,36.473832,37.072417,35.921802,0.00K,9.91%
08/12/1999,35.69567,36.260413,36.507083,35.617774,0.00K,-3.56%
08/13/1999,40.369407,39.49013,40.411613,39.426821,0.00K,13.09%
08/16/1999,41.34013,40.989972,41.475906,40.71842,0.00K,2.4%
08/17/1999,41.940402,42.09913,42.14242,41.182834,0.00K,1.45%
08/18/1999,40.53349,40.794405,41.302131,40.378351,0.00K,-3.35%
08/19/1999,39.094932,39.198176,39.480375,38.840264,0.00K,-3.55%
08/20/1999,40.953318,40.357117,40.953318,40.13709,0.00K,4.75%
08/23/1999,44.849916,43.870496,44.849916,43.772554,0.00K,9.51%
08/24/1999,45.776598,45.135084,46.273008,45.043439,0.00K,2.07%
08/25/1999,48.686322,47.970464,48.885171,47.453455,0.00K,6.36%
08/26/1999,46.252403,47.036212,47.205269,46.183244,0.00K,-5.0%
08/27/1999,44.892265,45.683152,45.683152,44.771749,0.00K,-2.94%
08/30/1999,42.994135,43.784361,43.923382,42.877065,0.00K,-4.23%
08/31/1999,44.420932,44.234007,44.697581,43.254518,0.00K,3.32%
09/01/1999,45.385467,45.33996,45.76469,45.059334,0.00K,2.17%
09/02/1999,44.907645,44.229851,45.141107,44.131947,0.00K,-1.05%
09/03/1999,51.075574,50.240149,51.100145,50.05996,0.00K,13.73%
09/07/1999,50.387577,50.517442,51.020669,50.314528,0.00K,-1.35%
09/08/1999,48.342205,48.713218,49.20264,47.955404,0.00K,-4.06%
09/09/1999,50.426193,49.744319,50.547956,49.484558,0.00K,4.31%
09/10/1999,52.15523,52.263143,52.669893,51.665471,0.00K,3.43%
09/13/1999,50.287504,50.846434,50.943639,50.012089,0.00K,-3.58%
09/14/1999,51.113748,50.638805,51.465861,50.532352,0.00K,1.64%
09/15/1999,48.141257,49.706379,49.706379,48.094067,0.00K,-5.82%
09/16/1999,48.070472,48.070472,48.510477,47.072605,0.00K,-0.15%
09/17/1999,52.407658,51.343205,52.50745,51.268361,0.00K,9.02%
09/20/1999,52.781879,52.806946,53.015834,52.422592,0.00K,0.71%
09/21/1999,48.971758,49.734335,49.837601,48.828775,0.00K,-7.22%
09/22/1999,50.520743,50.066624,50.788349,49.466538,0.00K,3.16%
09/23/1999,44.244169,46.644556,46.733459,43.97746,0.00K,-12.42%
09/24/1999,44.421976,44.087697,44.592829,43.344854,0.00K,0.4%
09/27/1999,45.357957,45.681835,46.013245,45.214848,0.00K,2.11%
09/28/1999,45.990649,45.542145,46.157887,44.56912,0.00K,1.39%
09/29/1999,43.23121,44.113479,44.427013,43.23121,0.00K,-6.0%
09/30/1999,44.587426,44.535329,45.048855,43.984591,0.00K,3.14%
10/01/1999,44.63208,44.013949,44.63208,43.552212,0.00K,0.1%
10/04/1999,47.648264,46.847388,47.81155,46.583021,0.00K,6.76%
10/05/1999,48.651304,48.477859,49.242594,47.618518,0.00K,2.11%
10/06/1999,51.5841,50.871182,51.65785,50.100904,0.00K,6.03%
10/07/1999,51.21535,51.623115,51.867774,50.83205,0.00K,-0.71%
10/08/1999,52.830101,52.072531,52.97995,51.373236,0.00K,3.15%
10/11/1999,55.077836,54.461677,55.10351,54.324752,0.00K,4.25%
10/12/1999,51.303858,52.323572,52.739615,51.157019,0.00K,-6.85%
10/13/1999,46.751854,47.632808,48.199683,46.560342,0.00K,-8.87%
10/14/1999,47.625148,47.493308,47.958624,46.725536,0.00K,1.87%
10/15/1999,43.414033,43.588854,44.229867,43.144516,0.00K,-8.84%
10/18/1999,41.753228,42.335105,42.491218,40.553993,0.00K,-3.83%
10/19/1999,42.43445,42.66398,42.879165,41.72434,0.00K,1.63%
10/20/1999,46.307777,45.624099,46.680001,45.17591,0.00K,9.13%
10/21/1999,48.586703,47.026219,48.586703,46.681188,0.00K,4.92%
10/22/1999,47.928006,48.433084,48.922621,47.757057,0.00K,-1.36%
10/25/1999,47.99794,47.756822,48.526843,47.562373,0.00K,0.15%
10/26/1999,46.831242,47.787607,48.047738,46.739431,0.00K,-2.43%
10/27/1999,46.624668,46.578897,46.792492,45.892343,0.00K,-0.44%
10/28/1999,51.476318,50.532097,51.647255,50.076267,0.00K,10.41%
10/29/1999,56.84861,56.205762,57.282966,56.014645,0.00K,10.44%
11/01/1999,55.962522,56.254799,56.925318,55.893751,0.00K,-1.56%
11/02/1999,56.065679,56.323887,57.02105,55.850505,0.00K,0.18%
11/03/1999,59.422389,59.09147,59.753309,58.921539,0.00K,5.99%
11/04/1999,61.434737,61.590175,61.718184,60.77641,0.00K,3.39%
11/05/1999,63.299998,63.93421,64.260643,63.299998,0.00K,3.04%
11/08/1999,67.133252,66.04733,67.36595,65.834024,0.00K,6.06%
11/09/1999,65.766154,66.751164,66.865923,65.201925,0.00K,-2.04%
11/10/1999,68.348219,67.494725,68.927026,67.190606,0.00K,3.93%
11/11/1999,72.027074,71.519269,72.118479,70.889591,0.00K,5.38%
11/12/1999,74.860627,74.277162,74.923141,71.943302,0.00K,3.93%
11/15/1999,74.423028,74.630595,74.890053,74.049408,0.00K,-0.58%
11/16/1999,80.089598,78.401323,80.459929,78.052775,0.00K,7.61%
11/17/1999,76.854645,77.903529,78.242563,76.452042,0.00K,-4.04%
11/18/1999,83.910778,81.969023,83.910778,81.48639,0.00K,9.18%
11/19/1999,86.166806,85.024465,86.303887,84.70461,0.00K,2.69%
11/22/1999,92.027017,90.165958,92.027017,89.211568,0.00K,6.8%
11/23/1999,83.008036,84.632154,84.698899,82.2071,0.00K,-9.8%
11/24/1999,91.217622,88.566772,91.572646,87.643709,0.00K,9.89%
11/26/1999,92.105183,92.95084,93.391535,91.724042,0.00K,0.97%
11/29/1999,87.531487,88.820577,89.568709,87.427899,0.00K,-4.97%
11/30/1999,77.552552,80.785675,80.91288,77.552552,0.00K,-11.4%
12/01/1999,82.577143,81.726402,82.99699,81.107681,0.00K,6.48%
12/02/1999,90.465835,88.002424,90.630062,87.955502,0.00K,9.55%
12/03/1999,96.237255,96.457198,97.520255,95.968436,0.00K,6.38%
12/06/1999,98.839913,98.32998,99.660781,97.409614,0.00K,2.7%
12/07/1999,98.839913,99.150848,99.536407,97.596174,0.00K,0.0%
12/08/1999,95.257946,96.459135,97.211395,95.027414,0.00K,-3.62%
12/09/1999,96.604734,97.523262,98.049885,94.167571,0.00K,1.41%
12/10/1999,98.992908,98.992908,99.341431,96.789747,0.00K,2.47%
12/13/1999,103.025814,101.30041,103.473142,100.853083,0.00K,4.07%
12/14/1999,97.466178,98.955997,99.534687,96.813613,0.00K,-5.4%
12/15/1999,103.080703,99.988793,103.080703,99.107215,0.00K,5.76%
12/16/1999,110.746595,109.487502,110.987698,108.991902,0.00K,7.44%
12/17/1999,113.599646,114.58048,115.08452,113.122852,0.00K,2.58%
12/20/1999,118.054267,117.397479,118.571314,116.405308,0.00K,3.92%
12/21/1999,137.087164,130.480739,137.087164,129.741559,0.00K,16.12%
12/22/1999,135.793598,135.839506,136.038437,133.176886,0.00K,-0.94%
12/23/1999,140.659765,140.111537,141.48994,138.764461,0.00K,3.58%
12/27/1999,138.169241,139.128858,139.175291,135.429692,0.00K,-1.77%
12/28/1999,135.568991,136.516492,137.662662,134.713184,0.00K,-1.88%
12/29/1999,150.973517,146.890492,150.973517,146.69372,0.00K,11.36%
12/30/1999,146.05421,149.454176,149.646627,146.05421,0.00K,-3.26%
12/31/1999,145.476857,147.460269,148.356003,145.476857,0.00K,-0.4%
01/03/2000,161.600076,164.050379,164.050379,154.78035,0.00K,11.08%
01/04/2000,128.341063,133.790883,135.967889,127.888129,0.00K,-20.58%
01/05/2000,118.522621,120.58569,123.521064,116.1134,0.00K,-7.65%
01/06/2000,94.0981,102.065513,103.387513,93.696778,0.00K,-20.61%
01/07/2000,129.013075,118.888472,129.013075,118.269186,0.00K,37.1%
01/10/2000,139.771365,137.509398,141.942247,135.900213,0.00K,8.34%
01/11/2000,119.368116,124.45138,125.977722,118.005311,0.00K,-14.6%
01/12/2000,111.477473,115.29056,115.602895,111.39939,0.00K,-6.61%
01/13/2000,131.623064,127.666546,131.985382,125.608577,0.00K,18.07%
01/14/2000,140.840446,140.279752,141.219294,138.764361,0.00K,7.0%
01/18/2000,143.113533,140.341321,143.971234,139.391724,0.00K,1.61%
01/19/2000,152.808617,148.826477,152.808617,147.131269,0.00K,6.77%
01/20/2000,148.346702,149.03654,151.168769,146.700495,0.00K,-2.92%
01/21/2000,153.896768,154.298378,154.394764,152.001171,0.00K,3.74%
01/24/2000,131.727923,140.076469,140.350902,130.789073,0.00K,-14.41%
01/25/2000,137.664346,135.998751,139.315069,132.340392,0.00K,4.51%
01/26/2000,120.97866,126.412689,126.494404,120.651801,0.00K,-12.12%
01/27/2000,126.330975,127.984741,129.035864,122.238602,0.00K,4.42%
01/28/2000,107.24258,112.228859,112.817691,105.689066,0.00K,-15.11%
01/31/2000,121.036281,115.897629,121.456593,112.684276,0.00K,12.86%
02/01/2000,130.75769,127.119984,131.342576,125.579308,0.00K,8.03%
02/02/2000,134.09582,133.196432,136.76497,132.964332,0.00K,2.55%
02/03/2000,149.806094,146.406018,149.993254,143.255489,0.00K,11.72%
02/04/2000,152.847446,152.61035,154.554532,151.377455,0.00K,2.03%
02/07/2000,159.2016,157.188034,159.4127,155.564191,0.00K,4.16%
02/08/2000,179.223588,173.538964,179.662217,173.538964,0.00K,12.58%
02/09/2000,160.222204,165.181385,165.39276,159.815713,0.00K,-10.6%
02/10/2000,175.977766,171.793172,175.977766,169.631708,0.00K,9.83%
02/11/2000,163.735233,167.325846,167.325846,160.655212,0.00K,-6.96%
02/14/2000,163.142288,163.536629,163.536629,159.85611,0.00K,-0.36%
02/15/2000,166.642067,164.109108,166.908695,159.026525,0.00K,2.15%
02/16/2000,164.292414,164.143853,167.06556,163.16995,0.00K,-1.41%
02/17/2000,174.790754,173.191586,176.716633,170.509111,0.00K,6.39%
02/18/2000,155.858671,162.49197,163.080537,155.858671,0.00K,-10.83%
02/22/2000,157.33804,157.738228,159.226929,153.352164,0.00K,0.95%
02/23/2000,183.606402,175.572737,184.933549,174.634886,0.00K,16.7%
02/24/2000,195.497641,192.52829,196.069379,187.235099,0.00K,6.48%
02/25/2000,182.107897,185.817567,188.120728,181.773851,0.00K,-6.85%
02/28/2000,181.791432,180.474357,184.74168,175.662645,0.00K,-0.17%
02/29/2000,196.173888,194.346009,196.801644,192.850472,0.00K,7.91%
03/01/2000,200.992842,200.298599,202.756595,198.891348,0.00K,2.46%
03/02/2000,187.032921,192.252112,192.466599,186.353711,0.00K,-6.95%
03/03/2000,218.723419,212.688987,218.842129,210.710485,0.00K,16.94%
03/06/2000,223.887309,223.505523,226.439247,220.511518,0.00K,2.36%
03/07/2000,213.759935,220.655417,220.772289,210.838121,0.00K,-4.52%
03/08/2000,219.545127,219.049451,221.032158,209.750556,0.00K,2.71%
03/09/2000,241.731617,233.790757,242.787582,229.334582,0.00K,10.11%
03/10/2000,238.627078,239.401774,242.668056,236.554245,0.00K,-1.28%
03/13/2000,219.845953,216.894336,225.016235,215.963289,0.00K,-7.87%
03/14/2000,195.420826,205.203753,206.355761,191.105366,0.00K,-11.11%
03/15/2000,170.899508,176.907693,177.742164,169.230567,0.00K,-12.55%
03/16/2000,200.139345,193.926594,201.063862,185.8833,0.00K,17.11%
03/17/2000,211.56637,206.195691,212.045895,206.061424,0.00K,5.71%
03/20/2000,193.670502,199.614862,200.51826,191.086783,0.00K,-8.46%
03/21/2000,215.568874,204.715815,215.937103,199.773798,0.00K,11.31%
03/22/2000,228.592544,227.585262,232.541089,222.830892,0.00K,6.04%
03/23/2000,240.619489,237.472638,244.245662,235.555351,0.00K,5.26%
03/24/2000,250.310124,250.160378,256.578038,244.897897,0.00K,4.03%
03/27/2000,251.529479,252.066018,255.26379,250.198862,0.00K,0.49%
03/28/2000,232.342845,236.858701,238.52672,229.04749,0.00K,-7.63%
03/29/2000,203.477979,213.420505,213.53201,203.477979,0.00K,-12.42%
03/30/2000,188.201799,188.201799,197.845488,181.625754,0.00K,-7.51%
03/31/2000,200.049256,197.571354,202.104997,190.009166,0.00K,6.3%
04/03/2000,164.092151,171.779466,173.957538,160.600828,0.00K,-17.97%
04/04/2000,159.287578,161.925102,162.411788,137.998996,0.00K,-2.93%
04/05/2000,150.809824,146.86026,156.545016,144.968705,0.00K,-5.32%
04/06/2000,161.523587,161.333596,163.692645,157.201303,0.00K,7.1%
04/07/2000,181.04511,176.797468,182.307462,174.255705,0.00K,12.09%
04/10/2000,147.933967,159.007491,159.111398,146.642551,0.00K,-18.29%
04/11/2000,137.379979,136.504497,142.661109,134.569966,0.00K,-7.13%
04/12/2000,114.716307,121.241935,122.639393,112.083596,0.00K,-16.5%
04/13/2000,98.433429,103.816419,107.378857,98.433429,0.00K,-14.19%
04/14/2000,72.844558,77.998311,80.210964,70.695644,0.00K,-26.0%
04/17/2000,98.003247,85.303802,98.409718,85.292816,0.00K,34.54%
04/18/2000,105.781109,102.893124,106.936302,100.467216,0.00K,7.94%
04/19/2000,96.07748,99.649133,100.861331,95.947601,0.00K,-9.17%
04/20/2000,89.810851,93.027246,93.647772,88.590483,0.00K,-6.52%
04/24/2000,82.116324,80.841165,82.593292,77.385583,0.00K,-8.57%
04/25/2000,98.732323,94.401477,98.765215,93.853268,0.00K,20.23%
04/26/2000,88.601432,91.892023,93.7156,88.346743,0.00K,-10.26%
04/27/2000,100.368094,91.847526,101.727406,91.847526,0.00K,13.28%
04/28/2000,111.938827,110.538256,111.938827,108.840954,0.00K,11.53%
05/01/2000,115.036699,115.181734,116.535391,113.380886,0.00K,2.77%
05/02/2000,95.203202,100.212221,101.008146,94.799934,0.00K,-17.24%
05/03/2000,92.019503,92.403307,93.181287,88.295571,0.00K,-3.34%
05/04/2000,92.610768,92.287829,94.100458,90.860644,0.00K,0.64%
05/05/2000,99.204988,95.60784,100.153328,95.509736,0.00K,7.12%
05/08/2000,87.628711,90.243447,90.493901,87.498476,0.00K,-11.67%
05/09/2000,82.008532,84.394061,84.988048,80.399019,0.00K,-6.41%
05/10/2000,64.131439,67.847798,68.34062,63.929463,0.00K,-21.8%
05/11/2000,75.886445,74.201682,76.44503,72.525927,0.00K,18.33%
05/12/2000,75.886445,76.562153,78.517199,75.327861,0.00K,0.0%
05/15/2000,85.80583,82.408739,86.108444,80.280676,0.00K,13.07%
05/16/2000,93.097861,92.263596,93.798232,90.275778,0.00K,8.5%
05/17/2000,87.319799,87.625596,88.858648,86.155799,0.00K,-6.21%
05/18/2000,77.938741,80.8974,81.217008,77.60087,0.00K,-10.74%
05/19/2000,66.871166,68.557132,69.576936,66.558645,0.00K,-14.2%
05/22/2000,66.698457,66.698457,67.21569,61.764216,0.00K,-0.26%
05/23/2000,49.999213,54.390763,55.223412,49.623178,0.00K,-25.04%
05/24/2000,59.4068,56.043443,59.684578,53.98639,0.00K,18.82%
05/25/2000,55.487888,57.273195,58.700005,54.59165,0.00K,-6.6%
05/26/2000,55.487888,55.487888,56.556204,54.061077,0.00K,0.0%
05/30/2000,72.200935,67.512453,72.523109,67.512453,0.00K,30.12%
05/31/2000,66.045712,67.115343,68.863471,65.742384,0.00K,-8.53%
06/01/2000,76.175276,74.265857,77.042397,73.232319,0.00K,15.34%
06/02/2000,92.519195,91.526393,92.995739,90.79172,0.00K,21.46%
06/05/2000,93.204228,91.607923,94.650879,91.238778,0.00K,0.74%
06/06/2000,85.422244,87.237537,88.939962,85.074234,0.00K,-8.35%
06/07/2000,92.278973,90.190945,92.585745,88.221667,0.00K,8.03%
06/08/2000,91.002406,92.335774,92.580879,89.414129,0.00K,-1.38%
06/09/2000,92.44362,93.434335,93.434335,91.710491,0.00K,1.58%
06/12/2000,83.586628,86.862358,86.862358,82.892617,0.00K,-9.58%
06/13/2000,93.247254,89.53963,93.615035,88.406469,0.00K,11.56%
06/14/2000,86.955227,89.54397,89.54397,86.357824,0.00K,-6.75%
06/15/2000,91.535311,89.710687,91.662839,88.729706,0.00K,5.27%
06/16/2000,93.006782,93.502501,94.057706,91.836886,0.00K,1.61%
06/19/2000,104.100972,99.874604,104.367788,98.465815,0.00K,11.93%
06/20/2000,102.916308,103.572973,105.087538,102.450288,0.00K,-1.14%
06/21/2000,106.856296,104.63035,107.768392,104.50005,0.00K,3.83%
06/22/2000,95.129358,98.500676,98.871922,94.376832,0.00K,-10.97%
06/23/2000,83.871565,87.085705,87.546183,83.76105,0.00K,-11.83%
06/26/2000,90.751114,89.849035,91.158505,88.820859,0.00K,8.2%
06/27/2000,87.491989,88.33435,89.555301,87.018752,0.00K,-3.59%
06/28/2000,90.672139,89.693314,92.12584,89.22813,0.00K,3.63%
06/29/2000,83.839747,85.025509,85.429954,82.911361,0.00K,-7.54%
06/30/2000,88.775823,87.229405,89.272204,86.761662,0.00K,5.89%
07/03/2000,93.959185,92.22489,93.959185,91.987044,0.00K,5.84%
07/05/2000,83.047988,84.915975,85.225788,82.419251,0.00K,-11.61%
07/06/2000,89.663397,87.344186,90.382161,85.906658,0.00K,7.97%
07/07/2000,95.212254,94.284959,96.269171,93.726588,0.00K,6.19%
07/10/2000,90.874907,91.077839,92.218124,90.411062,0.00K,-4.56%
07/11/2000,92.382402,91.464049,93.105361,90.252605,0.00K,1.66%
07/12/2000,98.947649,97.097492,99.44852,96.26952,0.00K,7.11%
07/13/2000,102.750183,102.163278,104.060237,101.314363,0.00K,3.84%
07/14/2000,109.415739,109.000624,109.95102,107.438478,0.00K,6.49%
07/17/2000,113.086235,112.181813,113.432372,110.998249,0.00K,3.35%
07/18/2000,105.582883,106.510358,106.936783,104.367571,0.00K,-6.64%
07/19/2000,98.418939,99.4865,100.127037,96.802347,0.00K,-6.79%
07/20/2000,107.90498,105.215725,108.034582,104.556912,0.00K,9.64%
07/21/2000,97.01836,98.455297,99.530487,97.01836,0.00K,-10.09%
07/24/2000,91.0194,93.830066,94.850377,90.297482,0.00K,-6.18%
07/25/2000,93.156276,93.038976,94.378158,91.279466,0.00K,2.35%
07/26/2000,92.804374,92.68737,93.291895,90.503278,0.00K,-0.38%
07/27/2000,81.893669,83.729448,84.732411,81.616063,0.00K,-11.76%
07/28/2000,68.514867,72.706421,73.245222,67.825519,0.00K,-16.34%
07/31/2000,74.576377,73.068429,75.154423,71.476707,0.00K,8.85%
08/01/2000,71.610747,72.87437,73.021113,71.154212,0.00K,-3.98%
08/02/2000,67.79542,68.730475,70.694877,67.653983,0.00K,-5.33%
08/03/2000,76.611654,71.369177,77.292495,70.569188,0.00K,13.0%
08/04/2000,75.820176,77.392191,78.03452,74.975006,0.00K,-1.03%
08/07/2000,81.1701,79.959002,81.85963,79.410914,0.00K,7.06%
08/08/2000,86.129415,84.235652,86.929208,83.720843,0.00K,6.11%
08/09/2000,79.262228,81.04389,81.695717,79.044952,0.00K,-7.97%
08/10/2000,74.542997,76.202473,76.552714,74.284485,0.00K,-5.95%
08/11/2000,77.67015,76.119146,77.712995,74.953751,0.00K,4.2%
08/14/2000,82.631648,81.185572,82.631648,80.141183,0.00K,6.39%
08/15/2000,82.631648,82.408488,83.506435,81.739008,0.00K,0.0%
08/16/2000,85.122112,84.666914,85.80491,83.365046,0.00K,3.01%
08/17/2000,90.038256,87.39285,90.161078,87.336163,0.00K,5.78%
08/18/2000,88.649418,89.285233,89.921048,88.125806,0.00K,-1.54%
08/21/2000,89.350684,89.811255,90.619603,88.297952,0.00K,0.79%
08/22/2000,89.350684,89.811255,91.089573,89.125099,0.00K,0.0%
08/23/2000,93.721405,91.431968,94.080342,90.597681,0.00K,4.89%
08/24/2000,98.057754,96.938236,98.187698,95.578822,0.00K,4.63%
08/25/2000,96.468438,96.923245,98.366762,95.459954,0.00K,-1.62%
08/28/2000,97.86252,97.612972,99.200094,97.303533,0.00K,1.45%
08/29/2000,99.359804,98.986726,99.531218,98.21032,0.00K,1.53%
08/30/2000,98.96656,98.403392,99.600123,97.860338,0.00K,-0.4%
08/31/2000,107.233048,105.123372,107.625299,105.059763,0.00K,8.35%
09/01/2000,110.413465,110.813396,111.364653,108.867784,0.00K,2.97%
09/05/2000,100.328711,102.466166,102.597857,100.24767,0.00K,-9.13%
09/06/2000,89.722475,92.764869,92.980842,89.262359,0.00K,-10.57%
09/07/2000,95.694583,94.411078,96.958492,94.166135,0.00K,6.66%
09/08/2000,86.906005,89.320061,89.531176,86.575564,0.00K,-9.18%
09/11/2000,80.572551,82.037823,83.450765,79.86608,0.00K,-7.29%
09/12/2000,76.830873,78.613315,79.618579,76.38315,0.00K,-4.64%
09/13/2000,82.1782,79.325894,82.513765,79.105127,0.00K,6.96%
09/14/2000,80.880092,82.83722,83.431349,80.565553,0.00K,-1.58%
09/15/2000,76.476552,77.991106,78.411815,75.954872,0.00K,-5.44%
09/18/2000,72.866865,74.430742,75.400019,71.343715,0.00K,-4.72%
09/19/2000,80.906168,78.795193,81.420827,78.036288,0.00K,11.03%
09/20/2000,84.64835,83.533847,85.196614,81.691321,0.00K,4.63%
09/21/2000,66.205112,70.730468,71.283819,65.6366,0.00K,-21.79%
09/22/2000,77.939199,73.490345,78.208827,73.380809,0.00K,17.72%
09/25/2000,71.746193,74.247948,74.741925,71.371726,0.00K,-7.95%
09/26/2000,69.284274,70.311631,71.65809,68.887341,0.00K,-3.43%
09/27/2000,69.587811,70.40741,70.844529,68.370122,0.00K,0.44%
09/28/2000,74.247814,71.942336,75.412773,71.942336,0.00K,6.7%
09/29/2000,67.404698,69.869234,70.212591,67.351287,0.00K,-9.22%
10/02/2000,62.849501,65.382405,65.382405,62.303617,0.00K,-6.76%
10/03/2000,56.866607,59.614378,59.91364,56.370104,0.00K,-9.52%
10/04/2000,60.172093,58.675381,61.033409,57.708165,0.00K,5.81%
10/05/2000,60.701591,60.254211,61.624755,59.771326,0.00K,0.88%
10/06/2000,54.587404,56.272404,56.933189,53.444247,0.00K,-10.07%
10/09/2000,53.853933,53.814643,54.626643,51.738804,0.00K,-1.34%
10/10/2000,45.426159,47.454165,48.322478,45.169745,0.00K,-15.65%
10/11/2000,43.240809,43.139331,45.146336,42.682681,0.00K,-4.81%
10/12/2000,39.99352,42.186264,42.352057,39.560319,0.00K,-7.51%
10/13/2000,49.764603,45.746267,49.992288,45.709345,0.00K,24.43%
10/16/2000,51.149175,50.603968,51.343444,49.745424,0.00K,2.78%
10/17/2000,44.136687,46.88496,46.907626,43.995024,0.00K,-13.71%
10/18/2000,43.711697,43.007941,45.496422,41.78622,0.00K,-0.96%
10/19/2000,55.585469,53.839191,55.611729,53.21552,0.00K,27.16%
10/20/2000,58.027632,56.811828,59.081329,56.737529,0.00K,4.39%
10/23/2000,57.784471,57.784471,58.660095,56.396943,0.00K,-0.42%
10/24/2000,50.368607,52.76682,53.110298,50.288871,0.00K,-12.83%
10/25/2000,41.885925,43.701648,44.106943,41.356339,0.00K,-16.84%
10/26/2000,45.112076,44.158764,45.185844,41.582552,0.00K,7.7%
10/27/2000,44.856724,45.495516,46.060818,43.596101,0.00K,-0.57%
10/30/2000,39.87076,40.606498,41.483122,39.317651,0.00K,-11.12%
10/31/2000,47.556878,45.404771,48.059816,45.328746,0.00K,19.28%
11/01/2000,46.328773,45.938007,47.368901,45.294392,0.00K,-2.58%
11/02/2000,48.052742,48.158714,48.782776,47.499329,0.00K,3.72%
11/03/2000,49.924926,49.810198,50.450261,49.067483,0.00K,3.9%
11/06/2000,48.783682,49.491209,49.782543,48.528021,0.00K,-2.29%
11/07/2000,48.230741,47.829506,48.431358,47.133246,0.00K,-1.13%
11/08/2000,36.91947,40.050397,40.114094,36.880272,0.00K,-23.45%
11/09/2000,36.890071,36.434638,37.502212,35.582538,0.00K,-0.08%
11/10/2000,31.145739,32.227249,32.850861,31.145739,0.00K,-15.57%
11/13/2000,28.947832,29.313104,30.649669,28.204835,0.00K,-7.06%
11/14/2000,36.108,34.754368,36.18453,34.63479,0.00K,24.73%
11/15/2000,38.289116,37.394162,38.632182,37.016293,0.00K,6.04%
11/16/2000,31.621709,32.702793,33.408985,31.621709,0.00K,-17.41%
11/17/2000,31.556321,31.713036,32.579322,30.764039,0.00K,-0.21%
11/20/2000,27.690682,28.120798,28.566844,27.451729,0.00K,-12.25%
11/21/2000,27.571206,27.741962,28.111272,27.050994,0.00K,-0.43%
11/22/2000,23.854275,24.505402,25.109763,23.811106,0.00K,-13.48%
11/24/2000,27.955297,27.13789,28.031056,27.054156,0.00K,17.19%
11/27/2000,26.914599,28.072968,28.22068,26.59974,0.00K,-3.72%
11/28/2000,22.145071,23.324555,23.661065,22.097483,0.00K,-17.72%
11/29/2000,19.585556,20.482915,20.773696,19.451109,0.00K,-11.56%
11/30/2000,19.632456,19.247261,20.027047,18.858933,0.00K,0.24%
12/01/2000,20.581353,20.600739,21.469873,19.980391,0.00K,4.83%
12/04/2000,20.280872,20.421645,20.811969,19.663391,0.00K,-1.46%
12/05/2000,26.970776,25.203646,27.089607,24.988984,0.00K,32.99%
12/06/2000,23.88884,24.799496,25.399541,23.800598,0.00K,-11.43%
12/07/2000,22.311075,22.479613,23.143653,21.973999,0.00K,-6.6%
12/08/2000,23.817806,24.901713,25.922275,23.687596,0.00K,6.75%
12/11/2000,30.521842,29.569452,30.686758,29.115933,0.00K,28.15%
12/12/2000,27.169923,27.870886,28.01184,27.040397,0.00K,-10.98%
12/13/2000,23.84416,25.47885,25.499762,23.69777,0.00K,-12.24%
12/14/2000,20.35171,21.330669,21.693478,20.314178,0.00K,-14.65%
12/15/2000,18.953644,19.063944,19.472351,18.563124,0.00K,-6.87%
12/18/2000,19.060963,19.405078,19.647454,18.633064,0.00K,0.57%
12/19/2000,14.707164,15.784273,16.381556,14.614697,0.00K,-22.84%
12/20/2000,12.173083,12.51982,12.750246,11.958019,0.00K,-17.23%
12/21/2000,12.390342,12.159411,12.985434,11.990654,0.00K,1.78%
12/22/2000,15.334714,14.606429,15.398375,14.606429,0.00K,23.76%
12/26/2000,15.61737,15.545198,15.885435,14.880191,0.00K,1.84%
12/27/2000,16.150922,15.658066,16.314329,15.460396,0.00K,3.42%
12/28/2000,16.048134,15.877549,16.32107,15.738456,0.00K,-0.64%
12/29/2000,13.646819,14.393753,14.548777,13.559911,0.00K,-14.96%
01/02/2001,10.186963,11.163716,11.186698,9.995442,0.00K,-25.35%
01/03/2001,15.335027,12.815789,16.025905,12.808387,0.00K,50.54%
01/04/2001,14.505974,14.579656,15.052651,14.249273,0.00K,-5.41%
01/05/2001,11.175993,12.102038,12.102038,11.053049,0.00K,-22.96%
01/08/2001,11.544825,11.356396,11.595478,10.793135,0.00K,3.3%
01/09/2001,11.544825,11.646131,11.923709,11.419206,0.00K,0.0%
01/10/2001,13.325783,12.424942,13.365821,12.342643,0.00K,15.43%
01/11/2001,14.486868,13.861806,14.895743,13.843007,0.00K,8.71%
01/12/2001,15.043784,15.048603,15.496736,14.747438,0.00K,3.84%
01/16/2001,14.508916,14.642953,14.727607,14.174999,0.00K,-3.56%
01/17/2001,15.835176,15.989593,16.263558,15.653363,0.00K,9.14%
01/18/2001,17.830139,17.178835,17.881275,16.793973,0.00K,12.6%
01/19/2001,17.628289,18.114402,18.159808,17.430638,0.00K,-1.13%
01/22/2001,17.684379,17.550548,17.850329,17.250768,0.00K,0.32%
01/23/2001,18.792496,18.277061,18.970809,18.112679,0.00K,6.27%
01/24/2001,18.257558,18.514437,18.801377,18.156446,0.00K,-2.85%
01/25/2001,16.117808,16.710301,16.911146,16.090192,0.00K,-11.72%
01/26/2001,16.901104,16.390755,17.002137,16.245681,0.00K,4.86%
01/29/2001,18.028017,17.422487,18.095598,17.287324,0.00K,6.67%
01/30/2001,17.825272,17.932589,18.088198,16.969423,0.00K,-1.12%
01/31/2001,15.86138,16.590012,16.77341,15.86138,0.00K,-11.02%
02/01/2001,16.493357,16.340759,16.607806,16.099144,0.00K,3.98%
02/02/2001,13.754214,14.513098,14.593926,13.40845,0.00K,-16.61%
02/05/2001,13.720535,13.651047,13.810197,13.413443,0.00K,-0.24%
02/06/2001,13.787782,13.763044,14.129609,13.691081,0.00K,0.49%
02/07/2001,13.119869,13.100294,13.248197,12.682685,0.00K,-4.84%
02/08/2001,11.945345,12.374006,12.494439,11.902479,0.00K,-8.95%
02/09/2001,10.487899,10.831642,11.350993,10.413172,0.00K,-12.2%
02/12/2001,10.863401,10.706598,11.027853,10.586127,0.00K,3.58%
02/13/2001,9.819321,10.246093,10.517512,9.771108,0.00K,-9.61%
02/14/2001,10.992497,10.60032,11.05017,10.35617,0.00K,11.95%
02/15/2001,11.540392,11.619802,11.953328,11.520539,0.00K,4.98%
02/16/2001,9.598795,9.743992,9.903185,9.495582,0.00K,-16.82%
02/20/2001,8.480947,8.921557,8.937638,8.371598,0.00K,-11.65%
02/21/2001,7.766965,7.774541,8.154859,7.679083,0.00K,-8.42%
02/22/2001,7.539684,7.606525,7.711985,7.227758,0.00K,-2.93%
02/23/2001,7.619893,7.458341,7.682719,7.181607,0.00K,1.06%
02/26/2001,8.055187,8.044325,8.123465,7.761905,0.00K,5.71%
02/27/2001,6.593429,6.935471,7.008476,6.57991,0.00K,-18.15%
02/28/2001,5.968831,6.220323,6.316371,5.894268,0.00K,-9.47%
03/01/2001,6.476871,6.234171,6.530211,6.072816,0.00K,8.51%
03/02/2001,5.640758,5.701438,5.995126,5.514545,0.00K,-12.91%
03/05/2001,5.950223,5.943937,6.050797,5.892393,0.00K,5.49%
03/06/2001,6.644185,6.630673,6.813094,6.603647,0.00K,11.66%
03/07/2001,6.652293,6.784825,6.788882,6.591437,0.00K,0.12%
03/08/2001,6.27904,6.389609,6.449447,6.228308,0.00K,-5.61%
03/09/2001,4.960012,5.196466,5.209725,4.943438,0.00K,-21.01%
03/12/2001,4.035189,4.19813,4.288227,3.988224,0.00K,-18.65%
03/13/2001,4.650532,4.476032,4.681017,4.407703,0.00K,15.25%
03/14/2001,4.432932,4.326053,4.578491,4.286355,0.00K,-4.68%
03/15/2001,3.944343,4.230178,4.241461,3.93494,0.00K,-11.02%
03/16/2001,3.650985,3.719703,3.801808,3.602793,0.00K,-7.44%
03/19/2001,4.226611,4.048948,4.226611,3.98122,0.00K,15.77%
03/20/2001,3.372651,3.63131,3.662383,3.360054,0.00K,-20.2%
03/21/2001,3.372651,3.386928,3.494423,3.319743,0.00K,0.0%
03/22/2001,3.987387,3.782402,3.987387,3.679441,0.00K,18.23%
03/23/2001,3.987387,4.057588,4.083796,3.866642,0.00K,0.0%
03/26/2001,3.712201,3.859369,3.862045,3.689011,0.00K,-6.9%
03/27/2001,4.094838,3.957868,4.139544,3.921723,0.00K,10.31%
03/28/2001,3.087536,3.257851,3.281289,3.085974,0.00K,-24.6%
03/29/2001,2.911753,2.944048,3.035674,2.870446,0.00K,-5.69%
03/30/2001,2.956815,2.968196,3.019032,2.86956,0.00K,1.55%
04/02/2001,2.560752,2.681808,2.727892,2.553874,0.00K,-13.39%
04/03/2001,1.997428,2.143906,2.17517,1.995112,0.00K,-22.0%
04/04/2001,1.891477,1.928313,1.989149,1.866362,0.00K,-5.3%
04/05/2001,2.435647,2.349737,2.477618,2.330719,0.00K,28.77%
04/06/2001,2.236939,2.274087,2.28647,2.187408,0.00K,-8.16%
04/09/2001,2.376245,2.359492,2.398151,2.298927,0.00K,6.23%
04/10/2001,2.903941,2.765379,2.952328,2.756581,0.00K,22.21%
04/11/2001,3.167869,3.257138,3.28353,3.125175,0.00K,9.09%
04/12/2001,3.584714,3.375185,3.584714,3.349941,0.00K,13.16%
04/16/2001,2.943505,3.067682,3.102951,2.929544,0.00K,-17.89%
04/17/2001,3.163937,3.063764,3.274898,3.059911,0.00K,7.49%
04/18/2001,4.153342,3.986622,4.463881,3.938988,0.00K,31.27%
04/19/2001,4.90633,4.682851,4.951229,4.629787,0.00K,18.13%
04/20/2001,4.933882,4.912372,5.040405,4.791509,0.00K,0.56%
04/23/2001,3.94137,4.101866,4.165889,3.918567,0.00K,-20.12%
04/24/2001,3.717727,3.785184,3.895645,3.672194,0.00K,-5.67%
04/25/2001,3.920098,3.816179,3.962015,3.746318,0.00K,5.44%
04/26/2001,3.621441,3.782026,3.81017,3.614819,0.00K,-7.62%
04/27/2001,3.91695,3.91695,3.944841,3.837635,0.00K,8.16%
04/30/2001,4.178429,4.186615,4.306674,4.101118,0.00K,6.68%
05/01/2001,4.694138,4.512575,4.697083,4.435043,0.00K,12.34%
05/02/2001,4.965011,4.946678,5.007786,4.815297,0.00K,5.77%
05/03/2001,4.301991,4.403584,4.403584,4.246577,0.00K,-13.35%
05/04/2001,4.68989,4.407402,4.68989,4.38883,0.00K,9.02%
05/07/2001,4.39665,4.471518,4.526734,4.387291,0.00K,-6.25%
05/08/2001,4.677407,4.687155,4.691055,4.559448,0.00K,6.39%
05/09/2001,4.194848,4.240119,4.321608,4.184888,0.00K,-10.32%
05/10/2001,3.985694,4.172906,4.184279,3.98132,0.00K,-4.99%
05/11/2001,3.927956,3.95308,4.002461,3.888105,0.00K,-1.45%
05/14/2001,3.738229,3.778452,3.78348,3.678732,0.00K,-4.83%
05/15/2001,3.821189,3.799932,3.918122,3.772723,0.00K,2.22%
05/16/2001,4.32881,4.067772,4.362939,4.044712,0.00K,13.28%
05/17/2001,4.536349,4.493536,4.620074,4.475459,0.00K,4.79%
05/18/2001,4.576309,4.538029,4.607889,4.485395,0.00K,0.88%
05/21/2001,5.434726,5.128815,5.445422,5.073195,0.00K,18.76%
05/22/2001,5.386593,5.430188,5.498238,5.3111,0.00K,-0.89%
05/23/2001,4.672067,4.844784,4.845749,4.671102,0.00K,-13.26%
05/24/2001,5.033906,4.939653,5.043027,4.869724,0.00K,7.74%
05/25/2001,4.757228,4.851866,4.857719,4.663567,0.00K,-5.5%
05/29/2001,3.923055,4.124719,4.124719,3.921346,0.00K,-17.53%
05/30/2001,3.489818,3.569527,3.601884,3.462197,0.00K,-11.04%
05/31/2001,3.560846,3.545649,3.650427,3.526453,0.00K,2.04%
06/01/2001,3.877579,3.834438,3.891959,3.732085,0.00K,8.89%
06/04/2001,3.82175,3.863637,3.91055,3.776512,0.00K,-1.44%
06/05/2001,4.326904,4.187004,4.372326,4.177012,0.00K,13.22%
06/06/2001,4.226067,4.27972,4.351258,4.189404,0.00K,-2.33%
06/07/2001,4.550668,4.405144,4.624838,4.399511,0.00K,7.68%
06/08/2001,4.173245,4.29367,4.298097,4.137826,0.00K,-8.29%
06/11/2001,3.830566,3.90076,3.972625,3.78377,0.00K,-8.21%
06/12/2001,3.767893,3.691031,3.849714,3.638137,0.00K,-1.64%
06/13/2001,3.457966,3.592104,3.628758,3.455626,0.00K,-8.23%
06/14/2001,2.922192,3.045195,3.070907,2.904818,0.00K,-15.49%
06/15/2001,2.995159,2.939353,3.03048,2.90262,0.00K,2.5%
06/18/2001,2.874364,2.916281,2.9527,2.831761,0.00K,-4.03%
06/19/2001,2.833135,2.934537,2.95087,2.795024,0.00K,-1.43%
06/20/2001,3.02505,2.921302,3.039262,2.919881,0.00K,6.77%
06/21/2001,3.148696,3.099076,3.212181,3.072076,0.00K,4.09%
06/22/2001,3.126805,3.153678,3.195079,3.078867,0.00K,-0.7%
06/25/2001,3.150773,3.169024,3.182894,3.098942,0.00K,0.77%
06/26/2001,3.183624,3.112321,3.211557,3.107911,0.00K,1.04%
06/27/2001,3.245371,3.237181,3.271429,3.186553,0.00K,1.94%
06/28/2001,3.368217,3.372795,3.520832,3.368217,0.00K,3.79%
06/29/2001,3.677262,3.627952,3.74274,3.596426,0.00K,9.18%
07/02/2001,3.616635,3.632624,3.698177,3.59585,0.00K,-1.65%
07/03/2001,3.662203,3.630764,3.666233,3.594489,0.00K,1.26%
07/05/2001,3.135,3.237205,3.2604,3.135,0.00K,-14.4%
07/06/2001,2.745753,2.835159,2.841781,2.735157,0.00K,-12.42%
07/09/2001,2.815291,2.807884,2.861079,2.781623,0.00K,2.53%
07/10/2001,2.512282,2.652511,2.65999,2.506049,0.00K,-10.76%
07/11/2001,2.605768,2.568734,2.612153,2.533616,0.00K,3.72%
07/12/2001,3.101892,3.032564,3.11833,3.008978,0.00K,19.04%
07/13/2001,3.005404,3.021498,3.094272,2.98791,0.00K,-3.11%
07/16/2001,2.837465,2.90613,2.939116,2.807172,0.00K,-5.59%
07/17/2001,3.029322,2.926002,3.036351,2.906322,0.00K,6.76%
07/18/2001,2.683516,2.723646,2.760539,2.650506,0.00K,-11.42%
07/19/2001,2.873809,2.86162,2.921886,2.81422,0.00K,7.09%
07/20/2001,2.674728,2.664405,2.705694,2.656019,0.00K,-6.93%
07/23/2001,2.473446,2.572579,2.58237,2.469774,0.00K,-7.53%
07/24/2001,2.388998,2.402749,2.433837,2.339377,0.00K,-3.41%
07/25/2001,2.451772,2.429876,2.465153,2.385475,0.00K,2.63%
07/26/2001,2.561254,2.520559,2.610087,2.491134,0.00K,4.47%
07/27/2001,2.719023,2.699485,2.739213,2.651292,0.00K,6.16%
07/30/2001,2.672132,2.699169,2.710113,2.65282,0.00K,-1.72%
07/31/2001,2.68372,2.688884,2.748924,2.666934,0.00K,0.43%
08/01/2001,2.94131,2.909772,2.968735,2.894002,0.00K,9.6%
08/02/2001,3.107916,3.099384,3.114315,3.030414,0.00K,5.66%
08/03/2001,2.9522,2.976241,2.976241,2.909614,0.00K,-5.01%
08/06/2001,2.812077,2.814736,2.835345,2.802105,0.00K,-4.75%
08/07/2001,2.768201,2.75636,2.803724,2.745834,0.00K,-1.56%
08/08/2001,2.418886,2.499896,2.547302,2.406885,0.00K,-12.62%
08/09/2001,2.44949,2.433757,2.462197,2.407737,0.00K,1.27%
08/10/2001,2.378692,2.387592,2.406579,2.316985,0.00K,-2.89%
08/13/2001,2.524653,2.49318,2.539464,2.469112,0.00K,6.14%
08/14/2001,2.432085,2.485649,2.498288,2.428474,0.00K,-3.67%
08/15/2001,2.163057,2.246978,2.264207,2.161389,0.00K,-11.06%
08/16/2001,2.239753,2.187996,2.241459,2.153302,0.00K,3.55%
08/17/2001,1.932626,1.967596,1.98611,1.930054,0.00K,-13.71%
08/20/2001,2.012852,1.990135,2.032399,1.973229,0.00K,4.15%
08/21/2001,1.762434,1.839167,1.85654,1.760504,0.00K,-12.44%
08/22/2001,1.905765,1.894079,1.913386,1.847845,0.00K,8.13%
08/23/2001,1.850893,1.868331,1.907192,1.849897,0.00K,-2.88%
08/24/2001,2.145342,2.066373,2.150278,2.06034,0.00K,15.91%
08/27/2001,2.153568,2.14972,2.183257,2.124979,0.00K,0.38%
08/28/2001,1.950692,2.01239,2.01856,1.945036,0.00K,-9.42%
08/29/2001,1.865857,1.905779,1.909771,1.844399,0.00K,-4.35%
08/30/2001,1.657763,1.686774,1.710259,1.638423,0.00K,-11.15%
08/31/2001,1.721311,1.693456,1.740195,1.688735,0.00K,3.83%
09/04/2001,1.557017,1.60333,1.646556,1.552165,0.00K,-9.54%
09/05/2001,1.539814,1.546382,1.56477,1.488152,0.00K,-1.1%
09/06/2001,1.35199,1.385649,1.416504,1.347181,0.00K,-12.2%
09/07/2001,1.327947,1.32478,1.383377,1.314089,0.00K,-1.78%
09/10/2001,1.375459,1.350738,1.384374,1.345064,0.00K,3.58%
09/17/2001,1.024097,1.025746,1.076868,1.020798,0.00K,-25.55%
09/18/2001,0.955823,0.987936,1.018475,0.951731,0.00K,-6.67%
09/19/2001,0.905766,0.92611,0.937041,0.854146,0.00K,-5.24%
09/20/2001,0.815584,0.824633,0.846974,0.810776,0.00K,-9.96%
09/21/2001,0.749409,0.728578,0.770241,0.722969,0.00K,-8.11%
09/24/2001,0.862382,0.846872,0.873794,0.832826,0.00K,15.07%
09/25/2001,0.870283,0.870577,0.891775,0.848496,0.00K,0.92%
09/26/2001,0.780193,0.81491,0.816277,0.773085,0.00K,-10.35%
09/27/2001,0.764611,0.762453,0.772971,0.736022,0.00K,-2.0%
09/28/2001,0.805066,0.801159,0.831018,0.78637,0.00K,5.29%
10/01/2001,0.784137,0.787427,0.790992,0.76001,0.00K,-2.6%
10/02/2001,0.79154,0.78685,0.807542,0.779952,0.00K,0.94%
10/03/2001,0.971147,0.890585,0.990029,0.887438,0.00K,22.69%
10/04/2001,0.998525,1.009745,1.059431,0.987306,0.00K,2.82%
10/05/2001,1.042762,1.018021,1.04738,0.993609,0.00K,4.43%
10/08/2001,1.052658,1.028757,1.068925,1.023113,0.00K,0.95%
10/09/2001,0.97697,1.000961,1.006011,0.970026,0.00K,-7.19%
10/10/2001,1.109548,1.053985,1.11092,1.049869,0.00K,13.57%
10/11/2001,1.334887,1.276916,1.356144,1.274984,0.00K,20.31%
10/12/2001,1.317496,1.309068,1.327074,1.263861,0.00K,-1.3%
10/15/2001,1.300256,1.289623,1.305953,1.272155,0.00K,-1.31%
10/16/2001,1.364054,1.352687,1.369542,1.329169,0.00K,4.91%
10/17/2001,1.070077,1.182716,1.187023,1.065107,0.00K,-21.55%
10/18/2001,1.156544,1.134927,1.163866,1.124467,0.00K,8.08%
10/19/2001,1.179557,1.155888,1.186622,1.125154,0.00K,1.99%
10/22/2001,1.274939,1.237386,1.276798,1.229578,0.00K,8.09%
10/23/2001,1.295016,1.302155,1.323945,1.271348,0.00K,1.57%
10/24/2001,1.379547,1.348995,1.390907,1.338028,0.00K,6.53%
10/25/2001,1.545234,1.457068,1.546078,1.437241,0.00K,12.01%
10/26/2001,1.445256,1.465015,1.487597,1.445256,0.00K,-6.47%
10/29/2001,1.208144,1.27768,1.283385,1.208144,0.00K,-16.41%
10/30/2001,1.137538,1.148838,1.16185,1.119389,0.00K,-5.84%
10/31/2001,1.190956,1.195898,1.228372,1.183191,0.00K,4.7%
11/01/2001,1.343444,1.309075,1.351845,1.283871,0.00K,12.8%
11/02/2001,1.372085,1.359692,1.381766,1.344976,0.00K,2.13%
11/05/2001,1.506853,1.486262,1.523326,1.482144,0.00K,9.82%
11/06/2001,1.682289,1.612802,1.682732,1.603065,0.00K,11.64%
11/07/2001,1.67565,1.652255,1.70655,1.64784,0.00K,-0.39%
11/08/2001,1.624003,1.658584,1.695326,1.602823,0.00K,-3.08%
11/09/2001,1.62141,1.615796,1.636523,1.595502,0.00K,-0.16%
11/12/2001,1.656386,1.613027,1.671714,1.582369,0.00K,2.16%
11/13/2001,1.835076,1.819619,1.841633,1.800885,0.00K,10.79%
11/14/2001,1.874419,1.889144,1.902445,1.831667,0.00K,2.14%
11/15/2001,1.851618,1.836541,1.880829,1.826647,0.00K,-1.22%
11/16/2001,1.83607,1.841223,1.850594,1.814987,0.00K,-0.84%
11/19/2001,1.992082,1.95748,1.992082,1.943145,0.00K,8.5%
11/20/2001,1.716255,1.780994,1.787691,1.710005,0.00K,-13.85%
11/21/2001,1.718934,1.711336,1.732789,1.689436,0.00K,0.16%
11/23/2001,1.804747,1.780745,1.81167,1.771975,0.00K,4.99%
11/26/2001,1.937679,1.905756,1.943,1.878185,0.00K,7.37%
11/27/2001,1.930424,1.923187,1.967575,1.882658,0.00K,-0.37%
11/28/2001,1.72199,1.765297,1.79387,1.719312,0.00K,-10.8%
11/29/2001,1.881376,1.838316,1.883742,1.82696,0.00K,9.26%
11/30/2001,1.840209,1.843473,1.857926,1.826688,0.00K,-2.19%
12/03/2001,1.745098,1.759495,1.773441,1.740599,0.00K,-5.17%
12/04/2001,1.994784,1.922139,1.995274,1.877963,0.00K,14.31%
12/05/2001,2.290762,2.203213,2.306875,2.198379,0.00K,14.84%
12/06/2001,2.30043,2.289657,2.318204,2.270806,0.00K,0.42%
12/07/2001,2.111375,2.149496,2.155087,2.081387,0.00K,-8.22%
12/10/2001,2.000063,2.015746,2.059854,1.994182,0.00K,-5.27%
12/11/2001,2.033879,2.045278,2.084429,2.028923,0.00K,1.69%
12/12/2001,2.082942,2.079921,2.101571,2.034607,0.00K,2.41%
12/13/2001,1.811057,1.854537,1.86781,1.811057,0.00K,-13.05%
12/14/2001,1.859114,1.848403,1.875414,1.834431,0.00K,2.65%
12/17/2001,1.955516,1.917956,1.976703,1.917956,0.00K,5.19%
12/18/2001,2.021968,2.017045,2.033783,1.967812,0.00K,3.4%
12/19/2001,1.911195,1.913565,1.94959,1.902189,0.00K,-5.48%
12/20/2001,1.66803,1.724192,1.732833,1.663278,0.00K,-12.72%
12/21/2001,1.757458,1.754775,1.767743,1.742701,0.00K,5.36%
12/24/2001,1.735993,1.745751,1.749742,1.728453,0.00K,-1.22%
12/26/2001,1.785225,1.770766,1.812336,1.761277,0.00K,2.84%
12/27/2001,1.827246,1.819904,1.835965,1.808891,0.00K,2.35%
12/28/2001,1.871298,1.869434,1.89321,1.866637,0.00K,2.41%
12/31/2001,1.674099,1.734181,1.740233,1.674099,0.00K,-10.54%
01/02/2002,1.828412,1.804137,1.830244,1.774823,0.00K,9.22%
01/03/2002,2.019406,1.961233,2.02185,1.958789,0.00K,10.45%
01/04/2002,2.044336,2.057643,2.0744,2.007866,0.00K,1.23%
01/07/2002,1.976323,2.019685,2.024503,1.923326,0.00K,-3.33%
01/08/2002,2.016794,1.998238,2.030467,1.985053,0.00K,2.05%
01/09/2002,1.961125,2.005216,2.032055,1.95106,0.00K,-2.76%
01/10/2002,1.999945,1.989748,2.007713,1.965957,0.00K,1.98%
01/11/2002,1.922744,1.946388,1.95821,1.904774,0.00K,-3.86%
01/14/2002,1.796484,1.820425,1.829007,1.785191,0.00K,-6.57%
01/15/2002,1.84798,1.834172,1.866851,1.812539,0.00K,2.87%
01/16/2002,1.633955,1.665702,1.682635,1.633531,0.00K,-11.58%
01/17/2002,1.744437,1.736924,1.75858,1.716151,0.00K,6.76%
01/18/2002,1.603892,1.613914,1.639803,1.588442,0.00K,-8.06%
01/22/2002,1.456072,1.518257,1.519039,1.453334,0.00K,-9.22%
01/23/2002,1.575749,1.543616,1.58646,1.531669,0.00K,8.22%
01/24/2002,1.638779,1.638779,1.662879,1.613834,0.00K,4.0%
01/25/2002,1.624826,1.609692,1.638279,1.605068,0.00K,-0.85%
01/28/2002,1.652572,1.656824,1.666603,1.626213,0.00K,1.71%
01/29/2002,1.516098,1.562223,1.573052,1.497648,0.00K,-8.26%
01/30/2002,1.550992,1.539998,1.57461,1.493578,0.00K,2.3%
01/31/2002,1.58031,1.583196,1.590205,1.560108,0.00K,1.89%
02/01/2002,1.534546,1.545057,1.564461,1.516759,0.00K,-2.9%
02/04/2002,1.387802,1.426698,1.430852,1.376095,0.00K,-9.56%
02/05/2002,1.318695,1.328912,1.355913,1.314316,0.00K,-4.98%
02/06/2002,1.291329,1.319393,1.321192,1.278376,0.00K,-2.08%
02/07/2002,1.1985,1.225871,1.244688,1.191999,0.00K,-7.19%
02/08/2002,1.298061,1.272461,1.300585,1.255153,0.00K,8.31%
02/11/2002,1.34782,1.329706,1.441347,1.323792,0.00K,3.83%
02/12/2002,1.31455,1.313823,1.33818,1.304007,0.00K,-2.47%
02/13/2002,1.382168,1.373524,1.389684,1.369391,0.00K,5.14%
02/14/2002,1.374276,1.384384,1.400107,1.341332,0.00K,-0.57%
02/15/2002,1.250737,1.287968,1.290426,1.24582,0.00K,-8.99%
02/19/2002,1.135884,1.158589,1.161221,1.113509,0.00K,-9.18%
02/20/2002,1.182281,1.174171,1.182956,1.141058,0.00K,4.08%
02/21/2002,1.012997,1.052824,1.057688,1.012997,0.00K,-14.32%
02/22/2002,1.028502,1.027581,1.045393,1.011611,0.00K,1.53%
02/25/2002,1.153802,1.120694,1.161748,1.119039,0.00K,12.18%
02/26/2002,1.14089,1.152391,1.158634,1.124132,0.00K,-1.12%
02/27/2002,1.093572,1.125191,1.128704,1.082713,0.00K,-4.15%
02/28/2002,1.034166,1.056622,1.070771,1.033244,0.00K,-5.43%
03/01/2002,1.214115,1.160185,1.214456,1.158137,0.00K,17.4%
03/04/2002,1.358498,1.305598,1.361437,1.294578,0.00K,11.89%
03/05/2002,1.388254,1.370366,1.404653,1.365521,0.00K,2.19%
03/06/2002,1.407261,1.388082,1.420424,1.37003,0.00K,1.37%
03/07/2002,1.416287,1.432905,1.440836,1.39136,0.00K,0.64%
03/08/2002,1.528457,1.510984,1.542753,1.507013,0.00K,7.92%
03/11/2002,1.511779,1.504683,1.537796,1.493251,0.00K,-1.09%
03/12/2002,1.4491,1.433007,1.4491,1.423428,0.00K,-4.15%
03/13/2002,1.344498,1.356519,1.365261,1.305158,0.00K,-7.22%
03/14/2002,1.320457,1.328014,1.339891,1.315418,0.00K,-1.79%
03/15/2002,1.360405,1.348291,1.364076,1.337279,0.00K,3.03%
03/18/2002,1.383531,1.390584,1.401721,1.369054,0.00K,1.7%
03/19/2002,1.376849,1.38499,1.39498,1.370929,0.00K,-0.48%
03/20/2002,1.230321,1.258431,1.265287,1.229635,0.00K,-10.64%
03/21/2002,1.329048,1.29767,1.333376,1.288654,0.00K,8.02%
03/22/2002,1.29226,1.301463,1.308542,1.284828,0.00K,-2.77%
03/25/2002,1.173334,1.210799,1.217761,1.172008,0.00K,-9.2%
03/26/2002,1.206157,1.190624,1.224054,1.189949,0.00K,2.8%
03/27/2002,1.177793,1.17879,1.190754,1.171146,0.00K,-2.35%
03/28/2002,1.222658,1.221295,1.233219,1.217207,0.00K,3.81%
04/01/2002,1.293176,1.259592,1.298479,1.242269,0.00K,5.77%
04/02/2002,1.118184,1.146675,1.151797,1.115303,0.00K,-13.53%
04/03/2002,1.112422,1.121035,1.125501,1.089133,0.00K,-0.52%
04/04/2002,1.086581,1.07873,1.099143,1.071507,0.00K,-2.32%
04/05/2002,1.049838,1.069479,1.074389,1.044008,0.00K,-3.38%
04/08/2002,1.089426,1.047912,1.089426,1.046339,0.00K,3.77%
04/09/2002,0.975263,1.009979,1.015813,0.972637,0.00K,-10.48%
04/10/2002,0.997143,0.994774,1.009281,0.976418,0.00K,2.24%
04/11/2002,0.923423,0.941694,0.947035,0.920331,0.00K,-7.39%
04/12/2002,0.966431,0.960927,0.974543,0.950208,0.00K,4.66%
04/15/2002,0.989897,0.990486,0.994901,0.972825,0.00K,2.43%
04/16/2002,1.114407,1.089918,1.115043,1.0896,0.00K,12.58%
04/17/2002,1.097233,1.109193,1.112026,1.079292,0.00K,-1.54%
04/18/2002,1.033967,1.046971,1.058161,1.023382,0.00K,-5.77%
04/19/2002,1.043947,1.061904,1.062208,1.041512,0.00K,0.97%
04/22/2002,0.96451,0.976627,0.976916,0.954988,0.00K,-7.61%
04/23/2002,0.915173,0.931327,0.93634,0.90654,0.00K,-5.12%
04/24/2002,0.872562,0.891712,0.89414,0.86447,0.00K,-4.66%
04/25/2002,0.866088,0.863136,0.874408,0.854816,0.00K,-0.74%
04/26/2002,0.755781,0.79516,0.82769,0.755047,0.00K,-12.74%
04/29/2002,0.761651,0.764601,0.771977,0.748129,0.00K,0.78%
04/30/2002,0.805904,0.788296,0.817899,0.785999,0.00K,5.81%
05/01/2002,0.792889,0.795666,0.799958,0.768404,0.00K,-1.61%
05/02/2002,0.714131,0.734823,0.748697,0.712955,0.00K,-9.93%
05/03/2002,0.659812,0.676085,0.676977,0.65424,0.00K,-7.61%
05/06/2002,0.608989,0.622926,0.630105,0.606455,0.00K,-7.7%
05/07/2002,0.591885,0.603487,0.605144,0.586084,0.00K,-2.81%
05/08/2002,0.781446,0.741162,0.784164,0.73795,0.00K,32.03%
05/09/2002,0.721392,0.735908,0.743167,0.717879,0.00K,-7.69%
05/10/2002,0.623754,0.654497,0.656193,0.622482,0.00K,-13.53%
05/13/2002,0.70008,0.679732,0.70511,0.675388,0.00K,12.24%
05/14/2002,0.823543,0.810588,0.825576,0.805762,0.00K,17.64%
05/15/2002,0.841833,0.823017,0.862711,0.817088,0.00K,2.22%
05/16/2002,0.845699,0.837426,0.850612,0.829153,0.00K,0.46%
05/17/2002,0.851129,0.860217,0.863592,0.839185,0.00K,0.64%
05/20/2002,0.795045,0.804716,0.807196,0.788349,0.00K,-6.59%
05/21/2002,0.729576,0.753911,0.759059,0.722089,0.00K,-8.23%
05/22/2002,0.73449,0.725089,0.738956,0.711456,0.00K,0.67%
05/23/2002,0.778912,0.769139,0.780622,0.749104,0.00K,6.05%
05/24/2002,0.721007,0.729123,0.731675,0.715905,0.00K,-7.43%
05/28/2002,0.711962,0.720241,0.721621,0.697935,0.00K,-1.25%
05/29/2002,0.655392,0.663655,0.668873,0.654522,0.00K,-7.95%
05/30/2002,0.672353,0.660631,0.676334,0.658198,0.00K,2.59%
05/31/2002,0.639177,0.654569,0.660554,0.638322,0.00K,-4.93%
06/03/2002,0.571839,0.592057,0.596814,0.568073,0.00K,-10.54%
06/04/2002,0.593841,0.581647,0.600344,0.578802,0.00K,3.85%
06/05/2002,0.612131,0.607155,0.615034,0.598031,0.00K,3.08%
06/06/2002,0.564231,0.576399,0.576595,0.544998,0.00K,-7.83%
06/07/2002,0.530083,0.517475,0.539303,0.515405,0.00K,-6.05%
06/10/2002,0.52726,0.529323,0.536635,0.525198,0.00K,-0.53%
06/11/2002,0.482822,0.502961,0.504551,0.481232,0.00K,-8.43%
06/12/2002,0.504021,0.492934,0.505839,0.485482,0.00K,4.39%
06/13/2002,0.494206,0.495821,0.503714,0.488466,0.00K,-1.95%
06/14/2002,0.490977,0.477582,0.492763,0.465794,0.00K,-0.65%
06/17/2002,0.541343,0.53068,0.544961,0.528966,0.00K,10.26%
06/18/2002,0.567049,0.553501,0.569601,0.552716,0.00K,4.75%
06/19/2002,0.468679,0.48177,0.485559,0.467129,0.00K,-17.35%
06/20/2002,0.423723,0.436593,0.439488,0.411015,0.00K,-9.59%
06/21/2002,0.392837,0.401091,0.407511,0.390238,0.00K,-7.29%
06/24/2002,0.416224,0.402408,0.423687,0.398438,0.00K,5.95%
06/25/2002,0.374776,0.391341,0.393411,0.37241,0.00K,-9.96%
06/26/2002,0.374332,0.359406,0.379209,0.358815,0.00K,-0.12%
06/27/2002,0.408027,0.404742,0.408652,0.389416,0.00K,9.0%
06/28/2002,0.402866,0.40209,0.412945,0.398989,0.00K,-1.26%
07/01/2002,0.344715,0.360467,0.362697,0.34374,0.00K,-14.43%
07/02/2002,0.307498,0.315882,0.317687,0.296405,0.00K,-10.8%
07/03/2002,0.338067,0.325851,0.338067,0.310478,0.00K,9.94%
07/05/2002,0.403539,0.387071,0.404309,0.383685,0.00K,19.37%
07/08/2002,0.359214,0.370875,0.375853,0.354948,0.00K,-10.98%
07/09/2002,0.328924,0.336695,0.339777,0.327987,0.00K,-8.43%
07/10/2002,0.298377,0.312048,0.312424,0.297499,0.00K,-9.29%
07/11/2002,0.331864,0.318148,0.333074,0.314921,0.00K,11.22%
07/12/2002,0.331864,0.337915,0.34168,0.328637,0.00K,0.0%
07/15/2002,0.362926,0.350377,0.363924,0.337115,0.00K,9.36%
07/16/2002,0.346669,0.347499,0.358285,0.342659,0.00K,-4.48%
07/17/2002,0.365752,0.371912,0.37707,0.354864,0.00K,5.5%
07/18/2002,0.326211,0.334959,0.337345,0.32356,0.00K,-10.81%
07/19/2002,0.297182,0.301413,0.306018,0.294818,0.00K,-8.9%
07/22/2002,0.275155,0.280471,0.28815,0.271492,0.00K,-7.41%
07/23/2002,0.240066,0.251262,0.254492,0.238775,0.00K,-12.75%
07/24/2002,0.279144,0.257772,0.279619,0.255754,0.00K,16.28%
07/25/2002,0.230701,0.241116,0.242574,0.226014,0.00K,-17.35%
07/26/2002,0.243512,0.242432,0.245455,0.236496,0.00K,5.55%
07/29/2002,0.281075,0.274557,0.284511,0.272187,0.00K,15.43%
07/30/2002,0.298138,0.290993,0.302697,0.289268,0.00K,6.07%
07/31/2002,0.281137,0.282913,0.285163,0.275334,0.00K,-5.7%
08/01/2002,0.241347,0.252123,0.25383,0.2406,0.00K,-14.15%
08/02/2002,0.226303,0.231615,0.232228,0.221909,0.00K,-6.23%
08/05/2002,0.201476,0.207801,0.209784,0.200154,0.00K,-10.97%
08/06/2002,0.231499,0.224264,0.236666,0.224161,0.00K,14.9%
08/07/2002,0.24049,0.24473,0.246531,0.231693,0.00K,3.88%
08/08/2002,0.264974,0.255825,0.265312,0.250742,0.00K,10.18%
08/09/2002,0.256841,0.255514,0.261155,0.251864,0.00K,-3.07%
08/12/2002,0.259164,0.25527,0.260055,0.2536,0.00K,0.9%
08/13/2002,0.232458,0.23897,0.245585,0.231941,0.00K,-10.3%
08/14/2002,0.27711,0.261245,0.278962,0.259045,0.00K,19.21%
08/15/2002,0.294132,0.290639,0.294373,0.284376,0.00K,6.14%
08/16/2002,0.299914,0.293081,0.303574,0.2882,0.00K,1.97%
08/19/2002,0.321876,0.315101,0.325583,0.314079,0.00K,7.32%
08/20/2002,0.317658,0.317658,0.320699,0.31335,0.00K,-1.31%
08/21/2002,0.338945,0.334316,0.340267,0.329027,0.00K,6.7%
08/22/2002,0.355211,0.349618,0.355893,0.345117,0.00K,4.8%
08/23/2002,0.313879,0.32203,0.322155,0.311371,0.00K,-11.64%
08/26/2002,0.317641,0.318273,0.319411,0.309678,0.00K,1.2%
08/27/2002,0.284651,0.296971,0.298027,0.28207,0.00K,-10.39%
08/28/2002,0.253323,0.259176,0.259935,0.252347,0.00K,-11.01%
08/29/2002,0.263404,0.256841,0.268187,0.254839,0.00K,3.98%
08/30/2002,0.253393,0.254802,0.259028,0.2522,0.00K,-3.8%
09/03/2002,0.225756,0.229964,0.233672,0.22285,0.00K,-10.91%
09/04/2002,0.228461,0.226239,0.23139,0.223613,0.00K,1.2%
09/05/2002,0.211796,0.214003,0.214963,0.209493,0.00K,-7.29%
09/06/2002,0.231085,0.229155,0.234845,0.228545,0.00K,9.11%
09/09/2002,0.238097,0.233951,0.241103,0.231049,0.00K,3.03%
09/10/2002,0.255822,0.251258,0.25604,0.249084,0.00K,7.44%
09/11/2002,0.249302,0.256458,0.258915,0.248981,0.00K,-2.55%
09/12/2002,0.228794,0.233128,0.23343,0.227786,0.00K,-8.23%
09/13/2002,0.234236,0.230244,0.235158,0.229527,0.00K,2.38%
09/16/2002,0.224101,0.226089,0.227579,0.221318,0.00K,-4.33%
09/17/2002,0.210089,0.218271,0.219794,0.210089,0.00K,-6.25%
09/18/2002,0.202952,0.203696,0.208623,0.201558,0.00K,-3.4%
09/19/2002,0.193191,0.19427,0.198137,0.192921,0.00K,-4.81%
09/20/2002,0.195619,0.19707,0.197705,0.193896,0.00K,1.26%
09/23/2002,0.177934,0.181592,0.182187,0.176148,0.00K,-9.04%
09/24/2002,0.178189,0.175295,0.181765,0.174954,0.00K,0.14%
09/25/2002,0.199644,0.194875,0.201203,0.192582,0.00K,12.04%
09/26/2002,0.192216,0.197222,0.198742,0.190159,0.00K,-3.72%
09/27/2002,0.184438,0.186525,0.192264,0.184438,0.00K,-4.05%
09/30/2002,0.169046,0.171915,0.173309,0.16716,0.00K,-8.35%
10/01/2002,0.200035,0.190253,0.200126,0.18623,0.00K,18.33%
10/02/2002,0.180013,0.182226,0.186141,0.17763,0.00K,-10.01%
10/03/2002,0.166991,0.16958,0.172331,0.166506,0.00K,-7.23%
10/04/2002,0.157768,0.162284,0.162907,0.155899,0.00K,-5.52%
10/07/2002,0.153329,0.154093,0.156538,0.150961,0.00K,-2.81%
10/08/2002,0.153329,0.154246,0.15669,0.150273,0.00K,0.0%
10/09/2002,0.151037,0.15013,0.154516,0.149373,0.00K,-1.49%
10/10/2002,0.173954,0.165911,0.175031,0.164336,0.00K,15.17%
10/11/2002,0.20231,0.196182,0.203774,0.194993,0.00K,16.3%
10/14/2002,0.209444,0.203735,0.209631,0.202893,0.00K,3.53%
10/15/2002,0.239485,0.238259,0.2402,0.235604,0.00K,14.34%
10/16/2002,0.215588,0.215017,0.219201,0.208931,0.00K,-9.98%
10/17/2002,0.237555,0.238062,0.24019,0.227725,0.00K,10.19%
10/18/2002,0.24546,0.239971,0.245874,0.236346,0.00K,3.33%
10/21/2002,0.260374,0.252083,0.262097,0.249714,0.00K,6.08%
10/22/2002,0.255529,0.251275,0.257655,0.250318,0.00K,-1.86%
10/23/2002,0.270203,0.261928,0.270534,0.259942,0.00K,5.74%
10/24/2002,0.249681,0.257003,0.258782,0.249054,0.00K,-7.59%
10/25/2002,0.269765,0.262831,0.271195,0.262831,0.00K,8.04%
10/28/2002,0.265472,0.270917,0.271352,0.261988,0.00K,-1.59%
10/29/2002,0.246852,0.250895,0.252554,0.24115,0.00K,-7.01%
10/30/2002,0.266758,0.261412,0.269158,0.259012,0.00K,8.06%
10/31/2002,0.266431,0.26763,0.271663,0.264359,0.00K,-0.12%
11/01/2002,0.288997,0.278991,0.290722,0.276346,0.00K,8.47%
11/04/2002,0.311422,0.313234,0.322535,0.310214,0.00K,7.76%
11/05/2002,0.31867,0.313886,0.319528,0.312046,0.00K,2.33%
11/06/2002,0.332285,0.330015,0.33405,0.321818,0.00K,4.27%
11/07/2002,0.297102,0.302361,0.303647,0.294414,0.00K,-10.59%
11/08/2002,0.280622,0.285346,0.28962,0.279385,0.00K,-5.55%
11/11/2002,0.255315,0.261962,0.262701,0.253627,0.00K,-9.02%
11/12/2002,0.274622,0.268866,0.279825,0.268866,0.00K,7.56%
11/13/2002,0.284584,0.278578,0.287078,0.276311,0.00K,3.63%
11/14/2002,0.314165,0.307877,0.318035,0.307151,0.00K,10.39%
11/15/2002,0.326499,0.319801,0.326623,0.31794,0.00K,3.93%
11/18/2002,0.311986,0.319927,0.320648,0.311264,0.00K,-4.45%
11/19/2002,0.297547,0.299296,0.302209,0.293468,0.00K,-4.63%
11/20/2002,0.335659,0.32078,0.335785,0.320527,0.00K,12.81%
11/21/2002,0.37273,0.361926,0.374215,0.35963,0.00K,11.04%
11/22/2002,0.372325,0.367601,0.375294,0.366927,0.00K,-0.11%
11/25/2002,0.383256,0.380092,0.386144,0.377065,0.00K,2.94%
11/26/2002,0.344462,0.353803,0.355723,0.342543,0.00K,-10.12%
11/27/2002,0.377475,0.372312,0.381416,0.371768,0.00K,9.58%
11/29/2002,0.36973,0.376297,0.377369,0.36303,0.00K,-2.05%
12/02/2002,0.380987,0.386728,0.391786,0.375109,0.00K,3.04%
12/03/2002,0.346948,0.351824,0.352209,0.343869,0.00K,-8.93%
12/04/2002,0.324238,0.324115,0.328773,0.319824,0.00K,-6.55%
12/05/2002,0.310631,0.319444,0.32004,0.309797,0.00K,-4.2%
12/06/2002,0.320278,0.312256,0.323317,0.311405,0.00K,3.11%
12/09/2002,0.274698,0.285642,0.289254,0.274479,0.00K,-14.23%
12/10/2002,0.287174,0.285145,0.291119,0.284357,0.00K,4.54%
12/11/2002,0.291232,0.288046,0.295213,0.286681,0.00K,1.41%
12/12/2002,0.29601,0.29762,0.305555,0.29256,0.00K,1.64%
12/13/2002,0.26772,0.272876,0.273413,0.267397,0.00K,-9.56%
12/16/2002,0.293825,0.286631,0.295082,0.284918,0.00K,9.75%
12/17/2002,0.296566,0.295187,0.299669,0.293464,0.00K,0.93%
12/18/2002,0.277607,0.279475,0.280025,0.27398,0.00K,-6.39%
12/19/2002,0.267057,0.268235,0.274766,0.26438,0.00K,-3.8%
12/20/2002,0.275409,0.275518,0.27683,0.272677,0.00K,3.13%
12/23/2002,0.286884,0.281382,0.287895,0.280821,0.00K,4.17%
12/24/2002,0.276105,0.277747,0.280264,0.275777,0.00K,-3.76%
12/26/2002,0.273807,0.276528,0.280663,0.27261,0.00K,-0.83%
12/27/2002,0.258789,0.262561,0.269581,0.258056,0.00K,-5.48%
12/30/2002,0.253131,0.255196,0.256538,0.250344,0.00K,-2.19%
12/31/2002,0.245079,0.246796,0.248413,0.24417,0.00K,-3.18%
01/02/2003,0.275992,0.268568,0.277629,0.265729,0.00K,12.61%
01/03/2003,0.285162,0.282708,0.285497,0.2807,0.00K,3.32%
01/06/2003,0.306583,0.299445,0.309742,0.293477,0.00K,7.51%
01/07/2003,0.318167,0.315289,0.321405,0.31337,0.00K,3.78%
01/08/2003,0.291184,0.296718,0.297848,0.290506,0.00K,-8.48%
01/09/2003,0.318292,0.312783,0.321525,0.312544,0.00K,9.31%
01/10/2003,0.332302,0.323185,0.334274,0.321583,0.00K,4.4%
01/13/2003,0.326388,0.331136,0.33284,0.323953,0.00K,-1.78%
01/14/2003,0.331501,0.32941,0.334453,0.328672,0.00K,1.57%
01/15/2003,0.319324,0.325201,0.326641,0.317404,0.00K,-3.67%
01/16/2003,0.308527,0.31263,0.31474,0.3063,0.00K,-3.38%
01/17/2003,0.268789,0.275085,0.275512,0.268363,0.00K,-12.88%
01/21/2003,0.259826,0.26379,0.26525,0.259722,0.00K,-3.33%
01/22/2003,0.256697,0.257111,0.262905,0.256076,0.00K,-1.2%
01/23/2003,0.2747,0.27351,0.27827,0.270372,0.00K,7.01%
01/24/2003,0.252304,0.259557,0.259557,0.250568,0.00K,-8.15%
01/27/2003,0.243724,0.242925,0.248614,0.242127,0.00K,-3.4%
01/28/2003,0.25091,0.250808,0.253657,0.247349,0.00K,2.95%
01/29/2003,0.262204,0.258118,0.265346,0.253823,0.00K,4.5%
01/30/2003,0.243348,0.251018,0.252014,0.24285,0.00K,-7.19%
01/31/2003,0.240359,0.236605,0.243422,0.236111,0.00K,-1.23%
02/03/2003,0.241841,0.242139,0.244817,0.24075,0.00K,0.62%
02/04/2003,0.232914,0.232817,0.233977,0.229335,0.00K,-3.69%
02/05/2003,0.229722,0.232118,0.237101,0.229051,0.00K,-1.37%
02/06/2003,0.233459,0.231812,0.234815,0.230069,0.00K,1.63%
02/07/2003,0.221835,0.226983,0.227825,0.220337,0.00K,-4.98%
02/10/2003,0.227732,0.226589,0.229922,0.223922,0.00K,2.66%
02/11/2003,0.231446,0.232409,0.235875,0.229232,0.00K,1.63%
02/12/2003,0.221915,0.224255,0.226688,0.221541,0.00K,-4.12%
02/13/2003,0.225284,0.224433,0.225662,0.219423,0.00K,1.52%
02/14/2003,0.240883,0.234362,0.240982,0.232287,0.00K,6.92%
02/18/2003,0.263114,0.257355,0.264056,0.257251,0.00K,9.23%
02/19/2003,0.257774,0.259013,0.259427,0.253953,0.00K,-2.03%
02/20/2003,0.254676,0.256417,0.257647,0.253242,0.00K,-1.2%
02/21/2003,0.260515,0.258019,0.262595,0.253755,0.00K,2.29%
02/24/2003,0.247099,0.251014,0.251817,0.246798,0.00K,-5.15%
02/25/2003,0.248003,0.244884,0.249814,0.241161,0.00K,0.37%
02/26/2003,0.231704,0.236125,0.238527,0.231512,0.00K,-6.57%
02/27/2003,0.247273,0.243862,0.248777,0.242357,0.00K,6.72%
02/28/2003,0.259009,0.255389,0.25963,0.254458,0.00K,4.75%
03/03/2003,0.243494,0.249546,0.25163,0.242601,0.00K,-5.99%
03/04/2003,0.239029,0.240597,0.241577,0.238245,0.00K,-1.83%
03/05/2003,0.240499,0.239023,0.242663,0.238235,0.00K,0.62%
03/06/2003,0.238727,0.23814,0.240588,0.236181,0.00K,-0.74%
03/07/2003,0.240196,0.235673,0.244129,0.234494,0.00K,0.62%
03/10/2003,0.224563,0.22757,0.228697,0.223624,0.00K,-6.51%
03/11/2003,0.218644,0.221043,0.222705,0.218459,0.00K,-2.64%
03/12/2003,0.23055,0.226057,0.230645,0.223954,0.00K,5.45%
03/13/2003,0.270122,0.259846,0.270439,0.257304,0.00K,17.16%
03/14/2003,0.2733,0.273406,0.276075,0.269456,0.00K,1.18%
03/17/2003,0.301484,0.288163,0.303761,0.287252,0.00K,10.31%
03/18/2003,0.312413,0.311015,0.31288,0.306585,0.00K,3.63%
03/19/2003,0.30472,0.306325,0.307815,0.300478,0.00K,-2.46%
03/20/2003,0.308159,0.305156,0.311971,0.300882,0.00K,1.13%
03/21/2003,0.320633,0.321107,0.323123,0.30925,0.00K,4.05%
03/24/2003,0.280791,0.285449,0.286858,0.280033,0.00K,-12.43%
03/25/2003,0.292816,0.290031,0.296714,0.288361,0.00K,4.28%
03/26/2003,0.297828,0.297152,0.300193,0.295575,0.00K,1.71%
03/27/2003,0.291407,0.290297,0.294516,0.28841,0.00K,-2.16%
03/28/2003,0.281749,0.2824,0.285548,0.280338,0.00K,-3.31%
03/31/2003,0.254725,0.258272,0.25959,0.254319,0.00K,-9.59%
04/01/2003,0.260806,0.260703,0.263072,0.258747,0.00K,2.39%
04/02/2003,0.288915,0.285612,0.291118,0.285282,0.00K,10.78%
04/03/2003,0.292879,0.294657,0.296879,0.29099,0.00K,1.37%
04/04/2003,0.278546,0.284132,0.284455,0.277687,0.00K,-4.89%
04/07/2003,0.279835,0.290719,0.291688,0.27962,0.00K,0.46%
04/08/2003,0.278866,0.279833,0.281338,0.276931,0.00K,-0.35%
04/09/2003,0.259515,0.266069,0.271395,0.259003,0.00K,-6.94%
04/10/2003,0.269039,0.265788,0.269039,0.26411,0.00K,3.67%
04/11/2003,0.260858,0.266098,0.267639,0.259317,0.00K,-3.04%
04/14/2003,0.276886,0.27229,0.278061,0.271115,0.00K,6.14%
04/15/2003,0.2849,0.281524,0.286861,0.280217,0.00K,2.89%
04/16/2003,0.28294,0.287602,0.289553,0.281856,0.00K,-0.69%
04/17/2003,0.302453,0.294977,0.304152,0.294864,0.00K,6.9%
04/21/2003,0.305512,0.305854,0.307678,0.302205,0.00K,1.01%
04/22/2003,0.32296,0.314797,0.323315,0.313851,0.00K,5.71%
04/23/2003,0.330058,0.328497,0.331498,0.325617,0.00K,2.2%
04/24/2003,0.324657,0.323232,0.327862,0.322164,0.00K,-1.64%
04/25/2003,0.305783,0.310001,0.311141,0.304757,0.00K,-5.81%
04/28/2003,0.323911,0.318818,0.325687,0.317634,0.00K,5.93%
04/29/2003,0.332793,0.331708,0.336772,0.328935,0.00K,2.74%
04/30/2003,0.322665,0.325027,0.32668,0.322428,0.00K,-3.04%
05/01/2003,0.331168,0.328164,0.333331,0.32516,0.00K,2.64%
05/02/2003,0.352437,0.344049,0.352562,0.343548,0.00K,6.42%
05/05/2003,0.35131,0.352185,0.357057,0.350311,0.00K,-0.32%
05/06/2003,0.364803,0.359807,0.368518,0.359679,0.00K,3.84%
05/07/2003,0.352506,0.354008,0.357513,0.350378,0.00K,-3.37%
05/08/2003,0.332978,0.334062,0.338038,0.332858,0.00K,-5.54%
05/09/2003,0.356108,0.351449,0.35699,0.35082,0.00K,6.95%
05/12/2003,0.372352,0.366127,0.373909,0.363663,0.00K,4.56%
05/13/2003,0.365349,0.364965,0.369447,0.363812,0.00K,-1.88%
05/14/2003,0.363044,0.366487,0.367762,0.359983,0.00K,-0.63%
05/15/2003,0.375286,0.37307,0.376068,0.370593,0.00K,3.37%
05/16/2003,0.366682,0.367067,0.369763,0.363859,0.00K,-2.29%
05/19/2003,0.327794,0.337666,0.339569,0.326842,0.00K,-10.61%
05/20/2003,0.330648,0.330529,0.332921,0.326342,0.00K,0.87%
05/21/2003,0.327777,0.327301,0.328491,0.324804,0.00K,-0.87%
05/22/2003,0.342049,0.338012,0.344863,0.336299,0.00K,4.35%
05/23/2003,0.342416,0.341682,0.344252,0.34058,0.00K,0.11%
05/27/2003,0.378776,0.363604,0.380345,0.363211,0.00K,10.62%
05/28/2003,0.382307,0.381912,0.385071,0.379412,0.00K,0.93%
05/29/2003,0.387045,0.385983,0.393546,0.385054,0.00K,1.24%
05/30/2003,0.406151,0.40259,0.407247,0.401494,0.00K,4.94%
06/02/2003,0.397522,0.404273,0.405893,0.393876,0.00K,-2.12%
06/03/2003,0.408864,0.403086,0.409139,0.392493,0.00K,2.85%
06/04/2003,0.431976,0.423274,0.434259,0.42199,0.00K,5.65%
06/05/2003,0.431976,0.427839,0.435685,0.425556,0.00K,0.0%
06/06/2003,0.419565,0.433974,0.438171,0.418026,0.00K,-2.87%
06/09/2003,0.402776,0.406452,0.409446,0.400054,0.00K,-4.0%
06/10/2003,0.421152,0.416666,0.421433,0.414143,0.00K,4.56%
06/11/2003,0.435453,0.429002,0.437173,0.425132,0.00K,3.4%
06/12/2003,0.441043,0.440898,0.442488,0.435405,0.00K,1.28%
06/13/2003,0.411119,0.420632,0.421735,0.409741,0.00K,-6.78%
06/16/2003,0.449171,0.438796,0.449463,0.436312,0.00K,9.26%
06/17/2003,0.44391,0.44768,0.448985,0.441011,0.00K,-1.17%
06/18/2003,0.450869,0.447061,0.455264,0.443985,0.00K,1.57%
06/19/2003,0.428897,0.436829,0.44037,0.42833,0.00K,-4.87%
06/20/2003,0.427197,0.431577,0.432848,0.425361,0.00K,-0.4%
06/23/2003,0.407278,0.413024,0.413572,0.40249,0.00K,-4.66%
06/24/2003,0.397839,0.398512,0.403899,0.395818,0.00K,-2.32%
06/25/2003,0.391374,0.393372,0.400166,0.390708,0.00K,-1.62%
06/26/2003,0.419348,0.412238,0.420185,0.410844,0.00K,7.15%
06/27/2003,0.403037,0.408739,0.413083,0.402223,0.00K,-3.89%
06/30/2003,0.407924,0.410798,0.413261,0.405872,0.00K,1.21%
07/01/2003,0.424345,0.415215,0.424767,0.409034,0.00K,4.03%
07/02/2003,0.450472,0.442289,0.450764,0.441851,0.00K,6.16%
07/03/2003,0.433376,0.435085,0.44078,0.43181,0.00K,-3.8%
07/07/2003,0.488901,0.474884,0.489055,0.47473,0.00K,12.81%
07/08/2003,0.506923,0.499034,0.507396,0.49651,0.00K,3.69%
07/09/2003,0.503136,0.502822,0.507689,0.498898,0.00K,-0.75%
07/10/2003,0.474879,0.478654,0.480768,0.470802,0.00K,-5.62%
07/11/2003,0.485751,0.482838,0.48805,0.482225,0.00K,2.29%
07/14/2003,0.503225,0.505108,0.511541,0.500871,0.00K,3.6%
07/15/2003,0.505108,0.509355,0.511243,0.500074,0.00K,0.37%
07/16/2003,0.500388,0.505078,0.505703,0.493667,0.00K,-0.93%
07/17/2003,0.45443,0.461606,0.464095,0.452526,0.00K,-9.18%
07/18/2003,0.458823,0.460592,0.468846,0.453664,0.00K,0.97%
07/21/2003,0.441579,0.446606,0.447468,0.4377,0.00K,-3.76%
07/22/2003,0.460971,0.45772,0.463336,0.454025,0.00K,4.39%
07/23/2003,0.472499,0.469344,0.4731,0.463485,0.00K,2.5%
07/24/2003,0.453569,0.463363,0.465848,0.452254,0.00K,-4.01%
07/25/2003,0.480757,0.470732,0.481365,0.465263,0.00K,5.99%
07/28/2003,0.484858,0.4844,0.486386,0.480428,0.00K,0.85%
07/29/2003,0.47386,0.478072,0.479426,0.467541,0.00K,-2.27%
07/30/2003,0.46348,0.467778,0.468223,0.462146,0.00K,-2.19%
07/31/2003,0.480377,0.480225,0.488421,0.476127,0.00K,3.65%
08/01/2003,0.464895,0.46831,0.469795,0.46252,0.00K,-3.22%
08/04/2003,0.46445,0.464005,0.471424,0.455547,0.00K,-0.1%
08/05/2003,0.409695,0.425909,0.426862,0.407515,0.00K,-11.79%
08/06/2003,0.408878,0.411191,0.41677,0.407653,0.00K,-0.2%
08/07/2003,0.413776,0.412542,0.416519,0.409799,0.00K,1.2%
08/08/2003,0.403902,0.40876,0.410379,0.402012,0.00K,-2.39%
08/11/2003,0.417261,0.412849,0.420019,0.412159,0.00K,3.31%
08/12/2003,0.436291,0.43132,0.436859,0.428621,0.00K,4.56%
08/13/2003,0.436717,0.43828,0.439417,0.43359,0.00K,0.1%
08/14/2003,0.437996,0.437711,0.441983,0.434721,0.00K,0.29%
08/15/2003,0.449102,0.446641,0.45084,0.445772,0.00K,2.54%
08/18/2003,0.483849,0.473813,0.484457,0.470012,0.00K,7.74%
08/19/2003,0.502096,0.498044,0.502252,0.493993,0.00K,3.77%
08/20/2003,0.498356,0.49541,0.501922,0.494169,0.00K,-0.74%
08/21/2003,0.514637,0.513845,0.517488,0.508776,0.00K,3.27%
08/22/2003,0.505133,0.517961,0.519525,0.503412,0.00K,-1.85%
08/25/2003,0.508418,0.506062,0.509361,0.503705,0.00K,0.65%
08/26/2003,0.509832,0.50574,0.510619,0.498342,0.00K,0.28%
08/27/2003,0.52211,0.517153,0.52259,0.515234,0.00K,2.41%
08/28/2003,0.536022,0.533581,0.53651,0.526747,0.00K,2.66%
08/29/2003,0.550179,0.54455,0.551338,0.543557,0.00K,2.64%
09/02/2003,0.574021,0.56755,0.574362,0.56159,0.00K,4.33%
09/03/2003,0.572999,0.577251,0.578952,0.569598,0.00K,-0.18%
09/04/2003,0.588817,0.583102,0.589856,0.58085,0.00K,2.76%
09/05/2003,0.577387,0.577899,0.584224,0.572772,0.00K,-1.94%
09/08/2003,0.606102,0.597277,0.606632,0.596395,0.00K,4.97%
09/09/2003,0.584393,0.588526,0.58956,0.581465,0.00K,-3.58%
09/10/2003,0.54254,0.550239,0.552532,0.539919,0.00K,-7.16%
09/11/2003,0.560231,0.554207,0.562574,0.549856,0.00K,3.26%
09/12/2003,0.569267,0.561149,0.569605,0.556414,0.00K,1.61%
09/15/2003,0.552524,0.558326,0.559486,0.551861,0.00K,-2.94%
09/16/2003,0.59778,0.582417,0.598304,0.582417,0.00K,8.19%
09/17/2003,0.590448,0.59166,0.594603,0.586465,0.00K,-1.23%
09/18/2003,0.617459,0.60658,0.618886,0.603548,0.00K,4.57%
09/19/2003,0.606758,0.61046,0.611694,0.60288,0.00K,-1.73%
09/22/2003,0.571855,0.575412,0.576597,0.569314,0.00K,-5.75%
09/23/2003,0.602344,0.592703,0.603046,0.591651,0.00K,5.33%
09/24/2003,0.534502,0.55519,0.559877,0.533694,0.00K,-11.26%
09/25/2003,0.513652,0.522779,0.532221,0.51318,0.00K,-3.9%
09/26/2003,0.503738,0.508553,0.512902,0.502806,0.00K,-1.93%
09/29/2003,0.529833,0.52373,0.530315,0.518751,0.00K,5.18%
09/30/2003,0.495143,0.502815,0.503428,0.494222,0.00K,-6.55%
10/01/2003,0.528745,0.520093,0.530027,0.517049,0.00K,6.79%
10/02/2003,0.534033,0.531452,0.536614,0.52871,0.00K,1.0%
10/03/2003,0.578549,0.572769,0.583309,0.572259,0.00K,8.34%
10/06/2003,0.5913,0.58854,0.591472,0.584745,0.00K,2.2%
10/07/2003,0.602167,0.593612,0.602167,0.590993,0.00K,1.84%
10/08/2003,0.590644,0.597193,0.59771,0.587025,0.00K,-1.91%
10/09/2003,0.604087,0.607936,0.614234,0.599539,0.00K,2.28%
10/10/2003,0.620882,0.616606,0.621238,0.61429,0.00K,2.78%
10/13/2003,0.633175,0.63137,0.635521,0.627399,0.00K,1.98%
10/14/2003,0.638048,0.633876,0.639681,0.631336,0.00K,0.77%
10/15/2003,0.629884,0.640856,0.641755,0.627186,0.00K,-1.28%
10/16/2003,0.644453,0.638062,0.645732,0.636236,0.00K,2.31%
10/17/2003,0.598434,0.612331,0.613547,0.59826,0.00K,-7.14%
10/20/2003,0.620843,0.613901,0.632056,0.603755,0.00K,3.74%
10/21/2003,0.632056,0.630075,0.635479,0.626473,0.00K,1.81%
10/22/2003,0.595311,0.600847,0.601539,0.593062,0.00K,-5.81%
10/23/2003,0.57455,0.574213,0.580294,0.572523,0.00K,-3.49%
10/24/2003,0.576071,0.569132,0.576579,0.564055,0.00K,0.26%
10/27/2003,0.576579,0.577764,0.580642,0.5737,0.00K,0.09%
10/28/2003,0.634998,0.618221,0.6359,0.617139,0.00K,10.13%
10/29/2003,0.632834,0.630674,0.634453,0.628334,0.00K,-0.34%
10/30/2003,0.636613,0.644022,0.647455,0.632096,0.00K,0.6%
10/31/2003,0.625229,0.629692,0.630585,0.623087,0.00K,-1.79%
11/03/2003,0.655759,0.649678,0.659812,0.648573,0.00K,4.88%
11/04/2003,0.642492,0.645582,0.648854,0.64122,0.00K,-2.02%
11/05/2003,0.65994,0.65402,0.660866,0.64736,0.00K,2.72%
11/06/2003,0.665491,0.6627,0.666049,0.654514,0.00K,0.84%
11/07/2003,0.648188,0.656414,0.658242,0.64764,0.00K,-2.6%
11/10/2003,0.624608,0.633523,0.634415,0.622825,0.00K,-3.64%
11/11/2003,0.617654,0.619247,0.621902,0.613937,0.00K,-1.11%
11/12/2003,0.656943,0.645331,0.659892,0.644778,0.00K,6.36%
11/13/2003,0.654731,0.653628,0.657122,0.650685,0.00K,-0.34%
11/14/2003,0.615006,0.628406,0.632109,0.613419,0.00K,-6.07%
11/17/2003,0.595963,0.598726,0.599934,0.588712,0.00K,-3.1%
11/18/2003,0.554529,0.57081,0.572454,0.553542,0.00K,-6.95%
11/19/2003,0.57081,0.567457,0.573995,0.565278,0.00K,2.94%
11/20/2003,0.554214,0.554378,0.567362,0.553063,0.00K,-2.91%
11/21/2003,0.571471,0.568955,0.572142,0.563084,0.00K,3.11%
11/24/2003,0.619275,0.607604,0.620513,0.60672,0.00K,8.37%
11/25/2003,0.619275,0.621221,0.623873,0.617684,0.00K,0.0%
11/26/2003,0.627763,0.628834,0.630797,0.618306,0.00K,1.37%
11/28/2003,0.629905,0.627759,0.631872,0.626685,0.00K,0.34%
12/01/2003,0.657269,0.653773,0.659292,0.649359,0.00K,4.34%
12/02/2003,0.646231,0.648414,0.652597,0.644049,0.00K,-1.68%
12/03/2003,0.622223,0.632507,0.637472,0.622223,0.00K,-3.72%
12/04/2003,0.641905,0.637561,0.643354,0.63213,0.00K,3.16%
12/05/2003,0.610408,0.614433,0.618283,0.609008,0.00K,-4.91%
12/08/2003,0.620383,0.616668,0.622152,0.612422,0.00K,1.63%
12/09/2003,0.577927,0.59496,0.595128,0.576578,0.00K,-6.84%
12/10/2003,0.584504,0.583994,0.586883,0.577198,0.00K,1.14%
12/11/2003,0.622225,0.608059,0.623819,0.607882,0.00K,6.45%
12/12/2003,0.619038,0.61992,0.620802,0.613038,0.00K,-0.51%
12/15/2003,0.594686,0.614268,0.615299,0.592452,0.00K,-3.93%
12/16/2003,0.598293,0.597258,0.601225,0.590877,0.00K,0.61%
12/17/2003,0.601397,0.599667,0.602955,0.595513,0.00K,0.52%
12/18/2003,0.634626,0.623866,0.63606,0.623866,0.00K,5.53%
12/19/2003,0.629246,0.63192,0.632634,0.624788,0.00K,-0.85%
12/22/2003,0.63513,0.631362,0.637104,0.630286,0.00K,0.94%
12/23/2003,0.649663,0.645291,0.652941,0.644016,0.00K,2.29%
12/24/2003,0.652941,0.651844,0.655134,0.651114,0.00K,0.5%
12/26/2003,0.6502,0.652204,0.654573,0.649653,0.00K,-0.42%
12/29/2003,0.682455,0.67474,0.684148,0.674552,0.00K,4.96%
12/30/2003,0.689228,0.68866,0.689607,0.684304,0.00K,0.99%
12/31/2003,0.683546,0.68656,0.686937,0.679591,0.00K,-0.82%
01/02/2004,0.677896,0.683515,0.68595,0.675273,0.00K,-0.83%
01/05/2004,0.718918,0.708987,0.720086,0.708598,0.00K,6.05%
01/06/2004,0.733522,0.728391,0.735101,0.725826,0.00K,2.03%
01/07/2004,0.753059,0.745227,0.753059,0.74101,0.00K,2.66%
01/08/2004,0.771132,0.76848,0.77154,0.76338,0.00K,2.4%
01/09/2004,0.755832,0.75543,0.768312,0.753014,0.00K,-1.98%
01/12/2004,0.792064,0.782098,0.792479,0.778569,0.00K,4.79%
01/13/2004,0.768395,0.774905,0.776736,0.761275,0.00K,-2.99%
01/14/2004,0.776329,0.776944,0.779812,0.76957,0.00K,1.03%
01/15/2004,0.782475,0.777327,0.78824,0.771149,0.00K,0.79%
01/16/2004,0.806567,0.802575,0.807827,0.798163,0.00K,3.08%
01/20/2004,0.804676,0.808661,0.814325,0.799851,0.00K,-0.23%
01/21/2004,0.794607,0.794815,0.800431,0.786702,0.00K,-1.25%
01/22/2004,0.780254,0.788474,0.79135,0.778404,0.00K,-1.81%
01/23/2004,0.771623,0.775703,0.780802,0.766932,0.00K,-1.11%
01/26/2004,0.807114,0.794296,0.808375,0.791354,0.00K,4.6%
01/27/2004,0.753531,0.768979,0.771386,0.752528,0.00K,-6.64%
01/28/2004,0.715613,0.731697,0.734022,0.713676,0.00K,-5.03%
01/29/2004,0.723752,0.723557,0.725119,0.712428,0.00K,1.14%
01/30/2004,0.713795,0.71631,0.720952,0.71186,0.00K,-1.38%
02/02/2004,0.707992,0.712417,0.717803,0.705106,0.00K,-0.81%
02/03/2004,0.705683,0.705299,0.711634,0.701652,0.00K,-0.33%
02/04/2004,0.671128,0.676511,0.697483,0.671128,0.00K,-4.9%
02/05/2004,0.678923,0.679672,0.683412,0.676305,0.00K,1.16%
02/06/2004,0.715956,0.705689,0.718861,0.704333,0.00K,5.45%
02/09/2004,0.715375,0.719634,0.720408,0.714019,0.00K,-0.08%
02/10/2004,0.718859,0.716334,0.723327,0.715946,0.00K,0.49%
02/11/2004,0.741585,0.734843,0.743369,0.730283,0.00K,3.16%
02/12/2004,0.722549,0.727811,0.731123,0.722355,0.00K,-2.57%
02/13/2004,0.704427,0.713048,0.723968,0.700979,0.00K,-2.51%
02/17/2004,0.733164,0.730016,0.736508,0.728836,0.00K,4.08%
02/18/2004,0.739655,0.738864,0.741832,0.735104,0.00K,0.89%
02/19/2004,0.705819,0.721926,0.723268,0.702751,0.00K,-4.57%
02/20/2004,0.698916,0.701011,0.70425,0.693011,0.00K,-0.98%
02/23/2004,0.675485,0.685726,0.686284,0.665245,0.00K,-3.35%
02/24/2004,0.670458,0.668791,0.676201,0.663789,0.00K,-0.74%
02/25/2004,0.682686,0.679873,0.684373,0.677998,0.00K,1.82%
02/26/2004,0.687748,0.68398,0.690951,0.680965,0.00K,0.74%
02/27/2004,0.682095,0.685656,0.689029,0.676474,0.00K,-0.82%
03/01/2004,0.709079,0.701965,0.709464,0.697928,0.00K,3.96%
03/02/2004,0.684277,0.691035,0.69479,0.684089,0.00K,-3.5%
03/03/2004,0.673013,0.674684,0.676912,0.669114,0.00K,-1.65%
03/04/2004,0.69195,0.685899,0.693274,0.684953,0.00K,2.81%
03/05/2004,0.684575,0.680444,0.694339,0.679506,0.00K,-1.07%
03/08/2004,0.636133,0.652572,0.654895,0.635418,0.00K,-7.08%
03/09/2004,0.630236,0.633255,0.635919,0.62775,0.00K,-0.93%
03/10/2004,0.60573,0.61524,0.619563,0.604692,0.00K,-3.89%
03/11/2004,0.58913,0.592524,0.600162,0.587942,0.00K,-2.74%
03/12/2004,0.621209,0.615935,0.622615,0.615056,0.00K,5.45%
03/15/2004,0.589041,0.597012,0.597691,0.587684,0.00K,-5.18%
03/16/2004,0.592094,0.594817,0.597199,0.586648,0.00K,0.52%
03/17/2004,0.619665,0.614754,0.621769,0.614227,0.00K,4.66%
03/18/2004,0.611772,0.612294,0.613685,0.605338,0.00K,-1.27%
03/19/2004,0.580992,0.589894,0.59275,0.580488,0.00K,-5.03%
03/22/2004,0.558821,0.562421,0.562748,0.554239,0.00K,-3.82%
03/23/2004,0.545075,0.554087,0.555053,0.544753,0.00K,-2.46%
03/24/2004,0.563904,0.55946,0.567361,0.557156,0.00K,3.45%
03/25/2004,0.609332,0.597381,0.611238,0.596862,0.00K,8.06%
03/26/2004,0.603097,0.604473,0.60929,0.602753,0.00K,-1.02%
03/29/2004,0.631996,0.627028,0.635012,0.626673,0.00K,4.79%
03/30/2004,0.638384,0.634097,0.639098,0.631417,0.00K,1.01%
03/31/2004,0.634633,0.636056,0.637479,0.63054,0.00K,-0.59%
04/01/2004,0.651713,0.645375,0.653342,0.644832,0.00K,2.69%
04/02/2004,0.702778,0.698781,0.703919,0.69174,0.00K,7.84%
04/05/2004,0.722759,0.71481,0.723729,0.713453,0.00K,2.84%
04/06/2004,0.695423,0.698824,0.703358,0.69429,0.00K,-3.78%
04/07/2004,0.693156,0.694099,0.696361,0.687878,0.00K,-0.33%
04/08/2004,0.693156,0.700885,0.701639,0.689386,0.00K,0.0%
04/12/2004,0.706163,0.704255,0.707499,0.702537,0.00K,1.88%
04/13/2004,0.675245,0.688394,0.688764,0.672096,0.00K,-4.38%
04/14/2004,0.685246,0.677765,0.687864,0.67683,0.00K,1.48%
04/15/2004,0.648215,0.659025,0.661007,0.645873,0.00K,-5.4%
04/16/2004,0.644973,0.646948,0.649102,0.639586,0.00K,-0.5%
04/19/2004,0.668674,0.659111,0.669778,0.65856,0.00K,3.67%
04/20/2004,0.621779,0.638063,0.641215,0.621078,0.00K,-7.01%
04/21/2004,0.638063,0.63646,0.640201,0.628444,0.00K,2.62%
04/22/2004,0.687761,0.670544,0.689446,0.67017,0.00K,7.79%
04/23/2004,0.704043,0.701572,0.704993,0.698151,0.00K,2.37%
04/26/2004,0.688647,0.693142,0.695202,0.683216,0.00K,-2.19%
04/27/2004,0.684714,0.686206,0.690684,0.681356,0.00K,-0.57%
04/28/2004,0.647213,0.656374,0.656554,0.64398,0.00K,-5.48%
04/29/2004,0.617035,0.624863,0.629212,0.611294,0.00K,-4.66%
04/30/2004,0.572154,0.586701,0.589016,0.571327,0.00K,-7.27%
05/03/2004,0.58852,0.586835,0.595426,0.584982,0.00K,2.86%
05/04/2004,0.596099,0.59542,0.604423,0.592362,0.00K,1.29%
05/05/2004,0.609859,0.608135,0.612791,0.60434,0.00K,2.31%
05/06/2004,0.596407,0.595387,0.600824,0.58944,0.00K,-2.21%
05/07/2004,0.581624,0.583629,0.592651,0.580621,0.00K,-2.48%
05/10/2004,0.566586,0.566586,0.570362,0.562482,0.00K,-2.59%
05/11/2004,0.592198,0.588479,0.59541,0.587634,0.00K,4.52%
05/12/2004,0.595748,0.593372,0.597106,0.578945,0.00K,0.6%
05/13/2004,0.583019,0.583855,0.590212,0.581513,0.00K,-2.14%
05/14/2004,0.56997,0.577385,0.579197,0.568157,0.00K,-2.24%
05/17/2004,0.553657,0.55301,0.556727,0.548647,0.00K,-2.86%
05/18/2004,0.568686,0.567534,0.571483,0.566547,0.00K,2.71%
05/19/2004,0.566712,0.574426,0.58017,0.565727,0.00K,-0.35%
05/20/2004,0.57459,0.57343,0.577406,0.569786,0.00K,1.39%
05/21/2004,0.583037,0.583037,0.585546,0.578354,0.00K,1.47%
05/24/2004,0.595079,0.595757,0.598301,0.590671,0.00K,2.07%
05/25/2004,0.630174,0.616088,0.632287,0.612566,0.00K,5.9%
05/26/2004,0.642323,0.636438,0.642323,0.635547,0.00K,1.93%
05/27/2004,0.654627,0.65228,0.656072,0.648126,0.00K,1.92%
05/28/2004,0.66167,0.658578,0.66167,0.655486,0.00K,1.08%
06/01/2004,0.658942,0.654589,0.659849,0.651868,0.00K,-0.41%
06/02/2004,0.654589,0.657117,0.658923,0.650075,0.00K,-0.66%
06/03/2004,0.630753,0.636389,0.637446,0.627935,0.00K,-3.64%
06/04/2004,0.64185,0.644701,0.649512,0.641493,0.00K,1.76%
06/07/2004,0.687823,0.676447,0.688756,0.674582,0.00K,7.16%
06/08/2004,0.690621,0.686881,0.692304,0.685946,0.00K,0.41%
06/09/2004,0.661448,0.668714,0.669986,0.657633,0.00K,-4.22%
06/10/2004,0.675618,0.672854,0.675618,0.670275,0.00K,2.14%
06/14/2004,0.646876,0.652065,0.652065,0.642939,0.00K,-4.25%
06/15/2004,0.672107,0.667885,0.675777,0.667885,0.00K,3.9%
06/16/2004,0.668803,0.669169,0.671913,0.667339,0.00K,-0.49%
06/17/2004,0.650144,0.654811,0.65499,0.647631,0.00K,-2.79%
06/18/2004,0.652836,0.650316,0.660036,0.649596,0.00K,0.41%
06/21/2004,0.637177,0.643729,0.645677,0.635583,0.00K,-2.4%
06/22/2004,0.665334,0.655858,0.665699,0.653307,0.00K,4.42%
06/23/2004,0.689389,0.679128,0.690695,0.678008,0.00K,3.62%
06/24/2004,0.685471,0.684914,0.691047,0.683055,0.00K,-0.57%
06/25/2004,0.701084,0.694858,0.702216,0.694481,0.00K,2.28%
06/28/2004,0.683538,0.692256,0.692813,0.681312,0.00K,-2.5%
06/29/2004,0.703015,0.697912,0.706983,0.697534,0.00K,2.85%
06/30/2004,0.723425,0.718032,0.726506,0.716106,0.00K,2.9%
07/01/2004,0.683555,0.694865,0.694865,0.67855,0.00K,-5.51%
07/02/2004,0.671319,0.675349,0.678097,0.667839,0.00K,-1.79%
07/06/2004,0.627908,0.637889,0.637889,0.624406,0.00K,-6.47%
07/07/2004,0.631585,0.629124,0.634925,0.628421,0.00K,0.59%
07/08/2004,0.610491,0.612381,0.61788,0.607914,0.00K,-3.34%
07/09/2004,0.613069,0.614619,0.618065,0.611001,0.00K,0.42%
07/12/2004,0.605315,0.604802,0.606852,0.59028,0.00K,-1.26%
07/13/2004,0.602752,0.605137,0.607181,0.600537,0.00K,-0.42%
07/14/2004,0.584864,0.585031,0.592377,0.582526,0.00K,-2.97%
07/15/2004,0.578853,0.582998,0.585651,0.578687,0.00K,-1.03%
07/16/2004,0.558955,0.571265,0.571427,0.558146,0.00K,-3.44%
07/19/2004,0.555554,0.558458,0.561523,0.553457,0.00K,-0.61%
07/20/2004,0.595237,0.583757,0.597938,0.583251,0.00K,7.14%
07/21/2004,0.54358,0.562313,0.563265,0.542627,0.00K,-8.68%
07/22/2004,0.565964,0.559605,0.569878,0.555855,0.00K,4.12%
07/23/2004,0.533679,0.540419,0.540732,0.530858,0.00K,-5.7%
07/26/2004,0.526626,0.529423,0.532063,0.521034,0.00K,-1.32%
07/27/2004,0.54853,0.543104,0.551403,0.54071,0.00K,4.16%
07/28/2004,0.541348,0.541823,0.545145,0.532331,0.00K,-1.31%
07/29/2004,0.560332,0.559199,0.562598,0.5558,0.00K,3.51%
07/30/2004,0.565673,0.563556,0.569094,0.561764,0.00K,0.95%
08/02/2004,0.569094,0.56337,0.570075,0.560917,0.00K,0.6%
08/03/2004,0.53328,0.542828,0.544237,0.532654,0.00K,-6.29%
08/04/2004,0.533749,0.53234,0.537195,0.530147,0.00K,0.09%
08/05/2004,0.503679,0.514976,0.515729,0.503679,0.00K,-5.63%
08/06/2004,0.464367,0.473919,0.474062,0.463511,0.00K,-7.81%
08/09/2004,0.467789,0.467932,0.470081,0.465639,0.00K,0.74%
08/10/2004,0.485411,0.481887,0.489376,0.481153,0.00K,3.77%
08/11/2004,0.472637,0.471628,0.474368,0.467301,0.00K,-2.63%
08/12/2004,0.453166,0.456251,0.458494,0.451764,0.00K,-4.12%
08/13/2004,0.45527,0.457098,0.458364,0.452879,0.00K,0.46%
08/16/2004,0.470459,0.466578,0.474915,0.466147,0.00K,3.34%
08/17/2004,0.486846,0.484787,0.489345,0.482729,0.00K,3.48%
08/18/2004,0.51243,0.500566,0.513343,0.499806,0.00K,5.26%
08/19/2004,0.504673,0.505426,0.507233,0.500608,0.00K,-1.51%
08/20/2004,0.519578,0.512825,0.521574,0.511904,0.00K,2.95%
08/23/2004,0.523262,0.522645,0.526038,0.520486,0.00K,0.71%
08/24/2004,0.5228,0.52542,0.526345,0.518638,0.00K,-0.09%
08/25/2004,0.544532,0.536773,0.545323,0.53424,0.00K,4.16%
08/26/2004,0.537406,0.538348,0.539761,0.535994,0.00K,-1.31%
08/27/2004,0.54494,0.543356,0.546841,0.543039,0.00K,1.4%
08/30/2004,0.517376,0.523954,0.52426,0.516917,0.00K,-5.06%
08/31/2004,0.519212,0.519212,0.520745,0.513538,0.00K,0.35%
09/01/2004,0.530713,0.525423,0.533824,0.5234,0.00K,2.22%
09/02/2004,0.554518,0.544907,0.556119,0.544587,0.00K,4.49%
09/03/2004,0.523764,0.528389,0.531934,0.522377,0.00K,-5.55%
09/07/2004,0.537175,0.536704,0.539996,0.532315,0.00K,2.56%
09/08/2004,0.531061,0.531217,0.536972,0.529195,0.00K,-1.14%
09/09/2004,0.544595,0.54238,0.547125,0.537319,0.00K,2.55%
09/10/2004,0.569744,0.561596,0.570885,0.559151,0.00K,4.62%
09/13/2004,0.591745,0.586398,0.594085,0.584559,0.00K,3.86%
09/14/2004,0.594252,0.591236,0.595928,0.589895,0.00K,0.42%
09/15/2004,0.57565,0.578439,0.578767,0.573189,0.00K,-3.13%
09/16/2004,0.579095,0.578107,0.583048,0.575966,0.00K,0.6%
09/17/2004,0.584036,0.580889,0.585527,0.57973,0.00K,0.85%
09/20/2004,0.584533,0.582213,0.590002,0.58039,0.00K,0.09%
09/21/2004,0.590997,0.590663,0.595671,0.588659,0.00K,1.11%
09/22/2004,0.560445,0.568178,0.5685,0.559156,0.00K,-5.17%
09/23/2004,0.558995,0.55996,0.562694,0.558191,0.00K,-0.26%
09/24/2004,0.553206,0.55624,0.559434,0.552408,0.00K,-1.04%
09/27/2004,0.538833,0.540716,0.542599,0.53695,0.00K,-2.6%
09/28/2004,0.542128,0.541813,0.544019,0.536771,0.00K,0.61%
09/29/2004,0.566233,0.557801,0.566882,0.557315,0.00K,4.45%
09/30/2004,0.569152,0.567687,0.571267,0.565084,0.00K,0.52%
10/01/2004,0.615524,0.604388,0.61638,0.603018,0.00K,8.15%
10/04/2004,0.626316,0.627183,0.631689,0.625276,0.00K,1.75%
10/05/2004,0.628916,0.626657,0.631175,0.62544,0.00K,0.42%
10/06/2004,0.644035,0.638032,0.649331,0.634501,0.00K,2.4%
10/07/2004,0.62232,0.627496,0.629739,0.621112,0.00K,-3.37%
10/08/2004,0.588159,0.596464,0.599121,0.58683,0.00K,-5.49%
10/11/2004,0.59663,0.595624,0.598474,0.594114,0.00K,1.44%
10/12/2004,0.593611,0.589266,0.596118,0.58559,0.00K,-0.51%
10/13/2004,0.5896,0.597087,0.598418,0.586606,0.00K,-0.68%
10/14/2004,0.581615,0.585571,0.587055,0.579801,0.00K,-1.35%
10/15/2004,0.590517,0.588186,0.594347,0.584855,0.00K,1.53%
10/18/2004,0.615996,0.605207,0.61788,0.603495,0.00K,4.31%
10/19/2004,0.602639,0.611077,0.614283,0.60112,0.00K,-2.17%
10/20/2004,0.611245,0.607497,0.614312,0.604431,0.00K,1.43%
10/21/2004,0.639354,0.633036,0.642689,0.630579,0.00K,4.6%
10/22/2004,0.597234,0.610811,0.611482,0.596228,0.00K,-6.59%
10/25/2004,0.588685,0.590345,0.591673,0.586361,0.00K,-1.43%
10/26/2004,0.598148,0.595296,0.598484,0.591437,0.00K,1.61%
10/27/2004,0.643953,0.628277,0.646947,0.625987,0.00K,7.66%
10/28/2004,0.656106,0.651113,0.65896,0.649151,0.00K,1.89%
10/29/2004,0.652896,0.653074,0.65894,0.648808,0.00K,-0.49%
11/01/2004,0.660362,0.659287,0.662869,0.656063,0.00K,1.14%
11/02/2004,0.66681,0.665548,0.67384,0.664106,0.00K,0.98%
11/03/2004,0.68033,0.686724,0.689099,0.67558,0.00K,2.03%
11/04/2004,0.691291,0.684829,0.694245,0.682059,0.00K,1.61%
11/05/2004,0.710124,0.711252,0.713884,0.703546,0.00K,2.72%
11/08/2004,0.71238,0.711438,0.714263,0.709554,0.00K,0.32%
11/09/2004,0.707859,0.708047,0.712173,0.705796,0.00K,-0.63%
11/10/2004,0.700544,0.703152,0.705573,0.69775,0.00K,-1.03%
11/11/2004,0.728484,0.72122,0.730204,0.720265,0.00K,3.99%
11/12/2004,0.749702,0.743468,0.75165,0.740155,0.00K,2.91%
11/15/2004,0.759638,0.755904,0.760228,0.753152,0.00K,1.33%
11/16/2004,0.745487,0.746846,0.747234,0.740247,0.00K,-1.86%
11/17/2004,0.775765,0.770185,0.77995,0.770185,0.00K,4.06%
11/18/2004,0.786525,0.780291,0.787933,0.778481,0.00K,1.39%
11/19/2004,0.749723,0.760628,0.761602,0.74797,0.00K,-4.68%
11/22/2004,0.771338,0.762607,0.771735,0.760027,0.00K,2.88%
11/23/2004,0.767767,0.768162,0.770932,0.760249,0.00K,-0.46%
11/24/2004,0.787945,0.783115,0.789152,0.782712,0.00K,2.63%
11/26/2004,0.780699,0.7839,0.7861,0.779899,0.00K,-0.92%
11/29/2004,0.780099,0.785297,0.788896,0.775501,0.00K,-0.08%
11/30/2004,0.775301,0.778885,0.780677,0.774107,0.00K,-0.62%
12/01/2004,0.822488,0.808204,0.823316,0.808204,0.00K,6.09%
12/02/2004,0.831804,0.82659,0.838479,0.825338,0.00K,1.13%
12/03/2004,0.835559,0.840161,0.845182,0.834512,0.00K,0.45%
12/06/2004,0.844345,0.841185,0.847716,0.836761,0.00K,1.05%
12/07/2004,0.801369,0.816217,0.819878,0.800352,0.00K,-5.09%
12/08/2004,0.814793,0.811914,0.818289,0.794434,0.00K,1.68%
12/09/2004,0.8296,0.818361,0.832514,0.81295,0.00K,1.82%
12/10/2004,0.822108,0.818177,0.825004,0.818177,0.00K,-0.9%
12/13/2004,0.843829,0.842777,0.845092,0.837515,0.00K,2.64%
12/14/2004,0.856458,0.851782,0.858797,0.851569,0.00K,1.5%
12/15/2004,0.846892,0.850268,0.854277,0.843306,0.00K,-1.12%
12/16/2004,0.82284,0.830911,0.833188,0.82015,0.00K,-2.84%
12/17/2004,0.79366,0.797296,0.800326,0.74821,0.00K,-3.55%
12/20/2004,0.777298,0.784868,0.788653,0.775107,0.00K,-2.06%
12/21/2004,0.805983,0.800066,0.806596,0.797822,0.00K,3.69%
12/22/2004,0.808432,0.804547,0.812521,0.803525,0.00K,0.3%
12/23/2004,0.810272,0.807405,0.813344,0.805972,0.00K,0.23%
12/27/2004,0.800443,0.807958,0.808974,0.796584,0.00K,-1.21%
12/28/2004,0.822988,0.816988,0.823609,0.815747,0.00K,2.82%
12/29/2004,0.826091,0.824017,0.828995,0.823602,0.00K,0.38%
12/30/2004,0.824225,0.825881,0.827124,0.822982,0.00K,-0.23%
12/31/2004,0.819876,0.822146,0.824003,0.819463,0.00K,-0.53%
01/03/2005,0.794493,0.805809,0.810254,0.791866,0.00K,-3.1%
01/04/2005,0.750849,0.76855,0.769328,0.746375,0.00K,-5.49%
01/05/2005,0.736843,0.739532,0.744911,0.735499,0.00K,-1.87%
01/06/2005,0.725894,0.731029,0.732741,0.725704,0.00K,-1.49%
01/07/2005,0.737305,0.737497,0.743454,0.730771,0.00K,1.57%
01/10/2005,0.736152,0.734616,0.742678,0.733464,0.00K,-0.16%
01/11/2005,0.720603,0.722685,0.725145,0.717008,0.00K,-2.11%
01/12/2005,0.73877,0.736076,0.739155,0.727804,0.00K,2.52%
01/13/2005,0.709334,0.719257,0.723937,0.708211,0.00K,-3.98%
01/14/2005,0.729553,0.725166,0.73127,0.724975,0.00K,2.85%
01/18/2005,0.746147,0.737628,0.747502,0.736467,0.00K,2.27%
01/19/2005,0.708975,0.721134,0.721508,0.708601,0.00K,-4.98%
01/20/2005,0.668569,0.673784,0.676661,0.66803,0.00K,-5.7%
01/21/2005,0.652385,0.660169,0.66123,0.651324,0.00K,-2.42%
01/24/2005,0.62479,0.635272,0.636303,0.623587,0.00K,-4.23%
01/25/2005,0.634069,0.63511,0.640663,0.633201,0.00K,1.49%
01/26/2005,0.656974,0.653599,0.659462,0.651112,0.00K,3.61%
01/27/2005,0.65431,0.653778,0.657322,0.650235,0.00K,-0.41%
01/28/2005,0.644742,0.650005,0.650882,0.639479,0.00K,-1.46%
01/31/2005,0.670005,0.669286,0.672345,0.667486,0.00K,3.92%
02/01/2005,0.676484,0.675941,0.678658,0.673767,0.00K,0.97%
02/02/2005,0.679201,0.680291,0.681925,0.674479,0.00K,0.4%
02/03/2005,0.656319,0.660401,0.660933,0.653657,0.00K,-3.37%
02/04/2005,0.687733,0.676932,0.689014,0.676932,0.00K,4.79%
02/07/2005,0.683888,0.686077,0.688083,0.681153,0.00K,-0.56%
02/08/2005,0.687171,0.685708,0.692111,0.684976,0.00K,0.48%
02/09/2005,0.653142,0.664635,0.665165,0.652258,0.00K,-4.95%
02/10/2005,0.655264,0.657213,0.658276,0.650479,0.00K,0.32%
02/11/2005,0.683969,0.672485,0.686704,0.670115,0.00K,4.38%
02/14/2005,0.693266,0.690139,0.694554,0.689955,0.00K,1.36%
02/15/2005,0.707062,0.702962,0.713771,0.701471,0.00K,1.99%
02/16/2005,0.699234,0.700159,0.702564,0.69646,0.00K,-1.11%
02/17/2005,0.671487,0.681748,0.683368,0.670767,0.00K,-3.97%
02/18/2005,0.665006,0.66751,0.668941,0.663396,0.00K,-0.97%
02/22/2005,0.640323,0.642765,0.651658,0.638579,0.00K,-3.71%
02/23/2005,0.642939,0.644687,0.645212,0.638742,0.00K,0.41%
02/24/2005,0.667593,0.657554,0.668131,0.655941,0.00K,3.83%
02/25/2005,0.678349,0.674182,0.679799,0.672552,0.00K,1.61%
02/28/2005,0.657151,0.661408,0.663714,0.65183,0.00K,-3.12%
03/01/2005,0.678435,0.673906,0.679703,0.673182,0.00K,3.24%
03/02/2005,0.677348,0.674091,0.684768,0.672824,0.00K,-0.16%
03/03/2005,0.661062,0.668183,0.668539,0.656076,0.00K,-2.4%
03/04/2005,0.672812,0.673893,0.676775,0.670651,0.00K,1.78%
03/07/2005,0.701454,0.692936,0.705713,0.69238,0.00K,4.26%
03/08/2005,0.680344,0.685605,0.689959,0.679799,0.00K,-3.01%
03/09/2005,0.674901,0.676525,0.681217,0.673096,0.00K,-0.8%
03/10/2005,0.672194,0.673634,0.674714,0.664275,0.00K,-0.4%
03/11/2005,0.653297,0.662302,0.664774,0.650649,0.00K,-2.81%
03/14/2005,0.662302,0.66052,0.662658,0.656778,0.00K,1.38%
03/15/2005,0.646266,0.653277,0.653978,0.645389,0.00K,-2.42%
03/16/2005,0.623654,0.628789,0.63341,0.622285,0.00K,-3.5%
03/17/2005,0.628789,0.627068,0.631886,0.625863,0.00K,0.82%
03/18/2005,0.618464,0.622548,0.623059,0.615741,0.00K,-1.64%
03/21/2005,0.622038,0.622208,0.624942,0.6164,0.00K,0.58%
03/22/2005,0.598974,0.607302,0.609301,0.598641,0.00K,-3.71%
03/23/2005,0.60547,0.602618,0.609329,0.602282,0.00K,1.08%
03/24/2005,0.605973,0.607988,0.612352,0.605973,0.00K,0.08%
03/28/2005,0.609498,0.610678,0.614048,0.608993,0.00K,0.58%
03/29/2005,0.594838,0.598319,0.603625,0.593014,0.00K,-2.41%
03/30/2005,0.628658,0.620061,0.629518,0.619889,0.00K,5.69%
03/31/2005,0.620404,0.623132,0.623472,0.618189,0.00K,-1.31%
04/01/2005,0.601486,0.611836,0.612838,0.600317,0.00K,-3.05%
04/04/2005,0.614507,0.610951,0.616878,0.607226,0.00K,2.16%
04/05/2005,0.619587,0.618565,0.62146,0.617203,0.00K,0.83%
04/06/2005,0.616522,0.619237,0.62331,0.615165,0.00K,-0.49%
04/07/2005,0.638923,0.631798,0.639096,0.631451,0.00K,3.63%
04/08/2005,0.623284,0.629437,0.630633,0.6226,0.00K,-2.45%
04/11/2005,0.615081,0.619654,0.620163,0.613726,0.00K,-1.32%
04/12/2005,0.624228,0.620465,0.625597,0.611398,0.00K,1.49%
04/13/2005,0.593436,0.601703,0.602365,0.592113,0.00K,-4.93%
04/14/2005,0.568138,0.576488,0.576969,0.567335,0.00K,-4.26%
04/15/2005,0.529598,0.537256,0.539246,0.528679,0.00K,-6.78%
04/18/2005,0.530057,0.529751,0.535421,0.528372,0.00K,0.09%
04/19/2005,0.541091,0.541246,0.5428,0.537362,0.00K,2.08%
04/20/2005,0.527575,0.535365,0.536587,0.525895,0.00K,-2.5%
04/21/2005,0.569274,0.560924,0.570719,0.558836,0.00K,7.9%
04/22/2005,0.544223,0.549832,0.549987,0.53986,0.00K,-4.4%
04/25/2005,0.55731,0.556202,0.558735,0.553828,0.00K,2.4%
04/26/2005,0.542115,0.545844,0.552059,0.54196,0.00K,-2.73%
04/27/2005,0.544446,0.540862,0.546783,0.53868,0.00K,0.43%
04/28/2005,0.528084,0.53068,0.534191,0.527626,0.00K,-3.01%
04/29/2005,0.538619,0.538928,0.539856,0.528873,0.00K,1.99%
05/02/2005,0.545115,0.544804,0.547298,0.541373,0.00K,1.21%
05/03/2005,0.553535,0.549597,0.558104,0.549282,0.00K,1.54%
05/04/2005,0.573383,0.56645,0.575157,0.565644,0.00K,3.59%
05/05/2005,0.574835,0.574673,0.57758,0.57112,0.00K,0.25%
05/06/2005,0.57968,0.581467,0.582279,0.577569,0.00K,0.84%
05/09/2005,0.587963,0.58534,0.588455,0.581897,0.00K,1.43%
05/10/2005,0.575175,0.576629,0.578244,0.572751,0.00K,-2.18%
05/11/2005,0.583899,0.581941,0.585205,0.573455,0.00K,1.52%
05/12/2005,0.579003,0.581437,0.584683,0.57592,0.00K,-0.84%
05/13/2005,0.59799,0.594011,0.601803,0.592187,0.00K,3.28%
05/16/2005,0.609926,0.605895,0.610934,0.604047,0.00K,2.0%
05/17/2005,0.621013,0.615063,0.621693,0.612683,0.00K,1.82%
05/18/2005,0.646513,0.639529,0.649306,0.637958,0.00K,4.11%
05/19/2005,0.66275,0.658845,0.662927,0.657248,0.00K,2.51%
05/20/2005,0.670205,0.666628,0.670741,0.66484,0.00K,1.12%
05/23/2005,0.680397,0.676965,0.682926,0.675882,0.00K,1.52%
05/24/2005,0.686899,0.683082,0.687445,0.681992,0.00K,0.96%
05/25/2005,0.678175,0.678715,0.679436,0.67421,0.00K,-1.27%
05/26/2005,0.69872,0.69486,0.70019,0.69486,0.00K,3.03%
05/27/2005,0.699823,0.698535,0.700559,0.696326,0.00K,0.16%
05/31/2005,0.692646,0.694656,0.69557,0.689722,0.00K,-1.03%
06/01/2005,0.710739,0.703674,0.715759,0.703488,0.00K,2.61%
06/02/2005,0.724682,0.718468,0.724682,0.717903,0.00K,1.96%
06/03/2005,0.693043,0.70273,0.702913,0.691581,0.00K,-4.37%
06/06/2005,0.693592,0.693775,0.695055,0.690849,0.00K,0.08%
06/07/2005,0.676037,0.682508,0.68826,0.675138,0.00K,-2.53%
06/08/2005,0.671723,0.675124,0.676019,0.669217,0.00K,-0.64%
06/09/2005,0.68461,0.679535,0.686604,0.676634,0.00K,1.92%
06/10/2005,0.662859,0.669067,0.669067,0.660021,0.00K,-3.18%
06/13/2005,0.672437,0.668139,0.676377,0.667781,0.00K,1.45%
06/14/2005,0.664379,0.666333,0.668997,0.663135,0.00K,-1.2%
06/15/2005,0.670774,0.673098,0.673813,0.662908,0.00K,0.96%
06/16/2005,0.681501,0.67861,0.683307,0.677164,0.00K,1.6%
06/17/2005,0.679874,0.684204,0.686008,0.67771,0.00K,-0.24%
06/20/2005,0.679874,0.677169,0.683663,0.674643,0.00K,0.0%
06/21/2005,0.678792,0.678612,0.681675,0.676089,0.00K,-0.16%
06/22/2005,0.67663,0.680046,0.681844,0.673393,0.00K,-0.32%
06/23/2005,0.654513,0.662778,0.668229,0.653458,0.00K,-3.27%
06/24/2005,0.632356,0.639401,0.639917,0.632184,0.00K,-3.39%
06/27/2005,0.623592,0.626146,0.628019,0.62189,0.00K,-1.39%
06/28/2005,0.641468,0.637998,0.643376,0.637131,0.00K,2.87%
06/29/2005,0.637304,0.640413,0.640586,0.635577,0.00K,-0.65%
06/30/2005,0.622279,0.628398,0.629588,0.621769,0.00K,-2.36%
07/01/2005,0.619219,0.621591,0.623963,0.618541,0.00K,-0.49%
07/05/2005,0.639041,0.630737,0.640425,0.630218,0.00K,3.2%
07/06/2005,0.629699,0.631412,0.635695,0.6285,0.00K,-1.46%
07/07/2005,0.63638,0.628099,0.636897,0.627582,0.00K,1.06%
07/08/2005,0.672606,0.660439,0.673322,0.658829,0.00K,5.69%
07/11/2005,0.691394,0.686838,0.692123,0.685563,0.00K,2.79%
07/12/2005,0.701235,0.697924,0.704178,0.6959,0.00K,1.42%
07/13/2005,0.706202,0.704908,0.706941,0.702136,0.00K,0.71%
07/14/2005,0.727271,0.725198,0.729344,0.72256,0.00K,2.98%
07/15/2005,0.734056,0.733108,0.736142,0.729505,0.00K,0.93%
07/18/2005,0.724954,0.725706,0.727963,0.724201,0.00K,-1.24%
07/19/2005,0.750341,0.745146,0.750534,0.7438,0.00K,3.5%
07/20/2005,0.766502,0.75616,0.768649,0.755575,0.00K,2.15%
07/21/2005,0.767088,0.768845,0.771383,0.762012,0.00K,0.08%
07/22/2005,0.764159,0.765133,0.76747,0.760264,0.00K,-0.38%
07/25/2005,0.755396,0.759068,0.76216,0.754043,0.00K,-1.15%
07/26/2005,0.764092,0.763508,0.766234,0.759613,0.00K,1.15%
07/27/2005,0.781033,0.775501,0.781823,0.771351,0.00K,2.22%
07/28/2005,0.792295,0.788904,0.792694,0.787109,0.00K,1.44%
07/29/2005,0.772547,0.778235,0.779216,0.771567,0.00K,-2.49%
08/01/2005,0.777254,0.777057,0.780602,0.774694,0.00K,0.61%
08/02/2005,0.802067,0.794627,0.803273,0.793622,0.00K,3.19%
08/03/2005,0.80086,0.797847,0.802266,0.797245,0.00K,-0.15%
08/04/2005,0.777961,0.781901,0.783083,0.775991,0.00K,-2.86%
08/05/2005,0.766732,0.769268,0.772585,0.765562,0.00K,-1.44%
08/08/2005,0.749759,0.756101,0.757831,0.748798,0.00K,-2.21%
08/09/2005,0.76475,0.763192,0.767476,0.761829,0.00K,2.0%
08/10/2005,0.744886,0.753305,0.755793,0.742208,0.00K,-2.6%
08/11/2005,0.763255,0.757421,0.765394,0.756838,0.00K,2.47%
08/12/2005,0.750421,0.74869,0.752536,0.745806,0.00K,-1.68%
08/15/2005,0.763687,0.757852,0.767383,0.75649,0.00K,1.77%
08/16/2005,0.726923,0.736143,0.736708,0.725606,0.00K,-4.81%
08/17/2005,0.739907,0.737622,0.742382,0.735147,0.00K,1.79%
08/18/2005,0.728483,0.729048,0.733382,0.727164,0.00K,-1.54%
08/19/2005,0.727352,0.72867,0.73074,0.726787,0.00K,-0.16%
08/22/2005,0.728482,0.729235,0.734888,0.723959,0.00K,0.16%
08/23/2005,0.722263,0.724324,0.725823,0.720015,0.00K,-0.85%
08/24/2005,0.709336,0.712112,0.721923,0.708595,0.00K,-1.79%
08/25/2005,0.714334,0.713776,0.716193,0.712474,0.00K,0.7%
08/26/2005,0.707081,0.708373,0.709666,0.703571,0.00K,-1.02%
08/29/2005,0.723705,0.714325,0.725393,0.714325,0.00K,2.35%
08/30/2005,0.715826,0.714709,0.716385,0.710239,0.00K,-1.09%
08/31/2005,0.735938,0.729489,0.736507,0.726454,0.00K,2.81%
09/01/2005,0.732524,0.733658,0.736873,0.729876,0.00K,-0.46%
09/02/2005,0.724015,0.728142,0.728893,0.723452,0.00K,-1.16%
09/06/2005,0.756097,0.748181,0.757449,0.747602,0.00K,4.43%
09/07/2005,0.760152,0.75802,0.761508,0.756276,0.00K,0.54%
09/08/2005,0.759571,0.75744,0.762863,0.757053,0.00K,-0.08%
09/09/2005,0.771772,0.767857,0.773338,0.7659,0.00K,1.61%
09/12/2005,0.778231,0.776459,0.780986,0.775475,0.00K,0.84%
09/13/2005,0.772917,0.7737,0.778207,0.771153,0.00K,-0.68%
09/14/2005,0.746467,0.755463,0.756037,0.745893,0.00K,-3.42%
09/15/2005,0.745319,0.747231,0.74876,0.743215,0.00K,-0.15%
09/16/2005,0.759085,0.756182,0.760247,0.753473,0.00K,1.85%
09/19/2005,0.741086,0.745466,0.746609,0.737657,0.00K,-2.37%
09/20/2005,0.731944,0.736288,0.743466,0.729677,0.00K,-1.23%
09/21/2005,0.707577,0.713486,0.714409,0.707023,0.00K,-3.33%
09/22/2005,0.715332,0.711612,0.717006,0.707892,0.00K,1.1%
09/23/2005,0.72147,0.716981,0.723902,0.71511,0.00K,0.86%
09/26/2005,0.722031,0.725961,0.727084,0.718101,0.00K,0.08%
09/27/2005,0.716978,0.7194,0.721262,0.713998,0.00K,-0.7%
09/28/2005,0.717537,0.719214,0.722569,0.7153,0.00K,0.08%
09/29/2005,0.746611,0.735705,0.746802,0.732261,0.00K,4.05%
09/30/2005,0.761536,0.755719,0.761923,0.755138,0.00K,2.0%
10/03/2005,0.767352,0.766962,0.770859,0.766378,0.00K,0.76%
10/04/2005,0.752153,0.757921,0.763112,0.751961,0.00K,-1.98%
10/05/2005,0.721006,0.731284,0.731845,0.720445,0.00K,-4.14%
10/06/2005,0.692412,0.701142,0.703507,0.68641,0.00K,-3.97%
10/07/2005,0.697323,0.698602,0.701526,0.694399,0.00K,0.71%
10/10/2005,0.68581,0.688702,0.691774,0.684545,0.00K,-1.65%
10/11/2005,0.67551,0.68034,0.680876,0.673005,0.00K,-1.5%
10/12/2005,0.651359,0.656072,0.66131,0.650486,0.00K,-3.58%
10/13/2005,0.666547,0.661229,0.668852,0.658747,0.00K,2.33%
10/14/2005,0.681438,0.67802,0.681618,0.673883,0.00K,2.23%
10/17/2005,0.687914,0.685742,0.688095,0.681397,0.00K,0.95%
10/18/2005,0.673251,0.677355,0.678069,0.673251,0.00K,-2.13%
10/19/2005,0.713935,0.696685,0.713935,0.694274,0.00K,6.04%
10/20/2005,0.693903,0.700272,0.70373,0.690081,0.00K,-2.81%
10/21/2005,0.707005,0.709769,0.712717,0.702952,0.00K,1.89%
10/24/2005,0.740725,0.732174,0.741105,0.727613,0.00K,4.77%
10/25/2005,0.732174,0.733494,0.735568,0.727648,0.00K,-1.15%
10/26/2005,0.72086,0.723659,0.729444,0.719927,0.00K,-1.55%
10/27/2005,0.677194,0.690613,0.690971,0.677194,0.00K,-6.06%
10/28/2005,0.69276,0.690035,0.694031,0.685494,0.00K,2.3%
10/31/2005,0.72273,0.714511,0.726092,0.714324,0.00K,4.33%
11/01/2005,0.721049,0.719557,0.724219,0.718624,0.00K,-0.23%
11/02/2005,0.749025,0.737166,0.75132,0.736975,0.00K,3.88%
11/03/2005,0.782881,0.778942,0.785835,0.777957,0.00K,4.52%
11/04/2005,0.791152,0.789566,0.794127,0.786392,0.00K,1.06%
11/07/2005,0.794127,0.795519,0.797309,0.790549,0.00K,0.38%
11/08/2005,0.794724,0.793331,0.798901,0.79174,0.00K,0.08%
11/09/2005,0.795918,0.795121,0.799303,0.793329,0.00K,0.15%
11/10/2005,0.822203,0.813657,0.824034,0.808367,0.00K,3.3%
11/11/2005,0.828917,0.830144,0.833213,0.828303,0.00K,0.82%
11/14/2005,0.828917,0.830144,0.831985,0.826667,0.00K,0.0%
11/15/2005,0.817256,0.821512,0.824957,0.814419,0.00K,-1.41%
11/16/2005,0.832455,0.829993,0.83266,0.826095,0.00K,1.86%
11/17/2005,0.865072,0.856865,0.865493,0.855602,0.00K,3.92%
11/18/2005,0.874541,0.875813,0.87878,0.865427,0.00K,1.09%
11/21/2005,0.8809,0.877492,0.881539,0.874297,0.00K,0.73%
11/22/2005,0.890484,0.885335,0.893916,0.88319,0.00K,1.09%
11/23/2005,0.89692,0.895411,0.901446,0.89498,0.00K,0.72%
11/25/2005,0.902093,0.901227,0.903175,0.898847,0.00K,0.58%
11/28/2005,0.880022,0.888961,0.889599,0.879171,0.00K,-2.45%
11/29/2005,0.867253,0.876104,0.878001,0.867253,0.00K,-1.45%
11/30/2005,0.86093,0.861979,0.866173,0.859881,0.00K,-0.73%
12/01/2005,0.908748,0.898098,0.909617,0.89788,0.00K,5.55%
12/02/2005,0.915268,0.911556,0.915924,0.910027,0.00K,0.72%
12/05/2005,0.895613,0.900779,0.900994,0.891954,0.00K,-2.15%
12/06/2005,0.904008,0.905957,0.912021,0.903141,0.00K,0.94%
12/07/2005,0.89946,0.902482,0.902913,0.894495,0.00K,-0.5%
12/08/2005,0.880033,0.888329,0.88918,0.873864,0.00K,-2.16%
12/09/2005,0.889605,0.886606,0.890891,0.882535,0.00K,1.09%
12/12/2005,0.899247,0.899247,0.900758,0.895363,0.00K,1.08%
12/13/2005,0.9109,0.906112,0.914383,0.904806,0.00K,1.3%
12/14/2005,0.901106,0.902186,0.905428,0.897,0.00K,-1.08%
12/15/2005,0.905644,0.906294,0.907812,0.897838,0.00K,0.5%
12/16/2005,0.880927,0.886886,0.888376,0.880288,0.00K,-2.73%
12/19/2005,0.838785,0.854436,0.855054,0.838373,0.00K,-4.78%
12/20/2005,0.840639,0.840639,0.844763,0.836514,0.00K,0.22%
12/21/2005,0.851776,0.849487,0.857601,0.848031,0.00K,1.32%
12/22/2005,0.868004,0.862105,0.869479,0.859366,0.00K,1.91%
12/23/2005,0.868636,0.870954,0.872641,0.866528,0.00K,0.07%
12/27/2005,0.845871,0.855811,0.859124,0.844422,0.00K,-2.62%
12/28/2005,0.842765,0.844211,0.847723,0.840287,0.00K,-0.37%
12/29/2005,0.826034,0.832352,0.834186,0.824607,0.00K,-1.99%
12/30/2005,0.80708,0.809889,0.810491,0.806076,0.00K,-2.29%
01/03/2006,0.86126,0.847436,0.86503,0.837173,0.00K,6.71%
01/04/2006,0.888279,0.881224,0.888279,0.879086,0.00K,3.14%
01/05/2006,0.899182,0.895733,0.900906,0.894656,0.00K,1.23%
01/06/2006,0.948322,0.938946,0.948769,0.934481,0.00K,5.47%
01/09/2006,0.959707,0.955432,0.961283,0.952282,0.00K,1.2%
01/10/2006,0.961733,0.956324,0.962634,0.954296,0.00K,0.21%
01/11/2006,0.984041,0.979465,0.986329,0.976262,0.00K,2.32%
01/12/2006,0.969627,0.973252,0.976197,0.966229,0.00K,-1.46%
01/13/2006,0.968268,0.967362,0.969852,0.962609,0.00K,-0.14%
01/17/2006,0.949255,0.948362,0.951265,0.944788,0.00K,-1.96%
01/18/2006,0.916422,0.912714,0.921876,0.912277,0.00K,-3.46%
01/19/2006,0.93671,0.934053,0.94335,0.931619,0.00K,2.21%
01/20/2006,0.853043,0.877558,0.878597,0.850966,0.00K,-8.93%
01/23/2006,0.853666,0.855953,0.857616,0.849925,0.00K,0.07%
01/24/2006,0.864891,0.863213,0.870342,0.862165,0.00K,1.31%
01/25/2006,0.853568,0.861466,0.86209,0.849827,0.00K,-1.31%
01/26/2006,0.87165,0.870596,0.8746,0.864906,0.00K,2.12%
01/27/2006,0.906423,0.900151,0.912479,0.898637,0.00K,3.99%
01/30/2006,0.911614,0.910745,0.914436,0.909009,0.00K,0.57%
01/31/2006,0.899239,0.902251,0.905047,0.895367,0.00K,-1.36%
02/01/2006,0.90892,0.90047,0.909353,0.899386,0.00K,1.08%
02/02/2006,0.86277,0.875113,0.876159,0.862351,0.00K,-5.08%
02/03/2006,0.830761,0.834636,0.837084,0.827905,0.00K,-3.71%
02/06/2006,0.82403,0.825856,0.828087,0.819567,0.00K,-0.81%
02/07/2006,0.813075,0.815287,0.819107,0.809255,0.00K,-1.33%
02/08/2006,0.841424,0.837722,0.842453,0.832992,0.00K,3.49%
02/09/2006,0.81736,0.827244,0.830674,0.815747,0.00K,-2.86%
02/10/2006,0.832489,0.826772,0.834531,0.818196,0.00K,1.85%
02/13/2006,0.803698,0.808285,0.808684,0.799909,0.00K,-3.46%
02/14/2006,0.828228,0.821107,0.830669,0.818259,0.00K,3.05%
02/15/2006,0.844097,0.836474,0.846157,0.835237,0.00K,1.92%
02/16/2006,0.867584,0.862548,0.867794,0.859401,0.00K,2.78%
02/17/2006,0.846812,0.851767,0.851973,0.846606,0.00K,-2.39%
02/21/2006,0.818324,0.827604,0.828815,0.815499,0.00K,-3.36%
02/22/2006,0.849192,0.839681,0.854982,0.8372,0.00K,3.77%
02/23/2006,0.842369,0.843809,0.85039,0.840929,0.00K,-0.8%
02/24/2006,0.849156,0.846881,0.849776,0.843987,0.00K,0.81%
02/27/2006,0.877688,0.870291,0.880647,0.869446,0.00K,3.36%
02/28/2006,0.838379,0.848421,0.851085,0.835715,0.00K,-4.48%
03/01/2006,0.872808,0.863337,0.875123,0.862074,0.00K,4.11%
03/02/2006,0.874702,0.871751,0.877864,0.868801,0.00K,0.22%
03/03/2006,0.859527,0.859527,0.870984,0.858277,0.00K,-1.73%
03/06/2006,0.837028,0.846033,0.848079,0.834368,0.00K,-2.62%
03/07/2006,0.822293,0.825933,0.826742,0.818248,0.00K,-1.76%
03/08/2006,0.823507,0.821482,0.82796,0.816016,0.00K,0.15%
03/09/2006,0.802251,0.811799,0.814783,0.801256,0.00K,-2.58%
03/10/2006,0.804638,0.803043,0.809222,0.797263,0.00K,0.3%
03/13/2006,0.811813,0.813417,0.817026,0.81061,0.00K,0.89%
03/14/2006,0.853316,0.838397,0.854352,0.838189,0.00K,5.11%
03/15/2006,0.875074,0.87107,0.875074,0.866646,0.00K,2.55%
03/16/2006,0.85295,0.862892,0.864134,0.852121,0.00K,-2.53%
03/17/2006,0.857921,0.855217,0.860832,0.853346,0.00K,0.58%
03/20/2006,0.864158,0.864994,0.866875,0.861024,0.00K,0.73%
03/21/2006,0.836579,0.844757,0.854774,0.835966,0.00K,-3.19%
03/22/2006,0.842712,0.835933,0.84415,0.835522,0.00K,0.73%
03/23/2006,0.835316,0.835316,0.837971,0.829802,0.00K,-0.88%
03/24/2006,0.848183,0.846739,0.85231,0.842406,0.00K,1.54%
03/27/2006,0.848802,0.848183,0.852931,0.847357,0.00K,0.07%
03/28/2006,0.838275,0.842983,0.849124,0.835204,0.00K,-1.24%
03/29/2006,0.885562,0.870491,0.889383,0.869854,0.00K,5.64%
03/30/2006,0.89384,0.892559,0.89918,0.888501,0.00K,0.93%
03/31/2006,0.886151,0.890611,0.891672,0.884452,0.00K,-0.86%
04/03/2006,0.889337,0.892955,0.897638,0.887634,0.00K,0.36%
04/04/2006,0.904024,0.900366,0.906176,0.897999,0.00K,1.65%
04/05/2006,0.929847,0.92305,0.931163,0.921077,0.00K,2.86%
04/06/2006,0.93774,0.934653,0.94237,0.931346,0.00K,0.85%
04/07/2006,0.91062,0.923159,0.926402,0.910188,0.00K,-2.89%
04/10/2006,0.906729,0.909747,0.911902,0.903064,0.00K,-0.43%
04/11/2006,0.884739,0.894919,0.895555,0.880498,0.00K,-2.43%
04/12/2006,0.885376,0.8858,0.888558,0.88283,0.00K,0.07%
04/13/2006,0.896196,0.891918,0.901116,0.889779,0.00K,1.22%
04/17/2006,0.868604,0.876354,0.879915,0.862949,0.00K,-3.08%
04/18/2006,0.918245,0.903687,0.920418,0.90347,0.00K,5.71%
04/19/2006,0.93063,0.928219,0.93063,0.922957,0.00K,1.35%
04/20/2006,0.920765,0.923377,0.92773,0.918153,0.00K,-1.06%
04/21/2006,0.888114,0.902136,0.906386,0.884502,0.00K,-3.55%
04/24/2006,0.885564,0.885564,0.887897,0.880687,0.00K,-0.29%
04/25/2006,0.879838,0.884272,0.884695,0.875404,0.00K,-0.65%
04/26/2006,0.879838,0.879838,0.88385,0.87646,0.00K,0.0%
04/27/2006,0.904542,0.892069,0.909489,0.888413,0.00K,2.81%
04/28/2006,0.878735,0.881688,0.886329,0.877259,0.00K,-2.85%
05/01/2006,0.852791,0.862507,0.870363,0.850103,0.00K,-2.95%
05/02/2006,0.859613,0.86086,0.863354,0.856495,0.00K,0.8%
05/03/2006,0.855872,0.857737,0.85898,0.85152,0.00K,-0.44%
05/04/2006,0.87701,0.870691,0.880169,0.870691,0.00K,2.47%
05/05/2006,0.897229,0.89616,0.898298,0.892525,0.00K,2.31%
05/08/2006,0.899795,0.897224,0.901509,0.89701,0.00K,0.29%
05/09/2006,0.889511,0.890787,0.892488,0.888023,0.00K,-1.14%
05/10/2006,0.866551,0.871774,0.872818,0.864044,0.00K,-2.58%
05/11/2006,0.808265,0.826005,0.826404,0.806073,0.00K,-6.73%
05/12/2006,0.775377,0.782743,0.786426,0.770918,0.00K,-4.07%
05/15/2006,0.773632,0.771116,0.777116,0.766471,0.00K,-0.23%
05/16/2006,0.756212,0.761931,0.763837,0.754497,0.00K,-2.25%
05/17/2006,0.725903,0.73258,0.734805,0.724234,0.00K,-4.01%
05/18/2006,0.71088,0.718927,0.722036,0.709966,0.00K,-2.07%
05/19/2006,0.72734,0.723998,0.729568,0.716199,0.00K,2.32%
05/22/2006,0.706172,0.707082,0.711087,0.6998,0.00K,-2.91%
05/23/2006,0.685418,0.697374,0.699515,0.685061,0.00K,-2.94%
05/24/2006,0.699337,0.69355,0.702773,0.688124,0.00K,2.03%
05/25/2006,0.727007,0.721811,0.727378,0.716987,0.00K,3.96%
05/26/2006,0.734243,0.733496,0.735924,0.729387,0.00K,1.0%
05/30/2006,0.686614,0.698575,0.698932,0.686078,0.00K,-6.49%
05/31/2006,0.696254,0.694452,0.700579,0.691209,0.00K,1.4%
06/01/2006,0.745446,0.72999,0.745446,0.728671,0.00K,7.07%
06/02/2006,0.740357,0.746361,0.746924,0.734165,0.00K,-0.68%
06/05/2006,0.69195,0.705754,0.705933,0.69195,0.00K,-6.54%
06/06/2006,0.690337,0.692127,0.693917,0.683178,0.00K,-0.23%
06/07/2006,0.674766,0.680759,0.687281,0.674589,0.00K,-2.26%
06/08/2006,0.671593,0.669308,0.674404,0.655778,0.00K,-0.47%
06/09/2006,0.658414,0.665177,0.668645,0.65772,0.00K,-1.96%
06/12/2006,0.619918,0.633073,0.634072,0.619752,0.00K,-5.85%
06/13/2006,0.612425,0.616885,0.621344,0.610939,0.00K,-1.21%
06/14/2006,0.630758,0.626379,0.632106,0.623684,0.00K,2.99%
06/15/2006,0.682297,0.667931,0.68478,0.667222,0.00K,8.17%
06/16/2006,0.665803,0.669467,0.671735,0.66336,0.00K,-2.42%
06/19/2006,0.649576,0.657642,0.658329,0.647517,0.00K,-2.44%
06/20/2006,0.652151,0.652323,0.659033,0.649742,0.00K,0.4%
06/21/2006,0.683123,0.673542,0.688624,0.673365,0.00K,4.75%
06/22/2006,0.657041,0.664128,0.665511,0.653583,0.00K,-3.82%
06/23/2006,0.654966,0.655139,0.661521,0.651171,0.00K,-0.32%
06/26/2006,0.660141,0.658754,0.662569,0.65702,0.00K,0.79%
06/27/2006,0.623207,0.635551,0.636385,0.622539,0.00K,-5.59%
06/28/2006,0.636718,0.633673,0.637226,0.629612,0.00K,2.17%
06/29/2006,0.695094,0.67717,0.695094,0.676094,0.00K,9.17%
06/30/2006,0.684877,0.691089,0.691444,0.68328,0.00K,-1.47%
07/03/2006,0.697123,0.694968,0.697123,0.693711,0.00K,1.79%
07/05/2006,0.651331,0.659736,0.660422,0.650301,0.00K,-6.57%
07/06/2006,0.649272,0.65184,0.655606,0.64756,0.00K,-0.32%
07/07/2006,0.627704,0.631051,0.635736,0.625863,0.00K,-3.32%
07/10/2006,0.611639,0.618546,0.620849,0.608514,0.00K,-2.56%
07/11/2006,0.62496,0.619121,0.626629,0.615785,0.00K,2.18%
07/12/2006,0.589925,0.600036,0.601159,0.588481,0.00K,-5.61%
07/13/2006,0.560076,0.5655,0.571389,0.560076,0.00K,-5.06%
07/14/2006,0.542874,0.548338,0.549552,0.540597,0.00K,-3.07%
07/17/2006,0.546972,0.545751,0.550327,0.544531,0.00K,0.75%
07/18/2006,0.552463,0.553538,0.555227,0.543096,0.00K,1.0%
07/19/2006,0.574113,0.565922,0.57742,0.565765,0.00K,3.92%
07/20/2006,0.548597,0.55868,0.559596,0.547986,0.00K,-4.44%
07/21/2006,0.531181,0.533872,0.535068,0.529985,0.00K,-3.17%
07/24/2006,0.563025,0.554325,0.563336,0.553548,0.00K,5.99%
07/25/2006,0.572813,0.570455,0.574698,0.566841,0.00K,1.74%
07/26/2006,0.571398,0.569986,0.575791,0.56575,0.00K,-0.25%
07/27/2006,0.560102,0.565985,0.570784,0.558554,0.00K,-1.98%
07/28/2006,0.595399,0.586534,0.595882,0.585567,0.00K,6.3%
07/31/2006,0.594915,0.594593,0.598459,0.591532,0.00K,-0.08%
08/01/2006,0.564952,0.569775,0.569931,0.561529,0.00K,-5.04%
08/02/2006,0.58409,0.579636,0.587907,0.579636,0.00K,3.39%
08/03/2006,0.595065,0.585725,0.598608,0.584758,0.00K,1.88%
08/04/2006,0.586852,0.594351,0.597542,0.581586,0.00K,-1.38%
08/07/2006,0.575364,0.57867,0.578985,0.572529,0.00K,-1.96%
08/08/2006,0.564499,0.569629,0.571028,0.561079,0.00K,-1.89%
08/09/2006,0.566831,0.574314,0.578991,0.565272,0.00K,0.41%
08/10/2006,0.578991,0.573773,0.580414,0.571401,0.00K,2.15%
08/11/2006,0.566658,0.568528,0.569152,0.564165,0.00K,-2.13%
08/14/2006,0.577879,0.5793,0.585774,0.576774,0.00K,1.98%
08/15/2006,0.621457,0.613672,0.622285,0.611519,0.00K,7.54%
08/16/2006,0.665184,0.654964,0.665704,0.652366,0.00K,7.04%
08/17/2006,0.672979,0.66844,0.677344,0.667917,0.00K,1.17%
08/18/2006,0.676122,0.67367,0.676822,0.667191,0.00K,0.47%
08/21/2006,0.656684,0.657542,0.659088,0.653936,0.00K,-2.87%
08/22/2006,0.657199,0.655996,0.663728,0.653247,0.00K,0.08%
08/23/2006,0.642251,0.647834,0.651218,0.638529,0.00K,-2.27%
08/24/2006,0.647834,0.648004,0.649536,0.642219,0.00K,0.87%
08/25/2006,0.651408,0.648846,0.656873,0.646967,0.00K,0.55%
08/28/2006,0.666267,0.660546,0.669388,0.659852,0.00K,2.28%
08/29/2006,0.672508,0.669891,0.673032,0.662913,0.00K,0.94%
08/30/2006,0.681929,0.679111,0.684041,0.67647,0.00K,1.4%
08/31/2006,0.679816,0.681046,0.682627,0.677883,0.00K,-0.31%
09/01/2006,0.690885,0.690708,0.693194,0.687688,0.00K,1.63%
09/05/2006,0.711132,0.704796,0.711494,0.700089,0.00K,2.93%
09/06/2006,0.668225,0.675343,0.677253,0.667184,0.00K,-6.03%
09/07/2006,0.65833,0.659877,0.665549,0.656267,0.00K,-1.48%
09/08/2006,0.670706,0.667573,0.672446,0.666181,0.00K,1.88%
09/11/2006,0.683236,0.673546,0.686583,0.67196,0.00K,1.87%
09/12/2006,0.721291,0.707961,0.7233,0.707961,0.00K,5.57%
09/13/2006,0.736082,0.731825,0.736637,0.730159,0.00K,2.05%
09/14/2006,0.737748,0.735153,0.742011,0.733484,0.00K,0.23%
09/15/2006,0.744421,0.74871,0.750948,0.74237,0.00K,0.9%
09/18/2006,0.744421,0.744607,0.749829,0.741251,0.00K,0.0%
09/19/2006,0.729876,0.737053,0.737237,0.723987,0.00K,-1.95%
09/20/2006,0.761897,0.757543,0.76398,0.757353,0.00K,4.39%
09/21/2006,0.747697,0.754054,0.756859,0.745827,0.00K,-1.86%
09/22/2006,0.730309,0.735462,0.735646,0.727364,0.00K,-2.33%
09/25/2006,0.768959,0.759057,0.770673,0.752201,0.00K,5.29%
09/26/2006,0.780385,0.775577,0.780962,0.77327,0.00K,1.49%
09/27/2006,0.7775,0.777117,0.781913,0.77328,0.00K,-0.37%
09/28/2006,0.783831,0.782674,0.784988,0.776116,0.00K,0.81%
09/29/2006,0.773416,0.778004,0.778768,0.772842,0.00K,-1.33%
10/02/2006,0.744169,0.752738,0.7546,0.743051,0.00K,-3.78%
10/03/2006,0.753669,0.748785,0.756863,0.745591,0.00K,1.28%
10/04/2006,0.809462,0.788196,0.809658,0.786621,0.00K,7.4%
10/05/2006,0.821276,0.816902,0.822468,0.814914,0.00K,1.46%
10/06/2006,0.815908,0.815314,0.818877,0.812543,0.00K,-0.65%
10/09/2006,0.824221,0.820634,0.828008,0.819638,0.00K,1.02%
10/10/2006,0.828406,0.828206,0.831006,0.822208,0.00K,0.51%
10/11/2006,0.823607,0.821416,0.829383,0.816238,0.00K,-0.58%
10/12/2006,0.86424,0.854781,0.864651,0.853547,0.00K,4.93%
10/13/2006,0.876577,0.872218,0.878446,0.870558,0.00K,1.43%
10/16/2006,0.877823,0.877407,0.881355,0.876784,0.00K,0.14%
10/17/2006,0.849774,0.85323,0.85384,0.845098,0.00K,-3.2%
10/18/2006,0.838186,0.846445,0.848258,0.835165,0.00K,-1.36%
10/19/2006,0.843625,0.839579,0.847874,0.837556,0.00K,0.65%
10/20/2006,0.849694,0.850711,0.851524,0.84258,0.00K,0.72%
10/23/2006,0.875917,0.865339,0.879028,0.863472,0.00K,3.09%
10/24/2006,0.857249,0.860521,0.863792,0.852956,0.00K,-2.13%
10/25/2006,0.87565,0.869637,0.877516,0.86777,0.00K,2.15%
10/26/2006,0.89991,0.894631,0.902022,0.887241,0.00K,2.77%
10/27/2006,0.86127,0.871931,0.873776,0.858605,0.00K,-4.29%
10/30/2006,0.877876,0.87144,0.881406,0.869156,0.00K,1.93%
10/31/2006,0.884105,0.883688,0.88786,0.878473,0.00K,0.71%
11/01/2006,0.847807,0.862613,0.863424,0.844359,0.00K,-4.11%
11/02/2006,0.85024,0.84577,0.852273,0.844347,0.00K,0.29%
11/03/2006,0.843534,0.846971,0.84879,0.837268,0.00K,-0.79%
11/06/2006,0.880526,0.870544,0.884062,0.870544,0.00K,4.39%
11/07/2006,0.898619,0.892295,0.9041,0.891031,0.00K,2.05%
11/08/2006,0.911267,0.901693,0.914884,0.899352,0.00K,1.41%
11/09/2006,0.896586,0.906478,0.908162,0.89385,0.00K,-1.61%
11/10/2006,0.911108,0.907067,0.911321,0.90345,0.00K,1.62%
11/13/2006,0.93855,0.929872,0.940286,0.92857,0.00K,3.01%
11/14/2006,0.969141,0.959611,0.970027,0.953849,0.00K,3.26%
11/15/2006,0.980443,0.977763,0.98692,0.976423,0.00K,1.17%
11/16/2006,0.993174,0.992047,0.995877,0.986866,0.00K,1.3%
11/17/2006,0.993174,0.987767,0.993174,0.985515,0.00K,0.0%
11/20/2006,0.999256,0.994054,1.001291,0.990887,0.00K,0.61%
11/21/2006,1.003327,1.002646,1.004688,0.998791,0.00K,0.41%
11/22/2006,1.022377,1.018933,1.022837,1.011584,0.00K,1.9%
11/24/2006,1.016866,1.011145,1.021671,1.010688,0.00K,-0.54%
11/27/2006,0.949593,0.968166,0.970132,0.949157,0.00K,-6.62%
11/28/2006,0.956804,0.951314,0.958341,0.947361,0.00K,0.76%
11/29/2006,0.975909,0.974574,0.978357,0.967009,0.00K,2.0%
11/30/2006,0.973907,0.974129,0.97924,0.968574,0.00K,-0.21%
12/01/2006,0.949242,0.956669,0.960819,0.940506,0.00K,-2.53%
12/04/2006,0.987902,0.977586,0.992836,0.977586,0.00K,4.07%
12/05/2006,0.998667,0.99799,1.001604,0.993472,0.00K,1.09%
12/06/2006,0.987824,0.988497,0.990964,0.983564,0.00K,-1.09%
12/07/2006,0.950823,0.964594,0.967654,0.950823,0.00K,-3.75%
12/08/2006,0.963938,0.956659,0.971658,0.954453,0.00K,1.38%
12/11/2006,0.973864,0.968978,0.980749,0.967201,0.00K,1.03%
12/12/2006,0.957207,0.962037,0.964233,0.951938,0.00K,-1.71%
12/13/2006,0.962476,0.967324,0.967324,0.956747,0.00K,0.55%
12/14/2006,0.994206,0.985426,0.998709,0.98475,0.00K,3.3%
12/15/2006,0.998259,1.003451,1.005708,0.996453,0.00K,0.41%
12/18/2006,0.969137,0.981973,0.985736,0.964932,0.00K,-2.92%
12/19/2006,0.959842,0.955444,0.96424,0.949507,0.00K,-0.96%
12/20/2006,0.949287,0.953653,0.958236,0.94885,0.00K,-1.1%
12/21/2006,0.928987,0.937163,0.937808,0.92533,0.00K,-2.14%
12/22/2006,0.899943,0.909631,0.910052,0.899943,0.00K,-3.13%
12/26/2006,0.911316,0.907493,0.911528,0.906431,0.00K,1.26%
12/27/2006,0.925333,0.922329,0.926835,0.920398,0.00K,1.54%
12/28/2006,0.911817,0.913516,0.91734,0.910329,0.00K,-1.46%
12/29/2006,0.914366,0.91543,0.923944,0.913515,0.00K,0.28%
01/03/2007,0.919474,0.924174,0.936778,0.904093,0.00K,0.56%
01/04/2007,0.971387,0.954772,0.97471,0.95145,0.00K,5.65%
01/05/2007,0.958095,0.959851,0.96029,0.949974,0.00K,-1.37%
01/08/2007,0.960071,0.960071,0.965126,0.954796,0.00K,0.21%
01/09/2007,0.973918,0.971921,0.978134,0.963711,0.00K,1.44%
01/10/2007,1.008534,0.993773,1.009443,0.990594,0.00K,3.55%
01/11/2007,1.039874,1.031299,1.043582,1.029908,0.00K,3.11%
01/12/2007,1.055865,1.049075,1.056801,1.047905,0.00K,1.54%
01/16/2007,1.053757,1.054693,1.056563,1.05025,0.00K,-0.2%
01/17/2007,1.027805,1.031944,1.036543,1.025966,0.00K,-2.46%
01/18/2007,0.970552,0.986259,0.987365,0.967897,0.00K,-5.57%
01/19/2007,0.976525,0.972526,0.978968,0.970971,0.00K,0.62%
01/22/2007,0.945203,0.956287,0.956722,0.941291,0.00K,-3.21%
01/23/2007,0.938031,0.939328,0.946681,0.936301,0.00K,-0.76%
01/24/2007,0.984089,0.974715,0.984536,0.972483,0.00K,4.91%
01/25/2007,0.946592,0.960292,0.962466,0.94333,0.00K,-3.81%
01/26/2007,0.936154,0.941334,0.941766,0.93011,0.00K,-1.1%
01/29/2007,0.938744,0.935284,0.945231,0.934203,0.00K,0.28%
01/30/2007,0.940041,0.941124,0.943505,0.937661,0.00K,0.14%
01/31/2007,0.967964,0.957812,0.970612,0.951853,0.00K,2.97%
02/01/2007,0.964653,0.970158,0.97302,0.96113,0.00K,-0.34%
02/02/2007,0.973901,0.972793,0.975895,0.969248,0.00K,0.96%
02/05/2007,0.971242,0.971684,0.976551,0.967924,0.00K,-0.27%
02/06/2007,0.966597,0.969904,0.970566,0.957778,0.00K,-0.48%
02/07/2007,0.993716,0.989899,0.997983,0.986081,0.00K,2.81%
02/08/2007,0.993043,0.991696,0.99641,0.988104,0.00K,-0.07%
02/09/2007,0.952639,0.968356,0.97163,0.950237,0.00K,-4.07%
02/12/2007,0.94347,0.947374,0.947591,0.941084,0.00K,-0.96%
02/13/2007,0.953881,0.952352,0.95694,0.950385,0.00K,1.1%
02/14/2007,1.001728,0.989316,1.00421,0.989091,0.00K,5.02%
02/15/2007,1.01933,1.014079,1.01933,1.012253,0.00K,1.76%
02/16/2007,1.009057,1.008376,1.011778,1.005882,0.00K,-1.01%
02/20/2007,1.032186,1.022978,1.033797,1.017914,0.00K,2.29%
02/21/2007,1.041854,1.0356,1.042317,1.033515,0.00K,0.94%
02/22/2007,1.057836,1.056432,1.060878,1.049646,0.00K,1.53%
02/23/2007,1.046605,1.050322,1.051251,1.041958,0.00K,-1.06%
02/26/2007,1.031271,1.041393,1.041853,1.02483,0.00K,-1.47%
02/27/2007,0.904289,0.92869,0.931214,0.901555,0.00K,-12.31%
02/28/2007,0.913124,0.909525,0.922228,0.904655,0.00K,0.98%
03/01/2007,0.900421,0.888256,0.90902,0.881754,0.00K,-1.39%
03/02/2007,0.859521,0.86562,0.872939,0.859318,0.00K,-4.54%
03/05/2007,0.839395,0.839595,0.852401,0.837594,0.00K,-2.34%
03/06/2007,0.881415,0.875422,0.884308,0.874182,0.00K,5.01%
03/07/2007,0.870875,0.874565,0.877026,0.87026,0.00K,-1.2%
03/08/2007,0.888711,0.892036,0.894321,0.88601,0.00K,2.05%
03/09/2007,0.889334,0.89661,0.896818,0.882474,0.00K,0.07%
03/12/2007,0.903679,0.896745,0.905149,0.895694,0.00K,1.61%
03/13/2007,0.850731,0.863441,0.868282,0.850529,0.00K,-5.86%
03/14/2007,0.888254,0.87663,0.888462,0.869779,0.00K,4.41%
03/15/2007,0.882027,0.882234,0.885539,0.878514,0.00K,-0.7%
03/16/2007,0.878308,0.880574,0.882635,0.873775,0.00K,-0.42%
03/19/2007,0.905504,0.901089,0.908027,0.898776,0.00K,3.1%
03/20/2007,0.925056,0.918232,0.925269,0.917166,0.00K,2.16%
03/21/2007,0.978154,0.960897,0.978597,0.954702,0.00K,5.74%
03/22/2007,0.967534,0.971488,0.971707,0.9638,0.00K,-1.09%
03/23/2007,0.958309,0.961364,0.963765,0.957218,0.00K,-0.95%
03/26/2007,0.970094,0.966574,0.970534,0.955573,0.00K,1.23%
03/27/2007,0.950292,0.955283,0.9555,0.949424,0.00K,-2.04%
03/28/2007,0.919693,0.925213,0.930308,0.919481,0.00K,-3.22%
03/29/2007,0.922878,0.928623,0.928836,0.912877,0.00K,0.35%
03/30/2007,0.920324,0.920962,0.927546,0.91374,0.00K,-0.28%
04/02/2007,0.924148,0.925851,0.927768,0.917971,0.00K,0.42%
04/03/2007,0.959929,0.952722,0.963205,0.952066,0.00K,3.87%
04/04/2007,0.971724,0.968641,0.972604,0.967099,0.00K,1.23%
04/05/2007,0.986256,0.980252,0.986701,0.978918,0.00K,1.5%
04/09/2007,0.978918,0.984671,0.985556,0.977369,0.00K,-0.74%
04/10/2007,0.994186,0.98882,0.994186,0.98815,0.00K,1.56%
04/11/2007,0.962663,0.972071,0.972509,0.9596,0.00K,-3.17%
04/12/2007,0.985636,0.976302,0.98697,0.972302,0.00K,2.39%
04/13/2007,0.991637,0.989851,0.993199,0.983604,0.00K,0.61%
04/16/2007,1.019083,1.013857,1.021128,1.013857,0.00K,2.77%
04/17/2007,1.025899,1.025443,1.026812,1.021335,0.00K,0.67%
04/18/2007,1.015629,1.013815,1.020617,1.011548,0.00K,-1.0%
04/19/2007,1.025151,1.017395,1.027432,1.015342,0.00K,0.94%
04/20/2007,1.042259,1.045027,1.048487,1.037646,0.00K,1.67%
04/23/2007,1.047103,1.046409,1.05011,1.044095,0.00K,0.46%
04/24/2007,1.063066,1.06143,1.066104,1.054419,0.00K,1.52%
04/25/2007,1.105131,1.094341,1.10537,1.090744,0.00K,3.96%
04/26/2007,1.122395,1.119245,1.124817,1.117065,0.00K,1.56%
04/27/2007,1.123848,1.118999,1.127,1.117059,0.00K,0.13%
04/30/2007,1.080204,1.092717,1.093426,1.079259,0.00K,-3.88%
05/01/2007,1.087287,1.085153,1.089184,1.077801,0.00K,0.66%
05/02/2007,1.112187,1.104483,1.116038,1.10352,0.00K,2.29%
05/03/2007,1.124464,1.123009,1.127616,1.120584,0.00K,1.1%
05/04/2007,1.127374,1.130775,1.13369,1.122273,0.00K,0.26%
05/07/2007,1.127374,1.12786,1.131018,1.125916,0.00K,0.0%
05/08/2007,1.134661,1.128318,1.135637,1.124171,0.00K,0.65%
05/09/2007,1.14198,1.13365,1.14541,1.132915,0.00K,0.65%
05/10/2007,1.094939,1.106372,1.108992,1.092319,0.00K,-4.12%
05/11/2007,1.137098,1.12391,1.137098,1.122444,0.00K,3.85%
05/14/2007,1.113652,1.121118,1.123768,1.10715,0.00K,-2.06%
05/15/2007,1.088364,1.095479,1.102357,1.085755,0.00K,-2.27%
05/16/2007,1.11967,1.111212,1.119912,1.104445,0.00K,2.88%
05/17/2007,1.10372,1.107789,1.109464,1.102762,0.00K,-1.42%
05/18/2007,1.131007,1.125412,1.131007,1.122979,0.00K,2.47%
05/21/2007,1.152903,1.14625,1.15857,1.144525,0.00K,1.94%
05/22/2007,1.155859,1.155613,1.161536,1.151417,0.00K,0.26%
05/23/2007,1.139569,1.148371,1.152772,1.138836,0.00K,-1.41%
05/24/2007,1.090427,1.107042,1.111314,1.086154,0.00K,-4.31%
05/25/2007,1.111077,1.106511,1.113721,1.104588,0.00K,1.89%
05/29/2007,1.137033,1.129224,1.138254,1.127271,0.00K,2.34%
05/30/2007,1.164855,1.147247,1.165103,1.144023,0.00K,2.45%
05/31/2007,1.181223,1.17897,1.183977,1.176217,0.00K,1.41%
06/01/2007,1.183476,1.186985,1.191747,1.181722,0.00K,0.19%
06/04/2007,1.194002,1.186187,1.195515,1.185431,0.00K,0.89%
06/05/2007,1.194002,1.190221,1.194002,1.17938,0.00K,0.0%
06/06/2007,1.155429,1.162828,1.163075,1.152716,0.00K,-3.23%
06/07/2007,1.101419,1.115031,1.122196,1.100941,0.00K,-4.67%
06/08/2007,1.142256,1.128067,1.142746,1.123908,0.00K,3.71%
06/11/2007,1.135651,1.137357,1.144668,1.134189,0.00K,-0.58%
06/12/2007,1.11518,1.115902,1.127218,1.113013,0.00K,-1.8%
06/13/2007,1.152016,1.14439,1.152999,1.13947,0.00K,3.3%
06/14/2007,1.174893,1.168413,1.178134,1.168164,0.00K,1.99%
06/15/2007,1.202559,1.203065,1.206102,1.200534,0.00K,2.35%
06/18/2007,1.205596,1.207624,1.208131,1.203061,0.00K,0.25%
06/19/2007,1.204835,1.201541,1.20737,1.198499,0.00K,-0.06%
06/20/2007,1.170621,1.183548,1.185786,1.168881,0.00K,-2.84%
06/21/2007,1.20269,1.191554,1.203955,1.185986,0.00K,2.74%
06/22/2007,1.168523,1.177211,1.178949,1.164799,0.00K,-2.84%
06/25/2007,1.153627,1.159042,1.165688,1.146982,0.00K,-1.27%
06/26/2007,1.133691,1.145855,1.145855,1.131744,0.00K,-1.73%
06/27/2007,1.186239,1.166185,1.186741,1.165182,0.00K,4.64%
06/28/2007,1.184735,1.184735,1.193001,1.183483,0.00K,-0.13%
06/29/2007,1.190747,1.195522,1.197783,1.180945,0.00K,0.51%
07/02/2007,1.221659,1.21399,1.222426,1.213223,0.00K,2.6%
07/03/2007,1.243899,1.238724,1.244157,1.237172,0.00K,1.82%
07/05/2007,1.271064,1.262928,1.273951,1.261615,0.00K,2.18%
07/06/2007,1.286811,1.282842,1.288134,1.277285,0.00K,1.24%
07/09/2007,1.289192,1.289457,1.291577,1.284688,0.00K,0.19%
07/10/2007,1.256605,1.260251,1.267543,1.255303,0.00K,-2.53%
07/11/2007,1.282388,1.270773,1.282388,1.269453,0.00K,2.05%
07/12/2007,1.341782,1.32791,1.344774,1.324374,0.00K,4.63%
07/13/2007,1.369526,1.361806,1.371457,1.360428,0.00K,2.07%
07/16/2007,1.365391,1.366766,1.371719,1.362914,0.00K,-0.3%
07/17/2007,1.39676,1.389497,1.398715,1.3881,0.00K,2.3%
07/18/2007,1.391732,1.385322,1.391732,1.376961,0.00K,-0.36%
07/19/2007,1.404272,1.406795,1.413524,1.403992,0.00K,0.9%
07/20/2007,1.381564,1.388219,1.39016,1.372967,0.00K,-1.62%
07/23/2007,1.383228,1.387113,1.389889,1.379065,0.00K,0.12%
07/24/2007,1.321615,1.331844,1.342341,1.314079,0.00K,-4.45%
07/25/2007,1.327268,1.331857,1.334556,1.31809,0.00K,0.43%
07/26/2007,1.293256,1.295644,1.306255,1.26885,0.00K,-2.56%
07/27/2007,1.215263,1.237904,1.243755,1.215263,0.00K,-6.03%
07/30/2007,1.257239,1.248652,1.261922,1.241887,0.00K,3.45%
07/31/2007,1.178401,1.214019,1.214518,1.17591,0.00K,-6.27%
08/01/2007,1.206049,1.193149,1.206808,1.182778,0.00K,2.35%
08/02/2007,1.238679,1.228638,1.240996,1.224776,0.00K,2.71%
08/03/2007,1.16839,1.188936,1.190174,1.161707,0.00K,-5.67%
08/06/2007,1.209234,1.196319,1.210501,1.18543,0.00K,3.5%
08/07/2007,1.234305,1.223523,1.242264,1.213254,0.00K,2.07%
08/08/2007,1.275124,1.266467,1.280895,1.263582,0.00K,3.31%
08/09/2007,1.186985,1.198982,1.218228,1.186485,0.00K,-6.91%
08/10/2007,1.154742,1.153025,1.168238,1.138793,0.00K,-2.72%
08/13/2007,1.178299,1.180288,1.185262,1.175314,0.00K,2.04%
08/14/2007,1.117867,1.13947,1.14067,1.116426,0.00K,-5.13%
08/15/2007,1.054496,1.072267,1.08173,1.052419,0.00K,-5.67%
08/16/2007,1.023339,1.025375,1.033744,1.023339,0.00K,-2.95%
08/17/2007,1.08102,1.08102,1.087588,1.064368,0.00K,5.64%
08/20/2007,1.0965,1.095317,1.100999,1.086082,0.00K,1.43%
08/21/2007,1.131306,1.118253,1.133965,1.116077,0.00K,3.17%
08/22/2007,1.177719,1.170519,1.178712,1.168037,0.00K,4.1%
08/23/2007,1.168037,1.175197,1.175937,1.16063,0.00K,-0.82%
08/24/2007,1.217662,1.196851,1.218677,1.195329,0.00K,4.25%
08/27/2007,1.193298,1.197555,1.20131,1.192297,0.00K,-2.0%
08/28/2007,1.107669,1.128146,1.130527,1.106955,0.00K,-7.18%
08/29/2007,1.203388,1.17749,1.204394,1.17749,0.00K,8.64%
08/30/2007,1.221492,1.209048,1.231903,1.207017,0.00K,1.5%
08/31/2007,1.262631,1.262372,1.267563,1.255882,0.00K,3.37%
09/04/2007,1.325711,1.305336,1.33429,1.305068,0.00K,5.0%
09/05/2007,1.285497,1.295214,1.29784,1.277356,0.00K,-3.03%
09/06/2007,1.282346,1.284705,1.288114,1.273694,0.00K,-0.25%
09/07/2007,1.211556,1.218874,1.220641,1.20449,0.00K,-5.52%
09/10/2007,1.209285,1.219618,1.222895,1.199455,0.00K,-0.19%
09/11/2007,1.263725,1.252827,1.265282,1.250751,0.00K,4.5%
09/12/2007,1.264504,1.261908,1.275666,1.26035,0.00K,0.06%
09/13/2007,1.283195,1.286078,1.287651,1.276903,0.00K,1.48%
09/14/2007,1.28634,1.275312,1.288704,1.273474,0.00K,0.25%
09/17/2007,1.254044,1.258691,1.26153,1.248365,0.00K,-2.51%
09/18/2007,1.349298,1.323563,1.422709,1.31652,0.00K,7.6%
09/19/2007,1.359862,1.36313,1.371027,1.354689,0.00K,0.78%
09/20/2007,1.348426,1.349238,1.354654,1.345447,0.00K,-0.84%
09/21/2007,1.375232,1.373037,1.379347,1.36563,0.00K,1.99%
09/24/2007,1.393338,1.390571,1.403577,1.38642,0.00K,1.32%
09/25/2007,1.433187,1.415142,1.433187,1.41345,0.00K,2.86%
09/26/2007,1.454334,1.455473,1.459744,1.44864,0.00K,1.48%
09/27/2007,1.476542,1.477692,1.478555,1.470215,0.00K,1.53%
09/28/2007,1.461874,1.465588,1.469588,1.455303,0.00K,-0.99%
10/01/2007,1.512441,1.49637,1.517116,1.494325,0.00K,3.46%
10/02/2007,1.513318,1.514195,1.514779,1.504841,0.00K,0.06%
10/03/2007,1.481748,1.487224,1.493853,1.477424,0.00K,-2.09%
10/04/2007,1.492124,1.491545,1.493861,1.479672,0.00K,0.7%
10/05/2007,1.582468,1.563202,1.584876,1.559891,0.00K,6.05%
10/08/2007,1.612269,1.601602,1.612574,1.598859,0.00K,1.88%
10/09/2007,1.633298,1.629917,1.63545,1.622539,0.00K,1.3%
10/10/2007,1.645288,1.641581,1.647141,1.63602,0.00K,0.73%
10/11/2007,1.566514,1.600289,1.604773,1.555455,0.00K,-4.79%
10/12/2007,1.644526,1.62508,1.644835,1.621994,0.00K,4.98%
10/15/2007,1.606561,1.621451,1.624489,1.593798,0.00K,-2.31%
10/16/2007,1.583771,1.581363,1.596111,1.578052,0.00K,-1.42%
10/17/2007,1.645171,1.647332,1.648567,1.618318,0.00K,3.88%
10/18/2007,1.666469,1.65246,1.669893,1.645922,0.00K,1.29%
10/19/2007,1.542254,1.581254,1.581254,1.540777,0.00K,-7.45%
10/22/2007,1.597208,1.569993,1.59872,1.56576,0.00K,3.56%
10/23/2007,1.697903,1.679957,1.698848,1.671457,0.00K,6.3%
10/24/2007,1.659178,1.658248,1.664449,1.604616,0.00K,-2.28%
10/25/2007,1.592216,1.617245,1.620261,1.583169,0.00K,-4.04%
10/26/2007,1.671827,1.676498,1.680236,1.656566,0.00K,5.0%
10/29/2007,1.693316,1.694259,1.698656,1.683265,0.00K,1.29%
10/30/2007,1.702739,1.692651,1.712197,1.69139,0.00K,0.56%
10/31/2007,1.77462,1.756799,1.775916,1.742866,0.00K,4.22%
11/01/2007,1.675472,1.696668,1.699162,1.674536,0.00K,-5.59%
11/02/2007,1.714748,1.714748,1.718863,1.688791,0.00K,2.34%
11/05/2007,1.68151,1.674949,1.69182,1.666513,0.00K,-1.94%
11/06/2007,1.738685,1.727505,1.739005,1.709936,0.00K,3.4%
11/07/2007,1.611231,1.637629,1.648553,1.610017,0.00K,-7.33%
11/08/2007,1.464672,1.504496,1.509901,1.438218,0.00K,-9.1%
11/09/2007,1.317892,1.336957,1.347285,1.317892,0.00K,-10.02%
11/12/2007,1.217005,1.246865,1.254895,1.214997,0.00K,-7.66%
11/13/2007,1.367562,1.331274,1.368916,1.330191,0.00K,12.37%
11/14/2007,1.315568,1.349604,1.350924,1.310554,0.00K,-3.8%
11/15/2007,1.294195,1.298893,1.312725,1.282451,0.00K,-1.62%
11/16/2007,1.330211,1.32649,1.335526,1.305228,0.00K,2.78%
11/19/2007,1.283966,1.296164,1.303431,1.276439,0.00K,-3.48%
11/20/2007,1.299538,1.300846,1.3223,1.27416,0.00K,1.21%
11/21/2007,1.253229,1.256293,1.275188,1.241483,0.00K,-3.56%
11/23/2007,1.293829,1.288352,1.297219,1.281571,0.00K,3.24%
11/26/2007,1.226542,1.251702,1.261514,1.224529,0.00K,-5.2%
11/27/2007,1.300512,1.285606,1.302866,1.278022,0.00K,6.03%
11/28/2007,1.418978,1.395439,1.425071,1.394609,0.00K,9.11%
11/29/2007,1.437255,1.425246,1.442562,1.423291,0.00K,1.29%
11/30/2007,1.404578,1.429331,1.430431,1.394677,0.00K,-2.27%
12/03/2007,1.369099,1.376128,1.386672,1.367477,0.00K,-2.53%
12/04/2007,1.352066,1.346436,1.359305,1.344559,0.00K,-1.24%
12/05/2007,1.424455,1.414188,1.436388,1.413078,0.00K,5.35%
12/06/2007,1.486895,1.467195,1.488323,1.466624,0.00K,4.38%
12/07/2007,1.487752,1.486609,1.493749,1.480611,0.00K,0.06%
12/10/2007,1.505745,1.502866,1.509776,1.499411,0.00K,1.21%
12/11/2007,1.400372,1.435463,1.441769,1.397356,0.00K,-7.0%
12/12/2007,1.438205,1.45132,1.456343,1.41337,0.00K,2.7%
12/13/2007,1.414765,1.410073,1.418353,1.400413,0.00K,-1.63%
12/14/2007,1.370881,1.374124,1.387906,1.36953,0.00K,-3.1%
12/17/2007,1.271166,1.297873,1.303266,1.270652,0.00K,-7.27%
12/18/2007,1.283493,1.292538,1.293314,1.265142,0.00K,0.97%
12/19/2007,1.282717,1.282975,1.290984,1.275742,0.00K,-0.06%
12/20/2007,1.360998,1.354819,1.36261,1.342461,0.00K,6.1%
12/21/2007,1.437564,1.433664,1.438957,1.427258,0.00K,5.63%
12/24/2007,1.470154,1.463651,1.474677,1.461955,0.00K,2.27%
12/26/2007,1.492206,1.482212,1.495632,1.477929,0.00K,1.5%
12/27/2007,1.443379,1.454549,1.459296,1.437236,0.00K,-3.27%
12/28/2007,1.437515,1.442528,1.44587,1.425541,0.00K,-0.41%
12/31/2007,1.384047,1.393278,1.396536,1.383776,0.00K,-3.72%
01/02/2008,1.322148,1.343473,1.348738,1.313723,0.00K,-4.47%
01/03/2008,1.334785,1.329221,1.338494,1.322597,0.00K,0.96%
01/04/2008,1.159127,1.192575,1.193538,1.154796,0.00K,-13.16%
01/07/2008,1.143246,1.148729,1.153259,1.125602,0.00K,-1.37%
01/08/2008,1.053836,1.084752,1.095132,1.053836,0.00K,-7.82%
01/09/2008,1.121535,1.10202,1.122475,1.087207,0.00K,6.42%
01/10/2008,1.126472,1.113031,1.136141,1.109965,0.00K,0.44%
01/11/2008,1.059973,1.075139,1.07627,1.052051,0.00K,-5.9%
01/14/2008,1.115654,1.11144,1.118932,1.102543,0.00K,5.25%
01/15/2008,1.022937,1.041263,1.044354,1.018521,0.00K,-8.31%
01/16/2008,0.99048,0.993289,1.008846,0.977732,0.00K,-3.17%
01/17/2008,0.948994,0.96621,0.973349,0.944585,0.00K,-4.19%
01/18/2008,0.945215,0.951287,0.961757,0.93286,0.00K,-0.4%
01/22/2008,0.871717,0.845151,0.883414,0.843168,0.00K,-7.78%
01/23/2008,0.862201,0.83327,0.864759,0.815164,0.00K,-1.09%
01/24/2008,0.914747,0.900013,0.915157,0.897353,0.00K,6.09%
01/25/2008,0.85888,0.895362,0.895558,0.8579,0.00K,-6.11%
01/28/2008,0.878298,0.872127,0.880488,0.863367,0.00K,2.26%
01/29/2008,0.883075,0.886072,0.88847,0.875683,0.00K,0.54%
01/30/2008,0.880678,0.878085,0.899624,0.876889,0.00K,-0.27%
01/31/2008,0.926148,0.900376,0.935632,0.899345,0.00K,5.16%
02/01/2008,0.9546,0.953128,0.960701,0.939665,0.00K,3.07%
02/04/2008,0.914212,0.927085,0.927698,0.914007,0.00K,-4.23%
02/05/2008,0.836359,0.844824,0.854059,0.835781,0.00K,-8.52%
02/06/2008,0.78672,0.807214,0.811645,0.785981,0.00K,-5.94%
02/07/2008,0.803337,0.789108,0.816067,0.785364,0.00K,2.11%
02/08/2008,0.830857,0.822816,0.834112,0.818222,0.00K,3.43%
02/11/2008,0.857276,0.851803,0.860208,0.847112,0.00K,3.18%
02/12/2008,0.843203,0.852868,0.859634,0.837211,0.00K,-1.64%
02/13/2008,0.898295,0.890435,0.900311,0.8858,0.00K,6.53%
02/14/2008,0.849924,0.866624,0.866818,0.848371,0.00K,-5.38%
02/15/2008,0.841186,0.840222,0.844272,0.834051,0.00K,-1.03%
02/19/2008,0.836558,0.848854,0.850968,0.827527,0.00K,-0.55%
02/20/2008,0.848086,0.834707,0.8508,0.834513,0.00K,1.38%
02/21/2008,0.823655,0.839436,0.841528,0.820233,0.00K,-2.88%
02/22/2008,0.832782,0.83259,0.832973,0.812096,0.00K,1.11%
02/25/2008,0.845423,0.840006,0.848518,0.834589,0.00K,1.52%
02/26/2008,0.854709,0.846719,0.862699,0.841263,0.00K,1.1%
02/27/2008,0.867571,0.857533,0.870917,0.855565,0.00K,1.5%
02/28/2008,0.857533,0.857338,0.86554,0.854408,0.00K,-1.16%
02/29/2008,0.789571,0.8025,0.804716,0.787724,0.00K,-7.93%
03/03/2008,0.774056,0.778795,0.779889,0.766219,0.00K,-1.96%
03/04/2008,0.787179,0.777964,0.789575,0.770776,0.00K,1.7%
03/05/2008,0.798791,0.796371,0.806607,0.791904,0.00K,1.48%
03/06/2008,0.745749,0.762096,0.765294,0.744505,0.00K,-6.64%
03/07/2008,0.740418,0.737589,0.750498,0.728393,0.00K,-0.71%
03/10/2008,0.697977,0.710553,0.712763,0.696448,0.00K,-5.73%
03/11/2008,0.777513,0.760004,0.777878,0.75362,0.00K,11.4%
03/12/2008,0.770947,0.776569,0.784186,0.768952,0.00K,-0.84%
03/13/2008,0.788901,0.773617,0.794242,0.766435,0.00K,2.33%
03/14/2008,0.745258,0.76493,0.765285,0.736396,0.00K,-5.53%
03/17/2008,0.704849,0.701093,0.713726,0.697509,0.00K,-5.42%
03/18/2008,0.799079,0.778885,0.799264,0.776476,0.00K,13.37%
03/19/2008,0.739607,0.761588,0.76317,0.739079,0.00K,-7.44%
03/20/2008,0.783392,0.769876,0.783575,0.76531,0.00K,5.92%
03/24/2008,0.86449,0.839356,0.867997,0.839356,0.00K,10.35%
03/25/2008,0.879102,0.876147,0.883831,0.868266,0.00K,1.69%
03/26/2008,0.871419,0.871223,0.874357,0.863192,0.00K,-0.87%
03/27/2008,0.813833,0.827301,0.82861,0.813833,0.00K,-6.61%
03/28/2008,0.801488,0.811301,0.81704,0.798526,0.00K,-1.52%
03/31/2008,0.814263,0.812954,0.819689,0.809212,0.00K,1.59%
04/01/2008,0.918666,0.895588,0.91907,0.894778,0.00K,12.82%
04/02/2008,0.912592,0.916623,0.923274,0.906143,0.00K,-0.66%
04/03/2008,0.918639,0.912566,0.925117,0.909529,0.00K,0.66%
04/04/2008,0.935036,0.933397,0.944867,0.925614,0.00K,1.78%
04/07/2008,0.928891,0.936844,0.941942,0.926648,0.00K,-0.66%
04/08/2008,0.907479,0.907479,0.913702,0.902861,0.00K,-2.31%
04/09/2008,0.876761,0.887943,0.888336,0.871464,0.00K,-3.38%
04/10/2008,0.914429,0.902123,0.920481,0.902123,0.00K,4.3%
04/11/2008,0.838176,0.85225,0.853772,0.835133,0.00K,-8.34%
04/14/2008,0.826764,0.829214,0.834303,0.824503,0.00K,-1.36%
04/15/2008,0.830157,0.832046,0.834125,0.821653,0.00K,0.41%
04/16/2008,0.899888,0.886337,0.902079,0.88554,0.00K,8.4%
04/17/2008,0.89391,0.896885,0.903432,0.888156,0.00K,-0.66%
04/18/2008,0.979015,0.974804,0.983648,0.968697,0.00K,9.52%
04/21/2008,0.999863,0.990681,1.000718,0.988118,0.00K,2.13%
04/22/2008,0.955017,0.963093,0.963921,0.946734,0.00K,-4.49%
04/23/2008,0.986699,0.983102,0.991143,0.974638,0.00K,3.32%
04/24/2008,1.013361,1.004746,1.024561,0.994407,0.00K,2.7%
04/25/2008,1.005607,1.009036,1.009893,0.993179,0.00K,-0.77%
04/28/2008,1.011393,1.011608,1.019566,1.009027,0.00K,0.58%
04/29/2008,1.034623,1.024797,1.038117,1.022831,0.00K,2.3%
04/30/2008,1.009074,1.019382,1.027327,1.005209,0.00K,-2.47%
05/01/2008,1.10442,1.071381,1.104876,1.070925,0.00K,9.45%
05/02/2008,1.109205,1.118803,1.118803,1.099379,0.00K,0.43%
05/05/2008,1.099607,1.101879,1.108695,1.094382,0.00K,-0.87%
05/06/2008,1.120055,1.109935,1.124654,1.102115,0.00K,1.86%
05/07/2008,1.059337,1.078831,1.085477,1.055571,0.00K,-5.42%
05/08/2008,1.082597,1.079226,1.08934,1.075181,0.00K,2.2%
05/09/2008,1.070461,1.066446,1.075815,1.063546,0.00K,-1.12%
05/12/2008,1.12868,1.110199,1.13099,1.108351,0.00K,5.44%
05/13/2008,1.137689,1.135599,1.140243,1.127006,0.00K,0.8%
05/14/2008,1.130025,1.137192,1.148982,1.128407,0.00K,-0.67%
05/15/2008,1.18967,1.169101,1.190866,1.165992,0.00K,5.28%
05/16/2008,1.192541,1.194457,1.194936,1.179125,0.00K,0.24%
05/19/2008,1.166668,1.176111,1.18579,1.15935,0.00K,-2.17%
05/20/2008,1.139756,1.143939,1.144404,1.130924,0.00K,-2.31%
05/21/2008,1.064454,1.089312,1.095748,1.060903,0.00K,-6.61%
05/22/2008,1.075107,1.074213,1.082703,1.069968,0.00K,1.0%
05/23/2008,1.065723,1.065279,1.069055,1.057283,0.00K,-0.87%
05/27/2008,1.123696,1.106214,1.124386,1.105754,0.00K,5.44%
05/28/2008,1.135428,1.136123,1.137976,1.123846,0.00K,1.04%
05/29/2008,1.166002,1.156101,1.172603,1.155629,0.00K,2.69%
05/30/2008,1.188634,1.185769,1.194126,1.182426,0.00K,1.94%
06/02/2008,1.144938,1.157046,1.157046,1.134692,0.00K,-3.68%
06/03/2008,1.126077,1.13667,1.143808,1.115484,0.00K,-1.65%
06/04/2008,1.1696,1.150945,1.177629,1.150236,0.00K,3.87%
06/05/2008,1.224857,1.208545,1.226317,1.204406,0.00K,4.72%
06/06/2008,1.114568,1.139235,1.141519,1.11434,0.00K,-9.0%
06/09/2008,1.096753,1.104436,1.106243,1.078452,0.00K,-1.6%
06/10/2008,1.081163,1.075568,1.090115,1.072883,0.00K,-1.42%
06/11/2008,1.00261,1.025581,1.027069,1.002398,0.00K,-7.27%
06/12/2008,1.006439,1.012622,1.021151,0.997483,0.00K,0.38%
06/13/2008,1.066569,1.051946,1.068785,1.046629,0.00K,5.97%
06/16/2008,1.09515,1.080043,1.10011,1.078915,0.00K,2.68%
06/17/2008,1.077562,1.086708,1.089161,1.076001,0.00K,-1.61%
06/18/2008,1.043436,1.048675,1.052604,1.039288,0.00K,-3.17%
06/19/2008,1.091896,1.073001,1.097295,1.066027,0.00K,4.64%
06/20/2008,1.001467,1.020775,1.020988,0.997012,0.00K,-8.28%
06/23/2008,0.977916,0.989819,0.992325,0.976454,0.00K,-2.35%
06/24/2008,0.962881,0.963294,0.974454,0.954614,0.00K,-1.54%
06/25/2008,1.010002,0.998057,1.019174,0.996564,0.00K,4.89%
06/26/2008,0.887778,0.908097,0.908097,0.887582,0.00K,-12.1%
06/27/2008,0.887778,0.88641,0.892662,0.874492,0.00K,0.0%
06/30/2008,0.859644,0.866527,0.872263,0.859261,0.00K,-3.17%
07/01/2008,0.896355,0.877681,0.897337,0.874142,0.00K,4.27%
07/02/2008,0.831487,0.854843,0.85802,0.830179,0.00K,-7.24%
07/03/2008,0.827002,0.833519,0.83538,0.820486,0.00K,-0.54%
07/07/2008,0.842083,0.844909,0.852635,0.829647,0.00K,1.82%
07/08/2008,0.902568,0.88245,0.903357,0.878899,0.00K,7.18%
07/09/2008,0.830378,0.852937,0.854242,0.830006,0.00K,-8.0%
07/10/2008,0.860022,0.851244,0.862693,0.842848,0.00K,3.57%
07/11/2008,0.818805,0.82342,0.831913,0.805881,0.00K,-4.79%
07/14/2008,0.800527,0.816894,0.817803,0.797617,0.00K,-2.23%
07/15/2008,0.801072,0.79707,0.813626,0.784152,0.00K,0.07%
07/16/2008,0.861112,0.841268,0.861875,0.834208,0.00K,7.49%
07/17/2008,0.878285,0.876738,0.881764,0.865525,0.00K,1.99%
07/18/2008,0.817387,0.828069,0.828069,0.817387,0.00K,-6.93%
07/21/2008,0.827885,0.831971,0.8355,0.822498,0.00K,1.28%
07/22/2008,0.827885,0.813768,0.828442,0.810982,0.00K,0.0%
07/23/2008,0.860762,0.85066,0.870674,0.848373,0.00K,3.97%
07/24/2008,0.821879,0.838509,0.838879,0.82114,0.00K,-4.52%
07/25/2008,0.85403,0.848534,0.85801,0.844364,0.00K,3.91%
07/28/2008,0.8057,0.82119,0.825746,0.801873,0.00K,-5.66%
07/29/2008,0.855999,0.842532,0.859792,0.841394,0.00K,6.24%
07/30/2008,0.869086,0.866979,0.873876,0.855866,0.00K,1.53%
07/31/2008,0.862764,0.85609,0.87592,0.854374,0.00K,-0.73%
08/01/2008,0.829588,0.841474,0.842031,0.820674,0.00K,-3.85%
08/04/2008,0.804516,0.812521,0.813431,0.802151,0.00K,-3.02%
08/05/2008,0.886387,0.866418,0.887163,0.865255,0.00K,10.18%
08/06/2008,0.926519,0.912744,0.930112,0.905756,0.00K,4.53%
08/07/2008,0.904958,0.90653,0.916356,0.901421,0.00K,-2.33%
08/08/2008,0.966861,0.944896,0.969324,0.943048,0.00K,6.84%
08/11/2008,0.993341,0.983937,1.004418,0.980593,0.00K,2.74%
08/12/2008,0.994595,0.994386,1.002753,0.989157,0.00K,0.13%
08/13/2008,0.995223,0.994386,1.002338,0.984132,0.00K,0.06%
08/14/2008,1.024728,1.00958,1.028995,1.008513,0.00K,2.96%
08/15/2008,1.018328,1.022364,1.027038,1.014291,0.00K,-0.62%
08/18/2008,0.983271,0.997591,0.997798,0.976215,0.00K,-3.44%
08/19/2008,0.946539,0.953619,0.958272,0.941279,0.00K,-3.74%
08/20/2008,0.951394,0.956874,0.960934,0.944289,0.00K,0.51%
08/21/2008,0.935561,0.933554,0.940579,0.926529,0.00K,-1.66%
08/22/2008,0.975304,0.96767,0.979224,0.966844,0.00K,4.25%
08/25/2008,0.913406,0.926435,0.927619,0.911037,0.00K,-6.35%
08/26/2008,0.909853,0.911428,0.916547,0.903946,0.00K,-0.39%
08/27/2008,0.927573,0.921989,0.934753,0.918798,0.00K,1.95%
08/28/2008,0.950309,0.946458,0.953754,0.944634,0.00K,2.45%
08/29/2008,0.890724,0.900037,0.909932,0.886844,0.00K,-6.27%
09/02/2008,0.857548,0.882136,0.886297,0.853576,0.00K,-3.72%
09/03/2008,0.833149,0.839086,0.842796,0.827027,0.00K,-2.85%
09/04/2008,0.75245,0.77288,0.773919,0.75245,0.00K,-9.69%
09/05/2008,0.741542,0.738971,0.7472,0.730569,0.00K,-1.45%
09/08/2008,0.737427,0.748702,0.751776,0.725641,0.00K,-0.55%
09/09/2008,0.690281,0.704986,0.712174,0.688648,0.00K,-6.39%
09/10/2008,0.707436,0.708599,0.713747,0.701624,0.00K,2.49%
09/11/2008,0.747292,0.722669,0.748841,0.722669,0.00K,5.63%
09/12/2008,0.73851,0.735094,0.743294,0.729456,0.00K,-1.18%
09/15/2008,0.669323,0.674437,0.688661,0.668524,0.00K,-9.37%
09/16/2008,0.685145,0.670049,0.692125,0.6694,0.00K,2.36%
09/17/2008,0.585319,0.607036,0.615343,0.582987,0.00K,-14.57%
09/18/2008,0.638663,0.631717,0.644682,0.606869,0.00K,9.11%
09/19/2008,0.699782,0.714859,0.715023,0.686671,0.00K,9.57%
09/22/2008,0.60096,0.628431,0.62976,0.599779,0.00K,-14.12%
09/23/2008,0.587225,0.596096,0.604385,0.585334,0.00K,-2.29%
09/24/2008,0.59944,0.59944,0.605485,0.594575,0.00K,2.08%
09/25/2008,0.628189,0.623779,0.635944,0.621042,0.00K,4.8%
09/26/2008,0.609028,0.597411,0.615135,0.596219,0.00K,-3.05%
09/29/2008,0.463809,0.493752,0.49523,0.456046,0.00K,-23.84%
09/30/2008,0.504103,0.488874,0.509179,0.487052,0.00K,8.69%
10/01/2008,0.488093,0.492296,0.49408,0.482107,0.00K,-3.18%
10/02/2008,0.421604,0.438777,0.438777,0.420337,0.00K,-13.62%
10/03/2008,0.401896,0.413949,0.424105,0.401003,0.00K,-4.67%
10/06/2008,0.358034,0.362161,0.364844,0.338017,0.00K,-10.91%
10/07/2008,0.289936,0.31206,0.312595,0.286546,0.00K,-19.02%
10/08/2008,0.282977,0.279115,0.298074,0.27815,0.00K,-2.4%
10/09/2008,0.260069,0.273582,0.277893,0.255592,0.00K,-8.1%
10/10/2008,0.255094,0.248629,0.264588,0.239299,0.00K,-1.91%
10/13/2008,0.348392,0.325876,0.349587,0.321293,0.00K,36.57%
10/14/2008,0.302962,0.325424,0.325877,0.299249,0.00K,-13.04%
10/15/2008,0.221719,0.240791,0.241591,0.221283,0.00K,-26.82%
10/16/2008,0.257751,0.246272,0.257831,0.233669,0.00K,16.25%
10/17/2008,0.258714,0.253242,0.269497,0.251552,0.00K,0.37%
10/20/2008,0.280441,0.276962,0.28095,0.267713,0.00K,8.4%
10/21/2008,0.236657,0.24557,0.250027,0.236657,0.00K,-15.61%
10/22/2008,0.217168,0.222656,0.224153,0.210754,0.00K,-8.23%
10/23/2008,0.214602,0.21439,0.218845,0.20343,0.00K,-1.18%
10/24/2008,0.193814,0.184773,0.198697,0.184509,0.00K,-9.69%
10/27/2008,0.177778,0.180517,0.187115,0.177591,0.00K,-8.27%
10/28/2008,0.236602,0.220411,0.236751,0.214292,0.00K,33.09%
10/29/2008,0.234811,0.236073,0.244462,0.230877,0.00K,-0.76%
10/30/2008,0.258418,0.257075,0.260158,0.25162,0.00K,10.05%
10/31/2008,0.259604,0.255402,0.263807,0.253261,0.00K,0.46%
11/03/2008,0.257939,0.25786,0.26165,0.255491,0.00K,-0.64%
11/04/2008,0.27973,0.277565,0.281895,0.273401,0.00K,8.45%
11/05/2008,0.236009,0.247054,0.247869,0.23549,0.00K,-15.63%
11/06/2008,0.204433,0.210682,0.213169,0.203357,0.00K,-13.38%
11/07/2008,0.216932,0.215115,0.218959,0.212809,0.00K,6.11%
11/10/2008,0.208336,0.216226,0.21643,0.20582,0.00K,-3.96%
11/11/2008,0.194665,0.197069,0.198953,0.192196,0.00K,-6.56%
11/12/2008,0.167765,0.173224,0.174105,0.167413,0.00K,-13.82%
11/13/2008,0.198407,0.186497,0.198865,0.177663,0.00K,18.26%
11/14/2008,0.169549,0.174309,0.177953,0.168902,0.00K,-14.54%
11/17/2008,0.158794,0.159469,0.163574,0.158175,0.00K,-6.34%
11/18/2008,0.158288,0.159522,0.160588,0.152957,0.00K,-0.32%
11/19/2008,0.133375,0.141059,0.142955,0.133075,0.00K,-15.74%
11/20/2008,0.114065,0.118459,0.122494,0.113661,0.00K,-14.48%
11/21/2008,0.128995,0.125546,0.129044,0.121124,0.00K,13.09%
11/24/2008,0.152608,0.146757,0.15445,0.145457,0.00K,18.31%
11/25/2008,0.150495,0.15291,0.153018,0.147007,0.00K,-1.38%
11/26/2008,0.169334,0.16087,0.169392,0.160464,0.00K,12.52%
11/28/2008,0.165334,0.164877,0.165733,0.163736,0.00K,-2.36%
12/01/2008,0.128023,0.135522,0.13557,0.127831,0.00K,-22.57%
12/02/2008,0.14092,0.138122,0.141226,0.135935,0.00K,10.07%
12/03/2008,0.152977,0.144977,0.153461,0.144655,0.00K,8.56%
12/04/2008,0.139929,0.141648,0.144833,0.137452,0.00K,-8.53%
12/05/2008,0.157067,0.149216,0.157721,0.146218,0.00K,12.25%
12/08/2008,0.175548,0.172441,0.177777,0.171796,0.00K,11.77%
12/09/2008,0.174317,0.172391,0.179103,0.171749,0.00K,-0.7%
12/10/2008,0.172566,0.17361,0.175755,0.170885,0.00K,-1.0%
12/11/2008,0.158307,0.162189,0.164759,0.157541,0.00K,-8.26%
12/12/2008,0.167985,0.162412,0.169009,0.161161,0.00K,6.11%
12/15/2008,0.159114,0.162239,0.162404,0.156866,0.00K,-5.28%
12/16/2008,0.182142,0.175317,0.182741,0.173401,0.00K,14.47%
12/17/2008,0.175496,0.17573,0.177891,0.173335,0.00K,-3.65%
12/18/2008,0.16621,0.169195,0.170377,0.164521,0.00K,-5.29%
12/19/2008,0.169589,0.170273,0.172499,0.168447,0.00K,2.03%
12/22/2008,0.158462,0.162005,0.162332,0.155954,0.00K,-6.56%
12/23/2008,0.156009,0.157195,0.159029,0.155145,0.00K,-1.55%
12/24/2008,0.157303,0.157629,0.157683,0.15649,0.00K,0.83%
12/26/2008,0.157141,0.157466,0.157683,0.156327,0.00K,-0.1%
12/29/2008,0.1534,0.155161,0.155214,0.151107,0.00K,-2.38%
12/30/2008,0.162841,0.160067,0.163396,0.159845,0.00K,6.15%
12/31/2008,0.167002,0.165535,0.168921,0.165366,0.00K,2.56%
01/02/2009,0.188837,0.181134,0.189448,0.180645,0.00K,13.07%
01/05/2009,0.188653,0.187432,0.190486,0.186026,0.00K,-0.1%
01/06/2009,0.194152,0.19384,0.19602,0.192844,0.00K,2.91%
01/07/2009,0.177713,0.179883,0.180411,0.176247,0.00K,-8.47%
01/08/2009,0.183344,0.180829,0.183583,0.179272,0.00K,3.17%
01/09/2009,0.170949,0.175061,0.175061,0.170092,0.00K,-6.76%
01/12/2009,0.161525,0.164823,0.164988,0.159765,0.00K,-5.51%
01/13/2009,0.16169,0.161635,0.164165,0.159764,0.00K,0.1%
01/14/2009,0.147001,0.149734,0.150302,0.146175,0.00K,-9.08%
01/15/2009,0.154119,0.151245,0.155396,0.14869,0.00K,4.84%
01/16/2009,0.159227,0.159826,0.160206,0.155366,0.00K,3.31%
01/20/2009,0.135572,0.142002,0.142684,0.135572,0.00K,-14.86%
01/21/2009,0.152817,0.149077,0.153027,0.147338,0.00K,12.72%
01/22/2009,0.146811,0.145581,0.14917,0.144247,0.00K,-3.93%
01/23/2009,0.148965,0.14591,0.151243,0.14503,0.00K,1.47%
01/26/2009,0.152072,0.151337,0.154591,0.150235,0.00K,2.09%
01/27/2009,0.155379,0.15442,0.15671,0.154314,0.00K,2.17%
01/28/2009,0.171833,0.168875,0.173539,0.168761,0.00K,10.59%
01/29/2009,0.158693,0.160796,0.163114,0.158154,0.00K,-7.65%
01/30/2009,0.150284,0.154234,0.154805,0.149713,0.00K,-5.3%
02/02/2009,0.155741,0.152389,0.156805,0.152229,0.00K,3.63%
02/03/2009,0.163084,0.160835,0.166155,0.158476,0.00K,4.71%
02/04/2009,0.163742,0.163852,0.168967,0.163082,0.00K,0.4%
02/05/2009,0.174632,0.16832,0.17578,0.168262,0.00K,6.65%
02/06/2009,0.188233,0.184314,0.189077,0.18353,0.00K,7.79%
02/09/2009,0.190585,0.189916,0.191618,0.1887,0.00K,1.25%
02/10/2009,0.169611,0.174947,0.177081,0.168263,0.00K,-11.0%
02/11/2009,0.167252,0.168031,0.169089,0.164637,0.00K,-1.39%
02/12/2009,0.173428,0.169211,0.173656,0.168128,0.00K,3.69%
02/13/2009,0.171035,0.171204,0.173011,0.170244,0.00K,-1.38%
02/17/2009,0.150538,0.151832,0.152867,0.149709,0.00K,-11.98%
02/18/2009,0.150848,0.15173,0.153077,0.148982,0.00K,0.21%
02/19/2009,0.144006,0.147171,0.148076,0.143654,0.00K,-4.54%
02/20/2009,0.145212,0.14314,0.146576,0.142786,0.00K,0.84%
02/23/2009,0.129902,0.135336,0.13543,0.129293,0.00K,-10.54%
02/24/2009,0.142832,0.138943,0.143829,0.138744,0.00K,9.95%
02/25/2009,0.13999,0.140137,0.142794,0.137776,0.00K,-1.99%
02/26/2009,0.128185,0.132773,0.13356,0.127768,0.00K,-8.43%
02/27/2009,0.12457,0.124388,0.126616,0.123933,0.00K,-2.82%
03/02/2009,0.112568,0.114563,0.116218,0.111846,0.00K,-9.64%
03/03/2009,0.112313,0.113245,0.114559,0.111465,0.00K,-0.23%
03/04/2009,0.121213,0.119787,0.122907,0.119386,0.00K,7.92%
03/05/2009,0.110384,0.112517,0.113396,0.110008,0.00K,-8.93%
03/06/2009,0.107749,0.109107,0.109848,0.105321,0.00K,-2.39%
03/09/2009,0.100835,0.102055,0.105046,0.100402,0.00K,-6.42%
03/10/2009,0.11949,0.114834,0.119754,0.114394,0.00K,18.5%
03/11/2009,0.125025,0.124482,0.126112,0.122807,0.00K,4.63%
03/12/2009,0.137519,0.132941,0.137953,0.131592,0.00K,9.99%
03/13/2009,0.138531,0.13824,0.139015,0.136497,0.00K,0.74%
03/16/2009,0.131558,0.134551,0.134926,0.131231,0.00K,-5.03%
03/17/2009,0.14643,0.141865,0.14643,0.141314,0.00K,11.3%
03/18/2009,0.151999,0.149582,0.15457,0.148811,0.00K,3.8%
03/19/2009,0.15169,0.15395,0.154001,0.150561,0.00K,-0.2%
03/20/2009,0.143988,0.146368,0.148202,0.143046,0.00K,-5.08%
03/23/2009,0.169572,0.163839,0.169793,0.160201,0.00K,17.77%
03/24/2009,0.160145,0.161843,0.163063,0.160039,0.00K,-5.56%
03/25/2009,0.162373,0.162962,0.165478,0.158037,0.00K,1.39%
03/26/2009,0.17731,0.17436,0.177593,0.171751,0.00K,9.2%
03/27/2009,0.16744,0.168805,0.16935,0.16684,0.00K,-5.57%
03/30/2009,0.154997,0.156188,0.156344,0.152717,0.00K,-7.43%
03/31/2009,0.159038,0.158985,0.162357,0.158774,0.00K,2.61%
04/01/2009,0.166152,0.161649,0.166748,0.160836,0.00K,4.47%
04/02/2009,0.1821,0.17968,0.185038,0.179046,0.00K,9.6%
04/03/2009,0.192296,0.190505,0.192595,0.189191,0.00K,5.6%
04/06/2009,0.190863,0.18908,0.191219,0.187179,0.00K,-0.75%
04/07/2009,0.17571,0.178408,0.17852,0.17453,0.00K,-7.94%
04/08/2009,0.184645,0.183309,0.185806,0.181974,0.00K,5.08%
04/09/2009,0.20189,0.199365,0.202321,0.19875,0.00K,9.34%
04/13/2009,0.200966,0.200414,0.202071,0.198757,0.00K,-0.46%
04/14/2009,0.1936,0.194798,0.195935,0.192283,0.00K,-3.67%
04/15/2009,0.191984,0.191032,0.192163,0.18871,0.00K,-0.83%
04/16/2009,0.206986,0.204421,0.208112,0.202419,0.00K,7.81%
04/17/2009,0.208112,0.207233,0.209304,0.205789,0.00K,0.54%
04/20/2009,0.188148,0.190845,0.191549,0.187093,0.00K,-9.59%
04/21/2009,0.196063,0.192448,0.196364,0.192388,0.00K,4.21%
04/22/2009,0.197871,0.196113,0.202296,0.195446,0.00K,0.92%
04/23/2009,0.20369,0.203072,0.203876,0.199859,0.00K,2.94%
04/24/2009,0.214258,0.212086,0.215792,0.21036,0.00K,5.19%
04/27/2009,0.215025,0.213039,0.217139,0.212591,0.00K,0.36%
04/28/2009,0.210221,0.210473,0.212934,0.209464,0.00K,-2.23%
04/29/2009,0.218928,0.217696,0.221909,0.216983,0.00K,4.14%
04/30/2009,0.225538,0.226133,0.229637,0.223952,0.00K,3.02%
05/01/2009,0.227323,0.226725,0.228453,0.224931,0.00K,0.79%
05/04/2009,0.240879,0.238255,0.241155,0.23722,0.00K,5.96%
05/05/2009,0.240257,0.240051,0.240533,0.237569,0.00K,-0.26%
05/06/2009,0.240464,0.242464,0.242602,0.236533,0.00K,0.09%
05/07/2009,0.2235,0.230326,0.230458,0.221334,0.00K,-7.05%
05/08/2009,0.223894,0.224682,0.227245,0.221594,0.00K,0.18%
05/11/2009,0.226259,0.222487,0.228708,0.221826,0.00K,1.06%
05/12/2009,0.217921,0.221083,0.22147,0.215275,0.00K,-3.69%
05/13/2009,0.200498,0.204158,0.20428,0.200132,0.00K,-8.0%
05/14/2009,0.207085,0.205341,0.209017,0.205216,0.00K,3.29%
05/15/2009,0.206712,0.206649,0.209513,0.205902,0.00K,-0.18%
05/18/2009,0.222957,0.218705,0.223219,0.217396,0.00K,7.86%
05/19/2009,0.226097,0.224381,0.228343,0.223126,0.00K,1.41%
05/20/2009,0.22372,0.225425,0.228703,0.223065,0.00K,-1.05%
05/21/2009,0.211328,0.213663,0.215177,0.209182,0.00K,-5.54%
05/22/2009,0.209245,0.21075,0.211941,0.207866,0.00K,-0.99%
05/26/2009,0.232753,0.222066,0.233021,0.221999,0.00K,11.23%
05/27/2009,0.227913,0.228775,0.232155,0.227118,0.00K,-2.08%
05/28/2009,0.235866,0.234646,0.23668,0.230849,0.00K,3.49%
05/29/2009,0.244612,0.241834,0.245376,0.240306,0.00K,3.71%
06/01/2009,0.265448,0.260611,0.266254,0.259731,0.00K,8.52%
06/02/2009,0.266547,0.26471,0.269119,0.264122,0.00K,0.41%
06/03/2009,0.264122,0.263757,0.264414,0.2612,0.00K,-0.91%
06/04/2009,0.273106,0.270567,0.27348,0.270119,0.00K,3.4%
06/05/2009,0.274002,0.27535,0.276248,0.271308,0.00K,0.33%
06/08/2009,0.271532,0.270491,0.273615,0.267441,0.00K,-0.9%
06/09/2009,0.277781,0.276951,0.279443,0.275667,0.00K,2.3%
06/10/2009,0.274836,0.277461,0.277536,0.270862,0.00K,-1.06%
06/11/2009,0.274836,0.274386,0.277911,0.274311,0.00K,0.0%
06/12/2009,0.271012,0.27116,0.271532,0.267668,0.00K,-1.39%
06/15/2009,0.254296,0.257001,0.257357,0.252019,0.00K,-6.17%
06/16/2009,0.246823,0.250381,0.251288,0.246614,0.00K,-2.94%
06/17/2009,0.253939,0.252375,0.256214,0.250811,0.00K,2.88%
06/18/2009,0.252446,0.252517,0.254146,0.250676,0.00K,-0.59%
06/19/2009,0.259669,0.258803,0.261112,0.257865,0.00K,2.86%
06/22/2009,0.236509,0.241317,0.241927,0.236102,0.00K,-8.92%
06/23/2009,0.234883,0.236232,0.236636,0.233333,0.00K,-0.69%
06/24/2009,0.246614,0.244664,0.248563,0.244525,0.00K,4.99%
06/25/2009,0.261235,0.254726,0.261742,0.254003,0.00K,5.93%
06/26/2009,0.262971,0.261228,0.263915,0.260646,0.00K,0.66%
06/29/2009,0.264715,0.264642,0.266903,0.262307,0.00K,0.66%
06/30/2009,0.263182,0.264418,0.265726,0.26122,0.00K,-0.58%
07/01/2009,0.263618,0.264637,0.26682,0.263546,0.00K,0.17%
07/02/2009,0.246155,0.24956,0.249629,0.245461,0.00K,-6.62%
07/03/2009,0.24949,0.24949,0.24949,0.24949,0.00K,1.35%
07/06/2009,0.24234,0.242134,0.243165,0.239796,0.00K,-2.87%
07/07/2009,0.22419,0.229996,0.230387,0.22406,0.00K,-7.49%
07/08/2009,0.227713,0.227844,0.228767,0.22501,0.00K,1.57%
07/09/2009,0.228899,0.229362,0.230486,0.228105,0.00K,0.52%
07/10/2009,0.231875,0.230141,0.233343,0.229474,0.00K,1.3%
07/13/2009,0.245083,0.240724,0.245152,0.237472,0.00K,5.7%
07/14/2009,0.247782,0.246388,0.24827,0.245621,0.00K,1.1%
07/15/2009,0.272873,0.268344,0.272948,0.267082,0.00K,10.13%
07/16/2009,0.282675,0.277962,0.283283,0.27781,0.00K,3.59%
07/17/2009,0.287235,0.285699,0.287312,0.284239,0.00K,1.61%
07/20/2009,0.295301,0.293971,0.295927,0.292876,0.00K,2.81%
07/21/2009,0.301405,0.300532,0.301405,0.297121,0.00K,2.07%
07/22/2009,0.309019,0.3066,0.310551,0.306035,0.00K,2.53%
07/23/2009,0.329583,0.32201,0.330761,0.321505,0.00K,6.65%
07/24/2009,0.32201,0.321016,0.324661,0.319773,0.00K,-2.3%
07/27/2009,0.329466,0.328961,0.32997,0.325428,0.00K,2.32%
07/28/2009,0.322653,0.323482,0.326883,0.321409,0.00K,-2.07%
07/29/2009,0.329122,0.328954,0.329879,0.326265,0.00K,2.01%
07/30/2009,0.334921,0.336282,0.340023,0.334411,0.00K,1.76%
07/31/2009,0.331861,0.33279,0.335241,0.331522,0.00K,-0.91%
08/03/2009,0.346565,0.344912,0.346739,0.343173,0.00K,4.43%
08/04/2009,0.346565,0.344999,0.347869,0.344217,0.00K,0.0%
08/05/2009,0.338477,0.341901,0.341987,0.336251,0.00K,-2.33%
08/06/2009,0.329745,0.33311,0.334288,0.328568,0.00K,-2.58%
08/07/2009,0.342111,0.342369,0.343748,0.339697,0.00K,3.75%
08/10/2009,0.335129,0.336149,0.337169,0.332918,0.00K,-2.04%
08/11/2009,0.326457,0.327794,0.328462,0.324703,0.00K,-2.59%
08/12/2009,0.341494,0.3359,0.344506,0.335814,0.00K,4.61%
08/13/2009,0.347174,0.347261,0.347783,0.343345,0.00K,1.66%
08/14/2009,0.335427,0.337553,0.338148,0.332451,0.00K,-3.38%
08/17/2009,0.306093,0.310009,0.310329,0.305934,0.00K,-8.75%
08/18/2009,0.31928,0.316733,0.327005,0.315829,0.00K,4.31%
08/19/2009,0.325937,0.320021,0.32677,0.319605,0.00K,2.08%
08/20/2009,0.337185,0.33318,0.337867,0.332498,0.00K,3.45%
08/21/2009,0.350734,0.348285,0.351346,0.345923,0.00K,4.02%
08/24/2009,0.349684,0.350644,0.352477,0.348375,0.00K,-0.3%
08/25/2009,0.352826,0.352563,0.356251,0.351773,0.00K,0.9%
08/26/2009,0.350982,0.350895,0.353608,0.349057,0.00K,-0.52%
08/27/2009,0.353608,0.352904,0.354223,0.347276,0.00K,0.75%
08/28/2009,0.354663,0.358628,0.360302,0.352196,0.00K,0.3%
08/31/2009,0.343825,0.344947,0.345292,0.341753,0.00K,-3.06%
09/01/2009,0.324666,0.329482,0.33546,0.323669,0.00K,-5.57%
09/02/2009,0.323918,0.322592,0.325742,0.322177,0.00K,-0.23%
09/03/2009,0.330385,0.329797,0.330889,0.326269,0.00K,2.0%
09/04/2009,0.351554,0.344815,0.351729,0.34429,0.00K,6.41%
09/08/2009,0.361531,0.360729,0.361888,0.359035,0.00K,2.84%
09/09/2009,0.370892,0.3679,0.372706,0.366358,0.00K,2.59%
09/10/2009,0.381502,0.378084,0.381964,0.377067,0.00K,2.86%
09/11/2009,0.382611,0.382426,0.383537,0.379834,0.00K,0.29%
09/14/2009,0.387055,0.382857,0.387335,0.38267,0.00K,1.16%
09/15/2009,0.390693,0.389285,0.391913,0.38844,0.00K,0.94%
09/16/2009,0.40759,0.403342,0.408169,0.402087,0.00K,4.32%
09/17/2009,0.4073,0.406432,0.409712,0.40537,0.00K,-0.07%
09/18/2009,0.408169,0.409328,0.409908,0.405946,0.00K,0.21%
09/21/2009,0.411937,0.408534,0.413201,0.407951,0.00K,0.92%
09/22/2009,0.414271,0.41593,0.416027,0.412221,0.00K,0.57%
09/23/2009,0.408415,0.412088,0.415375,0.407738,0.00K,-1.41%
09/24/2009,0.397395,0.40252,0.40328,0.394643,0.00K,-2.7%
09/25/2009,0.387145,0.387891,0.390689,0.386026,0.00K,-2.58%
09/28/2009,0.40673,0.402009,0.409139,0.40172,0.00K,5.06%
09/29/2009,0.401238,0.403052,0.405058,0.399424,0.00K,-1.35%
09/30/2009,0.402097,0.403436,0.405444,0.395977,0.00K,0.21%
10/01/2009,0.366525,0.376405,0.376584,0.366525,0.00K,-8.85%
10/02/2009,0.363292,0.361864,0.366596,0.361864,0.00K,-0.88%
10/05/2009,0.372131,0.371043,0.373855,0.368684,0.00K,2.43%
10/06/2009,0.391727,0.387034,0.393604,0.385063,0.00K,5.27%
10/07/2009,0.395105,0.393406,0.395294,0.392462,0.00K,0.86%
10/08/2009,0.400202,0.400868,0.403819,0.39925,0.00K,1.29%
10/09/2009,0.407056,0.403879,0.40773,0.403013,0.00K,1.71%
10/12/2009,0.409656,0.410236,0.412556,0.406852,0.00K,0.64%
10/13/2009,0.409946,0.409559,0.41159,0.407914,0.00K,0.07%
10/14/2009,0.426777,0.426181,0.428068,0.423697,0.00K,4.11%
10/15/2009,0.423797,0.422511,0.42439,0.421918,0.00K,-0.7%
10/16/2009,0.415491,0.416857,0.41754,0.412563,0.00K,-1.96%
10/19/2009,0.428078,0.424097,0.428676,0.421907,0.00K,3.03%
10/20/2009,0.428377,0.430667,0.430767,0.425589,0.00K,0.07%
10/21/2009,0.425987,0.426582,0.432733,0.425193,0.00K,-0.56%
10/22/2009,0.431047,0.428647,0.432846,0.425847,0.00K,1.19%
10/23/2009,0.425647,0.4312,0.431596,0.424557,0.00K,-1.25%
10/26/2009,0.421483,0.423256,0.429067,0.419513,0.00K,-0.98%
10/27/2009,0.402275,0.408099,0.409626,0.400748,0.00K,-4.56%
10/28/2009,0.375355,0.382553,0.383737,0.374535,0.00K,-6.69%
10/29/2009,0.394214,0.39045,0.395155,0.389132,0.00K,5.02%
10/30/2009,0.362594,0.372288,0.373089,0.362238,0.00K,-8.02%
11/02/2009,0.36713,0.366054,0.371076,0.362736,0.00K,1.25%
11/03/2009,0.370627,0.36801,0.371169,0.366837,0.00K,0.95%
11/04/2009,0.372522,0.374152,0.377321,0.37207,0.00K,0.51%
11/05/2009,0.399959,0.39493,0.400433,0.394645,0.00K,7.37%
11/06/2009,0.407076,0.402851,0.407556,0.402083,0.00K,1.78%
11/09/2009,0.433286,0.427383,0.433386,0.426983,0.00K,6.44%
11/10/2009,0.436587,0.434878,0.438096,0.434375,0.00K,0.76%
11/11/2009,0.445034,0.445441,0.447376,0.44208,0.00K,1.93%
11/12/2009,0.437396,0.440114,0.442429,0.436389,0.00K,-1.72%
11/13/2009,0.448268,0.445914,0.449496,0.444379,0.00K,2.49%
11/16/2009,0.461774,0.458956,0.463757,0.458226,0.00K,3.01%
11/17/2009,0.466157,0.463427,0.466157,0.462481,0.00K,0.95%
11/18/2009,0.458596,0.459739,0.459946,0.455376,0.00K,-1.62%
11/19/2009,0.437094,0.441017,0.441218,0.433977,0.00K,-4.69%
11/20/2009,0.430457,0.430158,0.431552,0.428864,0.00K,-1.52%
11/23/2009,0.451063,0.448394,0.453733,0.448291,0.00K,4.79%
11/24/2009,0.446751,0.448179,0.448281,0.444098,0.00K,-0.96%
11/25/2009,0.45226,0.451849,0.452672,0.450614,0.00K,1.23%
11/27/2009,0.431895,0.426809,0.435086,0.425812,0.00K,-4.5%
11/30/2009,0.43339,0.431891,0.43399,0.428893,0.00K,0.35%
12/01/2009,0.446884,0.445558,0.44974,0.445558,0.00K,3.11%
12/02/2009,0.448414,0.449334,0.452708,0.447596,0.00K,0.34%
12/03/2009,0.4432,0.446649,0.449286,0.443098,0.00K,-1.16%
12/04/2009,0.449895,0.453276,0.456145,0.445284,0.00K,1.51%
12/07/2009,0.443747,0.445372,0.447504,0.442834,0.00K,-1.37%
12/08/2009,0.435524,0.435925,0.439134,0.432717,0.00K,-1.85%
12/09/2009,0.448458,0.443755,0.448867,0.440791,0.00K,2.97%
12/10/2009,0.455204,0.454688,0.457682,0.454585,0.00K,1.5%
12/11/2009,0.449939,0.453934,0.454651,0.448197,0.00K,-1.16%
12/14/2009,0.462847,0.461594,0.463369,0.459089,0.00K,2.87%
12/15/2009,0.455018,0.456153,0.458837,0.453677,0.00K,-1.69%
12/16/2009,0.456876,0.458014,0.460394,0.456151,0.00K,0.41%
12/17/2009,0.440422,0.443855,0.444259,0.439816,0.00K,-3.6%
12/18/2009,0.459505,0.456182,0.459713,0.454832,0.00K,4.33%
12/21/2009,0.475081,0.472003,0.476886,0.472003,0.00K,3.39%
12/22/2009,0.483681,0.482069,0.484325,0.481532,0.00K,1.81%
12/23/2009,0.494317,0.491919,0.494426,0.490502,0.00K,2.2%
12/24/2009,0.508051,0.503944,0.508051,0.503833,0.00K,2.78%
12/28/2009,0.51571,0.514253,0.516607,0.512683,0.00K,1.51%
12/29/2009,0.509656,0.511658,0.511992,0.509211,0.00K,-1.17%
12/30/2009,0.513994,0.512204,0.515001,0.511757,0.00K,0.85%
12/31/2009,0.500235,0.505618,0.505947,0.500235,0.00K,-2.68%
01/04/2010,0.521985,0.520855,0.522776,0.52029,0.00K,4.35%
01/05/2010,0.521985,0.521533,0.522889,0.519047,0.00K,0.0%
01/06/2010,0.512833,0.515513,0.517299,0.512051,0.00K,-1.75%
01/07/2010,0.513503,0.513838,0.51462,0.510821,0.00K,0.13%
01/08/2010,0.526243,0.520563,0.526243,0.519314,0.00K,2.48%
01/11/2010,0.519768,0.522472,0.522923,0.517177,0.00K,-1.23%
01/12/2010,0.500505,0.5038,0.504459,0.497759,0.00K,-3.71%
01/13/2010,0.518957,0.514344,0.520532,0.510745,0.00K,3.69%
01/14/2010,0.520307,0.518842,0.521772,0.518391,0.00K,0.26%
01/15/2010,0.502389,0.508993,0.509984,0.500187,0.00K,-3.44%
01/19/2010,0.526495,0.519456,0.527063,0.519342,0.00K,4.8%
01/20/2010,0.504014,0.507763,0.511512,0.498611,0.00K,-4.27%
01/21/2010,0.48979,0.495956,0.498984,0.487735,0.00K,-2.82%
01/22/2010,0.446631,0.458622,0.460045,0.445411,0.00K,-8.81%
01/25/2010,0.451204,0.452022,0.454171,0.44926,0.00K,1.02%
01/26/2010,0.452431,0.451714,0.457966,0.449356,0.00K,0.27%
01/27/2010,0.463194,0.458925,0.464755,0.456114,0.00K,2.38%
01/28/2010,0.427587,0.435873,0.436169,0.425319,0.00K,-7.69%
01/29/2010,0.405098,0.415656,0.416703,0.403577,0.00K,-5.26%
02/01/2010,0.41851,0.415108,0.418704,0.414816,0.00K,3.31%
02/02/2010,0.429881,0.426517,0.431167,0.423747,0.00K,2.72%
02/03/2010,0.437005,0.432604,0.437805,0.432304,0.00K,1.66%
02/04/2010,0.398896,0.407923,0.408675,0.398896,0.00K,-8.72%
02/05/2010,0.409051,0.406852,0.409434,0.400828,0.00K,2.55%
02/08/2010,0.400159,0.402514,0.404964,0.399876,0.00K,-2.17%
02/09/2010,0.412596,0.413173,0.416442,0.409231,0.00K,3.11%
02/10/2010,0.41,0.410766,0.412777,0.407415,0.00K,-0.63%
02/11/2010,0.43,0.41,0.43,0.41,3.45M,-99.33%
02/12/2010,0.43,0.42,0.44,0.42,8.60M,0.00%
02/16/2010,0.45,0.44,0.45,0.44,9.62M,4.65%
02/17/2010,0.46,0.46,0.46,0.45,19.18M,2.22%
02/18/2010,0.47,0.46,0.47,0.46,38.87M,2.17%
02/19/2010,0.47,0.46,0.47,0.46,46.48M,0.00%
02/22/2010,0.46,0.47,0.47,0.46,25.50M,-2.13%
02/23/2010,0.45,0.46,0.46,0.44,41.12M,-2.17%
02/24/2010,0.46,0.45,0.46,0.45,35.31M,2.22%
02/25/2010,0.46,0.44,0.46,0.44,45.61M,0.00%
02/26/2010,0.47,0.46,0.47,0.45,28.80M,2.17%
03/01/2010,0.49,0.47,0.49,0.47,14.23M,4.26%
03/02/2010,0.49,0.49,0.5,0.49,24.22M,0.00%
03/03/2010,0.49,0.49,0.5,0.49,23.98M,0.00%
03/04/2010,0.5,0.49,0.5,0.48,14.74M,2.04%
03/05/2010,0.52,0.51,0.52,0.5,13.43M,4.00%
03/08/2010,0.52,0.52,0.52,0.52,12.67M,0.00%
03/09/2010,0.53,0.52,0.54,0.52,23.21M,1.92%
03/10/2010,0.54,0.53,0.55,0.53,20.03M,1.89%
03/11/2010,0.55,0.54,0.55,0.54,26.96M,1.85%
03/12/2010,0.55,0.55,0.55,0.54,18.06M,0.00%
03/15/2010,0.55,0.55,0.55,0.53,21.18M,0.00%
03/16/2010,0.56,0.55,0.56,0.55,23.30M,1.82%
03/17/2010,0.56,0.56,0.57,0.55,19.90M,0.00%
03/18/2010,0.57,0.56,0.57,0.56,26.19M,1.79%
03/19/2010,0.56,0.57,0.57,0.55,20.01M,-1.75%
03/22/2010,0.57,0.55,0.58,0.55,29.40M,1.79%
03/23/2010,0.58,0.57,0.58,0.57,27.65M,1.75%
03/24/2010,0.57,0.58,0.58,0.57,44.61M,-1.72%
03/25/2010,0.57,0.59,0.59,0.57,46.96M,0.00%
03/26/2010,0.57,0.58,0.58,0.56,42.14M,0.00%
03/29/2010,0.58,0.58,0.59,0.58,19.02M,1.75%
03/30/2010,0.59,0.59,0.59,0.58,19.94M,1.72%
03/31/2010,0.58,0.58,0.59,0.58,29.76M,-1.69%
04/01/2010,0.58,0.59,0.6,0.57,58.30M,0.00%
04/05/2010,0.59,0.58,0.6,0.58,33.78M,1.72%
04/06/2010,0.6,0.59,0.6,0.59,29.36M,1.69%
04/07/2010,0.6,0.6,0.6,0.59,53.11M,0.00%
04/08/2010,0.6,0.59,0.6,0.58,34.82M,0.00%
04/09/2010,0.61,0.6,0.61,0.6,29.04M,1.67%
04/12/2010,0.61,0.61,0.62,0.61,24.40M,0.00%
04/13/2010,0.62,0.61,0.62,0.6,33.61M,1.64%
04/14/2010,0.64,0.63,0.64,0.63,30.55M,3.23%
04/15/2010,0.65,0.64,0.65,0.64,22.88M,1.56%
04/16/2010,0.63,0.64,0.65,0.62,64.74M,-3.08%
04/19/2010,0.63,0.62,0.63,0.6,56.37M,0.00%
04/20/2010,0.64,0.64,0.64,0.62,28.23M,1.59%
04/21/2010,0.65,0.65,0.65,0.64,42.01M,1.56%
04/22/2010,0.66,0.63,0.66,0.62,61.42M,1.54%
04/23/2010,0.67,0.66,0.67,0.65,41.17M,1.52%
04/26/2010,0.66,0.67,0.67,0.66,40.27M,-1.49%
04/27/2010,0.62,0.65,0.66,0.61,66.87M,-6.06%
04/28/2010,0.62,0.63,0.63,0.61,62.59M,0.00%
04/29/2010,0.65,0.63,0.66,0.63,42.45M,4.84%
04/30/2010,0.61,0.65,0.66,0.61,44.24M,-6.15%
05/03/2010,0.64,0.62,0.65,0.62,26.29M,4.92%
05/04/2010,0.58,0.62,0.62,0.57,68.62M,-9.38%
05/05/2010,0.57,0.56,0.58,0.55,69.30M,-1.72%
05/06/2010,0.52,0.56,0.58,0.35,108.90M,-8.77%
05/07/2010,0.48,0.5,0.52,0.45,124.12M,-7.69%
05/10/2010,0.55,0.54,0.55,0.54,94.81M,14.58%
05/11/2010,0.55,0.54,0.57,0.53,73.54M,0.00%
05/12/2010,0.58,0.56,0.58,0.56,54.28M,5.45%
05/13/2010,0.55,0.58,0.59,0.55,52.94M,-5.17%
05/14/2010,0.52,0.54,0.54,0.5,77.09M,-5.45%
05/17/2010,0.53,0.53,0.53,0.49,68.43M,1.92%
05/18/2010,0.51,0.54,0.54,0.5,95.41M,-3.77%
05/19/2010,0.49,0.5,0.51,0.48,118.99M,-3.92%
05/20/2010,0.44,0.46,0.47,0.43,136.57M,-10.20%
05/21/2010,0.45,0.42,0.46,0.41,117.14M,2.27%
05/24/2010,0.45,0.45,0.47,0.45,78.20M,0.00%
05/25/2010,0.45,0.42,0.45,0.4,86.56M,0.00%
05/26/2010,0.43,0.45,0.47,0.43,104.22M,-4.44%
05/27/2010,0.48,0.46,0.48,0.46,86.68M,11.63%
05/28/2010,0.47,0.48,0.49,0.46,83.33M,-2.08%
06/01/2010,0.46,0.47,0.49,0.46,101.35M,-2.13%
06/02/2010,0.49,0.47,0.49,0.46,56.79M,6.52%
06/03/2010,0.51,0.5,0.51,0.49,57.46M,4.08%
06/04/2010,0.46,0.47,0.49,0.45,123.08M,-9.80%
06/07/2010,0.43,0.46,0.47,0.43,84.53M,-6.52%
06/08/2010,0.43,0.43,0.44,0.41,133.01M,0.00%
06/09/2010,0.42,0.44,0.45,0.41,114.73M,-2.33%
06/10/2010,0.45,0.43,0.45,0.43,78.20M,7.14%
06/11/2010,0.46,0.44,0.47,0.44,62.66M,2.22%
06/14/2010,0.46,0.48,0.49,0.46,114.36M,0.00%
06/15/2010,0.5,0.47,0.5,0.47,100.19M,8.70%
06/16/2010,0.51,0.5,0.52,0.5,79.19M,2.00%
06/17/2010,0.51,0.52,0.52,0.5,81.61M,0.00%
06/18/2010,0.52,0.52,0.53,0.51,69.78M,1.96%
06/21/2010,0.5,0.53,0.54,0.49,109.94M,-3.85%
06/22/2010,0.49,0.51,0.52,0.49,89.88M,-2.00%
06/23/2010,0.48,0.49,0.5,0.47,112.35M,-2.04%
06/24/2010,0.46,0.48,0.48,0.46,120.66M,-4.17%
06/25/2010,0.46,0.47,0.47,0.45,88.78M,0.00%
06/28/2010,0.46,0.46,0.47,0.45,82.07M,0.00%
06/29/2010,0.4,0.43,0.43,0.39,219.19M,-13.04%
06/30/2010,0.38,0.4,0.41,0.38,91.89M,-5.00%
07/01/2010,0.38,0.39,0.39,0.36,127.02M,0.00%
07/02/2010,0.38,0.38,0.39,0.37,73.69M,0.00%
07/06/2010,0.38,0.39,0.4,0.37,78.27M,0.00%
07/07/2010,0.42,0.38,0.42,0.38,80.91M,10.53%
07/08/2010,0.42,0.43,0.43,0.41,103.77M,0.00%
07/09/2010,0.44,0.42,0.44,0.42,71.32M,4.76%
07/12/2010,0.44,0.43,0.45,0.43,49.46M,0.00%
07/13/2010,0.46,0.45,0.46,0.44,87.06M,4.55%
07/14/2010,0.46,0.46,0.47,0.45,54.82M,0.00%
07/15/2010,0.46,0.46,0.47,0.45,57.18M,0.00%
07/16/2010,0.43,0.46,0.46,0.43,90.68M,-6.52%
07/19/2010,0.44,0.43,0.44,0.42,62.09M,2.33%
07/20/2010,0.45,0.42,0.45,0.41,63.98M,2.27%
07/21/2010,0.43,0.47,0.47,0.43,87.05M,-4.44%
07/22/2010,0.46,0.45,0.47,0.45,63.22M,6.98%
07/23/2010,0.48,0.46,0.48,0.46,69.85M,4.35%
07/26/2010,0.49,0.48,0.49,0.47,50.37M,2.08%
07/27/2010,0.49,0.49,0.5,0.48,59.85M,0.00%
07/28/2010,0.48,0.49,0.49,0.47,38.85M,-2.04%
07/29/2010,0.47,0.48,0.49,0.45,76.36M,-2.08%
07/30/2010,0.47,0.45,0.48,0.45,64.90M,0.00%
08/02/2010,0.49,0.49,0.5,0.48,45.07M,4.26%
08/03/2010,0.49,0.49,0.49,0.48,32.11M,0.00%
08/04/2010,0.5,0.5,0.5,0.49,40.46M,2.04%
08/05/2010,0.5,0.5,0.5,0.49,33.32M,0.00%
08/06/2010,0.5,0.48,0.5,0.47,76.37M,0.00%
08/09/2010,0.51,0.5,0.51,0.5,42.81M,2.00%
08/10/2010,0.5,0.49,0.5,0.48,78.99M,-1.96%
08/11/2010,0.45,0.47,0.47,0.45,77.55M,-10.00%
08/12/2010,0.44,0.43,0.45,0.42,72.97M,-2.22%
08/13/2010,0.43,0.44,0.44,0.43,28.96M,-2.27%
08/16/2010,0.44,0.43,0.44,0.42,47.75M,2.33%
08/17/2010,0.45,0.45,0.46,0.44,60.14M,2.27%
08/18/2010,0.46,0.45,0.47,0.44,35.61M,2.22%
08/19/2010,0.44,0.45,0.45,0.43,51.20M,-4.35%
08/20/2010,0.44,0.43,0.44,0.43,44.29M,0.00%
08/23/2010,0.43,0.45,0.45,0.43,54.18M,-2.27%
08/24/2010,0.4,0.41,0.41,0.4,72.47M,-6.98%
08/25/2010,0.41,0.39,0.42,0.39,72.06M,2.50%
08/26/2010,0.4,0.42,0.42,0.4,66.48M,-2.44%
08/27/2010,0.41,0.41,0.41,0.38,96.23M,2.50%
08/30/2010,0.4,0.41,0.42,0.4,52.57M,-2.44%
08/31/2010,0.4,0.39,0.41,0.39,78.22M,0.00%
09/01/2010,0.43,0.41,0.44,0.41,64.80M,7.50%
09/02/2010,0.45,0.43,0.45,0.43,27.14M,4.65%
09/03/2010,0.47,0.46,0.47,0.45,67.73M,4.44%
09/07/2010,0.46,0.46,0.47,0.46,48.67M,-2.13%
09/08/2010,0.47,0.46,0.48,0.46,56.94M,2.17%
09/09/2010,0.48,0.49,0.49,0.48,45.17M,2.13%
09/10/2010,0.48,0.48,0.49,0.47,31.95M,0.00%
09/13/2010,0.51,0.5,0.51,0.5,41.86M,6.25%
09/14/2010,0.51,0.5,0.52,0.5,42.42M,0.00%
09/15/2010,0.52,0.51,0.52,0.5,33.83M,1.96%
09/16/2010,0.53,0.52,0.53,0.52,46.95M,1.92%
09/17/2010,0.53,0.54,0.54,0.53,57.41M,0.00%
09/20/2010,0.56,0.54,0.56,0.54,52.77M,5.66%
09/21/2010,0.56,0.56,0.57,0.55,86.95M,0.00%
09/22/2010,0.56,0.55,0.57,0.55,48.40M,0.00%
09/23/2010,0.56,0.55,0.57,0.54,68.85M,0.00%
09/24/2010,0.59,0.58,0.59,0.57,63.26M,5.36%
09/27/2010,0.58,0.59,0.59,0.58,48.55M,-1.69%
09/28/2010,0.58,0.59,0.59,0.55,73.13M,0.00%
09/29/2010,0.58,0.58,0.59,0.57,31.92M,0.00%
09/30/2010,0.57,0.59,0.6,0.56,88.73M,-1.72%
10/01/2010,0.57,0.58,0.58,0.56,58.64M,0.00%
10/04/2010,0.55,0.56,0.57,0.54,61.93M,-3.51%
10/05/2010,0.59,0.57,0.59,0.57,55.01M,7.27%
10/06/2010,0.57,0.59,0.59,0.56,44.24M,-3.39%
10/07/2010,0.58,0.58,0.58,0.57,39.49M,1.75%
10/08/2010,0.59,0.58,0.6,0.57,34.78M,1.72%
10/11/2010,0.59,0.59,0.6,0.59,19.08M,0.00%
10/12/2010,0.6,0.59,0.61,0.57,48.87M,1.69%
10/13/2010,0.62,0.62,0.63,0.61,48.47M,3.33%
10/14/2010,0.62,0.62,0.62,0.61,39.87M,0.00%
10/15/2010,0.65,0.64,0.65,0.62,59.80M,4.84%
10/18/2010,0.65,0.66,0.66,0.65,43.92M,0.00%
10/19/2010,0.63,0.63,0.64,0.61,63.80M,-3.08%
10/20/2010,0.64,0.63,0.66,0.63,46.76M,1.59%
10/21/2010,0.65,0.65,0.66,0.63,54.88M,1.56%
10/22/2010,0.66,0.65,0.66,0.64,29.36M,1.54%
10/25/2010,0.67,0.67,0.68,0.67,38.64M,1.52%
10/26/2010,0.67,0.66,0.68,0.65,37.51M,0.00%
10/27/2010,0.68,0.66,0.68,0.66,56.43M,1.49%
10/28/2010,0.68,0.69,0.69,0.67,54.04M,0.00%
10/29/2010,0.68,0.68,0.69,0.68,40.37M,0.00%
11/01/2010,0.68,0.69,0.7,0.67,42.64M,0.00%
11/02/2010,0.7,0.7,0.71,0.7,34.13M,2.94%
11/03/2010,0.71,0.71,0.71,0.69,57.57M,1.43%
11/04/2010,0.74,0.74,0.75,0.73,55.95M,4.23%
11/05/2010,0.74,0.74,0.74,0.73,57.01M,0.00%
11/08/2010,0.74,0.74,0.74,0.73,51.82M,0.00%
11/09/2010,0.73,0.75,0.75,0.72,61.43M,-1.35%
11/10/2010,0.74,0.73,0.74,0.72,47.28M,1.37%
11/11/2010,0.73,0.71,0.73,0.7,61.18M,-1.35%
11/12/2010,0.69,0.72,0.72,0.67,109.13M,-5.48%
11/15/2010,0.68,0.7,0.71,0.68,59.74M,-1.45%
11/16/2010,0.65,0.67,0.68,0.64,90.81M,-4.41%
11/17/2010,0.66,0.65,0.67,0.65,55.72M,1.54%
11/18/2010,0.69,0.68,0.7,0.68,69.79M,4.55%
11/19/2010,0.69,0.68,0.69,0.68,46.70M,0.00%
11/22/2010,0.71,0.68,0.71,0.68,74.17M,2.90%
11/23/2010,0.67,0.68,0.69,0.66,93.61M,-5.63%
11/24/2010,0.71,0.69,0.72,0.69,64.81M,5.97%
11/26/2010,0.71,0.7,0.71,0.7,29.83M,0.00%
11/29/2010,0.7,0.7,0.7,0.67,88.27M,-1.41%
11/30/2010,0.67,0.68,0.68,0.66,100.41M,-4.29%
12/01/2010,0.71,0.7,0.72,0.7,103.73M,5.97%
12/02/2010,0.74,0.72,0.74,0.71,66.05M,4.23%
12/03/2010,0.74,0.73,0.74,0.73,87.72M,0.00%
12/06/2010,0.74,0.74,0.74,0.73,49.62M,0.00%
12/07/2010,0.74,0.77,0.77,0.74,82.21M,0.00%
12/08/2010,0.75,0.75,0.75,0.73,46.78M,1.35%
12/09/2010,0.75,0.76,0.76,0.74,50.13M,0.00%
12/10/2010,0.77,0.76,0.77,0.75,44.09M,2.67%
12/13/2010,0.76,0.78,0.78,0.76,40.46M,-1.30%
12/14/2010,0.76,0.76,0.77,0.76,38.43M,0.00%
12/15/2010,0.75,0.76,0.78,0.75,47.99M,-1.32%
12/16/2010,0.77,0.75,0.77,0.75,43.06M,2.67%
12/17/2010,0.77,0.77,0.78,0.77,30.63M,0.00%
12/20/2010,0.77,0.78,0.78,0.76,63.16M,0.00%
12/21/2010,0.79,0.78,0.79,0.78,16.79M,2.60%
12/22/2010,0.79,0.79,0.79,0.78,21.63M,0.00%
12/23/2010,0.78,0.78,0.79,0.78,18.42M,-1.27%
12/27/2010,0.78,0.78,0.79,0.76,32.22M,0.00%
12/28/2010,0.78,0.79,0.79,0.77,31.72M,0.00%
12/29/2010,0.78,0.79,0.79,0.78,22.73M,0.00%
12/30/2010,0.78,0.78,0.78,0.77,14.37M,0.00%
12/31/2010,0.77,0.78,0.78,0.76,24.36M,-1.28%
01/03/2011,0.8,0.79,0.82,0.79,66.74M,3.90%
01/04/2011,0.8,0.82,0.82,0.79,65.75M,0.00%
01/05/2011,0.82,0.8,0.82,0.79,61.44M,2.50%
01/06/2011,0.83,0.83,0.83,0.82,52.26M,1.22%
01/07/2011,0.83,0.84,0.84,0.81,76.20M,0.00%
01/10/2011,0.84,0.82,0.84,0.82,43.10M,1.20%
01/11/2011,0.84,0.85,0.85,0.83,54.95M,0.00%
01/12/2011,0.86,0.85,0.86,0.84,67.06M,2.38%
01/13/2011,0.86,0.86,0.87,0.85,65.80M,0.00%
01/14/2011,0.88,0.86,0.88,0.86,30.64M,2.33%
01/18/2011,0.89,0.86,0.89,0.86,69.33M,1.14%
01/19/2011,0.86,0.89,0.89,0.85,75.18M,-3.37%
01/20/2011,0.84,0.85,0.85,0.82,94.88M,-2.33%
01/21/2011,0.82,0.85,0.86,0.82,52.41M,-2.38%
01/24/2011,0.85,0.82,0.85,0.82,43.28M,3.66%
01/25/2011,0.86,0.84,0.86,0.84,48.22M,1.18%
01/26/2011,0.87,0.86,0.88,0.85,50.05M,1.16%
01/27/2011,0.89,0.88,0.89,0.88,55.67M,2.30%
01/28/2011,0.82,0.89,0.89,0.81,127.26M,-7.87%
01/31/2011,0.83,0.82,0.84,0.8,80.15M,1.22%
02/01/2011,0.88,0.85,0.88,0.85,101.72M,6.02%
02/02/2011,0.87,0.87,0.88,0.87,46.19M,-1.14%
02/03/2011,0.88,0.87,0.88,0.85,65.76M,1.15%
02/04/2011,0.89,0.88,0.89,0.87,67.97M,1.14%
02/07/2011,0.91,0.9,0.92,0.89,51.89M,2.25%
02/08/2011,0.93,0.91,0.93,0.9,66.97M,2.20%
02/09/2011,0.92,0.92,0.93,0.91,65.20M,-1.08%
02/10/2011,0.92,0.9,0.93,0.9,71.04M,0.00%
02/11/2011,0.94,0.92,0.94,0.91,47.28M,2.17%
02/14/2011,0.95,0.94,0.95,0.94,29.85M,1.06%
02/15/2011,0.95,0.94,0.95,0.93,46.75M,0.00%
02/16/2011,0.96,0.95,0.97,0.95,70.55M,1.05%
02/17/2011,0.96,0.95,0.97,0.95,43.36M,0.00%
02/18/2011,0.96,0.96,0.97,0.95,64.10M,0.00%
02/22/2011,0.87,0.92,0.93,0.87,121.81M,-9.37%
02/23/2011,0.85,0.87,0.88,0.83,97.19M,-2.30%
02/24/2011,0.86,0.86,0.87,0.83,80.12M,1.18%
02/25/2011,0.9,0.88,0.91,0.88,53.44M,4.65%
02/28/2011,0.91,0.91,0.92,0.89,52.43M,1.11%
03/01/2011,0.86,0.92,0.92,0.86,61.62M,-5.49%
03/02/2011,0.88,0.86,0.89,0.86,57.10M,2.33%
03/03/2011,0.93,0.9,0.93,0.9,66.69M,5.68%
03/04/2011,0.91,0.93,0.93,0.9,54.71M,-2.15%
03/07/2011,0.88,0.93,0.93,0.85,68.81M,-3.30%
03/08/2011,0.89,0.87,0.9,0.86,64.46M,1.14%
03/09/2011,0.87,0.88,0.88,0.86,48.52M,-2.25%
03/10/2011,0.83,0.84,0.85,0.82,87.78M,-4.60%
03/11/2011,0.84,0.82,0.85,0.81,51.26M,1.20%
03/14/2011,0.84,0.83,0.85,0.82,40.18M,0.00%
03/15/2011,0.8,0.76,0.82,0.75,94.15M,-4.76%
03/16/2011,0.74,0.78,0.79,0.73,108.71M,-7.50%
03/17/2011,0.76,0.78,0.79,0.76,58.71M,2.70%
03/18/2011,0.76,0.79,0.79,0.76,59.35M,0.00%
03/21/2011,0.8,0.79,0.81,0.79,47.74M,5.26%
03/22/2011,0.8,0.8,0.81,0.79,32.17M,0.00%
03/23/2011,0.81,0.79,0.82,0.77,52.33M,1.25%
03/24/2011,0.85,0.83,0.86,0.81,65.43M,4.94%
03/25/2011,0.86,0.86,0.88,0.86,74.15M,1.18%
03/28/2011,0.85,0.87,0.87,0.84,44.59M,-1.16%
03/29/2011,0.87,0.84,0.87,0.83,33.77M,2.35%
03/30/2011,0.88,0.88,0.89,0.87,33.80M,1.15%
03/31/2011,0.89,0.88,0.89,0.87,28.54M,1.14%
04/01/2011,0.89,0.9,0.91,0.88,37.77M,0.00%
04/04/2011,0.88,0.9,0.9,0.87,31.41M,-1.12%
04/05/2011,0.87,0.87,0.89,0.87,27.30M,-1.14%
04/06/2011,0.88,0.89,0.9,0.86,33.40M,1.15%
04/07/2011,0.88,0.88,0.89,0.86,36.06M,0.00%
04/08/2011,0.86,0.89,0.89,0.85,25.23M,-2.27%
04/11/2011,0.86,0.87,0.88,0.85,28.24M,0.00%
04/12/2011,0.84,0.84,0.85,0.83,33.73M,-2.33%
04/13/2011,0.86,0.86,0.87,0.84,35.42M,2.38%
04/14/2011,0.85,0.84,0.86,0.83,34.01M,-1.16%
04/15/2011,0.85,0.84,0.86,0.83,74.83M,0.00%
04/18/2011,0.83,0.82,0.83,0.79,62.88M,-2.35%
04/19/2011,0.85,0.84,0.85,0.82,53.99M,2.41%
04/20/2011,0.9,0.89,0.91,0.89,65.85M,5.88%
04/21/2011,0.93,0.93,0.93,0.92,32.48M,3.33%
04/25/2011,0.93,0.93,0.93,0.92,22.85M,0.00%
04/26/2011,0.95,0.94,0.96,0.93,22.49M,2.15%
04/27/2011,0.97,0.95,0.97,0.94,31.33M,2.11%
04/28/2011,0.97,0.96,0.97,0.95,33.30M,0.00%
04/29/2011,0.96,0.96,0.97,0.96,26.21M,-1.03%
05/02/2011,0.96,0.97,0.97,0.95,26.93M,0.00%
05/03/2011,0.94,0.95,0.96,0.93,26.56M,-2.08%
05/04/2011,0.94,0.94,0.95,0.92,40.97M,0.00%
05/05/2011,0.92,0.92,0.96,0.91,47.88M,-2.13%
05/06/2011,0.93,0.95,0.97,0.92,38.42M,1.09%
05/09/2011,0.94,0.94,0.95,0.93,20.97M,1.08%
05/10/2011,0.97,0.95,0.97,0.95,27.68M,3.19%
05/11/2011,0.94,0.96,0.97,0.93,32.46M,-3.09%
05/12/2011,0.96,0.93,0.97,0.92,30.16M,2.13%
05/13/2011,0.93,0.96,0.96,0.93,37.02M,-3.12%
05/16/2011,0.88,0.92,0.92,0.87,39.93M,-5.38%
05/17/2011,0.89,0.87,0.89,0.86,44.97M,1.14%
05/18/2011,0.91,0.88,0.91,0.88,21.49M,2.25%
05/19/2011,0.92,0.92,0.92,0.9,26.31M,1.10%
05/20/2011,0.9,0.91,0.92,0.89,21.82M,-2.17%
05/23/2011,0.86,0.86,0.87,0.84,38.77M,-4.44%
05/24/2011,0.84,0.86,0.86,0.84,33.97M,-2.33%
05/25/2011,0.85,0.84,0.86,0.84,27.03M,1.19%
05/26/2011,0.87,0.84,0.87,0.84,23.59M,2.35%
05/27/2011,0.88,0.87,0.88,0.87,17.52M,1.15%
05/31/2011,0.92,0.9,0.92,0.89,27.73M,4.55%
06/01/2011,0.86,0.92,0.92,0.86,46.28M,-6.52%
06/02/2011,0.87,0.87,0.88,0.85,23.39M,1.16%
06/03/2011,0.83,0.84,0.86,0.82,40.74M,-4.60%
06/06/2011,0.81,0.82,0.83,0.81,26.86M,-2.41%
06/07/2011,0.8,0.81,0.82,0.8,28.16M,-1.23%
06/08/2011,0.79,0.8,0.8,0.78,46.76M,-1.25%
06/09/2011,0.79,0.79,0.8,0.78,22.26M,0.00%
06/10/2011,0.75,0.78,0.78,0.75,27.85M,-5.06%
06/13/2011,0.75,0.76,0.77,0.75,29.55M,0.00%
06/14/2011,0.78,0.77,0.79,0.77,29.25M,4.00%
06/15/2011,0.74,0.76,0.77,0.73,44.80M,-5.13%
06/16/2011,0.73,0.74,0.75,0.71,42.66M,-1.35%
06/17/2011,0.72,0.75,0.75,0.72,44.98M,-1.37%
06/20/2011,0.73,0.72,0.74,0.72,23.77M,1.39%
06/21/2011,0.78,0.74,0.78,0.73,37.24M,6.85%
06/22/2011,0.76,0.77,0.78,0.76,31.21M,-2.56%
06/23/2011,0.79,0.74,0.79,0.73,58.06M,3.95%
06/24/2011,0.74,0.77,0.78,0.74,47.02M,-6.33%
06/27/2011,0.78,0.75,0.79,0.74,37.43M,5.41%
06/28/2011,0.81,0.79,0.82,0.78,28.89M,3.85%
06/29/2011,0.83,0.82,0.83,0.81,34.20M,2.47%
06/30/2011,0.86,0.83,0.86,0.83,45.46M,3.61%
07/01/2011,0.9,0.86,0.9,0.85,38.35M,4.65%
07/05/2011,0.91,0.9,0.91,0.89,36.74M,1.11%
07/06/2011,0.92,0.91,0.92,0.9,39.91M,1.10%
07/07/2011,0.96,0.94,0.96,0.94,53.64M,4.35%
07/08/2011,0.95,0.93,0.95,0.92,73.01M,-1.04%
07/11/2011,0.9,0.92,0.93,0.89,67.72M,-5.26%
07/12/2011,0.88,0.9,0.9,0.87,50.53M,-2.22%
07/13/2011,0.89,0.89,0.91,0.88,57.64M,1.14%
07/14/2011,0.86,0.89,0.91,0.85,62.37M,-3.37%
07/15/2011,0.89,0.89,0.89,0.87,48.19M,3.49%
07/18/2011,0.88,0.88,0.89,0.85,42.34M,-1.12%
07/19/2011,0.94,0.9,0.94,0.9,72.44M,6.82%
07/20/2011,0.92,0.95,0.95,0.92,53.84M,-2.13%
07/21/2011,0.94,0.93,0.96,0.91,65.65M,2.17%
07/22/2011,0.97,0.94,0.98,0.94,45.92M,3.19%
07/25/2011,0.97,0.95,0.98,0.94,40.10M,0.00%
07/26/2011,0.97,0.96,0.98,0.96,51.72M,0.00%
07/27/2011,0.9,0.95,0.96,0.89,72.13M,-7.22%
07/28/2011,0.9,0.9,0.94,0.89,61.71M,0.00%
07/29/2011,0.89,0.88,0.92,0.87,74.91M,-1.11%
08/01/2011,0.88,0.93,0.93,0.85,98.80M,-1.12%
08/02/2011,0.82,0.87,0.88,0.81,88.65M,-6.82%
08/03/2011,0.84,0.82,0.84,0.78,88.06M,2.44%
08/04/2011,0.72,0.8,0.81,0.72,146.31M,-14.29%
08/05/2011,0.71,0.75,0.76,0.65,158.99M,-1.39%
08/08/2011,0.58,0.64,0.68,0.58,192.73M,-18.31%
08/09/2011,0.66,0.61,0.66,0.56,213.42M,13.79%
08/10/2011,0.58,0.62,0.65,0.58,161.91M,-12.12%
08/11/2011,0.66,0.61,0.68,0.6,143.29M,13.79%
08/12/2011,0.68,0.67,0.69,0.65,125.21M,3.03%
08/15/2011,0.71,0.68,0.71,0.68,75.82M,4.41%
08/16/2011,0.69,0.69,0.71,0.66,75.38M,-2.82%
08/17/2011,0.68,0.69,0.71,0.65,106.41M,-1.45%
08/18/2011,0.58,0.62,0.62,0.56,165.02M,-14.71%
08/19/2011,0.55,0.56,0.6,0.54,143.66M,-5.17%
08/22/2011,0.55,0.58,0.59,0.55,108.90M,0.00%
08/23/2011,0.62,0.56,0.62,0.56,143.18M,12.73%
08/24/2011,0.63,0.62,0.64,0.6,99.04M,1.61%
08/25/2011,0.6,0.63,0.64,0.6,76.45M,-4.76%
08/26/2011,0.65,0.6,0.65,0.58,111.37M,8.33%
08/29/2011,0.7,0.67,0.7,0.67,113.29M,7.69%
08/30/2011,0.72,0.69,0.73,0.68,114.54M,2.86%
08/31/2011,0.72,0.73,0.75,0.7,128.28M,0.00%
09/01/2011,0.7,0.72,0.74,0.7,98.94M,-2.78%
09/02/2011,0.65,0.66,0.67,0.64,77.07M,-7.14%
09/06/2011,0.65,0.6,0.65,0.6,85.42M,0.00%
09/07/2011,0.7,0.68,0.7,0.67,80.15M,7.69%
09/08/2011,0.69,0.69,0.72,0.68,99.56M,-1.43%
09/09/2011,0.64,0.68,0.68,0.63,103.84M,-7.25%
09/12/2011,0.67,0.62,0.67,0.62,120.09M,4.69%
09/13/2011,0.69,0.68,0.7,0.67,140.23M,2.99%
09/14/2011,0.72,0.71,0.75,0.68,117.11M,4.35%
09/15/2011,0.76,0.75,0.76,0.73,117.83M,5.56%
09/16/2011,0.78,0.76,0.78,0.76,123.13M,2.63%
09/19/2011,0.78,0.75,0.79,0.73,124.01M,0.00%
09/20/2011,0.77,0.79,0.81,0.76,119.97M,-1.28%
09/21/2011,0.73,0.78,0.79,0.73,117.27M,-5.19%
09/22/2011,0.66,0.67,0.69,0.63,168.44M,-9.59%
09/23/2011,0.68,0.64,0.69,0.64,130.75M,3.03%
09/26/2011,0.7,0.69,0.71,0.64,123.54M,2.94%
09/27/2011,0.72,0.74,0.76,0.71,129.57M,2.86%
09/28/2011,0.69,0.73,0.75,0.69,134.67M,-4.17%
09/29/2011,0.67,0.72,0.73,0.63,168.70M,-2.90%
09/30/2011,0.62,0.64,0.66,0.61,143.90M,-7.46%
10/03/2011,0.57,0.6,0.63,0.57,205.53M,-8.06%
10/04/2011,0.6,0.55,0.61,0.53,345.15M,5.26%
10/05/2011,0.65,0.6,0.65,0.58,261.07M,8.33%
10/06/2011,0.68,0.65,0.68,0.64,228.34M,4.62%
10/07/2011,0.67,0.68,0.69,0.66,144.18M,-1.47%
10/10/2011,0.74,0.7,0.74,0.7,108.62M,10.45%
10/11/2011,0.75,0.73,0.76,0.73,100.61M,1.35%
10/12/2011,0.76,0.77,0.79,0.76,129.71M,1.33%
10/13/2011,0.78,0.76,0.79,0.76,93.72M,2.63%
10/14/2011,0.83,0.81,0.83,0.8,95.75M,6.41%
10/17/2011,0.79,0.82,0.82,0.78,547.36M,-4.82%
10/18/2011,0.82,0.79,0.83,0.76,142.89M,3.80%
10/19/2011,0.77,0.81,0.81,0.76,121.17M,-6.10%
10/20/2011,0.76,0.77,0.77,0.73,101.62M,-1.30%
10/21/2011,0.79,0.78,0.8,0.77,94.37M,3.95%
10/24/2011,0.84,0.8,0.84,0.8,98.71M,6.33%
10/25/2011,0.79,0.83,0.83,0.78,100.55M,-5.95%
10/26/2011,0.79,0.8,0.81,0.74,192.18M,0.00%
10/27/2011,0.85,0.84,0.86,0.82,165.69M,7.59%
10/28/2011,0.85,0.83,0.86,0.83,63.63M,0.00%
10/31/2011,0.81,0.83,0.84,0.81,79.09M,-4.71%
11/01/2011,0.75,0.75,0.77,0.74,196.54M,-7.41%
11/02/2011,0.77,0.77,0.78,0.75,122.01M,2.67%
11/03/2011,0.81,0.79,0.82,0.76,143.28M,5.19%
11/04/2011,0.8,0.8,0.81,0.78,79.25M,-1.23%
11/07/2011,0.82,0.8,0.82,0.78,111.66M,2.50%
11/08/2011,0.85,0.84,0.85,0.81,103.52M,3.66%
11/09/2011,0.76,0.8,0.8,0.75,111.40M,-10.59%
11/10/2011,0.76,0.78,0.78,0.73,89.07M,0.00%
11/11/2011,0.8,0.78,0.81,0.77,85.77M,5.26%
11/14/2011,0.78,0.79,0.81,0.78,56.79M,-2.50%
11/15/2011,0.81,0.78,0.82,0.77,110.24M,3.85%
11/16/2011,0.77,0.79,0.81,0.77,121.36M,-4.94%
11/17/2011,0.72,0.76,0.76,0.7,223.30M,-6.49%
11/18/2011,0.7,0.72,0.72,0.7,118.10M,-2.78%
11/21/2011,0.66,0.67,0.67,0.64,136.27M,-5.71%
11/22/2011,0.66,0.65,0.67,0.64,160.54M,0.00%
11/23/2011,0.62,0.65,0.65,0.62,155.20M,-6.06%
11/25/2011,0.61,0.61,0.63,0.61,61.78M,-1.61%
11/28/2011,0.67,0.65,0.67,0.65,131.53M,9.84%
11/29/2011,0.66,0.67,0.68,0.65,117.45M,-1.49%
11/30/2011,0.73,0.71,0.73,0.7,121.44M,10.61%
12/01/2011,0.74,0.73,0.75,0.73,91.92M,1.37%
12/02/2011,0.74,0.77,0.77,0.74,64.53M,0.00%
12/05/2011,0.76,0.77,0.78,0.75,94.67M,2.70%
12/06/2011,0.76,0.77,0.77,0.75,70.68M,0.00%
12/07/2011,0.76,0.75,0.77,0.73,77.07M,0.00%
12/08/2011,0.72,0.74,0.76,0.71,130.80M,-5.26%
12/09/2011,0.75,0.72,0.76,0.72,98.13M,4.17%
12/12/2011,0.73,0.73,0.73,0.71,107.41M,-2.67%
12/13/2011,0.7,0.74,0.75,0.69,115.79M,-4.11%
12/14/2011,0.67,0.69,0.7,0.66,205.47M,-4.29%
12/15/2011,0.67,0.69,0.69,0.66,153.81M,0.00%
12/16/2011,0.67,0.68,0.7,0.67,140.47M,0.00%
12/19/2011,0.65,0.68,0.69,0.65,100.36M,-2.99%
12/20/2011,0.71,0.69,0.72,0.69,134.42M,9.23%
12/21/2011,0.68,0.7,0.7,0.66,171.86M,-4.23%
12/22/2011,0.7,0.69,0.7,0.68,100.80M,2.94%
12/23/2011,0.72,0.7,0.72,0.7,55.47M,2.86%
12/27/2011,0.72,0.72,0.73,0.71,69.89M,0.00%
12/28/2011,0.7,0.72,0.72,0.69,100.32M,-2.78%
12/29/2011,0.71,0.7,0.72,0.7,68.19M,1.43%
12/30/2011,0.71,0.71,0.72,0.71,57.80M,0.00%
01/03/2012,0.75,0.75,0.76,0.74,101.48M,5.63%
01/04/2012,0.76,0.74,0.76,0.74,59.86M,1.33%
01/05/2012,0.78,0.75,0.78,0.74,69.80M,2.63%
01/06/2012,0.78,0.78,0.79,0.77,103.76M,0.00%
01/09/2012,0.78,0.79,0.79,0.77,77.41M,0.00%
01/10/2012,0.79,0.8,0.81,0.79,78.93M,1.28%
01/11/2012,0.8,0.79,0.8,0.79,69.34M,1.27%
01/12/2012,0.81,0.81,0.81,0.79,77.35M,1.25%
01/13/2012,0.8,0.8,0.8,0.78,77.58M,-1.23%
01/17/2012,0.82,0.82,0.83,0.81,64.79M,2.50%
01/18/2012,0.85,0.83,0.85,0.82,106.96M,3.66%
01/19/2012,0.87,0.87,0.87,0.86,114.14M,2.35%
01/20/2012,0.87,0.86,0.87,0.86,40.10M,0.00%
01/23/2012,0.87,0.87,0.89,0.85,68.83M,0.00%
01/24/2012,0.86,0.86,0.87,0.85,48.02M,-1.15%
01/25/2012,0.89,0.89,0.9,0.87,101.56M,3.49%
01/26/2012,0.89,0.91,0.91,0.87,93.64M,0.00%
01/27/2012,0.89,0.88,0.9,0.88,84.41M,0.00%
01/30/2012,0.9,0.87,0.9,0.86,84.59M,1.12%
01/31/2012,0.9,0.91,0.91,0.88,99.22M,0.00%
02/01/2012,0.92,0.91,0.93,0.91,88.04M,2.22%
02/02/2012,0.93,0.93,0.94,0.92,72.45M,1.09%
02/03/2012,0.97,0.96,0.97,0.95,77.58M,4.30%
02/06/2012,0.97,0.96,0.97,0.95,65.44M,0.00%
02/07/2012,0.97,0.96,0.98,0.95,65.09M,0.00%
02/08/2012,0.99,0.97,0.99,0.96,77.54M,2.06%
02/09/2012,1.01,1.0,1.01,0.98,76.40M,2.02%
02/10/2012,0.99,0.99,0.99,0.98,97.40M,-1.98%
02/13/2012,1.01,1.01,1.02,1.0,79.78M,2.02%
02/14/2012,1.02,1.01,1.02,1.0,86.95M,0.99%
02/15/2012,1.0,1.04,1.05,1.0,191.98M,-1.96%
02/16/2012,1.04,1.0,1.05,0.99,126.17M,4.00%
02/17/2012,1.03,1.04,1.04,1.02,80.98M,-0.96%
02/21/2012,1.04,1.04,1.05,1.02,82.24M,0.97%
02/22/2012,1.03,1.03,1.04,1.02,62.88M,-0.96%
02/23/2012,1.05,1.03,1.05,1.02,105.22M,1.94%
02/24/2012,1.06,1.06,1.06,1.05,67.30M,0.95%
02/27/2012,1.06,1.04,1.07,1.03,92.54M,0.00%
02/28/2012,1.09,1.06,1.09,1.06,96.03M,2.83%
02/29/2012,1.08,1.1,1.11,1.07,133.63M,-0.92%
03/01/2012,1.11,1.09,1.11,1.08,117.39M,2.78%
03/02/2012,1.1,1.1,1.11,1.09,83.14M,-0.90%
03/05/2012,1.07,1.1,1.1,1.06,122.24M,-2.73%
03/06/2012,1.04,1.04,1.04,1.02,108.15M,-2.80%
03/07/2012,1.06,1.05,1.07,1.05,93.68M,1.92%
03/08/2012,1.09,1.08,1.1,1.07,62.52M,2.83%
03/09/2012,1.11,1.1,1.11,1.1,77.46M,1.83%
03/12/2012,1.11,1.11,1.11,1.09,75.82M,0.00%
03/13/2012,1.17,1.13,1.17,1.12,95.95M,5.41%
03/14/2012,1.19,1.18,1.2,1.16,121.53M,1.71%
03/15/2012,1.19,1.19,1.2,1.18,98.80M,0.00%
03/16/2012,1.19,1.2,1.2,1.18,69.14M,0.00%
03/19/2012,1.22,1.2,1.23,1.19,96.04M,2.52%
03/20/2012,1.22,1.2,1.23,1.19,92.26M,0.00%
03/21/2012,1.22,1.23,1.24,1.22,78.33M,0.00%
03/22/2012,1.22,1.2,1.22,1.2,106.69M,0.00%
03/23/2012,1.21,1.22,1.22,1.19,78.74M,-0.82%
03/26/2012,1.28,1.24,1.28,1.24,79.32M,5.79%
03/27/2012,1.28,1.28,1.3,1.28,90.52M,0.00%
03/28/2012,1.27,1.29,1.3,1.25,96.00M,-0.78%
03/29/2012,1.25,1.25,1.27,1.23,86.29M,-1.57%
03/30/2012,1.25,1.27,1.27,1.23,63.18M,0.00%
04/02/2012,1.28,1.24,1.29,1.24,62.74M,2.40%
04/03/2012,1.28,1.29,1.3,1.26,83.75M,0.00%
04/04/2012,1.23,1.25,1.26,1.21,102.59M,-3.91%
04/05/2012,1.25,1.23,1.26,1.22,77.36M,1.63%
04/09/2012,1.23,1.21,1.24,1.2,72.20M,-1.60%
04/10/2012,1.17,1.22,1.24,1.16,146.95M,-4.88%
04/11/2012,1.18,1.2,1.21,1.17,84.88M,0.85%
04/12/2012,1.22,1.19,1.23,1.19,89.49M,3.39%
04/13/2012,1.17,1.21,1.21,1.17,91.66M,-4.10%
04/16/2012,1.13,1.19,1.19,1.12,100.33M,-3.42%
04/17/2012,1.2,1.14,1.21,1.14,94.69M,6.19%
04/18/2012,1.19,1.19,1.21,1.18,64.55M,-0.83%
04/19/2012,1.15,1.18,1.22,1.14,100.13M,-3.36%
04/20/2012,1.14,1.17,1.18,1.13,85.51M,-0.87%
04/23/2012,1.11,1.11,1.11,1.08,70.43M,-2.63%
04/24/2012,1.09,1.1,1.12,1.08,65.29M,-1.80%
04/25/2012,1.18,1.16,1.18,1.15,76.51M,8.26%
04/26/2012,1.2,1.17,1.21,1.17,71.45M,1.69%
04/27/2012,1.22,1.21,1.23,1.19,52.46M,1.67%
04/30/2012,1.19,1.21,1.21,1.19,48.22M,-2.46%
05/01/2012,1.2,1.19,1.24,1.18,52.67M,0.84%
05/02/2012,1.21,1.18,1.21,1.17,38.93M,0.83%
05/03/2012,1.17,1.21,1.21,1.16,50.37M,-3.31%
05/04/2012,1.08,1.14,1.14,1.08,91.20M,-7.69%
05/07/2012,1.09,1.06,1.1,1.06,105.64M,0.93%
05/08/2012,1.07,1.06,1.08,1.02,138.34M,-1.83%
05/09/2012,1.07,1.04,1.08,1.02,135.00M,0.00%
05/10/2012,1.06,1.08,1.08,1.04,101.53M,-0.93%
05/11/2012,1.06,1.04,1.09,1.04,48.09M,0.00%
05/14/2012,1.03,1.03,1.05,1.02,82.41M,-2.83%
05/15/2012,1.02,1.04,1.06,1.01,75.69M,-0.97%
05/16/2012,1.0,1.03,1.04,0.99,74.50M,-1.96%
05/17/2012,0.93,1.0,1.0,0.93,130.59M,-7.00%
05/18/2012,0.9,0.94,0.95,0.89,140.96M,-3.23%
05/21/2012,0.97,0.9,0.97,0.9,103.42M,7.78%
05/22/2012,0.97,0.98,0.99,0.95,96.62M,0.00%
05/23/2012,0.97,0.94,0.98,0.92,80.97M,0.00%
05/24/2012,0.96,0.98,0.98,0.93,77.45M,-1.03%
05/25/2012,0.95,0.96,0.96,0.94,31.27M,-1.04%
05/29/2012,0.99,0.98,1.0,0.96,70.88M,4.21%
05/30/2012,0.96,0.96,0.97,0.94,62.34M,-3.03%
05/31/2012,0.95,0.96,0.97,0.93,83.06M,-1.04%
06/01/2012,0.87,0.9,0.92,0.87,112.20M,-8.42%
06/04/2012,0.89,0.88,0.9,0.86,114.51M,2.30%
06/05/2012,0.91,0.88,0.91,0.88,98.24M,2.25%
06/06/2012,0.97,0.93,0.97,0.92,85.98M,6.59%
06/07/2012,0.96,1.0,1.0,0.95,85.99M,-1.03%
06/08/2012,0.98,0.95,0.99,0.94,63.28M,2.08%
06/11/2012,0.94,1.0,1.01,0.93,91.00M,-4.08%
06/12/2012,0.97,0.94,0.97,0.93,67.68M,3.19%
06/13/2012,0.95,0.96,0.98,0.94,48.52M,-2.06%
06/14/2012,0.96,0.95,0.97,0.93,65.72M,1.05%
06/15/2012,0.99,0.97,1.0,0.96,84.62M,3.13%
06/18/2012,1.02,0.98,1.03,0.98,88.62M,3.03%
06/19/2012,1.05,1.04,1.07,1.04,81.41M,2.94%
06/20/2012,1.06,1.06,1.07,1.03,97.35M,0.95%
06/21/2012,0.98,1.05,1.06,0.97,78.19M,-7.55%
06/22/2012,1.01,0.99,1.01,0.98,70.17M,3.06%
06/25/2012,0.95,0.98,0.98,0.94,67.13M,-5.94%
06/26/2012,0.97,0.96,0.97,0.95,68.41M,2.11%
06/27/2012,0.98,0.98,1.0,0.97,58.65M,1.03%
06/28/2012,0.95,0.96,0.96,0.92,104.91M,-3.06%
06/29/2012,1.04,1.01,1.04,1.0,123.40M,9.47%
07/02/2012,1.05,1.04,1.05,1.03,62.85M,0.96%
07/03/2012,1.07,1.05,1.08,1.05,46.51M,1.90%
07/05/2012,1.08,1.07,1.09,1.06,59.28M,0.93%
07/06/2012,1.04,1.06,1.07,1.02,72.68M,-3.70%
07/09/2012,1.03,1.03,1.05,1.02,48.06M,-0.96%
07/10/2012,1.0,1.05,1.06,0.99,86.36M,-2.91%
07/11/2012,0.99,1.0,1.01,0.96,110.59M,-1.00%
07/12/2012,0.96,0.96,0.97,0.93,107.80M,-3.03%
07/13/2012,1.0,0.97,1.01,0.96,70.56M,4.17%
07/16/2012,0.99,0.99,1.01,0.98,54.49M,-1.00%
07/17/2012,1.01,1.01,1.02,0.97,87.06M,2.02%
07/18/2012,1.05,1.0,1.06,1.0,93.84M,3.96%
07/19/2012,1.08,1.07,1.09,1.07,108.12M,2.86%
07/20/2012,1.04,1.08,1.08,1.04,82.53M,-3.70%
07/23/2012,1.0,0.98,1.01,0.96,110.89M,-3.85%
07/24/2012,0.98,1.01,1.01,0.96,126.09M,-2.00%
07/25/2012,0.96,0.96,0.98,0.94,98.33M,-2.04%
07/26/2012,1.0,1.0,1.01,0.98,115.66M,4.17%
07/27/2012,1.07,1.02,1.07,1.01,135.66M,7.00%
07/30/2012,1.06,1.08,1.09,1.06,91.62M,-0.93%
07/31/2012,1.07,1.07,1.08,1.06,66.42M,0.94%
08/01/2012,1.05,1.09,1.09,1.04,75.51M,-1.87%
08/02/2012,1.04,1.03,1.08,1.02,83.02M,-0.95%
08/03/2012,1.1,1.09,1.13,1.08,97.59M,5.77%
08/06/2012,1.13,1.12,1.14,1.11,63.86M,2.73%
08/07/2012,1.16,1.14,1.17,1.14,70.30M,2.65%
08/08/2012,1.15,1.15,1.16,1.14,43.01M,-0.86%
08/09/2012,1.16,1.15,1.17,1.15,38.81M,0.87%
08/10/2012,1.17,1.15,1.17,1.14,46.71M,0.86%
08/13/2012,1.18,1.17,1.18,1.15,36.02M,0.85%
08/14/2012,1.18,1.19,1.2,1.17,55.09M,0.00%
08/15/2012,1.19,1.17,1.19,1.17,36.01M,0.85%
08/16/2012,1.23,1.2,1.24,1.2,69.58M,3.36%
08/17/2012,1.25,1.24,1.25,1.23,56.84M,1.63%
08/20/2012,1.25,1.24,1.25,1.23,46.03M,0.00%
08/21/2012,1.24,1.26,1.28,1.22,109.14M,-0.80%
08/22/2012,1.25,1.23,1.26,1.22,57.09M,0.81%
08/23/2012,1.22,1.23,1.25,1.21,54.85M,-2.40%
08/24/2012,1.24,1.21,1.25,1.21,52.12M,1.64%
08/27/2012,1.25,1.26,1.26,1.24,37.79M,0.81%
08/28/2012,1.25,1.24,1.26,1.23,43.86M,0.00%
08/29/2012,1.25,1.25,1.26,1.23,36.94M,0.00%
08/30/2012,1.21,1.23,1.23,1.21,62.33M,-3.20%
08/31/2012,1.24,1.24,1.25,1.2,84.40M,2.48%
09/04/2012,1.23,1.23,1.24,1.19,74.84M,-0.81%
09/05/2012,1.23,1.23,1.24,1.22,50.45M,0.00%
09/06/2012,1.31,1.25,1.31,1.25,77.37M,6.50%
09/07/2012,1.3,1.3,1.31,1.29,54.84M,-0.76%
09/10/2012,1.25,1.29,1.3,1.25,75.35M,-3.85%
09/11/2012,1.25,1.25,1.27,1.24,70.19M,0.00%
09/12/2012,1.26,1.26,1.27,1.24,77.00M,0.80%
09/13/2012,1.31,1.26,1.33,1.26,116.85M,3.97%
09/14/2012,1.34,1.32,1.36,1.32,143.26M,2.29%
09/17/2012,1.35,1.35,1.35,1.33,76.21M,0.75%
09/18/2012,1.35,1.33,1.35,1.33,50.42M,0.00%
09/19/2012,1.36,1.35,1.37,1.34,68.81M,0.74%
09/20/2012,1.35,1.34,1.36,1.33,72.47M,-0.74%
09/21/2012,1.35,1.37,1.38,1.35,72.53M,0.00%
09/24/2012,1.33,1.32,1.34,1.31,70.05M,-1.48%
09/25/2012,1.28,1.34,1.35,1.27,76.72M,-3.76%
09/26/2012,1.24,1.27,1.27,1.22,122.84M,-3.12%
09/27/2012,1.29,1.25,1.3,1.25,91.64M,4.03%
09/28/2012,1.26,1.28,1.29,1.26,79.05M,-2.33%
10/01/2012,1.26,1.28,1.3,1.24,78.25M,0.00%
10/02/2012,1.27,1.27,1.28,1.24,82.89M,0.79%
10/03/2012,1.29,1.28,1.3,1.26,80.07M,1.57%
10/04/2012,1.3,1.3,1.32,1.29,76.18M,0.78%
10/05/2012,1.28,1.32,1.33,1.27,58.27M,-1.54%
10/08/2012,1.25,1.26,1.27,1.24,52.47M,-2.34%
10/09/2012,1.18,1.24,1.24,1.18,91.27M,-5.60%
10/10/2012,1.17,1.19,1.2,1.16,77.95M,-0.85%
10/11/2012,1.16,1.2,1.2,1.16,71.25M,-0.85%
10/12/2012,1.16,1.16,1.18,1.15,54.67M,0.00%
10/15/2012,1.18,1.17,1.19,1.15,58.35M,1.72%
10/16/2012,1.23,1.19,1.24,1.19,71.44M,4.24%
10/17/2012,1.23,1.21,1.24,1.21,66.74M,0.00%
10/18/2012,1.19,1.22,1.23,1.17,86.93M,-3.25%
10/19/2012,1.1,1.18,1.19,1.1,142.70M,-7.56%
10/22/2012,1.12,1.1,1.13,1.09,105.60M,1.82%
10/23/2012,1.09,1.09,1.12,1.08,141.09M,-2.68%
10/24/2012,1.08,1.11,1.11,1.07,103.54M,-0.92%
10/25/2012,1.08,1.1,1.1,1.07,116.99M,0.00%
10/26/2012,1.09,1.08,1.1,1.05,96.14M,0.93%
10/31/2012,1.07,1.08,1.09,1.05,74.15M,-1.83%
11/01/2012,1.11,1.09,1.12,1.08,91.93M,3.74%
11/02/2012,1.07,1.13,1.13,1.07,91.83M,-3.60%
11/05/2012,1.1,1.08,1.1,1.07,75.24M,2.80%
11/06/2012,1.1,1.1,1.12,1.09,91.49M,0.00%
11/07/2012,1.02,1.07,1.07,1.01,192.09M,-7.27%
11/08/2012,0.98,1.03,1.04,0.98,155.29M,-3.92%
11/09/2012,0.99,0.98,1.02,0.98,218.38M,1.02%
11/12/2012,0.99,1.01,1.01,0.98,82.41M,0.00%
11/13/2012,0.97,0.97,1.0,0.96,172.87M,-2.02%
11/14/2012,0.93,0.98,0.98,0.93,147.60M,-4.12%
11/15/2012,0.92,0.93,0.94,0.91,155.34M,-1.08%
11/16/2012,0.93,0.92,0.94,0.89,186.40M,1.09%
11/19/2012,1.0,0.97,1.0,0.96,173.14M,7.53%
11/20/2012,1.0,1.0,1.01,0.97,109.57M,0.00%
11/21/2012,1.01,1.0,1.01,0.99,80.38M,1.00%
11/23/2012,1.06,1.03,1.06,1.02,64.66M,4.95%
11/26/2012,1.07,1.05,1.07,1.04,98.47M,0.94%
11/27/2012,1.06,1.07,1.08,1.05,179.96M,-0.93%
11/28/2012,1.08,1.04,1.09,1.02,140.64M,1.89%
11/29/2012,1.1,1.1,1.12,1.09,124.79M,1.85%
11/30/2012,1.1,1.1,1.11,1.09,114.24M,0.00%
12/03/2012,1.09,1.12,1.13,1.09,168.56M,-0.91%
12/04/2012,1.09,1.09,1.1,1.07,168.39M,0.00%
12/05/2012,1.05,1.09,1.09,1.04,218.42M,-3.67%
12/06/2012,1.07,1.04,1.08,1.04,153.12M,1.90%
12/07/2012,1.05,1.09,1.09,1.04,120.39M,-1.87%
12/10/2012,1.06,1.05,1.08,1.05,105.38M,0.95%
12/11/2012,1.11,1.09,1.12,1.08,172.73M,4.72%
12/12/2012,1.1,1.12,1.12,1.09,150.66M,-0.90%
12/13/2012,1.07,1.09,1.12,1.06,169.43M,-2.73%
12/14/2012,1.04,1.05,1.06,1.03,137.11M,-2.80%
12/17/2012,1.08,1.04,1.08,1.04,96.87M,3.85%
12/18/2012,1.13,1.1,1.14,1.09,228.53M,4.63%
12/19/2012,1.12,1.14,1.14,1.12,180.90M,-0.88%
12/20/2012,1.12,1.12,1.13,1.1,145.79M,0.00%
12/21/2012,1.08,1.07,1.09,1.05,168.38M,-3.57%
12/24/2012,1.07,1.08,1.08,1.07,26.27M,-0.93%
12/26/2012,1.05,1.08,1.08,1.04,79.50M,-1.87%
12/27/2012,1.04,1.05,1.05,1.0,154.19M,-0.95%
12/28/2012,1.01,1.02,1.04,1.01,82.28M,-2.88%
12/31/2012,1.08,1.01,1.08,1.0,211.81M,6.93%
01/02/2013,1.18,1.16,1.18,1.14,177.36M,9.26%
01/03/2013,1.16,1.18,1.19,1.15,155.81M,-1.69%
01/04/2013,1.15,1.16,1.16,1.14,76.11M,-0.86%
01/07/2013,1.15,1.14,1.16,1.13,91.66M,0.00%
01/08/2013,1.15,1.15,1.16,1.13,87.59M,0.00%
01/09/2013,1.16,1.15,1.17,1.15,77.06M,0.87%
01/10/2013,1.18,1.18,1.18,1.15,117.87M,1.72%
01/11/2013,1.18,1.18,1.18,1.17,53.03M,0.00%
01/14/2013,1.17,1.16,1.18,1.15,73.79M,-0.85%
01/15/2013,1.15,1.15,1.15,1.13,108.45M,-1.71%
01/16/2013,1.16,1.16,1.17,1.15,76.25M,0.87%
01/17/2013,1.18,1.18,1.19,1.17,115.76M,1.72%
01/18/2013,1.17,1.17,1.18,1.16,103.09M,-0.85%
01/22/2013,1.18,1.18,1.18,1.15,126.44M,0.85%
01/23/2013,1.2,1.2,1.21,1.19,112.54M,1.69%
01/24/2013,1.15,1.15,1.18,1.14,123.24M,-4.17%
01/25/2013,1.17,1.16,1.18,1.15,85.25M,1.74%
01/28/2013,1.17,1.17,1.19,1.16,124.84M,0.00%
01/29/2013,1.17,1.17,1.18,1.15,107.09M,0.00%
01/30/2013,1.17,1.18,1.19,1.16,79.62M,0.00%
01/31/2013,1.16,1.17,1.18,1.16,101.92M,-0.85%
02/01/2013,1.2,1.18,1.21,1.17,143.03M,3.45%
02/04/2013,1.14,1.18,1.19,1.14,137.45M,-5.00%
02/05/2013,1.19,1.15,1.2,1.15,140.15M,4.39%
02/06/2013,1.18,1.18,1.19,1.17,125.58M,-0.84%
02/07/2013,1.18,1.18,1.18,1.14,109.43M,0.00%
02/08/2013,1.22,1.2,1.22,1.2,101.97M,3.39%
02/11/2013,1.22,1.22,1.22,1.21,55.53M,0.00%
02/12/2013,1.2,1.21,1.22,1.2,64.83M,-1.64%
02/13/2013,1.22,1.21,1.23,1.2,93.41M,1.67%
02/14/2013,1.21,1.2,1.22,1.2,68.50M,-0.82%
02/15/2013,1.2,1.21,1.22,1.19,59.30M,-0.83%
02/19/2013,1.23,1.21,1.23,1.21,63.69M,2.50%
02/20/2013,1.17,1.23,1.23,1.17,82.21M,-4.88%
02/21/2013,1.13,1.16,1.16,1.12,132.93M,-3.42%
02/22/2013,1.17,1.15,1.17,1.14,66.18M,3.54%
02/25/2013,1.12,1.19,1.2,1.12,120.54M,-4.27%
02/26/2013,1.14,1.13,1.14,1.11,84.27M,1.79%
02/27/2013,1.17,1.14,1.19,1.13,85.84M,2.63%
02/28/2013,1.17,1.17,1.2,1.17,81.89M,0.00%
03/01/2013,1.18,1.15,1.19,1.14,61.61M,0.85%
03/04/2013,1.2,1.17,1.2,1.16,75.57M,1.69%
03/05/2013,1.25,1.22,1.25,1.22,114.17M,4.17%
03/06/2013,1.24,1.26,1.26,1.23,103.94M,-0.80%
03/07/2013,1.25,1.24,1.25,1.24,55.54M,0.81%
03/08/2013,1.25,1.26,1.27,1.24,84.86M,0.00%
03/11/2013,1.26,1.25,1.27,1.24,61.97M,0.80%
03/12/2013,1.25,1.25,1.26,1.23,89.05M,-0.79%
03/13/2013,1.25,1.25,1.26,1.23,80.49M,0.00%
03/14/2013,1.26,1.26,1.27,1.25,77.17M,0.80%
03/15/2013,1.25,1.26,1.26,1.24,79.95M,-0.79%
03/18/2013,1.24,1.21,1.25,1.21,107.37M,-0.80%
03/19/2013,1.23,1.25,1.26,1.2,143.86M,-0.81%
03/20/2013,1.26,1.26,1.27,1.24,76.92M,2.44%
03/21/2013,1.22,1.22,1.23,1.21,107.45M,-3.17%
03/22/2013,1.25,1.23,1.25,1.23,71.45M,2.46%
03/25/2013,1.24,1.26,1.27,1.22,114.47M,-0.80%
03/26/2013,1.26,1.25,1.26,1.24,62.04M,1.61%
03/27/2013,1.26,1.23,1.26,1.23,95.90M,0.00%
03/28/2013,1.27,1.26,1.27,1.25,133.39M,0.79%
04/01/2013,1.25,1.27,1.28,1.23,124.84M,-1.57%
04/02/2013,1.27,1.26,1.29,1.26,168.96M,1.60%
04/03/2013,1.24,1.28,1.28,1.23,88.67M,-2.36%
04/04/2013,1.24,1.24,1.25,1.22,95.02M,0.00%
04/05/2013,1.21,1.18,1.21,1.17,169.14M,-2.42%
04/08/2013,1.23,1.21,1.23,1.2,111.81M,1.65%
04/09/2013,1.25,1.24,1.27,1.22,166.37M,1.63%
04/10/2013,1.33,1.27,1.33,1.26,91.25M,6.40%
04/11/2013,1.32,1.32,1.33,1.31,83.78M,-0.75%
04/12/2013,1.32,1.32,1.32,1.29,109.33M,0.00%
04/15/2013,1.24,1.31,1.31,1.24,102.03M,-6.06%
04/16/2013,1.29,1.27,1.3,1.26,96.87M,4.03%
04/17/2013,1.22,1.26,1.26,1.2,157.86M,-5.43%
04/18/2013,1.17,1.23,1.23,1.15,127.26M,-4.10%
04/19/2013,1.21,1.17,1.22,1.17,91.62M,3.42%
04/22/2013,1.25,1.23,1.26,1.21,80.61M,3.31%
04/23/2013,1.29,1.27,1.3,1.25,136.89M,3.20%
04/24/2013,1.28,1.28,1.3,1.27,112.21M,-0.78%
04/25/2013,1.31,1.3,1.32,1.29,96.33M,2.34%
04/26/2013,1.29,1.3,1.31,1.28,45.94M,-1.53%
04/29/2013,1.33,1.31,1.34,1.31,68.85M,3.10%
04/30/2013,1.36,1.33,1.36,1.32,62.03M,2.26%
05/01/2013,1.34,1.36,1.37,1.33,64.36M,-1.47%
05/02/2013,1.39,1.35,1.4,1.34,48.84M,3.73%
05/03/2013,1.44,1.43,1.45,1.43,67.00M,3.60%
05/06/2013,1.46,1.45,1.46,1.44,48.50M,1.39%
05/07/2013,1.45,1.46,1.47,1.44,52.17M,-0.68%
05/08/2013,1.48,1.45,1.48,1.44,42.65M,2.07%
05/09/2013,1.47,1.46,1.5,1.46,55.47M,-0.68%
05/10/2013,1.5,1.48,1.5,1.47,63.56M,2.04%
05/13/2013,1.5,1.49,1.51,1.48,66.73M,0.00%
05/14/2013,1.52,1.5,1.54,1.5,67.01M,1.33%
05/15/2013,1.53,1.52,1.54,1.5,65.69M,0.66%
05/16/2013,1.53,1.54,1.56,1.53,77.70M,0.00%
05/17/2013,1.57,1.55,1.57,1.54,75.03M,2.61%
05/20/2013,1.56,1.56,1.58,1.55,75.69M,-0.64%
05/21/2013,1.57,1.56,1.59,1.55,80.45M,0.64%
05/22/2013,1.53,1.58,1.61,1.5,158.66M,-2.55%
05/23/2013,1.52,1.49,1.53,1.48,72.95M,-0.65%
05/24/2013,1.51,1.49,1.52,1.47,33.87M,-0.66%
05/28/2013,1.55,1.57,1.59,1.53,80.98M,2.65%
05/29/2013,1.52,1.53,1.54,1.5,79.83M,-1.94%
05/30/2013,1.55,1.52,1.57,1.52,43.09M,1.97%
05/31/2013,1.5,1.53,1.56,1.5,61.72M,-3.23%
06/03/2013,1.51,1.51,1.51,1.45,111.44M,0.67%
06/04/2013,1.49,1.52,1.54,1.47,69.27M,-1.32%
06/05/2013,1.43,1.47,1.49,1.43,95.28M,-4.03%
06/06/2013,1.45,1.44,1.45,1.4,95.49M,1.40%
06/07/2013,1.51,1.47,1.52,1.46,116.54M,4.14%
06/10/2013,1.51,1.52,1.53,1.5,67.70M,0.00%
06/11/2013,1.47,1.47,1.51,1.45,111.13M,-2.65%
06/12/2013,1.42,1.49,1.49,1.41,111.85M,-3.40%
06/13/2013,1.47,1.41,1.48,1.4,75.99M,3.52%
06/14/2013,1.44,1.47,1.47,1.43,62.19M,-2.04%
06/17/2013,1.48,1.47,1.51,1.46,79.42M,2.78%
06/18/2013,1.52,1.49,1.53,1.49,50.80M,2.70%
06/19/2013,1.47,1.52,1.52,1.46,87.89M,-3.29%
06/20/2013,1.36,1.42,1.43,1.35,120.71M,-7.48%
06/21/2013,1.34,1.36,1.37,1.31,118.52M,-1.47%
06/24/2013,1.3,1.31,1.33,1.27,110.78M,-2.99%
06/25/2013,1.33,1.34,1.35,1.31,66.22M,2.31%
06/26/2013,1.36,1.36,1.37,1.35,59.99M,2.26%
06/27/2013,1.38,1.39,1.41,1.38,56.88M,1.47%
06/28/2013,1.38,1.37,1.41,1.36,78.10M,0.00%
07/01/2013,1.41,1.42,1.45,1.41,52.01M,2.17%
07/02/2013,1.41,1.41,1.44,1.39,62.19M,0.00%
07/03/2013,1.43,1.4,1.45,1.4,26.98M,1.42%
07/05/2013,1.46,1.46,1.47,1.42,57.22M,2.10%
07/08/2013,1.47,1.49,1.49,1.45,44.17M,0.68%
07/09/2013,1.5,1.49,1.5,1.47,42.16M,2.04%
07/10/2013,1.52,1.49,1.53,1.49,50.63M,1.33%
07/11/2013,1.62,1.57,1.62,1.57,76.95M,6.58%
07/12/2013,1.63,1.62,1.64,1.6,41.80M,0.62%
07/15/2013,1.65,1.64,1.65,1.62,45.97M,1.23%
07/16/2013,1.64,1.65,1.65,1.63,42.70M,-0.61%
07/17/2013,1.65,1.65,1.66,1.64,39.62M,0.61%
07/18/2013,1.64,1.65,1.66,1.63,50.63M,-0.61%
07/19/2013,1.59,1.6,1.6,1.57,54.31M,-3.05%
07/22/2013,1.6,1.61,1.61,1.59,43.19M,0.63%
07/23/2013,1.56,1.61,1.61,1.56,43.24M,-2.50%
07/24/2013,1.58,1.61,1.61,1.57,53.15M,1.28%
07/25/2013,1.61,1.6,1.62,1.58,40.86M,1.90%
07/26/2013,1.63,1.59,1.64,1.58,38.93M,1.24%
07/29/2013,1.63,1.63,1.65,1.61,36.21M,0.00%
07/30/2013,1.65,1.64,1.67,1.63,60.70M,1.23%
07/31/2013,1.66,1.66,1.69,1.65,55.30M,0.61%
08/01/2013,1.71,1.7,1.72,1.69,39.01M,3.01%
08/02/2013,1.74,1.71,1.74,1.7,48.61M,1.75%
08/05/2013,1.74,1.73,1.75,1.73,39.81M,0.00%
08/06/2013,1.71,1.74,1.74,1.69,46.95M,-1.72%
08/07/2013,1.7,1.7,1.71,1.67,60.64M,-0.58%
08/08/2013,1.73,1.73,1.74,1.69,65.48M,1.76%
08/09/2013,1.71,1.72,1.74,1.69,49.27M,-1.16%
08/12/2013,1.72,1.69,1.73,1.69,34.64M,0.58%
08/13/2013,1.75,1.73,1.76,1.69,77.25M,1.74%
08/14/2013,1.73,1.75,1.75,1.72,47.53M,-1.14%
08/15/2013,1.64,1.67,1.67,1.63,66.60M,-5.20%
08/16/2013,1.63,1.64,1.66,1.63,35.10M,-0.61%
08/19/2013,1.63,1.64,1.68,1.63,45.08M,0.00%
08/20/2013,1.65,1.64,1.67,1.63,44.39M,1.23%
08/21/2013,1.63,1.64,1.68,1.62,79.84M,-1.21%
08/22/2013,1.68,1.65,1.68,1.65,35.63M,3.07%
08/23/2013,1.72,1.72,1.72,1.7,38.56M,2.38%
08/26/2013,1.72,1.72,1.76,1.71,37.83M,0.00%
08/27/2013,1.61,1.66,1.68,1.6,100.31M,-6.40%
08/28/2013,1.63,1.61,1.65,1.61,51.18M,1.24%
08/29/2013,1.66,1.63,1.69,1.62,64.83M,1.84%
08/30/2013,1.63,1.67,1.67,1.62,61.00M,-1.81%
09/03/2013,1.66,1.67,1.7,1.64,42.90M,1.84%
09/04/2013,1.71,1.68,1.72,1.66,41.55M,3.01%
09/05/2013,1.72,1.72,1.74,1.71,24.26M,0.58%
09/06/2013,1.73,1.74,1.75,1.67,61.06M,0.58%
09/09/2013,1.79,1.75,1.8,1.75,47.55M,3.47%
09/10/2013,1.82,1.82,1.82,1.8,75.99M,1.68%
09/11/2013,1.81,1.78,1.81,1.77,53.28M,-0.55%
09/12/2013,1.8,1.81,1.82,1.79,33.51M,-0.55%
09/13/2013,1.8,1.81,1.81,1.78,40.43M,0.00%
09/16/2013,1.79,1.85,1.85,1.78,66.64M,-0.56%
09/17/2013,1.83,1.8,1.83,1.8,33.49M,2.23%
09/18/2013,1.89,1.83,1.9,1.82,63.91M,3.28%
09/19/2013,1.9,1.91,1.92,1.89,35.74M,0.53%
09/20/2013,1.88,1.92,1.92,1.88,54.56M,-1.05%
09/23/2013,1.87,1.91,1.91,1.85,67.45M,-0.53%
09/24/2013,1.87,1.89,1.9,1.85,41.03M,0.00%
09/25/2013,1.86,1.88,1.88,1.84,54.36M,-0.53%
09/26/2013,1.9,1.88,1.91,1.87,44.58M,2.15%
09/27/2013,1.89,1.87,1.9,1.86,36.61M,-0.53%
09/30/2013,1.88,1.83,1.89,1.81,61.72M,-0.53%
10/01/2013,1.93,1.88,1.94,1.87,44.23M,2.66%
10/02/2013,1.93,1.89,1.94,1.89,43.33M,0.00%
10/03/2013,1.86,1.92,1.93,1.83,81.05M,-3.63%
10/04/2013,1.91,1.86,1.92,1.86,46.08M,2.69%
10/07/2013,1.86,1.86,1.91,1.86,49.79M,-2.62%
10/08/2013,1.76,1.86,1.87,1.75,117.56M,-5.38%
10/09/2013,1.74,1.77,1.77,1.7,109.36M,-1.14%
10/10/2013,1.85,1.79,1.86,1.79,72.36M,6.32%
10/11/2013,1.89,1.83,1.9,1.83,65.07M,2.16%
10/14/2013,1.93,1.86,1.93,1.85,70.48M,2.12%
10/15/2013,1.91,1.93,1.96,1.9,81.04M,-1.04%
10/16/2013,1.97,1.93,1.98,1.93,64.78M,3.14%
10/17/2013,2.01,1.95,2.01,1.94,83.52M,2.03%
10/18/2013,2.11,2.06,2.11,2.05,67.58M,4.98%
10/21/2013,2.12,2.12,2.13,2.1,49.76M,0.47%
10/22/2013,2.12,2.14,2.16,2.09,79.03M,0.00%
10/23/2013,2.09,2.1,2.11,2.06,80.63M,-1.42%
10/24/2013,2.12,2.09,2.13,2.08,54.40M,1.44%
10/25/2013,2.16,2.18,2.19,2.13,70.24M,1.89%
10/28/2013,2.16,2.16,2.17,2.13,42.04M,0.00%
10/29/2013,2.17,2.18,2.19,2.15,42.11M,0.46%
10/30/2013,2.17,2.2,2.21,2.14,99.60M,0.00%
10/31/2013,2.15,2.15,2.19,2.13,70.95M,-0.92%
11/01/2013,2.15,2.17,2.18,2.12,81.57M,0.00%
11/04/2013,2.16,2.17,2.17,2.14,45.93M,0.47%
11/05/2013,2.17,2.14,2.19,2.12,66.21M,0.46%
11/06/2013,2.17,2.2,2.2,2.15,81.95M,0.00%
11/07/2013,2.05,2.17,2.18,2.04,116.47M,-5.53%
11/08/2013,2.13,2.07,2.13,2.05,59.05M,3.90%
11/11/2013,2.12,2.11,2.14,2.1,31.82M,-0.47%
11/12/2013,2.13,2.1,2.14,2.1,54.44M,0.47%
11/13/2013,2.2,2.09,2.21,2.09,63.33M,3.29%
11/14/2013,2.22,2.19,2.23,2.17,59.43M,0.91%
11/15/2013,2.24,2.23,2.24,2.21,44.61M,0.90%
11/18/2013,2.18,2.24,2.25,2.16,71.99M,-2.68%
11/19/2013,2.15,2.17,2.2,2.14,51.10M,-1.38%
11/20/2013,2.14,2.17,2.2,2.12,62.95M,-0.47%
11/21/2013,2.2,2.16,2.21,2.16,43.76M,2.80%
11/22/2013,2.24,2.22,2.24,2.21,43.54M,1.82%
11/25/2013,2.25,2.26,2.27,2.24,46.36M,0.45%
11/26/2013,2.29,2.26,2.31,2.24,53.48M,1.78%
11/27/2013,2.34,2.3,2.34,2.3,68.96M,2.18%
11/29/2013,2.38,2.36,2.39,2.36,45.81M,1.71%
12/02/2013,2.36,2.39,2.4,2.35,83.04M,-0.84%
12/03/2013,2.35,2.35,2.37,2.33,67.35M,-0.42%
12/04/2013,2.36,2.32,2.38,2.3,67.00M,0.43%
12/05/2013,2.35,2.37,2.37,2.33,63.44M,-0.42%
12/06/2013,2.4,2.41,2.42,2.37,71.30M,2.13%
12/09/2013,2.43,2.43,2.45,2.42,56.63M,1.25%
12/10/2013,2.43,2.42,2.44,2.41,46.80M,0.00%
12/11/2013,2.33,2.42,2.44,2.32,74.50M,-4.12%
12/12/2013,2.32,2.34,2.35,2.31,53.67M,-0.43%
12/13/2013,2.3,2.35,2.35,2.29,40.61M,-0.86%
12/16/2013,2.34,2.34,2.38,2.33,37.55M,1.74%
12/17/2013,2.33,2.34,2.36,2.32,36.52M,-0.43%
12/18/2013,2.41,2.34,2.42,2.23,80.92M,3.43%
12/19/2013,2.39,2.4,2.4,2.36,58.67M,-0.83%
12/20/2013,2.46,2.4,2.48,2.4,56.90M,2.93%
12/23/2013,2.54,2.52,2.54,2.5,56.25M,3.25%
12/24/2013,2.54,2.54,2.55,2.53,19.00M,0.00%
12/26/2013,2.57,2.56,2.57,2.54,27.94M,1.18%
12/27/2013,2.55,2.58,2.58,2.54,36.99M,-0.78%
12/30/2013,2.54,2.54,2.55,2.52,26.54M,-0.39%
12/31/2013,2.59,2.55,2.59,2.55,32.09M,1.97%
01/02/2014,2.53,2.55,2.55,2.5,49.67M,-2.32%
01/03/2014,2.47,2.52,2.53,2.47,48.79M,-2.37%
01/06/2014,2.44,2.47,2.48,2.42,62.97M,-1.21%
01/07/2014,2.51,2.48,2.52,2.46,46.18M,2.87%
01/08/2014,2.53,2.51,2.55,2.49,46.70M,0.80%
01/09/2014,2.5,2.55,2.56,2.48,52.82M,-1.19%
01/10/2014,2.52,2.52,2.53,2.46,59.99M,0.80%
01/13/2014,2.41,2.51,2.54,2.38,86.79M,-4.37%
01/14/2014,2.55,2.44,2.56,2.44,69.11M,5.81%
01/15/2014,2.61,2.58,2.63,2.57,60.32M,2.35%
01/16/2014,2.62,2.61,2.63,2.59,35.36M,0.38%
01/17/2014,2.57,2.59,2.61,2.55,42.31M,-1.91%
01/21/2014,2.63,2.62,2.63,2.56,44.07M,2.33%
01/22/2014,2.65,2.65,2.67,2.62,39.45M,0.76%
01/23/2014,2.62,2.62,2.62,2.57,64.66M,-1.13%
01/24/2014,2.46,2.58,2.59,2.46,74.49M,-6.11%
01/27/2014,2.39,2.47,2.48,2.34,89.09M,-2.85%
01/28/2014,2.39,2.36,2.4,2.35,54.87M,0.00%
01/29/2014,2.32,2.33,2.38,2.3,68.69M,-2.93%
01/30/2014,2.44,2.4,2.47,2.39,58.29M,5.17%
01/31/2014,2.42,2.36,2.46,2.35,42.29M,-0.82%
02/03/2014,2.26,2.41,2.44,2.24,92.00M,-6.61%
02/04/2014,2.3,2.29,2.33,2.27,45.38M,1.77%
02/05/2014,2.28,2.28,2.31,2.21,54.30M,-0.87%
02/06/2014,2.37,2.31,2.38,2.3,37.15M,3.95%
02/07/2014,2.5,2.41,2.5,2.39,56.05M,5.49%
02/10/2014,2.54,2.5,2.55,2.49,41.69M,1.60%
02/11/2014,2.63,2.56,2.64,2.55,58.79M,3.54%
02/12/2014,2.64,2.65,2.66,2.62,54.30M,0.38%
02/13/2014,2.71,2.59,2.71,2.58,53.37M,2.65%
02/14/2014,2.72,2.71,2.74,2.68,47.50M,0.37%
02/18/2014,2.76,2.73,2.78,2.71,34.72M,1.47%
02/19/2014,2.7,2.74,2.76,2.69,68.29M,-2.17%
02/20/2014,2.74,2.71,2.76,2.67,51.39M,1.48%
02/21/2014,2.73,2.77,2.78,2.72,41.99M,-0.36%
02/24/2014,2.77,2.74,2.81,2.73,49.80M,1.47%
02/25/2014,2.76,2.78,2.8,2.74,46.53M,-0.36%
02/26/2014,2.75,2.79,2.81,2.72,41.47M,-0.36%
02/27/2014,2.81,2.76,2.82,2.74,44.07M,2.18%
02/28/2014,2.79,2.81,2.86,2.73,68.58M,-0.71%
03/03/2014,2.73,2.72,2.76,2.66,79.44M,-2.15%
03/04/2014,2.84,2.83,2.86,2.82,54.52M,4.03%
03/05/2014,2.87,2.86,2.88,2.84,38.54M,1.06%
03/06/2014,2.86,2.88,2.89,2.83,46.41M,-0.35%
03/07/2014,2.81,2.89,2.89,2.77,66.29M,-1.75%
03/10/2014,2.82,2.81,2.83,2.77,37.81M,0.36%
03/11/2014,2.79,2.84,2.86,2.76,59.96M,-1.06%
03/12/2014,2.82,2.75,2.82,2.72,54.91M,1.08%
03/13/2014,2.7,2.85,2.85,2.66,94.21M,-4.26%
03/14/2014,2.64,2.67,2.71,2.64,53.66M,-2.22%
03/17/2014,2.71,2.69,2.75,2.69,58.48M,2.65%
03/18/2014,2.81,2.72,2.82,2.72,56.55M,3.69%
03/19/2014,2.76,2.81,2.82,2.71,68.22M,-1.78%
03/20/2014,2.78,2.74,2.81,2.72,43.82M,0.72%
03/21/2014,2.68,2.83,2.84,2.67,99.23M,-3.60%
03/24/2014,2.62,2.72,2.72,2.54,133.15M,-2.24%
03/25/2014,2.64,2.66,2.71,2.58,86.33M,0.76%
03/26/2014,2.54,2.68,2.7,2.54,100.75M,-3.79%
03/27/2014,2.49,2.53,2.56,2.45,101.05M,-1.97%
03/28/2014,2.51,2.52,2.59,2.49,83.22M,0.80%
03/31/2014,2.56,2.57,2.61,2.56,81.22M,1.99%
04/01/2014,2.7,2.6,2.7,2.6,89.14M,5.47%
04/02/2014,2.72,2.73,2.74,2.68,81.61M,0.74%
04/03/2014,2.66,2.73,2.74,2.61,79.92M,-2.21%
04/04/2014,2.45,2.7,2.71,2.42,185.51M,-7.89%
04/07/2014,2.37,2.4,2.46,2.32,156.42M,-3.27%
04/08/2014,2.44,2.38,2.45,2.35,121.68M,2.95%
04/09/2014,2.56,2.46,2.57,2.45,111.09M,4.92%
04/10/2014,2.33,2.57,2.57,2.3,161.34M,-8.98%
04/11/2014,2.25,2.26,2.35,2.23,105.95M,-3.43%
04/14/2014,2.3,2.3,2.33,2.23,140.82M,2.22%
04/15/2014,2.32,2.32,2.36,2.17,281.25M,0.87%
04/16/2014,2.41,2.38,2.41,2.32,125.79M,3.88%
04/17/2014,2.41,2.38,2.45,2.36,88.40M,0.00%
04/21/2014,2.46,2.43,2.46,2.39,72.22M,2.07%
04/22/2014,2.52,2.49,2.54,2.48,75.20M,2.44%
04/23/2014,2.46,2.52,2.53,2.45,65.68M,-2.38%
04/24/2014,2.53,2.58,2.58,2.45,125.40M,2.85%
04/25/2014,2.41,2.48,2.49,2.39,122.41M,-4.74%
04/28/2014,2.43,2.44,2.48,2.32,241.04M,0.83%
04/29/2014,2.49,2.45,2.5,2.42,122.00M,2.47%
04/30/2014,2.51,2.46,2.51,2.43,92.06M,0.80%
05/01/2014,2.53,2.52,2.57,2.5,71.90M,0.80%
05/02/2014,2.52,2.55,2.57,2.5,75.99M,-0.40%
05/05/2014,2.55,2.47,2.56,2.45,57.94M,1.19%
05/06/2014,2.46,2.54,2.55,2.45,80.82M,-3.53%
05/07/2014,2.43,2.47,2.48,2.35,130.96M,-1.22%
05/08/2014,2.42,2.41,2.51,2.39,109.61M,-0.41%
05/09/2014,2.45,2.42,2.46,2.37,78.24M,1.24%
05/12/2014,2.57,2.5,2.58,2.49,63.87M,4.90%
05/13/2014,2.58,2.58,2.61,2.56,58.87M,0.39%
05/14/2014,2.54,2.56,2.59,2.52,49.35M,-1.55%
05/15/2014,2.48,2.54,2.55,2.43,100.77M,-2.36%
05/16/2014,2.53,2.49,2.53,2.44,71.48M,2.02%
05/19/2014,2.58,2.5,2.59,2.49,60.30M,1.98%
05/20/2014,2.55,2.58,2.6,2.52,81.17M,-1.16%
05/21/2014,2.63,2.56,2.63,2.56,61.89M,3.14%
05/22/2014,2.66,2.63,2.68,2.62,63.27M,1.14%
05/23/2014,2.72,2.67,2.72,2.65,47.58M,2.26%
05/27/2014,2.82,2.76,2.82,2.75,59.40M,3.68%
05/28/2014,2.79,2.82,2.83,2.79,59.23M,-1.06%
05/29/2014,2.85,2.82,2.85,2.81,43.74M,2.15%
05/30/2014,2.85,2.85,2.86,2.8,56.70M,0.00%
06/02/2014,2.84,2.86,2.86,2.78,50.67M,-0.35%
06/03/2014,2.84,2.81,2.85,2.8,47.66M,0.00%
06/04/2014,2.87,2.81,2.88,2.8,52.73M,1.06%
06/05/2014,2.94,2.87,2.96,2.85,88.07M,2.44%
06/06/2014,2.99,2.97,2.99,2.95,39.61M,1.70%
06/09/2014,2.98,2.99,3.0,2.96,62.09M,-0.33%
06/10/2014,3.0,2.97,3.0,2.96,36.42M,0.67%
06/11/2014,2.99,2.97,3.01,2.96,48.54M,-0.33%
06/12/2014,2.92,2.98,2.99,2.88,60.61M,-2.34%
06/13/2014,2.94,2.95,2.96,2.9,36.01M,0.68%
06/16/2014,2.95,2.93,2.97,2.91,44.99M,0.34%
06/17/2014,2.95,2.94,2.98,2.93,47.84M,0.00%
06/18/2014,3.01,2.96,3.01,2.91,57.40M,2.03%
06/19/2014,2.99,3.02,3.02,2.96,52.98M,-0.66%
06/20/2014,3.0,3.0,3.02,2.98,28.30M,0.33%
06/23/2014,3.01,3.0,3.01,2.98,34.70M,0.33%
06/24/2014,3.0,3.01,3.08,2.97,80.13M,-0.33%
06/25/2014,3.05,2.98,3.07,2.98,42.28M,1.67%
06/26/2014,3.06,3.06,3.06,2.99,43.79M,0.33%
06/27/2014,3.09,3.05,3.1,3.05,36.93M,0.98%
06/30/2014,3.12,3.1,3.14,3.09,27.24M,0.97%
07/01/2014,3.22,3.15,3.24,3.14,33.07M,3.21%
07/02/2014,3.23,3.22,3.25,3.22,41.01M,0.31%
07/03/2014,3.29,3.27,3.29,3.24,32.32M,1.86%
07/07/2014,3.26,3.28,3.3,3.25,44.03M,-0.91%
07/08/2014,3.15,3.25,3.25,3.11,75.95M,-3.37%
07/09/2014,3.22,3.17,3.23,3.15,68.57M,2.22%
07/10/2014,3.19,3.1,3.23,3.08,61.62M,-0.93%
07/11/2014,3.25,3.21,3.25,3.18,60.87M,1.88%
07/14/2014,3.31,3.29,3.33,3.27,53.56M,1.85%
07/15/2014,3.27,3.32,3.34,3.2,74.29M,-1.21%
07/16/2014,3.31,3.34,3.35,3.3,53.44M,1.22%
07/17/2014,3.18,3.28,3.32,3.15,80.69M,-3.93%
07/18/2014,3.33,3.23,3.33,3.22,58.50M,4.72%
07/21/2014,3.32,3.31,3.33,3.27,47.47M,-0.30%
07/22/2014,3.38,3.36,3.39,3.35,53.76M,1.81%
07/23/2014,3.45,3.41,3.46,3.4,51.25M,2.07%
07/24/2014,3.43,3.46,3.47,3.42,43.88M,-0.58%
07/25/2014,3.39,3.38,3.41,3.34,46.44M,-1.17%
07/28/2014,3.4,3.4,3.42,3.32,46.00M,0.29%
07/29/2014,3.38,3.42,3.44,3.37,39.63M,-0.59%
07/30/2014,3.42,3.43,3.45,3.38,53.87M,1.18%
07/31/2014,3.21,3.33,3.35,3.19,69.57M,-6.14%
08/01/2014,3.17,3.19,3.24,3.11,86.31M,-1.25%
08/04/2014,3.24,3.19,3.28,3.16,72.12M,2.21%
08/05/2014,3.16,3.2,3.23,3.12,83.77M,-2.47%
08/06/2014,3.16,3.1,3.21,3.1,59.73M,0.00%
08/07/2014,3.13,3.2,3.22,3.09,76.93M,-0.95%
08/08/2014,3.19,3.14,3.2,3.1,62.24M,1.92%
08/11/2014,3.25,3.23,3.28,3.22,37.20M,1.88%
08/12/2014,3.24,3.24,3.27,3.2,45.47M,-0.31%
08/13/2014,3.35,3.29,3.35,3.28,40.77M,3.40%
08/14/2014,3.4,3.36,3.4,3.35,51.54M,1.49%
08/15/2014,3.45,3.45,3.47,3.35,78.07M,1.47%
08/18/2014,3.53,3.5,3.54,3.49,39.71M,2.32%
08/19/2014,3.59,3.56,3.59,3.55,39.44M,1.70%
08/20/2014,3.59,3.58,3.61,3.57,35.38M,0.00%
08/21/2014,3.61,3.6,3.61,3.58,33.97M,0.56%
08/22/2014,3.63,3.61,3.65,3.59,38.44M,0.55%
08/25/2014,3.67,3.68,3.7,3.64,34.02M,1.10%
08/26/2014,3.68,3.68,3.69,3.65,20.88M,0.27%
08/27/2014,3.68,3.68,3.69,3.65,18.36M,0.00%
08/28/2014,3.66,3.64,3.68,3.63,32.45M,-0.54%
08/29/2014,3.71,3.69,3.71,3.65,26.14M,1.37%
09/02/2014,3.74,3.74,3.74,3.69,32.15M,0.81%
09/03/2014,3.67,3.77,3.77,3.65,41.35M,-1.87%
09/04/2014,3.66,3.7,3.75,3.63,41.06M,-0.27%
09/05/2014,3.72,3.68,3.72,3.62,41.63M,1.64%
09/08/2014,3.74,3.72,3.77,3.69,35.45M,0.54%
09/09/2014,3.65,3.74,3.78,3.62,64.70M,-2.41%
09/10/2014,3.73,3.66,3.74,3.63,36.21M,2.19%
09/11/2014,3.73,3.69,3.73,3.64,59.66M,0.00%
09/12/2014,3.67,3.72,3.72,3.63,56.88M,-1.61%
09/15/2014,3.56,3.68,3.68,3.53,64.32M,-3.00%
09/16/2014,3.66,3.52,3.67,3.51,63.47M,2.81%
09/17/2014,3.67,3.65,3.72,3.61,56.78M,0.27%
09/18/2014,3.75,3.7,3.75,3.69,39.79M,2.18%
09/19/2014,3.74,3.8,3.8,3.7,55.11M,-0.27%
09/22/2014,3.64,3.72,3.72,3.59,54.14M,-2.67%
09/23/2014,3.61,3.6,3.66,3.59,50.40M,-0.82%
09/24/2014,3.73,3.62,3.73,3.59,58.30M,3.32%
09/25/2014,3.49,3.69,3.7,3.49,106.50M,-6.43%
09/26/2014,3.6,3.53,3.62,3.51,74.14M,3.15%
09/29/2014,3.59,3.49,3.62,3.49,57.30M,-0.28%
09/30/2014,3.6,3.62,3.66,3.55,77.11M,0.28%
10/01/2014,3.43,3.58,3.58,3.4,106.79M,-4.72%
10/02/2014,3.43,3.43,3.46,3.3,109.10M,0.00%
10/03/2014,3.53,3.49,3.57,3.45,76.88M,2.92%
10/06/2014,3.51,3.56,3.59,3.48,73.69M,-0.57%
10/07/2014,3.36,3.46,3.49,3.36,81.82M,-4.27%
10/08/2014,3.56,3.37,3.59,3.3,106.61M,5.95%
10/09/2014,3.38,3.54,3.57,3.36,111.51M,-5.06%
10/10/2014,3.13,3.32,3.38,3.13,148.29M,-7.40%
10/13/2014,2.98,3.11,3.18,2.97,136.87M,-4.79%
10/14/2014,2.98,3.04,3.1,2.96,185.60M,0.00%
10/15/2014,2.92,2.85,2.96,2.72,242.67M,-2.01%
10/16/2014,2.88,2.74,2.94,2.74,168.11M,-1.37%
10/17/2014,2.99,2.98,3.06,2.93,132.23M,3.82%
10/20/2014,3.12,2.98,3.12,2.96,77.47M,4.35%
10/21/2014,3.36,3.23,3.36,3.21,105.93M,7.69%
10/22/2014,3.31,3.39,3.4,3.3,94.09M,-1.49%
10/23/2014,3.46,3.41,3.51,3.39,85.06M,4.53%
10/24/2014,3.54,3.47,3.55,3.44,85.37M,2.31%
10/27/2014,3.55,3.52,3.57,3.48,69.18M,0.28%
10/28/2014,3.71,3.6,3.71,3.59,79.84M,4.51%
10/29/2014,3.67,3.67,3.7,3.59,89.78M,-1.08%
10/30/2014,3.69,3.62,3.72,3.59,80.99M,0.54%
10/31/2014,3.84,3.88,3.88,3.81,88.23M,4.07%
11/03/2014,3.88,3.86,3.91,3.85,70.68M,1.04%
11/04/2014,3.84,3.84,3.87,3.76,69.32M,-1.03%
11/05/2014,3.84,3.91,3.91,3.8,69.37M,0.00%
11/06/2014,3.87,3.83,3.88,3.79,48.64M,0.78%
11/07/2014,3.86,3.9,3.9,3.8,55.41M,-0.26%
11/10/2014,3.9,3.87,3.92,3.84,51.69M,1.04%
11/11/2014,3.94,3.91,3.94,3.88,52.81M,1.03%
11/12/2014,3.96,3.89,3.97,3.89,48.10M,0.51%
11/13/2014,4.01,3.98,4.06,3.96,91.08M,1.26%
11/14/2014,4.05,4.01,4.05,3.97,57.41M,1.00%
11/17/2014,4.01,4.02,4.05,3.96,70.68M,-0.99%
11/18/2014,4.1,4.02,4.12,4.02,55.91M,2.24%
11/19/2014,4.05,4.09,4.09,3.99,74.40M,-1.22%
11/20/2014,4.1,4.0,4.11,3.99,49.78M,1.23%
11/21/2014,4.13,4.21,4.22,4.09,76.47M,0.73%
11/24/2014,4.23,4.16,4.23,4.15,63.10M,2.42%
11/25/2014,4.24,4.24,4.28,4.21,75.77M,0.24%
11/26/2014,4.33,4.25,4.33,4.24,52.82M,2.12%
11/28/2014,4.39,4.36,4.41,4.35,36.29M,1.39%
12/01/2014,4.23,4.35,4.37,4.18,78.09M,-3.64%
12/02/2014,4.27,4.25,4.31,4.22,64.95M,0.95%
12/03/2014,4.31,4.3,4.32,4.23,65.97M,0.94%
12/04/2014,4.3,4.29,4.35,4.25,77.02M,-0.23%
12/05/2014,4.3,4.33,4.34,4.27,56.82M,0.00%
12/08/2014,4.21,4.27,4.32,4.14,84.64M,-2.09%
12/09/2014,4.25,4.06,4.26,4.02,85.34M,0.95%
12/10/2014,4.04,4.23,4.26,4.03,67.26M,-4.94%
12/11/2014,4.11,4.08,4.25,4.08,68.02M,1.73%
12/12/2014,3.97,3.99,4.13,3.97,76.89M,-3.41%
12/15/2014,3.85,4.03,4.08,3.81,117.98M,-3.02%
12/16/2014,3.66,3.78,3.95,3.66,106.43M,-4.94%
12/17/2014,3.86,3.67,3.89,3.66,91.36M,5.46%
12/18/2014,4.14,4.03,4.14,4.0,93.37M,7.25%
12/19/2014,4.19,4.15,4.24,4.12,77.42M,1.21%
12/22/2014,4.23,4.17,4.23,4.17,55.23M,0.95%
12/23/2014,4.19,4.27,4.27,4.16,57.96M,-0.95%
12/24/2014,4.19,4.2,4.24,4.19,21.99M,0.00%
12/26/2014,4.28,4.22,4.3,4.22,43.04M,2.15%
12/29/2014,4.28,4.27,4.3,4.26,31.16M,0.00%
12/30/2014,4.19,4.24,4.27,4.17,61.93M,-2.10%
12/31/2014,4.06,4.21,4.26,4.04,58.55M,-3.10%
01/02/2015,4.03,4.12,4.17,3.96,61.11M,-0.74%
01/05/2015,3.85,3.97,3.98,3.81,63.51M,-4.47%
01/06/2015,3.69,3.86,3.88,3.64,84.32M,-4.16%
01/07/2015,3.84,3.76,3.86,3.74,68.73M,4.07%
01/08/2015,4.05,3.93,4.08,3.92,72.47M,5.47%
01/09/2015,3.97,4.09,4.1,3.9,90.71M,-1.98%
01/12/2015,3.85,4.0,4.01,3.82,82.63M,-3.02%
01/13/2015,3.85,3.96,4.08,3.75,99.85M,0.00%
01/14/2015,3.79,3.72,3.84,3.68,108.08M,-1.56%
01/15/2015,3.64,3.83,3.85,3.62,98.01M,-3.96%
01/16/2015,3.77,3.62,3.78,3.6,70.90M,3.57%
01/20/2015,3.85,3.83,3.88,3.7,70.95M,2.12%
01/21/2015,3.91,3.81,3.96,3.78,66.77M,1.56%
01/22/2015,4.13,3.96,4.14,3.85,81.33M,5.63%
01/23/2015,4.15,4.13,4.19,4.09,71.18M,0.48%
01/26/2015,4.14,4.14,4.16,4.08,50.40M,-0.24%
01/27/2015,3.82,3.95,3.95,3.78,111.99M,-7.73%
01/28/2015,3.76,4.0,4.01,3.76,94.46M,-1.57%
01/29/2015,3.87,3.75,3.89,3.65,88.28M,2.93%
01/30/2015,3.78,3.85,3.94,3.76,109.11M,-2.33%
02/02/2015,3.88,3.8,3.88,3.62,99.42M,2.65%
02/03/2015,3.98,3.91,3.99,3.84,91.17M,2.58%
02/04/2015,3.97,3.93,4.05,3.91,62.32M,-0.25%
02/05/2015,4.08,4.0,4.08,3.98,50.16M,2.77%
02/06/2015,4.0,4.1,4.12,3.96,61.76M,-1.96%
02/09/2015,3.96,3.96,4.02,3.94,47.90M,-1.00%
02/10/2015,4.15,4.03,4.16,4.01,59.63M,4.80%
02/11/2015,4.2,4.16,4.22,4.14,60.93M,1.20%
02/12/2015,4.34,4.27,4.34,4.26,76.55M,3.33%
02/13/2015,4.45,4.38,4.45,4.35,60.45M,2.53%
02/17/2015,4.46,4.45,4.47,4.42,41.36M,0.22%
02/18/2015,4.48,4.45,4.49,4.43,35.24M,0.45%
02/19/2015,4.55,4.47,4.56,4.47,37.79M,1.56%
02/20/2015,4.64,4.54,4.65,4.5,45.39M,1.98%
02/23/2015,4.66,4.64,4.66,4.6,39.49M,0.43%
02/24/2015,4.67,4.64,4.68,4.59,52.30M,0.21%
02/25/2015,4.63,4.64,4.7,4.6,56.28M,-0.86%
02/26/2015,4.7,4.64,4.71,4.6,58.17M,1.51%
02/27/2015,4.64,4.69,4.7,4.61,44.39M,-1.28%
03/02/2015,4.76,4.66,4.77,4.66,44.52M,2.59%
03/03/2015,4.69,4.72,4.73,4.61,64.19M,-1.47%
03/04/2015,4.64,4.65,4.67,4.56,58.32M,-1.07%
03/05/2015,4.66,4.68,4.71,4.61,46.17M,0.43%
03/06/2015,4.5,4.65,4.67,4.47,74.86M,-3.43%
03/09/2015,4.55,4.53,4.58,4.48,56.63M,1.11%
03/10/2015,4.29,4.45,4.45,4.29,95.98M,-5.71%
03/11/2015,4.22,4.31,4.33,4.21,111.58M,-1.63%
03/12/2015,4.3,4.21,4.31,4.2,61.19M,1.90%
03/13/2015,4.24,4.29,4.34,4.16,99.06M,-1.40%
03/16/2015,4.41,4.29,4.41,4.28,57.48M,4.01%
03/17/2015,4.43,4.37,4.45,4.34,48.68M,0.45%
03/18/2015,4.56,4.39,4.62,4.32,83.91M,2.93%
03/19/2015,4.58,4.57,4.61,4.55,55.69M,0.44%
03/20/2015,4.68,4.69,4.73,4.67,52.41M,2.18%
03/23/2015,4.64,4.66,4.7,4.64,49.62M,-0.85%
03/24/2015,4.59,4.64,4.7,4.59,46.49M,-1.08%
03/25/2015,4.27,4.61,4.62,4.27,87.94M,-6.97%
03/26/2015,4.23,4.17,4.3,4.13,98.28M,-0.94%
03/27/2015,4.27,4.23,4.31,4.21,49.27M,0.95%
03/30/2015,4.43,4.36,4.44,4.36,75.61M,3.75%
03/31/2015,4.29,4.39,4.42,4.28,62.25M,-3.16%
04/01/2015,4.22,4.29,4.29,4.14,87.94M,-1.63%
04/02/2015,4.23,4.23,4.27,4.19,55.29M,0.24%
04/06/2015,4.33,4.15,4.36,4.13,75.47M,2.36%
04/07/2015,4.31,4.32,4.42,4.31,57.34M,-0.46%
04/08/2015,4.41,4.31,4.43,4.31,84.57M,2.32%
04/09/2015,4.49,4.41,4.5,4.36,55.46M,1.81%
04/10/2015,4.55,4.49,4.55,4.46,56.69M,1.34%
04/13/2015,4.51,4.56,4.63,4.5,57.60M,-0.88%
04/14/2015,4.47,4.5,4.54,4.4,84.49M,-0.89%
04/15/2015,4.55,4.51,4.58,4.49,47.68M,1.79%
04/16/2015,4.54,4.52,4.56,4.5,45.44M,-0.22%
04/17/2015,4.32,4.41,4.44,4.27,93.21M,-4.85%
04/20/2015,4.52,4.39,4.54,4.38,71.10M,4.63%
04/21/2015,4.58,4.6,4.62,4.56,63.69M,1.33%
04/22/2015,4.65,4.61,4.67,4.52,60.96M,1.53%
04/23/2015,4.71,4.61,4.77,4.6,65.50M,1.29%
04/24/2015,4.89,4.85,4.91,4.83,71.21M,3.82%
04/27/2015,4.86,4.95,4.98,4.83,80.58M,-0.61%
04/28/2015,4.83,4.87,4.9,4.71,85.88M,-0.62%
04/29/2015,4.73,4.75,4.83,4.66,96.98M,-2.07%
04/30/2015,4.51,4.66,4.71,4.44,154.09M,-4.65%
05/01/2015,4.69,4.56,4.7,4.56,95.01M,3.99%
05/04/2015,4.71,4.73,4.8,4.71,65.99M,0.43%
05/05/2015,4.49,4.66,4.68,4.48,140.35M,-4.67%
05/06/2015,4.39,4.51,4.55,4.3,106.70M,-2.23%
05/07/2015,4.47,4.39,4.5,4.38,84.31M,1.82%
05/08/2015,4.63,4.61,4.66,4.59,89.19M,3.58%
05/11/2015,4.58,4.64,4.67,4.57,69.51M,-1.08%
05/12/2015,4.52,4.5,4.59,4.4,95.17M,-1.31%
05/13/2015,4.54,4.58,4.65,4.53,66.25M,0.44%
05/14/2015,4.75,4.66,4.76,4.61,88.42M,4.63%
05/15/2015,4.75,4.78,4.8,4.71,73.25M,0.00%
05/18/2015,4.8,4.72,4.83,4.71,55.29M,1.05%
05/19/2015,4.79,4.82,4.84,4.77,49.29M,-0.21%
05/20/2015,4.8,4.8,4.88,4.72,55.63M,0.21%
05/21/2015,4.87,4.77,4.89,4.75,46.11M,1.46%
05/22/2015,4.86,4.86,4.91,4.85,39.91M,-0.21%
05/26/2015,4.69,4.83,4.85,4.63,70.23M,-3.50%
05/27/2015,4.92,4.73,4.93,4.7,67.14M,4.90%
05/28/2015,4.88,4.89,4.92,4.84,45.32M,-0.81%
05/29/2015,4.8,4.87,4.89,4.76,53.03M,-1.64%
06/01/2015,4.84,4.87,4.88,4.73,68.58M,0.83%
06/02/2015,4.8,4.79,4.87,4.72,65.73M,-0.83%
06/03/2015,4.84,4.87,4.89,4.81,58.53M,0.83%
06/04/2015,4.73,4.76,4.85,4.69,92.85M,-2.27%
06/05/2015,4.7,4.71,4.75,4.61,69.30M,-0.63%
06/08/2015,4.55,4.69,4.7,4.53,72.21M,-3.19%
06/09/2015,4.53,4.52,4.58,4.43,76.50M,-0.44%
06/10/2015,4.71,4.58,4.75,4.56,77.38M,3.97%
06/11/2015,4.74,4.76,4.8,4.71,58.54M,0.64%
06/12/2015,4.62,4.66,4.69,4.6,60.45M,-2.53%
06/15/2015,4.55,4.52,4.57,4.44,100.44M,-1.52%
06/16/2015,4.62,4.53,4.65,4.53,50.63M,1.54%
06/17/2015,4.66,4.65,4.71,4.57,84.19M,0.87%
06/18/2015,4.86,4.7,4.89,4.7,81.31M,4.29%
06/19/2015,4.78,4.87,4.88,4.78,42.31M,-1.65%
06/22/2015,4.9,4.9,4.94,4.87,65.86M,2.51%
06/23/2015,4.91,4.92,4.92,4.85,57.45M,0.20%
06/24/2015,4.84,4.89,4.95,4.83,42.45M,-1.43%
06/25/2015,4.8,4.89,4.91,4.78,42.60M,-0.83%
06/26/2015,4.72,4.8,4.84,4.66,65.95M,-1.67%
06/29/2015,4.38,4.55,4.63,4.37,136.87M,-7.20%
06/30/2015,4.43,4.47,4.5,4.38,88.40M,1.14%
07/01/2015,4.52,4.55,4.58,4.47,70.81M,2.03%
07/02/2015,4.54,4.56,4.58,4.49,52.76M,0.44%
07/06/2015,4.5,4.45,4.58,4.42,65.90M,-0.88%
07/07/2015,4.52,4.51,4.55,4.27,125.16M,0.44%
07/08/2015,4.3,4.43,4.45,4.27,92.44M,-4.87%
07/09/2015,4.29,4.47,4.48,4.29,62.63M,-0.23%
07/10/2015,4.48,4.45,4.53,4.41,61.63M,4.43%
07/13/2015,4.71,4.6,4.73,4.6,52.43M,5.13%
07/14/2015,4.81,4.74,4.85,4.73,51.10M,2.12%
07/15/2015,4.83,4.84,4.88,4.79,59.57M,0.42%
07/16/2015,5.02,4.95,5.03,4.92,69.84M,3.93%
07/17/2015,5.25,5.15,5.25,5.13,71.66M,4.58%
07/20/2015,5.31,5.29,5.37,5.24,47.94M,1.14%
07/21/2015,5.29,5.32,5.34,5.25,43.71M,-0.38%
07/22/2015,5.12,5.06,5.19,5.05,54.19M,-3.21%
07/23/2015,5.06,5.13,5.18,5.02,48.39M,-1.17%
07/24/2015,4.91,5.14,5.15,4.89,53.24M,-2.96%
07/27/2015,4.79,4.83,4.89,4.76,60.31M,-2.44%
07/28/2015,4.91,4.86,4.94,4.74,77.80M,2.51%
07/29/2015,4.97,4.94,5.0,4.89,60.87M,1.22%
07/30/2015,5.04,4.93,5.06,4.85,68.52M,1.41%
07/31/2015,5.02,5.09,5.09,4.99,54.52M,-0.40%
08/03/2015,4.98,5.03,5.06,4.87,73.87M,-0.80%
08/04/2015,4.95,4.96,4.99,4.88,70.67M,-0.60%
08/05/2015,5.06,5.03,5.16,5.01,63.71M,2.22%
08/06/2015,4.82,5.07,5.09,4.75,87.65M,-4.74%
08/07/2015,4.8,4.78,4.83,4.68,80.09M,-0.41%
08/10/2015,4.96,4.89,4.99,4.89,66.90M,3.33%
08/11/2015,4.77,4.88,4.94,4.69,86.65M,-3.83%
08/12/2015,4.81,4.68,4.85,4.52,112.17M,0.84%
08/13/2015,4.79,4.83,4.9,4.76,70.33M,-0.42%
08/14/2015,4.82,4.76,4.84,4.73,72.99M,0.63%
08/17/2015,4.94,4.78,4.94,4.75,62.68M,2.49%
08/18/2015,4.86,4.91,4.93,4.84,54.50M,-1.62%
08/19/2015,4.77,4.81,4.89,4.68,117.76M,-1.85%
08/20/2015,4.37,4.63,4.68,4.37,150.01M,-8.39%
08/21/2015,3.83,4.19,4.29,3.83,190.15M,-12.36%
08/24/2015,3.38,3.13,3.81,2.72,196.36M,-11.75%
08/25/2015,3.33,3.73,3.8,3.32,144.83M,-1.48%
08/26/2015,3.81,3.62,3.84,3.4,142.51M,14.41%
08/27/2015,4.11,3.99,4.12,3.85,242.98M,7.87%
08/28/2015,4.11,4.04,4.15,4.02,107.05M,0.00%
08/31/2015,3.95,4.04,4.11,3.92,103.44M,-3.89%
09/01/2015,3.6,3.66,3.84,3.53,156.93M,-8.86%
09/02/2015,3.89,3.78,3.89,3.65,90.14M,8.06%
09/03/2015,3.82,3.94,4.01,3.8,111.61M,-1.80%
09/04/2015,3.7,3.67,3.77,3.63,139.82M,-3.14%
09/08/2015,4.01,3.91,4.02,3.86,112.68M,8.38%
09/09/2015,3.87,4.15,4.15,3.84,140.64M,-3.49%
09/10/2015,3.99,3.85,4.07,3.84,123.58M,3.10%
09/11/2015,4.06,3.94,4.06,3.91,94.86M,1.75%
09/14/2015,4.02,4.1,4.11,3.98,88.33M,-0.99%
09/15/2015,4.16,4.05,4.2,4.01,76.33M,3.48%
09/16/2015,4.23,4.17,4.25,4.12,70.21M,1.68%
09/17/2015,4.24,4.23,4.43,4.19,121.18M,0.24%
09/18/2015,4.06,4.05,4.21,4.04,136.17M,-4.25%
09/21/2015,4.1,4.13,4.2,3.99,100.16M,0.99%
09/22/2015,3.92,3.91,3.95,3.8,141.90M,-4.39%
09/23/2015,3.92,3.95,3.98,3.86,111.88M,0.00%
09/24/2015,3.88,3.81,3.92,3.71,146.92M,-1.02%
09/25/2015,3.78,4.01,4.02,3.71,141.91M,-2.58%
09/28/2015,3.46,3.73,3.74,3.43,180.03M,-8.47%
09/29/2015,3.41,3.48,3.59,3.33,182.88M,-1.45%
09/30/2015,3.63,3.55,3.65,3.51,166.93M,6.45%
10/01/2015,3.68,3.66,3.69,3.51,109.63M,1.38%
10/02/2015,3.87,3.54,3.88,3.5,158.70M,5.16%
10/05/2015,4.05,3.97,4.08,3.94,104.08M,4.65%
10/06/2015,3.99,4.02,4.06,3.89,115.06M,-1.48%
10/07/2015,4.06,4.06,4.09,3.91,126.55M,1.75%
10/08/2015,4.11,4.01,4.13,3.9,145.94M,1.23%
10/09/2015,4.16,4.11,4.19,4.08,87.61M,1.22%
10/12/2015,4.19,4.19,4.22,4.14,76.27M,0.72%
10/13/2015,4.11,4.12,4.25,4.1,106.48M,-1.91%
10/14/2015,4.09,4.11,4.17,4.04,91.67M,-0.49%
10/15/2015,4.29,4.14,4.29,4.12,107.29M,4.89%
10/16/2015,4.35,4.32,4.35,4.26,66.32M,1.40%
10/19/2015,4.42,4.33,4.43,4.3,81.81M,1.61%
10/20/2015,4.35,4.4,4.43,4.31,72.63M,-1.58%
10/21/2015,4.28,4.42,4.43,4.27,88.25M,-1.61%
10/22/2015,4.53,4.39,4.55,4.35,129.88M,5.84%
10/23/2015,4.91,4.9,4.97,4.83,102.03M,8.39%
10/26/2015,4.93,4.91,4.95,4.85,59.94M,0.41%
10/27/2015,4.96,4.89,4.98,4.88,52.23M,0.61%
10/28/2015,5.07,4.98,5.08,4.86,104.48M,2.22%
10/29/2015,5.05,5.01,5.08,4.99,49.91M,-0.39%
10/30/2015,4.99,5.06,5.09,4.98,60.04M,-1.19%
11/02/2015,5.16,5.02,5.17,4.99,55.30M,3.41%
11/03/2015,5.2,5.12,5.26,5.1,61.81M,0.78%
11/04/2015,5.21,5.26,5.27,5.14,72.92M,0.19%
11/05/2015,5.16,5.22,5.26,5.09,71.13M,-0.96%
11/06/2015,5.18,5.14,5.19,5.04,68.12M,0.39%
11/09/2015,5.01,5.12,5.14,4.92,75.66M,-3.28%
11/10/2015,4.98,4.93,4.99,4.89,49.36M,-0.60%
11/11/2015,4.95,5.01,5.09,4.93,50.42M,-0.60%
11/12/2015,4.81,4.89,4.96,4.8,68.96M,-2.83%
11/13/2015,4.53,4.75,4.76,4.52,98.85M,-5.82%
11/16/2015,4.72,4.51,4.72,4.48,92.77M,4.19%
11/17/2015,4.73,4.74,4.83,4.69,110.71M,0.21%
11/18/2015,5.0,4.79,5.02,4.77,98.14M,5.71%
11/19/2015,5.01,5.01,5.08,4.98,51.98M,0.20%
11/20/2015,5.11,5.08,5.12,5.07,51.00M,2.00%
11/23/2015,5.07,5.12,5.17,5.0,56.44M,-0.78%
11/24/2015,5.05,4.97,5.09,4.89,66.25M,-0.39%
11/25/2015,5.06,5.07,5.1,5.04,27.99M,0.20%
11/27/2015,5.08,5.1,5.12,5.04,13.62M,0.40%
11/30/2015,5.05,5.13,5.13,5.0,46.64M,-0.59%
12/01/2015,5.2,5.11,5.2,5.09,58.52M,2.97%
12/02/2015,5.11,5.21,5.28,5.08,61.05M,-1.73%
12/03/2015,4.85,5.15,5.17,4.76,112.96M,-5.09%
12/04/2015,5.18,4.89,5.21,4.86,86.65M,6.80%
12/07/2015,5.12,5.19,5.2,5.04,69.23M,-1.16%
12/08/2015,5.12,4.95,5.16,4.95,81.30M,0.00%
12/09/2015,4.88,5.04,5.13,4.79,144.87M,-4.69%
12/10/2015,4.95,4.91,5.04,4.87,81.46M,1.43%
12/11/2015,4.61,4.78,4.81,4.6,147.44M,-6.87%
12/14/2015,4.71,4.63,4.71,4.43,116.17M,2.17%
12/15/2015,4.79,4.83,4.92,4.78,95.78M,1.70%
12/16/2015,5.0,4.89,5.03,4.75,98.26M,4.38%
12/17/2015,4.79,5.07,5.07,4.79,94.76M,-4.20%
12/18/2015,4.53,4.74,4.78,4.52,102.48M,-5.43%
12/21/2015,4.67,4.64,4.67,4.54,64.03M,3.09%
12/22/2015,4.75,4.74,4.77,4.66,67.02M,1.71%
12/23/2015,4.86,4.83,4.87,4.8,54.95M,2.32%
12/24/2015,4.85,4.86,4.9,4.85,24.26M,-0.21%
12/28/2015,4.85,4.82,4.85,4.72,51.34M,0.00%
12/29/2015,5.07,4.94,5.11,4.93,72.65M,4.54%
12/30/2015,4.94,5.06,5.07,4.94,44.80M,-2.56%
12/31/2015,4.76,4.89,4.92,4.75,87.95M,-3.64%
01/04/2016,4.47,4.44,4.47,4.28,132.93M,-6.09%
01/05/2016,4.43,4.52,4.54,4.37,66.16M,-0.89%
01/06/2016,4.31,4.21,4.38,4.2,121.89M,-2.71%
01/07/2016,3.9,4.03,4.19,3.89,170.17M,-9.51%
01/08/2016,3.81,3.98,4.06,3.79,165.91M,-2.31%
01/11/2016,3.84,3.89,3.92,3.66,168.09M,0.79%
01/12/2016,3.97,3.94,4.03,3.81,158.76M,3.39%
01/13/2016,3.56,4.02,4.05,3.54,206.70M,-10.33%
01/14/2016,3.79,3.6,3.88,3.43,181.71M,6.46%
01/15/2016,3.44,3.41,3.55,3.29,282.36M,-9.23%
01/19/2016,3.45,3.57,3.59,3.33,129.61M,0.29%
01/20/2016,3.42,3.29,3.53,3.06,277.35M,-0.87%
01/21/2016,3.43,3.46,3.58,3.33,169.06M,0.29%
01/22/2016,3.73,3.64,3.73,3.6,143.44M,8.75%
01/25/2016,3.56,3.7,3.75,3.55,138.54M,-4.56%
01/26/2016,3.66,3.61,3.71,3.52,121.52M,2.81%
01/27/2016,3.39,3.6,3.64,3.34,179.16M,-7.38%
01/28/2016,3.52,3.55,3.56,3.35,157.79M,3.83%
01/29/2016,3.75,3.53,3.75,3.52,128.86M,6.53%
02/01/2016,3.77,3.69,3.82,3.65,114.12M,0.53%
02/02/2016,3.54,3.73,3.73,3.5,128.43M,-6.10%
02/03/2016,3.49,3.6,3.6,3.3,235.65M,-1.41%
02/04/2016,3.48,3.45,3.56,3.36,142.02M,-0.29%
02/05/2016,3.12,3.45,3.45,3.08,214.89M,-10.34%
02/08/2016,2.98,2.95,3.02,2.81,257.48M,-4.49%
02/09/2016,2.94,2.86,3.08,2.84,229.75M,-1.34%
02/10/2016,2.98,3.05,3.16,2.97,187.76M,1.36%
02/11/2016,2.97,2.87,3.04,2.84,238.54M,-0.34%
02/12/2016,3.1,3.06,3.11,2.98,158.21M,4.38%
02/16/2016,3.3,3.24,3.3,3.18,149.66M,6.45%
02/17/2016,3.53,3.39,3.55,3.36,182.62M,6.97%
02/18/2016,3.41,3.57,3.57,3.4,128.95M,-3.40%
02/19/2016,3.45,3.37,3.48,3.34,119.47M,1.17%
02/22/2016,3.61,3.54,3.62,3.53,124.13M,4.64%
02/23/2016,3.43,3.55,3.58,3.43,133.91M,-4.99%
02/24/2016,3.53,3.32,3.55,3.25,175.28M,2.92%
02/25/2016,3.63,3.56,3.64,3.46,129.80M,2.83%
02/26/2016,3.62,3.71,3.72,3.6,124.29M,-0.28%
02/27/2016,86.98,86.96,86.98,86.96,5.07M,"2,302.76%"
02/29/2016,3.53,3.61,3.7,3.53,114.98M,-95.94%
03/01/2016,3.86,3.62,3.87,3.59,155.57M,9.35%
03/02/2016,3.87,3.85,3.87,3.78,96.99M,0.26%
03/03/2016,3.85,3.86,3.86,3.77,103.30M,-0.52%
03/04/2016,3.85,3.86,3.93,3.78,118.92M,0.00%
03/07/2016,3.78,3.79,3.86,3.7,94.56M,-1.82%
03/08/2016,3.68,3.7,3.8,3.67,106.28M,-2.65%
03/09/2016,3.75,3.73,3.76,3.67,104.17M,1.90%
03/10/2016,3.74,3.81,3.87,3.59,171.73M,-0.27%
03/11/2016,3.93,3.86,3.94,3.83,84.83M,5.08%
03/14/2016,3.95,3.89,3.98,3.89,78.58M,0.51%
03/15/2016,3.95,3.91,3.96,3.88,96.56M,0.00%
03/16/2016,4.05,3.92,4.09,3.92,88.23M,2.53%
03/17/2016,4.04,4.02,4.08,3.98,63.75M,-0.25%
03/18/2016,4.06,4.07,4.1,4.0,73.77M,0.50%
03/21/2016,4.11,4.05,4.13,4.04,68.00M,1.23%
03/22/2016,4.15,4.05,4.18,4.04,63.61M,0.97%
03/23/2016,4.05,4.13,4.14,4.02,77.23M,-2.41%
03/24/2016,4.05,3.99,4.06,3.97,63.51M,0.00%
03/28/2016,4.04,4.09,4.09,4.02,64.69M,-0.25%
03/29/2016,4.23,4.01,4.24,3.99,89.90M,4.70%
03/30/2016,4.29,4.31,4.37,4.26,104.94M,1.42%
03/31/2016,4.27,4.28,4.33,4.25,59.26M,-0.47%
04/01/2016,4.41,4.2,4.41,4.18,81.51M,3.28%
04/04/2016,4.35,4.4,4.42,4.33,68.32M,-1.36%
04/05/2016,4.24,4.25,4.3,4.21,73.42M,-2.53%
04/06/2016,4.44,4.25,4.44,4.25,91.04M,4.72%
04/07/2016,4.25,4.36,4.39,4.19,126.11M,-4.28%
04/08/2016,4.24,4.33,4.36,4.19,83.12M,-0.24%
04/11/2016,4.19,4.29,4.36,4.19,68.53M,-1.18%
04/12/2016,4.29,4.2,4.32,4.12,91.21M,2.39%
04/13/2016,4.46,4.4,4.48,4.38,81.09M,3.96%
04/14/2016,4.46,4.46,4.51,4.43,55.62M,0.00%
04/15/2016,4.43,4.45,4.48,4.39,41.55M,-0.67%
04/18/2016,4.49,4.39,4.5,4.38,50.73M,1.35%
04/19/2016,4.41,4.54,4.54,4.34,79.29M,-1.78%
04/20/2016,4.43,4.41,4.49,4.37,53.88M,0.45%
04/21/2016,4.43,4.42,4.47,4.37,66.74M,0.00%
04/22/2016,4.23,4.26,4.31,4.12,100.66M,-4.51%
04/25/2016,4.22,4.18,4.23,4.16,48.48M,-0.24%
04/26/2016,4.17,4.25,4.27,4.13,54.66M,-1.18%
04/27/2016,4.07,4.04,4.09,3.96,91.50M,-2.40%
04/28/2016,3.92,4.08,4.15,3.89,80.38M,-3.69%
04/29/2016,3.86,3.91,3.94,3.76,95.63M,-1.53%
05/02/2016,3.96,3.88,3.98,3.84,59.01M,2.59%
05/03/2016,3.86,3.88,3.93,3.82,72.98M,-2.53%
05/04/2016,3.78,3.78,3.82,3.75,77.57M,-2.07%
05/05/2016,3.78,3.81,3.84,3.75,71.99M,0.00%
05/06/2016,3.83,3.72,3.83,3.71,78.43M,1.32%
05/09/2016,3.87,3.84,3.92,3.83,59.27M,1.04%
05/10/2016,4.03,3.91,4.03,3.89,58.24M,4.13%
05/11/2016,3.92,4.01,4.04,3.91,63.53M,-2.73%
05/12/2016,3.86,3.95,3.96,3.78,92.37M,-1.53%
05/13/2016,3.82,3.86,3.92,3.8,77.98M,-1.04%
05/16/2016,3.96,3.83,4.0,3.83,58.65M,3.66%
05/17/2016,3.81,3.96,3.99,3.78,93.61M,-3.79%
05/18/2016,3.85,3.79,3.92,3.76,118.99M,1.05%
05/19/2016,3.79,3.81,3.84,3.71,127.05M,-1.56%
05/20/2016,3.92,3.84,3.96,3.83,62.68M,3.43%
05/23/2016,3.9,3.93,3.97,3.89,43.46M,-0.51%
05/24/2016,4.14,3.97,4.15,3.96,75.00M,6.15%
05/25/2016,4.23,4.19,4.26,4.16,70.88M,2.17%
05/26/2016,4.26,4.24,4.28,4.21,47.64M,0.71%
05/27/2016,4.33,4.27,4.33,4.27,53.57M,1.64%
05/31/2016,4.35,4.35,4.37,4.29,56.47M,0.46%
06/01/2016,4.36,4.31,4.38,4.3,50.27M,0.23%
06/02/2016,4.38,4.33,4.38,4.26,52.33M,0.46%
06/03/2016,4.32,4.36,4.36,4.24,77.76M,-1.37%
06/06/2016,4.37,4.34,4.4,4.32,43.00M,1.16%
06/07/2016,4.34,4.38,4.39,4.33,38.55M,-0.69%
06/08/2016,4.35,4.36,4.38,4.31,41.13M,0.23%
06/09/2016,4.34,4.3,4.35,4.28,49.86M,-0.23%
06/10/2016,4.19,4.22,4.24,4.14,80.88M,-3.46%
06/13/2016,4.08,4.12,4.19,4.07,59.53M,-2.63%
06/14/2016,4.08,4.05,4.12,3.99,70.87M,0.00%
06/15/2016,4.05,4.11,4.12,4.03,53.19M,-0.74%
06/16/2016,4.08,3.99,4.09,3.91,82.18M,0.74%
06/17/2016,3.94,4.06,4.06,3.91,83.51M,-3.43%
06/20/2016,4.01,4.08,4.13,4.0,69.62M,1.78%
06/21/2016,4.05,4.03,4.07,4.0,43.21M,1.00%
06/22/2016,4.02,4.06,4.13,4.01,51.65M,-0.74%
06/23/2016,4.19,4.12,4.19,4.06,64.28M,4.23%
06/24/2016,3.68,3.75,3.93,3.65,162.75M,-12.17%
06/27/2016,3.46,3.59,3.6,3.41,118.76M,-5.98%
06/28/2016,3.68,3.57,3.69,3.57,99.73M,6.36%
06/29/2016,3.87,3.77,3.9,3.76,104.23M,5.16%
06/30/2016,4.01,3.9,4.02,3.86,82.90M,3.62%
07/01/2016,4.07,4.01,4.12,4.0,65.71M,1.50%
07/05/2016,4.0,4.02,4.02,3.93,65.47M,-1.72%
07/06/2016,4.09,3.94,4.1,3.9,86.74M,2.25%
07/07/2016,4.13,4.11,4.16,4.07,63.12M,0.98%
07/08/2016,4.32,4.19,4.33,4.18,75.02M,4.60%
07/11/2016,4.39,4.37,4.44,4.36,71.32M,1.62%
07/12/2016,4.46,4.48,4.5,4.45,57.89M,1.59%
07/13/2016,4.43,4.5,4.5,4.43,63.21M,-0.67%
07/14/2016,4.52,4.52,4.55,4.49,54.95M,2.03%
07/15/2016,4.5,4.55,4.56,4.47,42.71M,-0.44%
07/18/2016,4.59,4.51,4.61,4.5,41.93M,2.00%
07/19/2016,4.54,4.54,4.58,4.51,39.33M,-1.09%
07/20/2016,4.69,4.61,4.72,4.59,45.36M,3.30%
07/21/2016,4.67,4.71,4.73,4.63,56.40M,-0.43%
07/22/2016,4.72,4.68,4.74,4.63,43.40M,1.07%
07/25/2016,4.72,4.71,4.72,4.67,38.12M,0.00%
07/26/2016,4.74,4.72,4.79,4.67,68.18M,0.42%
07/27/2016,4.83,4.86,4.87,4.78,65.28M,1.90%
07/28/2016,4.88,4.86,4.9,4.81,43.56M,1.04%
07/29/2016,4.92,4.92,4.96,4.87,51.32M,0.82%
08/01/2016,4.99,4.93,5.03,4.91,52.66M,1.42%
08/02/2016,4.88,4.97,4.99,4.79,80.55M,-2.20%
08/03/2016,4.93,4.87,4.93,4.86,42.67M,1.02%
08/04/2016,4.97,4.93,4.99,4.89,42.01M,0.81%
08/05/2016,5.12,5.05,5.15,5.03,61.74M,3.02%
08/08/2016,5.1,5.12,5.13,5.05,37.95M,-0.39%
08/09/2016,5.13,5.11,5.18,5.1,39.91M,0.59%
08/10/2016,5.09,5.14,5.14,5.05,43.86M,-0.78%
08/11/2016,5.16,5.14,5.19,5.11,34.32M,1.38%
08/12/2016,5.17,5.13,5.17,5.11,34.14M,0.19%
08/15/2016,5.23,5.19,5.27,5.18,28.63M,1.16%
08/16/2016,5.15,5.2,5.21,5.14,31.30M,-1.53%
08/17/2016,5.18,5.15,5.18,5.07,44.92M,0.58%
08/18/2016,5.18,5.16,5.2,5.13,28.38M,0.00%
08/19/2016,5.17,5.15,5.21,5.11,36.81M,-0.19%
08/22/2016,5.18,5.15,5.21,5.12,36.62M,0.19%
08/23/2016,5.21,5.24,5.27,5.21,31.33M,0.58%
08/24/2016,5.11,5.2,5.22,5.06,35.60M,-1.92%
08/25/2016,5.08,5.07,5.13,5.05,29.22M,-0.59%
08/26/2016,5.11,5.09,5.21,5.02,53.66M,0.59%
08/29/2016,5.12,5.11,5.17,5.11,24.92M,0.20%
08/30/2016,5.08,5.1,5.15,5.03,32.88M,-0.78%
08/31/2016,5.06,5.06,5.08,5.0,35.81M,-0.39%
09/01/2016,5.09,5.07,5.12,4.99,42.98M,0.59%
09/02/2016,5.15,5.18,5.21,5.09,45.37M,1.18%
09/06/2016,5.24,5.18,5.25,5.14,32.99M,1.75%
09/07/2016,5.25,5.26,5.28,5.2,29.04M,0.19%
09/08/2016,5.16,5.21,5.21,5.12,35.03M,-1.71%
09/09/2016,4.77,5.04,5.07,4.77,80.46M,-7.56%
09/12/2016,5.01,4.7,5.05,4.69,65.33M,5.03%
09/13/2016,4.9,4.95,4.99,4.82,62.65M,-2.20%
09/14/2016,4.96,4.91,5.04,4.9,55.76M,1.22%
09/15/2016,5.19,4.97,5.21,4.96,66.20M,4.64%
09/16/2016,5.18,5.18,5.2,5.11,40.76M,-0.19%
09/19/2016,5.12,5.22,5.27,5.09,45.84M,-1.16%
09/20/2016,5.14,5.17,5.21,5.12,37.89M,0.39%
09/21/2016,5.29,5.21,5.32,5.12,69.30M,2.92%
09/22/2016,5.42,5.39,5.44,5.37,39.05M,2.46%
09/23/2016,5.32,5.4,5.4,5.29,36.53M,-1.85%
09/26/2016,5.19,5.23,5.25,5.16,40.94M,-2.44%
09/27/2016,5.33,5.18,5.34,5.16,41.45M,2.70%
09/28/2016,5.36,5.35,5.37,5.28,37.85M,0.56%
09/29/2016,5.25,5.34,5.37,5.18,57.42M,-2.05%
09/30/2016,5.36,5.3,5.41,5.27,39.99M,2.10%
10/03/2016,5.35,5.34,5.36,5.28,40.88M,-0.19%
10/04/2016,5.32,5.38,5.42,5.26,56.10M,-0.56%
10/05/2016,5.37,5.36,5.42,5.36,34.43M,0.94%
10/06/2016,5.36,5.35,5.4,5.29,37.26M,-0.19%
10/07/2016,5.33,5.38,5.4,5.25,45.28M,-0.56%
10/10/2016,5.42,5.41,5.47,5.4,29.94M,1.69%
10/11/2016,5.2,5.41,5.42,5.13,64.82M,-4.06%
10/12/2016,5.19,5.2,5.24,5.13,41.03M,-0.19%
10/13/2016,5.13,5.08,5.17,4.99,52.21M,-1.16%
10/14/2016,5.14,5.2,5.26,5.13,40.91M,0.19%
10/17/2016,5.1,5.14,5.16,5.08,27.93M,-0.78%
10/18/2016,5.23,5.28,5.31,5.23,38.48M,2.55%
10/19/2016,5.24,5.22,5.26,5.21,23.53M,0.19%
10/20/2016,5.21,5.21,5.25,5.13,34.98M,-0.57%
10/21/2016,5.27,5.23,5.28,5.18,29.32M,1.15%
10/24/2016,5.46,5.38,5.47,5.37,34.32M,3.61%
10/25/2016,5.41,5.47,5.48,5.39,29.86M,-0.92%
10/26/2016,5.3,5.3,5.39,5.25,47.65M,-2.03%
10/27/2016,5.23,5.37,5.38,5.21,51.52M,-1.32%
10/28/2016,5.14,5.18,5.26,5.08,71.48M,-1.72%
10/31/2016,5.11,5.19,5.19,5.11,28.45M,-0.58%
11/01/2016,5.01,5.14,5.14,4.87,50.96M,-1.96%
11/02/2016,4.88,4.99,5.02,4.84,40.88M,-2.59%
11/03/2016,4.73,4.86,4.9,4.72,43.51M,-3.07%
11/04/2016,4.68,4.69,4.79,4.66,42.46M,-1.06%
11/07/2016,5.02,4.91,5.03,4.89,50.48M,7.26%
11/08/2016,5.11,5.0,5.18,4.97,55.29M,1.79%
11/09/2016,5.19,4.93,5.21,4.92,91.65M,1.57%
11/10/2016,4.94,5.25,5.28,4.73,123.98M,-4.82%
11/11/2016,4.94,4.86,4.97,4.82,56.78M,0.00%
11/14/2016,4.77,4.94,4.96,4.71,88.78M,-3.44%
11/15/2016,4.99,4.89,5.04,4.88,52.79M,4.61%
11/16/2016,5.07,4.91,5.09,4.91,43.17M,1.60%
11/17/2016,5.19,5.07,5.19,5.04,37.77M,2.37%
11/18/2016,5.13,5.2,5.23,5.11,31.53M,-1.16%
11/21/2016,5.28,5.16,5.3,5.16,41.81M,2.92%
11/22/2016,5.33,5.35,5.37,5.29,38.34M,0.95%
11/23/2016,5.27,5.28,5.3,5.2,36.91M,-1.13%
11/25/2016,5.32,5.29,5.33,5.27,19.14M,0.95%
11/28/2016,5.29,5.29,5.36,5.27,35.73M,-0.56%
11/29/2016,5.34,5.29,5.41,5.25,37.29M,0.95%
11/30/2016,5.17,5.35,5.36,5.14,75.65M,-3.18%
12/01/2016,4.88,5.14,5.14,4.85,93.19M,-5.61%
12/02/2016,4.9,4.89,4.96,4.84,51.49M,0.41%
12/05/2016,5.02,4.98,5.08,4.91,44.97M,2.45%
12/06/2016,5.05,5.05,5.08,4.99,34.63M,0.60%
12/07/2016,5.24,5.02,5.26,4.98,74.43M,3.76%
12/08/2016,5.27,5.25,5.31,5.22,56.51M,0.57%
12/09/2016,5.4,5.33,5.4,5.33,51.34M,2.47%
12/12/2016,5.32,5.32,5.36,5.26,47.58M,-1.48%
12/13/2016,5.53,5.38,5.61,5.37,84.60M,3.95%
12/14/2016,5.49,5.54,5.6,5.44,71.19M,-0.72%
12/15/2016,5.52,5.5,5.61,5.47,53.21M,0.55%
12/16/2016,5.45,5.55,5.58,5.42,57.38M,-1.27%
12/19/2016,5.52,5.48,5.62,5.45,41.79M,1.28%
12/20/2016,5.59,5.56,5.61,5.55,31.39M,1.27%
12/21/2016,5.57,5.59,5.6,5.53,24.14M,-0.36%
12/22/2016,5.52,5.57,5.58,5.46,32.76M,-0.90%
12/23/2016,5.54,5.5,5.54,5.48,16.13M,0.36%
12/27/2016,5.62,5.57,5.71,5.56,37.82M,1.44%
12/28/2016,5.49,5.65,5.67,5.48,45.67M,-2.31%
12/29/2016,5.46,5.48,5.52,5.41,42.86M,-0.55%
12/30/2016,5.3,5.49,5.5,5.25,52.69M,-2.93%
01/03/2017,5.43,5.4,5.5,5.35,48.82M,2.45%
01/04/2017,5.52,5.45,5.55,5.45,33.26M,1.66%
01/05/2017,5.62,5.52,5.63,5.51,30.69M,1.81%
01/06/2017,5.76,5.63,5.81,5.59,47.90M,2.49%
01/09/2017,5.82,5.78,5.85,5.76,33.09M,1.04%
01/10/2017,5.85,5.82,5.91,5.79,33.17M,0.52%
01/11/2017,5.9,5.86,5.9,5.77,47.05M,0.85%
01/12/2017,5.87,5.84,5.89,5.71,40.26M,-0.51%
01/13/2017,5.94,5.89,5.96,5.89,29.31M,1.19%
01/17/2017,5.88,5.88,5.92,5.83,27.77M,-1.01%
01/18/2017,5.92,5.91,5.93,5.86,24.66M,0.68%
01/19/2017,5.9,5.94,6.0,5.87,29.87M,-0.34%
01/20/2017,5.94,5.98,6.03,5.9,28.42M,0.68%
01/23/2017,5.96,5.92,5.98,5.85,27.63M,0.34%
01/24/2017,6.08,5.99,6.11,5.96,25.85M,2.01%
01/25/2017,6.26,6.19,6.27,6.18,28.07M,2.96%
01/26/2017,6.28,6.29,6.32,6.25,25.43M,0.32%
01/27/2017,6.31,6.32,6.34,6.26,16.62M,0.48%
01/30/2017,6.17,6.25,6.25,6.06,37.52M,-2.22%
01/31/2017,6.14,6.11,6.14,6.02,29.81M,-0.49%
02/01/2017,6.25,6.26,6.29,6.17,36.26M,1.79%
02/02/2017,6.24,6.22,6.3,6.17,28.95M,-0.16%
02/03/2017,6.29,6.26,6.31,6.24,24.10M,0.80%
02/06/2017,6.31,6.26,6.32,6.24,20.85M,0.32%
02/07/2017,6.38,6.35,6.42,6.34,23.32M,1.11%
02/08/2017,6.42,6.36,6.44,6.32,18.48M,0.63%
02/09/2017,6.48,6.43,6.53,6.42,25.76M,0.93%
02/10/2017,6.55,6.53,6.57,6.49,23.94M,1.08%
02/13/2017,6.66,6.61,6.69,6.6,21.49M,1.68%
02/14/2017,6.72,6.67,6.73,6.6,31.33M,0.90%
02/15/2017,6.84,6.72,6.85,6.7,36.78M,1.79%
02/16/2017,6.83,6.86,6.9,6.78,31.98M,-0.15%
02/17/2017,6.92,6.81,6.92,6.8,25.80M,1.32%
02/21/2017,7.03,6.97,7.04,6.95,33.36M,1.59%
02/22/2017,7.03,7.01,7.05,6.97,21.53M,0.00%
02/23/2017,6.95,7.06,7.06,6.87,31.34M,-1.14%
02/24/2017,6.99,6.85,6.99,6.85,25.37M,0.58%
02/27/2017,7.01,6.96,7.02,6.92,26.22M,0.29%
02/28/2017,6.96,7.01,7.02,6.89,20.95M,-0.71%
03/01/2017,7.18,7.08,7.22,7.05,31.63M,3.16%
03/02/2017,7.07,7.18,7.18,7.05,21.46M,-1.53%
03/03/2017,7.11,7.05,7.12,7.0,17.32M,0.57%
03/06/2017,7.06,7.03,7.1,6.98,19.39M,-0.70%
03/07/2017,7.02,7.01,7.12,6.99,17.71M,-0.57%
03/08/2017,7.06,7.04,7.13,7.02,19.33M,0.57%
03/09/2017,7.08,7.06,7.11,6.96,22.09M,0.28%
03/10/2017,7.16,7.17,7.2,7.08,25.73M,1.13%
03/13/2017,7.2,7.15,7.21,7.14,16.94M,0.56%
03/14/2017,7.15,7.15,7.16,7.06,26.51M,-0.69%
03/15/2017,7.27,7.19,7.33,7.12,31.91M,1.68%
03/16/2017,7.27,7.32,7.32,7.21,19.44M,0.00%
03/17/2017,7.25,7.28,7.31,7.24,17.66M,-0.28%
03/20/2017,7.27,7.25,7.32,7.22,18.35M,0.28%
03/21/2017,6.95,7.35,7.37,6.93,46.78M,-4.40%
03/22/2017,7.08,6.95,7.1,6.92,35.69M,1.87%
03/23/2017,7.03,7.06,7.11,6.99,29.53M,-0.71%
03/24/2017,7.06,7.09,7.18,6.99,25.84M,0.43%
03/27/2017,7.1,6.92,7.14,6.87,37.63M,0.57%
03/28/2017,7.24,7.1,7.3,7.06,42.00M,1.97%
03/29/2017,7.33,7.24,7.34,7.23,24.09M,1.24%
03/30/2017,7.37,7.33,7.39,7.3,26.46M,0.55%
03/31/2017,7.35,7.34,7.41,7.31,27.07M,-0.27%
04/03/2017,7.33,7.37,7.42,7.22,32.26M,-0.27%
04/04/2017,7.37,7.27,7.37,7.27,16.21M,0.55%
04/05/2017,7.28,7.4,7.53,7.24,36.68M,-1.22%
04/06/2017,7.29,7.31,7.35,7.24,30.83M,0.14%
04/07/2017,7.28,7.28,7.35,7.2,20.79M,-0.14%
04/10/2017,7.29,7.31,7.38,7.23,24.19M,0.14%
04/11/2017,7.2,7.26,7.3,7.04,42.67M,-1.23%
04/12/2017,7.1,7.19,7.2,7.08,34.05M,-1.39%
04/13/2017,7.02,7.07,7.2,7.01,30.69M,-1.13%
04/17/2017,7.19,7.08,7.19,7.07,18.17M,2.42%
04/18/2017,7.16,7.12,7.22,7.11,25.38M,-0.42%
04/19/2017,7.19,7.25,7.32,7.16,28.78M,0.42%
04/20/2017,7.36,7.28,7.42,7.24,41.25M,2.36%
04/21/2017,7.36,7.39,7.4,7.31,27.01M,0.00%
04/24/2017,7.63,7.6,7.65,7.57,30.04M,3.67%
04/25/2017,7.8,7.7,7.84,7.69,32.06M,2.23%
04/26/2017,7.76,7.8,7.86,7.75,43.83M,-0.51%
04/27/2017,7.9,7.82,7.9,7.8,28.84M,1.80%
04/28/2017,7.94,7.99,8.0,7.9,34.25M,0.51%
05/01/2017,8.14,8.02,8.18,8.01,32.32M,2.52%
05/02/2017,8.19,8.18,8.2,8.12,30.21M,0.61%
05/03/2017,8.11,8.14,8.14,8.05,36.79M,-0.98%
05/04/2017,8.12,8.12,8.15,8.04,36.30M,0.12%
05/05/2017,8.21,8.18,8.21,8.09,27.25M,1.11%
05/08/2017,8.26,8.22,8.26,8.17,30.63M,0.61%
05/09/2017,8.35,8.3,8.4,8.28,37.86M,1.09%
05/10/2017,8.36,8.36,8.37,8.27,28.10M,0.12%
05/11/2017,8.34,8.29,8.35,8.18,31.22M,-0.24%
05/12/2017,8.4,8.35,8.4,8.33,29.27M,0.72%
05/15/2017,8.47,8.4,8.49,8.38,34.67M,0.83%
05/16/2017,8.58,8.53,8.58,8.47,38.53M,1.30%
05/17/2017,7.93,8.38,8.42,7.92,70.12M,-7.58%
05/18/2017,8.13,7.92,8.21,7.89,60.19M,2.52%
05/19/2017,8.23,8.21,8.34,8.2,36.42M,1.23%
05/22/2017,8.44,8.29,8.45,8.28,32.68M,2.55%
05/23/2017,8.46,8.51,8.52,8.4,34.43M,0.24%
05/24/2017,8.58,8.54,8.59,8.47,32.76M,1.42%
05/25/2017,8.81,8.68,8.86,8.62,43.75M,2.68%
05/26/2017,8.84,8.8,8.85,8.77,27.43M,0.34%
05/30/2017,8.86,8.82,8.9,8.81,27.60M,0.23%
05/31/2017,8.85,8.94,8.96,8.72,48.45M,-0.11%
06/01/2017,8.96,8.9,8.97,8.8,37.05M,1.24%
06/02/2017,9.26,9.05,9.27,9.01,41.62M,3.35%
06/05/2017,9.26,9.26,9.3,9.22,25.74M,0.00%
06/06/2017,9.15,9.22,9.31,9.1,38.87M,-1.19%
06/07/2017,9.25,9.22,9.27,9.1,40.70M,1.09%
06/08/2017,9.28,9.31,9.32,9.13,46.28M,0.32%
06/09/2017,8.61,9.31,9.34,8.22,116.57M,-7.22%
06/12/2017,8.45,8.37,8.49,8.12,83.22M,-1.86%
06/13/2017,8.65,8.58,8.68,8.45,63.25M,2.37%
06/14/2017,8.53,8.75,8.75,8.33,69.51M,-1.39%
06/15/2017,8.42,8.27,8.44,8.12,70.58M,-1.29%
06/16/2017,8.32,8.4,8.41,8.21,46.93M,-1.19%
06/19/2017,8.72,8.55,8.75,8.51,55.47M,4.81%
06/20/2017,8.52,8.7,8.73,8.51,42.97M,-2.29%
06/21/2017,8.77,8.57,8.78,8.56,41.79M,2.93%
06/22/2017,8.76,8.81,8.85,8.69,34.22M,-0.11%
06/23/2017,8.86,8.73,8.89,8.66,34.39M,1.14%
06/26/2017,8.74,9.0,9.06,8.68,52.84M,-1.35%
06/27/2017,8.26,8.64,8.67,8.26,72.04M,-5.49%
06/28/2017,8.6,8.34,8.63,8.2,60.43M,4.12%
06/29/2017,8.17,8.5,8.5,7.92,115.78M,-5.00%
06/30/2017,8.14,8.24,8.3,8.09,49.31M,-0.37%
07/03/2017,7.92,8.28,8.31,7.9,40.84M,-2.70%
07/05/2017,8.14,7.98,8.21,7.9,57.02M,2.78%
07/06/2017,7.93,7.95,8.06,7.84,53.16M,-2.58%
07/07/2017,8.16,8.01,8.24,8.0,44.81M,2.90%
07/10/2017,8.34,8.2,8.4,8.13,46.06M,2.21%
07/11/2017,8.4,8.3,8.44,8.21,54.29M,0.72%
07/12/2017,8.7,8.61,8.73,8.57,52.65M,3.57%
07/13/2017,8.76,8.74,8.82,8.68,45.74M,0.69%
07/14/2017,8.97,8.86,9.0,8.79,42.32M,2.40%
07/17/2017,8.97,9.0,9.07,8.93,50.33M,0.00%
07/18/2017,9.15,8.95,9.16,8.87,42.09M,2.01%
07/19/2017,9.32,9.23,9.35,9.22,52.12M,1.86%
07/20/2017,9.35,9.39,9.4,9.22,54.23M,0.32%
07/21/2017,9.34,9.24,9.34,9.19,43.46M,-0.11%
07/24/2017,9.46,9.34,9.48,9.3,44.37M,1.28%
07/25/2017,9.4,9.37,9.46,9.32,47.09M,-0.63%
07/26/2017,9.48,9.46,9.5,9.42,30.30M,0.85%
07/27/2017,9.31,9.67,9.7,8.97,94.48M,-1.79%
07/28/2017,9.28,9.15,9.32,9.09,35.01M,-0.32%
07/31/2017,9.16,9.36,9.39,9.1,44.36M,-1.29%
08/01/2017,9.22,9.25,9.26,9.14,30.58M,0.66%
08/02/2017,9.29,9.39,9.4,9.04,55.18M,0.76%
08/03/2017,9.19,9.32,9.33,9.13,36.32M,-1.08%
08/04/2017,9.23,9.25,9.3,9.12,35.74M,0.44%
08/07/2017,9.39,9.28,9.41,9.24,27.42M,1.73%
08/08/2017,9.36,9.35,9.58,9.28,51.94M,-0.32%
08/09/2017,9.32,9.13,9.33,9.06,49.54M,-0.43%
08/10/2017,8.71,9.16,9.18,8.69,81.69M,-6.55%
08/11/2017,8.91,8.76,8.97,8.69,52.64M,2.30%
08/14/2017,9.26,9.12,9.3,9.12,47.74M,3.93%
08/15/2017,9.28,9.31,9.33,9.2,36.15M,0.22%
08/16/2017,9.32,9.34,9.45,9.23,49.53M,0.43%
08/17/2017,8.75,9.21,9.26,8.75,79.29M,-6.12%
08/18/2017,8.72,8.76,8.91,8.62,64.93M,-0.34%
08/21/2017,8.7,8.74,8.79,8.53,43.24M,-0.23%
08/22/2017,9.09,8.83,9.12,8.83,47.13M,4.48%
08/23/2017,8.99,8.94,9.05,8.93,42.04M,-1.10%
08/24/2017,8.92,9.06,9.09,8.76,48.59M,-0.78%
08/25/2017,8.86,9.01,9.08,8.82,46.31M,-0.67%
08/28/2017,8.93,8.93,9.0,8.85,33.12M,0.79%
08/29/2017,9.04,8.7,9.08,8.68,42.56M,1.23%
08/30/2017,9.36,9.06,9.4,9.04,53.12M,3.54%
08/31/2017,9.62,9.43,9.66,9.42,53.09M,2.78%
09/01/2017,9.62,9.7,9.73,9.54,35.50M,0.00%
09/05/2017,9.36,9.52,9.59,9.14,65.09M,-2.70%
09/06/2017,9.44,9.43,9.5,9.24,42.78M,0.85%
09/07/2017,9.5,9.49,9.57,9.4,36.99M,0.64%
09/08/2017,9.26,9.46,9.48,9.23,41.32M,-2.53%
09/11/2017,9.56,9.47,9.62,9.47,42.64M,3.24%
09/12/2017,9.64,9.65,9.68,9.51,36.71M,0.84%
09/13/2017,9.68,9.58,9.68,9.54,25.80M,0.41%
09/14/2017,9.52,9.57,9.65,9.49,36.79M,-1.65%
09/15/2017,9.59,9.51,9.71,9.46,39.63M,0.74%
09/18/2017,9.57,9.63,9.73,9.48,45.76M,-0.21%
09/19/2017,9.61,9.61,9.65,9.52,28.47M,0.42%
09/20/2017,9.53,9.6,9.63,9.3,53.65M,-0.83%
09/21/2017,9.35,9.5,9.5,9.25,42.44M,-1.89%
09/22/2017,9.32,9.25,9.36,9.23,31.08M,-0.32%
09/25/2017,9.03,9.21,9.22,8.89,67.76M,-3.11%
09/26/2017,9.09,9.16,9.21,9.0,47.54M,0.66%
09/27/2017,9.34,9.24,9.44,9.17,55.67M,2.75%
09/28/2017,9.32,9.27,9.35,9.2,32.27M,-0.21%
09/29/2017,9.52,9.38,9.54,9.3,44.12M,2.15%
10/02/2017,9.55,9.57,9.66,9.42,46.10M,0.32%
10/03/2017,9.61,9.58,9.64,9.52,31.37M,0.63%
10/04/2017,9.63,9.55,9.69,9.53,45.08M,0.21%
10/05/2017,9.91,9.74,9.93,9.7,47.15M,2.91%
10/06/2017,9.95,9.82,9.95,9.81,42.98M,0.40%
10/09/2017,9.92,9.99,10.02,9.88,34.43M,-0.30%
10/10/2017,9.94,10.01,10.05,9.81,35.88M,0.20%
10/11/2017,10.03,9.93,10.03,9.89,29.89M,0.91%
10/12/2017,9.97,9.99,10.09,9.94,33.09M,-0.60%
10/13/2017,10.09,10.09,10.12,10.05,24.44M,1.20%
10/16/2017,10.19,10.16,10.19,10.09,28.54M,0.99%
10/17/2017,10.23,10.18,10.23,10.13,30.10M,0.39%
10/18/2017,10.19,10.25,10.26,10.14,28.95M,-0.39%
10/19/2017,10.07,10.01,10.07,9.86,40.34M,-1.18%
10/20/2017,10.15,10.19,10.22,10.12,33.28M,0.79%
10/23/2017,9.96,10.21,10.21,9.91,30.73M,-1.87%
10/24/2017,10.01,10.01,10.06,9.89,29.44M,0.50%
10/25/2017,9.89,9.94,10.04,9.66,44.60M,-1.20%
10/26/2017,9.8,9.87,9.94,9.78,36.38M,-0.91%
10/27/2017,10.64,10.26,10.7,10.24,73.91M,8.57%
10/30/2017,10.72,10.61,10.84,10.59,48.28M,0.75%
10/31/2017,10.83,10.81,10.88,10.73,30.10M,1.03%
11/01/2017,10.81,10.96,10.98,10.7,41.53M,-0.18%
11/02/2017,10.76,10.78,10.8,10.54,45.89M,-0.46%
11/03/2017,11.06,10.87,11.07,10.76,43.35M,2.79%
11/06/2017,11.17,11.04,11.19,11.03,38.05M,0.99%
11/07/2017,11.19,11.15,11.24,11.08,46.66M,0.18%
11/08/2017,11.33,11.18,11.34,11.14,34.43M,1.25%
11/09/2017,11.15,11.05,11.17,10.8,81.60M,-1.59%
11/10/2017,11.15,11.07,11.17,11.01,33.22M,0.00%
11/13/2017,11.18,11.03,11.23,11.02,37.57M,0.27%
11/14/2017,11.07,11.07,11.1,10.9,45.50M,-0.98%
11/15/2017,10.9,10.92,11.0,10.73,40.33M,-1.54%
11/16/2017,11.31,11.08,11.39,11.07,40.43M,3.76%
11/17/2017,11.19,11.32,11.35,11.16,34.68M,-1.06%
11/20/2017,11.16,11.2,11.24,11.11,25.03M,-0.27%
11/21/2017,11.51,11.31,11.53,11.3,35.37M,3.14%
11/22/2017,11.56,11.55,11.59,11.49,30.06M,0.43%
11/24/2017,11.69,11.6,11.69,11.58,19.98M,1.12%
11/27/2017,11.67,11.67,11.75,11.59,33.42M,-0.17%
11/28/2017,11.75,11.75,11.78,11.56,35.15M,0.69%
11/29/2017,11.15,11.72,11.72,10.98,104.14M,-5.11%
11/30/2017,11.42,11.29,11.49,11.2,59.39M,2.42%
12/01/2017,11.27,11.2,11.44,10.77,85.15M,-1.31%
12/04/2017,10.88,11.49,11.52,10.85,82.72M,-3.46%
12/05/2017,10.9,10.86,11.27,10.75,57.74M,0.18%
12/06/2017,11.04,10.78,11.1,10.74,47.38M,1.28%
12/07/2017,11.15,11.05,11.25,11.01,38.08M,1.00%
12/08/2017,11.3,11.4,11.48,11.25,44.20M,1.35%
12/11/2017,11.56,11.32,11.57,11.31,35.78M,2.30%
12/12/2017,11.52,11.54,11.62,11.44,36.69M,-0.35%
12/13/2017,11.57,11.65,11.69,11.53,41.67M,0.43%
12/14/2017,11.56,11.64,11.72,11.51,35.62M,-0.09%
12/15/2017,11.93,11.69,11.98,11.63,55.83M,3.20%
12/18/2017,12.24,12.17,12.27,12.12,40.54M,2.60%
12/19/2017,12.04,12.17,12.21,11.93,49.43M,-1.63%
12/20/2017,11.99,12.15,12.16,11.84,35.58M,-0.42%
12/21/2017,11.98,12.03,12.14,11.94,33.26M,-0.08%
12/22/2017,11.94,11.93,11.96,11.84,21.25M,-0.33%
12/26/2017,11.75,11.75,11.79,11.62,24.43M,-1.59%
12/27/2017,11.75,11.75,11.84,11.72,22.60M,0.00%
12/28/2017,11.78,11.85,11.87,11.75,23.37M,0.26%
12/29/2017,11.56,11.83,11.83,11.55,34.28M,-1.87%
01/02/2018,12.15,11.74,12.18,11.66,45.87M,5.10%
01/03/2018,12.51,12.2,12.55,12.2,42.61M,2.96%
01/04/2018,12.58,12.66,12.7,12.54,35.01M,0.56%
01/05/2018,12.96,12.76,12.99,12.69,41.19M,3.02%
01/08/2018,13.11,12.96,13.13,12.95,36.13M,1.16%
01/09/2018,13.12,13.19,13.23,13.0,52.09M,0.08%
01/10/2018,13.02,12.93,13.03,12.77,47.93M,-0.76%
01/11/2018,13.28,13.09,13.28,13.03,37.42M,2.00%
01/12/2018,13.57,13.24,13.62,13.2,44.78M,2.18%
01/16/2018,13.46,13.84,14.06,13.34,82.51M,-0.81%
01/17/2018,13.88,13.64,13.95,13.46,41.31M,3.12%
01/18/2018,13.9,13.82,13.99,13.73,47.20M,0.14%
01/19/2018,14.03,14.02,14.09,13.82,42.47M,0.94%
01/22/2018,14.47,14.0,14.47,13.96,51.93M,3.14%
01/23/2018,14.84,14.61,14.87,14.59,64.67M,2.56%
01/24/2018,14.54,14.92,15.02,14.29,104.54M,-2.02%
01/25/2018,14.52,14.84,14.85,14.38,66.65M,-0.14%
01/26/2018,15.17,14.75,15.17,14.67,53.22M,4.48%
01/29/2018,14.96,15.08,15.18,14.87,66.17M,-1.38%
01/30/2018,14.58,14.55,14.78,14.36,66.25M,-2.54%
01/31/2018,14.76,14.84,14.92,14.5,55.50M,1.23%
02/01/2018,14.39,14.44,14.85,14.24,63.98M,-2.51%
02/02/2018,13.51,14.23,14.32,13.49,95.09M,-6.12%
02/05/2018,11.95,13.15,13.8,11.88,115.31M,-11.55%
02/06/2018,12.88,11.4,12.92,11.25,119.69M,7.78%
02/07/2018,12.37,12.75,13.17,12.37,88.06M,-3.96%
02/08/2018,10.83,12.49,12.51,10.83,108.20M,-12.45%
02/09/2018,11.34,11.27,11.6,10.1,160.17M,4.71%
02/12/2018,11.98,11.73,12.2,11.44,87.53M,5.64%
02/13/2018,12.12,11.77,12.22,11.7,54.03M,1.17%
02/14/2018,12.83,11.94,12.88,11.93,84.06M,5.86%
02/15/2018,13.51,13.17,13.52,12.76,95.19M,5.30%
02/16/2018,13.35,13.41,13.79,13.28,85.28M,-1.18%
02/20/2018,13.42,13.2,13.77,13.19,72.94M,0.52%
02/21/2018,13.3,13.61,14.02,13.29,88.74M,-0.89%
02/22/2018,13.3,13.49,13.7,13.2,83.30M,0.00%
02/23/2018,14.1,13.6,14.1,13.46,71.38M,6.02%
02/26/2018,14.66,14.32,14.67,14.29,66.98M,3.97%
02/27/2018,14.14,14.69,14.77,14.12,86.65M,-3.55%
02/28/2018,13.85,14.37,14.51,13.84,76.51M,-2.05%
03/01/2018,13.19,13.88,14.07,12.81,125.96M,-4.77%
03/02/2018,13.55,12.72,13.61,12.56,96.70M,2.73%
03/05/2018,13.97,13.36,14.09,13.2,74.44M,3.10%
03/06/2018,14.15,14.18,14.31,13.9,71.03M,1.29%
03/07/2018,14.26,13.84,14.29,13.77,66.88M,0.78%
03/08/2018,14.47,14.41,14.52,14.26,57.58M,1.47%
03/09/2018,15.31,14.8,15.31,14.73,73.67M,5.81%
03/12/2018,15.54,15.46,15.68,15.36,66.34M,1.50%
03/13/2018,14.98,15.78,15.88,14.82,91.15M,-3.60%
03/14/2018,14.92,15.16,15.21,14.73,66.81M,-0.40%
03/15/2018,14.86,14.97,15.15,14.72,55.45M,-0.40%
03/16/2018,14.76,14.94,15.06,14.73,39.13M,-0.67%
03/19/2018,13.83,14.37,14.37,13.42,97.12M,-6.30%
03/20/2018,13.93,13.84,14.03,13.68,46.10M,0.72%
03/21/2018,13.73,13.83,14.22,13.56,66.25M,-1.44%
03/22/2018,12.73,13.2,13.47,12.68,102.94M,-7.28%
03/23/2018,11.7,12.68,12.85,11.7,108.80M,-8.09%
03/26/2018,13.02,12.42,13.07,11.86,91.75M,11.28%
03/27/2018,11.77,13.32,13.32,11.43,136.81M,-9.60%
03/28/2018,11.36,11.56,11.9,11.08,121.14M,-3.48%
03/29/2018,11.99,11.54,12.31,11.21,98.54M,5.55%
04/02/2018,10.93,11.71,11.87,10.56,122.48M,-8.84%
04/03/2018,11.29,11.23,11.43,10.7,110.90M,3.29%
04/04/2018,11.83,10.64,11.93,10.6,108.36M,4.78%
04/05/2018,12.01,12.18,12.23,11.76,91.68M,1.52%
04/06/2018,11.12,11.64,11.98,10.95,116.15M,-7.41%
04/09/2018,11.34,11.41,12.02,11.3,87.95M,1.98%
04/10/2018,12.09,11.87,12.21,11.64,97.80M,6.61%
04/11/2018,11.89,11.88,12.28,11.85,71.72M,-1.65%
04/12/2018,12.3,12.12,12.44,12.08,71.38M,3.45%
04/13/2018,12.12,12.5,12.55,11.97,71.24M,-1.46%
04/16/2018,12.39,12.37,12.53,12.15,59.15M,2.23%
04/17/2018,13.18,12.76,13.28,12.7,62.07M,6.38%
04/18/2018,13.27,13.2,13.41,13.01,59.04M,0.68%
04/19/2018,12.91,13.08,13.16,12.77,64.51M,-2.71%
04/20/2018,12.29,12.81,12.83,12.16,70.41M,-4.80%
04/23/2018,12.2,12.46,12.61,12.0,61.67M,-0.73%
04/24/2018,11.42,12.36,12.42,11.18,106.51M,-6.39%
04/25/2018,11.46,11.47,11.6,10.99,105.41M,0.35%
04/26/2018,12.17,11.9,12.29,11.78,71.00M,6.20%
04/27/2018,12.2,12.71,12.72,11.99,82.43M,0.25%
04/30/2018,11.94,12.28,12.51,11.84,80.56M,-2.13%
05/01/2018,12.33,11.84,12.35,11.76,58.49M,3.27%
05/02/2018,12.12,12.41,12.52,12.08,71.83M,-1.70%
05/03/2018,12.12,11.95,12.25,11.54,98.04M,0.00%
05/04/2018,12.8,11.96,12.89,11.93,92.97M,5.61%
05/07/2018,13.1,12.99,13.24,12.95,69.53M,2.34%
05/08/2018,13.06,13.03,13.16,12.79,63.36M,-0.31%
05/09/2018,13.5,13.15,13.53,13.01,57.50M,3.37%
05/10/2018,13.92,13.62,13.94,13.59,59.50M,3.11%
05/11/2018,13.87,13.85,13.97,13.69,59.85M,-0.36%
05/14/2018,13.94,13.96,14.21,13.88,54.59M,0.50%
05/15/2018,13.49,13.6,13.63,13.26,87.26M,-3.23%
05/16/2018,13.73,13.52,13.83,13.51,44.86M,1.78%
05/17/2018,13.58,13.59,13.89,13.38,51.61M,-1.09%
05/18/2018,13.36,13.42,13.56,13.31,42.73M,-1.62%
05/21/2018,13.59,13.67,13.85,13.42,58.45M,1.72%
05/22/2018,13.52,13.77,13.84,13.47,48.47M,-0.52%
05/23/2018,13.86,13.22,13.87,13.21,61.52M,2.51%
05/24/2018,13.85,13.86,13.93,13.44,35.56M,-0.07%
05/25/2018,13.89,13.86,14.04,13.77,31.54M,0.29%
05/29/2018,13.71,13.7,13.95,13.46,47.23M,-1.30%
05/30/2018,14.0,13.85,14.07,13.76,35.40M,2.12%
05/31/2018,13.97,13.98,14.24,13.86,40.53M,-0.21%
06/01/2018,14.62,14.16,14.64,14.16,38.59M,4.65%
06/04/2018,15.0,14.72,15.03,14.7,32.02M,2.60%
06/05/2018,15.15,15.12,15.23,14.95,27.95M,1.00%
06/06/2018,15.4,15.2,15.41,14.97,28.81M,1.65%
06/07/2018,15.04,15.42,15.43,14.81,39.23M,-2.34%
06/08/2018,15.04,14.81,15.1,14.71,24.66M,0.00%
06/11/2018,15.15,15.0,15.27,14.99,20.42M,0.73%
06/12/2018,15.39,15.21,15.43,15.17,23.92M,1.58%
06/13/2018,15.38,15.45,15.73,15.29,36.12M,-0.06%
06/14/2018,15.84,15.6,15.91,15.55,45.23M,2.99%
06/15/2018,15.69,15.66,15.77,15.45,38.84M,-0.95%
06/18/2018,15.65,15.38,15.69,15.23,34.36M,-0.25%
06/19/2018,15.51,15.05,15.52,14.9,53.82M,-0.89%
06/20/2018,15.84,15.71,16.03,15.68,39.82M,2.13%
06/21/2018,15.43,15.95,16.0,15.33,51.14M,-2.59%
06/22/2018,15.27,15.58,15.6,15.15,31.11M,-1.04%
06/25/2018,14.29,14.9,14.97,13.87,85.65M,-6.42%
06/26/2018,14.45,14.43,14.7,14.28,47.08M,1.12%
06/27/2018,13.87,14.63,14.83,13.83,65.92M,-4.01%
06/28/2018,14.21,13.8,14.35,13.72,55.65M,2.45%
06/29/2018,14.28,14.42,14.64,14.27,39.27M,0.49%
07/02/2018,14.6,13.91,14.62,13.82,41.65M,2.24%
07/03/2018,14.1,14.76,14.77,14.06,28.21M,-3.42%
07/05/2018,14.61,14.37,14.65,14.15,32.81M,3.62%
07/06/2018,15.27,14.7,15.32,14.63,37.51M,4.52%
07/09/2018,15.7,15.52,15.71,15.35,36.19M,2.82%
07/10/2018,15.73,15.76,15.84,15.57,33.39M,0.19%
07/11/2018,15.5,15.38,15.66,15.32,39.91M,-1.46%
07/12/2018,16.27,15.69,16.28,15.66,40.68M,4.97%
07/13/2018,16.32,16.27,16.41,16.15,33.95M,0.31%
07/16/2018,16.2,16.33,16.41,16.12,27.78M,-0.74%
07/17/2018,16.5,15.7,16.6,15.7,37.80M,1.85%
07/18/2018,16.4,16.5,16.55,16.25,23.27M,-0.61%
07/19/2018,16.16,16.24,16.39,16.09,38.44M,-1.46%
07/20/2018,16.14,16.29,16.46,16.08,28.80M,-0.12%
07/23/2018,16.27,15.99,16.31,15.8,31.51M,0.81%
07/24/2018,16.48,16.79,16.96,16.29,47.53M,1.29%
07/25/2018,17.17,16.5,17.2,16.49,39.30M,4.19%
07/26/2018,16.42,16.48,16.64,16.33,55.94M,-4.37%
07/27/2018,15.73,16.71,16.73,15.45,59.05M,-4.20%
07/30/2018,15.06,15.74,15.75,14.83,50.40M,-4.26%
07/31/2018,15.36,15.22,15.57,14.98,47.86M,1.99%
08/01/2018,15.57,15.5,15.71,15.31,34.65M,1.37%
08/02/2018,16.19,15.22,16.25,15.21,46.12M,3.98%
08/03/2018,16.33,16.27,16.35,16.07,36.07M,0.86%
08/06/2018,16.63,16.31,16.64,16.25,34.03M,1.84%
08/07/2018,16.8,16.76,16.9,16.66,35.99M,1.02%
08/08/2018,16.84,16.74,16.96,16.6,31.74M,0.24%
08/09/2018,16.82,16.82,17.02,16.76,27.27M,-0.12%
08/10/2018,16.43,16.49,16.64,16.25,42.81M,-2.32%
08/13/2018,16.39,16.52,16.84,16.36,46.34M,-0.24%
08/14/2018,16.69,16.57,16.75,16.31,30.36M,1.83%
08/15/2018,16.08,16.31,16.45,15.77,57.93M,-3.65%
08/16/2018,16.23,16.43,16.54,16.13,32.57M,0.93%
08/17/2018,16.23,16.1,16.36,15.8,35.13M,0.00%
08/20/2018,16.19,16.34,16.36,16.0,33.73M,-0.25%
08/21/2018,16.36,16.34,16.66,16.3,33.53M,1.05%
08/22/2018,16.55,16.25,16.61,16.2,31.66M,1.16%
08/23/2018,16.47,16.47,16.82,16.39,35.57M,-0.48%
08/24/2018,16.93,16.64,16.97,16.62,31.98M,2.79%
08/27/2018,17.43,17.2,17.44,17.11,36.43M,2.95%
08/28/2018,17.51,17.58,17.64,17.41,32.61M,0.46%
08/29/2018,18.12,17.6,18.15,17.59,32.87M,3.48%
08/30/2018,18.02,18.02,18.34,17.84,43.93M,-0.55%
08/31/2018,18.07,17.95,18.24,17.89,31.59M,0.28%
09/04/2018,17.86,17.92,18.01,17.56,40.10M,-1.16%
09/05/2018,17.15,17.75,17.76,16.98,53.86M,-3.98%
09/06/2018,16.68,17.18,17.23,16.34,57.75M,-2.74%
09/07/2018,16.52,16.34,16.92,16.3,38.50M,-0.96%
09/10/2018,16.66,16.77,16.8,16.38,27.72M,0.85%
09/11/2018,17.03,16.44,17.12,16.32,35.26M,2.22%
09/12/2018,16.89,16.96,17.0,16.45,44.13M,-0.82%
09/13/2018,17.39,17.18,17.5,17.17,37.34M,2.96%
09/14/2018,17.25,17.45,17.54,17.05,38.34M,-0.81%
09/17/2018,16.52,17.16,17.21,16.46,36.41M,-4.23%
09/18/2018,16.92,16.56,17.16,16.54,36.38M,2.42%
09/19/2018,16.88,16.93,17.05,16.55,29.48M,-0.24%
09/20/2018,17.41,17.2,17.5,17.09,31.34M,3.14%
09/21/2018,17.13,17.57,17.64,17.08,30.14M,-1.61%
09/24/2018,17.28,16.78,17.3,16.56,26.44M,0.88%
09/25/2018,17.35,17.25,17.38,17.08,21.63M,0.41%
09/26/2018,17.33,17.36,17.87,17.28,35.46M,-0.12%
09/27/2018,17.81,17.59,18.0,17.56,29.26M,2.77%
09/28/2018,17.79,17.66,17.94,17.57,30.93M,-0.11%
10/01/2018,17.89,18.12,18.29,17.77,34.12M,0.56%
10/02/2018,17.79,17.84,18.19,17.66,32.39M,-0.56%
10/03/2018,17.84,18.0,18.12,17.76,33.28M,0.28%
10/04/2018,16.82,17.62,17.64,16.43,75.44M,-5.72%
10/05/2018,16.19,16.8,16.96,15.71,66.46M,-3.75%
10/08/2018,15.9,15.96,16.31,15.31,59.68M,-1.79%
10/09/2018,16.02,15.92,16.4,15.8,52.14M,0.75%
10/10/2018,13.94,15.75,15.77,13.86,121.43M,-12.98%
10/11/2018,13.38,13.75,14.31,12.96,111.22M,-4.02%
10/12/2018,14.51,14.45,14.63,13.7,84.24M,8.45%
10/15/2018,13.96,14.37,14.43,13.81,79.87M,-3.79%
10/16/2018,15.16,14.41,15.29,14.34,62.23M,8.60%
10/17/2018,15.21,15.42,15.45,14.74,65.06M,0.33%
10/18/2018,14.16,15.02,15.03,13.95,78.17M,-6.90%
10/19/2018,14.1,14.45,14.85,13.95,67.42M,-0.42%
10/22/2018,14.31,14.35,14.64,13.99,57.46M,1.49%
10/23/2018,14.15,13.55,14.37,13.06,88.39M,-1.12%
10/24/2018,12.23,14.1,14.18,12.17,102.42M,-13.57%
10/25/2018,13.48,12.77,13.69,12.61,76.04M,10.22%
10/26/2018,12.44,12.1,13.21,11.87,122.38M,-7.72%
10/29/2018,11.77,12.99,13.15,10.96,108.98M,-5.39%
10/30/2018,12.23,11.56,12.26,11.39,92.43M,3.91%
10/31/2018,13.05,12.81,13.41,12.81,90.08M,6.70%
11/01/2018,13.62,13.17,13.65,12.86,63.03M,4.37%
11/02/2018,13.01,13.49,13.73,12.7,87.18M,-4.48%
11/05/2018,12.88,13.02,13.04,12.44,51.30M,-1.00%
11/06/2018,13.16,12.85,13.38,12.82,55.73M,2.17%
11/07/2018,14.37,13.63,14.39,13.54,69.28M,9.19%
11/08/2018,14.12,14.2,14.33,13.91,58.76M,-1.74%
11/09/2018,13.4,13.73,13.82,13.07,68.37M,-5.10%
11/12/2018,12.23,13.12,13.2,12.15,77.18M,-8.73%
11/13/2018,12.22,12.37,12.88,12.11,77.23M,-0.08%
11/14/2018,11.91,12.57,12.71,11.72,78.06M,-2.54%
11/15/2018,12.55,11.85,12.65,11.55,84.91M,5.37%
11/16/2018,12.41,12.19,12.6,12.03,67.16M,-1.12%
11/19/2018,11.22,12.23,12.29,11.1,93.25M,-9.59%
11/20/2018,10.6,10.43,11.06,10.18,101.50M,-5.53%
11/21/2018,10.84,11.01,11.15,10.78,57.56M,2.26%
11/23/2018,10.6,10.57,10.93,10.56,28.44M,-2.21%
11/26/2018,11.32,11.04,11.35,10.9,59.98M,6.79%
11/27/2018,11.44,11.15,11.53,10.97,60.08M,1.06%
11/28/2018,12.53,11.7,12.54,11.5,97.53M,9.53%
11/29/2018,12.41,12.38,12.67,12.12,64.52M,-0.96%
11/30/2018,12.67,12.46,12.71,12.28,58.28M,2.10%
12/03/2018,13.32,13.52,13.57,13.06,74.67M,5.13%
12/04/2018,11.86,13.14,13.25,11.77,105.05M,-10.96%
12/06/2018,12.03,11.1,12.05,10.96,98.08M,1.43%
12/07/2018,10.85,11.9,12.11,10.75,111.49M,-9.81%
12/10/2018,11.19,10.79,11.34,10.46,88.23M,3.13%
12/11/2018,11.31,11.73,11.75,11.02,86.08M,1.07%
12/12/2018,11.6,11.8,12.13,11.59,84.73M,2.56%
12/13/2018,11.6,11.82,11.97,11.38,82.36M,0.00%
12/14/2018,10.72,11.22,11.33,10.68,78.09M,-7.59%
12/17/2018,10.03,10.62,10.87,9.77,100.30M,-6.44%
12/18/2018,10.2,10.27,10.5,9.94,78.95M,1.69%
12/19/2018,9.46,10.18,10.65,9.22,153.93M,-7.25%
12/20/2018,9.08,9.37,9.7,8.68,160.41M,-4.02%
12/21/2018,8.21,9.16,9.35,8.05,184.52M,-9.58%
12/24/2018,7.6,8.0,8.32,7.58,87.80M,-7.43%
12/26/2018,8.96,7.83,8.98,7.66,189.12M,17.89%
12/27/2018,9.09,8.65,9.1,8.03,170.92M,1.45%
12/28/2018,9.05,9.25,9.53,8.84,152.42M,-0.44%
12/31/2018,9.26,9.34,9.42,9.01,108.48M,2.32%
01/02/2019,9.39,8.7,9.56,8.68,135.83M,1.40%
01/03/2019,8.48,8.99,9.1,8.41,165.26M,-9.69%
01/04/2019,9.57,8.89,9.69,8.79,136.48M,12.85%
01/07/2019,9.87,9.62,10.04,9.53,106.55M,3.13%
01/08/2019,10.16,10.17,10.28,9.72,105.81M,2.94%
01/09/2019,10.4,10.28,10.54,10.15,89.05M,2.36%
01/10/2019,10.5,10.16,10.51,9.99,87.57M,0.96%
01/11/2019,10.37,10.31,10.41,10.2,60.40M,-1.24%
01/14/2019,10.1,10.11,10.23,9.96,55.69M,-2.60%
01/15/2019,10.66,10.23,10.73,10.21,72.56M,5.54%
01/16/2019,10.68,10.74,10.96,10.67,67.95M,0.19%
01/17/2019,10.93,10.57,11.07,10.52,71.02M,2.34%
01/18/2019,11.23,11.18,11.4,10.96,83.45M,2.74%
01/22/2019,10.61,11.0,11.02,10.33,90.87M,-5.52%
01/23/2019,10.62,10.74,10.88,10.25,83.05M,0.09%
01/24/2019,10.8,10.71,10.86,10.59,64.05M,1.69%
01/25/2019,11.19,11.06,11.29,10.96,69.76M,3.61%
01/28/2019,10.78,10.75,10.78,10.5,70.18M,-3.66%
01/29/2019,10.47,10.8,10.8,10.36,61.27M,-2.88%
01/30/2019,11.26,10.82,11.38,10.72,87.91M,7.55%
01/31/2019,11.75,11.46,11.93,11.42,80.29M,4.35%
02/01/2019,11.6,11.59,11.86,11.52,70.78M,-1.28%
02/04/2019,12.03,11.62,12.04,11.59,55.49M,3.71%
02/05/2019,12.35,12.09,12.4,12.08,64.46M,2.66%
02/06/2019,12.25,12.37,12.43,12.08,72.71M,-0.81%
02/07/2019,11.75,11.92,12.01,11.47,104.90M,-4.08%
02/08/2019,11.81,11.43,11.81,11.4,72.36M,0.51%
02/11/2019,11.78,11.94,12.03,11.69,60.60M,-0.25%
02/12/2019,12.29,12.03,12.35,11.97,64.11M,4.33%
02/13/2019,12.31,12.46,12.57,12.28,63.80M,0.16%
02/14/2019,12.36,12.18,12.49,12.06,76.68M,0.41%
02/15/2019,12.51,12.63,12.63,12.34,71.25M,1.21%
02/19/2019,12.58,12.39,12.7,12.39,51.79M,0.56%
02/20/2019,12.57,12.61,12.76,12.37,85.53M,-0.08%
02/21/2019,12.43,12.47,12.57,12.23,64.25M,-1.11%
02/22/2019,12.7,12.52,12.73,12.49,59.82M,2.17%
02/25/2019,12.84,13.0,13.09,12.81,62.05M,1.10%
02/26/2019,12.88,12.74,13.0,12.68,52.68M,0.31%
02/27/2019,12.84,12.71,12.89,12.45,57.92M,-0.31%
02/28/2019,12.76,12.73,12.89,12.65,46.03M,-0.62%
03/01/2019,13.02,13.03,13.07,12.76,70.08M,2.04%
03/04/2019,13.02,13.24,13.33,12.59,106.54M,0.00%
03/05/2019,13.05,13.04,13.17,12.86,50.17M,0.23%
03/06/2019,12.82,13.08,13.1,12.77,61.73M,-1.76%
03/07/2019,12.36,12.72,12.73,12.21,84.65M,-3.59%
03/08/2019,12.29,11.94,12.3,11.89,87.47M,-0.57%
03/11/2019,13.05,12.43,13.08,12.43,64.23M,6.18%
03/12/2019,13.27,13.16,13.37,13.06,75.80M,1.69%
03/13/2019,13.55,13.47,13.77,13.41,72.56M,2.11%
03/14/2019,13.49,13.58,13.63,13.47,47.72M,-0.44%
03/15/2019,13.83,13.65,13.98,13.62,69.42M,2.52%
03/18/2019,13.96,13.84,14.09,13.76,74.50M,0.94%
03/19/2019,14.1,14.13,14.32,13.92,82.19M,1.00%
03/20/2019,14.25,14.09,14.51,13.9,91.76M,1.06%
03/21/2019,14.91,14.12,14.97,14.11,75.98M,4.63%
03/22/2019,13.94,14.72,14.84,13.89,133.80M,-6.51%
03/25/2019,13.85,13.77,13.99,13.54,105.18M,-0.65%
03/26/2019,14.04,14.17,14.42,13.83,87.94M,1.37%
03/27/2019,13.77,14.1,14.2,13.46,88.41M,-1.92%
03/28/2019,13.85,13.87,14.01,13.61,64.22M,0.58%
03/29/2019,14.16,14.16,14.2,13.92,63.49M,2.24%
04/01/2019,14.72,14.57,14.78,14.43,61.18M,3.95%
04/02/2019,14.88,14.77,14.93,14.66,53.36M,1.09%
04/03/2019,15.14,15.13,15.42,15.0,75.81M,1.75%
04/04/2019,15.12,15.14,15.32,14.86,71.81M,-0.13%
04/05/2019,15.35,15.27,15.38,15.2,52.33M,1.52%
04/08/2019,15.47,15.27,15.5,15.09,51.73M,0.78%
04/09/2019,15.3,15.31,15.46,15.2,52.06M,-1.10%
04/10/2019,15.54,15.37,15.55,15.31,49.62M,1.57%
04/11/2019,15.43,15.6,15.61,15.34,55.89M,-0.71%
04/12/2019,15.62,15.62,15.65,15.43,47.61M,1.23%
04/15/2019,15.63,15.62,15.68,15.31,41.68M,0.06%
04/16/2019,15.78,15.79,15.89,15.65,47.14M,0.96%
04/17/2019,15.94,16.09,16.14,15.8,57.21M,1.01%
04/18/2019,15.99,16.02,16.03,15.72,45.95M,0.31%
04/22/2019,16.12,15.79,16.15,15.75,37.88M,0.81%
04/23/2019,16.74,16.25,16.8,16.18,52.48M,3.85%
04/24/2019,16.57,16.77,16.84,16.57,47.54M,-1.02%
04/25/2019,16.76,16.94,16.96,16.51,59.85M,1.15%
04/26/2019,16.82,16.7,16.82,16.27,55.26M,0.36%
04/29/2019,16.91,16.82,16.99,16.73,41.90M,0.54%
04/30/2019,16.52,16.5,16.6,16.17,63.80M,-2.31%
05/01/2019,16.33,16.83,16.98,16.32,62.96M,-1.15%
05/02/2019,16.13,16.34,16.58,15.81,70.64M,-1.22%
05/03/2019,16.89,16.54,16.94,16.45,54.44M,4.71%
05/06/2019,16.59,15.83,16.66,15.74,80.86M,-1.78%
05/07/2019,15.62,16.05,16.25,15.16,118.76M,-5.85%
05/08/2019,15.49,15.47,15.85,15.3,80.62M,-0.83%
05/09/2019,15.24,14.99,15.4,14.57,110.21M,-1.61%
05/10/2019,15.29,15.06,15.51,14.31,113.93M,0.33%
05/13/2019,13.71,14.12,14.36,13.57,117.46M,-10.33%
05/14/2019,14.13,13.9,14.39,13.76,70.10M,3.06%
05/15/2019,14.72,13.87,14.85,13.85,88.08M,4.18%
05/16/2019,15.18,14.75,15.46,14.7,87.01M,3.13%
05/17/2019,14.71,14.72,15.34,14.67,91.26M,-3.10%
05/20/2019,13.97,14.1,14.26,13.81,92.18M,-5.03%
05/21/2019,14.39,14.32,14.51,14.18,57.24M,3.01%
05/22/2019,14.21,14.14,14.45,14.14,64.46M,-1.25%
05/23/2019,13.54,13.71,13.72,13.28,103.84M,-4.71%
05/24/2019,13.52,13.77,13.9,13.47,68.61M,-0.15%
05/28/2019,13.37,13.63,13.85,13.36,58.45M,-1.11%
05/29/2019,13.04,13.12,13.25,12.81,88.96M,-2.47%
05/30/2019,13.19,13.13,13.29,12.96,68.21M,1.15%
05/31/2019,12.55,12.72,12.85,12.54,70.30M,-4.85%
06/03/2019,11.75,12.46,12.55,11.53,120.91M,-6.37%
06/04/2019,12.71,12.1,12.72,11.98,81.93M,8.17%
06/05/2019,12.98,13.07,13.08,12.59,76.16M,2.12%
06/06/2019,13.29,13.05,13.39,12.88,50.15M,2.39%
06/07/2019,14.04,13.5,14.23,13.46,75.77M,5.64%
06/10/2019,14.55,14.34,14.96,14.34,91.64M,3.63%
06/11/2019,14.61,15.02,15.09,14.46,68.72M,0.41%
06/12/2019,14.36,14.48,14.57,14.28,55.09M,-1.71%
06/13/2019,14.6,14.53,14.71,14.45,49.28M,1.67%
06/14/2019,14.41,14.37,14.53,14.25,38.57M,-1.30%
06/17/2019,14.67,14.5,14.79,14.46,37.53M,1.80%
06/18/2019,15.3,15.19,15.62,15.08,70.91M,4.29%
06/19/2019,15.48,15.38,15.59,15.1,68.49M,1.18%
06/20/2019,15.91,16.12,16.13,15.56,59.68M,2.78%
06/21/2019,15.84,15.83,16.14,15.74,52.32M,-0.44%
06/24/2019,15.83,15.92,15.97,15.8,34.47M,-0.06%
06/25/2019,15.02,15.79,15.82,14.95,69.81M,-5.12%
06/26/2019,15.21,15.3,15.6,15.15,47.06M,1.26%
06/27/2019,15.38,15.38,15.5,15.26,37.64M,1.12%
06/28/2019,15.44,15.49,15.55,15.28,49.47M,0.39%
07/01/2019,16.06,16.32,16.39,15.85,72.60M,4.02%
07/02/2019,16.25,16.04,16.25,15.91,40.62M,1.18%
07/03/2019,16.61,16.36,16.61,16.32,33.56M,2.22%
07/05/2019,16.5,16.27,16.6,16.08,58.42M,-0.66%
07/08/2019,16.16,16.2,16.2,15.96,52.89M,-2.06%
07/09/2019,16.4,15.92,16.45,15.88,44.30M,1.49%
07/10/2019,16.89,16.7,17.02,16.6,77.05M,2.99%
07/11/2019,16.84,16.97,17.08,16.68,63.92M,-0.30%
07/12/2019,17.12,16.89,17.13,16.84,44.60M,1.66%
07/15/2019,17.27,17.24,17.3,17.1,36.70M,0.88%
07/16/2019,17.02,17.21,17.27,16.86,56.00M,-1.45%
07/17/2019,16.77,17.03,17.11,16.76,46.25M,-1.47%
07/18/2019,16.84,16.52,16.91,16.36,68.13M,0.42%
07/19/2019,16.43,17.18,17.18,16.39,70.39M,-2.43%
07/22/2019,16.82,16.56,16.93,16.55,47.75M,2.37%
07/23/2019,17.15,17.1,17.16,16.76,58.02M,1.96%
07/24/2019,17.51,16.96,17.51,16.95,54.62M,2.10%
07/25/2019,17.01,17.34,17.34,16.91,75.04M,-2.86%
07/26/2019,17.52,17.32,17.6,17.3,55.74M,3.00%
07/29/2019,17.36,17.49,17.49,17.02,56.64M,-0.91%
07/30/2019,17.12,16.95,17.32,16.91,55.75M,-1.38%
07/31/2019,16.4,17.26,17.29,15.93,98.17M,-4.21%
08/01/2019,16.17,16.49,17.4,15.91,149.19M,-1.40%
08/02/2019,15.43,15.8,15.86,15.15,123.46M,-4.58%
08/05/2019,13.81,14.48,14.48,13.42,151.24M,-10.50%
08/06/2019,14.38,14.18,14.49,13.88,106.77M,4.13%
08/07/2019,14.59,13.9,14.66,13.57,153.95M,1.46%
08/08/2019,15.55,14.81,15.56,14.67,109.53M,6.58%
08/09/2019,15.09,15.31,15.48,14.74,110.68M,-2.96%
08/12/2019,14.59,14.82,14.96,14.38,106.66M,-3.31%
08/13/2019,15.54,14.56,15.85,14.5,120.23M,6.51%
08/14/2019,14.15,14.79,14.94,14.07,152.47M,-8.94%
08/15/2019,14.09,14.22,14.33,13.77,105.42M,-0.42%
08/16/2019,14.74,14.45,14.87,14.45,82.45M,4.61%
08/19/2019,15.43,15.37,15.56,15.24,60.18M,4.68%
08/20/2019,15.12,15.35,15.51,15.1,62.84M,-2.01%
08/21/2019,15.5,15.51,15.65,15.34,50.98M,2.51%
08/22/2019,15.35,15.59,15.7,14.98,76.62M,-0.97%
08/23/2019,13.95,15.03,15.45,13.77,151.41M,-9.12%
08/26/2019,14.51,14.37,14.52,14.12,73.45M,4.01%
08/27/2019,14.42,14.81,14.89,14.25,77.56M,-0.62%
08/28/2019,14.57,14.28,14.64,14.06,64.03M,1.04%
08/29/2019,15.23,15.11,15.36,14.94,71.04M,4.53%
08/30/2019,15.12,15.48,15.48,14.87,68.13M,-0.72%
09/03/2019,14.68,14.82,15.04,14.53,64.61M,-2.91%
09/04/2019,15.3,15.1,15.34,14.98,50.43M,4.22%
09/05/2019,16.14,15.8,16.28,15.78,63.55M,5.49%
09/06/2019,16.1,16.21,16.24,15.99,57.52M,-0.25%
09/09/2019,16.0,16.24,16.27,15.74,56.16M,-0.62%
09/10/2019,15.87,15.73,15.87,15.42,68.38M,-0.81%
09/11/2019,16.29,15.94,16.32,15.83,55.70M,2.65%
09/12/2019,16.5,16.59,16.87,16.42,69.97M,1.29%
09/13/2019,16.32,16.43,16.54,16.25,53.81M,-1.09%
09/16/2019,16.09,16.0,16.19,15.95,48.56M,-1.41%
09/17/2019,16.31,16.09,16.32,15.99,45.67M,1.37%
09/18/2019,16.3,16.21,16.32,15.69,71.37M,-0.06%
09/19/2019,16.37,16.38,16.67,16.27,66.65M,0.43%
09/20/2019,15.86,16.44,16.49,15.69,62.19M,-3.12%
09/23/2019,15.87,15.82,16.01,15.68,45.90M,0.06%
09/24/2019,15.24,16.09,16.18,15.04,102.88M,-3.97%
09/25/2019,15.73,15.19,15.86,14.81,76.86M,3.22%
09/26/2019,15.57,15.68,15.71,15.21,68.61M,-1.02%
09/27/2019,15.01,15.64,15.66,14.67,94.33M,-3.60%
09/30/2019,15.41,15.15,15.48,15.07,59.43M,2.66%
10/01/2019,15.04,15.58,15.84,14.96,79.86M,-2.40%
10/02/2019,14.27,14.73,14.73,14.01,136.02M,-5.12%
10/03/2019,14.73,14.26,14.74,13.73,120.72M,3.22%
10/04/2019,15.36,14.93,15.42,14.9,85.43M,4.28%
10/07/2019,15.21,15.21,15.58,15.13,81.59M,-0.98%
10/08/2019,14.52,14.91,15.12,14.5,118.39M,-4.54%
10/09/2019,14.96,14.9,15.15,14.77,78.47M,3.03%
10/10/2019,15.29,14.96,15.47,14.92,90.08M,2.21%
10/11/2019,15.86,15.8,16.25,15.79,111.72M,3.73%
10/14/2019,15.88,15.81,16.03,15.77,46.41M,0.13%
10/15/2019,16.48,16.02,16.59,15.99,70.90M,3.78%
10/16/2019,16.36,16.31,16.48,16.2,59.32M,-0.73%
10/17/2019,16.47,16.64,16.71,16.29,61.11M,0.67%
10/18/2019,16.0,16.41,16.51,15.75,77.29M,-2.85%
10/21/2019,16.42,16.26,16.45,16.11,47.34M,2.63%
10/22/2019,16.04,16.59,16.68,16.02,63.32M,-2.31%
10/23/2019,16.11,15.93,16.13,15.85,49.35M,0.44%
10/24/2019,16.58,16.47,16.61,16.24,62.31M,2.92%
10/25/2019,16.95,16.32,17.0,16.31,64.59M,2.23%
10/28/2019,17.47,17.21,17.54,17.21,55.80M,3.07%
10/29/2019,17.07,17.39,17.46,17.06,53.51M,-2.29%
10/30/2019,17.31,17.16,17.39,16.87,59.49M,1.41%
10/31/2019,17.32,17.44,17.48,17.03,61.65M,0.06%
11/01/2019,17.79,17.55,17.8,17.47,57.53M,2.71%
11/04/2019,18.11,18.15,18.24,18.03,49.96M,1.80%
11/05/2019,18.13,18.19,18.25,17.97,51.61M,0.11%
11/06/2019,18.02,18.09,18.1,17.76,57.66M,-0.61%
11/07/2019,18.2,18.3,18.55,18.04,62.86M,1.00%
11/08/2019,18.41,18.09,18.42,17.96,40.82M,1.15%
11/11/2019,18.34,18.14,18.36,18.06,38.14M,-0.38%
11/12/2019,18.49,18.38,18.68,18.3,64.35M,0.82%
11/13/2019,18.46,18.31,18.56,18.27,56.37M,-0.16%
11/14/2019,18.45,18.3,18.49,18.13,54.00M,-0.05%
11/15/2019,18.8,18.78,18.84,18.61,45.32M,1.90%
11/18/2019,18.9,18.78,19.0,18.55,48.50M,0.53%
11/19/2019,18.98,19.12,19.12,18.77,56.21M,0.42%
11/20/2019,18.64,18.84,19.01,18.2,75.61M,-1.79%
11/21/2019,18.5,18.58,18.61,18.34,45.33M,-0.75%
11/22/2019,18.55,18.64,18.68,18.24,41.83M,0.27%
11/25/2019,19.19,18.78,19.2,18.77,40.42M,3.45%
11/26/2019,19.31,19.23,19.38,19.15,42.03M,0.63%
11/27/2019,19.7,19.45,19.7,19.38,41.28M,2.02%
11/29/2019,19.43,19.55,19.64,19.4,26.90M,-1.37%
12/02/2019,18.81,19.43,19.45,18.51,76.34M,-3.19%
12/03/2019,18.39,18.07,18.41,17.78,78.57M,-2.23%
12/04/2019,18.66,18.67,18.79,18.58,44.11M,1.47%
12/05/2019,18.76,18.86,18.86,18.49,44.85M,0.54%
12/06/2019,19.34,19.17,19.41,19.14,46.51M,3.09%
12/09/2019,19.1,19.27,19.53,19.08,39.12M,-1.24%
12/10/2019,19.06,19.11,19.32,18.92,56.19M,-0.21%
12/11/2019,19.34,19.17,19.41,19.09,45.68M,1.47%
12/12/2019,19.79,19.28,20.0,19.2,92.02M,2.33%
12/13/2019,19.96,19.74,20.18,19.61,80.53M,0.86%
12/16/2019,20.54,20.36,20.64,20.34,49.95M,2.91%
12/17/2019,20.57,20.64,20.7,20.5,42.34M,0.15%
12/18/2019,20.61,20.66,20.82,20.58,35.86M,0.21%
12/19/2019,21.03,20.67,21.05,20.67,41.78M,2.04%
12/20/2019,21.28,21.31,21.38,21.15,49.84M,1.19%
12/23/2019,21.44,21.5,21.55,21.39,36.28M,0.74%
12/24/2019,21.46,21.49,21.52,21.31,19.95M,0.09%
12/26/2019,22.02,21.56,22.03,21.56,32.39M,2.60%
12/27/2019,21.95,22.25,22.26,21.79,49.94M,-0.30%
12/30/2019,21.51,21.93,21.97,21.2,56.57M,-1.99%
12/31/2019,21.64,21.33,21.69,21.22,42.21M,0.57%
01/02/2020,22.71,22.18,22.71,22.06,65.72M,4.96%
01/03/2020,22.09,21.82,22.5,21.81,72.66M,-2.72%
01/06/2020,22.51,21.57,22.52,21.49,64.39M,1.90%
01/07/2020,22.49,22.53,22.69,22.29,57.53M,-0.12%
01/08/2020,23.0,22.49,23.32,22.38,80.13M,2.30%
01/09/2020,23.58,23.56,23.72,23.18,73.19M,2.52%
01/10/2020,23.39,23.85,23.87,23.28,68.88M,-0.82%
01/13/2020,24.21,23.68,24.22,23.58,58.64M,3.50%
01/14/2020,23.92,24.15,24.29,23.81,73.36M,-1.17%
01/15/2020,23.94,23.94,24.28,23.7,66.50M,0.06%
01/16/2020,24.61,24.28,24.62,24.13,60.55M,2.79%
01/17/2020,24.98,24.93,25.03,24.57,72.20M,1.49%
01/21/2020,24.96,24.76,25.13,24.74,69.44M,-0.05%
01/22/2020,25.13,25.31,25.57,25.05,68.07M,0.68%
01/23/2020,25.36,25.08,25.4,24.74,71.79M,0.93%
01/24/2020,24.71,25.73,25.8,24.38,119.69M,-2.59%
01/27/2020,23.18,23.06,23.59,22.55,99.31M,-6.18%
01/28/2020,24.26,23.66,24.42,23.5,85.93M,4.65%
01/29/2020,24.34,24.66,24.74,24.05,69.29M,0.36%
01/30/2020,24.62,23.9,24.65,23.66,100.13M,1.13%
01/31/2020,23.41,24.92,24.94,23.19,110.19M,-4.91%
02/03/2020,24.49,23.78,24.67,23.73,87.09M,4.59%
02/04/2020,26.16,25.5,26.31,25.25,70.13M,6.83%
02/05/2020,26.46,27.14,27.15,25.97,87.31M,1.16%
02/06/2020,27.1,26.63,27.14,26.35,56.57M,2.44%
02/07/2020,26.75,26.75,27.2,26.53,77.03M,-1.29%
02/10/2020,27.72,26.5,27.73,26.48,61.63M,3.61%
02/11/2020,27.74,28.17,28.47,27.52,96.89M,0.07%
02/12/2020,28.55,28.22,28.59,28.02,60.80M,2.93%
02/13/2020,28.44,27.95,28.77,27.84,77.64M,-0.39%
02/14/2020,28.64,28.56,28.75,28.27,56.99M,0.68%
02/18/2020,28.68,28.23,28.86,28.15,65.57M,0.17%
02/19/2020,29.51,29.2,29.7,29.1,52.81M,2.89%
02/20/2020,28.67,29.33,29.5,27.6,113.83M,-2.85%
02/21/2020,27.03,28.26,28.4,26.68,103.71M,-5.72%
02/24/2020,23.92,24.07,24.9,23.41,134.84M,-11.52%
02/25/2020,21.99,24.48,24.73,21.74,150.40M,-8.09%
02/26/2020,22.29,22.32,23.43,21.79,170.27M,1.38%
02/27/2020,18.95,20.58,21.6,18.9,212.56M,-14.95%
02/28/2020,19.25,17.1,19.36,16.88,247.67M,1.56%
03/02/2020,21.88,19.82,21.93,18.99,181.76M,13.65%
03/03/2020,19.82,22.09,22.88,19.22,274.06M,-9.42%
03/04/2020,22.22,20.89,22.29,20.33,157.91M,12.14%
03/05/2020,20.27,20.56,21.69,19.77,193.49M,-8.77%
03/06/2020,19.21,18.18,19.52,17.75,196.76M,-5.24%
03/09/2020,15.31,15.38,17.29,15.25,203.48M,-20.31%
03/10/2020,17.69,17.0,17.73,15.25,228.13M,15.56%
03/11/2020,15.41,16.44,16.81,14.75,217.42M,-12.86%
03/12/2020,11.19,12.38,14.38,11.1,309.11M,-27.41%
03/13/2020,14.21,13.06,14.33,11.27,278.14M,26.99%
03/16/2020,9.31,10.11,12.15,9.25,329.14M,-34.47%
03/17/2020,10.83,9.85,11.28,8.94,381.01M,16.30%
03/18/2020,9.83,9.07,10.38,8.18,424.50M,-9.26%
03/19/2020,10.06,9.71,11.02,9.0,402.40M,2.31%
03/20/2020,8.88,10.75,10.95,8.77,391.13M,-11.71%
03/23/2020,8.9,8.98,9.5,8.07,410.04M,0.31%
03/24/2020,10.89,10.31,10.94,10.03,414.91M,22.29%
03/25/2020,10.64,11.05,11.96,10.27,417.44M,-2.32%
03/26/2020,12.37,10.96,12.5,10.92,324.62M,16.29%
03/27/2020,11.09,11.41,12.08,10.95,278.57M,-10.39%
03/30/2020,12.25,11.4,12.35,11.25,208.31M,10.51%
03/31/2020,11.91,12.15,12.88,11.71,365.95M,-2.78%
04/01/2020,10.43,10.9,11.43,10.15,267.80M,-12.41%
04/02/2020,11.05,10.3,11.08,10.19,233.76M,5.92%
04/03/2020,10.6,10.97,11.25,10.22,277.24M,-4.03%
04/06/2020,12.82,11.78,13.05,11.59,259.31M,20.93%
04/07/2020,12.8,13.98,14.07,12.75,329.00M,-0.19%
04/08/2020,13.62,13.17,13.75,12.82,259.09M,6.39%
04/09/2020,13.67,13.98,14.18,13.32,276.65M,0.37%
04/13/2020,14.14,13.5,14.22,13.27,213.48M,3.48%
04/14/2020,15.98,15.01,16.1,14.85,245.02M,12.98%
04/15/2020,15.45,15.23,15.85,14.92,215.84M,-3.32%
04/16/2020,16.27,15.95,16.52,15.49,281.46M,5.36%
04/17/2020,16.68,16.92,17.02,16.01,231.78M,2.50%
04/20/2020,16.14,16.3,16.88,16.11,193.50M,-3.24%
04/21/2020,14.36,15.66,15.78,14.08,259.74M,-11.06%
04/22/2020,15.63,15.26,15.91,15.08,137.95M,8.85%
04/23/2020,15.52,15.81,16.4,15.43,212.43M,-0.66%
04/24/2020,16.27,15.64,16.35,15.3,159.18M,4.83%
04/27/2020,16.59,16.8,16.9,16.41,152.37M,1.95%
04/28/2020,15.69,17.06,17.06,15.65,193.12M,-5.41%
04/29/2020,17.33,16.76,17.59,16.52,173.05M,10.40%
04/30/2020,17.44,17.6,17.62,16.99,190.27M,0.66%
05/01/2020,15.88,16.33,16.83,15.63,173.12M,-8.97%
05/04/2020,16.44,15.63,16.48,15.52,100.38M,3.53%
05/05/2020,16.96,16.93,17.56,16.8,144.36M,3.19%
05/06/2020,17.3,17.39,17.78,17.1,155.94M,1.97%
05/07/2020,17.97,17.96,18.19,17.64,144.74M,3.90%
05/08/2020,18.7,18.39,18.74,18.13,131.42M,4.03%
05/11/2020,19.16,18.37,19.48,18.31,134.69M,2.49%
05/12/2020,18.02,19.37,19.53,18.01,169.68M,-5.95%
05/13/2020,17.34,18.15,18.61,16.69,245.56M,-3.79%
05/14/2020,17.92,17.01,17.92,16.53,201.50M,3.32%
05/15/2020,18.22,17.18,18.27,17.07,178.90M,1.72%
05/18/2020,19.28,19.0,19.55,18.81,148.82M,5.79%
05/19/2020,19.13,19.34,19.89,19.1,130.72M,-0.77%
05/20/2020,20.25,19.8,20.38,19.8,142.71M,5.85%
05/21/2020,19.63,20.31,20.48,19.48,161.35M,-3.07%
05/22/2020,19.81,19.52,19.87,19.26,104.83M,0.90%
05/26/2020,19.72,20.76,20.83,19.59,122.60M,-0.42%
05/27/2020,20.0,19.53,20.01,18.34,173.64M,1.41%
05/28/2020,19.87,19.65,20.8,19.64,152.61M,-0.64%
05/29/2020,20.69,20.01,20.83,19.58,179.47M,4.13%
06/01/2020,20.95,20.51,21.06,20.41,105.58M,1.23%
06/02/2020,21.36,21.06,21.39,20.41,125.36M,1.99%
06/03/2020,21.66,21.54,21.87,21.3,107.52M,1.36%
06/04/2020,21.22,21.56,21.97,20.84,133.20M,-2.03%
06/05/2020,22.47,21.48,22.63,21.38,140.70M,5.93%
06/08/2020,22.97,22.4,23.02,21.98,109.27M,2.22%
06/09/2020,23.49,22.72,23.75,22.68,106.59M,2.23%
06/10/2020,24.33,23.99,24.81,23.84,151.46M,3.61%
06/11/2020,20.75,23.15,23.55,20.7,191.67M,-14.72%
06/12/2020,21.2,22.07,22.41,20.11,205.94M,2.17%
06/15/2020,21.95,20.27,22.17,20.01,199.09M,3.53%
06/16/2020,23.11,23.35,23.53,22.08,191.61M,5.29%
06/17/2020,23.33,23.54,23.86,23.1,129.43M,0.97%
06/18/2020,23.51,23.24,23.59,23.01,106.39M,0.77%
06/19/2020,23.48,24.24,24.31,22.99,144.98M,-0.14%
06/22/2020,24.32,23.48,24.39,23.38,110.07M,3.56%
06/23/2020,24.95,24.84,25.66,24.67,117.45M,2.61%
06/24/2020,23.48,24.73,25.12,22.96,196.41M,-5.89%
06/25/2020,24.1,23.48,24.18,22.68,150.85M,2.65%
06/26/2020,22.37,24.0,24.08,22.23,187.97M,-7.19%
06/29/2020,23.08,22.3,23.11,21.57,129.81M,3.20%
06/30/2020,24.41,23.08,24.62,23.03,125.69M,5.75%
07/01/2020,25.28,24.47,25.62,24.31,126.07M,3.57%
07/02/2020,25.82,26.07,26.47,25.68,114.08M,2.13%
07/06/2020,27.72,26.83,27.89,26.82,105.99M,7.35%
07/07/2020,27.17,27.64,28.54,27.06,123.05M,-1.97%
07/08/2020,28.22,27.61,28.24,27.12,119.97M,3.85%
07/09/2020,28.92,28.85,29.17,27.47,158.80M,2.50%
07/10/2020,29.54,28.85,29.61,27.97,121.40M,2.12%
07/13/2020,27.71,30.51,31.49,27.42,187.29M,-6.18%
07/14/2020,28.3,26.9,28.43,25.85,229.88M,2.12%
07/15/2020,28.44,28.72,29.06,27.35,183.77M,0.49%
07/16/2020,27.83,27.51,28.09,26.75,149.99M,-2.14%
07/17/2020,27.96,28.04,28.26,27.25,115.50M,0.47%
07/20/2020,30.34,28.2,30.56,27.77,125.81M,8.51%
07/21/2020,29.37,30.9,30.92,29.1,147.84M,-3.20%
07/22/2020,29.71,29.54,30.03,28.91,113.90M,1.16%
07/23/2020,27.38,29.58,29.81,26.89,168.32M,-7.83%
07/24/2020,26.57,26.13,27.04,25.25,178.61M,-2.96%
07/27/2020,28.0,27.15,28.14,26.87,133.81M,5.37%
07/28/2020,26.95,27.77,27.93,26.84,119.35M,-3.76%
07/29/2020,27.86,27.42,28.15,27.29,97.14M,3.40%
07/30/2020,28.32,27.23,28.49,26.84,151.10M,1.62%
07/31/2020,29.84,29.83,29.88,28.22,180.00M,5.39%
08/03/2020,30.96,30.56,31.28,30.51,108.93M,3.73%
08/04/2020,31.36,30.83,31.41,30.58,105.50M,1.30%
08/05/2020,31.61,31.54,31.77,31.23,81.48M,0.80%
08/06/2020,32.82,31.53,32.98,31.31,96.03M,3.83%
08/07/2020,31.75,32.65,32.96,30.92,148.35M,-3.27%
08/10/2020,31.32,31.82,31.9,30.04,127.16M,-1.35%
08/11/2020,29.54,30.89,31.36,29.35,155.14M,-5.68%
08/12/2020,31.75,30.27,32.09,30.27,110.92M,7.48%
08/13/2020,31.98,32.02,32.79,31.63,117.14M,0.70%
08/14/2020,31.88,32.17,32.3,31.35,99.87M,-0.29%
08/17/2020,32.94,32.47,33.09,32.42,63.33M,3.30%
08/18/2020,33.9,33.36,34.1,32.82,74.66M,2.94%
08/19/2020,33.24,33.9,34.3,33.07,102.92M,-1.95%
08/20/2020,34.61,32.94,34.8,32.79,76.39M,4.11%
08/21/2020,35.33,34.67,35.5,34.45,82.14M,2.09%
08/24/2020,35.99,36.55,36.89,35.11,125.69M,1.85%
08/25/2020,36.83,35.71,36.86,35.52,86.28M,2.33%
08/26/2020,39.18,37.32,39.26,37.27,109.83M,6.40%
08/27/2020,38.83,39.65,39.97,37.9,151.30M,-0.91%
08/28/2020,39.43,39.32,39.68,38.79,99.07M,1.55%
08/31/2020,40.34,39.63,41.13,39.46,90.20M,2.31%
09/01/2020,42.44,41.48,42.49,40.74,96.92M,5.19%
09/02/2020,43.63,43.87,43.92,41.17,144.68M,2.82%
09/03/2020,36.93,41.68,41.85,35.71,221.51M,-15.36%
09/04/2020,35.41,36.35,37.58,30.97,280.74M,-4.12%
09/08/2020,30.41,31.24,33.49,30.26,213.41M,-14.13%
09/09/2020,33.02,32.26,33.8,31.42,145.18M,8.59%
09/10/2020,31.11,34.13,34.6,30.43,232.97M,-5.78%
09/11/2020,30.43,31.75,32.05,29.2,192.90M,-2.19%
09/14/2020,32.0,31.75,32.7,31.27,134.52M,5.15%
09/15/2020,33.35,33.33,33.86,32.74,150.44M,4.25%
09/16/2020,31.75,33.63,33.83,31.65,153.59M,-4.80%
09/17/2020,30.29,29.3,30.99,29.01,223.42M,-4.61%
09/18/2020,29.12,30.72,30.86,27.69,231.52M,-3.86%
09/21/2020,29.47,27.81,29.49,27.02,187.66M,1.18%
09/22/2020,31.08,30.3,31.28,29.11,157.53M,5.46%
09/23/2020,28.2,30.96,31.04,27.93,202.75M,-9.26%
09/24/2020,28.61,27.42,29.68,27.29,187.52M,1.46%
09/25/2020,30.61,28.77,30.89,28.26,162.24M,7.01%
09/28/2020,32.43,32.32,32.5,31.39,136.67M,5.93%
09/29/2020,32.09,32.37,32.71,31.88,111.39M,-1.05%
09/30/2020,32.72,32.15,33.88,32.06,169.38M,1.98%
10/01/2020,34.26,34.14,34.52,33.44,139.34M,4.68%
10/02/2020,31.43,32.03,33.41,31.08,199.78M,-8.25%
10/05/2020,33.42,32.12,33.53,32.06,105.40M,6.31%
10/06/2020,31.62,33.1,33.78,31.29,172.82M,-5.37%
10/07/2020,33.28,32.54,33.53,32.35,112.54M,5.26%
10/08/2020,33.77,34.11,34.15,33.38,98.95M,1.47%
10/09/2020,35.28,34.38,35.35,34.24,97.64M,4.45%
10/12/2020,38.56,37.1,39.68,36.72,147.06M,9.33%
10/13/2020,38.57,39.3,39.58,38.04,141.93M,0.01%
10/14/2020,37.62,38.92,39.3,36.91,148.98M,-2.47%
10/15/2020,36.84,35.76,37.1,35.49,124.54M,-2.07%
10/16/2020,36.28,37.52,38.07,36.13,114.05M,-1.53%
10/19/2020,34.47,37.01,37.38,34.09,138.78M,-4.97%
10/20/2020,34.69,34.74,35.85,34.15,137.36M,0.65%
10/21/2020,34.6,34.77,35.75,34.43,121.29M,-0.26%
10/22/2020,34.62,34.92,35.25,33.37,119.58M,0.05%
10/23/2020,34.83,34.85,34.86,33.72,95.54M,0.58%
10/26/2020,33.24,33.94,34.99,31.87,158.56M,-4.56%
10/27/2020,34.02,33.57,34.3,33.13,111.93M,2.36%
10/28/2020,30.03,32.35,32.56,29.95,184.72M,-11.73%
10/29/2020,31.56,30.49,32.62,30.31,138.19M,5.09%
10/30/2020,29.36,30.89,31.18,28.39,231.17M,-6.96%
11/02/2020,29.37,29.95,30.52,28.4,151.14M,0.03%
11/03/2020,30.85,30.0,31.6,29.65,134.97M,5.03%
11/04/2020,35.02,33.9,35.66,33.33,169.19M,13.52%
11/05/2020,37.72,37.42,38.14,36.9,150.13M,7.72%
11/06/2020,37.85,37.47,38.14,36.01,135.15M,0.34%
11/09/2020,35.54,38.92,39.6,35.37,165.87M,-6.10%
11/10/2020,33.62,34.28,34.81,32.59,168.67M,-5.40%
11/11/2020,35.88,34.52,36.05,34.37,126.83M,6.72%
11/12/2020,35.36,36.21,36.73,34.93,143.86M,-1.46%
11/13/2020,36.28,35.94,36.52,35.17,104.90M,2.62%
11/16/2020,37.12,36.19,37.25,35.94,106.88M,2.30%
11/17/2020,36.78,37.2,37.34,36.53,91.35M,-0.92%
11/18/2020,35.92,36.56,37.19,35.92,77.17M,-2.32%
11/19/2020,36.81,35.73,36.92,35.49,79.67M,2.48%
11/20/2020,36.07,36.76,37.07,36.03,65.00M,-2.03%
11/23/2020,36.08,36.46,36.94,35.19,89.53M,0.02%
11/24/2020,37.55,36.46,37.76,35.77,78.01M,4.09%
11/25/2020,38.26,37.93,38.5,37.61,64.34M,1.88%
11/27/2020,39.3,39.01,39.77,38.88,46.46M,2.73%
11/30/2020,39.51,39.43,39.7,37.65,92.31M,0.52%
12/01/2020,41.06,40.45,41.74,40.03,85.40M,3.93%
12/02/2020,41.22,40.55,41.36,39.79,73.07M,0.40%
12/03/2020,41.39,41.32,42.05,41.09,78.73M,0.41%
12/04/2020,41.9,41.4,41.96,41.13,63.54M,1.23%
12/07/2020,42.61,41.97,42.76,41.9,62.01M,1.69%
12/08/2020,43.0,42.41,43.17,41.65,66.96M,0.92%
12/09/2020,40.12,42.96,43.06,39.65,122.44M,-6.70%
12/10/2020,40.61,39.26,41.07,38.81,86.67M,1.23%
12/11/2020,40.33,39.91,40.38,38.97,84.91M,-0.70%
12/14/2020,41.19,40.81,42.01,40.79,73.34M,2.13%
12/15/2020,42.47,42.15,42.5,41.23,78.99M,3.11%
12/16/2020,43.18,42.69,43.56,42.24,68.80M,1.68%
12/17/2020,44.06,43.91,44.17,43.4,69.64M,2.05%
12/18/2020,43.58,44.39,44.48,42.63,84.38M,-1.09%
12/21/2020,43.42,42.39,43.65,41.17,101.80M,-0.37%
12/22/2020,43.76,43.83,44.18,42.54,81.00M,0.79%
12/23/2020,43.1,43.76,43.94,43.04,59.72M,-1.51%
12/24/2020,43.66,43.23,43.86,43.18,38.53M,1.30%
12/28/2020,44.97,44.79,45.19,44.01,58.53M,3.00%
12/29/2020,45.1,45.59,45.85,44.7,60.57M,0.29%
12/30/2020,45.1,45.61,45.75,44.82,52.40M,-0.02%
12/31/2020,45.45,45.07,45.62,44.58,53.35M,0.78%
01/04/2021,43.46,46.02,46.1,41.71,98.74M,-4.37%
01/05/2021,44.55,43.07,44.64,43.07,59.36M,2.51%
01/06/2021,42.71,42.47,44.58,42.06,105.37M,-4.14%
01/07/2021,45.79,43.84,46.16,43.84,61.85M,7.22%
01/08/2021,47.57,46.83,47.72,45.85,76.41M,3.88%
01/11/2021,45.47,46.2,46.74,45.2,70.65M,-4.42%
01/12/2021,45.27,45.53,46.0,44.1,73.02M,-0.43%
01/13/2021,46.15,45.39,46.55,45.13,54.38M,1.94%
01/14/2021,45.45,46.38,46.83,45.24,59.12M,-1.52%
01/15/2021,44.34,45.35,45.78,43.77,70.85M,-2.43%
01/19/2021,46.26,45.36,46.52,44.9,60.48M,4.34%
01/20/2021,49.49,47.93,49.94,47.76,60.87M,6.97%
01/21/2021,50.72,50.13,51.07,49.5,46.34M,2.49%
01/22/2021,50.26,50.21,50.76,49.94,40.94M,-0.91%
01/25/2021,51.65,51.88,52.53,48.4,76.59M,2.78%
01/26/2021,51.71,51.86,52.29,51.09,45.48M,0.11%
01/27/2021,47.54,50.63,50.65,46.5,94.45M,-8.06%
01/28/2021,48.24,47.94,50.5,47.67,45.01M,1.47%
01/29/2021,45.24,47.45,47.96,44.38,92.14M,-6.23%
02/01/2021,48.56,46.78,49.01,45.87,52.83M,7.35%
02/02/2021,50.91,49.94,51.48,49.88,46.37M,4.84%
02/03/2021,50.33,51.97,52.12,50.33,47.59M,-1.15%
02/04/2021,52.1,51.02,52.15,50.38,36.40M,3.54%
02/05/2021,52.65,52.6,53.15,51.78,43.31M,1.05%
02/08/2021,53.68,53.48,53.78,52.67,38.50M,1.96%
02/09/2021,53.65,53.24,54.28,53.24,32.88M,-0.05%
02/10/2021,53.28,54.39,54.6,51.73,61.77M,-0.71%
02/11/2021,54.13,54.08,54.37,52.98,49.43M,1.61%
02/12/2021,55.06,53.79,55.15,53.22,38.74M,1.70%
02/16/2021,54.6,55.48,55.93,54.04,44.33M,-0.84%
02/17/2021,53.83,53.12,53.97,52.01,53.32M,-1.39%
02/18/2021,53.11,52.03,53.48,51.14,55.10M,-1.35%
02/19/2021,52.41,53.82,53.84,51.93,46.69M,-1.32%
02/22/2021,48.35,50.27,50.9,48.25,66.37M,-7.75%
02/23/2021,47.92,45.89,48.68,43.21,99.64M,-0.89%
02/24/2021,49.08,46.62,49.24,45.45,61.52M,2.41%
02/25/2021,43.95,47.81,49.03,43.22,118.90M,-10.44%
02/26/2021,44.61,45.19,46.58,43.13,104.66M,1.50%
03/01/2021,48.5,46.68,48.65,46.1,66.85M,8.72%
03/02/2021,46.17,48.77,48.84,46.05,75.85M,-4.79%
03/03/2021,42.17,45.69,46.1,42.12,115.77M,-8.67%
03/04/2021,40.08,41.99,43.32,38.44,216.02M,-4.94%
03/05/2021,41.88,41.15,42.24,37.51,168.33M,4.48%
03/08/2021,38.3,41.64,42.42,38.13,117.87M,-8.55%
03/09/2021,42.81,41.23,43.58,40.97,86.72M,11.78%
03/10/2021,42.44,44.63,44.75,42.15,101.69M,-0.85%
03/11/2021,45.39,44.51,46.13,44.07,79.47M,6.94%
03/12/2021,44.26,43.58,44.33,42.53,83.30M,-2.49%
03/15/2021,45.67,44.4,45.76,43.69,63.67M,3.20%
03/16/2021,46.42,46.67,47.99,45.8,84.39M,1.64%
03/17/2021,47.01,45.06,47.87,44.31,98.19M,1.26%
03/18/2021,42.69,44.81,45.25,42.47,114.76M,-9.18%
03/19/2021,43.24,42.63,43.78,41.7,96.64M,1.28%
03/22/2021,45.54,44.15,46.44,44.15,70.55M,5.33%
03/23/2021,44.95,46.03,46.61,44.58,93.89M,-1.31%
03/24/2021,42.68,45.54,45.56,42.63,95.24M,-5.05%
03/25/2021,42.45,41.91,43.09,40.83,119.94M,-0.54%
03/26/2021,44.33,42.36,44.49,41.76,107.53M,4.42%
03/29/2021,44.3,44.12,44.77,42.86,95.30M,-0.06%
03/30/2021,43.67,43.47,43.9,42.48,74.18M,-1.42%
03/31/2021,45.63,44.4,46.3,44.26,80.98M,4.49%
04/01/2021,47.95,47.32,48.01,47.21,72.54M,5.08%
04/05/2021,50.83,49.1,51.19,48.99,65.27M,6.01%
04/06/2021,50.71,50.68,51.64,50.35,60.30M,-0.24%
04/07/2021,51.08,50.51,51.49,50.05,49.49M,0.74%
04/08/2021,52.68,52.46,52.77,52.05,56.81M,3.12%
04/09/2021,53.63,52.01,53.73,51.66,64.72M,1.81%
04/12/2021,53.42,53.15,53.62,52.49,54.82M,-0.39%
04/13/2021,55.26,54.19,55.5,54.06,57.51M,3.43%
04/14/2021,53.31,55.4,55.47,52.88,80.61M,-3.51%
04/15/2021,55.67,54.69,55.88,54.62,60.40M,4.42%
04/16/2021,55.9,55.96,55.99,54.95,58.74M,0.42%
04/19/2021,54.38,55.08,55.69,53.38,79.58M,-2.73%
04/20/2021,53.19,54.03,54.66,52.19,79.14M,-2.19%
04/21/2021,54.53,52.5,54.62,52.01,55.53M,2.53%
04/22/2021,52.55,54.33,54.81,51.97,87.42M,-3.64%
04/23/2021,54.53,52.86,55.16,52.86,53.94M,3.77%
04/26/2021,55.61,54.65,55.74,54.28,49.99M,1.98%
04/27/2021,54.88,55.74,55.83,54.38,59.66M,-1.31%
04/28/2021,54.31,54.69,55.2,53.99,59.48M,-1.03%
04/29/2021,54.86,55.93,56.12,53.29,74.06M,1.00%
04/30/2021,53.83,53.65,54.9,53.35,59.22M,-1.88%
05/03/2021,52.95,54.38,54.74,52.72,67.11M,-1.63%
05/04/2021,50.16,51.72,51.85,48.22,105.62M,-5.27%
05/05/2021,49.58,51.02,51.42,49.2,68.22M,-1.17%
05/06/2021,50.66,49.44,50.74,48.4,84.83M,2.19%
05/07/2021,51.9,51.99,53.04,51.39,79.35M,2.45%
05/10/2021,48.0,51.24,51.33,47.88,92.11M,-7.51%
05/11/2021,47.76,45.29,48.12,45.0,114.40M,-0.50%
05/12/2021,44.13,45.51,46.58,43.66,118.08M,-7.61%
05/13/2021,45.06,45.3,46.34,44.04,104.30M,2.11%
05/14/2021,47.99,46.44,48.44,46.21,72.13M,6.50%
05/17/2021,47.17,47.26,47.58,45.87,69.27M,-1.69%
05/18/2021,46.19,47.6,48.14,46.1,65.84M,-2.10%
05/19/2021,46.35,43.83,46.49,43.67,95.95M,0.37%
05/20/2021,49.03,47.03,49.43,46.92,69.61M,5.78%
05/21/2021,48.22,49.77,49.97,48.06,64.07M,-1.65%
05/24/2021,50.64,49.28,51.17,49.11,46.09M,5.01%
05/25/2021,50.88,51.37,51.72,50.31,53.36M,0.48%
05/26/2021,51.4,51.18,51.62,50.86,39.02M,1.01%
05/27/2021,50.8,51.19,51.58,50.72,41.61M,-1.17%
05/28/2021,51.29,51.39,52.05,51.15,40.93M,0.97%
06/01/2021,50.79,51.92,52.15,50.14,51.93M,-0.97%
06/02/2021,51.06,50.97,51.49,50.26,41.59M,0.52%
06/03/2021,49.46,49.74,50.33,48.69,60.52M,-3.14%
06/04/2021,51.99,50.31,52.19,50.26,45.59M,5.13%
06/07/2021,52.45,51.72,52.48,51.41,31.10M,0.88%
06/08/2021,52.51,53.29,53.71,51.71,46.47M,0.11%
06/09/2021,52.57,53.18,53.56,52.47,38.90M,0.11%
06/10/2021,54.18,52.72,54.25,52.5,58.60M,3.06%
06/11/2021,54.61,54.21,54.62,53.88,34.17M,0.79%
06/14/2021,56.14,54.82,56.19,54.25,45.41M,2.80%
06/15/2021,55.1,56.01,56.17,54.73,45.05M,-1.85%
06/16/2021,54.51,55.31,55.84,52.76,78.89M,-1.07%
06/17/2021,56.54,53.98,57.04,53.97,72.16M,3.73%
06/18/2021,55.19,55.71,56.29,54.84,71.45M,-2.39%
06/21/2021,56.21,55.31,56.4,54.19,53.85M,1.83%
06/22/2021,57.78,56.15,58.03,55.99,51.79M,2.79%
06/23/2021,57.88,57.78,58.48,57.46,47.00M,0.17%
06/24/2021,58.94,58.87,59.74,58.6,46.84M,1.84%
06/25/2021,58.76,59.24,59.38,58.42,43.50M,-0.31%
06/28/2021,60.83,59.38,60.94,59.37,44.39M,3.54%
06/29/2021,61.52,60.78,61.54,60.33,37.28M,1.13%
06/30/2021,61.25,61.44,61.65,60.92,40.27M,-0.44%
07/01/2021,61.28,61.04,61.57,60.33,41.92M,0.05%
07/02/2021,63.36,62.32,63.58,62.19,46.75M,3.39%
07/06/2021,64.21,63.72,64.38,62.25,54.80M,1.34%
07/07/2021,64.62,65.45,65.61,63.55,57.64M,0.64%
07/08/2021,63.5,61.84,63.93,61.12,76.26M,-1.73%
07/09/2021,64.57,63.14,64.9,62.81,46.44M,1.69%
07/12/2021,65.39,65.4,65.64,64.53,43.56M,1.25%
07/13/2021,65.35,65.19,67.03,64.9,59.73M,-0.05%
07/14/2021,65.71,66.68,67.04,65.28,68.02M,0.54%
07/15/2021,64.35,65.71,65.79,63.23,68.60M,-2.07%
07/16/2021,62.76,64.83,65.36,62.58,63.70M,-2.46%
07/19/2021,61.26,60.9,61.5,59.83,101.14M,-2.40%
07/20/2021,63.28,61.72,64.15,60.78,60.77M,3.30%
07/21/2021,64.72,63.15,64.79,63.0,40.88M,2.28%
07/22/2021,66.08,64.93,66.1,64.92,47.48M,2.10%
07/23/2021,68.28,66.85,68.56,66.15,51.95M,3.32%
07/26/2021,68.57,68.01,68.79,67.52,42.99M,0.42%
07/27/2021,66.32,68.42,68.42,63.92,89.39M,-3.27%
07/28/2021,67.05,66.93,67.93,65.64,71.97M,1.09%
07/29/2021,67.38,66.74,68.06,66.73,44.32M,0.49%
07/30/2021,66.37,65.18,66.68,65.14,56.56M,-1.50%
08/02/2021,66.35,67.27,67.6,66.01,54.56M,-0.03%
08/03/2021,67.5,66.72,67.6,64.93,63.42M,1.74%
08/04/2021,67.84,67.54,68.38,66.9,48.43M,0.50%
08/05/2021,69.11,68.28,69.24,67.9,38.67M,1.88%
08/06/2021,68.21,68.39,68.96,67.58,43.15M,-1.30%
08/09/2021,68.58,68.46,68.89,67.84,34.21M,0.54%
08/10/2021,67.56,68.89,69.06,66.86,53.08M,-1.49%
08/11/2021,67.19,68.25,68.53,66.42,46.59M,-0.54%
08/12/2021,67.89,66.9,68.1,66.12,39.81M,1.04%
08/13/2021,68.57,68.09,68.81,67.82,36.65M,1.00%
08/16/2021,68.69,67.97,68.71,65.75,61.32M,0.18%
08/17/2021,66.89,67.11,67.68,65.49,83.20M,-2.63%
08/18/2021,64.94,66.55,67.36,64.75,65.04M,-2.91%
08/19/2021,65.86,63.87,66.8,63.72,81.62M,1.42%
08/20/2021,67.9,66.47,68.14,66.29,62.54M,3.09%
08/23/2021,70.93,68.51,71.35,68.5,48.27M,4.46%
08/24/2021,71.63,71.31,71.97,71.04,36.34M,0.99%
08/25/2021,71.71,71.75,72.2,71.32,38.06M,0.11%
08/26/2021,70.49,71.33,71.75,70.22,53.50M,-1.69%
08/27/2021,72.55,70.85,72.8,70.57,46.16M,2.92%
08/30/2021,74.96,73.0,75.26,72.97,45.64M,3.31%
08/31/2021,74.75,75.11,75.15,73.85,45.90M,-0.28%
09/01/2021,75.15,75.42,76.41,75.04,47.78M,0.55%
09/02/2021,75.05,75.97,76.17,74.3,47.65M,-0.14%
09/03/2021,75.72,74.35,75.97,74.33,46.65M,0.90%
09/07/2021,76.04,75.78,76.44,75.08,45.19M,0.41%
09/08/2021,75.25,75.9,75.93,73.86,63.42M,-1.03%
09/09/2021,74.45,75.36,76.05,74.29,55.29M,-1.07%
09/10/2021,72.78,75.5,75.93,72.56,69.22M,-2.25%
09/13/2021,72.61,74.14,74.39,71.38,77.78M,-0.23%
09/14/2021,71.99,73.47,73.93,71.41,59.63M,-0.86%
09/15/2021,73.58,72.25,73.78,70.88,55.89M,2.22%
09/16/2021,73.72,72.78,74.06,71.62,52.62M,0.20%
09/17/2021,71.12,73.45,73.46,70.48,77.33M,-3.53%
09/20/2021,66.75,67.71,68.73,64.0,121.91M,-6.15%
09/21/2021,66.83,67.69,68.38,66.29,71.70M,0.13%
09/22/2021,68.79,67.43,69.61,66.81,87.67M,2.93%
09/23/2021,70.69,69.46,71.29,69.08,69.37M,2.78%
09/24/2021,70.89,69.36,71.13,69.15,54.78M,0.28%
09/27/2021,69.18,69.11,69.7,67.7,78.36M,-2.41%
09/28/2021,63.42,66.57,66.94,63.03,148.82M,-8.34%
09/29/2021,62.99,63.98,65.14,62.65,97.53M,-0.66%
09/30/2021,62.28,63.89,64.77,62.04,117.31M,-1.13%
10/01/2021,63.42,62.63,64.0,60.42,104.35M,1.82%
10/04/2021,59.52,62.55,62.74,58.24,128.62M,-6.15%
10/05/2021,61.81,59.99,63.0,59.86,81.31M,3.85%
10/06/2021,63.03,60.13,63.16,59.63,117.50M,1.97%
10/07/2021,64.74,64.66,66.17,64.36,75.41M,2.71%
10/08/2021,63.74,65.33,65.46,63.49,78.57M,-1.54%
10/11/2021,62.33,62.93,64.85,62.27,68.11M,-2.22%
10/12/2021,61.69,63.08,63.31,61.31,87.20M,-1.02%
10/13/2021,63.13,62.89,63.47,61.8,70.46M,2.34%
10/14/2021,66.62,65.06,66.72,64.7,60.88M,5.52%
10/15/2021,67.86,67.3,67.93,66.71,51.43M,1.85%
10/18/2021,69.89,67.13,70.01,66.79,50.44M,3.00%
10/19/2021,71.43,70.52,71.51,70.14,53.23M,2.20%
10/20/2021,71.2,71.75,72.11,70.34,59.36M,-0.32%
10/21/2021,72.47,70.72,72.61,70.57,46.05M,1.79%
10/22/2021,70.64,71.74,72.33,69.68,70.12M,-2.53%
10/25/2021,72.76,71.49,73.36,70.36,59.48M,3.00%
10/26/2021,73.44,74.16,75.6,72.82,83.99M,0.93%
10/27/2021,74.02,73.78,75.86,73.63,72.53M,0.79%
10/28/2021,76.45,75.15,76.63,74.7,65.37M,3.28%
10/29/2021,77.58,74.6,77.7,74.39,67.26M,1.48%
11/01/2021,78.35,77.9,78.46,76.59,65.02M,0.99%
11/02/2021,79.39,78.01,79.68,77.98,60.09M,1.33%
11/03/2021,81.91,79.67,82.16,79.04,72.61M,3.17%
11/04/2021,84.96,82.71,85.67,82.36,80.44M,3.73%
11/05/2021,85.28,86.23,86.83,84.36,85.25M,0.37%
11/08/2021,84.93,85.25,85.95,84.53,56.46M,-0.41%
11/09/2021,83.18,85.63,85.9,82.29,88.12M,-2.06%
11/10/2021,79.54,81.36,83.2,78.25,96.98M,-4.38%
11/11/2021,80.18,81.38,81.5,79.95,57.72M,0.81%
11/12/2021,82.72,80.9,83.04,79.88,63.82M,3.17%
11/15/2021,82.7,83.46,83.65,81.04,69.73M,-0.03%
11/16/2021,84.41,82.14,84.7,82.03,51.59M,2.07%
11/17/2021,84.51,84.61,85.84,83.89,57.97M,0.12%
11/18/2021,87.1,85.84,87.45,84.39,86.84M,3.06%
11/19/2021,88.57,88.21,89.44,87.66,64.61M,1.69%
11/22/2021,85.5,89.64,91.68,85.43,89.52M,-3.47%
11/23/2021,84.33,84.72,86.08,81.39,113.01M,-1.36%
11/24/2021,85.11,82.65,85.28,81.17,99.12M,0.92%
11/26/2021,80.42,83.39,84.32,79.36,88.84M,-5.52%
11/29/2021,85.42,83.1,86.08,82.67,79.47M,6.21%
11/30/2021,81.75,84.84,86.39,80.36,151.29M,-4.30%
12/01/2021,77.55,84.43,85.81,77.24,152.06M,-5.13%
12/02/2021,79.01,76.71,80.26,75.82,198.22M,1.88%
12/03/2021,75.04,80.0,80.64,72.46,240.29M,-5.02%
12/06/2021,76.79,75.29,77.64,72.76,152.41M,2.34%
12/07/2021,83.72,80.89,84.14,80.87,135.29M,9.02%
12/08/2021,84.89,83.94,85.0,82.74,102.62M,1.39%
12/09/2021,81.22,84.07,85.25,81.0,106.40M,-4.32%
12/10/2021,83.74,82.89,83.92,80.89,101.54M,3.10%
12/13/2021,80.14,83.74,83.94,79.89,89.57M,-4.30%
12/14/2021,77.75,77.06,78.78,74.92,115.47M,-2.98%
12/15/2021,82.89,77.48,83.13,75.01,134.53M,6.62%
12/16/2021,76.57,83.5,83.81,75.47,148.11M,-7.63%
12/17/2021,75.4,74.42,77.89,73.5,150.14M,-1.53%
12/20/2021,73.14,72.51,73.63,71.25,120.93M,-2.99%
12/21/2021,78.04,75.08,78.22,72.86,109.56M,6.69%
12/22/2021,80.82,77.79,81.0,77.41,88.61M,3.57%
12/23/2021,82.74,81.08,83.64,80.99,65.65M,2.38%
12/27/2021,86.69,83.54,86.76,83.5,62.98M,4.78%
12/28/2021,85.68,87.38,87.49,85.01,72.41M,-1.18%
12/29/2021,85.54,85.65,86.5,83.98,57.75M,-0.16%
12/30/2021,84.74,85.39,86.83,84.39,56.64M,-0.94%
12/31/2021,83.17,84.32,85.2,82.86,60.25M,-1.86%
01/03/2022,85.57,83.92,85.72,82.56,76.51M,2.89%
01/04/2022,82.24,85.92,85.94,80.19,106.65M,-3.89%
01/05/2022,74.68,81.19,81.86,74.5,133.25M,-9.20%
01/06/2022,74.47,73.51,76.4,72.21,154.23M,-0.27%
01/07/2022,72.04,74.45,75.47,71.0,142.71M,-3.27%
01/10/2022,72.3,69.18,72.47,66.05,179.22M,0.37%
01/11/2022,75.48,71.71,75.51,70.52,154.33M,4.40%
01/12/2022,76.34,76.99,77.96,74.94,138.37M,1.14%
01/13/2022,70.8,77.13,77.55,70.02,86.77M,-7.26%
01/14/2022,71.87,69.09,72.07,69.0,89.23M,1.51%
01/18/2022,66.69,68.49,69.72,66.06,78.17M,-7.21%
01/19/2022,64.37,67.36,68.71,64.16,91.64M,-3.48%
01/20/2022,61.88,66.02,68.18,61.5,86.10M,-3.87%
01/21/2022,56.67,60.62,62.03,56.5,171.03M,-8.42%
01/24/2022,57.49,53.85,57.75,48.17,255.90M,1.45%
01/25/2022,53.25,54.15,56.31,51.75,173.75M,-7.38%
01/26/2022,53.15,56.99,58.85,51.37,207.84M,-0.19%
01/27/2022,51.56,55.4,56.24,51.04,161.76M,-2.99%
01/28/2022,56.37,52.4,56.46,50.1,167.02M,9.33%
01/31/2022,61.83,57.04,62.06,56.22,113.75M,9.69%
02/01/2022,63.01,62.42,63.35,59.73,101.85M,1.91%
02/02/2022,64.5,65.22,65.37,62.35,100.82M,2.36%
02/03/2022,56.74,59.32,61.07,56.12,105.58M,-12.03%
02/04/2022,58.7,56.87,60.41,55.89,96.53M,3.45%
02/07/2022,57.37,59.07,60.27,56.72,76.96M,-2.27%
02/08/2022,59.32,56.8,59.83,56.23,79.30M,3.40%
02/09/2022,63.0,61.56,63.08,60.76,75.54M,6.20%
02/10/2022,58.82,59.31,62.91,57.8,127.14M,-6.63%
02/11/2022,53.28,58.78,59.55,52.56,134.26M,-9.42%
02/14/2022,53.43,52.9,54.97,51.7,95.06M,0.28%
02/15/2022,57.3,55.83,57.44,55.35,82.09M,7.24%
02/16/2022,57.29,56.27,57.8,54.7,93.09M,-0.02%
02/17/2022,52.21,55.64,56.05,51.97,78.84M,-8.87%
02/18/2022,50.44,52.59,52.79,49.31,113.08M,-3.39%
02/22/2022,48.88,49.04,51.5,47.21,131.44M,-3.09%
02/23/2022,45.14,50.24,50.63,44.97,130.46M,-7.65%
02/24/2022,49.56,40.76,49.85,40.61,194.87M,9.79%
02/25/2022,51.91,49.99,52.01,48.25,119.19M,4.74%
02/28/2022,52.46,50.46,53.19,49.92,121.70M,1.06%
03/01/2022,50.04,51.92,52.97,48.85,124.07M,-4.61%
03/02/2022,52.43,50.67,53.05,49.42,109.75M,4.78%
03/03/2022,50.24,53.75,53.78,49.37,111.94M,-4.18%
03/04/2022,48.09,49.17,49.8,47.0,115.91M,-4.28%
03/07/2022,42.72,48.04,48.54,42.63,124.88M,-11.17%
03/08/2022,42.13,42.39,46.0,40.77,177.97M,-1.38%
03/09/2022,46.64,45.4,47.2,44.35,109.54M,10.70%
03/10/2022,45.14,44.9,45.62,43.19,112.79M,-3.22%
03/11/2022,42.34,46.34,46.47,42.09,98.91M,-6.20%
03/14/2022,39.86,41.81,43.13,39.56,123.13M,-5.86%
03/15/2022,43.55,40.87,43.89,40.24,105.70M,9.26%
03/16/2022,48.44,45.16,48.48,43.69,163.09M,11.23%
03/17/2022,50.06,47.59,50.19,47.04,96.03M,3.34%
03/18/2022,53.17,49.46,53.41,48.93,100.79M,6.21%
03/21/2022,52.79,52.86,53.92,50.77,110.55M,-0.71%
03/22/2022,55.91,53.07,56.34,52.87,93.35M,5.91%
03/23/2022,53.55,54.56,56.27,53.5,102.75M,-4.22%
03/24/2022,57.02,54.43,57.09,53.41,85.58M,6.48%
03/25/2022,56.93,57.04,57.56,54.85,99.40M,-0.16%
03/28/2022,59.52,56.92,59.61,56.33,91.70M,4.55%
03/29/2022,62.57,61.52,62.96,60.14,102.01M,5.12%
03/30/2022,60.69,61.68,62.54,59.8,83.91M,-3.00%
03/31/2022,58.18,60.64,60.83,57.9,84.05M,-4.14%
04/01/2022,57.93,58.43,58.81,56.4,88.08M,-0.43%
04/04/2022,61.55,58.38,61.55,58.23,68.76M,6.25%
04/05/2022,57.48,60.82,61.16,56.86,86.05M,-6.61%
04/06/2022,53.7,54.82,55.37,52.4,148.43M,-6.58%
04/07/2022,54.05,53.23,55.09,51.58,114.83M,0.65%
04/08/2022,51.84,53.22,53.59,51.5,102.09M,-4.09%
04/11/2022,48.16,49.83,50.27,47.95,92.96M,-7.10%
04/12/2022,47.54,50.16,50.97,46.89,123.96M,-1.29%
04/13/2022,50.39,47.66,50.83,47.33,95.04M,5.99%
04/14/2022,47.0,50.42,50.65,46.83,83.92M,-6.73%
04/18/2022,47.13,46.47,48.01,45.82,87.76M,0.28%
04/19/2022,50.16,46.73,50.42,46.31,86.19M,6.43%
04/20/2022,47.9,50.57,50.74,47.44,107.82M,-4.51%
04/21/2022,45.09,49.64,50.77,44.59,134.31M,-5.87%
04/22/2022,41.51,45.05,45.57,41.28,124.41M,-7.94%
04/25/2022,43.05,40.81,43.16,40.31,166.44M,3.71%
04/26/2022,38.21,42.22,42.29,38.1,166.13M,-11.24%
04/27/2022,38.04,38.17,40.22,37.37,158.35M,-0.44%
04/28/2022,42.06,39.83,42.73,38.28,172.35M,10.57%
04/29/2022,36.53,40.39,41.77,36.2,160.06M,-13.15%
05/02/2022,38.25,36.25,38.28,35.13,155.95M,4.71%
05/03/2022,38.34,38.19,39.17,37.3,142.78M,0.24%
05/04/2022,42.14,38.49,42.45,36.53,219.40M,9.91%
05/05/2022,35.86,40.5,40.51,34.52,227.78M,-14.90%
05/06/2022,34.61,35.09,36.53,33.1,233.40M,-3.49%
05/09/2022,30.52,32.56,33.42,30.01,210.21M,-11.82%
05/10/2022,31.57,32.72,33.08,30.28,231.79M,3.44%
05/11/2022,28.76,30.85,32.6,28.47,264.77M,-8.90%
05/12/2022,28.53,27.43,29.89,26.69,295.50M,-0.80%
05/13/2022,31.63,29.85,32.0,29.38,197.97M,10.87%
05/16/2022,30.65,31.13,31.78,30.18,159.19M,-3.10%
05/17/2022,32.96,32.43,33.08,31.24,153.99M,7.54%
05/18/2022,28.15,31.46,31.69,27.69,164.05M,-14.59%
05/19/2022,27.58,27.54,29.02,27.04,196.01M,-2.02%
05/20/2022,27.34,28.65,28.84,24.93,229.06M,-0.87%
05/23/2022,28.69,27.65,28.83,26.96,170.52M,4.94%
05/24/2022,26.9,27.15,27.36,25.42,183.24M,-6.24%
05/25/2022,27.98,26.44,28.6,26.39,180.64M,4.01%
05/26/2022,30.32,27.76,30.78,27.68,168.57M,8.36%
05/27/2022,33.29,31.3,33.34,31.27,157.52M,9.80%
05/31/2022,33.05,33.3,34.0,31.73,184.58M,-0.72%
06/01/2022,32.28,33.71,34.43,31.55,199.45M,-2.33%
06/02/2022,34.9,31.92,34.98,31.45,168.43M,8.12%
06/03/2022,32.14,33.14,33.63,31.76,162.36M,-7.91%
06/06/2022,32.54,33.62,34.13,32.0,150.48M,1.24%
06/07/2022,33.33,31.42,33.6,31.05,137.44M,2.43%
06/08/2022,32.65,33.08,33.94,32.33,112.85M,-2.04%
06/09/2022,29.99,32.07,33.06,29.93,137.98M,-8.15%
06/10/2022,26.79,28.25,28.62,26.67,171.68M,-10.67%
06/13/2022,23.08,24.27,24.98,22.82,213.37M,-13.85%
06/14/2022,23.23,23.64,23.87,22.52,196.60M,0.65%
06/15/2022,24.9,24.06,25.92,23.34,274.91M,7.19%
06/16/2022,21.86,22.99,23.12,21.32,212.14M,-12.21%
06/17/2022,22.67,22.07,23.28,21.65,220.59M,3.71%
06/21/2022,24.38,23.82,24.98,23.78,159.20M,7.54%
06/22/2022,24.29,23.71,25.45,23.55,194.49M,-0.37%
06/23/2022,25.33,24.94,25.57,24.17,182.69M,4.28%
06/24/2022,27.98,26.11,28.04,26.05,151.82M,10.46%
06/27/2022,27.32,28.35,28.5,27.0,169.13M,-2.36%
06/28/2022,24.83,27.46,28.21,24.76,188.12M,-9.11%
06/29/2022,24.88,24.78,25.29,24.1,190.09M,0.20%
06/30/2022,24.0,24.06,24.89,22.75,256.20M,-3.54%
07/01/2022,24.39,23.6,24.5,23.1,208.60M,1.62%
07/05/2022,25.65,23.41,25.68,23.0,220.55M,5.17%
07/06/2022,26.14,25.77,26.72,25.28,206.12M,1.91%
07/07/2022,27.76,26.38,28.0,26.37,137.87M,6.20%
07/08/2022,27.89,26.99,28.31,26.71,159.73M,0.47%
07/11/2022,26.11,27.2,27.27,25.86,129.22M,-6.38%
07/12/2022,25.35,26.44,26.98,24.91,159.62M,-2.91%
07/13/2022,25.19,23.84,25.83,23.69,180.58M,-0.63%
07/14/2022,25.45,24.47,25.68,23.62,175.82M,1.03%
07/15/2022,26.79,26.27,26.85,25.81,154.38M,5.27%
07/18/2022,26.17,27.61,28.0,25.82,159.95M,-2.31%
07/19/2022,28.46,27.15,28.62,26.69,149.32M,8.75%
07/20/2022,29.89,28.66,30.25,28.44,188.56M,5.02%
07/21/2022,31.16,30.01,31.17,29.22,159.69M,4.25%
07/22/2022,29.53,30.88,31.53,28.95,149.40M,-5.23%
07/25/2022,29.09,29.53,29.67,28.41,110.45M,-1.49%
07/26/2022,27.33,28.49,28.57,27.05,115.88M,-6.05%
07/27/2022,30.74,28.6,31.25,28.43,170.96M,12.48%
07/28/2022,31.62,30.67,31.82,29.52,162.04M,2.86%
07/29/2022,33.36,32.13,33.65,31.67,146.07M,5.50%
08/01/2022,33.31,32.78,34.42,32.44,142.64M,-0.15%
08/02/2022,33.0,32.54,34.35,32.21,162.69M,-0.93%
08/03/2022,35.64,33.55,35.95,33.31,147.11M,8.00%
08/04/2022,36.15,35.69,36.26,34.96,126.78M,1.43%
08/05/2022,35.29,34.43,35.98,34.15,141.95M,-2.38%
08/08/2022,34.93,35.6,36.83,34.44,134.38M,-1.02%
08/09/2022,33.73,34.28,34.37,33.19,109.20M,-3.44%
08/10/2022,36.5,36.13,36.64,35.31,135.78M,8.21%
08/11/2022,35.95,37.33,38.02,35.67,136.68M,-1.51%
08/12/2022,37.98,36.6,38.05,36.24,105.59M,5.65%
08/15/2022,38.89,37.65,39.08,37.64,98.15M,2.40%
08/16/2022,38.64,38.56,39.38,37.53,110.38M,-0.64%
08/17/2022,37.3,37.51,38.33,36.55,131.42M,-3.47%
08/18/2022,37.55,37.26,37.96,36.69,96.07M,0.67%
08/19/2022,35.35,36.48,36.7,35.06,112.13M,-5.86%
08/22/2022,32.57,33.89,33.97,32.26,112.49M,-7.86%
08/23/2022,32.46,32.43,33.35,32.2,109.76M,-0.34%
08/24/2022,32.71,32.3,33.3,32.1,93.50M,0.77%
08/25/2022,34.43,33.28,34.44,32.94,111.03M,5.26%
08/26/2022,30.24,34.35,34.74,30.2,183.14M,-12.17%
08/29/2022,29.31,29.35,30.12,28.96,124.22M,-3.08%
08/30/2022,28.33,29.79,29.95,27.56,163.51M,-3.34%
08/31/2022,27.81,29.16,29.4,27.77,170.52M,-1.84%
09/01/2022,27.84,27.08,27.93,26.02,198.66M,0.11%
09/02/2022,26.68,28.64,29.04,26.17,227.23M,-4.17%
09/06/2022,26.07,26.76,27.02,25.46,180.54M,-2.29%
09/07/2022,27.61,26.18,27.9,26.11,165.78M,5.91%
09/08/2022,28.06,27.03,28.42,26.64,205.40M,1.63%
09/09/2022,29.84,28.68,30.02,28.66,149.37M,6.34%
09/12/2022,30.93,30.3,31.03,30.19,136.57M,3.65%
09/13/2022,25.84,28.24,28.61,25.56,195.65M,-16.46%
09/14/2022,26.42,26.13,26.67,25.64,154.65M,2.24%
09/15/2022,25.09,25.88,26.55,24.65,196.86M,-5.03%
09/16/2022,24.6,24.21,24.73,23.67,196.07M,-1.95%
09/19/2022,25.19,23.94,25.23,23.92,151.35M,2.40%
09/20/2022,24.59,24.53,25.19,23.98,161.06M,-2.38%
09/21/2022,23.24,24.81,25.92,23.23,295.56M,-5.49%
09/22/2022,22.38,22.85,23.11,22.07,215.54M,-3.70%
09/23/2022,21.31,21.8,21.86,20.45,280.65M,-4.78%
09/26/2022,21.02,21.16,22.21,20.83,245.30M,-1.36%
09/27/2022,21.04,21.82,22.35,20.5,271.96M,0.10%
09/28/2022,22.27,21.03,22.59,20.68,256.02M,5.85%
09/29/2022,20.39,21.31,21.39,19.62,270.10M,-8.44%
09/30/2022,19.32,20.16,21.09,19.28,256.60M,-5.25%
10/03/2022,20.66,19.7,21.01,19.36,223.61M,6.94%
10/04/2022,22.58,21.9,22.76,21.89,231.66M,9.29%
10/05/2022,22.58,21.67,23.0,21.01,229.20M,0.00%
10/06/2022,22.01,22.3,23.06,21.92,237.54M,-2.52%
10/07/2022,19.5,20.88,20.91,19.16,250.97M,-11.40%
10/10/2022,18.89,19.51,19.61,18.3,206.50M,-3.13%
10/11/2022,18.14,18.52,19.14,17.74,264.87M,-3.97%
10/12/2022,18.1,18.23,18.64,17.93,200.74M,-0.22%
10/13/2022,19.31,16.51,19.62,16.32,414.75M,6.69%
10/14/2022,17.57,19.85,19.98,17.46,335.07M,-9.01%
10/17/2022,19.3,18.81,19.5,18.8,230.02M,9.85%
10/18/2022,19.78,20.86,21.0,19.17,346.28M,2.49%
10/19/2022,19.54,19.41,20.24,19.01,259.85M,-1.21%
10/20/2022,19.21,19.33,20.47,18.96,264.85M,-1.69%
10/21/2022,20.57,18.98,20.69,18.73,313.73M,7.08%
10/24/2022,21.27,20.63,21.47,19.8,274.62M,3.40%
10/25/2022,22.55,21.48,22.64,21.47,238.40M,6.02%
10/26/2022,21.06,21.18,22.5,20.93,282.52M,-6.61%
10/27/2022,19.9,20.79,21.12,19.77,256.63M,-5.51%
10/28/2022,21.7,19.75,21.81,19.71,255.39M,9.05%
10/31/2022,20.95,21.17,21.36,20.49,209.56M,-3.46%
11/01/2022,20.3,21.74,21.87,20.21,215.23M,-3.10%
11/02/2022,18.2,20.28,20.98,18.18,331.48M,-10.34%
11/03/2022,17.15,17.65,17.95,17.04,212.23M,-5.77%
11/04/2022,17.95,18.13,18.35,16.85,382.37M,4.66%
11/07/2022,18.52,18.16,18.64,17.71,200.94M,3.18%
11/08/2022,18.92,18.85,19.62,18.09,296.06M,2.16%
11/09/2022,17.6,18.53,18.7,17.53,215.57M,-6.98%
11/10/2022,21.45,20.15,21.54,19.7,328.44M,21.88%
11/11/2022,22.67,21.43,22.83,21.12,307.13M,5.69%
11/14/2022,22.07,22.17,22.96,21.82,214.23M,-2.65%
11/15/2022,22.96,23.65,23.95,22.18,318.27M,4.03%
11/16/2022,22.03,22.5,22.58,21.82,191.68M,-4.05%
11/17/2022,21.86,20.95,22.21,20.91,213.46M,-0.77%
11/18/2022,21.84,22.56,22.58,21.28,194.79M,-0.09%
11/21/2022,21.18,21.52,21.8,20.97,144.11M,-3.02%
11/22/2022,22.07,21.33,22.1,20.83,146.24M,4.20%
11/23/2022,22.73,22.05,22.87,22.01,178.78M,2.99%
11/25/2022,22.26,22.34,22.5,22.15,67.38M,-2.07%
11/28/2022,21.28,21.8,22.27,21.06,132.14M,-4.40%
11/29/2022,20.77,21.32,21.42,20.47,137.90M,-2.40%
11/30/2022,23.56,20.85,23.65,20.65,272.73M,13.43%
12/01/2022,23.69,23.7,24.17,23.01,205.50M,0.55%
12/02/2022,23.41,22.44,23.63,22.39,181.66M,-1.18%
12/05/2022,22.23,22.88,23.2,21.86,150.99M,-5.04%
12/06/2022,20.82,22.18,22.21,20.5,169.90M,-6.34%
12/07/2022,20.57,20.56,21.03,20.18,173.67M,-1.20%
12/08/2022,21.3,20.87,21.5,20.39,188.92M,3.55%
12/09/2022,20.89,21.05,21.69,20.77,177.00M,-1.92%
12/12/2022,21.65,20.91,21.66,20.67,112.83M,3.64%
12/13/2022,22.33,24.17,24.23,21.72,347.69M,3.14%
12/14/2022,21.8,22.21,22.99,21.08,289.46M,-2.37%
12/15/2022,19.64,20.86,21.03,19.35,214.03M,-9.91%
12/16/2022,19.06,19.48,19.81,18.71,175.64M,-2.95%
12/19/2022,18.27,19.1,19.13,17.98,155.27M,-4.14%
12/20/2022,18.19,18.0,18.56,17.67,172.88M,-0.44%
12/21/2022,18.98,18.41,19.25,18.23,163.19M,4.34%
12/22/2022,17.54,18.23,18.25,16.58,230.45M,-7.59%
12/23/2022,17.59,17.21,17.72,16.83,165.07M,0.29%
12/27/2022,16.84,17.46,17.48,16.72,131.60M,-4.26%
12/28/2022,16.16,16.75,17.2,16.1,182.43M,-4.04%
12/29/2022,17.3,16.67,17.5,16.53,153.05M,7.05%
12/30/2022,17.3,16.76,17.3,16.5,150.97M,0.00%
01/03/2023,16.91,17.74,18.04,16.47,179.93M,-2.25%
01/04/2023,17.17,17.33,17.49,16.54,217.64M,1.54%
01/05/2023,16.36,16.81,16.85,16.28,181.25M,-4.72%
01/06/2023,17.64,16.65,17.9,16.1,233.45M,7.82%
01/09/2023,18.01,18.08,18.96,17.89,186.02M,2.10%
01/10/2023,18.49,17.82,18.49,17.7,164.36M,2.67%
01/11/2023,19.41,18.68,19.43,18.52,151.28M,4.98%
01/12/2023,19.71,19.51,19.92,18.59,280.93M,1.55%
01/13/2023,20.1,19.17,20.17,19.1,159.78M,1.98%
01/17/2023,20.21,20.06,20.51,19.81,139.76M,0.55%
01/18/2023,19.46,20.58,20.91,19.39,186.65M,-3.71%
01/19/2023,18.85,19.07,19.31,18.58,166.37M,-3.13%
01/20/2023,20.39,19.17,20.45,18.96,161.33M,8.17%
01/23/2023,21.73,20.55,22.0,20.38,194.04M,6.57%
01/24/2023,21.6,21.36,21.87,21.24,145.01M,-0.60%
01/25/2023,21.44,20.56,21.59,19.98,218.08M,-0.74%
01/26/2023,22.68,22.22,22.72,21.6,203.42M,5.78%
01/27/2023,23.33,22.36,23.82,22.33,188.41M,2.87%
01/30/2023,21.93,22.55,22.9,21.85,173.91M,-6.00%
01/31/2023,22.91,21.94,22.92,21.9,158.26M,4.47%
02/01/2023,24.39,22.86,24.95,22.36,271.64M,6.46%
02/02/2023,26.91,25.95,27.45,25.75,267.89M,10.33%
02/03/2023,25.52,25.21,27.14,25.11,267.40M,-5.17%
02/06/2023,24.87,24.84,25.45,24.52,161.82M,-2.55%
02/07/2023,26.41,24.83,26.69,24.54,259.89M,6.19%
02/08/2023,24.99,26.05,26.3,24.81,181.26M,-5.38%
02/09/2023,24.32,26.05,26.09,23.93,197.60M,-2.68%
02/10/2023,23.82,23.76,24.26,23.22,183.93M,-2.06%
02/13/2023,24.95,24.14,25.1,23.85,139.87M,4.74%
02/14/2023,25.49,24.53,25.74,24.05,255.74M,2.16%
02/15/2023,26.06,25.02,26.1,24.85,138.65M,2.24%
02/16/2023,24.57,24.83,25.87,24.53,194.50M,-5.72%
02/17/2023,24.04,24.03,24.23,23.3,194.90M,-2.16%
02/21/2023,22.35,23.1,23.45,22.29,150.47M,-7.03%
02/22/2023,22.37,22.45,22.85,21.98,167.34M,0.09%
02/23/2023,22.93,23.18,23.23,21.95,179.77M,2.50%
02/24/2023,21.77,21.75,22.03,21.35,172.78M,-5.06%
02/27/2023,22.24,22.48,22.8,22.1,138.75M,2.16%
02/28/2023,22.13,22.08,22.72,22.0,127.32M,-0.49%
03/01/2023,21.59,22.06,22.21,21.37,154.39M,-2.44%
03/02/2023,22.11,21.01,22.3,20.95,159.49M,2.41%
03/03/2023,23.46,22.5,23.53,22.38,151.68M,6.11%
03/06/2023,23.56,23.76,24.48,23.5,151.85M,0.43%
03/07/2023,22.68,23.56,23.78,22.52,176.33M,-3.74%
03/08/2023,22.99,22.75,23.14,22.33,145.49M,1.37%
03/09/2023,21.78,23.11,23.71,21.59,196.83M,-5.26%
03/10/2023,20.88,21.82,22.16,20.62,314.86M,-4.13%
03/13/2023,21.33,20.47,22.15,20.13,329.54M,2.16%
03/14/2023,22.78,22.12,22.91,21.92,217.16M,6.80%
03/15/2023,23.11,22.17,23.22,21.83,274.56M,1.45%
03/16/2023,24.94,22.88,25.03,22.72,229.02M,7.92%
03/17/2023,24.57,24.93,25.51,24.1,201.77M,-1.48%
03/20/2023,24.83,24.43,24.92,23.89,164.18M,1.06%
03/21/2023,25.88,25.31,26.0,24.93,135.15M,4.23%
03/22/2023,24.68,25.71,26.96,24.65,237.92M,-4.64%
03/23/2023,25.56,25.59,26.61,24.88,196.50M,3.57%
03/24/2023,25.82,25.44,25.84,24.84,169.79M,1.02%
03/27/2023,25.29,25.99,26.26,25.06,136.80M,-2.05%
03/28/2023,24.87,25.14,25.14,24.29,118.02M,-1.66%
03/29/2023,26.23,25.76,26.37,25.57,119.37M,5.47%
03/30/2023,26.94,26.82,27.09,26.49,130.15M,2.71%
03/31/2023,28.26,27.0,28.32,26.91,127.02M,4.90%
04/03/2023,28.06,27.68,28.12,27.33,125.12M,-0.71%
04/04/2023,27.78,28.16,28.43,27.42,116.09M,-1.00%
04/05/2023,26.89,27.47,27.52,26.41,129.14M,-3.20%
04/06/2023,27.43,26.46,27.56,26.11,120.96M,2.01%
04/10/2023,27.37,26.64,27.38,26.17,118.53M,-0.22%
04/11/2023,26.84,27.36,27.37,26.7,104.26M,-1.94%
04/12/2023,26.13,27.34,27.49,26.0,174.02M,-2.65%
04/13/2023,27.63,26.53,27.74,26.49,123.76M,5.74%
04/14/2023,27.47,27.2,27.93,26.69,142.67M,-0.58%
04/17/2023,27.5,27.35,27.62,26.81,114.31M,0.11%
04/18/2023,27.52,28.07,28.18,27.2,106.41M,0.07%
04/19/2023,27.46,26.87,27.74,26.84,95.93M,-0.22%
04/20/2023,26.82,26.67,27.58,26.47,136.85M,-2.33%
04/21/2023,26.87,26.7,27.09,26.25,114.44M,0.19%
04/24/2023,26.71,26.81,27.17,26.14,107.65M,-0.60%
04/25/2023,25.2,26.28,26.45,25.17,138.29M,-5.65%
04/26/2023,25.62,26.02,26.39,25.51,124.86M,1.67%
04/27/2023,27.69,26.56,27.83,26.39,127.82M,8.08%
04/28/2023,28.25,27.64,28.28,27.33,130.54M,2.02%
05/01/2023,28.17,28.14,28.53,27.87,89.00M,-0.28%
05/02/2023,27.42,28.14,28.22,26.96,124.66M,-2.66%
05/03/2023,26.88,27.5,28.2,26.83,170.13M,-1.97%
05/04/2023,26.58,26.78,27.08,26.28,121.31M,-1.12%
05/05/2023,28.21,27.12,28.46,27.03,97.80M,6.13%
05/08/2023,28.44,28.1,28.54,27.82,75.74M,0.82%
05/09/2023,27.89,27.99,28.22,27.81,64.84M,-1.93%
05/10/2023,28.79,28.52,29.02,27.87,151.55M,3.23%
05/11/2023,29.03,28.91,29.19,28.49,97.34M,0.83%
05/12/2023,28.73,29.18,29.3,28.17,105.38M,-1.03%
05/15/2023,29.17,28.85,29.25,28.43,86.47M,1.53%
05/16/2023,29.28,28.98,29.74,28.96,79.66M,0.38%
05/17/2023,30.33,29.55,30.48,29.23,101.10M,3.59%
05/18/2023,31.96,30.4,32.04,30.4,135.93M,5.37%
05/19/2023,31.74,32.03,32.24,31.45,99.03M,-0.69%
05/22/2023,32.07,31.68,32.36,31.67,83.31M,1.04%
05/23/2023,30.83,31.56,31.9,30.73,106.32M,-3.87%
05/24/2023,30.33,30.27,30.7,29.77,117.97M,-1.62%
05/25/2023,32.52,32.36,32.87,31.68,130.87M,7.22%
05/26/2023,34.98,32.81,35.25,32.79,126.39M,7.56%
05/30/2023,35.47,36.31,36.67,35.04,135.31M,1.40%
05/31/2023,34.75,34.97,35.58,34.4,105.14M,-2.03%
06/01/2023,36.01,34.74,36.43,34.41,108.38M,3.63%
06/02/2023,36.82,36.56,37.19,36.01,108.25M,2.25%
06/05/2023,36.9,36.76,37.7,36.56,103.13M,0.22%
06/06/2023,36.86,36.69,37.16,36.26,79.75M,-0.11%
06/07/2023,34.98,36.94,37.56,34.77,114.24M,-5.10%
06/08/2023,36.18,35.02,36.38,34.95,94.08M,3.43%
06/09/2023,36.62,36.68,37.62,36.19,103.97M,1.22%
06/12/2023,38.49,37.15,38.51,36.84,77.98M,5.11%
06/13/2023,39.35,39.37,39.63,38.32,133.27M,2.23%
06/14/2023,40.19,39.35,40.3,38.42,152.66M,2.13%
06/15/2023,41.6,39.74,42.09,39.51,127.94M,3.51%
06/16/2023,40.8,42.41,42.44,40.65,112.41M,-1.92%
06/20/2023,40.6,40.29,41.08,39.6,84.12M,-0.49%
06/21/2023,38.85,40.08,40.22,38.5,99.63M,-4.31%
06/22/2023,40.14,38.37,40.19,38.24,105.10M,3.32%
06/23/2023,38.95,38.83,39.71,38.38,112.58M,-2.96%
06/26/2023,37.41,38.76,39.67,37.34,108.45M,-3.95%
06/27/2023,39.26,37.85,39.5,37.6,97.68M,4.95%
06/28/2023,39.5,38.67,40.14,38.63,108.68M,0.61%
06/29/2023,39.23,39.36,39.56,38.67,99.13M,-0.68%
06/30/2023,41.0,40.4,41.35,40.29,92.15M,4.51%
07/03/2023,41.28,41.2,41.49,40.84,39.93M,0.68%
07/05/2023,41.25,40.72,41.84,40.71,69.50M,-0.07%
07/06/2023,40.28,39.97,40.42,39.29,85.24M,-2.35%
07/07/2023,39.87,40.19,41.26,39.78,84.31M,-1.02%
07/10/2023,39.9,39.76,40.11,38.93,86.01M,0.08%
07/11/2023,40.47,40.02,40.62,39.3,81.24M,1.43%
07/12/2023,41.97,41.83,42.44,41.15,115.17M,3.71%
07/13/2023,44.06,43.02,44.36,42.83,82.39M,4.98%
07/14/2023,44.02,44.22,45.36,43.72,93.03M,-0.09%
07/17/2023,45.24,44.28,45.57,44.11,72.76M,2.77%
07/18/2023,46.32,45.01,46.84,44.31,98.32M,2.39%
07/19/2023,46.32,46.73,47.14,45.82,100.29M,0.00%
07/20/2023,43.07,45.16,45.7,42.69,116.93M,-7.02%
07/21/2023,42.69,43.88,44.18,42.51,102.55M,-0.88%
07/24/2023,42.86,42.98,43.31,42.2,63.21M,0.40%
07/25/2023,43.72,43.08,44.28,43.08,69.10M,2.01%
07/26/2023,43.27,43.32,43.85,42.44,102.88M,-1.03%
07/27/2023,42.9,45.11,45.69,42.45,130.55M,-0.86%
07/28/2023,45.22,44.3,45.59,44.13,102.24M,5.41%
07/31/2023,45.31,45.33,45.71,44.82,79.50M,0.20%
08/01/2023,44.96,44.79,45.23,44.21,77.25M,-0.77%
08/02/2023,42.02,43.69,43.69,41.53,129.02M,-6.54%
08/03/2023,41.72,41.11,42.46,41.05,101.35M,-0.71%
08/04/2023,41.14,42.39,43.17,40.97,123.73M,-1.39%
08/07/2023,42.16,41.73,42.2,40.94,74.90M,2.48%
08/08/2023,41.08,41.29,41.29,40.0,94.39M,-2.56%
08/09/2023,39.71,41.15,41.21,39.45,99.72M,-3.33%
08/10/2023,39.89,40.66,41.75,39.37,130.28M,0.45%
08/11/2023,39.09,39.03,39.67,38.6,100.79M,-2.01%
08/14/2023,40.39,38.83,40.44,38.6,71.28M,3.33%
08/15/2023,39.15,40.07,40.34,38.88,81.28M,-3.07%
08/16/2023,37.85,38.92,39.42,37.82,95.11M,-3.32%
08/17/2023,36.57,38.25,38.36,36.43,105.12M,-3.38%
08/18/2023,36.4,35.53,36.81,35.37,123.50M,-0.46%
08/21/2023,38.16,36.87,38.38,36.71,95.74M,4.84%
08/22/2023,37.99,38.97,38.98,37.77,90.39M,-0.45%
08/23/2023,39.78,38.35,40.12,38.28,87.73M,4.71%
08/24/2023,37.16,40.88,40.9,37.1,116.20M,-6.59%
08/25/2023,38.04,37.43,38.56,36.35,139.14M,2.37%
08/28/2023,38.89,38.95,39.17,38.08,91.32M,2.23%
08/29/2023,41.37,38.8,41.52,38.69,93.75M,6.38%
08/30/2023,42.06,41.43,42.28,41.08,92.98M,1.67%
08/31/2023,42.44,42.04,42.98,42.02,81.12M,0.90%
09/01/2023,42.29,43.21,43.36,41.75,82.53M,-0.35%
09/05/2023,42.4,41.97,42.82,41.66,61.89M,0.26%
09/06/2023,41.28,42.14,42.24,40.58,74.03M,-2.64%
09/07/2023,40.38,39.74,40.6,39.38,84.31M,-2.18%
09/08/2023,40.5,40.31,41.24,40.17,74.88M,0.30%
09/11/2023,41.88,41.49,42.09,40.84,70.86M,3.41%
09/12/2023,40.54,41.34,41.81,40.4,77.76M,-3.20%
09/13/2023,40.94,40.58,41.49,40.19,85.42M,0.99%
09/14/2023,41.9,41.5,42.24,40.8,76.19M,2.34%
09/15/2023,39.75,41.45,41.59,39.43,89.92M,-5.13%
09/18/2023,39.84,39.43,40.22,39.33,62.40M,0.23%
09/19/2023,39.6,39.41,39.83,38.6,74.37M,-0.60%
09/20/2023,37.75,39.77,39.9,37.7,98.02M,-4.67%
09/21/2023,35.6,36.55,36.78,35.57,108.41M,-5.70%
09/22/2023,35.63,36.13,36.78,35.52,94.09M,0.07%
09/25/2023,36.1,35.31,36.14,35.01,81.27M,1.33%
09/26/2023,34.49,35.31,35.48,34.17,105.34M,-4.46%
09/27/2023,34.7,34.81,35.27,33.63,128.44M,0.61%
09/28/2023,35.54,34.39,36.17,34.13,134.07M,2.42%
09/29/2023,35.62,36.58,37.0,35.23,143.43M,0.23%
10/02/2023,36.47,35.67,36.9,35.48,118.23M,2.39%
10/03/2023,34.54,35.71,36.39,34.04,133.27M,-5.29%
10/04/2023,35.94,34.78,36.19,34.64,126.38M,4.05%
10/05/2023,35.56,35.89,36.0,34.5,109.00M,-1.06%
10/06/2023,37.35,34.65,37.69,34.41,147.45M,5.03%
10/09/2023,37.9,36.61,38.09,36.14,105.48M,1.47%
10/10/2023,38.52,38.01,39.37,37.85,108.05M,1.64%
10/11/2023,39.34,38.94,39.41,38.4,95.86M,2.13%
10/12/2023,38.88,39.47,40.05,38.12,118.25M,-1.17%
10/13/2023,37.41,39.09,39.28,36.97,130.09M,-3.78%
10/16/2023,38.67,37.82,39.0,37.77,86.58M,3.37%
10/17/2023,38.3,37.52,38.82,36.85,105.19M,-0.96%
10/18/2023,36.68,37.47,38.18,36.33,131.58M,-4.23%
10/19/2023,35.7,37.15,37.51,35.44,185.03M,-2.67%
10/20/2023,34.09,35.52,35.7,34.02,138.86M,-4.51%
10/23/2023,34.39,33.67,35.41,33.06,131.80M,0.88%
10/24/2023,35.36,34.9,35.59,34.4,122.54M,2.82%
10/25/2023,32.77,34.63,34.68,32.58,164.18M,-7.32%
10/26/2023,30.86,32.38,32.64,30.47,187.02M,-5.83%
10/27/2023,31.3,31.58,32.23,30.95,147.35M,1.43%
10/30/2023,32.31,31.95,32.69,31.58,132.15M,3.23%
10/31/2023,32.78,32.32,32.88,31.6,111.46M,1.45%
11/01/2023,34.47,33.0,34.63,32.97,166.32M,5.16%
11/02/2023,36.3,35.76,36.38,35.4,117.07M,5.31%
11/03/2023,37.58,36.7,37.98,36.63,114.33M,3.53%
11/06/2023,38.01,37.81,38.21,37.32,91.80M,1.14%
11/07/2023,39.08,38.35,39.37,37.97,102.25M,2.82%
11/08/2023,39.15,39.2,39.43,38.43,93.98M,0.18%
11/09/2023,38.22,39.34,39.71,38.06,129.18M,-2.38%
11/10/2023,40.77,38.75,40.83,38.58,124.79M,6.67%
11/13/2023,40.4,40.25,40.73,39.75,90.22M,-0.91%
11/14/2023,42.94,42.47,43.28,42.29,116.78M,6.29%
11/15/2023,43.06,43.62,43.78,42.6,109.22M,0.28%
11/16/2023,43.13,42.76,43.21,42.33,89.02M,0.16%
11/17/2023,43.16,42.88,43.5,42.56,78.93M,0.07%
11/20/2023,44.7,43.15,44.95,43.14,83.29M,3.57%
11/21/2023,43.89,44.09,44.16,43.29,74.14M,-1.81%
11/22/2023,44.4,44.57,45.42,44.05,85.93M,1.16%
11/24/2023,44.18,44.25,44.45,43.85,31.99M,-0.50%
11/27/2023,44.05,44.01,44.74,43.76,60.93M,-0.29%
11/28/2023,44.4,43.8,44.6,43.67,79.17M,0.79%
11/29/2023,44.24,45.24,45.73,44.13,88.76M,-0.36%
11/30/2023,43.87,44.3,44.46,42.84,93.20M,-0.84%
12/01/2023,44.24,43.49,44.44,42.92,86.47M,0.84%
12/04/2023,42.98,42.91,43.07,41.73,90.57M,-2.85%
12/05/2023,43.29,42.31,43.7,42.26,83.77M,0.72%
12/06/2023,42.52,44.28,44.32,42.41,81.50M,-1.78%
12/07/2023,44.3,43.48,44.54,43.11,81.38M,4.19%
12/08/2023,44.83,43.65,45.0,43.58,90.89M,1.20%
12/11/2023,45.97,44.67,46.08,44.6,75.77M,2.54%
12/12/2023,47.08,45.98,47.1,45.57,71.45M,2.41%
12/13/2023,48.74,47.38,49.07,47.1,115.04M,3.53%
12/14/2023,48.66,49.25,49.73,47.55,101.35M,-0.16%
12/15/2023,49.24,48.94,49.79,48.7,78.37M,1.19%
12/18/2023,50.27,49.49,50.6,49.37,58.22M,2.09%
12/19/2023,51.02,50.42,51.06,50.35,60.17M,1.49%
12/20/2023,48.54,50.48,51.27,48.46,88.08M,-4.86%
12/21/2023,50.15,49.89,50.27,48.94,74.54M,3.31%
12/22/2023,50.35,50.6,50.94,49.64,66.21M,0.41%
12/26/2023,51.27,50.64,51.51,50.62,43.69M,1.83%
12/27/2023,51.54,51.35,51.66,51.02,55.75M,0.53%
12/28/2023,51.41,51.92,52.01,51.27,42.88M,-0.25%
12/29/2023,50.7,51.38,51.52,50.0,67.12M,-1.38%
01/02/2024,48.13,49.35,49.43,47.26,88.14M,-5.07%
01/03/2024,46.59,47.17,47.54,46.43,83.91M,-3.20%
01/04/2024,45.81,45.87,46.97,45.73,71.87M,-1.67%
01/05/2024,45.98,45.86,46.92,45.47,85.24M,0.37%
01/08/2024,48.75,46.39,48.9,46.33,67.69M,6.02%
01/09/2024,49.07,47.66,49.41,47.61,74.22M,0.66%
01/10/2024,50.04,49.17,50.41,48.84,73.81M,1.98%
01/11/2024,50.28,50.45,50.97,48.4,95.11M,0.48%
01/12/2024,50.34,50.67,50.98,49.84,64.11M,0.12%
01/16/2024,50.31,49.88,50.91,49.33,72.94M,-0.06%
01/17/2024,49.44,49.07,49.59,47.87,83.28M,-1.73%
01/18/2024,51.56,50.59,51.72,50.11,91.07M,4.29%
01/19/2024,54.54,52.32,54.62,52.1,93.18M,5.78%
01/22/2024,54.76,55.41,55.92,54.51,74.83M,0.40%
01/23/2024,55.41,55.01,55.48,54.28,56.09M,1.19%
01/24/2024,56.32,56.95,57.9,56.12,89.86M,1.64%
01/25/2024,56.48,57.26,57.53,55.52,75.70M,0.28%
01/26/2024,55.44,55.68,56.39,55.18,64.19M,-1.84%
01/29/2024,57.07,55.61,57.2,55.34,57.99M,2.94%
01/30/2024,55.93,56.69,56.92,55.6,59.78M,-2.00%
01/31/2024,52.64,54.19,54.98,52.58,101.73M,-5.88%
02/01/2024,54.5,53.29,54.64,52.91,81.13M,3.53%
02/02/2024,57.24,55.18,57.68,54.79,99.25M,5.03%
02/05/2024,56.95,57.19,57.42,55.57,69.97M,-0.51%
02/06/2024,56.62,57.38,57.64,55.64,70.06M,-0.58%
02/07/2024,58.31,57.69,58.66,57.17,65.91M,2.98%
02/08/2024,58.55,58.31,58.89,58.02,49.46M,0.41%
02/09/2024,60.27,59.03,60.61,58.71,55.11M,2.94%
02/12/2024,59.56,60.21,61.14,59.28,58.13M,-1.18%
02/13/2024,56.74,56.24,57.87,55.44,94.47M,-4.73%
02/14/2024,58.54,57.8,58.75,56.86,78.08M,3.17%
02/15/2024,59.03,58.81,59.21,57.73,65.03M,0.84%
02/16/2024,57.41,59.16,59.21,57.11,75.97M,-2.74%
02/20/2024,56.08,56.58,57.18,54.55,81.66M,-2.32%
02/21/2024,55.38,54.97,55.42,53.82,77.29M,-1.25%
02/22/2024,60.17,58.78,60.6,58.49,89.64M,8.65%
02/23/2024,59.62,60.83,61.22,59.22,70.20M,-0.91%
02/26/2024,59.54,59.94,60.37,59.43,54.94M,-0.13%
02/27/2024,59.91,59.96,60.09,58.87,54.70M,0.62%
02/28/2024,58.94,59.03,59.53,58.55,61.75M,-1.62%
02/29/2024,60.36,60.08,60.85,58.78,68.48M,2.41%
03/01/2024,63.13,60.75,63.51,60.73,70.48M,4.59%
03/04/2024,62.38,63.09,63.28,62.31,60.21M,-1.19%
03/05/2024,59.04,61.1,61.1,58.02,96.60M,-5.35%
03/06/2024,60.13,60.74,61.43,59.35,90.84M,1.85%
03/07/2024,62.81,61.55,63.31,60.91,71.19M,4.46%
03/08/2024,60.06,62.92,64.13,59.77,148.23M,-4.38%
03/11/2024,59.36,59.41,59.88,58.56,73.39M,-1.17%
03/12/2024,61.88,60.29,62.04,58.96,85.28M,4.25%
03/13/2024,60.44,61.44,61.46,59.97,71.89M,-2.33%
03/14/2024,59.95,60.87,61.1,58.79,81.24M,-0.81%
03/15/2024,57.76,58.69,58.92,57.28,70.44M,-3.65%
03/18/2024,59.39,59.88,60.8,59.29,64.60M,2.82%
03/19/2024,59.8,58.54,59.98,57.68,59.41M,0.69%
03/20/2024,61.7,60.07,61.83,59.36,78.28M,3.18%
03/21/2024,62.5,63.75,63.95,62.42,63.27M,1.30%
03/22/2024,62.63,62.27,63.17,61.9,45.79M,0.21%
03/25/2024,61.99,61.48,62.63,61.06,43.33M,-1.02%
03/26/2024,61.41,62.61,63.01,61.28,46.99M,-0.94%
03/27/2024,61.95,62.57,62.63,60.71,55.69M,0.88%
03/28/2024,61.56,61.89,62.23,61.4,43.51M,-0.63%
04/01/2024,61.94,61.92,62.99,61.12,56.15M,0.62%
04/02/2024,60.28,59.87,60.42,59.0,54.84M,-2.68%
04/03/2024,60.68,59.4,61.46,59.38,55.84M,0.66%
04/04/2024,57.82,62.35,62.61,57.74,83.76M,-4.71%
04/05/2024,59.86,58.4,60.93,58.06,77.45M,3.53%
04/08/2024,59.9,60.21,60.66,59.31,44.86M,0.07%
04/09/2024,60.52,60.81,60.94,58.58,60.16M,1.04%
04/10/2024,58.93,58.36,59.28,58.06,101.04M,-2.63%
04/11/2024,61.7,59.61,62.06,58.68,73.47M,4.70%
04/12/2024,58.72,59.88,60.35,58.12,86.29M,-4.83%
04/15/2024,55.77,60.2,60.23,55.44,101.83M,-5.02%
04/16/2024,55.78,55.69,56.81,55.24,81.88M,0.02%
04/17/2024,53.71,56.54,56.55,53.35,85.51M,-3.71%
04/18/2024,52.75,53.89,54.56,52.51,86.39M,-1.79%
04/19/2024,49.48,52.28,52.47,48.85,125.40M,-6.20%
04/22/2024,50.92,50.38,51.77,49.17,71.30M,2.91%
04/23/2024,53.19,51.62,53.62,51.49,75.92M,4.46%
04/24/2024,53.71,54.32,54.91,52.83,72.16M,0.98%
04/25/2024,52.85,50.9,53.19,50.48,86.41M,-1.60%
04/26/2024,55.28,54.03,55.87,53.77,68.00M,4.60%
04/29/2024,55.94,56.08,56.33,54.88,51.18M,1.19%
04/30/2024,52.74,55.3,55.85,52.73,62.62M,-5.73%
05/01/2024,51.6,52.15,54.8,51.27,104.04M,-2.15%
05/02/2024,53.51,52.92,53.85,51.2,62.41M,3.70%
05/03/2024,56.7,56.33,57.11,55.73,75.44M,5.96%
05/06/2024,58.56,57.42,58.6,57.12,41.27M,3.28%
05/07/2024,58.56,58.72,59.23,58.28,46.66M,0.00%
05/08/2024,58.45,57.5,59.01,57.45,39.01M,-0.19%
05/09/2024,58.77,58.5,59.0,57.75,40.72M,0.55%
05/10/2024,59.17,59.36,60.07,58.54,46.33M,0.68%
05/13/2024,59.56,59.92,59.97,58.98,33.86M,0.66%
05/14/2024,60.67,59.36,60.9,59.28,46.48M,1.86%
05/15/2024,63.47,61.69,63.62,61.06,65.24M,4.62%
05/16/2024,63.08,63.36,64.2,62.99,43.86M,-0.61%
05/17/2024,62.94,63.09,63.35,62.02,35.05M,-0.22%
05/20/2024,64.24,63.02,64.53,62.94,37.27M,2.07%
05/21/2024,64.57,63.44,64.67,63.35,31.16M,0.51%
05/22/2024,64.53,64.69,65.0,63.42,40.02M,-0.06%
05/23/2024,63.57,66.5,66.51,62.8,65.44M,-1.49%
05/24/2024,65.35,64.25,65.89,63.94,41.28M,2.80%
05/28/2024,66.06,65.86,66.1,64.8,41.59M,1.09%
05/29/2024,64.68,64.24,65.44,64.2,39.64M,-2.09%
05/30/2024,62.6,64.25,64.29,61.99,42.78M,-3.22%
05/31/2024,62.53,62.6,62.89,58.96,71.87M,-0.11%
06/03/2024,63.14,63.73,64.15,60.96,55.72M,0.98%
06/04/2024,63.61,63.0,64.13,62.27,44.25M,0.74%
06/05/2024,67.45,65.12,67.48,64.65,52.44M,6.04%
06/06/2024,67.37,67.74,67.88,66.85,36.52M,-0.12%
06/07/2024,67.12,67.12,68.32,66.62,44.97M,-0.37%
06/10/2024,67.83,66.59,68.06,66.48,36.23M,1.06%
06/11/2024,69.23,67.32,69.32,66.66,35.69M,2.06%
06/12/2024,71.96,71.01,73.02,70.72,62.20M,3.94%
06/13/2024,73.11,73.57,73.89,72.07,43.64M,1.60%
06/14/2024,74.17,72.95,74.21,72.73,35.78M,1.45%
06/17/2024,76.86,74.28,77.72,73.67,46.68M,3.63%
06/18/2024,76.9,76.83,77.23,76.06,33.22M,0.05%
06/20/2024,75.09,77.46,77.66,74.22,52.73M,-2.35%
06/21/2024,74.4,74.9,75.53,73.72,38.86M,-0.92%
06/24/2024,71.88,73.82,74.63,71.8,46.88M,-3.39%
06/25/2024,74.28,72.79,74.43,72.37,39.30M,3.34%
06/26/2024,74.46,73.6,74.7,73.41,36.27M,0.24%
06/27/2024,75.0,74.32,75.7,73.92,37.06M,0.73%
06/28/2024,73.82,75.29,77.53,73.45,53.90M,-1.57%
07/01/2024,75.03,74.16,75.29,72.42,43.28M,1.64%
07/02/2024,77.33,74.29,77.38,74.24,37.48M,3.07%
07/03/2024,79.23,76.95,79.31,76.95,28.08M,2.46%
07/05/2024,81.63,79.57,81.85,79.43,39.81M,3.03%
07/08/2024,82.17,81.81,82.46,81.28,36.68M,0.66%
07/09/2024,82.35,82.92,83.49,81.62,36.19M,0.22%
07/10/2024,84.93,83.32,85.2,82.67,38.78M,3.13%
07/11/2024,79.35,84.97,85.06,78.7,74.66M,-6.57%
07/12/2024,80.64,79.51,82.94,79.29,50.51M,1.63%
07/15/2024,81.24,81.47,83.62,80.23,54.95M,0.74%
07/16/2024,81.3,81.94,82.35,79.74,41.82M,0.07%
07/17/2024,74.15,77.33,77.57,74.09,71.42M,-8.79%
07/18/2024,73.04,75.81,75.92,71.55,65.84M,-1.50%
07/19/2024,71.06,72.8,73.97,70.44,59.12M,-2.71%
07/22/2024,74.16,73.65,74.63,72.12,56.40M,4.36%
07/23/2024,73.36,73.73,75.13,73.14,43.56M,-1.08%
07/24/2024,65.45,70.23,70.38,65.04,79.79M,-10.78%
07/25/2024,63.27,65.56,67.34,62.13,94.06M,-3.33%
07/26/2024,65.08,65.0,66.34,63.78,68.70M,2.86%
07/29/2024,65.46,66.27,67.19,64.52,57.82M,0.58%
07/30/2024,62.79,66.28,66.59,61.34,71.53M,-4.08%
07/31/2024,68.28,66.98,69.0,66.38,86.70M,8.74%
08/01/2024,63.36,68.58,70.22,61.7,105.35M,-7.21%
08/02/2024,58.74,59.65,60.72,57.0,104.92M,-7.29%
08/05/2024,53.62,49.33,56.19,48.8,143.96M,-8.72%
08/06/2024,54.96,54.13,57.75,53.14,96.45M,2.50%
08/07/2024,53.19,57.57,58.51,53.0,91.38M,-3.22%
08/08/2024,58.06,55.45,58.35,54.01,76.44M,9.16%
08/09/2024,58.85,57.44,59.53,57.0,62.80M,1.36%
08/12/2024,59.25,59.23,60.4,58.11,54.49M,0.68%
08/13/2024,63.56,60.96,63.71,60.9,54.48M,7.27%
08/14/2024,63.67,63.99,64.64,61.87,62.36M,0.17%
08/15/2024,68.46,66.13,68.63,65.99,53.21M,7.52%
08/16/2024,68.64,67.62,69.25,67.19,44.84M,0.26%
08/19/2024,71.3,68.68,71.35,67.89,45.80M,3.88%
08/20/2024,70.86,70.9,72.06,70.09,48.93M,-0.62%
08/21/2024,71.83,71.18,72.66,70.42,51.50M,1.37%
08/22/2024,68.38,72.86,73.16,67.92,63.75M,-4.80%
08/23/2024,70.53,70.2,71.72,68.5,64.38M,3.14%
08/26/2024,68.46,70.27,70.67,67.53,42.49M,-2.93%
08/27/2024,69.04,67.73,69.5,66.85,35.77M,0.85%
08/28/2024,66.7,68.8,69.12,65.16,59.31M,-3.39%
08/29/2024,66.35,67.45,69.43,65.79,60.02M,-0.52%
08/30/2024,68.61,68.12,68.87,66.18,46.47M,3.41%
09/03/2024,62.35,67.26,67.32,61.29,73.79M,-9.12%
09/04/2024,61.82,61.04,63.37,60.65,48.40M,-0.85%
09/05/2024,62.02,61.14,63.72,60.72,55.09M,0.32%
09/06/2024,56.99,61.61,61.97,56.72,84.95M,-8.11%
09/09/2024,59.11,58.57,59.49,57.33,55.42M,3.72%
09/10/2024,60.7,59.78,60.92,58.2,45.79M,2.69%
09/11/2024,64.57,61.18,64.95,57.77,81.74M,6.38%
09/12/2024,66.48,64.63,66.89,63.89,55.17M,2.96%
09/13/2024,67.35,66.15,67.87,66.05,43.98M,1.31%
09/16/2024,66.45,66.42,66.71,65.03,41.17M,-1.34%
09/17/2024,66.49,67.7,68.26,65.47,51.56M,0.06%
09/18/2024,65.62,67.02,68.76,65.39,83.20M,-1.31%
09/19/2024,70.58,70.3,71.8,69.41,57.40M,7.56%
09/20/2024,70.13,70.15,70.68,68.31,48.38M,-0.64%
09/23/2024,70.65,70.62,71.15,70.04,34.92M,0.74%
09/24/2024,71.65,71.28,72.09,69.38,40.63M,1.42%
09/25/2024,71.67,71.14,72.49,71.06,32.36M,0.03%
09/26/2024,73.19,74.92,75.07,71.58,53.50M,2.12%
09/27/2024,71.93,73.62,73.66,71.39,41.47M,-1.72%
09/30/2024,72.49,71.46,72.62,70.18,43.17M,0.78%
10/01/2024,69.42,72.28,72.43,67.7,67.38M,-4.24%
10/02/2024,69.68,69.01,70.54,67.87,39.56M,0.37%
10/03/2024,69.52,68.73,70.81,68.39,48.87M,-0.23%
10/04/2024,71.97,72.0,72.16,69.78,55.47M,3.52%
10/07/2024,69.6,71.05,71.58,69.06,41.20M,-3.29%
10/08/2024,72.62,70.66,72.98,70.31,38.96M,4.34%
10/09/2024,74.37,72.52,74.63,72.06,39.35M,2.41%
10/10/2024,74.11,73.32,74.95,72.72,43.03M,-0.35%
10/11/2024,74.3,73.17,74.8,72.9,35.37M,0.26%
10/14/2024,76.2,75.44,76.82,75.21,33.85M,2.56%
10/15/2024,73.16,76.35,76.65,72.14,53.15M,-3.99%
10/16/2024,73.12,73.24,73.49,71.67,35.39M,-0.05%
10/17/2024,73.34,75.58,75.6,73.25,48.85M,0.30%
10/18/2024,74.64,74.46,75.15,74.13,32.08M,1.77%
10/21/2024,75.05,74.06,75.42,73.18,37.50M,0.55%
10/22/2024,75.27,73.81,75.95,73.46,38.15M,0.29%
10/23/2024,71.79,74.17,74.47,70.28,59.09M,-4.62%
10/24/2024,73.5,73.42,73.8,72.24,39.31M,2.38%
10/25/2024,74.74,74.7,77.0,74.39,57.41M,1.69%
10/28/2024,74.81,76.19,76.19,74.66,34.58M,0.09%
10/29/2024,76.88,74.93,77.46,74.07,39.27M,2.77%
10/30/2024,75.17,76.55,76.98,74.94,40.24M,-2.22%
10/31/2024,69.45,73.31,73.33,69.43,69.45M,-7.61%
11/01/2024,70.93,70.08,72.36,69.97,48.34M,2.13%
11/04/2024,70.27,70.64,71.75,69.51,41.11M,-0.93%
11/05/2024,72.94,70.95,73.24,70.92,39.68M,3.80%
11/06/2024,78.86,76.66,79.22,76.19,59.40M,8.12%
11/07/2024,82.55,80.16,82.93,80.1,49.77M,4.68%
11/08/2024,82.75,82.22,83.11,81.91,35.03M,0.24%
11/11/2024,82.6,83.33,83.43,81.18,35.40M,-0.18%
11/12/2024,82.15,82.54,82.97,80.65,34.14M,-0.54%
11/13/2024,81.79,81.86,83.09,80.68,37.49M,-0.44%
11/14/2024,80.06,81.59,82.03,79.62,38.83M,-2.12%
11/15/2024,74.27,77.27,77.45,73.29,60.30M,-7.23%
11/18/2024,75.77,74.93,76.74,74.31,38.98M,2.02%
11/19/2024,77.29,74.55,77.55,74.42,40.04M,2.01%
11/20/2024,77.2,77.15,77.29,74.11,50.63M,-0.12%
11/21/2024,77.96,78.55,78.88,74.56,54.93M,0.98%
11/22/2024,78.25,77.64,78.61,76.88,39.97M,0.37%
11/25/2024,78.61,80.16,80.87,77.54,45.76M,0.46%
11/26/2024,79.83,79.29,80.25,78.89,34.87M,1.55%
11/27/2024,77.9,79.29,79.31,76.33,39.23M,-2.42%
11/29/2024,79.89,78.13,80.17,77.85,20.43M,2.55%
12/02/2024,82.48,80.48,82.95,80.29,36.82M,3.24%
12/03/2024,83.21,81.8,83.33,81.53,42.41M,0.89%
12/04/2024,86.25,84.87,86.37,84.51,35.00M,3.65%
12/05/2024,85.54,86.25,86.64,85.34,27.01M,-0.82%
12/06/2024,87.74,85.78,87.86,85.72,31.37M,2.57%
12/09/2024,85.69,87.25,87.66,85.08,34.79M,-2.34%
12/10/2024,84.76,86.25,87.12,84.05,35.77M,-1.09%
12/11/2024,89.29,86.88,89.62,86.68,37.45M,5.34%
12/12/2024,87.52,88.13,88.77,87.28,33.17M,-1.98%
12/13/2024,89.4,89.42,90.77,87.85,39.83M,2.15%
12/16/2024,93.29,90.72,93.79,90.67,34.98M,4.35%
12/17/2024,92.04,92.33,92.91,91.17,34.58M,-1.34%
12/18/2024,82.09,91.65,92.57,81.29,67.42M,-10.81%
12/19/2024,80.93,84.27,84.53,80.75,56.66M,-1.41%
12/20/2024,83.03,79.06,85.86,78.5,72.62M,2.59%
12/23/2024,85.06,83.45,85.24,81.83,41.82M,2.44%
12/24/2024,88.44,85.95,88.48,85.64,24.07M,3.97%
12/26/2024,88.25,87.62,89.08,86.59,29.80M,-0.21%
12/27/2024,84.66,86.37,86.58,82.28,51.07M,-4.07%
12/30/2024,81.26,81.2,83.06,79.41,51.42M,-4.02%
12/31/2024,79.13,81.8,82.16,78.68,52.59M,-2.62%
01/02/2025,78.63,80.54,81.61,76.53,70.69M,-0.63%
01/03/2025,82.4,79.99,82.91,79.62,46.22M,4.79%
01/06/2025,85.21,84.97,86.85,84.03,46.03M,3.41%
01/07/2025,80.62,85.72,85.89,79.71,55.51M,-5.39%
01/08/2025,80.68,80.56,81.41,78.44,48.01M,0.07%
01/10/2025,76.83,78.8,78.82,75.23,72.83M,-4.77%
01/13/2025,76.03,74.05,76.2,73.34,56.69M,-1.04%
01/14/2025,75.76,77.48,78.06,74.19,62.64M,-0.36%
01/15/2025,80.88,79.31,81.47,78.6,53.46M,6.76%
01/16/2025,79.23,82.01,82.05,79.2,46.53M,-2.04%
01/17/2025,83.14,83.69,83.94,81.84,43.68M,4.93%
01/21/2025,84.52,84.45,85.15,82.33,41.73M,1.66%
01/22/2025,87.8,86.84,88.91,86.71,43.13M,3.88%
01/23/2025,88.34,86.54,88.38,86.27,30.24M,0.62%
01/24/2025,86.75,88.43,88.83,86.01,36.24M,-1.80%
01/27/2025,79.14,77.58,81.03,77.18,80.91M,-8.77%
01/28/2025,82.65,79.58,83.17,78.0,50.52M,4.44%
01/29/2025,82.14,82.91,82.98,80.26,59.24M,-0.62%
01/30/2025,83.17,83.47,84.58,80.86,57.59M,1.25%
01/31/2025,82.72,84.92,87.09,82.18,59.33M,-0.54%
02/03/2025,80.72,78.53,81.99,77.34,76.63M,-2.42%
02/04/2025,83.65,80.91,83.94,80.73,42.32M,3.63%
02/05/2025,84.74,82.35,84.82,81.76,39.85M,1.30%
02/06/2025,86.01,84.96,86.13,84.19,38.22M,1.50%
02/07/2025,82.73,86.26,87.19,82.35,55.44M,-3.81%
02/10/2025,85.64,84.73,86.2,84.5,32.80M,3.52%
02/11/2025,85.03,84.07,85.99,84.01,31.30M,-0.71%
02/12/2025,85.2,82.28,85.61,82.1,48.49M,0.20%
02/13/2025,88.79,85.98,88.96,85.58,46.46M,4.21%
02/14/2025,89.83,88.81,90.18,88.6,38.03M,1.17%
02/18/2025,90.39,90.63,90.75,88.75,34.41M,0.62%
02/19/2025,90.4,90.0,91.12,88.92,34.26M,0.01%
02/20/2025,89.3,90.05,90.23,86.89,40.13M,-1.22%
02/21/2025,83.71,89.77,89.79,83.47,59.31M,-6.26%
02/24/2025,80.7,84.5,85.05,80.5,53.23M,-3.60%
02/25/2025,77.62,80.33,80.38,75.78,75.60M,-3.82%
02/26/2025,78.12,78.58,80.45,76.69,63.18M,0.64%
02/27/2025,71.64,79.72,80.17,71.48,103.38M,-8.29%
02/28/2025,74.92,71.46,75.17,70.07,93.18M,4.58%
03/03/2025,70.08,76.37,77.05,68.43,91.95M,-6.46%
03/04/2025,69.31,68.76,72.77,66.01,130.84M,-1.10%
03/05/2025,72.01,69.55,72.68,67.49,100.63M,3.90%
03/06/2025,66.04,68.39,70.5,65.17,122.82M,-8.29%
03/07/2025,67.41,65.56,68.01,62.89,135.18M,2.07%
03/10/2025,59.81,64.0,64.19,57.88,156.14M,-11.27%
03/11/2025,59.11,59.4,61.85,57.37,139.49M,-1.17%
03/12/2025,61.13,61.94,62.66,59.16,141.92M,3.42%
03/13/2025,57.79,60.8,60.85,57.04,121.23M,-5.46%
03/14/2025,61.89,59.71,62.23,59.5,99.11M,7.09%
03/17/2025,63.09,61.88,64.28,61.15,90.15M,1.94%
03/18/2025,59.91,61.77,61.78,59.01,87.83M,-5.04%
03/19/2025,62.24,60.68,63.91,59.94,92.59M,3.89%
03/20/2025,61.6,60.66,63.63,60.37,88.41M,-1.03%
03/21/2025,62.18,59.53,62.42,59.07,80.49M,0.94%
03/24/2025,66.13,65.06,66.53,64.82,63.41M,6.35%
03/25/2025,67.31,66.48,67.37,66.09,55.57M,1.78%
03/26/2025,63.38,66.64,66.99,62.76,79.57M,-5.84%
03/27/2025,62.3,62.6,64.23,61.75,72.37M,-1.70%
03/28/2025,57.34,61.54,61.81,56.97,103.63M,-7.96%
03/31/2025,57.3,54.72,57.63,53.04,106.85M,-0.07%
04/01/2025,58.62,56.68,58.99,55.62,97.10M,2.30%
04/02/2025,59.93,56.19,61.2,56.09,123.09M,2.23%
04/03/2025,50.3,52.43,53.83,50.11,140.12M,-16.07%
04/04/2025,41.09,45.99,46.78,41.03,258.03M,-18.31%
04/07/2025,41.25,36.75,46.83,35.0,395.73M,0.39%
04/08/2025,38.9,45.39,46.81,37.1,251.15M,-5.70%
04/09/2025,52.61,38.76,53.41,38.73,356.93M,35.24%
04/10/2025,46.14,48.68,49.34,41.57,281.69M,-12.30%
04/11/2025,48.58,45.67,49.07,44.62,179.29M,5.29%
04/14/2025,49.6,51.9,52.05,48.07,147.43M,2.10%
04/15/2025,49.79,49.96,51.21,49.19,104.67M,0.38%
04/16/2025,45.29,46.83,48.01,43.16,134.57M,-9.04%
04/17/2025,45.16,46.09,46.29,44.35,101.10M,-0.29%
04/21/2025,41.86,43.37,43.64,40.24,114.77M,-7.31%
04/22/2025,45.06,43.46,45.98,43.1,130.11M,7.64%
04/23/2025,48.05,49.24,50.83,47.63,152.00M,6.64%
04/24/2025,52.14,48.74,52.28,48.54,120.31M,8.51%
04/25/2025,53.86,52.04,54.07,51.48,113.05M,3.30%
04/28/2025,53.82,54.02,54.64,51.64,95.68M,-0.07%
04/29/2025,54.87,53.04,55.17,52.83,84.90M,1.95%
04/30/2025,54.88,51.96,55.42,50.32,134.22M,0.02%
05/01/2025,56.77,57.56,58.88,56.63,102.74M,3.44%
05/02/2025,59.43,58.64,60.19,58.03,97.55M,4.69%
05/05/2025,58.4,57.9,59.5,57.7,69.29M,-1.73%
05/06/2025,56.74,56.06,58.04,55.57,82.94M,-2.84%
05/07/2025,57.4,56.96,58.26,55.08,104.37M,1.16%
05/08/2025,59.11,59.2,60.71,57.66,98.81M,2.98%
05/09/2025,58.97,59.8,60.27,58.33,73.41M,-0.24%
05/12/2025,66.11,65.85,66.16,63.85,101.24M,12.11%
05/13/2025,69.14,66.67,69.86,66.36,85.30M,4.58%
05/14/2025,70.36,69.61,70.61,69.21,80.59M,1.76%
05/15/2025,70.58,69.48,71.69,68.93,80.85M,0.31%
05/16/2025,71.45,71.11,71.52,69.65,63.81M,1.23%
05/19/2025,71.64,68.47,71.86,68.43,71.90M,0.27%
05/20/2025,70.89,70.58,71.17,69.4,67.03M,-1.05%
05/21/2025,67.94,69.24,71.99,67.18,109.63M,-4.16%
05/22/2025,68.29,68.16,69.75,67.62,86.77M,0.52%
05/23/2025,66.32,65.09,67.34,64.86,107.11M,-2.88%
05/27/2025,70.94,68.99,71.14,68.39,65.27M,6.97%
05/28/2025,70.03,71.34,71.94,69.78,66.27M,-1.28%
05/29/2025,70.37,73.0,73.06,69.33,97.72M,0.49%
05/30/2025,70.0,70.13,70.6,67.04,93.56M,-0.53%
06/02/2025,71.61,69.2,71.72,68.69,68.96M,2.30%
06/03/2025,73.28,71.76,73.88,71.4,64.36M,2.33%
06/04/2025,73.87,73.58,74.32,72.71,64.44M,0.81%
06/05/2025,72.15,74.45,75.65,71.3,99.51M,-2.33%
06/06/2025,74.21,74.27,75.01,73.54,65.61M,2.86%
06/09/2025,74.54,74.31,75.24,73.84,50.18M,0.44%
06/10/2025,75.98,74.71,76.29,73.76,61.35M,1.93%
06/11/2025,75.2,76.59,77.07,74.22,90.83M,-1.03%
06/12/2025,75.69,74.6,76.13,74.52,63.06M,0.65%
06/13/2025,72.83,73.1,74.89,72.27,105.33M,-3.78%
06/16/2025,75.8,74.22,76.25,74.22,58.33M,4.08%
06/17/2025,73.56,74.68,75.38,73.08,67.71M,-2.96%
06/18/2025,73.46,73.92,74.96,72.84,71.33M,-0.14%
06/20/2025,72.45,74.76,75.33,71.71,81.68M,-1.37%
06/23/2025,74.7,72.73,74.93,71.42,83.79M,3.11%
06/24/2025,78.1,76.91,78.51,76.65,56.60M,4.55%
06/25/2025,78.48,78.88,79.42,77.72,50.72M,0.49%
06/26/2025,80.63,79.42,80.85,78.62,50.07M,2.74%
06/27/2025,81.42,81.03,82.25,79.85,73.01M,0.98%
06/30/2025,83.0,82.8,83.49,81.83,56.86M,1.94%
07/01/2025,80.89,82.12,82.54,79.81,70.19M,-2.54%
07/02/2025,82.5,80.46,82.59,80.43,50.14M,1.99%
07/03/2025,84.81,83.49,85.29,83.49,41.74M,2.80%
07/07/2025,82.92,83.6,83.97,81.8,69.84M,-2.23%
07/08/2025,83.03,83.48,83.78,82.47,57.76M,0.13%
07/09/2025,84.75,83.97,85.39,83.35,58.99M,2.07%
07/10/2025,84.36,85.03,85.22,83.14,55.16M,-0.46%
07/11/2025,83.72,83.32,84.45,82.75,53.47M,-0.76%
07/14/2025,84.61,83.63,84.94,82.55,48.66M,1.06%
07/15/2025,84.83,86.43,86.67,84.8,61.63M,0.26%
07/16/2025,85.07,85.06,85.35,82.44,83.18M,0.28%
07/17/2025,87.05,85.37,87.32,85.0,48.67M,2.33%
07/18/2025,86.75,87.64,87.74,86.19,49.25M,-0.34%
07/21/2025,88.07,87.15,88.98,87.12,43.86M,1.52%
07/22/2025,86.7,88.13,88.16,85.46,54.17M,-1.56%
07/23/2025,87.84,87.18,87.88,85.9,59.01M,1.31%
07/24/2025,88.42,88.45,88.96,87.6,45.19M,0.66%
07/25/2025,88.92,88.31,89.58,87.98,39.50M,0.57%
07/28/2025,89.79,89.59,90.19,89.18,47.80M,0.97%
07/29/2025,89.38,90.99,91.63,88.98,58.13M,-0.45%
07/30/2025,89.69,89.74,90.88,88.26,72.76M,0.35%
07/31/2025,88.21,92.71,92.75,87.66,89.44M,-1.65%
08/01/2025,82.92,85.25,85.32,81.86,109.89M,-6.00%
08/04/2025,87.46,85.22,87.57,85.16,54.29M,5.48%
08/05/2025,85.64,88.05,88.61,85.42,76.04M,-2.08%
08/06/2025,88.84,86.03,89.07,85.81,64.50M,3.74%
08/07/2025,89.74,90.89,91.67,87.82,84.62M,1.01%
08/08/2025,92.16,90.24,92.28,90.1,52.26M,2.70%
08/11/2025,91.35,92.23,93.24,90.71,47.31M,-0.88%
08/12/2025,94.72,92.42,94.89,91.13,60.14M,3.69%
08/13/2025,94.86,96.05,96.32,94.18,48.03M,0.15%
08/14/2025,94.6,93.84,95.59,93.64,53.19M,-0.27%
08/15/2025,93.26,94.47,94.51,92.42,48.08M,-1.42%
08/18/2025,93.14,92.8,93.46,92.23,36.69M,-0.13%
08/19/2025,89.34,92.77,92.86,88.82,55.56M,-4.08%
08/20/2025,87.71,88.83,88.89,84.38,82.20M,-1.82%
08/21/2025,86.49,86.95,87.95,85.39,59.96M,-1.39%
08/22/2025,90.38,87.02,91.32,86.37,66.36M,4.50%
08/25/2025,89.59,89.62,90.98,89.03,40.23M,-0.87%
08/26/2025,90.63,89.31,90.77,88.83,42.19M,1.16%
08/27/2025,91.04,90.14,91.44,89.54,45.03M,0.45%
08/28/2025,92.7,91.28,93.11,90.51,45.33M,1.82%
08/29/2025,89.36,91.42,91.59,88.49,60.94M,-3.60%
09/02/2025,87.08,85.11,87.24,84.25,83.33M,-2.55%
09/03/2025,89.11,88.73,89.88,87.59,59.96M,2.33%
09/04/2025,91.52,89.4,91.66,88.61,50.88M,2.70%
09/05/2025,91.82,93.94,94.24,89.69,86.31M,0.33%
09/08/2025,93.13,92.91,94.1,92.64,50.85M,1.43%
09/09/2025,93.89,93.5,94.11,92.24,47.31M,0.82%
09/10/2025,93.99,95.45,95.46,92.94,60.41M,0.11%
09/11/2025,95.57,95.19,95.98,94.41,45.62M,1.68%
09/12/2025,96.76,95.96,97.37,95.53,46.12M,1.25%
09/15/2025,99.23,97.64,99.27,97.57,39.06M,2.55%
09/16/2025,98.96,99.67,99.81,98.61,38.57M,-0.27%
09/17/2025,98.33,98.89,99.2,95.51,73.85M,-0.64%
09/18/2025,100.98,100.76,102.37,99.79,61.70M,2.70%
09/19/2025,102.98,101.88,103.29,101.15,42.18M,1.98%
09/22/2025,104.72,102.42,105.08,102.42,40.53M,1.69%
09/23/2025,102.61,104.79,104.9,101.98,49.97M,-2.01%
09/24/2025,101.41,103.21,103.36,99.99,50.53M,-1.17%
09/25/2025,100.05,99.4,100.87,97.5,61.41M,-1.34%
09/26/2025,101.25,100.4,101.38,98.74,62.05M,1.20%
09/29/2025,102.6,102.79,104.28,101.94,46.20M,1.33%
09/30/2025,103.4,102.41,103.57,101.22,46.16M,0.78%
10/01/2025,104.86,101.73,105.14,101.3,47.00M,1.41%
10/02/2025,106.14,106.81,106.83,104.66,44.58M,1.22%
10/03/2025,104.7,106.44,106.87,103.76,51.55M,-1.36%
10/06/2025,107.04,107.4,107.88,106.13,41.24M,2.23%
10/07/2025,105.31,107.7,108.06,104.52,50.09M,-1.62%
10/08/2025,108.88,105.72,109.05,105.66,43.47M,3.39%
10/09/2025,108.45,108.88,108.96,106.75,43.98M,-0.39%
10/10/2025,97.07,108.73,109.66,96.83,119.00M,-10.49%
10/13/2025,103.23,102.06,103.68,100.85,57.26M,6.35%
10/14/2025,101.13,99.73,103.53,97.07,73.62M,-2.03%
10/15/2025,103.2,104.14,105.51,100.04,63.53M,2.05%
10/16/2025,102.05,104.68,106.33,99.75,79.67M,-1.11%
10/17/2025,103.99,100.92,104.77,100.12,71.14M,1.90%
10/20/2025,107.89,105.61,108.52,105.55,39.96M,3.75%
10/21/2025,107.77,107.89,108.48,106.67,39.91M,-0.11%
10/22/2025,104.6,107.45,107.74,101.58,67.19M,-2.94%
10/23/2025,107.22,104.27,107.63,104.08,45.62M,2.50%
10/24/2025,110.56,109.99,111.26,109.53,42.19M,3.12%
