Date,open_adj,high_adj,low_adj,close_adj,volume
1999-01-22,0.040109,0.044765,0.035573,0.037603,2714688000
1999-01-25,0.040587,0.042019,0.037603,0.041542,510480000
1999-01-26,0.042019,0.042855,0.037722,0.038319,343200000
1999-01-27,0.038438,0.039393,0.036289,0.0382,244368000
1999-01-28,0.0382,0.038438,0.037841,0.03808,227520000
1999-01-29,0.03808,0.0382,0.036289,0.036289,244032000
1999-02-01,0.036289,0.037244,0.036289,0.037006,154704000
1999-02-02,0.036289,0.037244,0.033067,0.034141,264096000
1999-02-03,0.033663,0.035335,0.033424,0.034857,75120000
1999-02-04,0.035335,0.037722,0.034857,0.036767,181920000
1999-02-05,0.037364,0.0382,0.036409,0.037841,136848000
1999-02-08,0.03808,0.0382,0.036528,0.036528,154080000
1999-02-09,0.037244,0.037483,0.034618,0.035095,86976000
1999-02-10,0.035095,0.036051,0.034141,0.034738,148224000
1999-02-11,0.034857,0.039154,0.034857,0.037722,132240000
1999-02-12,0.0382,0.040109,0.0382,0.039871,109728000
1999-02-16,0.040587,0.042258,0.036051,0.040109,211008000
1999-02-17,0.039154,0.039632,0.037244,0.03796,67728000
1999-02-18,0.039154,0.039632,0.037483,0.038557,70704000
1999-02-19,0.0382,0.040587,0.037722,0.039871,75360000
1999-02-22,0.040587,0.041065,0.03796,0.040109,205248000
1999-02-23,0.041065,0.042855,0.038677,0.042019,138096000
1999-02-24,0.048227,0.050137,0.044287,0.045362,612768000
1999-02-25,0.047272,0.048704,0.043213,0.04393,149136000
1999-02-26,0.044407,0.045839,0.041542,0.0419,172608000
1999-03-01,0.042974,0.04393,0.040109,0.042139,92160000
1999-03-02,0.042019,0.042258,0.041065,0.041781,55248000
1999-03-03,0.042019,0.042019,0.038677,0.038916,61392000
1999-03-04,0.040825,0.041065,0.037722,0.03808,57360000
1999-03-05,0.038438,0.040348,0.038438,0.040229,78768000
1999-03-08,0.039154,0.042019,0.038438,0.040825,75888000
1999-03-09,0.040706,0.042736,0.040706,0.042139,143184000
1999-03-10,0.042736,0.042736,0.040825,0.041422,235344000
1999-03-11,0.040706,0.041422,0.039632,0.039632,54288000
1999-03-12,0.039871,0.039871,0.0382,0.038916,90768000
1999-03-15,0.039871,0.041065,0.039632,0.040587,108816000
1999-03-16,0.040825,0.041303,0.038916,0.039274,79152000
1999-03-17,0.039632,0.040348,0.038557,0.039513,51360000
1999-03-18,0.039632,0.040587,0.038677,0.03999,46320000
1999-03-19,0.039871,0.041303,0.039871,0.040109,105312000
1999-03-22,0.040945,0.041065,0.038916,0.038916,36672000
1999-03-23,0.039154,0.039154,0.035812,0.036528,163968000
1999-03-24,0.036289,0.036528,0.034857,0.036289,60864000
1999-03-25,0.03617,0.0382,0.036051,0.036767,40320000
1999-03-26,0.037244,0.040109,0.037244,0.03999,88272000
1999-03-29,0.041184,0.042139,0.040468,0.041184,65952000
1999-03-30,0.041303,0.041661,0.037483,0.037722,69504000
1999-03-31,0.038916,0.040825,0.037125,0.040348,153600000
1999-04-01,0.040348,0.040587,0.038438,0.039154,30432000
1999-04-05,0.038677,0.039632,0.037722,0.03796,98640000
1999-04-06,0.038319,0.038438,0.036289,0.037006,69696000
1999-04-07,0.037244,0.040348,0.037006,0.040109,89280000
1999-04-08,0.040348,0.042019,0.039871,0.040825,130128000
1999-04-09,0.041065,0.041065,0.039871,0.040109,48624000
1999-04-12,0.039632,0.039632,0.037722,0.038438,33312000
1999-04-13,0.039154,0.039154,0.036289,0.036886,36144000
1999-04-14,0.036767,0.037603,0.035812,0.035812,48288000
1999-04-15,0.036767,0.036767,0.035812,0.036767,35856000
1999-04-16,0.036528,0.038557,0.036528,0.03796,38928000
1999-04-19,0.038438,0.038438,0.035812,0.036289,31296000
1999-04-20,0.036289,0.037722,0.035215,0.035573,67680000
1999-04-21,0.035573,0.036289,0.035335,0.03617,37488000
1999-04-22,0.036289,0.036289,0.03426,0.034618,227184000
1999-04-23,0.034499,0.034618,0.032708,0.032947,126048000
1999-04-26,0.032947,0.033424,0.030559,0.031276,123504000
1999-04-27,0.031992,0.034857,0.031514,0.034618,226944000
1999-04-28,0.034857,0.034857,0.033305,0.034379,120096000
1999-04-29,0.034499,0.034618,0.033663,0.034379,48144000
1999-04-30,0.034738,0.036289,0.034499,0.034857,99312000
1999-05-03,0.035215,0.035215,0.034141,0.035095,33840000
1999-05-04,0.035095,0.035095,0.03247,0.033186,96048000
1999-05-05,0.033424,0.033902,0.031514,0.033902,144576000
1999-05-06,0.033663,0.034379,0.03223,0.033245,35616000
1999-05-07,0.03223,0.033663,0.03223,0.033424,25008000
1999-05-10,0.033186,0.034141,0.033186,0.033424,19680000
1999-05-11,0.034857,0.036289,0.034141,0.035215,171744000
1999-05-12,0.035573,0.036409,0.035095,0.036289,168480000
1999-05-13,0.036289,0.037244,0.03617,0.036289,69936000
1999-05-14,0.036289,0.036289,0.033902,0.034379,28464000
1999-05-17,0.033902,0.036051,0.033783,0.036051,35760000
1999-05-18,0.036409,0.0382,0.035335,0.037722,151536000
1999-05-19,0.039393,0.040825,0.035454,0.036051,451728000
1999-05-20,0.036289,0.036289,0.031873,0.033186,178176000
1999-05-21,0.032708,0.032708,0.031514,0.03247,303504000
1999-05-24,0.032708,0.033424,0.031873,0.03235,162624000
1999-05-25,0.03247,0.032947,0.03223,0.032589,130080000
1999-05-26,0.03247,0.034141,0.03247,0.03247,104736000
1999-05-27,0.032708,0.032708,0.03223,0.03223,82320000
1999-05-28,0.032708,0.032708,0.03223,0.032589,88656000
1999-06-01,0.03247,0.032708,0.031992,0.032708,98544000
1999-06-02,0.032708,0.032708,0.031514,0.031514,130128000
1999-06-03,0.03235,0.032589,0.031992,0.03235,41568000
1999-06-04,0.032589,0.032708,0.03235,0.032589,78912000
1999-06-07,0.032768,0.033424,0.032708,0.032947,125136000
1999-06-08,0.033067,0.034379,0.032947,0.033783,153312000
1999-06-09,0.033902,0.035095,0.033902,0.034379,95184000
1999-06-10,0.034379,0.034618,0.034141,0.034499,36096000
1999-06-11,0.034499,0.034618,0.032589,0.033783,61008000
1999-06-14,0.033842,0.033902,0.03223,0.03247,51648000
1999-06-15,0.03247,0.032708,0.031992,0.03247,49296000
1999-06-16,0.032947,0.034379,0.03247,0.033424,64416000
1999-06-17,0.033186,0.033663,0.03247,0.03247,74928000
1999-06-18,0.032708,0.032708,0.031276,0.031276,158736000
1999-06-21,0.03223,0.032947,0.031365,0.032947,83472000
1999-06-22,0.032947,0.032947,0.031634,0.03235,193056000
1999-06-23,0.031992,0.032947,0.031634,0.032947,210912000
1999-06-24,0.033186,0.033186,0.031992,0.03223,115200000
1999-06-25,0.031992,0.033067,0.031992,0.032708,73536000
1999-06-28,0.033783,0.033783,0.03247,0.033186,109152000
1999-06-29,0.033663,0.034021,0.033186,0.033544,92688000
1999-06-30,0.034618,0.036528,0.033902,0.036528,269232000
1999-07-01,0.036528,0.036528,0.032708,0.034618,88992000
1999-07-02,0.035095,0.037125,0.034379,0.037125,224880000
1999-07-06,0.037483,0.037483,0.036767,0.037244,198096000
1999-07-07,0.037483,0.037483,0.036528,0.036528,63120000
1999-07-08,0.036767,0.03796,0.035573,0.037364,186048000
1999-07-09,0.037244,0.040825,0.037244,0.040527,211728000
1999-07-12,0.042974,0.044168,0.041303,0.042377,401040000
1999-07-13,0.042855,0.043093,0.040587,0.042497,138864000
1999-07-14,0.042497,0.043452,0.040587,0.040825,137952000
1999-07-15,0.041184,0.042497,0.041065,0.041065,137040000
1999-07-16,0.041781,0.042258,0.041065,0.0419,103872000
1999-07-19,0.042019,0.042139,0.040587,0.040825,43632000
1999-07-20,0.040825,0.040825,0.038677,0.040109,178752000
1999-07-21,0.039632,0.039632,0.037722,0.038916,112080000
1999-07-22,0.038677,0.038677,0.036767,0.037125,213264000
1999-07-23,0.037006,0.0382,0.037006,0.037125,80256000
1999-07-26,0.03808,0.03808,0.037244,0.037244,60528000
1999-07-27,0.037244,0.037483,0.036767,0.037364,98592000
1999-07-28,0.037244,0.038438,0.037125,0.03796,244224000
1999-07-29,0.037244,0.038438,0.037006,0.038319,388800000
1999-07-30,0.038319,0.039393,0.0382,0.038438,452304000
1999-08-02,0.038438,0.038916,0.0382,0.038797,313344000
1999-08-03,0.038796,0.038796,0.037483,0.037841,255216000
1999-08-04,0.03808,0.0382,0.037722,0.037841,89952000
1999-08-05,0.037841,0.038438,0.037244,0.038438,240576000
1999-08-06,0.038319,0.038557,0.0382,0.038438,183984000
1999-08-09,0.038557,0.038916,0.0382,0.038438,31056000
1999-08-10,0.038677,0.040825,0.038438,0.039154,212064000
1999-08-11,0.039871,0.042258,0.039393,0.041781,197712000
1999-08-12,0.042019,0.044884,0.041781,0.043809,239616000
1999-08-13,0.043452,0.044287,0.042974,0.043333,84672000
1999-08-16,0.04369,0.04369,0.040229,0.041661,223440000
1999-08-17,0.041781,0.042497,0.040706,0.041781,193536000
1999-08-18,0.041303,0.043213,0.040468,0.042736,279888000
1999-08-19,0.04572,0.054196,0.044168,0.051808,1966992000
1999-08-20,0.051928,0.052285,0.04942,0.051331,353088000
1999-08-23,0.050614,0.050614,0.046555,0.048227,507984000
1999-08-24,0.047511,0.048466,0.045123,0.047988,398064000
1999-08-25,0.048107,0.048585,0.045839,0.047749,350352000
1999-08-26,0.047749,0.048466,0.046317,0.047033,275376000
1999-08-27,0.047988,0.051569,0.047749,0.049659,552384000
1999-08-30,0.050495,0.05145,0.047391,0.04948,158640000
1999-08-31,0.049659,0.053956,0.048704,0.053718,786864000
1999-09-01,0.053718,0.053718,0.050375,0.051211,565344000
1999-09-02,0.049539,0.050853,0.048466,0.050614,341088000
1999-09-03,0.051569,0.052285,0.050614,0.050972,258864000
1999-09-07,0.051808,0.051808,0.050495,0.050734,124416000
1999-09-08,0.050853,0.051211,0.050614,0.050614,170064000
1999-09-09,0.051092,0.05145,0.048943,0.049898,209472000
1999-09-10,0.050734,0.051331,0.050375,0.050614,167424000
1999-09-13,0.050853,0.050853,0.048466,0.048943,174432000
1999-09-14,0.048943,0.048943,0.047272,0.047511,250368000
1999-09-15,0.046914,0.048466,0.046555,0.047869,212736000
1999-09-16,0.047272,0.047749,0.046078,0.046674,158112000
1999-09-17,0.046376,0.046795,0.044884,0.046555,171648000
1999-09-20,0.04572,0.046317,0.044884,0.044884,229104000
1999-09-21,0.04393,0.044168,0.03999,0.040587,737328000
1999-09-22,0.040587,0.041781,0.0382,0.041542,375984000
1999-09-23,0.041661,0.041781,0.037722,0.03808,379584000
1999-09-24,0.0382,0.039154,0.031992,0.034618,684912000
1999-09-27,0.036886,0.037483,0.034618,0.036767,432000000
1999-09-28,0.036826,0.040587,0.036767,0.040109,413184000
1999-09-29,0.040945,0.042497,0.036289,0.036886,594048000
1999-09-30,0.0382,0.039393,0.036289,0.036767,342528000
1999-10-01,0.03617,0.037483,0.034618,0.036528,347760000
1999-10-04,0.037722,0.037841,0.036767,0.037244,177600000
1999-10-05,0.037244,0.041065,0.037244,0.040825,478080000
1999-10-06,0.040945,0.047749,0.040587,0.04572,1508736000
1999-10-07,0.04763,0.04763,0.042497,0.042736,487296000
1999-10-08,0.042736,0.046198,0.041065,0.044884,398928000
1999-10-11,0.045242,0.045362,0.042497,0.04369,544464000
1999-10-12,0.04393,0.044407,0.042974,0.043093,322992000
1999-10-13,0.042616,0.042616,0.041065,0.0419,280368000
1999-10-14,0.042019,0.042019,0.040587,0.041065,192336000
1999-10-15,0.039035,0.041065,0.038916,0.040825,210720000
1999-10-18,0.040945,0.040945,0.038438,0.038677,215184000
1999-10-19,0.039871,0.039871,0.036409,0.037125,308928000
1999-10-20,0.037722,0.038916,0.037125,0.038438,348720000
1999-10-21,0.038319,0.040229,0.037244,0.040229,382128000
1999-10-22,0.040109,0.042377,0.040109,0.041184,286752000
1999-10-25,0.040945,0.041542,0.039154,0.039154,213840000
1999-10-26,0.040825,0.044407,0.040587,0.042974,481248000
1999-10-27,0.043213,0.043452,0.040348,0.041065,214128000
1999-10-28,0.041303,0.042019,0.038916,0.039154,222768000
1999-10-29,0.039632,0.042974,0.039393,0.042258,330528000
1999-11-01,0.041542,0.046555,0.041542,0.044884,782544000
1999-11-02,0.04572,0.047988,0.045362,0.047749,837504000
1999-11-03,0.049659,0.053718,0.049301,0.052404,2011680000
1999-11-04,0.053002,0.05718,0.053002,0.055747,1260336000
1999-11-05,0.057299,0.057777,0.051331,0.053956,616368000
1999-11-08,0.052285,0.057061,0.050614,0.055509,470016000
1999-11-09,0.055389,0.055628,0.052524,0.054672,272352000
1999-11-10,0.054852,0.054912,0.053121,0.054196,144048000
1999-11-11,0.054196,0.06088,0.053002,0.058015,562704000
1999-11-12,0.060522,0.061119,0.057061,0.061119,501504000
1999-11-15,0.061536,0.063387,0.05897,0.059926,362208000
1999-11-16,0.061358,0.066849,0.061119,0.065656,723792000
1999-11-17,0.066849,0.071624,0.065894,0.068162,786384000
1999-11-18,0.069594,0.070192,0.067804,0.0684,235968000
1999-11-19,0.076638,0.084755,0.076398,0.08189,2165184000
1999-11-22,0.083979,0.084039,0.076876,0.081771,540192000
1999-11-23,0.073414,0.076757,0.072579,0.075922,553248000
1999-11-24,0.075563,0.076398,0.067924,0.073533,406848000
1999-11-26,0.072817,0.073533,0.070669,0.073057,71760000
1999-11-29,0.072817,0.073773,0.068759,0.07043,298608000
1999-11-30,0.070669,0.071862,0.066132,0.066132,314688000
1999-12-01,0.066132,0.07043,0.066132,0.069475,223536000
1999-12-02,0.069714,0.075563,0.069714,0.074608,309888000
1999-12-03,0.075324,0.076638,0.071862,0.072817,342768000
1999-12-06,0.073057,0.075205,0.073057,0.074847,178608000
1999-12-07,0.075444,0.075563,0.069475,0.07234,186384000
1999-12-08,0.072101,0.076279,0.071862,0.075563,201696000
1999-12-09,0.075444,0.077354,0.070669,0.073295,214944000
1999-12-10,0.074608,0.074966,0.071146,0.072459,98304000
1999-12-13,0.071624,0.07413,0.070669,0.072221,183840000
1999-12-14,0.07234,0.07413,0.070311,0.071027,273888000
1999-12-15,0.070549,0.070908,0.067088,0.068759,205968000
1999-12-16,0.069117,0.070192,0.068043,0.068281,132576000
1999-12-17,0.070192,0.072937,0.069833,0.071862,262080000
1999-12-20,0.071982,0.079234,0.069475,0.077831,402432000
1999-12-21,0.077831,0.081293,0.074966,0.081174,388368000
1999-12-22,0.081412,0.084039,0.078309,0.083084,251184000
1999-12-23,0.083203,0.088814,0.082845,0.088575,280224000
1999-12-27,0.090485,0.090604,0.084277,0.085233,202416000
1999-12-28,0.085233,0.088336,0.084755,0.084993,179184000
1999-12-29,0.084815,0.088814,0.084755,0.087858,132144000
1999-12-30,0.087858,0.089172,0.086426,0.088575,139776000
1999-12-31,0.088395,0.089769,0.088098,0.089649,127344000
2000-01-03,0.090246,0.090962,0.084277,0.08941,300912000
2000-01-04,0.087858,0.088098,0.082606,0.087023,300480000
2000-01-05,0.084517,0.085949,0.082964,0.084158,188352000
2000-01-06,0.084158,0.084158,0.075444,0.078667,120480000
2000-01-07,0.078309,0.080815,0.077115,0.07998,71184000
2000-01-10,0.080219,0.085949,0.078787,0.082606,239856000
2000-01-11,0.082128,0.083084,0.079263,0.079263,148128000
2000-01-12,0.079263,0.079383,0.07616,0.077235,123552000
2000-01-13,0.077115,0.081174,0.07616,0.080457,132192000
2000-01-14,0.081652,0.087261,0.081412,0.083919,604560000
2000-01-18,0.084993,0.087858,0.081174,0.087501,261648000
2000-01-19,0.087858,0.087858,0.085949,0.086665,164688000
2000-01-20,0.087382,0.092156,0.08571,0.086426,179568000
2000-01-21,0.086187,0.086545,0.083322,0.085471,544272000
2000-01-24,0.088217,0.088217,0.081174,0.081652,256944000
2000-01-25,0.082009,0.082845,0.078309,0.080935,237120000
2000-01-26,0.080935,0.083084,0.07616,0.077592,232464000
2000-01-27,0.078189,0.078189,0.070669,0.073533,458208000
2000-01-28,0.072579,0.073057,0.068521,0.071385,194448000
2000-01-31,0.071743,0.073295,0.066849,0.070789,182400000
2000-02-01,0.070908,0.073057,0.068281,0.072459,92976000
2000-02-02,0.072817,0.075922,0.072459,0.074489,149040000
2000-02-03,0.076876,0.078428,0.075205,0.075682,108240000
2000-02-04,0.07807,0.07807,0.075922,0.077473,123696000
2000-02-07,0.077831,0.077831,0.072579,0.072698,217488000
2000-02-08,0.074489,0.078787,0.072579,0.07616,468816000
2000-02-09,0.079025,0.080338,0.077951,0.07807,589056000
2000-02-10,0.082845,0.095499,0.082845,0.094066,970080000
2000-02-11,0.098721,0.098841,0.088575,0.095499,423792000
2000-02-14,0.095737,0.110778,0.094782,0.110778,650112000
2000-02-15,0.111017,0.111136,0.101945,0.106481,450480000
2000-02-16,0.107675,0.115076,0.106481,0.111375,1019568000
2000-02-17,0.111256,0.116031,0.109584,0.115314,535776000
2000-02-18,0.113643,0.130356,0.112808,0.128685,960864000
2000-02-22,0.124626,0.126296,0.120328,0.125103,542496000
2000-02-23,0.123671,0.127132,0.122118,0.12582,511392000
2000-02-24,0.126536,0.127371,0.119373,0.124626,244320000
2000-02-25,0.124745,0.124745,0.111733,0.116866,278736000
2000-02-28,0.116269,0.117463,0.11412,0.116031,517872000
2000-02-29,0.115314,0.123671,0.115314,0.122238,306048000
2000-03-01,0.122238,0.122238,0.116747,0.118657,383568000
2000-03-02,0.119612,0.119612,0.110301,0.110659,191040000
2000-03-03,0.110778,0.113643,0.109824,0.112449,273696000
2000-03-06,0.113166,0.121761,0.110778,0.111733,432096000
2000-03-07,0.143248,0.166645,0.13704,0.159124,1952208000
2000-03-08,0.159035,0.16187,0.147545,0.160437,668736000
2000-03-09,0.162347,0.206277,0.16187,0.191564,952944000
2000-03-10,0.201502,0.276945,0.200069,0.225376,2161200000
2000-03-13,0.204367,0.286495,0.202456,0.285063,2415168000
2000-03-14,0.283511,0.283511,0.206277,0.210335,1567776000
2000-03-15,0.225406,0.231226,0.194817,0.20174,995616000
2000-03-16,0.208186,0.215349,0.176911,0.179865,750384000
2000-03-17,0.175717,0.204367,0.175687,0.190758,557616000
2000-03-20,0.198279,0.204605,0.184551,0.190639,365280000
2000-03-21,0.190997,0.192668,0.166167,0.181208,536640000
2000-03-22,0.182641,0.188132,0.179537,0.182522,230592000
2000-03-23,0.18085,0.195772,0.180492,0.185744,309408000
2000-03-24,0.184551,0.192907,0.171897,0.177986,231600000
2000-03-27,0.177627,0.183357,0.164735,0.166286,388944000
2000-03-28,0.160557,0.162347,0.150887,0.153872,393312000
2000-03-29,0.154469,0.15805,0.137518,0.143725,469440000
2000-03-30,0.139427,0.15614,0.134653,0.142889,361920000
2000-03-31,0.152648,0.167839,0.149933,0.161362,962976000
2000-04-03,0.1599,0.160437,0.14456,0.148739,329952000
2000-04-04,0.156617,0.159244,0.108868,0.143248,513792000
2000-04-05,0.144681,0.186222,0.137279,0.175121,639600000
2000-04-06,0.183238,0.192549,0.174524,0.183238,404592000
2000-04-07,0.192429,0.200547,0.184312,0.195891,318576000
2000-04-10,0.199234,0.210813,0.174881,0.178582,395280000
2000-04-11,0.166137,0.181447,0.152798,0.167958,457584000
2000-04-12,0.168197,0.171897,0.149933,0.15053,313440000
2000-04-13,0.151723,0.157095,0.141576,0.144083,313296000
2000-04-14,0.134891,0.145277,0.125103,0.1314,421920000
2000-04-17,0.120328,0.143248,0.120328,0.138114,294096000
2000-04-18,0.152021,0.17142,0.147546,0.162586,477504000
2000-04-19,0.167719,0.169988,0.152798,0.154827,278352000
2000-04-20,0.159005,0.161989,0.151843,0.153991,153936000
2000-04-24,0.145157,0.151604,0.138711,0.146351,205968000
2000-04-25,0.152917,0.167123,0.152559,0.162347,249696000
2000-04-26,0.173688,0.177627,0.160437,0.160676,254112000
2000-04-27,0.149933,0.175478,0.149097,0.173807,280992000
2000-04-28,0.176553,0.183357,0.170226,0.170226,179040000
2000-05-01,0.176672,0.180492,0.171539,0.175717,119424000
2000-05-02,0.175717,0.185984,0.164018,0.168913,234000000
2000-05-03,0.167839,0.17333,0.152798,0.166167,329184000
2000-05-04,0.165809,0.17524,0.164377,0.168197,241200000
2000-05-05,0.16748,0.180014,0.165212,0.175956,170592000
2000-05-08,0.171419,0.177627,0.169271,0.16951,185136000
2000-05-09,0.172375,0.173807,0.162347,0.167123,176832000
2000-05-10,0.165451,0.16557,0.149216,0.150649,274080000
2000-05-11,0.152798,0.159841,0.150768,0.157095,245904000
2000-05-12,0.161393,0.169988,0.15232,0.15232,187824000
2000-05-15,0.151604,0.165451,0.144203,0.162825,282096000
2000-05-16,0.169987,0.18467,0.168077,0.179537,366432000
2000-05-17,0.189087,0.21893,0.188968,0.211051,1290624000
2000-05-18,0.212245,0.215707,0.195414,0.196726,509904000
2000-05-19,0.190997,0.201502,0.189565,0.195055,521184000
2000-05-22,0.192907,0.207709,0.175837,0.207709,517152000
2000-05-23,0.202456,0.225257,0.199115,0.206038,778560000
2000-05-24,0.205799,0.209142,0.176195,0.203412,739632000
2000-05-25,0.206396,0.218692,0.19804,0.200547,569184000
2000-05-26,0.201562,0.207112,0.189087,0.201562,183456000
2000-05-30,0.206993,0.21511,0.206038,0.209857,303648000
2000-05-31,0.209142,0.221557,0.209142,0.217975,469536000
2000-06-01,0.224422,0.22645,0.218452,0.224063,418992000
2000-06-02,0.228719,0.254026,0.228719,0.251281,592176000
2000-06-05,0.250922,0.269306,0.240894,0.256681,491904000
2000-06-06,0.257607,0.267157,0.242566,0.243879,375888000
2000-06-07,0.242089,0.244118,0.229435,0.233016,332352000
2000-06-08,0.238985,0.239224,0.225376,0.234807,460704000
2000-06-09,0.239224,0.252116,0.235642,0.241491,467280000
2000-06-12,0.242566,0.244595,0.229674,0.235045,380016000
2000-06-13,0.22848,0.242566,0.227287,0.242446,447840000
2000-06-14,0.246983,0.248296,0.239015,0.242208,275088000
2000-06-15,0.241491,0.248535,0.22848,0.248535,338592000
2000-06-16,0.247639,0.286495,0.24758,0.286018,987840000
2000-06-19,0.285302,0.327082,0.278139,0.303923,1052160000
2000-06-20,0.309176,0.312757,0.296045,0.299865,610272000
2000-06-21,0.295209,0.336155,0.295209,0.330305,614880000
2000-06-22,0.328873,0.335677,0.309176,0.31228,614352000
2000-06-23,0.303923,0.307744,0.282675,0.282795,607392000
2000-06-26,0.288405,0.318726,0.283869,0.316935,618288000
2000-06-27,0.31419,0.319443,0.263814,0.272171,604608000
2000-06-28,0.2779,0.288405,0.254026,0.261666,586608000
2000-06-29,0.25713,0.25713,0.219646,0.223944,1184880000
2000-06-30,0.234448,0.246864,0.222989,0.242805,1209192000
2000-07-03,0.244476,0.252116,0.231106,0.233494,232680000
2000-07-05,0.232539,0.233016,0.201502,0.208425,777936000
2000-07-06,0.208664,0.228719,0.20365,0.221079,603936000
2000-07-07,0.229196,0.233016,0.217736,0.222273,346560000
2000-07-10,0.218452,0.239224,0.216304,0.233732,351264000
2000-07-11,0.230629,0.264531,0.228003,0.252594,755304000
2000-07-12,0.263098,0.272887,0.254742,0.259755,388152000
2000-07-13,0.265247,0.28554,0.264769,0.284108,458736000
2000-07-14,0.289838,0.295329,0.275035,0.281959,280200000
2000-07-17,0.286257,0.286495,0.277901,0.278856,105552000
2000-07-18,0.263576,0.286495,0.263576,0.273364,183672000
2000-07-19,0.263576,0.265485,0.250445,0.255936,189504000
2000-07-20,0.255697,0.269306,0.254981,0.26286,142992000
2000-07-21,0.263576,0.271215,0.259755,0.266202,251928000
2000-07-24,0.266441,0.26835,0.233016,0.243521,281112000
2000-07-25,0.247341,0.249251,0.233971,0.234448,335304000
2000-07-26,0.234448,0.234448,0.210574,0.21702,380064000
2000-07-27,0.210097,0.212962,0.198637,0.201502,331560000
2000-07-28,0.202456,0.221317,0.190997,0.206277,512664000
2000-07-31,0.217736,0.229674,0.206277,0.229196,371232000
2000-08-01,0.229196,0.231106,0.222989,0.22466,350616000
2000-08-02,0.221557,0.232896,0.217975,0.229196,345432000
2000-08-03,0.206277,0.244476,0.206277,0.239224,368664000
2000-08-04,0.244954,0.248296,0.239701,0.243521,194784000
2000-08-07,0.245192,0.264769,0.244237,0.26262,246936000
2000-08-08,0.25689,0.271215,0.255936,0.25689,128112000
2000-08-09,0.260233,0.261904,0.24567,0.249251,136248000
2000-08-10,0.243521,0.257846,0.238746,0.252116,156432000
2000-08-11,0.252593,0.254503,0.234448,0.246147,131928000
2000-08-14,0.249251,0.251638,0.240656,0.248535,108576000
2000-08-15,0.249729,0.276945,0.249013,0.271992,443328000
2000-08-16,0.286734,0.286734,0.270499,0.278856,266232000
2000-08-17,0.275035,0.28554,0.27408,0.284108,129816000
2000-08-18,0.282914,0.297477,0.282437,0.294135,204720000
2000-08-21,0.304879,0.310131,0.297955,0.298671,464472000
2000-08-22,0.283153,0.28936,0.267873,0.270499,658872000
2000-08-23,0.266202,0.286734,0.260711,0.286257,352800000
2000-08-24,0.284586,0.296761,0.279333,0.293896,332616000
2000-08-25,0.290793,0.297,0.285063,0.286495,153048000
2000-08-28,0.287928,0.301775,0.284586,0.297955,189264000
2000-08-29,0.299149,0.299865,0.294135,0.297239,149376000
2000-08-30,0.293896,0.303923,0.290793,0.299865,178080000
2000-08-31,0.304401,0.315145,0.298433,0.303207,388896000
2000-09-01,0.309415,0.31228,0.300342,0.303685,204144000
2000-09-05,0.310848,0.311086,0.302014,0.304163,246144000
2000-09-06,0.305356,0.305356,0.280765,0.283153,230136000
2000-09-07,0.28745,0.29891,0.275513,0.298433,239760000
2000-09-08,0.29509,0.301775,0.27981,0.280765,222648000
2000-09-11,0.277184,0.278856,0.258801,0.269305,285888000
2000-09-12,0.269544,0.28363,0.263576,0.267634,125976000
2000-09-13,0.266918,0.271932,0.261188,0.267515,239976000
2000-09-14,0.268828,0.280765,0.261666,0.265009,216336000
2000-09-15,0.263576,0.274558,0.261666,0.270798,242592000
2000-09-18,0.271455,0.273126,0.252116,0.254981,163488000
2000-09-19,0.243283,0.263576,0.240656,0.26286,301104000
2000-09-20,0.255697,0.260711,0.250206,0.254265,227568000
2000-09-21,0.256174,0.270977,0.255936,0.265187,346824000
2000-09-22,0.238985,0.273126,0.238746,0.269783,387264000
2000-09-25,0.278139,0.29318,0.275991,0.289122,467568000
2000-09-26,0.292225,0.299388,0.278856,0.296045,337344000
2000-09-27,0.293658,0.326127,0.293658,0.31228,676128000
2000-09-28,0.309415,0.32374,0.301775,0.32183,333816000
2000-09-29,0.312757,0.324695,0.307505,0.312757,373872000
2000-10-02,0.317054,0.32947,0.297477,0.305356,340584000
2000-10-03,0.307028,0.309415,0.286495,0.288883,300264000
2000-10-04,0.281243,0.290316,0.277423,0.28554,419568000
2000-10-05,0.287689,0.287689,0.272887,0.278856,525048000
2000-10-06,0.279572,0.281482,0.257608,0.261427,1027176000
2000-10-09,0.254742,0.271215,0.236836,0.267157,665256000
2000-10-10,0.255936,0.268828,0.244476,0.246864,415944000
2000-10-11,0.231823,0.26262,0.222511,0.249012,535776000
2000-10-12,0.254503,0.269305,0.236836,0.239224,401616000
2000-10-13,0.240894,0.255936,0.238328,0.248773,578976000
2000-10-16,0.248773,0.248773,0.237313,0.243043,339216000
2000-10-17,0.242089,0.243043,0.22275,0.225376,463248000
2000-10-18,0.210813,0.234688,0.200785,0.221795,416952000
2000-10-19,0.23612,0.246386,0.232539,0.243283,294888000
2000-10-20,0.237553,0.272171,0.235881,0.265963,387360000
2000-10-23,0.268112,0.269783,0.251638,0.259995,182112000
2000-10-24,0.258801,0.263098,0.250684,0.251638,193968000
2000-10-25,0.244715,0.248296,0.228003,0.229674,385512000
2000-10-26,0.231106,0.248296,0.214871,0.239462,265776000
2000-10-27,0.239701,0.24561,0.225376,0.233971,210960000
2000-10-30,0.230151,0.235344,0.217259,0.217498,192120000
2000-10-31,0.226093,0.241134,0.219169,0.237373,299256000
2000-11-01,0.231583,0.240656,0.223466,0.237313,304536000
2000-11-02,0.24567,0.261666,0.241611,0.255458,192888000
2000-11-03,0.252116,0.276945,0.250206,0.272171,268632000
2000-11-06,0.278616,0.305595,0.276945,0.29318,635040000
2000-11-07,0.288405,0.288405,0.263576,0.273364,258240000
2000-11-08,0.276468,0.276468,0.261188,0.265247,187080000
2000-11-09,0.249251,0.261666,0.225854,0.237553,564528000
2000-11-10,0.24567,0.257846,0.218692,0.22466,805248000
2000-11-13,0.213439,0.250206,0.206277,0.225615,530040000
2000-11-14,0.240656,0.268828,0.238746,0.266918,470736000
2000-11-15,0.262144,0.270499,0.2514,0.263397,423864000
2000-11-16,0.255936,0.26262,0.244476,0.246864,235536000
2000-11-17,0.248773,0.261427,0.233971,0.242089,178776000
2000-11-20,0.233136,0.233255,0.22084,0.223466,298752000
2000-11-21,0.233016,0.234926,0.207709,0.219169,382512000
2000-11-22,0.210097,0.216781,0.198637,0.207709,409752000
2000-11-24,0.210097,0.227764,0.210097,0.219646,165072000
2000-11-27,0.235404,0.236836,0.203471,0.212245,363864000
2000-11-28,0.215468,0.217736,0.191713,0.196428,382344000
2000-11-29,0.199353,0.199591,0.16951,0.184312,636408000
2000-11-30,0.168555,0.168555,0.138951,0.154707,981624000
2000-12-01,0.164258,0.186222,0.163302,0.169987,784080000
2000-12-04,0.171062,0.176672,0.159482,0.172613,474264000
2000-12-05,0.18479,0.191474,0.1676,0.183835,997224000
2000-12-06,0.180254,0.185267,0.156617,0.157572,950928000
2000-12-07,0.149933,0.163064,0.141816,0.154707,785184000
2000-12-08,0.170703,0.190997,0.154767,0.190042,853392000
2000-12-11,0.183835,0.193861,0.17906,0.190042,757632000
2000-12-12,0.185267,0.188609,0.178582,0.18479,409512000
2000-12-13,0.184073,0.187177,0.167123,0.170465,675072000
2000-12-14,0.169271,0.170704,0.154707,0.158766,569016000
2000-12-15,0.148739,0.15805,0.142292,0.143009,1094424000
2000-12-18,0.148978,0.152798,0.145635,0.147724,658872000
2000-12-19,0.149933,0.163302,0.133697,0.136562,946200000
2000-12-20,0.129639,0.1485,0.115076,0.121761,1105392000
2000-12-21,0.12009,0.136562,0.105048,0.106481,845256000
2000-12-22,0.115076,0.146113,0.115076,0.133937,949080000
2000-12-26,0.135608,0.13704,0.11985,0.128445,343824000
2000-12-27,0.127013,0.142292,0.121761,0.13704,339456000
2000-12-28,0.131549,0.141338,0.1294,0.137756,419232000
2000-12-29,0.137518,0.142054,0.122238,0.125162,495168000
2001-01-02,0.126058,0.127729,0.113882,0.11436,290808000
2001-01-03,0.110778,0.150649,0.107913,0.149455,910368000
2001-01-04,0.146829,0.170465,0.14277,0.166645,815448000
2001-01-05,0.165212,0.165929,0.138473,0.141695,432768000
2001-01-08,0.137756,0.161393,0.137756,0.155185,573768000
2001-01-09,0.157334,0.161393,0.149694,0.158288,302904000
2001-01-10,0.150171,0.169987,0.14659,0.169271,392928000
2001-01-11,0.165212,0.19052,0.162347,0.183357,447648000
2001-01-12,0.18646,0.197682,0.177627,0.179537,669000000
2001-01-16,0.180492,0.180492,0.162586,0.165451,414984000
2001-01-17,0.178105,0.183357,0.170704,0.17142,592584000
2001-01-18,0.17142,0.209142,0.1676,0.204307,948168000
2001-01-19,0.210097,0.217736,0.195772,0.198875,1018704000
2001-01-22,0.192907,0.200547,0.185506,0.190997,377712000
2001-01-23,0.188609,0.213916,0.187655,0.210037,433632000
2001-01-24,0.209858,0.212006,0.196966,0.209141,451728000
2001-01-25,0.20198,0.202456,0.183835,0.188132,440016000
2001-01-26,0.177627,0.196369,0.176314,0.194101,259248000
2001-01-29,0.188132,0.195294,0.181447,0.195055,354168000
2001-01-30,0.198159,0.203531,0.194339,0.199353,243720000
2001-01-31,0.199591,0.207232,0.192907,0.197204,358344000
2001-02-01,0.197204,0.199591,0.188609,0.198219,371856000
2001-02-02,0.198398,0.202934,0.177627,0.17906,320520000
2001-02-05,0.178821,0.180014,0.168316,0.178821,367584000
2001-02-06,0.175478,0.183357,0.175061,0.179776,250440000
2001-02-07,0.178582,0.180014,0.16187,0.17142,720384000
2001-02-08,0.172375,0.182163,0.169748,0.170465,384288000
2001-02-09,0.169032,0.170226,0.163064,0.169271,259608000
2001-02-12,0.167361,0.169271,0.156617,0.164735,354336000
2001-02-13,0.167839,0.177627,0.165929,0.169748,467736000
2001-02-14,0.1676,0.187177,0.160437,0.182163,690888000
2001-02-15,0.207232,0.219169,0.205799,0.215587,1108512000
2001-02-16,0.204605,0.233016,0.204367,0.227287,1081176000
2001-02-20,0.221557,0.226331,0.204367,0.204605,701304000
2001-02-21,0.196966,0.222511,0.194817,0.213916,646512000
2001-02-22,0.212723,0.229196,0.206277,0.222989,815304000
2001-02-23,0.221795,0.225376,0.200547,0.207589,1034664000
2001-02-26,0.201502,0.207232,0.194101,0.202934,751824000
2001-02-27,0.19792,0.205799,0.189564,0.190758,533832000
2001-02-28,0.189325,0.200547,0.167123,0.170704,784056000
2001-03-01,0.168555,0.187177,0.152798,0.184192,915288000
2001-03-02,0.170942,0.183119,0.164258,0.166466,1413504000
2001-03-05,0.15996,0.172375,0.159005,0.168077,742296000
2001-03-06,0.176672,0.19028,0.173688,0.184312,834408000
2001-03-07,0.188371,0.199591,0.185028,0.199115,938280000
2001-03-08,0.193385,0.207948,0.193385,0.205799,829344000
2001-03-09,0.195055,0.19601,0.17333,0.191236,1216776000
2001-03-12,0.18479,0.193385,0.176195,0.184312,762144000
2001-03-13,0.1867,0.209142,0.185744,0.206277,1082352000
2001-03-14,0.196966,0.218692,0.196966,0.217975,1351128000
2001-03-15,0.231345,0.243461,0.222989,0.228719,1875984000
2001-03-16,0.225138,0.233971,0.218452,0.227764,1225200000
2001-03-19,0.22657,0.242566,0.214215,0.240894,943896000
2001-03-20,0.238029,0.253071,0.215827,0.218452,1990560000
2001-03-21,0.21893,0.241134,0.217736,0.234688,1877352000
2001-03-22,0.236836,0.259279,0.234926,0.258323,1697760000
2001-03-23,0.263098,0.267874,0.243043,0.255936,1509672000
2001-03-26,0.255936,0.271215,0.255936,0.269783,1542960000
2001-03-27,0.264531,0.273842,0.248773,0.259995,1702152000
2001-03-28,0.252832,0.266918,0.252116,0.260174,1433280000
2001-03-29,0.257905,0.273126,0.252593,0.264053,1632960000
2001-03-30,0.262144,0.267157,0.246386,0.247998,1423176000
2001-04-02,0.247341,0.253309,0.234448,0.237553,1265160000
2001-04-03,0.233971,0.251877,0.233732,0.245431,1991616000
2001-04-04,0.23612,0.236597,0.205561,0.220124,3362472000
2001-04-05,0.234688,0.244237,0.228241,0.240418,1724760000
2001-04-06,0.237313,0.252116,0.233255,0.239462,1547664000
2001-04-09,0.244094,0.250014,0.224039,0.227821,1097160000
2001-04-10,0.233283,0.2567,0.231144,0.249327,1186416000
2001-04-11,0.264683,0.274272,0.257082,0.264378,1426872000
2001-04-12,0.259489,0.27981,0.254522,0.26835,1440264000
2001-04-16,0.263576,0.269115,0.257005,0.261818,764112000
2001-04-17,0.25796,0.276754,0.257846,0.274653,1112448000
2001-04-18,0.286228,0.322403,0.286228,0.295129,2301864000
2001-04-19,0.296809,0.325573,0.295472,0.320492,1632264000
2001-04-20,0.316635,0.343756,0.308269,0.332181,1773840000
2001-04-23,0.324962,0.325268,0.311325,0.314648,1239000000
2001-04-24,0.313769,0.337262,0.28745,0.292378,1828320000
2001-04-25,0.293142,0.316252,0.292035,0.305824,1423728000
2001-04-26,0.312471,0.312471,0.278856,0.281721,1486008000
2001-04-27,0.292607,0.303036,0.286915,0.301775,915672000
2001-04-30,0.309988,0.335963,0.303417,0.3182,1583280000
2001-05-01,0.319346,0.348761,0.31419,0.34792,1867368000
2001-05-02,0.356973,0.356973,0.33539,0.339936,1547784000
2001-05-03,0.32966,0.339974,0.327597,0.338447,960504000
2001-05-04,0.328514,0.348493,0.326987,0.343107,953520000
2001-05-07,0.341808,0.360984,0.337797,0.358501,975600000
2001-05-08,0.363811,0.363964,0.329508,0.332564,1620144000
2001-05-09,0.321982,0.328973,0.314762,0.316978,1319040000
2001-05-10,0.326146,0.330004,0.302539,0.306321,998904000
2001-05-11,0.305557,0.307505,0.292378,0.29849,921216000
2001-05-14,0.299369,0.304602,0.288597,0.301049,702432000
2001-05-15,0.303685,0.324695,0.300247,0.31186,1242600000
2001-05-16,0.304716,0.328514,0.302768,0.326566,957096000
2001-05-17,0.327636,0.341885,0.322594,0.332335,919056000
2001-05-18,0.331227,0.339974,0.323167,0.32966,575832000
2001-05-21,0.328935,0.351434,0.322326,0.344558,1064688000
2001-05-22,0.3496,0.35831,0.336155,0.354872,1049976000
2001-05-23,0.368815,0.381994,0.347615,0.351855,2244912000
2001-05-24,0.349524,0.366102,0.33902,0.357049,1680576000
2001-05-25,0.349868,0.355063,0.343794,0.350288,947952000
2001-05-29,0.348302,0.348378,0.331189,0.335926,920568000
2001-05-30,0.328018,0.344673,0.326222,0.32966,3308904000
2001-05-31,0.332296,0.334244,0.319958,0.327025,1262928000
2001-06-01,0.329279,0.34792,0.327368,0.345131,1022472000
2001-06-04,0.34536,0.347194,0.335238,0.339783,621552000
2001-06-05,0.339401,0.361175,0.338828,0.357622,987168000
2001-06-06,0.35896,0.363849,0.353726,0.359151,698976000
2001-06-07,0.35598,0.380466,0.353344,0.379434,1141152000
2001-06-08,0.378288,0.378861,0.365644,0.369579,712680000
2001-06-11,0.370113,0.370534,0.353038,0.358768,581928000
2001-06-12,0.351243,0.376072,0.35048,0.370725,1102728000
2001-06-13,0.373437,0.379091,0.355063,0.358272,938712000
2001-06-14,0.35365,0.36362,0.348569,0.357508,946152000
2001-06-15,0.353344,0.369388,0.346774,0.363085,1094544000
2001-06-18,0.362169,0.368051,0.34475,0.348722,856656000
2001-06-19,0.355293,0.363581,0.322594,0.32966,1513128000
2001-06-20,0.323586,0.347614,0.316864,0.343833,1759200000
2001-06-21,0.342458,0.3564,0.33329,0.350326,1484568000
2001-06-22,0.348569,0.35789,0.344177,0.34876,761184000
2001-06-25,0.352657,0.354108,0.337911,0.348073,640032000
2001-06-26,0.340356,0.359838,0.33902,0.358119,757920000
2001-06-27,0.3564,0.357164,0.340968,0.347041,895752000
2001-06-28,0.351702,0.356209,0.347615,0.351129,909336000
2001-06-29,0.352389,0.359838,0.348417,0.354299,730920000
2001-07-02,0.34028,0.343145,0.33348,0.338599,1040016000
2001-07-03,0.336269,0.346469,0.33455,0.342916,406296000
2001-07-05,0.338828,0.340929,0.317627,0.318048,1020096000
2001-07-06,0.313273,0.315718,0.302157,0.308269,802824000
2001-07-09,0.304258,0.311631,0.295281,0.298184,1014072000
2001-07-10,0.302157,0.306168,0.297,0.300629,1221744000
2001-07-11,0.299483,0.304869,0.290774,0.300056,904632000
2001-07-12,0.314189,0.31801,0.30655,0.315794,981552000
2001-07-13,0.313464,0.316902,0.30273,0.309262,690144000
2001-07-16,0.305786,0.309415,0.282867,0.284394,1191696000
2001-07-17,0.279619,0.303074,0.276945,0.300286,1169904000
2001-07-18,0.293142,0.30124,0.283745,0.289895,840984000
2001-07-19,0.294097,0.306818,0.289589,0.294556,840024000
2001-07-20,0.287221,0.293753,0.276945,0.286075,742464000
2001-07-23,0.286495,0.286877,0.258648,0.258992,1547976000
2001-07-24,0.262468,0.276754,0.256929,0.276525,1365312000
2001-07-25,0.276028,0.276564,0.264646,0.273851,1245888000
2001-07-26,0.271254,0.303685,0.269879,0.301775,1714152000
2001-07-27,0.301202,0.312738,0.292225,0.309415,1094688000
2001-07-30,0.309797,0.311058,0.298719,0.302042,582288000
2001-07-31,0.302463,0.31037,0.291461,0.309033,1187760000
2001-08-01,0.315106,0.329508,0.312929,0.327904,1204944000
2001-08-02,0.332067,0.33688,0.320836,0.335696,1097928000
2001-08-03,0.332334,0.338217,0.32607,0.333061,820344000
2001-08-06,0.330692,0.346545,0.327139,0.343145,1292568000
2001-08-07,0.343068,0.34475,0.334053,0.338064,1088616000
2001-08-08,0.335123,0.343794,0.32798,0.32947,1125696000
2001-08-09,0.327941,0.334397,0.317819,0.323701,1643616000
2001-08-10,0.323549,0.327751,0.313616,0.32332,1036488000
2001-08-13,0.328858,0.340547,0.323969,0.33688,1514784000
2001-08-14,0.330769,0.332908,0.323778,0.327941,2321160000
2001-08-15,0.335353,0.339287,0.32542,0.328324,1816392000
2001-08-16,0.322288,0.342648,0.320989,0.342151,1026096000
2001-08-17,0.33348,0.337835,0.317283,0.319996,1668840000
2001-08-20,0.317971,0.321218,0.30804,0.317781,1183320000
2001-08-21,0.318583,0.326987,0.310599,0.311095,1186656000
2001-08-22,0.316596,0.324237,0.30655,0.323893,1498104000
2001-08-23,0.322784,0.326948,0.315145,0.316711,1013592000
2001-08-24,0.320111,0.332296,0.318239,0.325764,1110936000
2001-08-27,0.318468,0.341349,0.317246,0.337033,1279608000
2001-08-28,0.336116,0.343604,0.330043,0.33264,1178760000
2001-08-29,0.333557,0.335658,0.319156,0.321945,1435800000
2001-08-30,0.315909,0.323167,0.30846,0.320913,1431312000
2001-08-31,0.318773,0.326529,0.314572,0.323587,887904000
2001-09-04,0.322708,0.322708,0.298833,0.301088,1856136000
2001-09-05,0.30082,0.309797,0.288597,0.307505,2395584000
2001-09-06,0.301431,0.310943,0.293562,0.294937,1950768000
2001-09-07,0.290315,0.302539,0.288787,0.298031,1970256000
2001-09-10,0.29551,0.300056,0.283401,0.289399,1872360000
2001-09-17,0.271368,0.278015,0.25838,0.259679,1138596000
2001-09-18,0.264722,0.266631,0.238135,0.244018,894372000
2001-09-19,0.245393,0.248219,0.206735,0.241038,1561908000
2001-09-20,0.228126,0.236454,0.213916,0.22064,1470696000
2001-09-21,0.203602,0.216056,0.198713,0.206047,1226304000
2001-09-24,0.222396,0.232558,0.212541,0.229196,1507500000
2001-09-25,0.229884,0.239815,0.21957,0.220257,941724000
2001-09-26,0.223084,0.223849,0.210097,0.212312,430812000
2001-09-27,0.211548,0.213916,0.194893,0.200547,907296000
2001-09-28,0.206277,0.220104,0.197491,0.209868,1044876000
2001-10-01,0.209714,0.213152,0.188705,0.192066,972804000
2001-10-02,0.191761,0.199401,0.173119,0.18244,1123032000
2001-10-03,0.181523,0.229884,0.181523,0.218348,1798824000
2001-10-04,0.22996,0.258228,0.222015,0.246691,1980576000
2001-10-05,0.242948,0.257387,0.233704,0.251352,1078212000
2001-10-08,0.24142,0.266555,0.24142,0.257005,765900000
2001-10-09,0.257693,0.262812,0.238517,0.245851,917556000
2001-10-10,0.241497,0.263576,0.239892,0.261666,968124000
2001-10-11,0.275647,0.290774,0.274195,0.290009,918000000
2001-10-12,0.282675,0.309415,0.281682,0.30888,1253100000
2001-10-15,0.299865,0.317054,0.291462,0.307505,908568000
2001-10-16,0.307123,0.340891,0.300782,0.338447,1383852000
2001-10-17,0.345933,0.346086,0.317054,0.318583,1695540000
2001-10-18,0.318583,0.335161,0.317819,0.332029,1020864000
2001-10-19,0.327292,0.343794,0.323167,0.338905,1059264000
2001-10-22,0.336384,0.351434,0.328897,0.346927,970824000
2001-10-23,0.351358,0.357622,0.333098,0.340815,953028000
2001-10-24,0.334626,0.356705,0.330806,0.355866,1212144000
2001-10-25,0.347615,0.383063,0.342266,0.376722,1152396000
2001-10-26,0.374124,0.385355,0.347615,0.34983,1097124000
2001-10-29,0.351052,0.357164,0.321028,0.321409,1004796000
2001-10-30,0.315527,0.335696,0.308269,0.320875,1153380000
2001-10-31,0.332869,0.341885,0.322784,0.327445,989292000
2001-11-01,0.331647,0.358081,0.326605,0.355407,1093776000
2001-11-02,0.353803,0.364727,0.340739,0.360372,1087248000
2001-11-05,0.366638,0.376645,0.35938,0.361672,933456000
2001-11-06,0.360984,0.388182,0.359074,0.386501,1415376000
2001-11-07,0.383521,0.401705,0.381306,0.386807,1419144000
2001-11-08,0.39162,0.396815,0.368624,0.380083,1915188000
2001-11-09,0.396892,0.406747,0.389557,0.406441,2270484000
2001-11-12,0.404914,0.427756,0.392537,0.417366,1458636000
2001-11-13,0.418665,0.418742,0.407969,0.413928,1446516000
2001-11-14,0.416984,0.420957,0.391162,0.402393,1150224000
2001-11-15,0.397809,0.410032,0.392766,0.404531,874944000
2001-11-16,0.404914,0.409191,0.395593,0.401017,496128000
2001-11-19,0.40499,0.408733,0.370534,0.392231,1943052000
2001-11-20,0.394141,0.401017,0.376875,0.381229,937884000
2001-11-21,0.374812,0.386349,0.365186,0.37634,728412000
2001-11-23,0.377791,0.381994,0.371298,0.381612,254016000
2001-11-26,0.388029,0.409421,0.386959,0.408886,1215780000
2001-11-27,0.408657,0.422485,0.401093,0.413241,1183992000
2001-11-28,0.407969,0.414769,0.391467,0.392384,740844000
2001-11-29,0.42088,0.42302,0.407969,0.409574,5135472000
2001-11-30,0.409421,0.420422,0.403385,0.417443,1034028000
2001-12-03,0.408657,0.413775,0.403768,0.411102,851496000
2001-12-04,0.413165,0.444641,0.413165,0.444182,1384644000
2001-12-05,0.447696,0.48093,0.447315,0.480013,1707036000
2001-12-06,0.47627,0.477492,0.460455,0.472449,1138944000
2001-12-07,0.468935,0.473214,0.449836,0.45801,807036000
2001-12-10,0.455718,0.473061,0.451899,0.462594,695868000
2001-12-11,0.470693,0.490098,0.466032,0.479173,792252000
2001-12-12,0.48284,0.4943,0.473519,0.494071,1004628000
2001-12-13,0.484368,0.490556,0.47795,0.479861,881400000
2001-12-14,0.479784,0.503849,0.477569,0.501481,754680000
2001-12-17,0.497661,0.526769,0.497661,0.519512,1080960000
2001-12-18,0.508128,0.515309,0.501863,0.506141,886968000
2001-12-19,0.497814,0.507975,0.490404,0.492313,854652000
2001-12-20,0.4943,0.503239,0.471151,0.472908,951228000
2001-12-21,0.483222,0.496592,0.477645,0.493383,723972000
2001-12-24,0.493154,0.508204,0.492925,0.505683,265308000
2001-12-26,0.508204,0.526693,0.508128,0.51806,642156000
2001-12-27,0.522568,0.532423,0.521804,0.530055,730152000
2001-12-28,0.533186,0.536701,0.512177,0.517296,757680000
2001-12-31,0.521116,0.524095,0.509961,0.511107,737580000
2002-01-02,0.513323,0.52295,0.500411,0.514163,1298904000
2002-01-03,0.515233,0.550071,0.514928,0.547855,1414752000
2002-01-04,0.555113,0.555113,0.522568,0.531888,936288000
2002-01-07,0.534027,0.534791,0.51042,0.517601,973068000
2002-01-08,0.516532,0.536166,0.514775,0.523713,774360000
2002-01-09,0.530972,0.540521,0.509198,0.516532,1141188000
2002-01-10,0.513782,0.52081,0.499648,0.504156,992508000
2002-01-11,0.507517,0.50767,0.479861,0.481847,1380852000
2002-01-14,0.480777,0.484138,0.456559,0.456559,1369560000
2002-01-15,0.475582,0.499494,0.475048,0.499189,1838808000
2002-01-16,0.49239,0.495598,0.477874,0.479708,1115388000
2002-01-17,0.495599,0.496592,0.477645,0.496515,1121544000
2002-01-18,0.477798,0.490862,0.477492,0.487424,803676000
2002-01-22,0.492008,0.493306,0.469699,0.4752,1085028000
2002-01-23,0.479478,0.487576,0.470005,0.484138,889164000
2002-01-24,0.488952,0.506524,0.478638,0.501481,1137684000
2002-01-25,0.4943,0.512636,0.488188,0.500182,817752000
2002-01-28,0.509961,0.519512,0.504919,0.519435,924288000
2002-01-29,0.520658,0.522185,0.485896,0.493994,1381932000
2002-01-30,0.496592,0.500335,0.48475,0.499953,1218456000
2002-01-31,0.506448,0.510344,0.485514,0.502245,973980000
2002-02-01,0.501405,0.506753,0.487042,0.489945,688272000
2002-02-04,0.488875,0.500794,0.466109,0.466873,1104864000
2002-02-05,0.46374,0.467789,0.444106,0.462289,1474620000
2002-02-06,0.474512,0.482,0.465268,0.473825,1242528000
2002-02-07,0.474436,0.474436,0.456254,0.458468,964476000
2002-02-08,0.461525,0.464122,0.423479,0.440974,1871292000
2002-02-11,0.440286,0.466032,0.438682,0.465344,1249224000
2002-02-12,0.458316,0.483986,0.453045,0.4752,1216500000
2002-02-13,0.481312,0.48941,0.464505,0.469088,1230432000
2002-02-14,0.473061,0.48475,0.467102,0.474894,1225692000
2002-02-15,0.453045,0.455718,0.433563,0.438147,3988548000
2002-02-19,0.419429,0.423784,0.405753,0.409115,1972524000
2002-02-20,0.401857,0.435091,0.401093,0.430507,1838736000
2002-02-21,0.424624,0.424777,0.400559,0.401093,1531044000
2002-02-22,0.393072,0.397655,0.376264,0.381383,2585616000
2002-02-25,0.38314,0.414234,0.383063,0.411254,1599564000
2002-02-26,0.42027,0.427451,0.409115,0.420193,1902672000
2002-02-27,0.429743,0.431577,0.404914,0.40606,1723224000
2002-02-28,0.403385,0.410643,0.386272,0.38971,1585440000
2002-03-01,0.393454,0.427833,0.392308,0.427375,1311396000
2002-03-04,0.428673,0.4561,0.424547,0.451211,1484724000
2002-03-05,0.444258,0.462136,0.443877,0.450065,1379448000
2002-03-06,0.436619,0.44105,0.426534,0.435931,1446060000
2002-03-07,0.442119,0.443571,0.420346,0.432417,1346532000
2002-03-08,0.440668,0.454496,0.438528,0.445328,1270356000
2002-03-11,0.440439,0.445328,0.432799,0.440133,810540000
2002-03-12,0.426687,0.428979,0.414081,0.417061,1255032000
2002-03-13,0.413165,0.416144,0.407969,0.409497,1031616000
2002-03-14,0.406441,0.406441,0.385966,0.386807,1139460000
2002-03-15,0.389557,0.403614,0.382146,0.403156,1248288000
2002-03-18,0.41049,0.419353,0.398572,0.403156,1236996000
2002-03-19,0.40606,0.406823,0.392231,0.3946,846072000
2002-03-20,0.388105,0.38887,0.354108,0.355407,2292588000
2002-03-21,0.361442,0.378556,0.351892,0.374277,1721712000
2002-03-22,0.381,0.381,0.368242,0.371069,1249140000
2002-03-25,0.369311,0.36977,0.351434,0.351892,884160000
2002-03-26,0.348225,0.368013,0.346239,0.359074,1123512000
2002-03-27,0.353574,0.360755,0.341502,0.347615,1068012000
2002-03-28,0.349983,0.352199,0.319882,0.338905,3124080000
2002-04-01,0.320111,0.335925,0.309873,0.333327,2365344000
2002-04-02,0.32332,0.341426,0.322708,0.324618,1438008000
2002-04-03,0.32607,0.334932,0.319346,0.33073,1094640000
2002-04-04,0.328209,0.340356,0.323701,0.329126,1130964000
2002-04-05,0.331265,0.336613,0.318277,0.321638,1026900000
2002-04-08,0.306741,0.332411,0.306665,0.332411,1151316000
2002-04-09,0.335696,0.338447,0.310637,0.311401,1380768000
2002-04-10,0.313923,0.316291,0.27198,0.294212,3689724000
2002-04-11,0.291843,0.295587,0.278091,0.2813,1437288000
2002-04-12,0.287565,0.289857,0.271444,0.280231,1376880000
2002-04-15,0.285655,0.296351,0.284967,0.291538,1157208000
2002-04-16,0.304602,0.307734,0.29826,0.304219,854856000
2002-04-17,0.307811,0.312318,0.298184,0.307811,944484000
2002-04-18,0.304678,0.307964,0.296045,0.302692,693156000
2002-04-19,0.292454,0.296045,0.281682,0.282064,1125672000
2002-04-22,0.278932,0.289169,0.278856,0.28344,808176000
2002-04-23,0.285655,0.28894,0.269459,0.27198,773508000
2002-04-24,0.275112,0.279161,0.247456,0.248143,1582956000
2002-04-25,0.24715,0.262735,0.247074,0.25777,1168296000
2002-04-26,0.260596,0.260901,0.232023,0.232023,1191120000
2002-04-29,0.25945,0.274577,0.250741,0.270681,3930852000
2002-04-30,0.277098,0.280765,0.260138,0.265944,1776504000
2002-05-01,0.261589,0.274501,0.25479,0.270757,1718904000
2002-05-02,0.272056,0.278779,0.259755,0.259832,1125084000
2002-05-03,0.260138,0.262124,0.248907,0.250206,852756000
2002-05-06,0.243712,0.255171,0.238669,0.240656,1102044000
2002-05-07,0.246004,0.251123,0.234621,0.246691,1412448000
2002-05-08,0.2635,0.279314,0.255172,0.275036,1688688000
2002-05-09,0.274195,0.279848,0.262812,0.26327,1230840000
2002-05-10,0.268694,0.269688,0.240656,0.243559,1321548000
2002-05-13,0.246081,0.259145,0.244018,0.258304,800892000
2002-05-14,0.274806,0.286878,0.270069,0.283974,1526112000
2002-05-15,0.279619,0.294899,0.275723,0.289551,1504548000
2002-05-16,0.289628,0.296045,0.283745,0.290086,985560000
2002-05-17,0.297955,0.300094,0.290545,0.299254,934404000
2002-05-20,0.296733,0.304449,0.295358,0.302463,953412000
2002-05-21,0.306359,0.310561,0.279085,0.27939,1382604000
2002-05-22,0.281606,0.292378,0.281148,0.290697,1547988000
2002-05-23,0.291538,0.292149,0.264339,0.272973,2556780000
2002-05-24,0.267777,0.269152,0.261437,0.267625,737784000
2002-05-28,0.269993,0.270146,0.251657,0.257005,1367088000
2002-05-29,0.25288,0.267777,0.248983,0.266708,1311012000
2002-05-30,0.261284,0.269152,0.256165,0.262812,1066080000
2002-05-31,0.264339,0.265485,0.255171,0.25563,674112000
2002-06-03,0.249442,0.250587,0.237523,0.24058,901248000
2002-06-04,0.239052,0.254025,0.238669,0.252727,1095432000
2002-06-05,0.253262,0.253338,0.240274,0.24906,1114308000
2002-06-06,0.246462,0.252498,0.246386,0.249136,739356000
2002-06-07,0.228891,0.249824,0.228814,0.246768,1371300000
2002-06-10,0.250053,0.257005,0.244094,0.244705,749148000
2002-06-11,0.248754,0.249824,0.233092,0.233704,859308000
2002-06-12,0.228126,0.232252,0.203755,0.213535,2267544000
2002-06-13,0.215139,0.219112,0.204596,0.211319,1265892000
2002-06-14,0.203526,0.216896,0.19665,0.215291,1116444000
2002-06-17,0.220104,0.222932,0.213458,0.217202,1054140000
2002-06-18,0.214528,0.22232,0.212007,0.216056,1008300000
2002-06-19,0.205513,0.205513,0.180607,0.182211,2593620000
2002-06-20,0.182593,0.187559,0.178162,0.180531,1425048000
2002-06-21,0.179614,0.186566,0.169452,0.173119,1484364000
2002-06-24,0.168688,0.181753,0.163493,0.176328,1379592000
2002-06-25,0.179537,0.179537,0.160667,0.161736,1172232000
2002-06-26,0.143401,0.158757,0.139427,0.153332,2067828000
2002-06-27,0.158986,0.160208,0.12835,0.130489,3182808000
2002-06-28,0.12835,0.136677,0.125523,0.131253,1991184000
2002-07-01,0.130642,0.134462,0.128197,0.130947,1164372000
2002-07-02,0.12942,0.129878,0.119335,0.122696,1368180000
2002-07-03,0.121932,0.133545,0.121856,0.133316,1073304000
2002-07-05,0.142865,0.145157,0.13874,0.145081,739524000
2002-07-08,0.143401,0.154631,0.143248,0.149436,1587180000
2002-07-09,0.149818,0.151728,0.138893,0.142102,1075080000
2002-07-10,0.14554,0.146686,0.137212,0.138205,926988000
2002-07-11,0.137442,0.152798,0.136219,0.152262,1143948000
2002-07-12,0.160437,0.161049,0.148978,0.15211,1344900000
2002-07-15,0.152492,0.167313,0.145616,0.167237,1495272000
2002-07-16,0.163112,0.178391,0.160055,0.162729,1773432000
2002-07-17,0.159215,0.162347,0.14256,0.148901,1922364000
2002-07-18,0.146456,0.15509,0.144699,0.145081,1243188000
2002-07-19,0.14065,0.146227,0.137518,0.138511,845772000
2002-07-22,0.1379,0.141796,0.12644,0.132093,1290744000
2002-07-23,0.132858,0.133697,0.117731,0.122238,1409652000
2002-07-24,0.120557,0.132017,0.120481,0.13003,1175100000
2002-07-25,0.124988,0.12537,0.110855,0.115056,1796448000
2002-07-26,0.118418,0.121169,0.109251,0.112382,1221900000
2002-07-29,0.117043,0.117654,0.111772,0.115515,1227720000
2002-07-30,0.11498,0.129725,0.114598,0.123919,1818012000
2002-07-31,0.090303,0.092137,0.083581,0.084573,4837140000
2002-08-01,0.085261,0.085261,0.076398,0.076475,1725708000
2002-08-02,0.07892,0.079455,0.069523,0.071433,1795260000
2002-08-05,0.070363,0.070516,0.064863,0.065703,1330716000
2002-08-06,0.068759,0.071738,0.067689,0.069141,1168800000
2002-08-07,0.072197,0.072884,0.064939,0.067537,892980000
2002-08-08,0.068224,0.07319,0.066467,0.071968,755424000
2002-08-09,0.070058,0.072579,0.068835,0.070287,581304000
2002-08-12,0.069523,0.07296,0.067689,0.070287,592800000
2002-08-13,0.070746,0.074183,0.068759,0.068835,654420000
2002-08-14,0.070134,0.074106,0.069523,0.073496,632688000
2002-08-15,0.076246,0.080143,0.075482,0.078614,1140120000
2002-08-16,0.074413,0.08442,0.072121,0.08167,1657428000
2002-08-19,0.085185,0.102756,0.085032,0.096645,2243928000
2002-08-20,0.097408,0.099318,0.091144,0.092366,1429488000
2002-08-21,0.096568,0.098478,0.092061,0.097255,1194876000
2002-08-22,0.094353,0.098172,0.093359,0.09397,1358496000
2002-08-23,0.091296,0.091908,0.087248,0.087782,919932000
2002-08-26,0.089463,0.090074,0.084344,0.08847,698568000
2002-08-27,0.089998,0.090456,0.082893,0.083427,686712000
2002-08-28,0.082969,0.083122,0.077927,0.078232,700356000
2002-08-29,0.077239,0.082816,0.076628,0.079226,815520000
2002-08-30,0.078461,0.081747,0.075635,0.077163,1065888000
2002-09-03,0.073496,0.073877,0.071204,0.072426,847284000
2002-09-04,0.072655,0.074565,0.068835,0.071968,930552000
2002-09-05,0.07128,0.071585,0.068759,0.069217,714312000
2002-09-06,0.072121,0.072731,0.069676,0.070746,746460000
2002-09-09,0.07021,0.072884,0.068071,0.070669,578040000
2002-09-10,0.070287,0.08442,0.07021,0.080753,2317632000
2002-09-11,0.083274,0.090915,0.083274,0.084727,1657536000
2002-09-12,0.082664,0.087171,0.081135,0.082052,1294932000
2002-09-13,0.081212,0.085108,0.080219,0.080753,796872000
2002-09-16,0.079531,0.079836,0.073725,0.075635,925464000
2002-09-17,0.078997,0.080906,0.07403,0.074489,884052000
2002-09-18,0.073343,0.074794,0.07021,0.072426,811692000
2002-09-19,0.070822,0.073343,0.0696,0.069981,618492000
2002-09-20,0.070516,0.071968,0.068835,0.070363,687312000
2002-09-23,0.069217,0.069905,0.066849,0.067308,521676000
2002-09-24,0.066543,0.071051,0.065321,0.067842,624444000
2002-09-25,0.071814,0.07296,0.068988,0.071585,896616000
2002-09-26,0.07296,0.073725,0.066696,0.067766,739560000
2002-09-27,0.067613,0.06937,0.065321,0.065397,650688000
2002-09-30,0.065168,0.068224,0.063793,0.065397,584124000
2002-10-01,0.065932,0.069523,0.063563,0.068912,888360000
2002-10-02,0.069446,0.07296,0.068835,0.068835,749100000
2002-10-03,0.067995,0.069141,0.065321,0.065474,590568000
2002-10-04,0.065321,0.067384,0.061119,0.062188,529788000
2002-10-07,0.061348,0.062571,0.058674,0.059133,493068000
2002-10-08,0.061119,0.061271,0.055007,0.057375,714252000
2002-10-09,0.056535,0.060203,0.055312,0.056306,573132000
2002-10-10,0.055771,0.061042,0.055771,0.059209,538032000
2002-10-11,0.061501,0.068377,0.061119,0.067308,994140000
2002-10-14,0.065321,0.067308,0.063946,0.065321,611484000
2002-10-15,0.072579,0.075176,0.071127,0.072121,852768000
2002-10-16,0.067231,0.067842,0.064939,0.066085,578124000
2002-10-17,0.071814,0.074489,0.070058,0.071127,585792000
2002-10-18,0.070746,0.072579,0.068071,0.071814,498372000
2002-10-21,0.070822,0.080906,0.069217,0.078309,930624000
2002-10-22,0.074718,0.085566,0.074642,0.080906,1272168000
2002-10-23,0.082128,0.085337,0.080982,0.084191,925428000
2002-10-24,0.085872,0.086789,0.07869,0.079913,1055172000
2002-10-25,0.080219,0.085185,0.079149,0.084803,745956000
2002-10-28,0.088699,0.089387,0.084726,0.085261,1070544000
2002-10-29,0.085414,0.086025,0.077239,0.081518,772728000
2002-10-30,0.084115,0.088623,0.08381,0.085872,1139496000
2002-10-31,0.086483,0.091525,0.086254,0.090915,1255476000
2002-11-01,0.08954,0.109021,0.089387,0.107722,2128836000
2002-11-04,0.114216,0.126134,0.113911,0.119487,2688132000
2002-11-05,0.119182,0.121169,0.109632,0.114751,2034540000
2002-11-06,0.118648,0.123766,0.113987,0.123613,1646016000
2002-11-07,0.120404,0.120404,0.110473,0.11116,1660560000
2002-11-08,0.09397,0.099547,0.084115,0.086789,3798900000
2002-11-11,0.082664,0.083886,0.07808,0.080066,1378452000
2002-11-12,0.081976,0.09015,0.081289,0.087171,1381188000
2002-11-13,0.085108,0.092442,0.083427,0.089921,1802112000
2002-11-14,0.09588,0.097714,0.092978,0.09588,1138728000
2002-11-15,0.100846,0.106271,0.0997,0.102909,2054328000
2002-11-18,0.11116,0.111542,0.106423,0.106729,1982472000
2002-11-19,0.106118,0.113681,0.104972,0.108257,1971948000
2002-11-20,0.111542,0.114598,0.11009,0.113681,1292796000
2002-11-21,0.118265,0.128961,0.118036,0.123308,2053920000
2002-11-22,0.11582,0.122544,0.114598,0.120099,1251900000
2002-11-25,0.125676,0.127509,0.120786,0.124454,1230084000
2002-11-26,0.125065,0.127509,0.12071,0.121092,1084332000
2002-11-27,0.126211,0.132629,0.124607,0.130489,1088556000
2002-11-29,0.133927,0.135837,0.129878,0.130871,519396000
2002-12-02,0.137823,0.139581,0.129267,0.129878,1167504000
2002-12-03,0.127433,0.127738,0.121092,0.121321,1046220000
2002-12-04,0.112765,0.114598,0.106423,0.106805,2206548000
2002-12-05,0.113681,0.114445,0.105201,0.107798,1594872000
2002-12-06,0.103138,0.110014,0.101458,0.107951,1159224000
2002-12-09,0.104437,0.106118,0.098478,0.099318,969792000
2002-12-10,0.101839,0.109632,0.100541,0.107646,1389888000
2002-12-11,0.106882,0.110014,0.103291,0.107035,1364208000
2002-12-12,0.111007,0.112306,0.105048,0.105277,1302552000
2002-12-13,0.103368,0.103368,0.100388,0.101152,707724000
2002-12-16,0.104667,0.107722,0.101992,0.107111,1056972000
2002-12-17,0.109021,0.112688,0.106118,0.106959,1077744000
2002-12-18,0.103597,0.10375,0.098554,0.098784,1126836000
2002-12-19,0.097026,0.102145,0.095651,0.096645,1100604000
2002-12-20,0.0997,0.10077,0.09313,0.097943,804576000
2002-12-23,0.097714,0.100999,0.097408,0.09863,498648000
2002-12-24,0.099166,0.101152,0.096109,0.096645,300336000
2002-12-26,0.098249,0.0997,0.094047,0.094887,719760000
2002-12-27,0.097485,0.097714,0.090456,0.091296,702528000
2002-12-30,0.091679,0.092671,0.086025,0.088087,784740000
2002-12-31,0.087171,0.09015,0.08549,0.087935,825396000
2003-01-02,0.091678,0.095116,0.088546,0.094047,1302540000
2003-01-03,0.094353,0.097408,0.092442,0.094047,1037496000
2003-01-06,0.096339,0.103214,0.096262,0.101687,1033428000
2003-01-07,0.103673,0.106042,0.100235,0.101381,1498272000
2003-01-08,0.098784,0.101687,0.090609,0.091296,1852524000
2003-01-09,0.094124,0.095116,0.091984,0.092901,1436076000
2003-01-10,0.091678,0.09588,0.090456,0.094505,924492000
2003-01-13,0.098096,0.098937,0.093283,0.093741,849120000
2003-01-14,0.094047,0.095346,0.091602,0.094429,868524000
2003-01-15,0.094505,0.09527,0.091525,0.091525,904584000
2003-01-16,0.09015,0.091296,0.084115,0.085337,2039976000
2003-01-17,0.083045,0.084191,0.081059,0.082128,1058832000
2003-01-21,0.083657,0.085414,0.079836,0.080066,967356000
2003-01-22,0.079836,0.082205,0.079607,0.080143,550992000
2003-01-23,0.082281,0.083657,0.080143,0.082358,918456000
2003-01-24,0.08167,0.082052,0.076322,0.077697,897108000
2003-01-27,0.076017,0.079989,0.074642,0.076552,889116000
2003-01-28,0.075559,0.080753,0.073037,0.079302,1785480000
2003-01-29,0.077163,0.081518,0.077163,0.080906,1022040000
2003-01-30,0.082511,0.083198,0.076781,0.077621,743064000
2003-01-31,0.075329,0.080982,0.074642,0.078844,949656000
2003-02-03,0.080295,0.081899,0.07869,0.080372,755556000
2003-02-04,0.079836,0.080219,0.075635,0.076781,627720000
2003-02-05,0.078461,0.080601,0.077163,0.077468,581508000
2003-02-06,0.082816,0.082969,0.076781,0.07808,1226184000
2003-02-07,0.079607,0.079989,0.074413,0.074565,915156000
2003-02-10,0.074489,0.076017,0.07128,0.075482,982632000
2003-02-11,0.076093,0.078309,0.073725,0.074106,850716000
2003-02-12,0.074106,0.077239,0.073496,0.074489,641400000
2003-02-13,0.075788,0.076169,0.073725,0.075406,889164000
2003-02-14,0.085719,0.092061,0.083657,0.091984,3548844000
2003-02-18,0.095499,0.099089,0.094353,0.097255,1740516000
2003-02-19,0.096645,0.098784,0.095575,0.098172,1141212000
2003-02-20,0.098554,0.101152,0.097791,0.098172,978132000
2003-02-21,0.098096,0.098478,0.094734,0.098249,913260000
2003-02-24,0.097408,0.103062,0.096874,0.099471,1137012000
2003-02-25,0.096262,0.099318,0.094734,0.09886,1239204000
2003-02-26,0.097562,0.099166,0.093817,0.094047,746892000
2003-02-27,0.094963,0.096492,0.093436,0.096033,675312000
2003-02-28,0.093054,0.096645,0.090303,0.096416,1653336000
2003-03-03,0.097562,0.099318,0.093588,0.094811,702036000
2003-03-04,0.095116,0.096033,0.09313,0.094047,538392000
2003-03-05,0.09313,0.096109,0.092901,0.095575,522156000
2003-03-06,0.094811,0.095728,0.093588,0.09397,548064000
2003-03-07,0.092519,0.095728,0.091678,0.095422,581148000
2003-03-10,0.094429,0.094887,0.092595,0.092748,344796000
2003-03-11,0.093436,0.094963,0.092366,0.093436,417144000
2003-03-12,0.0942,0.096262,0.093359,0.096033,493920000
2003-03-13,0.09886,0.106194,0.098401,0.105583,1362732000
2003-03-14,0.105965,0.106959,0.101763,0.102527,1094220000
2003-03-17,0.100846,0.110549,0.100617,0.108486,1307808000
2003-03-18,0.108105,0.109327,0.10543,0.107646,932280000
2003-03-19,0.107875,0.108944,0.10436,0.108181,712992000
2003-03-20,0.108181,0.111465,0.105354,0.109173,780060000
2003-03-21,0.112918,0.113299,0.103291,0.108181,1681800000
2003-03-24,0.10375,0.106959,0.103138,0.104131,839016000
2003-03-25,0.104437,0.108715,0.104055,0.107111,672828000
2003-03-26,0.10948,0.111924,0.108639,0.11009,1107840000
2003-03-27,0.108639,0.110931,0.106652,0.106959,1392732000
2003-03-28,0.106959,0.10734,0.100922,0.102604,1290684000
2003-03-31,0.099471,0.100693,0.097943,0.098401,680508000
2003-04-01,0.100464,0.102375,0.098249,0.101305,533808000
2003-04-02,0.104743,0.106805,0.103367,0.105048,771900000
2003-04-03,0.106959,0.106959,0.104208,0.106423,702780000
2003-04-04,0.106729,0.106882,0.101839,0.102298,513840000
2003-04-07,0.109173,0.110014,0.102375,0.103367,671256000
2003-04-08,0.104284,0.104819,0.101687,0.102375,475032000
2003-04-09,0.102756,0.105506,0.101687,0.101839,694260000
2003-04-10,0.103214,0.103367,0.101381,0.102375,364104000
2003-04-11,0.103521,0.10436,0.100235,0.101229,374184000
2003-04-14,0.0997,0.103291,0.099395,0.102985,445776000
2003-04-15,0.102298,0.10375,0.099776,0.102451,490212000
2003-04-16,0.104819,0.105048,0.10161,0.102451,671988000
2003-04-17,0.103214,0.104513,0.101076,0.104284,520740000
2003-04-21,0.104437,0.107264,0.103444,0.106959,597144000
2003-04-22,0.106423,0.10841,0.104667,0.108334,787392000
2003-04-23,0.108181,0.111465,0.10734,0.110778,606204000
2003-04-24,0.110855,0.110855,0.106042,0.107493,660912000
2003-04-25,0.106882,0.108715,0.102527,0.103521,884652000
2003-04-28,0.104743,0.108563,0.103521,0.106652,674988000
2003-04-29,0.109097,0.111465,0.108257,0.109938,670344000
2003-04-30,0.109327,0.112306,0.108868,0.10948,466620000
2003-05-01,0.108715,0.111236,0.108104,0.110167,733368000
2003-05-02,0.111619,0.122238,0.111007,0.121474,1691088000
2003-05-05,0.12262,0.130183,0.120404,0.124454,1576164000
2003-05-06,0.123842,0.127815,0.12262,0.124607,1143864000
2003-05-07,0.122773,0.125676,0.120481,0.12262,897372000
2003-05-08,0.121092,0.127586,0.119564,0.122696,1957452000
2003-05-09,0.143859,0.164487,0.13981,0.163264,9230856000
2003-05-12,0.163646,0.167313,0.157382,0.15868,3007860000
2003-05-13,0.153256,0.158145,0.152339,0.1557,1824108000
2003-05-14,0.156236,0.158145,0.153561,0.155548,965580000
2003-05-15,0.15784,0.161201,0.156999,0.160896,1105656000
2003-05-16,0.158909,0.16525,0.15868,0.162424,1028916000
2003-05-19,0.160284,0.161813,0.151346,0.153256,1220484000
2003-05-20,0.153485,0.155471,0.152798,0.154325,884124000
2003-05-21,0.154402,0.159826,0.153561,0.15975,905472000
2003-05-22,0.159979,0.161736,0.156236,0.160284,888816000
2003-05-23,0.160437,0.163493,0.158757,0.159444,867612000
2003-05-27,0.157763,0.174189,0.154707,0.173578,1677408000
2003-05-28,0.173043,0.174953,0.168841,0.173119,1235556000
2003-05-29,0.173043,0.190844,0.172661,0.184961,2297736000
2003-05-30,0.202456,0.20345,0.197491,0.199935,2142312000
2003-06-02,0.205131,0.20536,0.187636,0.188858,1566144000
2003-06-03,0.186719,0.198484,0.184427,0.192754,1596804000
2003-06-04,0.192143,0.197491,0.189163,0.197338,1175604000
2003-06-05,0.194741,0.203679,0.192142,0.202992,1204404000
2003-06-06,0.210937,0.212007,0.195275,0.196803,1378836000
2003-06-09,0.19558,0.200623,0.191455,0.194434,720588000
2003-06-10,0.194434,0.197414,0.192296,0.197262,563304000
2003-06-11,0.196039,0.199172,0.192525,0.197414,943836000
2003-06-12,0.198789,0.200929,0.193824,0.194434,1046688000
2003-06-13,0.186031,0.191379,0.178009,0.179308,1826808000
2003-06-16,0.181447,0.18542,0.169452,0.183128,1904868000
2003-06-17,0.187329,0.188705,0.181829,0.187483,999852000
2003-06-18,0.185649,0.198408,0.184121,0.194664,1122072000
2003-06-19,0.195504,0.196497,0.181829,0.182822,1190532000
2003-06-20,0.184808,0.184885,0.178009,0.180912,937848000
2003-06-23,0.18076,0.181677,0.170904,0.174494,734784000
2003-06-24,0.173425,0.177245,0.168535,0.174113,1008816000
2003-06-25,0.174571,0.181677,0.173884,0.175259,1060620000
2003-06-26,0.175794,0.177856,0.170293,0.175488,960540000
2003-06-27,0.177551,0.179155,0.171515,0.172356,709104000
2003-06-30,0.174647,0.178085,0.172661,0.17503,544128000
2003-07-01,0.172814,0.18244,0.17121,0.182211,977016000
2003-07-02,0.183891,0.18626,0.179155,0.181676,846828000
2003-07-03,0.177474,0.184274,0.177093,0.179614,420912000
2003-07-07,0.182058,0.192372,0.181982,0.191379,832200000
2003-07-08,0.186107,0.191761,0.185649,0.18924,602856000
2003-07-09,0.189163,0.196726,0.188858,0.193595,755352000
2003-07-10,0.187559,0.190004,0.182364,0.185649,644568000
2003-07-11,0.187865,0.189011,0.185037,0.186642,495000000
2003-07-14,0.191379,0.192525,0.184274,0.185191,694344000
2003-07-15,0.187941,0.188782,0.177398,0.179155,1143456000
2003-07-16,0.182516,0.183357,0.172661,0.176939,880476000
2003-07-17,0.171592,0.173807,0.165785,0.168077,853764000
2003-07-18,0.164792,0.165327,0.156388,0.162424,1280832000
2003-07-21,0.163341,0.163875,0.156159,0.159979,985140000
2003-07-22,0.164487,0.165709,0.161736,0.162653,582444000
2003-07-23,0.1625,0.165785,0.157611,0.164792,605328000
2003-07-24,0.167772,0.168994,0.156999,0.158375,1116828000
2003-07-25,0.15868,0.161813,0.152798,0.160896,1002084000
2003-07-28,0.162195,0.162576,0.155242,0.15593,703752000
2003-07-29,0.141796,0.15402,0.140268,0.145693,2794788000
2003-07-30,0.145157,0.146839,0.143172,0.144088,788724000
2003-07-31,0.147449,0.149589,0.144318,0.145845,897600000
2003-08-01,0.145922,0.151881,0.14447,0.150658,767556000
2003-08-04,0.150506,0.159062,0.149589,0.156312,1428852000
2003-08-05,0.160361,0.164028,0.154554,0.155853,1063488000
2003-08-06,0.153791,0.155853,0.145769,0.149512,1025868000
2003-08-07,0.149131,0.151269,0.145463,0.147449,1040340000
2003-08-08,0.12644,0.126975,0.116585,0.118418,3767580000
2003-08-11,0.120328,0.12644,0.119564,0.124836,1675752000
2003-08-12,0.12644,0.127662,0.124377,0.127357,764160000
2003-08-13,0.127891,0.130259,0.124683,0.128197,693552000
2003-08-14,0.123919,0.125753,0.122391,0.123766,1527696000
2003-08-15,0.123002,0.124148,0.122238,0.123384,217716000
2003-08-18,0.12537,0.127051,0.123154,0.127051,717684000
2003-08-19,0.129878,0.137518,0.129801,0.136754,1403976000
2003-08-20,0.134843,0.137365,0.131864,0.134843,870348000
2003-08-21,0.138129,0.13981,0.135989,0.138511,644748000
2003-08-22,0.146839,0.148824,0.139427,0.139504,1002396000
2003-08-25,0.142178,0.142178,0.137518,0.13874,434028000
2003-08-26,0.136983,0.139046,0.132781,0.136525,768984000
2003-08-27,0.137442,0.142102,0.135989,0.14065,567816000
2003-08-28,0.142026,0.142789,0.135379,0.136983,828312000
2003-08-29,0.136754,0.139427,0.136219,0.138817,532884000
2003-09-02,0.141261,0.142484,0.136906,0.137594,711456000
2003-09-03,0.139657,0.140039,0.134233,0.13492,849972000
2003-09-04,0.135455,0.139427,0.134462,0.136219,740064000
2003-09-05,0.136448,0.145922,0.134844,0.142713,1198740000
2003-09-08,0.145005,0.150964,0.143248,0.149283,1508712000
2003-09-09,0.145157,0.164028,0.143172,0.158451,2489436000
2003-09-10,0.153944,0.158069,0.14638,0.147602,1380624000
2003-09-11,0.149589,0.153944,0.13981,0.145693,2612736000
2003-09-12,0.14447,0.15104,0.142865,0.147832,1162404000
2003-09-15,0.149054,0.149818,0.144852,0.145386,596028000
2003-09-16,0.145693,0.150353,0.145693,0.149894,620736000
2003-09-17,0.150811,0.154554,0.149589,0.151652,902784000
2003-09-18,0.150811,0.152874,0.149131,0.152798,603492000
2003-09-19,0.154554,0.155548,0.1502,0.151575,648096000
2003-09-22,0.148595,0.148901,0.144394,0.145616,735504000
2003-09-23,0.145845,0.147832,0.143935,0.146991,628932000
2003-09-24,0.143859,0.145157,0.135608,0.135837,1600668000
2003-09-25,0.136906,0.139351,0.133316,0.133927,736776000
2003-09-26,0.133545,0.133927,0.127051,0.128808,895908000
2003-09-29,0.122315,0.126669,0.119946,0.121856,1944996000
2003-09-30,0.120786,0.126134,0.120328,0.122008,1020888000
2003-10-01,0.122238,0.124454,0.121932,0.123002,877224000
2003-10-02,0.122238,0.126669,0.121856,0.124912,857628000
2003-10-03,0.12835,0.131405,0.126134,0.128197,862812000
2003-10-06,0.128426,0.129725,0.126134,0.127204,377028000
2003-10-07,0.127204,0.12835,0.125446,0.12835,510588000
2003-10-08,0.12835,0.129496,0.123078,0.123842,739440000
2003-10-09,0.125676,0.130489,0.124607,0.1256,852408000
2003-10-10,0.127586,0.128732,0.126058,0.127815,413976000
2003-10-13,0.129267,0.131788,0.128274,0.129113,434904000
2003-10-14,0.127738,0.131864,0.126975,0.131483,623556000
2003-10-15,0.13301,0.135455,0.128961,0.129801,703488000
2003-10-16,0.129954,0.131864,0.127968,0.131406,446088000
2003-10-17,0.130642,0.133163,0.127128,0.12728,459696000
2003-10-20,0.127357,0.13026,0.126592,0.130107,467388000
2003-10-21,0.132475,0.136601,0.130642,0.13408,758724000
2003-10-22,0.132017,0.135073,0.1311,0.131788,620952000
2003-10-23,0.129878,0.133697,0.129649,0.131176,451524000
2003-10-24,0.129878,0.131864,0.128655,0.130718,447084000
2003-10-27,0.131406,0.132934,0.130489,0.131406,254460000
2003-10-28,0.133163,0.140421,0.132551,0.139657,956064000
2003-10-29,0.135531,0.141338,0.135455,0.139657,494004000
2003-10-30,0.143248,0.143324,0.13683,0.137059,581256000
2003-10-31,0.138281,0.139427,0.132934,0.135073,598152000
2003-11-03,0.134385,0.140192,0.133774,0.137594,773724000
2003-11-04,0.140573,0.140956,0.137135,0.138052,700896000
2003-11-05,0.135226,0.139963,0.13301,0.138588,882024000
2003-11-06,0.14065,0.141338,0.136296,0.138817,1175280000
2003-11-07,0.16548,0.168535,0.161966,0.166167,4292820000
2003-11-10,0.166702,0.168994,0.164716,0.165709,1210056000
2003-11-11,0.161966,0.164792,0.15868,0.161583,799140000
2003-11-12,0.161049,0.164258,0.160284,0.163722,617664000
2003-11-13,0.163722,0.166091,0.162805,0.163799,580332000
2003-11-14,0.164258,0.164258,0.153638,0.154096,888420000
2003-11-17,0.151193,0.154325,0.149741,0.152492,599880000
2003-11-18,0.156236,0.158145,0.149741,0.150277,991428000
2003-11-19,0.151346,0.15509,0.150811,0.154478,567552000
2003-11-20,0.152033,0.155395,0.149741,0.150353,738852000
2003-11-21,0.152186,0.152416,0.148061,0.150964,543240000
2003-11-24,0.152415,0.160437,0.151346,0.160055,940644000
2003-11-25,0.160743,0.164181,0.158909,0.162805,822804000
2003-11-26,0.16548,0.166014,0.159903,0.162958,430032000
2003-11-28,0.162882,0.163341,0.16082,0.162195,206136000
2003-12-01,0.164028,0.165709,0.162118,0.164487,526980000
2003-12-02,0.163493,0.16716,0.162805,0.163799,574740000
2003-12-03,0.164258,0.169605,0.161736,0.162118,710028000
2003-12-04,0.162653,0.165556,0.157458,0.161278,521952000
2003-12-05,0.157458,0.161966,0.154784,0.156083,559848000
2003-12-08,0.156083,0.158833,0.154707,0.157229,340980000
2003-12-09,0.156923,0.158451,0.148978,0.149054,598128000
2003-12-10,0.149054,0.153179,0.148978,0.152339,568656000
2003-12-11,0.152262,0.161966,0.151957,0.160055,694872000
2003-12-12,0.162195,0.163264,0.156617,0.159215,700692000
2003-12-15,0.163875,0.164104,0.155548,0.156006,622752000
2003-12-16,0.15509,0.159138,0.152339,0.158145,601728000
2003-12-17,0.156846,0.157382,0.152492,0.15509,499116000
2003-12-18,0.155395,0.160208,0.155242,0.158604,436728000
2003-12-19,0.162576,0.165021,0.159215,0.160972,916956000
2003-12-22,0.158604,0.161583,0.156999,0.161201,371184000
2003-12-23,0.16059,0.169376,0.160513,0.167772,722760000
2003-12-24,0.167696,0.16823,0.166091,0.16655,210852000
2003-12-26,0.167848,0.174724,0.16716,0.173731,363960000
2003-12-29,0.177016,0.181677,0.176176,0.181065,756624000
2003-12-30,0.179155,0.184885,0.179002,0.181447,550884000
2003-12-31,0.18137,0.182211,0.174342,0.177245,497268000
2004-01-02,0.180072,0.182516,0.176328,0.176328,436416000
2004-01-05,0.179002,0.183281,0.177398,0.182058,575292000
2004-01-06,0.181523,0.19199,0.180683,0.189469,1093344000
2004-01-07,0.187329,0.192066,0.186031,0.19115,673032000
2004-01-08,0.193518,0.194434,0.190004,0.191837,433752000
2004-01-09,0.190538,0.196956,0.189011,0.194588,766584000
2004-01-12,0.195275,0.197414,0.193442,0.196803,541980000
2004-01-13,0.19581,0.19772,0.184579,0.186642,865800000
2004-01-14,0.187559,0.190233,0.18351,0.185267,544872000
2004-01-15,0.183891,0.1871,0.180607,0.185573,609204000
2004-01-16,0.187483,0.190004,0.185725,0.188399,451728000
2004-01-20,0.190691,0.193976,0.188552,0.193671,487764000
2004-01-21,0.192066,0.19283,0.184427,0.184732,494460000
2004-01-22,0.185725,0.188705,0.178239,0.180453,605724000
2004-01-23,0.179537,0.183128,0.176023,0.176405,482472000
2004-01-26,0.177551,0.184121,0.176176,0.183357,393684000
2004-01-27,0.17969,0.182593,0.171515,0.17289,934104000
2004-01-28,0.175106,0.177856,0.171515,0.172432,615204000
2004-01-29,0.172967,0.173807,0.161583,0.167389,929700000
2004-01-30,0.167008,0.173807,0.166014,0.169987,466464000
2004-02-02,0.171363,0.176099,0.169605,0.172738,560844000
2004-02-03,0.172279,0.175259,0.169834,0.172126,418032000
2004-02-04,0.169681,0.171056,0.167237,0.167466,436800000
2004-02-05,0.168383,0.171897,0.167313,0.169987,331980000
2004-02-06,0.172202,0.176328,0.171286,0.173884,471132000
2004-02-09,0.175182,0.178009,0.172585,0.172661,373992000
2004-02-10,0.173196,0.179155,0.173119,0.179002,509700000
2004-02-11,0.181294,0.185878,0.180683,0.185267,737808000
2004-02-12,0.184274,0.185267,0.176863,0.17969,974892000
2004-02-13,0.174953,0.182516,0.173425,0.178009,1747500000
2004-02-17,0.178697,0.18053,0.176252,0.179995,575976000
2004-02-18,0.18053,0.181447,0.178773,0.179995,320244000
2004-02-19,0.182211,0.18542,0.179537,0.179919,631032000
2004-02-20,0.179614,0.184885,0.17862,0.184427,618120000
2004-02-23,0.184121,0.184427,0.175564,0.178009,853332000
2004-02-24,0.174953,0.177169,0.168994,0.170904,708384000
2004-02-25,0.171973,0.175182,0.170064,0.171897,652512000
2004-02-26,0.174418,0.174724,0.170904,0.173043,344976000
2004-02-27,0.173425,0.173578,0.167389,0.169987,595548000
2004-03-01,0.169529,0.172814,0.1693,0.172509,506628000
2004-03-02,0.172738,0.17396,0.168612,0.1693,813348000
2004-03-03,0.168841,0.168841,0.164334,0.167084,552492000
2004-03-04,0.168764,0.171056,0.167389,0.170751,413352000
2004-03-05,0.166931,0.173425,0.16632,0.169529,354888000
2004-03-08,0.169605,0.171897,0.162347,0.163646,465168000
2004-03-09,0.165021,0.165174,0.15975,0.1625,371232000
2004-03-10,0.16357,0.165327,0.158986,0.160132,481692000
2004-03-11,0.157992,0.163646,0.157992,0.158909,526872000
2004-03-12,0.161049,0.164258,0.159291,0.162271,377952000
2004-03-15,0.161278,0.161966,0.157611,0.158604,421224000
2004-03-16,0.160591,0.166167,0.159521,0.165404,597504000
2004-03-17,0.168077,0.171056,0.167389,0.169452,524592000
2004-03-18,0.168535,0.173425,0.168077,0.171363,528048000
2004-03-19,0.170446,0.172202,0.168383,0.169376,452964000
2004-03-22,0.166779,0.169376,0.164258,0.168077,576708000
2004-03-23,0.170369,0.172202,0.166855,0.168764,576036000
2004-03-24,0.168459,0.179155,0.168077,0.176328,787344000
2004-03-25,0.178315,0.187483,0.178009,0.186566,997128000
2004-03-26,0.186031,0.188934,0.18351,0.186031,551604000
2004-03-29,0.188705,0.196574,0.188323,0.194053,985764000
2004-03-30,0.192754,0.200776,0.192601,0.199859,724956000
2004-03-31,0.200852,0.203831,0.199783,0.201693,604752000
2004-04-01,0.201922,0.206047,0.193059,0.198102,1319508000
2004-04-02,0.202456,0.203755,0.196345,0.200929,649740000
2004-04-05,0.199859,0.208951,0.199859,0.20811,576744000
2004-04-06,0.203985,0.205436,0.198637,0.199706,624096000
2004-04-07,0.201234,0.20131,0.195122,0.198637,447864000
2004-04-08,0.203068,0.206277,0.20154,0.20429,447096000
2004-04-12,0.205894,0.206811,0.199248,0.200471,443784000
2004-04-13,0.202304,0.202456,0.194817,0.19581,442704000
2004-04-14,0.194817,0.200471,0.192601,0.196803,512016000
2004-04-15,0.194129,0.19497,0.185649,0.18649,828084000
2004-04-16,0.185725,0.185802,0.179995,0.180377,654864000
2004-04-19,0.180224,0.181447,0.176939,0.180148,522804000
2004-04-20,0.180607,0.182593,0.172432,0.172509,513804000
2004-04-21,0.173196,0.178773,0.171439,0.172738,688812000
2004-04-22,0.171133,0.176634,0.167542,0.173731,695520000
2004-04-23,0.17587,0.180531,0.175335,0.177551,443928000
2004-04-26,0.177932,0.178697,0.17014,0.170598,429912000
2004-04-27,0.172585,0.177169,0.168535,0.169147,494568000
2004-04-28,0.169223,0.171821,0.16716,0.168459,468768000
2004-04-29,0.167466,0.168612,0.161583,0.163799,645048000
2004-04-30,0.162882,0.163875,0.156159,0.15677,512928000
2004-05-03,0.158451,0.160055,0.152033,0.154784,610668000
2004-05-04,0.156999,0.166626,0.156617,0.164639,772380000
2004-05-05,0.164792,0.167466,0.163417,0.166014,464280000
2004-05-06,0.164334,0.168688,0.16082,0.167389,711348000
2004-05-07,0.172279,0.175488,0.167772,0.168688,956772000
2004-05-10,0.164181,0.165938,0.158528,0.162118,669072000
2004-05-11,0.164181,0.167696,0.163493,0.166091,399936000
2004-05-12,0.165174,0.165404,0.158069,0.163799,482328000
2004-05-13,0.162424,0.167313,0.161966,0.164334,347952000
2004-05-14,0.165021,0.167925,0.163493,0.164334,459000000
2004-05-17,0.161966,0.164104,0.159291,0.161736,308340000
2004-05-18,0.163188,0.166243,0.162576,0.164334,204420000
2004-05-19,0.168001,0.170369,0.163112,0.163951,498276000
2004-05-20,0.163646,0.166396,0.160743,0.161583,421488000
2004-05-21,0.163493,0.163722,0.15975,0.161966,282096000
2004-05-24,0.161659,0.163264,0.159521,0.16143,301620000
2004-05-25,0.162118,0.169223,0.158833,0.168459,681264000
2004-05-26,0.168459,0.174189,0.167466,0.171897,524568000
2004-05-27,0.174724,0.177322,0.172202,0.172432,556548000
2004-05-28,0.174571,0.180148,0.173196,0.179155,637980000
2004-06-01,0.176099,0.180836,0.17587,0.179002,318420000
2004-06-02,0.183357,0.184198,0.177474,0.177627,643800000
2004-06-03,0.177703,0.178085,0.168535,0.169071,700824000
2004-06-04,0.172509,0.17289,0.167237,0.167389,649608000
2004-06-07,0.17014,0.173348,0.168001,0.171439,571956000
2004-06-08,0.170446,0.170751,0.165862,0.168383,615000000
2004-06-09,0.169376,0.169605,0.159979,0.160513,498336000
2004-06-10,0.163112,0.163417,0.157458,0.158909,564516000
2004-06-14,0.158069,0.158069,0.152721,0.153944,424752000
2004-06-15,0.156541,0.158604,0.154784,0.156236,394584000
2004-06-16,0.155777,0.15677,0.153179,0.153791,252576000
2004-06-17,0.152798,0.156541,0.14997,0.150735,482376000
2004-06-18,0.151575,0.155166,0.148978,0.150964,534336000
2004-06-21,0.151193,0.153561,0.147297,0.14829,266568000
2004-06-22,0.149131,0.153179,0.148137,0.152492,430308000
2004-06-23,0.152033,0.1557,0.151652,0.15509,264660000
2004-06-24,0.159215,0.15975,0.152569,0.153715,590652000
2004-06-25,0.154784,0.156541,0.15295,0.154707,329124000
2004-06-28,0.156923,0.157458,0.152798,0.153408,299376000
2004-06-29,0.154325,0.158909,0.153715,0.15868,363852000
2004-06-30,0.154478,0.158833,0.154478,0.156388,329268000
2004-07-01,0.158145,0.158375,0.148978,0.149207,505620000
2004-07-02,0.150811,0.150887,0.145998,0.147144,294948000
2004-07-06,0.145387,0.146915,0.136906,0.138511,575388000
2004-07-07,0.140268,0.143172,0.138511,0.139198,344136000
2004-07-08,0.1379,0.140192,0.134691,0.13492,430056000
2004-07-09,0.134767,0.13492,0.126592,0.129113,1114500000
2004-07-12,0.125523,0.129114,0.124454,0.126134,676044000
2004-07-13,0.127662,0.129878,0.12453,0.125905,567108000
2004-07-14,0.121474,0.124836,0.117883,0.120328,901608000
2004-07-15,0.12155,0.122849,0.118724,0.119487,611352000
2004-07-16,0.123154,0.123308,0.115973,0.115973,464700000
2004-07-19,0.116279,0.118571,0.114674,0.117272,461088000
2004-07-20,0.117195,0.120099,0.116049,0.11964,341544000
2004-07-21,0.121474,0.121627,0.112001,0.112382,613416000
2004-07-22,0.113681,0.115362,0.110014,0.114751,521460000
2004-07-23,0.115515,0.115668,0.110931,0.111695,371496000
2004-07-26,0.113147,0.11414,0.107493,0.108563,503208000
2004-07-27,0.109097,0.112459,0.105736,0.112153,789888000
2004-07-28,0.111924,0.112306,0.106194,0.109327,505116000
2004-07-29,0.110855,0.119335,0.110319,0.116508,747360000
2004-07-30,0.115056,0.119946,0.114827,0.117807,403956000
2004-08-02,0.117883,0.119793,0.115897,0.119335,420984000
2004-08-03,0.11987,0.119946,0.11223,0.113147,741540000
2004-08-04,0.111924,0.115439,0.111772,0.114369,507816000
2004-08-05,0.115591,0.116126,0.10925,0.111236,859920000
2004-08-06,0.077239,0.077927,0.071051,0.072044,5088948000
2004-08-09,0.073877,0.076934,0.072655,0.075252,1579212000
2004-08-10,0.079455,0.081976,0.078156,0.081212,2051916000
2004-08-11,0.080143,0.080143,0.078309,0.078844,963816000
2004-08-12,0.079073,0.079302,0.076857,0.07701,654384000
2004-08-13,0.078843,0.080753,0.078156,0.080219,815700000
2004-08-16,0.079302,0.081441,0.078843,0.079455,531732000
2004-08-17,0.081212,0.084268,0.080448,0.08381,744912000
2004-08-18,0.084191,0.089387,0.083503,0.089387,872424000
2004-08-19,0.088852,0.090456,0.087706,0.089081,724404000
2004-08-20,0.088623,0.095651,0.088317,0.094353,1199040000
2004-08-23,0.09588,0.097408,0.095346,0.096416,800028000
2004-08-24,0.097791,0.098249,0.090991,0.092824,939420000
2004-08-25,0.094887,0.097484,0.09313,0.096797,721308000
2004-08-26,0.096645,0.097638,0.09588,0.097026,612720000
2004-08-27,0.097103,0.100235,0.097026,0.09886,565128000
2004-08-30,0.098478,0.099013,0.095499,0.095575,628056000
2004-08-31,0.095957,0.096416,0.092213,0.095193,587064000
2004-09-01,0.09397,0.098401,0.092748,0.097026,591744000
2004-09-02,0.097484,0.101763,0.096568,0.100999,770088000
2004-09-03,0.097943,0.09993,0.097103,0.097943,715056000
2004-09-07,0.098554,0.100617,0.094811,0.096109,727332000
2004-09-08,0.096186,0.097026,0.093894,0.094124,834984000
2004-09-09,0.096415,0.105201,0.095957,0.103521,1299324000
2004-09-10,0.101763,0.108027,0.101458,0.107493,1039344000
2004-09-13,0.10734,0.111695,0.107188,0.109556,967752000
2004-09-14,0.108563,0.110778,0.107722,0.110014,683556000
2004-09-15,0.106652,0.106959,0.102527,0.103902,1163904000
2004-09-16,0.105659,0.108868,0.105277,0.107798,810024000
2004-09-17,0.108639,0.112841,0.107722,0.11223,1003800000
2004-09-20,0.110014,0.115286,0.108639,0.112077,794628000
2004-09-21,0.114598,0.115973,0.113223,0.115056,503904000
2004-09-22,0.112001,0.114751,0.109173,0.109709,625920000
2004-09-23,0.111007,0.111313,0.107798,0.110702,578664000
2004-09-24,0.11116,0.111313,0.105736,0.10734,476316000
2004-09-27,0.1065,0.107722,0.103521,0.10543,406020000
2004-09-28,0.105201,0.107875,0.10375,0.106959,474840000
2004-09-29,0.106882,0.112611,0.105506,0.109556,537228000
2004-09-30,0.110778,0.113452,0.108715,0.110931,619680000
2004-10-01,0.111465,0.116126,0.110931,0.115515,590412000
2004-10-04,0.116508,0.120328,0.116279,0.1188,673932000
2004-10-05,0.115897,0.118953,0.115056,0.116126,633180000
2004-10-06,0.115897,0.117119,0.113223,0.116585,498504000
2004-10-07,0.118724,0.121398,0.116661,0.117272,798072000
2004-10-08,0.116049,0.116508,0.109861,0.110855,693420000
2004-10-11,0.111007,0.113223,0.109021,0.111007,373848000
2004-10-12,0.107264,0.110243,0.105506,0.109403,827232000
2004-10-13,0.112688,0.11414,0.107798,0.108715,672816000
2004-10-14,0.109709,0.109709,0.104667,0.10543,513264000
2004-10-15,0.105659,0.105813,0.09993,0.102527,1280484000
2004-10-18,0.101916,0.10543,0.101076,0.10436,573972000
2004-10-19,0.106729,0.107798,0.102909,0.103673,618480000
2004-10-20,0.103367,0.105354,0.102756,0.104896,540204000
2004-10-21,0.105965,0.108639,0.105125,0.107264,1013964000
2004-10-22,0.108257,0.108486,0.101152,0.101458,686460000
2004-10-25,0.100617,0.104131,0.100388,0.101916,529164000
2004-10-26,0.111924,0.116049,0.108257,0.110702,2455776000
2004-10-27,0.108715,0.11582,0.108715,0.113757,1074036000
2004-10-28,0.11223,0.114598,0.111465,0.112535,561552000
2004-10-29,0.111465,0.112994,0.109556,0.110549,742860000
2004-11-01,0.112077,0.112994,0.110626,0.112918,653892000
2004-11-02,0.112611,0.11689,0.111695,0.114522,1095756000
2004-11-03,0.119182,0.119564,0.11498,0.115591,910356000
2004-11-04,0.116432,0.119182,0.113987,0.117731,995544000
2004-11-05,0.135989,0.143401,0.133239,0.134767,3849012000
2004-11-08,0.133316,0.138052,0.132705,0.136219,718620000
2004-11-09,0.134156,0.137365,0.13408,0.135379,615936000
2004-11-10,0.135226,0.136677,0.134614,0.135379,645912000
2004-11-11,0.136219,0.138052,0.135302,0.138052,507000000
2004-11-12,0.140192,0.140573,0.136906,0.138281,647076000
2004-11-15,0.136906,0.141338,0.136066,0.140344,536472000
2004-11-16,0.140803,0.142331,0.137289,0.139886,472728000
2004-11-17,0.142102,0.145998,0.140726,0.142255,602772000
2004-11-18,0.143477,0.14531,0.140497,0.144088,532524000
2004-11-19,0.15509,0.156846,0.143706,0.144852,2126052000
2004-11-22,0.145387,0.148978,0.144011,0.148978,733788000
2004-11-23,0.147755,0.151193,0.146532,0.149589,676896000
2004-11-24,0.149436,0.152645,0.149054,0.1502,428580000
2004-11-26,0.150887,0.153103,0.149589,0.151728,350760000
2004-11-29,0.152874,0.153944,0.147449,0.148748,704388000
2004-11-30,0.14936,0.149512,0.14531,0.146151,576540000
2004-12-01,0.147449,0.149818,0.14638,0.149818,514572000
2004-12-02,0.148366,0.15295,0.14722,0.151804,758652000
2004-12-03,0.155471,0.160437,0.154937,0.158375,1347312000
2004-12-06,0.159138,0.167237,0.156312,0.165938,970500000
2004-12-07,0.17564,0.190691,0.172202,0.174265,2927052000
2004-12-08,0.17671,0.179537,0.174953,0.176328,872724000
2004-12-09,0.173196,0.176557,0.169834,0.174724,869964000
2004-12-10,0.178773,0.179995,0.177016,0.178085,652848000
2004-12-13,0.175411,0.177703,0.172356,0.173196,738024000
2004-12-14,0.173348,0.176863,0.173043,0.17671,512988000
2004-12-15,0.178468,0.178849,0.175717,0.178315,432768000
2004-12-16,0.18351,0.189928,0.180377,0.180683,1524036000
2004-12-17,0.184045,0.184808,0.174113,0.176176,1214244000
2004-12-20,0.178239,0.180989,0.173348,0.174265,898728000
2004-12-21,0.174265,0.176786,0.169987,0.175564,899400000
2004-12-22,0.179078,0.179919,0.175411,0.175793,421824000
2004-12-23,0.174801,0.178239,0.17396,0.176252,366972000
2004-12-27,0.178697,0.179461,0.173807,0.174724,308208000
2004-12-28,0.175106,0.176481,0.173119,0.173807,291612000
2004-12-29,0.173272,0.177474,0.172814,0.175335,294732000
2004-12-30,0.175411,0.176863,0.173884,0.174647,259812000
2004-12-31,0.177169,0.180912,0.176481,0.179995,575964000
2005-01-03,0.18626,0.188858,0.179385,0.180148,1066716000
2005-01-04,0.181447,0.181753,0.168918,0.171668,790224000
2005-01-05,0.169834,0.175335,0.168918,0.173272,724812000
2005-01-06,0.176328,0.178391,0.170369,0.171592,563568000
2005-01-07,0.171973,0.173272,0.165785,0.168306,763092000
2005-01-10,0.168841,0.170369,0.167696,0.168688,579552000
2005-01-11,0.167084,0.168001,0.160972,0.163493,1093380000
2005-01-12,0.164945,0.165556,0.158145,0.162118,1057800000
2005-01-13,0.1625,0.168077,0.158909,0.163799,898764000
2005-01-14,0.166855,0.167237,0.162729,0.164334,573912000
2005-01-18,0.1625,0.167313,0.162118,0.166931,464556000
2005-01-19,0.167696,0.168077,0.162424,0.163112,336492000
2005-01-20,0.159826,0.167466,0.159826,0.163493,640080000
2005-01-21,0.163722,0.167008,0.163188,0.163799,596352000
2005-01-24,0.162882,0.16525,0.156312,0.157229,463704000
2005-01-25,0.157916,0.162195,0.156999,0.159979,439704000
2005-01-26,0.160513,0.164258,0.15784,0.162042,429120000
2005-01-27,0.162347,0.175793,0.161354,0.17503,1002912000
2005-01-28,0.175717,0.176405,0.17098,0.174801,671052000
2005-01-31,0.176252,0.178391,0.172661,0.175106,562968000
2005-02-01,0.174953,0.179155,0.173884,0.178391,507180000
2005-02-02,0.18542,0.189774,0.180148,0.188323,2035404000
2005-02-03,0.186336,0.187636,0.183739,0.186336,690120000
2005-02-04,0.186413,0.197567,0.186337,0.197033,806448000
2005-02-07,0.197262,0.200929,0.192907,0.194664,521628000
2005-02-08,0.193442,0.199706,0.19283,0.196574,455772000
2005-02-09,0.197109,0.19772,0.188705,0.189698,783756000
2005-02-10,0.190691,0.195122,0.190004,0.194129,602376000
2005-02-11,0.192907,0.201234,0.19222,0.199783,556512000
2005-02-14,0.199706,0.200471,0.194817,0.19558,432900000
2005-02-15,0.19688,0.203602,0.196574,0.197338,748500000
2005-02-16,0.196726,0.199554,0.193136,0.19665,466464000
2005-02-17,0.199325,0.199401,0.193366,0.194893,1017408000
2005-02-18,0.209868,0.216208,0.204061,0.215979,3132120000
2005-02-22,0.214528,0.223772,0.212618,0.218729,1420800000
2005-02-23,0.215215,0.217889,0.20811,0.211624,1107840000
2005-02-24,0.208722,0.217507,0.208722,0.217202,695496000
2005-02-25,0.217507,0.22148,0.215139,0.220334,525132000
2005-02-28,0.219265,0.221557,0.217354,0.22148,758064000
2005-03-01,0.222473,0.226141,0.218729,0.220945,737148000
2005-03-02,0.2185,0.219723,0.213152,0.214452,947460000
2005-03-03,0.213916,0.215291,0.208415,0.211548,761292000
2005-03-04,0.21216,0.213993,0.208874,0.210631,593124000
2005-03-07,0.211548,0.217202,0.210097,0.21277,511176000
2005-03-08,0.212236,0.212694,0.200623,0.201998,1332384000
2005-03-09,0.2007,0.204443,0.196116,0.196726,910140000
2005-03-10,0.197338,0.199095,0.193518,0.19665,689280000
2005-03-11,0.198408,0.198713,0.190462,0.192219,732180000
2005-03-14,0.196192,0.198484,0.194817,0.197643,572148000
2005-03-15,0.198637,0.200547,0.193518,0.193671,378108000
2005-03-16,0.192907,0.195963,0.190309,0.190386,535356000
2005-03-17,0.190997,0.191684,0.188017,0.188475,442584000
2005-03-18,0.188628,0.18924,0.181218,0.184656,639012000
2005-03-21,0.184579,0.191455,0.183433,0.190997,654456000
2005-03-22,0.19115,0.192907,0.186871,0.187559,622992000
2005-03-23,0.187329,0.192907,0.186948,0.191608,728784000
2005-03-24,0.192143,0.197338,0.191837,0.19199,865356000
2005-03-28,0.192066,0.194817,0.188017,0.189851,511188000
2005-03-29,0.189621,0.191761,0.184808,0.185649,587400000
2005-03-30,0.185725,0.188323,0.179307,0.185649,858708000
2005-03-31,0.184579,0.185878,0.180683,0.181523,518316000
2005-04-01,0.183739,0.184808,0.178697,0.179766,510756000
2005-04-04,0.178773,0.179308,0.174724,0.178697,421428000
2005-04-05,0.178773,0.182516,0.174494,0.175564,430128000
2005-04-06,0.178849,0.181829,0.177627,0.178239,567468000
2005-04-07,0.179155,0.183357,0.176099,0.181523,506352000
2005-04-08,0.182287,0.186336,0.178773,0.179155,621540000
2005-04-11,0.180453,0.181065,0.175106,0.17564,328380000
2005-04-12,0.175106,0.178085,0.17121,0.17778,512232000
2005-04-13,0.178009,0.178468,0.169223,0.170369,498408000
2005-04-14,0.170751,0.172356,0.168383,0.168994,352080000
2005-04-15,0.166855,0.168077,0.161583,0.163112,630156000
2005-04-18,0.162118,0.165633,0.161201,0.161966,473100000
2005-04-19,0.164639,0.168842,0.163875,0.167619,365460000
2005-04-20,0.170446,0.171515,0.162347,0.1625,564672000
2005-04-21,0.165785,0.172126,0.164334,0.171515,538152000
2005-04-22,0.170446,0.171592,0.167925,0.169911,336276000
2005-04-25,0.171363,0.173884,0.170522,0.172585,318168000
2005-04-26,0.172661,0.176252,0.168306,0.171821,353148000
2005-04-27,0.167313,0.167925,0.161812,0.16525,609348000
2005-04-28,0.164716,0.168001,0.163112,0.165785,372948000
2005-04-29,0.167389,0.168688,0.159826,0.167542,478356000
2005-05-02,0.169529,0.171439,0.16441,0.166931,334908000
2005-05-03,0.167084,0.17014,0.165327,0.166014,439512000
2005-05-04,0.166779,0.172509,0.166243,0.171286,468816000
2005-05-05,0.172279,0.176786,0.171363,0.174647,619272000
2005-05-06,0.17671,0.177093,0.172661,0.177016,355728000
2005-05-09,0.17778,0.181523,0.17671,0.180301,745332000
2005-05-10,0.178009,0.178085,0.171286,0.173272,735120000
2005-05-11,0.174189,0.174953,0.170064,0.170369,555420000
2005-05-12,0.170369,0.176405,0.170217,0.174113,835584000
2005-05-13,0.189851,0.194588,0.181829,0.193518,2650320000
2005-05-16,0.191226,0.195504,0.19115,0.194205,664104000
2005-05-17,0.193059,0.197262,0.192907,0.196345,639804000
2005-05-18,0.195887,0.198255,0.193824,0.197796,550056000
2005-05-19,0.198255,0.199095,0.195199,0.197414,452880000
2005-05-20,0.197185,0.201005,0.194893,0.200929,517008000
2005-05-23,0.202304,0.207652,0.201693,0.205589,703668000
2005-05-24,0.204596,0.209256,0.203602,0.208493,522192000
2005-05-25,0.208034,0.209103,0.203831,0.205818,535272000
2005-05-26,0.207652,0.213229,0.207269,0.211624,788784000
2005-05-27,0.212236,0.212236,0.208034,0.210249,322740000
2005-05-31,0.209332,0.21109,0.203602,0.20704,763176000
2005-06-01,0.205665,0.21277,0.203221,0.208951,796632000
2005-06-02,0.208186,0.216744,0.208186,0.216744,684348000
2005-06-03,0.215979,0.217966,0.213916,0.216208,559620000
2005-06-06,0.212312,0.216514,0.21216,0.214145,512892000
2005-06-07,0.212694,0.216208,0.208186,0.208951,974136000
2005-06-08,0.209485,0.212389,0.205284,0.207499,618720000
2005-06-09,0.205894,0.216285,0.205665,0.216208,619908000
2005-06-10,0.215979,0.216208,0.212312,0.213764,465096000
2005-06-13,0.213916,0.224536,0.213306,0.2185,1409916000
2005-06-14,0.218577,0.222167,0.198713,0.205589,2408412000
2005-06-15,0.20429,0.205894,0.196879,0.204977,1669788000
2005-06-16,0.204901,0.207423,0.201922,0.206047,489240000
2005-06-17,0.208569,0.208951,0.205055,0.205589,456348000
2005-06-20,0.205589,0.210097,0.202227,0.208722,606060000
2005-06-21,0.210097,0.211701,0.20811,0.210707,428172000
2005-06-22,0.212923,0.214375,0.207881,0.210478,700668000
2005-06-23,0.210097,0.216361,0.209332,0.213764,836976000
2005-06-24,0.213382,0.213458,0.205818,0.206964,475632000
2005-06-27,0.205665,0.207346,0.20345,0.205284,354588000
2005-06-28,0.206123,0.207957,0.203831,0.206582,262308000
2005-06-29,0.206659,0.20704,0.202992,0.204672,283572000
2005-06-30,0.206047,0.207957,0.202533,0.204138,593232000
2005-07-01,0.20345,0.20536,0.200929,0.205054,315168000
2005-07-05,0.205818,0.209103,0.203832,0.208263,388440000
2005-07-06,0.208951,0.214757,0.206582,0.21384,703632000
2005-07-07,0.210478,0.213916,0.209791,0.212312,465900000
2005-07-08,0.213611,0.215674,0.21086,0.214986,408132000
2005-07-11,0.216896,0.220411,0.215979,0.218195,399492000
2005-07-12,0.218042,0.218653,0.212541,0.216973,564252000
2005-07-13,0.21789,0.2185,0.213611,0.217278,594780000
2005-07-14,0.21957,0.223849,0.207346,0.207652,1871496000
2005-07-15,0.20704,0.207652,0.201846,0.205436,1223352000
2005-07-18,0.204825,0.204901,0.198255,0.200317,1044900000
2005-07-19,0.20154,0.203526,0.200012,0.203068,517896000
2005-07-20,0.2007,0.206964,0.197949,0.206124,526500000
2005-07-21,0.20345,0.204367,0.198408,0.202609,594528000
2005-07-22,0.203602,0.206506,0.195887,0.197338,699264000
2005-07-25,0.195046,0.204596,0.194205,0.198484,974952000
2005-07-26,0.197643,0.202915,0.19688,0.202609,759492000
2005-07-27,0.202915,0.207652,0.199477,0.206735,807828000
2005-07-28,0.206353,0.209332,0.203526,0.208339,411240000
2005-07-29,0.207499,0.209715,0.205054,0.206735,351660000
2005-08-01,0.207957,0.210784,0.206582,0.209868,389040000
2005-08-02,0.210097,0.213382,0.209791,0.212694,422652000
2005-08-03,0.212694,0.214681,0.210784,0.212694,518256000
2005-08-04,0.21109,0.212007,0.21002,0.210478,356424000
2005-08-05,0.210173,0.216285,0.208722,0.215827,684096000
2005-08-08,0.217278,0.221327,0.215062,0.21659,725544000
2005-08-09,0.216896,0.217431,0.213687,0.216056,291900000
2005-08-10,0.216973,0.218042,0.210631,0.212847,440556000
2005-08-11,0.212847,0.216208,0.210784,0.215827,701556000
2005-08-12,0.228509,0.230801,0.220716,0.228814,2295420000
2005-08-15,0.229578,0.236989,0.226675,0.234621,882804000
2005-08-16,0.232405,0.234468,0.228967,0.230647,637488000
2005-08-17,0.229655,0.233475,0.229501,0.230647,607572000
2005-08-18,0.228891,0.230037,0.223696,0.224688,822732000
2005-08-19,0.225071,0.225758,0.222396,0.223084,422232000
2005-08-22,0.222703,0.226293,0.218653,0.22125,547224000
2005-08-23,0.221021,0.223849,0.220258,0.222703,254460000
2005-08-24,0.22125,0.227592,0.220181,0.222855,514620000
2005-08-25,0.223849,0.225605,0.221938,0.224383,296484000
2005-08-26,0.224612,0.224612,0.218806,0.220945,323436000
2005-08-29,0.218882,0.221557,0.217125,0.221327,343392000
2005-08-30,0.220945,0.229808,0.22064,0.229272,948852000
2005-08-31,0.228738,0.237294,0.22805,0.234392,906804000
2005-09-01,0.233704,0.236607,0.232481,0.234468,556884000
2005-09-02,0.234926,0.234926,0.229884,0.230647,469800000
2005-09-06,0.231488,0.23378,0.227974,0.232558,423096000
2005-09-07,0.232252,0.24058,0.231641,0.239968,588012000
2005-09-08,0.238517,0.245774,0.238517,0.242795,646116000
2005-09-09,0.245393,0.246462,0.24142,0.245927,454236000
2005-09-12,0.246157,0.24692,0.242184,0.245087,556584000
2005-09-13,0.243941,0.25372,0.243941,0.252498,854724000
2005-09-14,0.250588,0.253949,0.248296,0.249442,503448000
2005-09-15,0.253262,0.2567,0.251734,0.253873,759756000
2005-09-16,0.256012,0.257387,0.251963,0.254026,519828000
2005-09-19,0.25372,0.254561,0.24906,0.250435,428316000
2005-09-20,0.252345,0.258151,0.25204,0.255325,522192000
2005-09-21,0.254332,0.259374,0.250894,0.253109,625656000
2005-09-22,0.25372,0.25372,0.241802,0.24631,739152000
2005-09-23,0.245775,0.25204,0.243712,0.2499,314640000
2005-09-26,0.251811,0.25372,0.247303,0.251963,406776000
2005-09-27,0.253033,0.255248,0.250894,0.252803,404160000
2005-09-28,0.253567,0.255019,0.250665,0.254332,353556000
2005-09-29,0.254408,0.259755,0.252345,0.259603,513372000
2005-09-30,0.259755,0.264263,0.259221,0.261895,458832000
2005-10-03,0.264951,0.270986,0.262812,0.269076,549888000
2005-10-04,0.270222,0.274653,0.264951,0.265562,514476000
2005-10-05,0.265868,0.265868,0.255171,0.256776,599184000
2005-10-06,0.256471,0.260443,0.248143,0.255859,685512000
2005-10-07,0.256317,0.258916,0.250588,0.252574,551952000
2005-10-10,0.253873,0.254332,0.246081,0.246157,459216000
2005-10-11,0.247073,0.249212,0.240274,0.243101,540048000
2005-10-12,0.242414,0.249748,0.242107,0.246004,657660000
2005-10-13,0.245469,0.245851,0.235308,0.244705,509304000
2005-10-14,0.246462,0.249519,0.240656,0.244705,311256000
2005-10-17,0.244858,0.249519,0.244858,0.247073,243912000
2005-10-18,0.24799,0.248449,0.24142,0.243024,299832000
2005-10-19,0.239892,0.241344,0.233093,0.240961,635952000
2005-10-20,0.241344,0.247685,0.240274,0.242643,359520000
2005-10-21,0.246768,0.247532,0.242336,0.244018,298368000
2005-10-24,0.246157,0.250665,0.243941,0.250665,291012000
2005-10-25,0.248983,0.253033,0.247914,0.252269,334680000
2005-10-26,0.252345,0.25288,0.245011,0.245393,415344000
2005-10-27,0.245851,0.246615,0.23951,0.240274,227784000
2005-10-28,0.240885,0.248143,0.234926,0.247685,464640000
2005-10-31,0.248678,0.258075,0.248678,0.256317,432420000
2005-11-01,0.256318,0.258228,0.251199,0.253186,400488000
2005-11-02,0.253262,0.26816,0.252116,0.267854,523668000
2005-11-03,0.269688,0.271215,0.262583,0.264722,465072000
2005-11-04,0.264875,0.265485,0.257463,0.260214,570276000
2005-11-07,0.261589,0.262506,0.257999,0.259068,370824000
2005-11-08,0.260062,0.260291,0.253109,0.254255,538968000
2005-11-09,0.25479,0.267396,0.251887,0.265714,818880000
2005-11-10,0.274959,0.280919,0.250894,0.255859,2503620000
2005-11-11,0.258075,0.263117,0.256929,0.260062,545928000
2005-11-14,0.260138,0.267396,0.256165,0.265562,493668000
2005-11-15,0.267167,0.269688,0.265333,0.266173,496200000
2005-11-16,0.266479,0.26793,0.260062,0.265256,455280000
2005-11-17,0.267472,0.277251,0.264339,0.277022,703260000
2005-11-18,0.277939,0.280231,0.271063,0.276487,465768000
2005-11-21,0.276793,0.281835,0.274959,0.281377,454704000
2005-11-22,0.282828,0.291614,0.280612,0.288863,731700000
2005-11-23,0.28917,0.292225,0.286495,0.288024,411948000
2005-11-25,0.289399,0.291308,0.287412,0.29085,116676000
2005-11-28,0.291614,0.294135,0.284203,0.289399,424524000
2005-11-29,0.272285,0.280002,0.26984,0.271063,1043136000
2005-11-30,0.269152,0.277557,0.269076,0.276181,575448000
2005-12-01,0.278473,0.280765,0.275494,0.279466,562032000
2005-12-02,0.280765,0.281453,0.275799,0.279543,334476000
2005-12-05,0.280154,0.280154,0.273431,0.274348,387708000
2005-12-06,0.274806,0.279237,0.274424,0.275494,375252000
2005-12-07,0.276564,0.278244,0.271215,0.275952,352668000
2005-12-08,0.274501,0.278091,0.270605,0.273736,386664000
2005-12-09,0.274577,0.278015,0.270757,0.277633,262896000
2005-12-12,0.278397,0.282294,0.277939,0.281682,281136000
2005-12-13,0.282217,0.287794,0.280154,0.285349,443412000
2005-12-14,0.28321,0.284586,0.279314,0.282675,287472000
2005-12-15,0.282446,0.284586,0.276181,0.279085,332724000
2005-12-16,0.280078,0.282752,0.277404,0.281529,1065600000
2005-12-19,0.28214,0.284203,0.276181,0.276869,292296000
2005-12-20,0.276564,0.280765,0.273049,0.276716,304356000
2005-12-21,0.278015,0.280307,0.27366,0.276181,289380000
2005-12-22,0.275952,0.284891,0.275876,0.284586,318336000
2005-12-23,0.285349,0.287183,0.28344,0.2868,214536000
2005-12-27,0.286495,0.291691,0.285578,0.288558,367968000
2005-12-28,0.288558,0.292149,0.286724,0.291232,264420000
2005-12-29,0.291079,0.291996,0.283516,0.284738,310464000
2005-12-30,0.283133,0.28321,0.278168,0.279314,229608000
2006-01-03,0.280918,0.294135,0.280002,0.291996,472812000
2006-01-04,0.294212,0.300629,0.291155,0.300171,510072000
2006-01-05,0.300247,0.307505,0.299713,0.30697,646092000
2006-01-06,0.310485,0.313158,0.298337,0.312012,623388000
2006-01-09,0.31186,0.322403,0.311172,0.320722,560484000
2006-01-10,0.319194,0.320799,0.315145,0.320799,339660000
2006-01-11,0.321104,0.334244,0.320569,0.332411,626304000
2006-01-12,0.332335,0.337453,0.325306,0.327675,495504000
2006-01-13,0.32691,0.329584,0.320187,0.324771,421296000
2006-01-17,0.32034,0.324695,0.316061,0.324542,329232000
2006-01-18,0.314686,0.327292,0.311707,0.326222,459948000
2006-01-19,0.330577,0.348837,0.329966,0.344329,914760000
2006-01-20,0.344864,0.348837,0.334627,0.334703,461604000
2006-01-23,0.337301,0.339439,0.332717,0.336613,334884000
2006-01-24,0.337377,0.345323,0.33646,0.338294,388896000
2006-01-25,0.339974,0.34219,0.331265,0.335314,400236000
2006-01-26,0.340203,0.347079,0.338064,0.346774,448836000
2006-01-27,0.351282,0.357241,0.348378,0.353344,385044000
2006-01-30,0.354872,0.355254,0.347767,0.349371,315780000
2006-01-31,0.347615,0.349524,0.340815,0.343489,384456000
2006-02-01,0.337301,0.345093,0.336002,0.343718,450852000
2006-02-02,0.34685,0.347079,0.332717,0.333251,473736000
2006-02-03,0.331112,0.340433,0.330043,0.336307,504252000
2006-02-06,0.33539,0.346162,0.333939,0.345781,363468000
2006-02-07,0.346469,0.346469,0.333327,0.33348,399408000
2006-02-08,0.334473,0.343107,0.334473,0.343107,393072000
2006-02-09,0.344177,0.349524,0.335161,0.337301,437100000
2006-02-10,0.338523,0.340051,0.327521,0.33539,414996000
2006-02-13,0.334321,0.338905,0.332029,0.336536,280740000
2006-02-14,0.336536,0.338369,0.332717,0.337147,342348000
2006-02-15,0.33646,0.344558,0.335619,0.343641,493296000
2006-02-16,0.350059,0.361366,0.347691,0.360602,1305888000
2006-02-17,0.387112,0.387495,0.360602,0.362664,2356956000
2006-02-21,0.361901,0.362512,0.351816,0.354949,684060000
2006-02-22,0.349906,0.357164,0.341502,0.354337,939756000
2006-02-23,0.353267,0.355636,0.34792,0.348913,385128000
2006-02-24,0.350441,0.354643,0.347003,0.348837,416412000
2006-02-27,0.351511,0.365186,0.347844,0.362971,666468000
2006-02-28,0.361366,0.364422,0.356553,0.360067,563316000
2006-03-01,0.361366,0.375882,0.359074,0.373743,703932000
2006-03-02,0.373361,0.379549,0.369464,0.374277,545460000
2006-03-03,0.370839,0.38207,0.370152,0.375576,595800000
2006-03-06,0.382911,0.385432,0.372978,0.374812,529020000
2006-03-07,0.374889,0.377791,0.360984,0.368394,606204000
2006-03-08,0.368471,0.370381,0.353421,0.366561,670800000
2006-03-09,0.370992,0.377181,0.368242,0.368471,536700000
2006-03-10,0.368089,0.372749,0.358768,0.362054,521580000
2006-03-13,0.365721,0.368165,0.362971,0.366409,372132000
2006-03-14,0.366714,0.378098,0.365339,0.376569,627792000
2006-03-15,0.377333,0.38314,0.375882,0.382605,510600000
2006-03-16,0.383292,0.38375,0.368318,0.369617,568416000
2006-03-17,0.36786,0.37359,0.362359,0.372597,618588000
2006-03-20,0.375882,0.375958,0.369388,0.36977,293772000
2006-03-21,0.388029,0.394981,0.377868,0.388029,1235472000
2006-03-22,0.378174,0.380007,0.368394,0.376875,1158576000
2006-03-23,0.378174,0.385432,0.373895,0.383904,661992000
2006-03-24,0.384896,0.397579,0.384286,0.396892,687936000
2006-03-27,0.397197,0.407893,0.395898,0.407587,651444000
2006-03-28,0.405753,0.419276,0.404914,0.413852,795204000
2006-03-29,0.415609,0.436848,0.412171,0.436084,987096000
2006-03-30,0.436543,0.441432,0.428673,0.439064,1063308000
2006-03-31,0.438758,0.44487,0.434785,0.437459,835560000
2006-04-03,0.439751,0.448461,0.434251,0.442349,968916000
2006-04-04,0.44296,0.46374,0.442502,0.463052,1200612000
2006-04-05,0.462213,0.469089,0.452357,0.466797,1112976000
2006-04-06,0.465574,0.471227,0.459156,0.467713,789312000
2006-04-07,0.465727,0.469852,0.457323,0.46649,682674000
2006-04-10,0.465421,0.468172,0.454878,0.458392,634230000
2006-04-11,0.459921,0.459921,0.444487,0.447238,702072000
2006-04-12,0.450141,0.467713,0.447696,0.465268,598308000
2006-04-13,0.455337,0.460531,0.450447,0.45228,738360000
2006-04-17,0.451517,0.46481,0.449836,0.453503,443868000
2006-04-18,0.445404,0.445557,0.430736,0.442807,1165488000
2006-04-19,0.440057,0.450447,0.433944,0.445557,517476000
2006-04-20,0.441585,0.452892,0.434251,0.444946,552684000
2006-04-21,0.446321,0.448155,0.423708,0.428902,770016000
2006-04-24,0.431652,0.446321,0.424013,0.442043,676848000
2006-04-25,0.437001,0.442807,0.429361,0.441737,719766000
2006-04-26,0.443419,0.450141,0.433944,0.438682,330528000
2006-04-27,0.437001,0.449836,0.427527,0.44571,462966000
2006-04-28,0.446016,0.452128,0.442196,0.446474,284736000
2006-05-01,0.44953,0.480854,0.44953,0.472144,902472000
2006-05-02,0.475658,0.481312,0.463435,0.471533,539700000
2006-05-03,0.466185,0.479784,0.465727,0.474589,378114000
2006-05-04,0.465268,0.476728,0.462823,0.471533,511128000
2006-05-05,0.473978,0.479632,0.467407,0.47795,338184000
2006-05-08,0.476728,0.487118,0.47138,0.475811,503622000
2006-05-09,0.4752,0.477645,0.460684,0.461296,561648000
2006-05-10,0.455795,0.461143,0.446474,0.451058,753264000
2006-05-11,0.455642,0.459921,0.4315,0.435014,1201110000
2006-05-12,0.424624,0.426763,0.393301,0.402315,1568172000
2006-05-15,0.401552,0.411636,0.398038,0.408122,553380000
2006-05-16,0.410414,0.410567,0.394829,0.397426,497532000
2006-05-17,0.396051,0.398343,0.374354,0.381383,841074000
2006-05-18,0.384438,0.388105,0.363658,0.364117,686730000
2006-05-19,0.367478,0.380466,0.363811,0.371756,932808000
2006-05-22,0.36977,0.370534,0.356629,0.366714,734886000
2006-05-23,0.374353,0.383063,0.361213,0.362741,532314000
2006-05-24,0.36595,0.378327,0.357699,0.367478,579522000
2006-05-25,0.374353,0.379854,0.363505,0.365492,423666000
2006-05-26,0.366867,0.369311,0.362435,0.366256,294642000
2006-05-30,0.366867,0.367019,0.350823,0.350976,448788000
2006-05-31,0.355712,0.359074,0.34899,0.351129,598422000
2006-06-01,0.355101,0.369464,0.3496,0.369464,537126000
2006-06-02,0.375423,0.377257,0.360449,0.364117,673710000
2006-06-05,0.36213,0.368853,0.347767,0.348837,581052000
2006-06-06,0.353267,0.353574,0.330043,0.339516,824130000
2006-06-07,0.343183,0.343794,0.330806,0.333404,565380000
2006-06-08,0.329584,0.333863,0.314152,0.327292,730572000
2006-06-09,0.331571,0.337224,0.323472,0.326222,433824000
2006-06-12,0.320569,0.324847,0.306359,0.308193,463230000
2006-06-13,0.30804,0.314304,0.300552,0.303456,532548000
2006-06-14,0.305289,0.313235,0.302081,0.312318,480492000
2006-06-15,0.323778,0.340739,0.32118,0.339669,837336000
2006-06-16,0.337377,0.338294,0.327751,0.330959,503448000
2006-06-19,0.334626,0.336307,0.320263,0.321028,388044000
2006-06-20,0.312165,0.323167,0.310943,0.315985,535818000
2006-06-21,0.31461,0.324542,0.31461,0.3195,441174000
2006-06-22,0.323014,0.32393,0.30804,0.310179,532338000
2006-06-23,0.309568,0.316749,0.306664,0.310332,335202000
2006-06-26,0.309873,0.313235,0.305901,0.307428,281736000
2006-06-27,0.309262,0.309568,0.293524,0.29765,608514000
2006-06-28,0.299942,0.319041,0.292149,0.314152,833376000
2006-06-29,0.305595,0.328362,0.304526,0.328362,687666000
2006-06-30,0.331571,0.336765,0.322861,0.325306,468240000
2006-07-03,0.332793,0.333098,0.327751,0.330043,174696000
2006-07-05,0.324847,0.327751,0.315221,0.315221,459708000
2006-07-06,0.315221,0.318277,0.302234,0.305442,470634000
2006-07-07,0.307581,0.308193,0.292607,0.295968,541230000
2006-07-10,0.296733,0.298872,0.280536,0.283133,449922000
2006-07-11,0.282217,0.293676,0.278091,0.292607,600582000
2006-07-12,0.291537,0.294899,0.278244,0.278549,461034000
2006-07-13,0.274272,0.281148,0.269993,0.271368,540582000
2006-07-14,0.276411,0.277939,0.262354,0.269993,572148000
2006-07-17,0.268771,0.275189,0.267396,0.272132,502806000
2006-07-18,0.281453,0.289857,0.271368,0.286954,979332000
2006-07-19,0.285732,0.30315,0.283592,0.299483,1055550000
2006-07-20,0.304831,0.310179,0.293066,0.293524,505602000
2006-07-21,0.283592,0.284815,0.269382,0.271521,633918000
2006-07-24,0.281606,0.305748,0.280078,0.298872,983178000
2006-07-25,0.302539,0.312624,0.298108,0.309415,574104000
2006-07-26,0.309415,0.313082,0.300247,0.309415,495318000
2006-07-27,0.313387,0.326222,0.308193,0.313846,694338000
2006-07-28,0.321945,0.347003,0.320111,0.346392,815298000
2006-07-31,0.342724,0.346239,0.337377,0.338294,594762000
2006-08-01,0.334168,0.33478,0.318583,0.324695,600966000
2006-08-02,0.331876,0.351282,0.331112,0.3496,756774000
2006-08-03,0.348378,0.381077,0.343489,0.371603,890568000
2006-08-04,0.381383,0.381994,0.357088,0.366561,818232000
2006-08-07,0.360143,0.366867,0.355254,0.362283,436146000
2006-08-08,0.365186,0.379702,0.364269,0.371909,619806000
2006-08-09,0.379244,0.389634,0.369006,0.371756,584706000
2006-08-10,0.367631,0.371298,0.361366,0.369159,1072140000
2006-08-11,0.342266,0.366867,0.341044,0.357546,1603272000
2006-08-14,0.361977,0.365644,0.353726,0.355713,809412000
2006-08-15,0.36488,0.391925,0.361366,0.389939,902172000
2006-08-16,0.392079,0.419582,0.381994,0.417901,1029246000
2006-08-17,0.412706,0.423555,0.407205,0.411331,814224000
2006-08-18,0.411789,0.420193,0.397426,0.418054,665898000
2006-08-21,0.411789,0.412553,0.401705,0.402622,500220000
2006-08-22,0.401399,0.413165,0.401093,0.40201,473928000
2006-08-23,0.405066,0.409191,0.392842,0.401705,485412000
2006-08-24,0.402774,0.407969,0.396356,0.40583,260802000
2006-08-25,0.402774,0.41179,0.398801,0.404607,238314000
2006-08-28,0.411331,0.43043,0.410566,0.418512,764562000
2006-08-29,0.422485,0.439445,0.419429,0.437459,727962000
2006-08-30,0.439904,0.451058,0.438835,0.446474,681564000
2006-08-31,0.445404,0.447391,0.435167,0.444794,511278000
2006-09-01,0.438223,0.441737,0.424471,0.426152,605742000
2006-09-05,0.427527,0.437153,0.421263,0.435473,549354000
2006-09-06,0.427833,0.428444,0.412553,0.413623,493572000
2006-09-07,0.406899,0.431194,0.402469,0.421874,742836000
2006-09-08,0.428597,0.430431,0.413928,0.423249,447978000
2006-09-11,0.413775,0.434709,0.409039,0.429819,598266000
2006-09-12,0.427833,0.443877,0.426763,0.441127,498432000
2006-09-13,0.442196,0.450447,0.44082,0.444641,476286000
2006-09-14,0.442502,0.450753,0.437153,0.44296,428814000
2006-09-15,0.444488,0.453809,0.442349,0.45167,649764000
2006-09-18,0.452892,0.469547,0.451516,0.468782,793896000
2006-09-19,0.465727,0.469089,0.452739,0.456559,708054000
2006-09-20,0.462518,0.473825,0.461601,0.473214,511884000
2006-09-21,0.472756,0.477492,0.464963,0.469394,539106000
2006-09-22,0.468019,0.470922,0.450294,0.455489,653334000
2006-09-25,0.462365,0.473825,0.449836,0.471839,684486000
2006-09-26,0.471381,0.472603,0.455947,0.461906,516120000
2006-09-27,0.460531,0.4752,0.4561,0.460531,578142000
2006-09-28,0.442502,0.453655,0.440515,0.451822,647346000
2006-09-29,0.454878,0.458392,0.449683,0.452128,373890000
2006-10-02,0.449988,0.452892,0.437001,0.440668,647442000
2006-10-03,0.432417,0.435778,0.422791,0.432417,907692000
2006-10-04,0.433028,0.475048,0.431806,0.474894,1460382000
2006-10-05,0.473061,0.477798,0.460226,0.461448,662682000
2006-10-06,0.462213,0.477492,0.460837,0.472603,593610000
2006-10-09,0.471533,0.509274,0.470158,0.50301,932304000
2006-10-10,0.500411,0.502398,0.485896,0.49155,624648000
2006-10-11,0.488952,0.50301,0.481465,0.4943,481944000
2006-10-12,0.49705,0.506523,0.489105,0.496286,414720000
2006-10-13,0.494606,0.5189,0.486508,0.515997,584190000
2006-10-16,0.517678,0.526081,0.505912,0.51508,478968000
2006-10-17,0.506677,0.510191,0.49048,0.495369,526506000
2006-10-18,0.502703,0.508052,0.478715,0.482229,822750000
2006-10-19,0.480395,0.495064,0.476575,0.491397,473040000
2006-10-20,0.495217,0.495522,0.478715,0.485743,359478000
2006-10-23,0.484674,0.496439,0.481312,0.482534,280248000
2006-10-24,0.483451,0.502093,0.482076,0.496592,519288000
2006-10-25,0.501328,0.508816,0.492925,0.501176,389436000
2006-10-26,0.502398,0.518747,0.502398,0.517067,366690000
2006-10-27,0.517067,0.528527,0.488952,0.494759,566988000
2006-10-30,0.49812,0.509579,0.492772,0.500718,479592000
2006-10-31,0.511719,0.532805,0.509121,0.532805,996174000
2006-11-01,0.525776,0.530665,0.484368,0.491702,1176540000
2006-11-02,0.493994,0.50469,0.481617,0.488341,862944000
2006-11-03,0.493842,0.498731,0.485896,0.49812,548070000
2006-11-06,0.499495,0.520122,0.49323,0.513247,739602000
2006-11-07,0.517067,0.52654,0.514163,0.521039,553254000
2006-11-08,0.517372,0.535097,0.51615,0.528679,648324000
2006-11-09,0.539528,0.553127,0.534639,0.539223,1207758000
2006-11-10,0.534639,0.537236,0.512941,0.526234,1317192000
2006-11-13,0.527304,0.551599,0.527151,0.550071,852282000
2006-11-14,0.548084,0.556642,0.536319,0.555572,628530000
2006-11-15,0.553891,0.561531,0.543348,0.546404,491892000
2006-11-16,0.548696,0.555418,0.543959,0.553433,457182000
2006-11-17,0.549613,0.556488,0.546251,0.55496,361608000
2006-11-20,0.548084,0.563211,0.543959,0.560156,608634000
2006-11-21,0.561836,0.562753,0.547626,0.551446,387384000
2006-11-22,0.553433,0.561531,0.550529,0.560919,240258000
2006-11-24,0.558169,0.566268,0.553127,0.565045,144336000
2006-11-27,0.561684,0.56917,0.535708,0.539528,585294000
2006-11-28,0.537694,0.554502,0.52929,0.549612,480966000
2006-11-29,0.554655,0.564434,0.552516,0.557711,579792000
2006-11-30,0.55771,0.569782,0.550988,0.565198,583632000
2006-12-01,0.558933,0.559697,0.538153,0.543042,785010000
2006-12-04,0.550071,0.572074,0.548084,0.565045,621570000
2006-12-05,0.559086,0.562448,0.552974,0.559239,663354000
2006-12-06,0.561072,0.561072,0.550835,0.558475,478242000
2006-12-07,0.558475,0.561531,0.540139,0.545029,486894000
2006-12-08,0.541056,0.550682,0.533264,0.543195,564858000
2006-12-11,0.543348,0.559086,0.542125,0.552516,515484000
2006-12-12,0.548391,0.550224,0.539528,0.546862,568116000
2006-12-13,0.551293,0.55771,0.551293,0.55328,491952000
2006-12-14,0.557711,0.570087,0.557252,0.563059,715380000
2006-12-15,0.566726,0.572991,0.563211,0.572991,746094000
2006-12-18,0.573602,0.589798,0.573296,0.582922,688356000
2006-12-19,0.575436,0.594382,0.574671,0.591326,545622000
2006-12-20,0.58827,0.595299,0.584145,0.584603,306594000
2006-12-21,0.587812,0.589493,0.572991,0.579561,367920000
2006-12-22,0.578644,0.58063,0.563059,0.565809,370170000
2006-12-26,0.568865,0.573907,0.563364,0.565656,228192000
2006-12-27,0.568101,0.575129,0.568101,0.573144,264954000
2006-12-28,0.573754,0.574366,0.56642,0.569018,213912000
2006-12-29,0.569018,0.580936,0.564893,0.565503,386094000
2007-01-03,0.56642,0.573296,0.531582,0.551293,1154820000
2007-01-04,0.549307,0.551293,0.535249,0.548696,797298000
2007-01-05,0.535708,0.537848,0.510649,0.514316,1243344000
2007-01-08,0.51615,0.528068,0.507287,0.518137,657270000
2007-01-09,0.5189,0.522414,0.507441,0.508052,764166000
2007-01-10,0.502703,0.537847,0.495064,0.53311,1108746000
2007-01-11,0.53311,0.537236,0.522414,0.531124,924504000
2007-01-12,0.523179,0.540445,0.520734,0.538306,698190000
2007-01-16,0.542431,0.542737,0.53311,0.539223,711864000
2007-01-17,0.531735,0.534944,0.525929,0.527915,707934000
2007-01-18,0.523331,0.523331,0.477645,0.484216,1501638000
2007-01-19,0.47902,0.497203,0.475658,0.487118,942606000
2007-01-22,0.491702,0.499648,0.485284,0.487118,730644000
2007-01-23,0.484826,0.495064,0.475811,0.487271,630354000
2007-01-24,0.493536,0.508969,0.491244,0.502398,685722000
2007-01-25,0.506982,0.508815,0.482382,0.484826,616284000
2007-01-26,0.488952,0.493689,0.472144,0.480854,829584000
2007-01-29,0.478715,0.47902,0.457017,0.461143,1258284000
2007-01-30,0.464198,0.473061,0.460073,0.470005,636174000
2007-01-31,0.467713,0.472756,0.461906,0.468324,467976000
2007-02-01,0.463893,0.476728,0.462976,0.474283,650898000
2007-02-02,0.476881,0.488951,0.472908,0.486659,586590000
2007-02-05,0.488952,0.498731,0.488188,0.494605,579906000
2007-02-06,0.50576,0.518595,0.498273,0.512178,775386000
2007-02-07,0.516303,0.533416,0.513246,0.532194,761058000
2007-02-08,0.524096,0.532805,0.519512,0.525318,726276000
2007-02-09,0.527915,0.532347,0.496897,0.498884,937956000
2007-02-12,0.502551,0.520734,0.497203,0.509885,789360000
2007-02-13,0.518137,0.523637,0.512941,0.519512,849732000
2007-02-14,0.524096,0.527151,0.511413,0.512636,1081848000
2007-02-15,0.51233,0.518289,0.50744,0.515691,488682000
2007-02-16,0.513553,0.514163,0.498426,0.499953,915060000
2007-02-20,0.500718,0.507135,0.497203,0.504385,625578000
2007-02-21,0.500259,0.505607,0.491855,0.496898,655332000
2007-02-22,0.50469,0.512788,0.498884,0.500106,655452000
2007-02-23,0.504843,0.505148,0.498731,0.498884,403050000
2007-02-26,0.500259,0.504079,0.49048,0.491244,494070000
2007-02-27,0.485896,0.497356,0.475658,0.476423,714630000
2007-02-28,0.475048,0.483909,0.469241,0.473672,780048000
2007-03-01,0.463435,0.476575,0.457323,0.467866,837228000
2007-03-02,0.46374,0.469394,0.453962,0.454878,682728000
2007-03-05,0.446933,0.455795,0.437918,0.439445,663558000
2007-03-06,0.449071,0.470464,0.447238,0.465421,805974000
2007-03-07,0.463129,0.465268,0.450294,0.45228,811656000
2007-03-08,0.461754,0.476117,0.461448,0.470922,770622000
2007-03-09,0.477492,0.48284,0.460837,0.466185,555306000
2007-03-12,0.460837,0.470157,0.460226,0.463435,428010000
2007-03-13,0.458698,0.461448,0.443571,0.443877,617070000
2007-03-14,0.445099,0.447696,0.428444,0.441737,971610000
2007-03-15,0.440668,0.444641,0.430584,0.437306,655752000
2007-03-16,0.437612,0.438376,0.430125,0.433181,525648000
2007-03-19,0.435473,0.442349,0.433945,0.43532,461508000
2007-03-20,0.433945,0.443877,0.4315,0.433181,656490000
2007-03-21,0.450753,0.465115,0.442196,0.457934,1268376000
2007-03-22,0.458393,0.470769,0.456254,0.468019,810954000
2007-03-23,0.464505,0.472756,0.459462,0.462823,524640000
2007-03-26,0.463129,0.46756,0.455337,0.46374,447336000
2007-03-27,0.462671,0.463588,0.454572,0.455031,469020000
2007-03-28,0.451211,0.455031,0.445558,0.446321,459504000
2007-03-29,0.453045,0.453656,0.431347,0.438529,719016000
2007-03-30,0.444488,0.447696,0.437459,0.439751,581244000
2007-04-02,0.438681,0.442349,0.432111,0.439293,400830000
2007-04-03,0.439293,0.444182,0.433486,0.437612,473724000
2007-04-04,0.437001,0.440515,0.435473,0.436695,361692000
2007-04-05,0.438528,0.472602,0.438528,0.472144,1332900000
2007-04-09,0.472144,0.477492,0.462671,0.463588,640950000
2007-04-10,0.462976,0.468324,0.457934,0.458851,794220000
2007-04-11,0.459768,0.464352,0.449071,0.4506,810150000
2007-04-12,0.448155,0.46481,0.445252,0.463435,743640000
2007-04-13,0.461906,0.468172,0.456254,0.467255,638694000
2007-04-16,0.466032,0.469547,0.458851,0.46481,671838000
2007-04-17,0.476575,0.487424,0.466949,0.469241,1059108000
2007-04-18,0.468477,0.479173,0.466032,0.475048,683802000
2007-04-19,0.471227,0.484368,0.469852,0.481617,568056000
2007-04-20,0.488646,0.488952,0.480854,0.487271,590052000
2007-04-23,0.484979,0.485896,0.47795,0.479325,595272000
2007-04-24,0.487424,0.501787,0.484216,0.497356,1028088000
2007-04-25,0.496592,0.508662,0.4943,0.505912,509640000
2007-04-26,0.505912,0.515997,0.501328,0.512178,500070000
2007-04-27,0.510496,0.51615,0.497203,0.505302,554058000
2007-04-30,0.512178,0.518595,0.502398,0.502551,563388000
2007-05-01,0.511719,0.51508,0.503773,0.507899,544554000
2007-05-02,0.510496,0.512636,0.499342,0.50194,659658000
2007-05-03,0.506677,0.514775,0.50576,0.511413,500250000
2007-05-04,0.514163,0.517678,0.509274,0.51508,405246000
2007-05-07,0.522567,0.528373,0.504232,0.504843,557100000
2007-05-08,0.501787,0.509886,0.492008,0.508663,737100000
2007-05-09,0.504995,0.513858,0.499189,0.510954,417870000
2007-05-10,0.513094,0.519817,0.49705,0.501481,802584000
2007-05-11,0.528526,0.542125,0.520428,0.536931,1530630000
2007-05-14,0.534791,0.539833,0.52654,0.531582,731568000
2007-05-15,0.53311,0.536319,0.525623,0.526846,621360000
2007-05-16,0.527304,0.533569,0.51722,0.533569,523104000
2007-05-17,0.53204,0.534791,0.521651,0.524706,443664000
2007-05-18,0.528679,0.536624,0.524248,0.535097,604266000
2007-05-21,0.533569,0.550071,0.530972,0.536777,645768000
2007-05-22,0.537236,0.54457,0.528527,0.539681,401736000
2007-05-23,0.539986,0.543195,0.523789,0.525318,448248000
2007-05-24,0.527763,0.52929,0.504232,0.506371,607800000
2007-05-25,0.510038,0.516914,0.50851,0.514316,308976000
2007-05-29,0.512177,0.521497,0.510649,0.519817,316242000
2007-05-30,0.513705,0.521039,0.507287,0.521039,331650000
2007-05-31,0.524859,0.532499,0.522414,0.52929,481572000
2007-06-01,0.535249,0.543195,0.53204,0.532957,429084000
2007-06-04,0.528068,0.538916,0.525929,0.535861,322002000
2007-06-05,0.537389,0.552668,0.536472,0.551751,698586000
2007-06-06,0.547932,0.564739,0.54564,0.555877,950736000
2007-06-07,0.55328,0.561531,0.549766,0.549918,791862000
2007-06-08,0.545334,0.559239,0.538611,0.558475,533268000
2007-06-11,0.558475,0.563823,0.555418,0.560461,434634000
2007-06-12,0.557558,0.565351,0.55435,0.554655,526770000
2007-06-13,0.560767,0.568101,0.553585,0.567948,587232000
2007-06-14,0.565351,0.580172,0.564586,0.578033,508548000
2007-06-15,0.584603,0.608898,0.58445,0.604314,1081998000
2007-06-18,0.610426,0.612565,0.59973,0.60462,685662000
2007-06-19,0.600799,0.609815,0.596674,0.60844,491952000
2007-06-20,0.61119,0.614246,0.604925,0.60905,822792000
2007-06-21,0.620816,0.662072,0.616079,0.656723,1297326000
2007-06-22,0.657029,0.670323,0.647097,0.666503,882618000
2007-06-25,0.647862,0.663752,0.641903,0.648931,819702000
2007-06-26,0.64725,0.649084,0.617301,0.61883,868482000
2007-06-27,0.61883,0.636249,0.615774,0.635485,613140000
2007-06-28,0.637319,0.648472,0.631053,0.641596,597534000
2007-06-29,0.645875,0.646028,0.630901,0.631206,516570000
2007-07-02,0.640221,0.657793,0.638235,0.657488,563850000
2007-07-03,0.657029,0.663752,0.651681,0.658557,238770000
2007-07-05,0.65871,0.667724,0.655501,0.665585,373290000
2007-07-06,0.664669,0.671392,0.663447,0.668795,282720000
2007-07-09,0.67124,0.691409,0.671087,0.6882,536784000
2007-07-10,0.684685,0.699048,0.677351,0.694923,552654000
2007-07-11,0.69477,0.699507,0.682241,0.691867,582612000
2007-07-12,0.696756,0.705924,0.691867,0.705161,438732000
2007-07-13,0.703174,0.711578,0.700118,0.700882,372630000
2007-07-16,0.701493,0.716467,0.70134,0.713564,541710000
2007-07-17,0.716467,0.73083,0.709897,0.710508,643812000
2007-07-18,0.70027,0.70241,0.683768,0.69752,550656000
2007-07-19,0.707453,0.710967,0.691867,0.696756,407376000
2007-07-20,0.70134,0.703785,0.685755,0.689117,505650000
2007-07-23,0.686672,0.710203,0.685143,0.695993,360474000
2007-07-24,0.693242,0.699048,0.673378,0.677657,457560000
2007-07-25,0.677809,0.687436,0.658863,0.674448,437196000
2007-07-26,0.667266,0.687283,0.658252,0.677809,710268000
2007-07-27,0.676129,0.707299,0.675823,0.676129,615480000
2007-07-30,0.678574,0.696145,0.678421,0.695076,538158000
2007-07-31,0.722579,0.732358,0.698285,0.699201,711492000
2007-08-01,0.689117,0.706077,0.661613,0.694006,705828000
2007-08-02,0.701952,0.702562,0.681629,0.69095,468606000
2007-08-03,0.688659,0.693701,0.649695,0.65,623412000
2007-08-06,0.655501,0.66039,0.637165,0.655501,524724000
2007-08-07,0.655501,0.67674,0.646792,0.665891,565764000
2007-08-08,0.677962,0.717384,0.672767,0.696603,660744000
2007-08-09,0.70134,0.72426,0.685297,0.704854,1251834000
2007-08-10,0.647097,0.67674,0.632428,0.672156,1141014000
2007-08-13,0.677504,0.682088,0.650917,0.664822,700410000
2007-08-14,0.669406,0.70134,0.667419,0.690644,1092174000
2007-08-15,0.686977,0.696757,0.660544,0.66146,695142000
2007-08-16,0.654889,0.659626,0.61883,0.650459,780030000
2007-08-17,0.668489,0.689422,0.647708,0.688811,728712000
2007-08-20,0.689269,0.696757,0.677657,0.68606,519684000
2007-08-21,0.690186,0.728691,0.679949,0.72319,715338000
2007-08-22,0.741526,0.743971,0.726552,0.739692,566154000
2007-08-23,0.743207,0.751917,0.730219,0.733428,667986000
2007-08-24,0.731289,0.738623,0.72594,0.737248,361644000
2007-08-27,0.737248,0.761695,0.733886,0.753902,635946000
2007-08-28,0.756347,0.759403,0.70623,0.707911,560022000
2007-08-29,0.722732,0.749013,0.721204,0.748097,538560000
2007-08-30,0.740915,0.762307,0.740609,0.743818,465660000
2007-08-31,0.759403,0.784615,0.755278,0.781712,720834000
2007-09-04,0.785226,0.809216,0.773003,0.805854,683268000
2007-09-05,0.80234,0.825106,0.799131,0.799742,656274000
2007-09-06,0.809674,0.817009,0.799895,0.803257,425496000
2007-09-07,0.780948,0.789046,0.758945,0.77392,602304000
2007-09-10,0.790727,0.804478,0.769641,0.776058,872112000
2007-09-11,0.785455,0.798519,0.777204,0.79256,405424000
2007-09-12,0.801041,0.804937,0.753597,0.76139,554452000
2007-09-13,0.775829,0.776746,0.756119,0.761619,452864000
2007-09-14,0.754056,0.754972,0.736866,0.739158,487308000
2007-09-17,0.740304,0.748096,0.729531,0.737553,374828000
2007-09-18,0.745346,0.813646,0.7442,0.802186,844740000
2007-09-19,0.809521,0.825106,0.779725,0.787518,521360000
2007-09-20,0.787976,0.796457,0.774225,0.782934,324172000
2007-09-21,0.790727,0.802187,0.782934,0.790498,457532000
2007-09-24,0.795311,0.822814,0.789581,0.810667,456360000
2007-09-25,0.805854,0.824419,0.803562,0.820981,360748000
2007-09-26,0.825107,0.842296,0.823044,0.840463,518032000
2007-09-27,0.848484,0.85261,0.834045,0.842984,378280000
2007-09-28,0.848026,0.851005,0.828773,0.830607,404292000
2007-10-01,0.837712,0.869799,0.836795,0.865674,398200000
2007-10-02,0.863611,0.865216,0.844817,0.857423,284960000
2007-10-03,0.842296,0.842296,0.807458,0.820981,467196000
2007-10-04,0.820064,0.829461,0.796457,0.824648,378976000
2007-10-05,0.837712,0.851005,0.828773,0.846421,344840000
2007-10-08,0.852381,0.861548,0.842296,0.860173,252484000
2007-10-09,0.860173,0.86407,0.832441,0.845046,403008000
2007-10-10,0.850777,0.850777,0.825565,0.845963,389136000
2007-10-11,0.838171,0.848714,0.799207,0.808375,529104000
2007-10-12,0.817314,0.828086,0.804708,0.828086,409952000
2007-10-15,0.830836,0.844817,0.82694,0.834045,355900000
2007-10-16,0.833128,0.856506,0.830149,0.841609,276360000
2007-10-17,0.874384,0.908763,0.873467,0.906242,717944000
2007-10-18,0.903262,0.909221,0.880572,0.905554,340620000
2007-10-19,0.903492,0.90395,0.856736,0.856965,505768000
2007-10-22,0.851464,0.899366,0.844588,0.897532,537656000
2007-10-23,0.909221,0.909221,0.877363,0.901887,294292000
2007-10-24,0.882405,0.882405,0.828544,0.871404,565500000
2007-10-25,0.844588,0.85261,0.76987,0.795311,806192000
2007-10-26,0.820522,0.826023,0.776975,0.788435,616580000
2007-10-29,0.76139,0.773537,0.746263,0.76987,813896000
2007-10-30,0.776058,0.814334,0.763223,0.798061,525212000
2007-10-31,0.802874,0.811355,0.777892,0.810896,455188000
2007-11-01,0.79829,0.827169,0.787289,0.810896,587236000
2007-11-02,0.822127,0.848026,0.810667,0.842067,491844000
2007-11-05,0.834962,0.862236,0.82969,0.842067,436636000
2007-11-06,0.850089,0.87553,0.846193,0.868654,554620000
2007-11-07,0.868195,0.871633,0.820522,0.827398,546768000
2007-11-08,0.819376,0.834274,0.751993,0.7756,996824000
2007-11-09,0.791873,0.797603,0.748326,0.764599,871056000
2007-11-12,0.764369,0.76987,0.688276,0.688276,715732000
2007-11-13,0.699507,0.749701,0.688276,0.749013,726696000
2007-11-14,0.768037,0.775371,0.733428,0.737324,666720000
2007-11-15,0.732511,0.739387,0.710508,0.727469,496436000
2007-11-16,0.733428,0.745804,0.727469,0.743742,423592000
2007-11-19,0.733199,0.736866,0.689651,0.693548,568412000
2007-11-20,0.706612,0.707758,0.66719,0.688276,622628000
2007-11-21,0.673837,0.697215,0.671774,0.680942,648452000
2007-11-23,0.685755,0.69561,0.677046,0.692631,141976000
2007-11-26,0.692173,0.706383,0.675212,0.676587,385896000
2007-11-27,0.686214,0.707758,0.680942,0.705695,458856000
2007-11-28,0.727927,0.762994,0.724489,0.75291,574548000
2007-11-29,0.751763,0.781559,0.748555,0.759098,489084000
2007-11-30,0.783851,0.783851,0.720593,0.722885,652656000
2007-12-03,0.733428,0.746951,0.722197,0.733428,490688000
2007-12-04,0.736637,0.739158,0.71853,0.73274,371712000
2007-12-05,0.760702,0.784997,0.751305,0.770787,666704000
2007-12-06,0.768953,0.788893,0.762077,0.786372,371152000
2007-12-07,0.789581,0.790498,0.768495,0.776517,320292000
2007-12-10,0.779038,0.794165,0.776746,0.784997,336360000
2007-12-11,0.801728,0.816397,0.78408,0.785914,582436000
2007-12-12,0.819147,0.827169,0.797144,0.812959,617504000
2007-12-13,0.803103,0.808375,0.767349,0.790727,500364000
2007-12-14,0.78706,0.812501,0.781788,0.803791,354016000
2007-12-17,0.795311,0.802874,0.760931,0.762765,507408000
2007-12-18,0.774454,0.790727,0.766661,0.782247,396896000
2007-12-19,0.779496,0.796915,0.776287,0.789581,253536000
2007-12-20,0.802187,0.807917,0.785456,0.806083,279940000
2007-12-21,0.815709,0.822814,0.79852,0.805854,433408000
2007-12-24,0.811813,0.82396,0.805854,0.820064,104008000
2007-12-26,0.821668,0.831065,0.813646,0.831065,215340000
2007-12-27,0.82969,0.834274,0.803333,0.805395,241368000
2007-12-28,0.80402,0.813646,0.790498,0.797373,262064000
2007-12-31,0.790956,0.805396,0.779496,0.779726,276236000
2008-01-02,0.782018,0.784997,0.746263,0.756577,483964000
2008-01-03,0.760931,0.776058,0.747867,0.750618,475308000
2008-01-04,0.728156,0.731823,0.683005,0.687589,736092000
2008-01-07,0.692172,0.697902,0.603932,0.616538,1006800000
2008-01-08,0.619976,0.671316,0.605536,0.629602,1106956000
2008-01-09,0.638082,0.662377,0.628685,0.662148,741036000
2008-01-10,0.644041,0.65871,0.635561,0.648396,554432000
2008-01-11,0.63304,0.646333,0.615392,0.619976,572612000
2008-01-14,0.629144,0.662148,0.619059,0.661231,539188000
2008-01-15,0.636019,0.643583,0.601869,0.612641,725692000
2008-01-16,0.574137,0.581242,0.530818,0.543424,1464472000
2008-01-17,0.551904,0.566573,0.532652,0.534027,1133900000
2008-01-18,0.535632,0.572303,0.51615,0.569323,920428000
2008-01-22,0.515004,0.554197,0.511795,0.540903,709092000
2008-01-23,0.5189,0.567032,0.513858,0.550759,929880000
2008-01-24,0.561531,0.59316,0.556259,0.59293,597092000
2008-01-25,0.615621,0.629373,0.569094,0.571845,688012000
2008-01-28,0.569782,0.575512,0.552821,0.564969,577608000
2008-01-29,0.575053,0.584679,0.560155,0.582387,414484000
2008-01-30,0.57299,0.586054,0.560843,0.577345,530476000
2008-01-31,0.56474,0.574137,0.546175,0.563594,588708000
2008-02-01,0.562448,0.61883,0.557635,0.615621,593104000
2008-02-04,0.628914,0.632352,0.59316,0.596368,565128000
2008-02-05,0.58445,0.58468,0.55878,0.55901,494928000
2008-02-06,0.564969,0.580554,0.546862,0.557176,557380000
2008-02-07,0.541132,0.578491,0.529443,0.562677,664128000
2008-02-08,0.557405,0.577116,0.550071,0.572761,393932000
2008-02-11,0.577574,0.586971,0.570698,0.574595,503732000
2008-02-12,0.583304,0.604161,0.580096,0.59591,609688000
2008-02-13,0.600494,0.621122,0.594077,0.619288,742312000
2008-02-14,0.601182,0.60164,0.516838,0.518213,2184296000
2008-02-15,0.51615,0.530131,0.502169,0.51042,817364000
2008-02-19,0.519817,0.520734,0.498502,0.502856,558608000
2008-02-20,0.488188,0.506523,0.486125,0.499189,759016000
2008-02-21,0.504232,0.506753,0.484979,0.487959,644272000
2008-02-22,0.491855,0.512483,0.488188,0.511566,723052000
2008-02-25,0.511107,0.517066,0.497814,0.511337,671784000
2008-02-26,0.508357,0.523484,0.500564,0.515691,565420000
2008-02-27,0.51317,0.527839,0.509962,0.523713,537816000
2008-02-28,0.519129,0.520046,0.504002,0.504002,503608000
2008-02-29,0.495751,0.502398,0.488188,0.490251,540576000
2008-03-03,0.489563,0.493001,0.478104,0.484521,449028000
2008-03-04,0.481312,0.482229,0.460914,0.479708,778888000
2008-03-05,0.484292,0.496668,0.479249,0.485208,644656000
2008-03-06,0.479249,0.482458,0.454038,0.454725,1075284000
2008-03-07,0.446474,0.465727,0.435473,0.448079,767500000
2008-03-10,0.442578,0.448079,0.421721,0.422409,776100000
2008-03-11,0.435473,0.440744,0.418054,0.43639,857940000
2008-03-12,0.440515,0.444411,0.420804,0.424471,743320000
2008-03-13,0.417825,0.457934,0.415304,0.451517,1220528000
2008-03-14,0.453809,0.454267,0.416679,0.419888,1154972000
2008-03-17,0.401552,0.423555,0.396739,0.409344,800952000
2008-03-18,0.418971,0.435473,0.407053,0.434785,1075256000
2008-03-19,0.424701,0.43066,0.404761,0.404761,880476000
2008-03-20,0.409574,0.425388,0.402239,0.424471,633460000
2008-03-24,0.433868,0.461601,0.432264,0.45908,887440000
2008-03-25,0.461143,0.474436,0.456788,0.465727,735388000
2008-03-26,0.459538,0.462747,0.445787,0.450829,721652000
2008-03-27,0.443953,0.456559,0.437077,0.444411,601308000
2008-03-28,0.452433,0.462747,0.447849,0.451058,561788000
2008-03-31,0.455871,0.464352,0.447849,0.453579,569992000
2008-04-01,0.467102,0.482458,0.460455,0.481312,676872000
2008-04-02,0.482687,0.482687,0.462976,0.466643,616536000
2008-04-03,0.462747,0.463435,0.444411,0.457934,841984000
2008-04-04,0.448766,0.451058,0.429285,0.430431,1535528000
2008-04-07,0.440973,0.447391,0.437306,0.440744,729496000
2008-04-08,0.435473,0.452433,0.435473,0.438223,639476000
2008-04-09,0.443265,0.451516,0.43914,0.446933,675232000
2008-04-10,0.451746,0.470081,0.442119,0.455642,1092184000
2008-04-11,0.446933,0.449683,0.42195,0.424701,1106280000
2008-04-14,0.423096,0.424013,0.407969,0.41049,780004000
2008-04-15,0.412553,0.416908,0.403614,0.415303,439916000
2008-04-16,0.431118,0.437306,0.423555,0.431806,646836000
2008-04-17,0.411866,0.427451,0.411636,0.425847,596968000
2008-04-18,0.438911,0.442807,0.429972,0.435931,573540000
2008-04-21,0.432493,0.458392,0.432493,0.455413,679892000
2008-04-22,0.447162,0.451975,0.437306,0.446933,587668000
2008-04-23,0.453121,0.473519,0.447162,0.468477,1020496000
2008-04-24,0.471227,0.473519,0.450371,0.457247,655764000
2008-04-25,0.461601,0.462976,0.447162,0.46183,552208000
2008-04-28,0.459768,0.466644,0.451746,0.453579,535700000
2008-04-29,0.448537,0.468706,0.448537,0.462976,573408000
2008-04-30,0.468477,0.47604,0.465268,0.470998,1068320000
2008-05-01,0.476728,0.493918,0.474436,0.492772,1014624000
2008-05-02,0.506294,0.51615,0.498731,0.51615,1131016000
2008-05-05,0.512712,0.515004,0.502169,0.503315,943392000
2008-05-06,0.50194,0.517525,0.494147,0.516379,729036000
2008-05-07,0.517754,0.52463,0.500106,0.504461,715632000
2008-05-08,0.508357,0.509961,0.481541,0.503086,1360000000
2008-05-09,0.504461,0.537007,0.503544,0.516379,2030352000
2008-05-12,0.523026,0.523026,0.496668,0.501711,1006652000
2008-05-13,0.504232,0.504232,0.48773,0.491397,854108000
2008-05-14,0.497585,0.5189,0.491397,0.505836,751148000
2008-05-15,0.50469,0.54732,0.502398,0.545029,1165464000
2008-05-16,0.554197,0.560614,0.541591,0.559468,1091556000
2008-05-19,0.559697,0.580095,0.543882,0.547779,1158532000
2008-05-20,0.532881,0.53907,0.527381,0.533569,771404000
2008-05-21,0.534944,0.555572,0.528068,0.529214,1066660000
2008-05-22,0.536778,0.546404,0.528297,0.542049,693108000
2008-05-23,0.541132,0.545487,0.52188,0.529672,802672000
2008-05-27,0.530589,0.53609,0.520505,0.535403,832856000
2008-05-28,0.550071,0.551446,0.534257,0.540445,751736000
2008-05-29,0.540674,0.541591,0.529214,0.539069,693460000
2008-05-30,0.554425,0.567948,0.552821,0.566114,830244000
2008-06-02,0.566115,0.572761,0.559926,0.568407,734660000
2008-06-03,0.57024,0.571157,0.542507,0.549154,840696000
2008-06-04,0.537007,0.556718,0.534027,0.555572,831724000
2008-06-05,0.574824,0.581013,0.563135,0.569553,827860000
2008-06-06,0.562677,0.563364,0.548237,0.551446,784876000
2008-06-09,0.548237,0.555801,0.531965,0.542966,637916000
2008-06-10,0.528297,0.528985,0.50744,0.510878,1225208000
2008-06-11,0.510878,0.523255,0.486354,0.487042,999428000
2008-06-12,0.498043,0.50767,0.485896,0.490022,825992000
2008-06-13,0.490709,0.496439,0.473978,0.488417,705748000
2008-06-16,0.483146,0.48773,0.477874,0.481771,630496000
2008-06-17,0.488646,0.488875,0.468935,0.470081,687912000
2008-06-18,0.465268,0.481312,0.448766,0.45633,1065272000
2008-06-19,0.458851,0.465268,0.444182,0.455184,784928000
2008-06-20,0.445099,0.457934,0.44487,0.452892,741008000
2008-06-23,0.45633,0.456788,0.439598,0.443495,776616000
2008-06-24,0.440974,0.468706,0.440974,0.458163,1078928000
2008-06-25,0.465268,0.468706,0.45335,0.460684,900976000
2008-06-26,0.446933,0.450371,0.437077,0.437077,845532000
2008-06-27,0.438911,0.444411,0.428826,0.44189,584140000
2008-06-30,0.436848,0.440744,0.426076,0.429055,653940000
2008-07-01,0.424013,0.430201,0.41622,0.429743,881464000
2008-07-02,0.42768,0.43043,0.412553,0.413241,763196000
2008-07-03,0.297497,0.300935,0.284203,0.286266,2987520000
2008-07-07,0.290621,0.292454,0.269535,0.277328,2202692000
2008-07-08,0.279161,0.286037,0.270451,0.275723,1805288000
2008-07-09,0.276411,0.280536,0.27091,0.27091,1413168000
2008-07-10,0.272285,0.275494,0.26518,0.270222,1056992000
2008-07-11,0.264722,0.274119,0.25945,0.267472,807760000
2008-07-14,0.269535,0.271598,0.253491,0.255325,882316000
2008-07-15,0.253033,0.263346,0.24524,0.258075,1122484000
2008-07-16,0.258992,0.266326,0.251887,0.25945,1034392000
2008-07-17,0.263576,0.263576,0.250282,0.260367,862080000
2008-07-18,0.258533,0.266555,0.251199,0.264951,899720000
2008-07-21,0.269076,0.272973,0.264263,0.266555,571636000
2008-07-22,0.264034,0.26518,0.255783,0.260825,555924000
2008-07-23,0.262659,0.271368,0.261513,0.268618,594876000
2008-07-24,0.265868,0.268389,0.252116,0.252803,705628000
2008-07-25,0.255325,0.265868,0.250053,0.264951,1039600000
2008-07-28,0.261513,0.272973,0.260367,0.264263,734808000
2008-07-29,0.264721,0.27366,0.261742,0.267013,764636000
2008-07-30,0.272285,0.272743,0.257158,0.263117,588492000
2008-07-31,0.26243,0.26793,0.25945,0.262201,487236000
2008-08-01,0.255325,0.256241,0.24524,0.248449,881060000
2008-08-04,0.248449,0.249824,0.241802,0.24249,522052000
2008-08-05,0.247074,0.256471,0.244323,0.256471,685844000
2008-08-06,0.257158,0.265638,0.248907,0.263346,814864000
2008-08-07,0.261055,0.272744,0.256241,0.259221,819232000
2008-08-08,0.261283,0.263575,0.251199,0.252116,853764000
2008-08-11,0.253949,0.263576,0.253033,0.257387,1196436000
2008-08-12,0.25945,0.260138,0.250053,0.25372,1410868000
2008-08-13,0.273889,0.28512,0.267243,0.280994,2095260000
2008-08-14,0.278932,0.309186,0.278932,0.297955,1635304000
2008-08-15,0.303227,0.306665,0.294976,0.297038,777652000
2008-08-18,0.299101,0.305748,0.295892,0.302997,893968000
2008-08-19,0.296809,0.309415,0.296809,0.307581,1014140000
2008-08-20,0.312165,0.323625,0.309873,0.322708,1143692000
2008-08-21,0.316978,0.3195,0.305748,0.312165,1021560000
2008-08-22,0.314457,0.318124,0.305289,0.311936,459264000
2008-08-25,0.310102,0.317437,0.306435,0.307352,471600000
2008-08-26,0.308956,0.309186,0.296809,0.300018,613112000
2008-08-27,0.293142,0.305977,0.290392,0.30231,454620000
2008-08-28,0.302768,0.305977,0.298184,0.301164,365192000
2008-08-29,0.297038,0.297955,0.288787,0.289704,516004000
2008-09-02,0.294517,0.297038,0.278473,0.28237,693928000
2008-09-03,0.278473,0.279619,0.264722,0.267243,714856000
2008-09-04,0.264263,0.267014,0.261971,0.263576,716128000
2008-09-05,0.261284,0.26816,0.261054,0.267472,791100000
2008-09-08,0.269993,0.269993,0.252116,0.256471,1314840000
2008-09-09,0.255554,0.271139,0.246844,0.247761,1098296000
2008-09-10,0.250741,0.255783,0.246386,0.24799,644284000
2008-09-11,0.23378,0.241114,0.228279,0.236072,1066976000
2008-09-12,0.234009,0.235614,0.220258,0.233551,1209200000
2008-09-15,0.2253,0.228738,0.210402,0.213152,863984000
2008-09-16,0.205589,0.221404,0.201693,0.219799,1240840000
2008-09-17,0.214757,0.234239,0.212694,0.229196,1392580000
2008-09-18,0.231946,0.261742,0.231488,0.249595,1611060000
2008-09-19,0.261513,0.263576,0.249824,0.261513,1107344000
2008-09-22,0.25945,0.267014,0.254637,0.256012,700072000
2008-09-23,0.253949,0.263346,0.247761,0.248678,821468000
2008-09-24,0.245469,0.262888,0.244094,0.257846,866036000
2008-09-25,0.257846,0.269076,0.253491,0.262888,588328000
2008-09-26,0.256471,0.269764,0.251657,0.26793,646852000
2008-09-29,0.260825,0.264034,0.229196,0.231488,975240000
2008-09-30,0.235155,0.247761,0.232634,0.245469,659044000
2008-10-01,0.241802,0.246157,0.234238,0.238593,557208000
2008-10-02,0.240198,0.240198,0.212694,0.21384,787728000
2008-10-03,0.217278,0.223466,0.205589,0.206964,915828000
2008-10-06,0.197109,0.197567,0.167542,0.179919,1677440000
2008-10-07,0.186336,0.186795,0.164563,0.165938,1059984000
2008-10-08,0.159979,0.179231,0.158375,0.169376,1219456000
2008-10-09,0.175564,0.178085,0.15677,0.158604,909636000
2008-10-10,0.144852,0.168001,0.143935,0.156083,1200252000
2008-10-13,0.169376,0.184732,0.167313,0.184503,916536000
2008-10-14,0.191379,0.192525,0.175335,0.180377,1209012000
2008-10-15,0.179231,0.180148,0.160896,0.160896,854064000
2008-10-16,0.165709,0.177398,0.158145,0.176481,1019820000
2008-10-17,0.171439,0.18542,0.16823,0.175335,839416000
2008-10-20,0.181294,0.182669,0.174418,0.178773,595764000
2008-10-21,0.175335,0.177169,0.164104,0.165021,659116000
2008-10-22,0.162729,0.169605,0.154478,0.158833,600996000
2008-10-23,0.158375,0.162271,0.143477,0.149894,832192000
2008-10-24,0.137518,0.159291,0.13683,0.151499,798336000
2008-10-27,0.150582,0.169147,0.145769,0.15975,698936000
2008-10-28,0.16823,0.184045,0.16525,0.183815,849920000
2008-10-29,0.182669,0.201693,0.181753,0.189774,977284000
2008-10-30,0.200547,0.201693,0.185649,0.197796,657176000
2008-10-31,0.191608,0.204672,0.19115,0.200776,608672000
2008-11-03,0.205131,0.208798,0.190233,0.193442,723924000
2008-11-04,0.200088,0.205818,0.194817,0.205818,619560000
2008-11-05,0.198255,0.203985,0.195046,0.195046,787620000
2008-11-06,0.183586,0.190462,0.174189,0.174647,797936000
2008-11-07,0.198942,0.207881,0.185649,0.199859,1132068000
2008-11-10,0.207423,0.208569,0.182669,0.187024,576396000
2008-11-11,0.184274,0.185649,0.176939,0.178773,576484000
2008-11-12,0.173272,0.177398,0.166167,0.16823,646092000
2008-11-13,0.160437,0.182211,0.157229,0.181982,797228000
2008-11-14,0.174648,0.175564,0.163646,0.164334,741024000
2008-11-17,0.162729,0.167084,0.159291,0.160896,388224000
2008-11-18,0.164105,0.165021,0.150353,0.155624,564488000
2008-11-19,0.154249,0.158145,0.142102,0.142789,500220000
2008-11-20,0.141643,0.148748,0.133621,0.135226,847036000
2008-11-21,0.139581,0.146227,0.131788,0.146227,599064000
2008-11-24,0.155166,0.157687,0.146686,0.155853,600308000
2008-11-25,0.162729,0.163188,0.155624,0.160208,528256000
2008-11-26,0.157458,0.174877,0.156541,0.174418,600792000
2008-11-28,0.171668,0.174189,0.168918,0.17121,175248000
2008-12-01,0.164334,0.165938,0.156312,0.156541,547112000
2008-12-02,0.159521,0.167313,0.157458,0.16525,479988000
2008-12-03,0.158833,0.17396,0.157458,0.173731,584632000
2008-12-04,0.170293,0.178773,0.158375,0.162271,466292000
2008-12-05,0.157229,0.169376,0.154478,0.168688,438484000
2008-12-08,0.171897,0.175335,0.159291,0.163188,707992000
2008-12-09,0.161125,0.18542,0.159291,0.179002,829760000
2008-12-10,0.18244,0.200547,0.179461,0.195963,961124000
2008-12-11,0.194817,0.201693,0.18542,0.187712,582700000
2008-12-12,0.182211,0.198255,0.178544,0.197109,679268000
2008-12-15,0.198255,0.199401,0.184503,0.190691,476996000
2008-12-16,0.192525,0.203985,0.190691,0.203526,521940000
2008-12-17,0.199859,0.21659,0.197109,0.213611,674180000
2008-12-18,0.212236,0.212923,0.191379,0.1939,550808000
2008-12-19,0.196421,0.203985,0.194588,0.195275,593120000
2008-12-22,0.198255,0.198713,0.17671,0.183815,522464000
2008-12-23,0.184961,0.188858,0.178544,0.181294,377452000
2008-12-24,0.177627,0.181982,0.173272,0.176939,146616000
2008-12-26,0.176939,0.179231,0.167313,0.172126,226156000
2008-12-29,0.174418,0.177627,0.163188,0.177627,460168000
2008-12-30,0.179919,0.186566,0.175793,0.183815,409860000
2008-12-31,0.181523,0.189545,0.178315,0.184961,441580000
2009-01-02,0.184961,0.201005,0.184274,0.19963,497124000
2009-01-05,0.197338,0.207881,0.195963,0.203297,705736000
2009-01-06,0.209256,0.216132,0.204672,0.210173,657904000
2009-01-07,0.20536,0.20536,0.190462,0.197567,870096000
2009-01-08,0.195046,0.195046,0.180607,0.192525,1014496000
2009-01-09,0.192525,0.192525,0.181294,0.181753,761352000
2009-01-12,0.181753,0.182669,0.171897,0.174418,645532000
2009-01-13,0.168459,0.181982,0.16525,0.175335,1824424000
2009-01-14,0.169147,0.17121,0.165021,0.167542,974908000
2009-01-15,0.168459,0.176252,0.165021,0.173502,998204000
2009-01-16,0.178315,0.184732,0.172585,0.183128,831324000
2009-01-20,0.182669,0.183357,0.163875,0.16525,705788000
2009-01-21,0.168459,0.174418,0.162271,0.173272,648472000
2009-01-22,0.167772,0.174648,0.163875,0.170064,547656000
2009-01-23,0.165251,0.181982,0.165021,0.17671,633616000
2009-01-26,0.177627,0.187941,0.174648,0.182669,581748000
2009-01-27,0.185649,0.194817,0.184961,0.193442,725300000
2009-01-28,0.200317,0.204672,0.1939,0.201463,723752000
2009-01-29,0.194817,0.197109,0.188858,0.189774,413128000
2009-01-30,0.188399,0.193442,0.179919,0.182211,506760000
2009-02-02,0.179461,0.194129,0.178544,0.192066,577992000
2009-02-03,0.192525,0.195963,0.187253,0.194358,396948000
2009-02-04,0.194817,0.209715,0.194817,0.199859,779232000
2009-02-05,0.194588,0.21682,0.192525,0.214528,919192000
2009-02-06,0.215215,0.227592,0.211548,0.226217,1157880000
2009-02-09,0.2253,0.228509,0.217049,0.223237,716128000
2009-02-10,0.223008,0.225987,0.209485,0.213611,1129664000
2009-02-11,0.19665,0.203755,0.180148,0.186795,1983400000
2009-02-12,0.182669,0.191837,0.180148,0.190691,1024020000
2009-02-13,0.186337,0.192754,0.184961,0.190462,764304000
2009-02-17,0.183357,0.187712,0.178773,0.179461,779576000
2009-02-18,0.179461,0.190233,0.179231,0.184274,646252000
2009-02-19,0.187941,0.189545,0.170064,0.170064,743988000
2009-02-20,0.167772,0.177169,0.166167,0.174418,770056000
2009-02-23,0.177398,0.178315,0.16525,0.166396,679548000
2009-02-24,0.167313,0.181523,0.167084,0.181294,659524000
2009-02-25,0.180836,0.188858,0.174648,0.183357,702360000
2009-02-26,0.189774,0.195734,0.187024,0.189316,1117556000
2009-02-27,0.184503,0.194129,0.183128,0.189774,755444000
2009-03-02,0.18519,0.189087,0.173043,0.173731,700064000
2009-03-03,0.17694,0.187483,0.17121,0.180607,1041372000
2009-03-04,0.18542,0.199401,0.183815,0.1939,1108668000
2009-03-05,0.19115,0.198942,0.188399,0.189316,955252000
2009-03-06,0.189316,0.199172,0.186795,0.192296,974756000
2009-03-09,0.19092,0.20536,0.189774,0.190233,682768000
2009-03-10,0.197109,0.21109,0.195275,0.207423,1254800000
2009-03-11,0.207423,0.271598,0.203985,0.213152,864916000
2009-03-12,0.212465,0.22805,0.209715,0.225758,1604604000
2009-03-13,0.22255,0.227821,0.218882,0.224612,1195156000
2009-03-16,0.226904,0.227133,0.214069,0.215903,699344000
2009-03-17,0.21659,0.227133,0.21384,0.226675,1005384000
2009-03-18,0.223237,0.240427,0.223008,0.23378,1359560000
2009-03-19,0.235384,0.235384,0.229425,0.23103,822648000
2009-03-20,0.234468,0.234697,0.212465,0.218424,1093672000
2009-03-23,0.2253,0.234697,0.220258,0.234239,816048000
2009-03-24,0.228509,0.230571,0.223008,0.224154,1114868000
2009-03-25,0.23103,0.238364,0.219111,0.227821,1243852000
2009-03-26,0.231488,0.24249,0.228967,0.242031,1333664000
2009-03-27,0.23951,0.245469,0.236072,0.239739,731892000
2009-03-30,0.230571,0.233551,0.221174,0.224383,780052000
2009-03-31,0.227821,0.231488,0.224383,0.225987,805272000
2009-04-01,0.223237,0.23378,0.214757,0.231717,887920000
2009-04-02,0.240427,0.246844,0.236989,0.24249,1002860000
2009-04-03,0.242719,0.260138,0.238593,0.25945,1003208000
2009-04-06,0.255095,0.26243,0.251657,0.260138,887288000
2009-04-07,0.255095,0.257846,0.249595,0.251199,607804000
2009-04-08,0.253949,0.262201,0.251887,0.261513,731652000
2009-04-09,0.268159,0.276869,0.266097,0.275952,904412000
2009-04-13,0.272514,0.272743,0.261054,0.267013,767628000
2009-04-14,0.263346,0.275035,0.2622,0.268618,711960000
2009-04-15,0.259221,0.2622,0.250053,0.261054,1045368000
2009-04-16,0.265868,0.27091,0.255783,0.267701,1038772000
2009-04-17,0.267701,0.272056,0.261284,0.269535,695764000
2009-04-20,0.259221,0.261513,0.251887,0.253262,590660000
2009-04-21,0.249824,0.263117,0.246157,0.252574,932184000
2009-04-22,0.250282,0.270681,0.246157,0.260138,916404000
2009-04-23,0.262659,0.264951,0.24799,0.256012,753952000
2009-04-24,0.258533,0.263805,0.252345,0.261971,759508000
2009-04-27,0.258533,0.265868,0.25097,0.252574,787024000
2009-04-28,0.249365,0.258533,0.247073,0.253262,634392000
2009-04-29,0.254408,0.255554,0.246386,0.249365,859668000
2009-04-30,0.254179,0.270451,0.252116,0.263117,1110276000
2009-05-01,0.26243,0.27366,0.2622,0.267472,840548000
2009-05-04,0.272056,0.283974,0.268389,0.281911,927704000
2009-05-05,0.275723,0.277557,0.264722,0.270452,837076000
2009-05-06,0.273431,0.275952,0.259679,0.264951,935088000
2009-05-07,0.27091,0.27091,0.24249,0.245927,1289196000
2009-05-08,0.240656,0.240656,0.208798,0.212006,2930564000
2009-05-11,0.208569,0.221404,0.206735,0.216132,1038596000
2009-05-12,0.220945,0.220945,0.201693,0.205818,1201384000
2009-05-13,0.204443,0.205589,0.19092,0.192525,1305608000
2009-05-14,0.192296,0.199401,0.19092,0.195275,1017864000
2009-05-15,0.19665,0.207193,0.194358,0.200317,780308000
2009-05-18,0.20536,0.21384,0.204901,0.212465,938320000
2009-05-19,0.21384,0.219112,0.210402,0.21659,859768000
2009-05-20,0.220487,0.234926,0.21957,0.223008,1309436000
2009-05-21,0.220258,0.224612,0.215444,0.221633,965600000
2009-05-22,0.221633,0.228279,0.217507,0.225071,718260000
2009-05-26,0.223008,0.239052,0.220716,0.237218,865540000
2009-05-27,0.236072,0.244782,0.23378,0.237676,814152000
2009-05-28,0.241344,0.242948,0.230572,0.240885,995288000
2009-05-29,0.241114,0.241573,0.230801,0.239052,834232000
2009-06-01,0.241802,0.252116,0.240885,0.250741,1022764000
2009-06-02,0.250741,0.256241,0.244094,0.248678,907984000
2009-06-03,0.245469,0.246386,0.234926,0.240885,735688000
2009-06-04,0.241573,0.250053,0.241344,0.249595,673180000
2009-06-05,0.254179,0.254179,0.24524,0.248219,559992000
2009-06-08,0.246386,0.250282,0.240656,0.246844,473948000
2009-06-09,0.250282,0.263117,0.248449,0.260367,725032000
2009-06-10,0.261742,0.270222,0.256012,0.268618,833320000
2009-06-11,0.269306,0.279619,0.263576,0.26518,835156000
2009-06-12,0.261284,0.264722,0.255324,0.263805,595000000
2009-06-15,0.258992,0.26243,0.254866,0.25945,445164000
2009-06-16,0.25945,0.262659,0.248678,0.252345,594912000
2009-06-17,0.256241,0.261054,0.246386,0.258533,799016000
2009-06-18,0.257616,0.26243,0.250741,0.253491,566376000
2009-06-19,0.256012,0.262659,0.252803,0.256241,747564000
2009-06-22,0.257158,0.257158,0.240885,0.241802,574864000
2009-06-23,0.244094,0.244552,0.231259,0.240656,589764000
2009-06-24,0.243636,0.254408,0.243636,0.248678,515096000
2009-06-25,0.246386,0.2622,0.243865,0.261742,870444000
2009-06-26,0.260596,0.266097,0.258304,0.26518,513956000
2009-06-29,0.265868,0.269993,0.26243,0.26518,510056000
2009-06-30,0.264263,0.26793,0.253949,0.258762,589844000
2009-07-01,0.260367,0.263346,0.255554,0.259908,696420000
2009-07-02,0.251428,0.254637,0.246386,0.249824,552312000
2009-07-06,0.249595,0.249824,0.237676,0.241802,752456000
2009-07-07,0.242719,0.244094,0.230571,0.231259,1072996000
2009-07-08,0.232634,0.233322,0.222549,0.231717,1205860000
2009-07-09,0.235614,0.240656,0.234926,0.23676,714564000
2009-07-10,0.23676,0.239281,0.231717,0.237676,520008000
2009-07-13,0.24249,0.24249,0.22805,0.240427,556012000
2009-07-14,0.24226,0.246386,0.23951,0.245469,452568000
2009-07-15,0.254408,0.260596,0.252116,0.255554,1022808000
2009-07-16,0.258304,0.269764,0.256929,0.268847,952076000
2009-07-17,0.268847,0.277557,0.266097,0.27664,850356000
2009-07-20,0.278932,0.283057,0.275265,0.280078,782756000
2009-07-21,0.27939,0.280536,0.26793,0.274348,941296000
2009-07-22,0.268847,0.283745,0.267014,0.281224,600908000
2009-07-23,0.281682,0.298872,0.278703,0.297955,1046120000
2009-07-24,0.288787,0.297955,0.286954,0.297038,650592000
2009-07-27,0.294288,0.302768,0.291538,0.298414,677484000
2009-07-28,0.296351,0.302081,0.293829,0.298872,563180000
2009-07-29,0.295434,0.297267,0.289933,0.292913,373972000
2009-07-30,0.297955,0.301852,0.292684,0.295205,468444000
2009-07-31,0.295205,0.300476,0.288329,0.296351,541560000
2009-08-03,0.303456,0.30781,0.297726,0.304372,471900000
2009-08-04,0.299101,0.311707,0.298643,0.306435,695380000
2009-08-05,0.304602,0.309415,0.300935,0.307123,610768000
2009-08-06,0.308269,0.31377,0.298872,0.300705,957588000
2009-08-07,0.316978,0.326146,0.309873,0.314228,1401872000
2009-08-10,0.31652,0.321104,0.302081,0.303914,693312000
2009-08-11,0.301851,0.306435,0.295205,0.296809,481884000
2009-08-12,0.297038,0.311019,0.296809,0.307811,634940000
2009-08-13,0.310102,0.318124,0.304602,0.316978,564028000
2009-08-14,0.31652,0.316978,0.303456,0.307581,427148000
2009-08-17,0.298184,0.299101,0.291538,0.294746,465032000
2009-08-18,0.294746,0.308956,0.294517,0.305518,636200000
2009-08-19,0.300935,0.303914,0.297955,0.302081,552996000
2009-08-20,0.300705,0.315374,0.300018,0.313999,819840000
2009-08-21,0.31652,0.319729,0.310102,0.31927,607324000
2009-08-24,0.317437,0.320875,0.308498,0.310332,461456000
2009-08-25,0.311936,0.316291,0.306665,0.313082,444088000
2009-08-26,0.312394,0.317437,0.311248,0.316749,434308000
2009-08-27,0.318124,0.322479,0.314686,0.321104,551072000
2009-08-28,0.329813,0.344482,0.329355,0.337606,883992000
2009-08-31,0.33371,0.335314,0.328438,0.332793,431796000
2009-09-01,0.332564,0.341961,0.319729,0.321562,736856000
2009-09-02,0.322021,0.329355,0.320187,0.326146,404656000
2009-09-03,0.326146,0.334397,0.325229,0.333939,534020000
2009-09-04,0.332564,0.348607,0.332564,0.346315,513048000
2009-09-08,0.348837,0.355942,0.346086,0.355942,549712000
2009-09-09,0.355254,0.366485,0.350212,0.365797,571684000
2009-09-10,0.366943,0.377945,0.362818,0.377486,607952000
2009-09-11,0.376569,0.377945,0.371298,0.374048,712732000
2009-09-14,0.368548,0.371527,0.364651,0.36786,490516000
2009-09-15,0.371298,0.380007,0.36786,0.375423,546136000
2009-09-16,0.374507,0.375194,0.359838,0.365339,707064000
2009-09-17,0.364422,0.364422,0.343107,0.349295,923096000
2009-09-18,0.352733,0.355254,0.346086,0.348837,604740000
2009-09-21,0.344711,0.353191,0.341732,0.347232,588776000
2009-09-22,0.349753,0.351816,0.34517,0.34792,361388000
2009-09-23,0.349983,0.352962,0.341961,0.342419,478936000
2009-09-24,0.348149,0.348149,0.336689,0.337835,552876000
2009-09-25,0.336002,0.337606,0.329813,0.332335,377556000
2009-09-28,0.33348,0.348378,0.33348,0.339898,467708000
2009-09-29,0.341961,0.346086,0.333022,0.33371,470928000
2009-09-30,0.340586,0.348607,0.333022,0.344482,875956000
2009-10-01,0.343336,0.343336,0.319729,0.319958,999960000
2009-10-02,0.316749,0.324313,0.314916,0.317437,612476000
2009-10-05,0.320875,0.322021,0.310332,0.315832,754276000
2009-10-06,0.319729,0.326605,0.317437,0.321104,761272000
2009-10-07,0.318812,0.32225,0.315145,0.318583,459608000
2009-10-08,0.320416,0.321333,0.309186,0.320646,1241524000
2009-10-09,0.318812,0.325229,0.318353,0.324771,618540000
2009-10-12,0.31927,0.327292,0.319041,0.321104,499008000
2009-10-13,0.322937,0.326605,0.316978,0.319958,602124000
2009-10-14,0.332335,0.332335,0.317895,0.3195,1101948000
2009-10-15,0.319041,0.322021,0.30804,0.310103,1092196000
2009-10-16,0.306206,0.307123,0.297497,0.302997,1018832000
2009-10-19,0.305519,0.31652,0.302997,0.313999,695588000
2009-10-20,0.31927,0.321562,0.311707,0.314228,660180000
2009-10-21,0.313082,0.317895,0.30506,0.306665,503956000
2009-10-22,0.30506,0.310332,0.299789,0.308727,379328000
2009-10-23,0.312853,0.312853,0.299559,0.301393,429528000
2009-10-26,0.303685,0.308269,0.295892,0.297497,481652000
2009-10-27,0.296122,0.300476,0.284433,0.287412,591836000
2009-10-28,0.280994,0.287412,0.274119,0.275494,773632000
2009-10-29,0.279849,0.289016,0.277327,0.287641,637100000
2009-10-30,0.286266,0.287412,0.272743,0.274119,604144000
2009-11-02,0.27366,0.282599,0.268847,0.27664,593136000
2009-11-03,0.267701,0.27664,0.264951,0.275265,876472000
2009-11-04,0.277327,0.280307,0.273431,0.274577,916840000
2009-11-05,0.277786,0.283974,0.276869,0.281224,955156000
2009-11-06,0.298872,0.307811,0.295205,0.301622,1641112000
2009-11-09,0.305748,0.312853,0.305519,0.308498,818124000
2009-11-10,0.309644,0.309644,0.297038,0.300935,781472000
2009-11-11,0.305977,0.316749,0.305519,0.309415,871512000
2009-11-12,0.312165,0.317437,0.307581,0.308498,505864000
2009-11-13,0.308269,0.312394,0.306894,0.31079,388524000
2009-11-16,0.31354,0.318812,0.311936,0.315145,402820000
2009-11-17,0.315374,0.315374,0.308727,0.314686,350124000
2009-11-18,0.311707,0.312853,0.304602,0.309873,455516000
2009-11-19,0.303227,0.303227,0.291996,0.297497,833840000
2009-11-20,0.290621,0.297038,0.289933,0.295663,426748000
2009-11-23,0.300018,0.305519,0.29658,0.297955,390924000
2009-11-24,0.29658,0.298643,0.291308,0.296121,418504000
2009-11-25,0.29956,0.303685,0.297497,0.29956,441760000
2009-11-27,0.288787,0.29658,0.287183,0.293142,279932000
2009-11-30,0.294288,0.299559,0.291079,0.29933,509836000
2009-12-01,0.300935,0.308727,0.29933,0.305289,461936000
2009-12-02,0.305977,0.315145,0.304143,0.314457,602292000
2009-12-03,0.318124,0.323854,0.31652,0.316978,660036000
2009-12-04,0.322937,0.328209,0.317895,0.326834,824564000
2009-12-07,0.363276,0.377028,0.346086,0.368777,2732184000
2009-12-08,0.362818,0.364422,0.348837,0.350899,1075512000
2009-12-09,0.354567,0.362359,0.351129,0.359609,671588000
2009-12-10,0.36213,0.364422,0.352045,0.353191,417012000
2009-12-11,0.356171,0.356629,0.347691,0.348608,416744000
2009-12-14,0.35365,0.360297,0.349754,0.359151,405488000
2009-12-15,0.356629,0.364651,0.355712,0.358692,446152000
2009-12-16,0.371527,0.391696,0.369464,0.387571,1683400000
2009-12-17,0.388717,0.400635,0.380007,0.385737,1016132000
2009-12-18,0.388946,0.390321,0.380924,0.385508,812828000
2009-12-21,0.3878,0.400864,0.387342,0.39926,427792000
2009-12-22,0.39926,0.413928,0.398801,0.409803,793044000
2009-12-23,0.413699,0.416679,0.408428,0.415533,442196000
2009-12-24,0.416679,0.417366,0.413012,0.414616,136812000
2009-12-28,0.413928,0.417595,0.403844,0.407969,465760000
2009-12-29,0.406594,0.414158,0.405677,0.413012,475848000
2009-12-30,0.416908,0.43043,0.413928,0.427909,704008000
2009-12-31,0.428826,0.434327,0.42768,0.428139,700340000
2010-01-04,0.424242,0.426763,0.415074,0.423784,800204000
2010-01-05,0.422179,0.434556,0.422179,0.429972,728648000
2010-01-06,0.429743,0.433639,0.425617,0.432722,649168000
2010-01-07,0.43043,0.432264,0.421033,0.424242,547792000
2010-01-08,0.420804,0.428138,0.418283,0.425159,478168000
2010-01-11,0.427451,0.429284,0.413241,0.4192,556612000
2010-01-12,0.413012,0.414616,0.39628,0.40499,627432000
2010-01-13,0.40774,0.411866,0.391926,0.41049,508868000
2010-01-14,0.405448,0.408428,0.397197,0.404073,608524000
2010-01-15,0.401093,0.404531,0.386883,0.392155,818192000
2010-01-19,0.389175,0.40201,0.388029,0.399489,545328000
2010-01-20,0.394447,0.399489,0.389175,0.397885,719728000
2010-01-21,0.397655,0.404761,0.387112,0.39078,608632000
2010-01-22,0.386195,0.3933,0.374965,0.377257,1067916000
2010-01-25,0.383445,0.391009,0.380695,0.383675,643676000
2010-01-26,0.381841,0.384362,0.371298,0.371527,714636000
2010-01-27,0.371298,0.382987,0.367172,0.381612,812504000
2010-01-28,0.384591,0.385966,0.363505,0.368777,687764000
2010-01-29,0.372902,0.377028,0.347232,0.352733,774700000
2010-02-01,0.354108,0.380466,0.351129,0.379778,949832000
2010-02-02,0.378403,0.388488,0.377257,0.383675,849812000
2010-02-03,0.380236,0.388488,0.378403,0.386883,562296000
2010-02-04,0.383445,0.383445,0.360296,0.364422,783480000
2010-02-05,0.363964,0.372673,0.357546,0.371756,604856000
2010-02-08,0.37061,0.380007,0.363734,0.371069,445160000
2010-02-09,0.377028,0.378861,0.364422,0.368089,930144000
2010-02-10,0.370381,0.378632,0.36786,0.375194,535828000
2010-02-11,0.381153,0.396509,0.378403,0.392384,695980000
2010-02-12,0.389634,0.405677,0.385279,0.397655,780212000
2010-02-16,0.402927,0.406594,0.398114,0.40499,457024000
2010-02-17,0.410032,0.410261,0.397197,0.408886,876560000
2010-02-18,0.386425,0.388488,0.371527,0.38207,1515508000
2010-02-19,0.380466,0.384591,0.378174,0.380007,510548000
2010-02-22,0.381612,0.387342,0.378174,0.380695,458084000
2010-02-23,0.381841,0.383445,0.367631,0.371527,489764000
2010-02-24,0.374736,0.382987,0.37359,0.37932,445868000
2010-02-25,0.37061,0.376799,0.361213,0.375882,576972000
2010-02-26,0.374048,0.376798,0.369006,0.371298,393396000
2010-03-01,0.371527,0.388029,0.368547,0.386196,555868000
2010-03-02,0.389634,0.394447,0.383216,0.385966,538648000
2010-03-03,0.388258,0.390321,0.377945,0.381153,399300000
2010-03-04,0.382758,0.385737,0.377028,0.381841,557396000
2010-03-05,0.379091,0.39628,0.379091,0.39353,632832000
2010-03-08,0.393759,0.394905,0.386196,0.3878,439312000
2010-03-09,0.391696,0.406136,0.391467,0.402239,830832000
2010-03-10,0.401093,0.407511,0.400864,0.403156,418520000
2010-03-11,0.399947,0.401323,0.392384,0.393988,540660000
2010-03-12,0.398343,0.399489,0.393301,0.395363,520352000
2010-03-15,0.394905,0.398801,0.389634,0.393301,358904000
2010-03-16,0.393072,0.409344,0.392842,0.407053,664988000
2010-03-17,0.409344,0.420346,0.409344,0.414845,651168000
2010-03-18,0.415533,0.415533,0.396509,0.400177,740964000
2010-03-19,0.406136,0.407282,0.390321,0.395363,584612000
2010-03-22,0.390321,0.403385,0.390321,0.401781,435336000
2010-03-23,0.40476,0.412095,0.40201,0.410032,493612000
2010-03-24,0.406594,0.40774,0.395593,0.39628,436252000
2010-03-25,0.40201,0.404531,0.396509,0.397426,495184000
2010-03-26,0.400864,0.40499,0.394218,0.397426,344676000
2010-03-29,0.399947,0.403385,0.394447,0.402469,394456000
2010-03-30,0.407052,0.409115,0.397197,0.404073,324104000
2010-03-31,0.402469,0.404302,0.396739,0.398801,389840000
2010-04-01,0.400635,0.405219,0.39055,0.394676,339664000
2010-04-05,0.397197,0.401322,0.396739,0.400635,413636000
2010-04-06,0.395593,0.39651,0.383904,0.39078,809260000
2010-04-07,0.388258,0.399947,0.38505,0.393301,817468000
2010-04-08,0.39078,0.393759,0.38482,0.386883,1037600000
2010-04-09,0.385966,0.39078,0.383904,0.389404,817572000
2010-04-12,0.389863,0.398114,0.389175,0.396509,546460000
2010-04-13,0.398114,0.406136,0.396509,0.404761,648696000
2010-04-14,0.41347,0.415533,0.403385,0.409803,900720000
2010-04-15,0.411178,0.415304,0.407053,0.412782,957596000
2010-04-16,0.396051,0.397655,0.382299,0.391009,1917736000
2010-04-19,0.388029,0.390321,0.376111,0.389175,1094492000
2010-04-20,0.391926,0.396051,0.385508,0.39055,678188000
2010-04-21,0.392613,0.393072,0.375882,0.380466,895908000
2010-04-22,0.374277,0.383216,0.369006,0.38207,656932000
2010-04-23,0.380924,0.381841,0.370152,0.376799,752916000
2010-04-26,0.377257,0.38505,0.376569,0.380466,491092000
2010-04-27,0.377715,0.381612,0.368548,0.369694,606704000
2010-04-28,0.369464,0.375653,0.362818,0.370381,672164000
2010-04-29,0.371527,0.38207,0.366026,0.381612,987128000
2010-04-30,0.377028,0.377715,0.359838,0.360067,1068048000
2010-05-03,0.361901,0.363964,0.35067,0.356171,1078972000
2010-05-04,0.35067,0.351358,0.333022,0.338064,1311376000
2010-05-05,0.331189,0.340815,0.328209,0.332335,1330840000
2010-05-06,0.330043,0.336918,0.298872,0.325459,1002888000
2010-05-07,0.328438,0.328438,0.308498,0.319958,1153712000
2010-05-10,0.33921,0.343336,0.330042,0.33371,979156000
2010-05-11,0.330501,0.336689,0.327521,0.330043,829124000
2010-05-12,0.332335,0.338294,0.330272,0.33646,901236000
2010-05-13,0.335085,0.350441,0.332564,0.335773,1252000000
2010-05-14,0.313082,0.313999,0.288787,0.297038,2493068000
2010-05-17,0.297497,0.301393,0.288329,0.297726,856060000
2010-05-18,0.300247,0.302081,0.286266,0.28787,674112000
2010-05-19,0.286495,0.292913,0.284433,0.292454,826520000
2010-05-20,0.283974,0.292454,0.275265,0.285579,1129136000
2010-05-21,0.277327,0.299789,0.277327,0.291767,1069600000
2010-05-24,0.29085,0.294288,0.28237,0.283286,664564000
2010-05-25,0.274348,0.292225,0.271597,0.29085,966652000
2010-05-26,0.302539,0.308269,0.291308,0.292225,995028000
2010-05-27,0.299559,0.309415,0.298872,0.309415,713560000
2010-05-28,0.308956,0.308956,0.29658,0.301164,545116000
2010-06-01,0.297038,0.300476,0.2881,0.288329,527492000
2010-06-02,0.288787,0.291996,0.286954,0.291538,649088000
2010-06-03,0.285579,0.291767,0.284662,0.291079,586360000
2010-06-04,0.282599,0.287641,0.275723,0.277328,671456000
2010-06-07,0.278473,0.280307,0.26243,0.263576,577248000
2010-06-08,0.26243,0.26243,0.249595,0.256241,967636000
2010-06-09,0.257617,0.264492,0.249136,0.250053,697152000
2010-06-10,0.255095,0.261284,0.254408,0.260138,611768000
2010-06-11,0.257387,0.267243,0.2567,0.266097,442104000
2010-06-14,0.269993,0.270451,0.259679,0.260367,375080000
2010-06-15,0.263346,0.274577,0.262888,0.273202,528632000
2010-06-16,0.271368,0.273889,0.266097,0.269764,366480000
2010-06-17,0.279161,0.280765,0.269535,0.280078,859068000
2010-06-18,0.281682,0.285349,0.279619,0.281911,932832000
2010-06-21,0.28787,0.288558,0.272743,0.275265,579836000
2010-06-22,0.278703,0.282141,0.263576,0.264951,818164000
2010-06-23,0.267472,0.270681,0.259908,0.26793,614060000
2010-06-24,0.266326,0.267701,0.25372,0.254637,725028000
2010-06-25,0.25647,0.2567,0.249824,0.253949,507220000
2010-06-28,0.255783,0.258075,0.249824,0.254408,372008000
2010-06-29,0.248907,0.249136,0.238593,0.240198,660808000
2010-06-30,0.240656,0.243177,0.234009,0.234009,623072000
2010-07-01,0.234697,0.23951,0.227592,0.237906,737008000
2010-07-02,0.238822,0.239281,0.226904,0.234926,737096000
2010-07-06,0.234009,0.241573,0.230342,0.232405,712020000
2010-07-07,0.233322,0.245011,0.232863,0.243636,608412000
2010-07-08,0.24524,0.245469,0.233322,0.236301,783272000
2010-07-09,0.237447,0.238823,0.234239,0.237218,571516000
2010-07-12,0.237218,0.244552,0.236989,0.241573,565396000
2010-07-13,0.245469,0.251887,0.244094,0.250282,723316000
2010-07-14,0.261284,0.263117,0.249136,0.252803,1355664000
2010-07-15,0.253033,0.253262,0.242719,0.245698,953088000
2010-07-16,0.245698,0.246386,0.229425,0.230342,1288604000
2010-07-19,0.233551,0.240656,0.231947,0.239739,798440000
2010-07-20,0.233551,0.247074,0.231488,0.245698,1160988000
2010-07-21,0.24799,0.24822,0.235385,0.237676,624940000
2010-07-22,0.240198,0.244094,0.238822,0.241573,462612000
2010-07-23,0.241344,0.241573,0.235155,0.237447,817604000
2010-07-26,0.23676,0.242719,0.233093,0.241802,683548000
2010-07-27,0.24249,0.242948,0.23676,0.239739,683472000
2010-07-28,0.235843,0.239968,0.231488,0.232176,1320808000
2010-07-29,0.215444,0.220028,0.207881,0.209256,2664476000
2010-07-30,0.207652,0.214298,0.204443,0.210631,984288000
2010-08-02,0.214299,0.215215,0.209485,0.210402,917020000
2010-08-03,0.208798,0.209027,0.203297,0.204901,955444000
2010-08-04,0.206735,0.214298,0.205818,0.213611,855496000
2010-08-05,0.214298,0.21682,0.210402,0.216361,800504000
2010-08-06,0.215444,0.221174,0.213611,0.218882,739904000
2010-08-09,0.221174,0.221404,0.215674,0.220945,466456000
2010-08-10,0.217278,0.217736,0.210861,0.211777,772560000
2010-08-11,0.207423,0.207423,0.202839,0.203526,796148000
2010-08-12,0.199859,0.209944,0.198255,0.20536,1343584000
2010-08-13,0.212007,0.218195,0.211548,0.215215,1797392000
2010-08-16,0.212236,0.21659,0.206964,0.209715,814008000
2010-08-17,0.211777,0.216361,0.209715,0.212465,481224000
2010-08-18,0.211777,0.215444,0.210402,0.213611,352920000
2010-08-19,0.215903,0.227133,0.214757,0.226446,1615100000
2010-08-20,0.224841,0.234009,0.224612,0.228509,1305308000
2010-08-23,0.229196,0.234926,0.224383,0.225071,748620000
2010-08-24,0.217736,0.225071,0.217278,0.222779,641332000
2010-08-25,0.220258,0.229196,0.219112,0.227363,757532000
2010-08-26,0.230342,0.232863,0.224612,0.224612,657596000
2010-08-27,0.225987,0.23378,0.220258,0.231947,1060416000
2010-08-30,0.229196,0.23103,0.220945,0.220945,602804000
2010-08-31,0.217736,0.224612,0.213153,0.21384,931488000
2010-09-01,0.217049,0.219799,0.214299,0.215444,851440000
2010-09-02,0.216132,0.220028,0.214069,0.219341,596292000
2010-09-03,0.224612,0.227592,0.221862,0.226904,566484000
2010-09-07,0.226217,0.234239,0.225758,0.228967,899820000
2010-09-08,0.229425,0.238135,0.226904,0.23653,1224156000
2010-09-09,0.23951,0.239739,0.230342,0.233322,697748000
2010-09-10,0.234926,0.235614,0.228738,0.230801,609292000
2010-09-13,0.234926,0.246844,0.234926,0.243865,1015792000
2010-09-14,0.241802,0.244782,0.23951,0.241573,698536000
2010-09-15,0.239281,0.24226,0.236072,0.242031,555572000
2010-09-16,0.238823,0.244323,0.238823,0.242261,365280000
2010-09-17,0.244552,0.244782,0.241114,0.241802,416884000
2010-09-20,0.241802,0.246386,0.23951,0.245469,443168000
2010-09-21,0.244094,0.262888,0.244094,0.258762,1779624000
2010-09-22,0.257846,0.263346,0.256241,0.261054,999996000
2010-09-23,0.264034,0.274577,0.261742,0.266326,1240872000
2010-09-24,0.272285,0.281911,0.270222,0.280994,1086976000
2010-09-27,0.283057,0.283287,0.271368,0.275036,999504000
2010-09-28,0.275265,0.278244,0.269535,0.274348,723192000
2010-09-29,0.271827,0.280307,0.269306,0.272285,974904000
2010-09-30,0.275723,0.278932,0.265409,0.267701,787632000
2010-10-01,0.271598,0.272056,0.258075,0.260138,999120000
2010-10-04,0.257616,0.261971,0.252345,0.257616,749500000
2010-10-05,0.263117,0.263576,0.258763,0.25945,753588000
2010-10-06,0.25945,0.260596,0.244552,0.247073,1057604000
2010-10-07,0.248219,0.248449,0.237906,0.24524,761488000
2010-10-08,0.244323,0.25097,0.240885,0.248907,706932000
2010-10-11,0.250053,0.252116,0.246615,0.247761,442680000
2010-10-12,0.245698,0.25372,0.243636,0.252574,605208000
2010-10-13,0.2567,0.263576,0.253949,0.259908,968732000
2010-10-14,0.260138,0.260596,0.254637,0.255783,599172000
2010-10-15,0.259908,0.262888,0.255783,0.258762,639940000
2010-10-18,0.258992,0.261513,0.254408,0.260367,448156000
2010-10-19,0.254637,0.260596,0.252574,0.258762,866136000
2010-10-20,0.258992,0.265867,0.254408,0.258762,763532000
2010-10-21,0.258992,0.25945,0.250282,0.254179,1014428000
2010-10-22,0.255783,0.272514,0.253033,0.270452,1322676000
2010-10-25,0.272514,0.275035,0.269993,0.272973,673136000
2010-10-26,0.269764,0.276181,0.267472,0.272056,675248000
2010-10-27,0.269535,0.276869,0.268847,0.275952,496796000
2010-10-28,0.279619,0.280536,0.27366,0.276181,704448000
2010-10-29,0.275723,0.278473,0.272743,0.275494,554664000
2010-11-01,0.277327,0.281682,0.27366,0.275952,473920000
2010-11-02,0.277098,0.286266,0.275494,0.281682,581036000
2010-11-03,0.283516,0.285579,0.276181,0.283745,671748000
2010-11-04,0.286495,0.289475,0.283745,0.284203,700016000
2010-11-05,0.286266,0.291538,0.284891,0.289016,735116000
2010-11-08,0.288787,0.292683,0.286495,0.290162,605156000
2010-11-09,0.290162,0.292454,0.286954,0.288558,633964000
2010-11-10,0.290621,0.291996,0.286495,0.291996,521016000
2010-11-11,0.28512,0.29383,0.281224,0.289016,1089980000
2010-11-12,0.300018,0.31354,0.298643,0.303914,2142560000
2010-11-15,0.305289,0.309644,0.299559,0.300247,733548000
2010-11-16,0.295205,0.29933,0.29085,0.291308,739356000
2010-11-17,0.291079,0.299559,0.288329,0.296121,551764000
2010-11-18,0.300018,0.308269,0.300018,0.305289,993120000
2010-11-19,0.304602,0.316291,0.304143,0.315145,716484000
2010-11-22,0.313082,0.317208,0.310332,0.315374,462668000
2010-11-23,0.311707,0.314916,0.305748,0.30804,457832000
2010-11-24,0.311248,0.316749,0.311019,0.315603,397784000
2010-11-26,0.315374,0.317208,0.311707,0.311707,143104000
2010-11-29,0.310332,0.316291,0.308956,0.315145,468192000
2010-11-30,0.310332,0.31354,0.306206,0.311936,720936000
2010-12-01,0.318124,0.327751,0.317666,0.325688,626536000
2010-12-02,0.325688,0.331647,0.325459,0.329584,529316000
2010-12-03,0.32798,0.338981,0.327292,0.338981,606044000
2010-12-06,0.340127,0.340815,0.331189,0.332564,438424000
2010-12-07,0.340356,0.351358,0.339669,0.343336,1026812000
2010-12-08,0.342878,0.349983,0.340356,0.346315,613252000
2010-12-09,0.338064,0.342877,0.333251,0.340585,942408000
2010-12-10,0.340586,0.345857,0.339669,0.342648,451900000
2010-12-13,0.344023,0.344711,0.333022,0.333939,609108000
2010-12-14,0.340356,0.346545,0.333939,0.334397,755160000
2010-12-15,0.335085,0.33921,0.326605,0.327063,624176000
2010-12-16,0.330501,0.332334,0.326604,0.327521,631872000
2010-12-17,0.32775,0.331188,0.323854,0.329355,593156000
2010-12-20,0.330501,0.332105,0.327751,0.32798,344088000
2010-12-21,0.331189,0.340815,0.330959,0.340815,466952000
2010-12-22,0.340127,0.34494,0.336918,0.344482,477988000
2010-12-23,0.344482,0.344482,0.340586,0.341961,273784000
2010-12-27,0.341044,0.346315,0.334856,0.343794,255500000
2010-12-28,0.343794,0.346086,0.340356,0.342419,194260000
2010-12-29,0.34219,0.34494,0.33921,0.342419,177660000
2010-12-30,0.341961,0.345628,0.340815,0.343565,174488000
2010-12-31,0.343794,0.353421,0.343336,0.352962,391252000
2011-01-03,0.355713,0.366026,0.355254,0.362588,817448000
2011-01-04,0.363276,0.36488,0.353421,0.361442,651384000
2011-01-05,0.368089,0.389634,0.364422,0.389175,1428216000
2011-01-06,0.39926,0.443265,0.398114,0.443036,3493312000
2011-01-07,0.437994,0.456788,0.428138,0.455413,2579984000
2011-01-10,0.447162,0.473748,0.443724,0.472832,1750348000
2011-01-11,0.479249,0.483833,0.455413,0.465497,2711088000
2011-01-12,0.465727,0.535631,0.464122,0.535173,3431896000
2011-01-13,0.529443,0.546404,0.512941,0.53609,2695192000
2011-01-14,0.526922,0.549612,0.523713,0.540674,1595352000
2011-01-18,0.533339,0.537006,0.515004,0.528068,1813348000
2011-01-19,0.528298,0.540903,0.512483,0.513629,1197896000
2011-01-20,0.508586,0.517067,0.499418,0.514087,1111408000
2011-01-21,0.519588,0.526922,0.508357,0.509274,739244000
2011-01-24,0.532652,0.574137,0.526693,0.566802,2056900000
2011-01-25,0.564281,0.57024,0.545716,0.549383,1086856000
2011-01-26,0.555113,0.572991,0.551217,0.562448,1074660000
2011-01-27,0.570469,0.571845,0.550071,0.560843,657396000
2011-01-28,0.562219,0.571616,0.531735,0.54457,1094796000
2011-01-31,0.545487,0.555801,0.536548,0.548237,750160000
2011-02-01,0.553051,0.564969,0.549383,0.560843,654104000
2011-02-02,0.557634,0.599807,0.557634,0.586284,1606616000
2011-02-03,0.587201,0.587201,0.562677,0.575283,1030776000
2011-02-04,0.583304,0.592931,0.581012,0.588347,872900000
2011-02-07,0.580325,0.582846,0.56176,0.563823,934236000
2011-02-08,0.56451,0.568178,0.54457,0.547091,1076584000
2011-02-09,0.549154,0.554655,0.523942,0.533798,1277520000
2011-02-10,0.52188,0.531965,0.517984,0.523026,1042352000
2011-02-11,0.521192,0.554884,0.512712,0.537924,1359276000
2011-02-14,0.544341,0.56153,0.527609,0.529672,1287828000
2011-02-15,0.530589,0.532423,0.514545,0.516837,886980000
2011-02-16,0.523713,0.543424,0.52188,0.535861,1318364000
2011-02-17,0.520734,0.596139,0.518212,0.588576,3470096000
2011-02-18,0.585367,0.594764,0.578262,0.58743,1394412000
2011-02-22,0.568177,0.569782,0.530131,0.531964,1396648000
2011-02-23,0.531964,0.537007,0.499189,0.506753,1491604000
2011-02-24,0.509274,0.528068,0.505607,0.51913,1246120000
2011-02-25,0.53311,0.538611,0.525776,0.529902,775652000
2011-02-28,0.538611,0.53884,0.50744,0.519359,903696000
2011-03-01,0.520275,0.526922,0.49621,0.49621,988448000
2011-03-02,0.495522,0.504919,0.464122,0.475582,1718140000
2011-03-03,0.486583,0.489334,0.463893,0.478332,1593704000
2011-03-04,0.478791,0.483604,0.47054,0.475811,959760000
2011-03-07,0.479249,0.480854,0.457246,0.469165,1019140000
2011-03-08,0.474207,0.476728,0.438223,0.448079,1947184000
2011-03-09,0.446703,0.451058,0.434785,0.438682,1318976000
2011-03-10,0.428597,0.431806,0.410261,0.41072,1722736000
2011-03-11,0.414157,0.425159,0.40476,0.413699,1486832000
2011-03-14,0.416908,0.427451,0.410261,0.417137,1003360000
2011-03-15,0.396739,0.411636,0.389863,0.404761,1256280000
2011-03-16,0.401093,0.420575,0.396509,0.401781,1476520000
2011-03-17,0.412553,0.413241,0.394218,0.409344,1238516000
2011-03-18,0.415762,0.417137,0.403385,0.403844,886960000
2011-03-21,0.412553,0.416679,0.402927,0.407053,751832000
2011-03-22,0.405906,0.409803,0.398114,0.399947,718332000
2011-03-23,0.39926,0.409344,0.39055,0.408198,782396000
2011-03-24,0.416908,0.445787,0.415991,0.440744,1780592000
2011-03-25,0.444641,0.445787,0.426305,0.426993,1196392000
2011-03-28,0.437077,0.450141,0.433181,0.442807,1204284000
2011-03-29,0.442807,0.444411,0.43341,0.439369,715764000
2011-03-30,0.442807,0.444641,0.417366,0.422867,1176320000
2011-03-31,0.423555,0.428139,0.415304,0.423096,655112000
2011-04-01,0.428597,0.429055,0.411407,0.417137,850072000
2011-04-04,0.417137,0.418283,0.39926,0.402239,924328000
2011-04-05,0.408198,0.411407,0.40201,0.402927,821076000
2011-04-06,0.405906,0.406365,0.396739,0.400177,856984000
2011-04-07,0.401093,0.417366,0.399489,0.414845,1021208000
2011-04-08,0.418054,0.418054,0.401093,0.402239,746552000
2011-04-11,0.403844,0.405906,0.392613,0.396968,546208000
2011-04-12,0.393071,0.400864,0.385737,0.398114,840756000
2011-04-13,0.402239,0.409574,0.397197,0.407053,749588000
2011-04-14,0.403385,0.424471,0.401093,0.424242,1254704000
2011-04-15,0.421033,0.434098,0.418971,0.428826,969720000
2011-04-18,0.418742,0.421492,0.407969,0.414616,743584000
2011-04-19,0.414845,0.41645,0.401781,0.413012,659860000
2011-04-20,0.428139,0.434327,0.418741,0.425617,650516000
2011-04-21,0.430201,0.432952,0.423555,0.424471,421300000
2011-04-25,0.426305,0.438223,0.426076,0.431118,619612000
2011-04-26,0.434785,0.446703,0.43043,0.442349,676000000
2011-04-27,0.444641,0.444641,0.433181,0.442349,450004000
2011-04-28,0.442349,0.4561,0.437306,0.447162,684000000
2011-04-29,0.450141,0.468477,0.449454,0.458392,836000000
2011-05-02,0.468019,0.468248,0.449912,0.452204,613824000
2011-05-03,0.446933,0.448308,0.425159,0.43066,808000000
2011-05-04,0.432035,0.436848,0.419429,0.427451,639356000
2011-05-05,0.424013,0.432723,0.418283,0.42768,544000000
2011-05-06,0.436619,0.446933,0.433181,0.442807,841080000
2011-05-09,0.444182,0.454955,0.443036,0.452663,706328000
2011-05-10,0.45633,0.456788,0.448766,0.45335,690976000
2011-05-11,0.455642,0.460226,0.449225,0.455413,616000000
2011-05-12,0.453808,0.470311,0.452662,0.469852,1224000000
2011-05-13,0.440057,0.441203,0.415304,0.418512,2025192000
2011-05-16,0.417366,0.418283,0.405448,0.405677,728188000
2011-05-17,0.404302,0.404531,0.392384,0.404073,1420364000
2011-05-18,0.405677,0.416908,0.404302,0.41347,658844000
2011-05-19,0.416679,0.416908,0.401323,0.407511,650884000
2011-05-20,0.406594,0.415533,0.404761,0.414616,575820000
2011-05-23,0.408657,0.417137,0.403385,0.414158,588000000
2011-05-24,0.41622,0.432493,0.415074,0.415762,720372000
2011-05-25,0.413699,0.423555,0.409574,0.420804,545312000
2011-05-26,0.420804,0.435014,0.419658,0.431347,706436000
2011-05-27,0.433181,0.44762,0.432722,0.446933,658824000
2011-05-31,0.455642,0.459538,0.444641,0.459309,1200716000
2011-06-01,0.457246,0.457934,0.437765,0.438682,762208000
2011-06-02,0.439369,0.442578,0.431347,0.436619,607592000
2011-06-03,0.431576,0.435473,0.421033,0.423096,549300000
2011-06-06,0.422409,0.426305,0.413699,0.414158,435988000
2011-06-07,0.417366,0.419658,0.412095,0.413928,433956000
2011-06-08,0.411866,0.414387,0.399489,0.402698,569288000
2011-06-09,0.402468,0.403385,0.383674,0.398114,741632000
2011-06-10,0.398801,0.401323,0.389175,0.392384,493548000
2011-06-13,0.392384,0.397426,0.386883,0.389634,574760000
2011-06-14,0.393072,0.401552,0.391238,0.392842,534576000
2011-06-15,0.387571,0.389863,0.37634,0.384362,935916000
2011-06-16,0.384591,0.39055,0.365568,0.371069,1024908000
2011-06-17,0.375423,0.375653,0.350899,0.362359,1467884000
2011-06-20,0.35915,0.366714,0.355254,0.358005,745960000
2011-06-21,0.35938,0.368547,0.355942,0.365797,704276000
2011-06-22,0.363276,0.368089,0.360067,0.360755,651720000
2011-06-23,0.356171,0.374048,0.352962,0.371527,744024000
2011-06-24,0.369693,0.372902,0.358463,0.360755,529052000
2011-06-27,0.360755,0.363047,0.340586,0.353191,1142152000
2011-06-28,0.353191,0.35938,0.35067,0.355254,692200000
2011-06-29,0.357546,0.364422,0.345169,0.360755,960544000
2011-06-30,0.361672,0.369235,0.356171,0.365339,652300000
2011-07-01,0.365339,0.371527,0.358004,0.370152,540804000
2011-07-05,0.369694,0.373132,0.360755,0.363964,535296000
2011-07-06,0.363734,0.364422,0.354796,0.359151,529580000
2011-07-07,0.360984,0.362818,0.354108,0.360526,986136000
2011-07-08,0.355483,0.358004,0.35067,0.35365,619516000
2011-07-11,0.347003,0.348378,0.340356,0.341273,714388000
2011-07-12,0.339669,0.342877,0.330959,0.336689,867604000
2011-07-13,0.341273,0.343565,0.332793,0.336002,634368000
2011-07-14,0.337377,0.33944,0.321104,0.322708,1088996000
2011-07-15,0.324542,0.326605,0.31652,0.323167,827736000
2011-07-18,0.320646,0.322479,0.312165,0.316291,818200000
2011-07-19,0.317207,0.326605,0.317207,0.325917,602224000
2011-07-20,0.327063,0.328897,0.320875,0.321792,662956000
2011-07-21,0.32225,0.33921,0.317437,0.336918,1143420000
2011-07-22,0.339898,0.34494,0.335543,0.343794,737192000
2011-07-25,0.338523,0.339898,0.333481,0.338294,566920000
2011-07-26,0.328667,0.336918,0.325229,0.330043,698276000
2011-07-27,0.325459,0.327063,0.316749,0.317666,652212000
2011-07-28,0.31652,0.323625,0.311478,0.316978,648176000
2011-07-29,0.31377,0.319958,0.312165,0.316978,677656000
2011-08-01,0.324313,0.334856,0.321562,0.333939,1019620000
2011-08-02,0.331647,0.352504,0.330501,0.330501,1356432000
2011-08-03,0.331189,0.340586,0.32798,0.33944,765236000
2011-08-04,0.333251,0.333251,0.307123,0.307123,979732000
2011-08-05,0.314228,0.318124,0.288787,0.296809,1270588000
2011-08-08,0.28237,0.292454,0.271598,0.273431,1084180000
2011-08-09,0.278703,0.296809,0.275035,0.296351,1329832000
2011-08-10,0.287641,0.295892,0.281224,0.282828,1140052000
2011-08-11,0.282828,0.311478,0.282828,0.307352,1078792000
2011-08-12,0.340127,0.340586,0.290392,0.295205,3195784000
2011-08-15,0.298184,0.307123,0.29658,0.306435,864152000
2011-08-16,0.302997,0.307123,0.292225,0.297726,716868000
2011-08-17,0.298643,0.303685,0.289704,0.2936,553328000
2011-08-18,0.280307,0.283057,0.270452,0.27366,802564000
2011-08-19,0.269076,0.283974,0.267014,0.268847,761332000
2011-08-22,0.276411,0.279619,0.270681,0.27366,611876000
2011-08-23,0.280307,0.303456,0.279849,0.303227,938312000
2011-08-24,0.302539,0.303456,0.291079,0.298872,687500000
2011-08-25,0.292913,0.298184,0.285579,0.286037,690968000
2011-08-26,0.284891,0.301164,0.279849,0.298184,732660000
2011-08-29,0.306664,0.307352,0.299559,0.306206,601528000
2011-08-30,0.304143,0.316062,0.302081,0.313541,684760000
2011-08-31,0.315833,0.319041,0.302539,0.30506,705808000
2011-09-01,0.309186,0.315832,0.304143,0.304372,762312000
2011-09-02,0.297497,0.301622,0.293829,0.296121,471356000
2011-09-06,0.286495,0.302768,0.283745,0.302081,696248000
2011-09-07,0.326605,0.335543,0.317666,0.326605,1606620000
2011-09-08,0.323396,0.331189,0.319729,0.325,880164000
2011-09-09,0.32225,0.330959,0.315374,0.318124,869828000
2011-09-12,0.31377,0.328438,0.31377,0.325688,916480000
2011-09-13,0.328438,0.334626,0.323396,0.333022,853836000
2011-09-14,0.341732,0.354567,0.341502,0.350212,1547192000
2011-09-15,0.358004,0.359838,0.352045,0.355254,752908000
2011-09-16,0.355942,0.369006,0.352504,0.354337,1391588000
2011-09-19,0.348378,0.350899,0.338064,0.347003,968204000
2011-09-20,0.351358,0.352733,0.33646,0.338064,792436000
2011-09-21,0.339898,0.345857,0.331418,0.331647,715252000
2011-09-22,0.318583,0.319041,0.303685,0.309644,1314632000
2011-09-23,0.30781,0.325,0.305977,0.316062,1011440000
2011-09-26,0.319958,0.320875,0.302539,0.316749,972124000
2011-09-27,0.324771,0.327521,0.314686,0.317207,781388000
2011-09-28,0.317895,0.325917,0.302539,0.307581,1236532000
2011-09-29,0.313082,0.318354,0.292225,0.300018,866416000
2011-09-30,0.295205,0.296809,0.286266,0.286724,677784000
2011-10-03,0.283057,0.291996,0.270681,0.270681,949896000
2011-10-04,0.264034,0.295663,0.262888,0.295663,1361548000
2011-10-05,0.294975,0.308956,0.289016,0.306206,856708000
2011-10-06,0.30781,0.31927,0.307352,0.318353,773192000
2011-10-07,0.319729,0.329126,0.313082,0.324313,806976000
2011-10-10,0.329813,0.338752,0.329126,0.338752,534376000
2011-10-11,0.336002,0.341502,0.333939,0.335085,816080000
2011-10-12,0.341502,0.341732,0.334626,0.334856,612064000
2011-10-13,0.333251,0.355025,0.332334,0.354337,854832000
2011-10-14,0.360526,0.364193,0.351587,0.360296,702452000
2011-10-17,0.356171,0.356171,0.340586,0.342419,611780000
2011-10-18,0.340585,0.355712,0.338523,0.354796,590916000
2011-10-19,0.355254,0.361442,0.346774,0.347691,557568000
2011-10-20,0.338294,0.339669,0.317207,0.330272,990308000
2011-10-21,0.334397,0.339898,0.326375,0.331876,628428000
2011-10-24,0.333251,0.349524,0.332564,0.344253,535256000
2011-10-25,0.33944,0.34219,0.330501,0.331189,577996000
2011-10-26,0.337606,0.33944,0.325459,0.335085,503116000
2011-10-27,0.347462,0.352962,0.339669,0.349524,577732000
2011-10-28,0.346545,0.360755,0.345628,0.357546,490156000
2011-10-31,0.346086,0.348149,0.33921,0.33921,519984000
2011-11-01,0.326834,0.327751,0.319041,0.32225,790824000
2011-11-02,0.325459,0.327063,0.310102,0.316749,961608000
2011-11-03,0.320187,0.33646,0.311707,0.335773,749372000
2011-11-04,0.332793,0.340815,0.327521,0.339669,654840000
2011-11-07,0.337148,0.342878,0.330043,0.337835,613536000
2011-11-08,0.34219,0.347691,0.336689,0.345628,549728000
2011-11-09,0.337606,0.341961,0.326834,0.328209,532244000
2011-11-10,0.336231,0.339669,0.323396,0.331647,990484000
2011-11-11,0.341044,0.346086,0.322479,0.343336,1751560000
2011-11-14,0.343336,0.346774,0.335772,0.336689,500292000
2011-11-15,0.33348,0.343565,0.332564,0.341044,505660000
2011-11-16,0.334626,0.343565,0.333022,0.334168,512420000
2011-11-17,0.33348,0.334397,0.316291,0.32225,657504000
2011-11-18,0.324083,0.324083,0.315832,0.31927,501352000
2011-11-21,0.314228,0.338523,0.309415,0.335314,1330788000
2011-11-22,0.338981,0.347461,0.337148,0.345628,1287480000
2011-11-23,0.341961,0.344482,0.33073,0.330959,825340000
2011-11-25,0.326605,0.334168,0.320875,0.321792,406620000
2011-11-28,0.332334,0.34494,0.332334,0.339898,690616000
2011-11-29,0.33944,0.346086,0.336231,0.341732,623440000
2011-11-30,0.352045,0.35915,0.349066,0.358234,730324000
2011-12-01,0.355254,0.363505,0.35365,0.362588,529760000
2011-12-02,0.366485,0.36786,0.356859,0.360296,546464000
2011-12-05,0.366255,0.366714,0.351816,0.354796,644696000
2011-12-06,0.356858,0.357546,0.346086,0.349753,573832000
2011-12-07,0.347462,0.350212,0.340356,0.347691,510016000
2011-12-08,0.344253,0.349983,0.335543,0.336689,491488000
2011-12-09,0.334168,0.344253,0.329584,0.341502,555840000
2011-12-12,0.334168,0.335543,0.326834,0.333022,573208000
2011-12-13,0.337377,0.341502,0.321792,0.323854,516596000
2011-12-14,0.321104,0.322938,0.307811,0.311249,636020000
2011-12-15,0.31652,0.318583,0.307811,0.308498,435148000
2011-12-16,0.311019,0.316978,0.308269,0.309644,619116000
2011-12-19,0.311019,0.314687,0.300476,0.301622,463276000
2011-12-20,0.308498,0.319729,0.308498,0.318583,445208000
2011-12-21,0.316749,0.320187,0.308269,0.314457,548424000
2011-12-22,0.315374,0.328896,0.315374,0.32798,576560000
2011-12-23,0.329584,0.330042,0.322021,0.324771,248948000
2011-12-27,0.323396,0.327292,0.321333,0.32225,195712000
2011-12-28,0.32225,0.322937,0.313999,0.314228,233960000
2011-12-29,0.317437,0.320875,0.312853,0.320187,211112000
2011-12-30,0.319041,0.322479,0.317208,0.317666,186956000
2012-01-03,0.327751,0.330043,0.321104,0.321792,468044000
2012-01-04,0.322021,0.326834,0.319041,0.325459,347372000
2012-01-05,0.323854,0.338752,0.322479,0.337147,563548000
2012-01-06,0.336918,0.337148,0.329355,0.333251,533252000
2012-01-09,0.333481,0.339669,0.330959,0.333251,508244000
2012-01-10,0.338293,0.338523,0.329584,0.331876,546328000
2012-01-11,0.328896,0.331876,0.323854,0.325229,484272000
2012-01-12,0.325917,0.326146,0.316062,0.323167,652364000
2012-01-13,0.320875,0.321562,0.313082,0.314686,504300000
2012-01-17,0.319499,0.319499,0.309415,0.309873,627176000
2012-01-18,0.315832,0.322937,0.314228,0.320416,632676000
2012-01-19,0.323167,0.329355,0.319729,0.328897,608312000
2012-01-20,0.328438,0.332334,0.324771,0.325917,546272000
2012-01-23,0.326146,0.335085,0.322021,0.334856,562792000
2012-01-24,0.332564,0.343794,0.332335,0.342419,730920000
2012-01-25,0.333251,0.341273,0.323625,0.340356,1274152000
2012-01-26,0.345398,0.349295,0.335314,0.337147,799672000
2012-01-27,0.335085,0.343565,0.332335,0.341732,449996000
2012-01-30,0.335772,0.340815,0.33073,0.33921,399076000
2012-01-31,0.340127,0.340356,0.332564,0.338523,357900000
2012-02-01,0.342419,0.346086,0.337606,0.34219,428020000
2012-02-02,0.344024,0.3564,0.340586,0.355025,696236000
2012-02-03,0.360296,0.365568,0.359609,0.362588,495232000
2012-02-06,0.360755,0.361213,0.356629,0.359838,278868000
2012-02-07,0.360296,0.362818,0.354337,0.360755,410296000
2012-02-08,0.360755,0.380924,0.358921,0.373819,847612000
2012-02-09,0.378403,0.380466,0.372902,0.37359,561944000
2012-02-10,0.369923,0.371298,0.362359,0.364422,440268000
2012-02-13,0.37359,0.374965,0.362588,0.370152,610668000
2012-02-14,0.370152,0.375423,0.366943,0.372215,453756000
2012-02-15,0.375653,0.387342,0.369694,0.37061,1110856000
2012-02-16,0.34517,0.380007,0.343794,0.377028,1888588000
2012-02-17,0.377257,0.379778,0.359838,0.363276,1020360000
2012-02-21,0.363047,0.374048,0.362359,0.365109,518176000
2012-02-22,0.363276,0.372215,0.36213,0.362588,492432000
2012-02-23,0.363276,0.366714,0.357546,0.364651,323968000
2012-02-24,0.365797,0.366256,0.360297,0.361901,366668000
2012-02-27,0.357317,0.358921,0.349524,0.354567,745268000
2012-02-28,0.354567,0.358692,0.347691,0.351358,699884000
2012-02-29,0.352504,0.358463,0.347003,0.347232,689196000
2012-03-01,0.348608,0.35365,0.347232,0.349524,449944000
2012-03-02,0.348378,0.357546,0.348378,0.352504,684076000
2012-03-05,0.349982,0.35067,0.338064,0.340585,514848000
2012-03-06,0.336689,0.33944,0.331418,0.337377,471400000
2012-03-07,0.33921,0.340815,0.334626,0.33944,441984000
2012-03-08,0.340356,0.344023,0.338523,0.340585,430852000
2012-03-09,0.341502,0.344024,0.337835,0.339669,367836000
2012-03-12,0.341044,0.343336,0.33348,0.334397,299948000
2012-03-13,0.335772,0.340815,0.334168,0.338981,553288000
2012-03-14,0.338981,0.339669,0.328209,0.329355,735708000
2012-03-15,0.330272,0.336002,0.329126,0.334168,382380000
2012-03-16,0.334397,0.336002,0.332564,0.334626,428340000
2012-03-19,0.33646,0.338064,0.333939,0.335543,405400000
2012-03-20,0.33371,0.33371,0.327063,0.330043,449616000
2012-03-21,0.330042,0.334397,0.326375,0.331418,467840000
2012-03-22,0.328897,0.33371,0.32798,0.330959,425372000
2012-03-23,0.330043,0.334397,0.327751,0.33348,315456000
2012-03-26,0.336689,0.338981,0.33348,0.337377,288600000
2012-03-27,0.338752,0.343794,0.338064,0.339669,419968000
2012-03-28,0.344023,0.352045,0.341502,0.347461,892448000
2012-03-29,0.347003,0.351816,0.342648,0.349066,372700000
2012-03-30,0.352045,0.355025,0.347003,0.352962,527240000
2012-04-02,0.352045,0.355025,0.346315,0.351358,407776000
2012-04-03,0.353879,0.354337,0.343794,0.345628,430476000
2012-04-04,0.340356,0.344711,0.33371,0.335773,495896000
2012-04-05,0.336231,0.340356,0.334168,0.335314,369424000
2012-04-09,0.330043,0.332105,0.324542,0.330959,365504000
2012-04-10,0.329584,0.334168,0.322937,0.324542,470360000
2012-04-11,0.328897,0.335772,0.327751,0.328667,372960000
2012-04-12,0.329126,0.338294,0.327751,0.33646,384868000
2012-04-13,0.33348,0.335314,0.324313,0.324542,311324000
2012-04-16,0.326834,0.327751,0.315374,0.320646,463468000
2012-04-17,0.321562,0.325459,0.320187,0.321333,460696000
2012-04-18,0.31927,0.320875,0.313999,0.317895,400764000
2012-04-19,0.31377,0.325688,0.311478,0.313082,667188000
2012-04-20,0.314915,0.315832,0.306206,0.306894,509592000
2012-04-23,0.301622,0.304602,0.295892,0.303227,706244000
2012-04-24,0.304143,0.306665,0.292225,0.29383,730440000
2012-04-25,0.298184,0.302081,0.292684,0.299789,727112000
2012-04-26,0.299559,0.302539,0.297497,0.300018,539208000
2012-04-27,0.299559,0.301393,0.294288,0.297497,475356000
2012-04-30,0.295892,0.29956,0.29383,0.297955,262268000
2012-05-01,0.296351,0.306435,0.296351,0.303227,408680000
2012-05-02,0.302081,0.303227,0.292913,0.294517,684008000
2012-05-03,0.295205,0.297038,0.287641,0.289475,419536000
2012-05-04,0.287641,0.289246,0.280994,0.280994,545092000
2012-05-07,0.286037,0.29085,0.283516,0.285808,604440000
2012-05-08,0.283287,0.287412,0.278244,0.285579,462312000
2012-05-09,0.280536,0.289016,0.277786,0.286724,520608000
2012-05-10,0.289475,0.289933,0.280078,0.284662,597092000
2012-05-11,0.308269,0.313541,0.301622,0.302768,1435140000
2012-05-14,0.300247,0.305519,0.294059,0.300935,437472000
2012-05-15,0.300935,0.307581,0.29658,0.297955,599940000
2012-05-16,0.298413,0.301851,0.291079,0.291996,470484000
2012-05-17,0.293142,0.295892,0.289933,0.289933,335364000
2012-05-18,0.290621,0.291996,0.275494,0.276869,567288000
2012-05-21,0.277328,0.283057,0.275494,0.281682,416260000
2012-05-22,0.281453,0.281911,0.274119,0.278244,410140000
2012-05-23,0.275265,0.285579,0.271139,0.28512,496000000
2012-05-24,0.286724,0.287183,0.275494,0.277557,520420000
2012-05-25,0.277327,0.286495,0.277327,0.284203,391752000
2012-05-29,0.288787,0.293371,0.287641,0.291538,310000000
2012-05-30,0.288329,0.290392,0.283057,0.2881,379792000
2012-05-31,0.2881,0.289246,0.281224,0.284891,358192000
2012-06-01,0.278932,0.281682,0.274119,0.274577,440984000
2012-06-04,0.275952,0.277557,0.266555,0.268847,432856000
2012-06-05,0.267472,0.277327,0.267472,0.27664,365224000
2012-06-06,0.278703,0.284662,0.27664,0.283974,368968000
2012-06-07,0.2881,0.289704,0.272285,0.272514,526780000
2012-06-08,0.273431,0.278703,0.272973,0.277786,370308000
2012-06-11,0.286724,0.291767,0.280307,0.280994,839080000
2012-06-12,0.284203,0.289475,0.283745,0.286724,496128000
2012-06-13,0.286495,0.287183,0.277786,0.279161,494276000
2012-06-14,0.278703,0.280995,0.272973,0.275723,589884000
2012-06-15,0.277786,0.281911,0.275265,0.281682,385288000
2012-06-18,0.279619,0.286495,0.277327,0.284203,304424000
2012-06-19,0.295892,0.307811,0.294517,0.303456,960476000
2012-06-20,0.306435,0.313999,0.304602,0.308269,972720000
2012-06-21,0.30804,0.30804,0.2936,0.294288,516376000
2012-06-22,0.297955,0.301393,0.29383,0.297955,865360000
2012-06-25,0.298184,0.299101,0.287412,0.288558,494616000
2012-06-26,0.290162,0.293829,0.286037,0.291767,437152000
2012-06-27,0.291996,0.303227,0.291996,0.301164,506064000
2012-06-28,0.298414,0.305289,0.295892,0.303456,545896000
2012-06-29,0.310561,0.317437,0.310332,0.316749,616508000
2012-07-02,0.318354,0.318583,0.305748,0.308269,581684000
2012-07-03,0.308269,0.316978,0.30804,0.316291,219284000
2012-07-05,0.314228,0.315603,0.308269,0.313082,280076000
2012-07-06,0.31079,0.311707,0.303685,0.307123,382760000
2012-07-09,0.305289,0.306665,0.300476,0.302997,306336000
2012-07-10,0.299789,0.308727,0.291538,0.29383,512028000
2012-07-11,0.294746,0.298413,0.287641,0.289016,485216000
2012-07-12,0.285808,0.286266,0.281682,0.284203,472160000
2012-07-13,0.284432,0.289246,0.282599,0.28787,324260000
2012-07-16,0.286037,0.291079,0.283287,0.288787,334460000
2012-07-17,0.289704,0.291308,0.278703,0.283516,447476000
2012-07-18,0.282828,0.303456,0.281453,0.29933,616008000
2012-07-19,0.301393,0.306206,0.29933,0.30231,403036000
2012-07-20,0.300476,0.302539,0.290392,0.2936,451000000
2012-07-23,0.285808,0.299559,0.282599,0.297497,451584000
2012-07-24,0.297955,0.299789,0.29085,0.294288,351164000
2012-07-25,0.293371,0.302997,0.291996,0.300018,415044000
2012-07-26,0.305519,0.308957,0.299101,0.301393,338440000
2012-07-27,0.302539,0.309873,0.300247,0.308956,376516000
2012-07-30,0.308956,0.312853,0.302997,0.305518,363552000
2012-07-31,0.305518,0.314686,0.30506,0.310332,387788000
2012-08-01,0.312165,0.315145,0.305518,0.306894,335912000
2012-08-02,0.305289,0.312624,0.300247,0.30804,367912000
2012-08-03,0.312853,0.317666,0.305519,0.314457,326548000
2012-08-06,0.317437,0.322708,0.316978,0.321104,360324000
2012-08-07,0.325,0.327751,0.322479,0.324313,407340000
2012-08-08,0.324083,0.329584,0.323167,0.326146,517064000
2012-08-09,0.326604,0.337835,0.326146,0.337147,822300000
2012-08-10,0.346086,0.348837,0.33073,0.335085,1278744000
2012-08-13,0.335543,0.339669,0.334168,0.33944,447244000
2012-08-14,0.340586,0.341044,0.333022,0.334397,388828000
2012-08-15,0.335543,0.338293,0.330272,0.331876,594404000
2012-08-16,0.334856,0.339898,0.33371,0.338752,371008000
2012-08-17,0.338752,0.338752,0.332793,0.335773,309864000
2012-08-20,0.334627,0.336231,0.33073,0.335773,314392000
2012-08-21,0.336918,0.338981,0.331418,0.334856,340248000
2012-08-22,0.332793,0.336918,0.331647,0.335543,313556000
2012-08-23,0.334856,0.335085,0.326605,0.32798,379040000
2012-08-24,0.32798,0.336231,0.327292,0.334626,347724000
2012-08-27,0.334397,0.335314,0.328667,0.328897,340944000
2012-08-28,0.326375,0.33073,0.325688,0.327521,310764000
2012-08-29,0.327292,0.330272,0.326605,0.328209,250412000
2012-08-30,0.327521,0.328667,0.320416,0.322021,307488000
2012-08-31,0.324313,0.326605,0.318354,0.321562,485064000
2012-09-04,0.316291,0.317437,0.301393,0.304372,694452000
2012-09-05,0.305519,0.309873,0.302081,0.305289,480256000
2012-09-06,0.307581,0.322937,0.307352,0.314686,657296000
2012-09-07,0.306665,0.309186,0.296809,0.307123,781064000
2012-09-10,0.306435,0.31079,0.303685,0.304372,371108000
2012-09-11,0.304143,0.312853,0.302998,0.30804,382808000
2012-09-12,0.310561,0.313082,0.307581,0.311478,322608000
2012-09-13,0.314228,0.315374,0.307581,0.313541,433836000
2012-09-14,0.313311,0.322708,0.313311,0.317207,339468000
2012-09-17,0.317895,0.317895,0.30506,0.308498,493348000
2012-09-18,0.30506,0.314228,0.304831,0.310561,359952000
2012-09-19,0.311248,0.318583,0.307581,0.314228,451936000
2012-09-20,0.31354,0.315145,0.309415,0.311936,320596000
2012-09-21,0.312395,0.315145,0.311249,0.313311,340136000
2012-09-24,0.308269,0.31354,0.307811,0.313082,357832000
2012-09-25,0.317208,0.318583,0.306894,0.307352,481544000
2012-09-26,0.306206,0.306435,0.298413,0.302081,436812000
2012-09-27,0.302768,0.304831,0.300247,0.304372,558888000
2012-09-28,0.302997,0.310103,0.299101,0.305748,485508000
2012-10-01,0.307123,0.308956,0.299559,0.300705,504236000
2012-10-02,0.302768,0.302768,0.298413,0.301851,295492000
2012-10-03,0.302539,0.303456,0.297267,0.298872,430872000
2012-10-04,0.299559,0.313999,0.297955,0.312165,502608000
2012-10-05,0.313082,0.316291,0.303685,0.304831,483068000
2012-10-08,0.303685,0.30506,0.299559,0.301851,240596000
2012-10-09,0.301393,0.30231,0.294517,0.295434,366360000
2012-10-10,0.294059,0.295434,0.289246,0.290392,326568000
2012-10-11,0.293142,0.294059,0.289704,0.291996,320516000
2012-10-12,0.289933,0.292225,0.287641,0.289475,260696000
2012-10-15,0.289933,0.293371,0.286495,0.293142,249580000
2012-10-16,0.295663,0.302539,0.292913,0.301622,367696000
2012-10-17,0.297955,0.300705,0.294975,0.29933,391752000
2012-10-18,0.298643,0.298643,0.2936,0.294746,254772000
2012-10-19,0.290392,0.292454,0.275952,0.277557,709412000
2012-10-22,0.278703,0.280307,0.272056,0.274348,480840000
2012-10-23,0.271827,0.284432,0.271139,0.282599,573948000
2012-10-24,0.284432,0.285578,0.276181,0.278932,332916000
2012-10-25,0.281224,0.284203,0.278015,0.279161,307356000
2012-10-26,0.279619,0.281224,0.276181,0.276181,389376000
2012-10-31,0.277327,0.279619,0.273889,0.274577,347112000
2012-11-01,0.275952,0.28787,0.275723,0.287641,473220000
2012-11-02,0.290621,0.291079,0.284433,0.286266,256700000
2012-11-05,0.285579,0.299559,0.285579,0.298414,444840000
2012-11-06,0.299101,0.299101,0.293142,0.298184,350804000
2012-11-07,0.295892,0.297726,0.287641,0.289016,324620000
2012-11-08,0.292225,0.299789,0.289933,0.290621,839024000
2012-11-09,0.292225,0.295663,0.278473,0.27939,846280000
2012-11-12,0.279849,0.280995,0.270451,0.273202,643624000
2012-11-13,0.271827,0.278015,0.27091,0.271139,492120000
2012-11-14,0.272743,0.275494,0.264263,0.264492,619300000
2012-11-15,0.266097,0.272973,0.263805,0.265638,466688000
2012-11-16,0.265638,0.266555,0.255554,0.260825,624552000
2012-11-19,0.265638,0.269076,0.26243,0.26816,404092000
2012-11-20,0.267121,0.268275,0.262277,0.265045,336976000
2012-11-21,0.265045,0.27335,0.264815,0.272658,422312000
2012-11-23,0.273811,0.277733,0.272427,0.274503,276932000
2012-11-26,0.274964,0.280039,0.274503,0.279347,364600000
2012-11-27,0.278194,0.284653,0.275887,0.280501,451404000
2012-11-28,0.279347,0.284191,0.275887,0.282807,398332000
2012-11-29,0.283269,0.284653,0.27681,0.277733,488688000
2012-11-30,0.277502,0.279578,0.274503,0.276118,460504000
2012-12-03,0.279578,0.279578,0.270351,0.271043,391380000
2012-12-04,0.271504,0.279578,0.26989,0.279117,528068000
2012-12-05,0.27681,0.278655,0.271966,0.275887,633024000
2012-12-06,0.275195,0.278194,0.274272,0.276348,412896000
2012-12-07,0.276579,0.277963,0.272658,0.275887,338288000
2012-12-10,0.275887,0.28719,0.275195,0.285114,513644000
2012-12-11,0.286037,0.295494,0.285345,0.291804,816724000
2012-12-12,0.292727,0.294341,0.287652,0.288805,399404000
2012-12-13,0.288344,0.294572,0.286267,0.289036,377556000
2012-12-14,0.290189,0.293419,0.288113,0.29042,338660000
2012-12-17,0.289728,0.291342,0.284884,0.289266,445232000
2012-12-18,0.289266,0.292957,0.288344,0.289728,416436000
2012-12-19,0.291804,0.295264,0.29065,0.291804,458544000
2012-12-20,0.292957,0.293188,0.288344,0.291573,334332000
2012-12-21,0.287652,0.287652,0.281654,0.284883,462172000
2012-12-24,0.284653,0.285575,0.281654,0.282577,127376000
2012-12-26,0.281885,0.286498,0.281193,0.282346,196740000
2012-12-27,0.282807,0.283269,0.277271,0.280501,299804000
2012-12-28,0.277963,0.283499,0.277502,0.279117,220600000
2012-12-31,0.278194,0.283961,0.277502,0.282807,326460000
2013-01-02,0.289728,0.293649,0.288574,0.293418,478836000
2013-01-03,0.293418,0.296879,0.290189,0.293649,298888000
2013-01-04,0.294111,0.30426,0.293188,0.303338,524968000
2013-01-07,0.303107,0.304029,0.292496,0.294572,610732000
2013-01-08,0.295264,0.296187,0.286037,0.288113,466424000
2013-01-09,0.29042,0.291804,0.279809,0.281654,695020000
2013-01-10,0.284191,0.285575,0.280501,0.282115,506368000
2013-01-11,0.283269,0.283499,0.278886,0.281654,513172000
2013-01-14,0.283499,0.283499,0.278194,0.281423,305684000
2013-01-15,0.280039,0.280039,0.274734,0.276348,375888000
2013-01-16,0.275887,0.281193,0.275887,0.278886,337376000
2013-01-17,0.279809,0.28373,0.279117,0.282577,580736000
2013-01-18,0.282577,0.282577,0.277271,0.280731,397088000
2013-01-22,0.280501,0.283038,0.277963,0.279347,308224000
2013-01-23,0.28027,0.280501,0.27681,0.279809,421808000
2013-01-24,0.278886,0.282346,0.277502,0.281193,396980000
2013-01-25,0.281654,0.286498,0.28027,0.286268,393920000
2013-01-28,0.287652,0.292726,0.286959,0.290881,422492000
2013-01-29,0.289728,0.29042,0.283499,0.284653,388872000
2013-01-30,0.284883,0.288805,0.283269,0.284191,287592000
2013-01-31,0.284191,0.287421,0.280962,0.282807,470544000
2013-02-01,0.285114,0.286267,0.282807,0.285345,288816000
2013-02-04,0.28373,0.289497,0.28027,0.280501,511744000
2013-02-05,0.281885,0.288574,0.280962,0.28696,367296000
2013-02-06,0.280039,0.28696,0.278425,0.284653,530688000
2013-02-07,0.28373,0.286037,0.280731,0.283499,440000000
2013-02-08,0.285345,0.287652,0.283499,0.285345,307232000
2013-02-11,0.287652,0.291573,0.284883,0.288574,408308000
2013-02-12,0.286037,0.289958,0.285575,0.286729,277804000
2013-02-13,0.286959,0.292265,0.284422,0.285345,856396000
2013-02-14,0.281423,0.29388,0.277963,0.293649,882096000
2013-02-15,0.292957,0.295033,0.28719,0.293649,733860000
2013-02-19,0.29388,0.29411,0.287882,0.289728,433552000
2013-02-20,0.29065,0.295264,0.284653,0.285576,713012000
2013-02-21,0.285114,0.288344,0.282807,0.283499,580408000
2013-02-22,0.285345,0.289036,0.28373,0.288805,370148000
2013-02-25,0.289497,0.291804,0.283269,0.28373,644444000
2013-02-26,0.28431,0.28872,0.283382,0.287095,487504000
2013-02-27,0.287095,0.294522,0.286399,0.292433,476980000
2013-02-28,0.291505,0.298236,0.290345,0.293826,591392000
2013-03-01,0.291737,0.295915,0.289184,0.294987,389396000
2013-03-04,0.292898,0.296611,0.290577,0.293826,353680000
2013-03-05,0.295451,0.29754,0.294058,0.297075,366168000
2013-03-06,0.298932,0.301717,0.295451,0.296843,342928000
2013-03-07,0.298468,0.301485,0.294522,0.296147,314824000
2013-03-08,0.296843,0.298932,0.295451,0.297539,246464000
2013-03-11,0.294522,0.295915,0.292201,0.294754,299748000
2013-03-12,0.29429,0.296611,0.291505,0.295683,310856000
2013-03-13,0.295683,0.300789,0.292898,0.295683,485840000
2013-03-14,0.297539,0.298468,0.294058,0.295915,383304000
2013-03-15,0.295915,0.295915,0.292201,0.293362,355776000
2013-03-18,0.291505,0.294058,0.289184,0.291273,298312000
2013-03-19,0.291505,0.292898,0.287327,0.289416,355480000
2013-03-20,0.292201,0.293826,0.289648,0.292898,340588000
2013-03-21,0.291273,0.291737,0.287792,0.288256,339032000
2013-03-22,0.289184,0.290809,0.288024,0.289648,232476000
2013-03-25,0.291273,0.291505,0.285935,0.288024,362076000
2013-03-26,0.28872,0.290345,0.287559,0.290112,232540000
2013-03-27,0.288952,0.295219,0.288256,0.293594,254944000
2013-03-28,0.292898,0.298004,0.290809,0.297772,349276000
2013-04-01,0.297075,0.297075,0.285935,0.288024,442828000
2013-04-02,0.288256,0.288952,0.28315,0.285007,371524000
2013-04-03,0.284542,0.286167,0.279436,0.281525,353156000
2013-04-04,0.280597,0.285239,0.279669,0.28431,294676000
2013-04-05,0.280133,0.289184,0.279436,0.289184,551352000
2013-04-08,0.289416,0.289416,0.28315,0.288488,326660000
2013-04-09,0.28872,0.295219,0.286631,0.29313,380584000
2013-04-10,0.293362,0.298236,0.292666,0.297772,384688000
2013-04-11,0.293594,0.298236,0.285471,0.296379,969220000
2013-04-12,0.297772,0.307055,0.295219,0.303806,770548000
2013-04-15,0.302877,0.303806,0.295683,0.297539,430420000
2013-04-16,0.300325,0.302878,0.2987,0.300789,468844000
2013-04-17,0.298468,0.301253,0.294986,0.296843,532948000
2013-04-18,0.297539,0.299396,0.291041,0.291041,402548000
2013-04-19,0.290809,0.292666,0.287095,0.291737,303028000
2013-04-22,0.291505,0.294754,0.289184,0.292201,245568000
2013-04-23,0.294754,0.302878,0.29429,0.29986,376948000
2013-04-24,0.300789,0.312625,0.300557,0.310072,556556000
2013-04-25,0.311697,0.313322,0.308912,0.312625,353224000
2013-04-26,0.312161,0.312625,0.309608,0.311233,324332000
2013-04-29,0.311697,0.316107,0.310304,0.314946,269712000
2013-04-30,0.315642,0.319588,0.313554,0.319588,276712000
2013-05-01,0.319588,0.321677,0.315642,0.316803,341316000
2013-05-02,0.316571,0.321445,0.314714,0.320516,323480000
2013-05-03,0.322605,0.32423,0.320749,0.321909,293864000
2013-05-06,0.321909,0.323766,0.319124,0.320981,217116000
2013-05-07,0.32098,0.321677,0.313786,0.316803,448068000
2013-05-08,0.317267,0.324462,0.316107,0.322605,334032000
2013-05-09,0.316803,0.32423,0.316339,0.322837,566800000
2013-05-10,0.329568,0.338851,0.329568,0.337459,861136000
2013-05-13,0.335138,0.336531,0.329104,0.330496,289812000
2013-05-14,0.334442,0.338155,0.331193,0.33537,454140000
2013-05-15,0.333745,0.342333,0.333745,0.341172,313172000
2013-05-16,0.340708,0.34419,0.338387,0.339548,308368000
2013-05-17,0.341172,0.347439,0.338619,0.345118,312116000
2013-05-20,0.343725,0.345814,0.342565,0.344422,236380000
2013-05-21,0.346405,0.349437,0.342439,0.348037,357784000
2013-05-22,0.349437,0.349437,0.334508,0.335907,480404000
2013-05-23,0.331942,0.342439,0.331009,0.341272,393884000
2013-05-24,0.339406,0.342206,0.335441,0.339173,283304000
2013-05-28,0.341739,0.342672,0.335674,0.33894,279300000
2013-05-29,0.33684,0.33894,0.335441,0.33684,335052000
2013-05-30,0.336374,0.344771,0.335441,0.341272,284504000
2013-05-31,0.339406,0.344305,0.33754,0.33754,577508000
2013-06-03,0.338007,0.340573,0.330076,0.337074,444468000
2013-06-04,0.339173,0.345238,0.335441,0.33754,363676000
2013-06-05,0.337074,0.33964,0.329376,0.330309,464520000
2013-06-06,0.330309,0.334974,0.330076,0.332408,341044000
2013-06-07,0.334741,0.339173,0.333341,0.337074,274584000
2013-06-10,0.336141,0.33894,0.334274,0.33684,224148000
2013-06-11,0.332408,0.337074,0.330542,0.330542,296336000
2013-06-12,0.332175,0.334974,0.325877,0.327743,312588000
2013-06-13,0.326577,0.33684,0.326343,0.335208,236256000
2013-06-14,0.336374,0.33684,0.332408,0.334741,236012000
2013-06-17,0.337307,0.341039,0.335441,0.338007,255336000
2013-06-18,0.33964,0.343372,0.333108,0.335907,486772000
2013-06-19,0.33894,0.3611,0.337773,0.346171,1159588000
2013-06-20,0.343372,0.343838,0.334508,0.33684,628696000
2013-06-21,0.338707,0.339873,0.330775,0.336374,714228000
2013-06-24,0.331475,0.335674,0.324477,0.329376,580772000
2013-06-25,0.332875,0.333575,0.32821,0.331709,457360000
2013-06-26,0.335441,0.335907,0.328443,0.329842,579752000
2013-06-27,0.330775,0.331242,0.323311,0.32681,808036000
2013-06-28,0.32681,0.330775,0.322611,0.32751,431536000
2013-07-01,0.329842,0.330542,0.32681,0.328909,199524000
2013-07-02,0.327043,0.333575,0.325643,0.328676,256392000
2013-07-03,0.325877,0.333575,0.325877,0.329609,140388000
2013-07-05,0.330542,0.332875,0.328443,0.332175,184684000
2013-07-08,0.333108,0.334741,0.328676,0.330542,262084000
2013-07-09,0.331242,0.334274,0.330309,0.332175,157364000
2013-07-10,0.332175,0.33754,0.331242,0.336607,208468000
2013-07-11,0.338473,0.341739,0.337773,0.341272,239832000
2013-07-12,0.340573,0.344772,0.339406,0.341506,216360000
2013-07-15,0.342206,0.342206,0.335441,0.340806,201332000
2013-07-16,0.342206,0.344538,0.340573,0.342672,162560000
2013-07-17,0.342672,0.343839,0.339873,0.340806,166100000
2013-07-18,0.340339,0.341506,0.334974,0.339406,344488000
2013-07-19,0.337307,0.33894,0.328676,0.332175,480532000
2013-07-22,0.334741,0.337773,0.330542,0.331942,292384000
2013-07-23,0.336141,0.336141,0.329842,0.331475,246792000
2013-07-24,0.334508,0.335441,0.331009,0.331475,284252000
2013-07-25,0.331242,0.337074,0.328909,0.332641,243320000
2013-07-26,0.328676,0.333341,0.328676,0.331242,227360000
2013-07-29,0.330542,0.334741,0.329609,0.330542,179540000
2013-07-30,0.331709,0.340573,0.331475,0.336141,266076000
2013-07-31,0.334508,0.340106,0.334274,0.33684,270160000
2013-08-01,0.338007,0.342206,0.334041,0.341506,277648000
2013-08-02,0.340806,0.345005,0.338473,0.344305,209628000
2013-08-05,0.343372,0.347104,0.341506,0.345938,185188000
2013-08-06,0.346171,0.346871,0.340106,0.340806,206608000
2013-08-07,0.33894,0.344072,0.338707,0.340573,244380000
2013-08-08,0.342439,0.344538,0.338473,0.342905,345696000
2013-08-09,0.329376,0.343139,0.329143,0.338007,906224000
2013-08-12,0.324244,0.340106,0.305816,0.335208,257568000
2013-08-13,0.335674,0.337773,0.333575,0.336374,197468000
2013-08-14,0.335674,0.352703,0.335441,0.350603,828508000
2013-08-15,0.346871,0.355735,0.345471,0.352936,723616000
2013-08-16,0.352236,0.359234,0.351536,0.354336,660456000
2013-08-19,0.352236,0.353403,0.348504,0.348737,393432000
2013-08-20,0.34862,0.35284,0.348151,0.350496,234192000
2013-08-21,0.348385,0.35284,0.347448,0.348854,261540000
2013-08-22,0.34862,0.354012,0.34862,0.35073,129016000
2013-08-23,0.351199,0.354012,0.350027,0.35073,245120000
2013-08-26,0.350964,0.352371,0.350027,0.351433,300152000
2013-08-27,0.348151,0.350496,0.345807,0.346979,277464000
2013-08-28,0.347682,0.350261,0.345572,0.346979,318824000
2013-08-29,0.345807,0.349558,0.344869,0.346276,276216000
2013-08-30,0.34651,0.347448,0.344165,0.345807,378120000
2013-09-03,0.346744,0.350964,0.343931,0.346041,284680000
2013-09-04,0.346041,0.351433,0.345572,0.349323,222080000
2013-09-05,0.347917,0.351668,0.347682,0.350261,174904000
2013-09-06,0.350495,0.352371,0.346275,0.348854,226756000
2013-09-09,0.351668,0.354715,0.35073,0.354715,246408000
2013-09-10,0.357294,0.362452,0.355653,0.362218,292132000
2013-09-11,0.361749,0.369251,0.35917,0.368313,396164000
2013-09-12,0.366438,0.372768,0.366438,0.368079,303808000
2013-09-13,0.369251,0.372064,0.366672,0.370423,159696000
2013-09-16,0.373471,0.37605,0.369251,0.370658,231412000
2013-09-17,0.372065,0.374878,0.370423,0.37183,168608000
2013-09-18,0.372064,0.37605,0.370189,0.375112,268168000
2013-09-19,0.376753,0.377457,0.37183,0.373471,227572000
2013-09-20,0.374409,0.376753,0.369486,0.370189,356036000
2013-09-23,0.369954,0.373002,0.364562,0.366672,271244000
2013-09-24,0.366907,0.369486,0.364797,0.368079,229732000
2013-09-25,0.367376,0.371361,0.365734,0.368548,233156000
2013-09-26,0.369486,0.370189,0.365266,0.367376,148816000
2013-09-27,0.364562,0.36761,0.363155,0.365265,151920000
2013-09-30,0.361514,0.367376,0.359404,0.364797,226640000
2013-10-01,0.365266,0.366907,0.362452,0.364562,226976000
2013-10-02,0.360811,0.365734,0.360811,0.364328,162036000
2013-10-03,0.364562,0.367844,0.358935,0.360577,436768000
2013-10-04,0.360108,0.368548,0.35917,0.3655,246228000
2013-10-07,0.364093,0.368079,0.362218,0.3655,169952000
2013-10-08,0.364562,0.36972,0.359639,0.362452,290712000
2013-10-09,0.364797,0.365031,0.35495,0.356826,275860000
2013-10-10,0.359404,0.361749,0.356825,0.360811,223484000
2013-10-11,0.355184,0.359639,0.354012,0.357763,213704000
2013-10-14,0.356825,0.363156,0.356825,0.363156,166628000
2013-10-15,0.363155,0.365265,0.361045,0.36128,208820000
2013-10-16,0.36339,0.367141,0.362921,0.365734,210072000
2013-10-17,0.362921,0.367375,0.362921,0.366438,213324000
2013-10-18,0.365734,0.37183,0.364328,0.370658,255068000
2013-10-21,0.375112,0.375347,0.370423,0.371596,195008000
2013-10-22,0.371596,0.37183,0.366438,0.36972,179452000
2013-10-23,0.369017,0.369017,0.362218,0.36339,252216000
2013-10-24,0.364328,0.366672,0.360108,0.360811,236436000
2013-10-25,0.362687,0.362921,0.356122,0.357294,330492000
2013-10-28,0.356826,0.358467,0.351668,0.356591,394024000
2013-10-29,0.356122,0.357763,0.35284,0.35706,387952000
2013-10-30,0.358232,0.359873,0.353778,0.356826,204032000
2013-10-31,0.357294,0.359873,0.355419,0.356122,293368000
2013-11-01,0.357998,0.359404,0.355184,0.357763,206136000
2013-11-04,0.358935,0.358935,0.346744,0.347448,410264000
2013-11-05,0.345338,0.34862,0.341587,0.346979,422368000
2013-11-06,0.346979,0.349558,0.343462,0.349323,198044000
2013-11-07,0.348151,0.349089,0.340414,0.341118,553076000
2013-11-08,0.351668,0.365969,0.350261,0.364797,734532000
2013-11-11,0.36339,0.368782,0.362687,0.367844,297624000
2013-11-12,0.369486,0.371596,0.364328,0.368548,316032000
2013-11-13,0.36761,0.378629,0.366907,0.378629,332792000
2013-11-14,0.377457,0.382614,0.377222,0.38027,307980000
2013-11-15,0.381677,0.382146,0.375347,0.379098,450332000
2013-11-18,0.370892,0.374174,0.369017,0.369954,316948000
2013-11-19,0.368187,0.371487,0.363472,0.363944,206716000
2013-11-20,0.364179,0.365122,0.357815,0.358522,204776000
2013-11-21,0.358994,0.362058,0.357344,0.361351,213568000
2013-11-22,0.361822,0.361822,0.357108,0.357815,158668000
2013-11-25,0.357815,0.366065,0.357815,0.365594,248208000
2013-11-26,0.369601,0.372665,0.367244,0.368658,753176000
2013-11-27,0.368422,0.371251,0.366065,0.370072,181272000
2013-11-29,0.370072,0.371015,0.365358,0.367715,116964000
2013-12-02,0.366301,0.373844,0.365594,0.371251,373872000
2013-12-03,0.371251,0.376201,0.368658,0.371015,290560000
2013-12-04,0.370072,0.376908,0.369129,0.376201,493176000
2013-12-05,0.376908,0.376908,0.369601,0.370072,271812000
2013-12-06,0.374551,0.374551,0.363708,0.364651,281000000
2013-12-09,0.364651,0.36583,0.357815,0.358522,385220000
2013-12-10,0.358522,0.368422,0.358051,0.366772,524268000
2013-12-11,0.367479,0.367951,0.362529,0.363237,414156000
2013-12-12,0.362058,0.363944,0.355458,0.356165,258724000
2013-12-13,0.356872,0.359465,0.353572,0.354044,184588000
2013-12-16,0.354279,0.357579,0.354044,0.354515,237620000
2013-12-17,0.354279,0.357108,0.351215,0.356165,274104000
2013-12-18,0.356872,0.361822,0.352394,0.361115,426232000
2013-12-19,0.360644,0.363001,0.358287,0.362529,258544000
2013-12-20,0.363236,0.370072,0.362294,0.369837,382080000
2013-12-23,0.371958,0.375022,0.368894,0.371958,168568000
2013-12-24,0.374079,0.374079,0.369129,0.372901,79600000
2013-12-26,0.374315,0.375494,0.368422,0.369365,168920000
2013-12-27,0.371251,0.372194,0.369129,0.371487,210976000
2013-12-30,0.371722,0.376672,0.371251,0.376437,248180000
2013-12-31,0.377144,0.379501,0.374787,0.377615,235776000
2014-01-02,0.375258,0.376672,0.370544,0.373844,260092000
2014-01-03,0.374551,0.375258,0.368187,0.369365,259332000
2014-01-06,0.373137,0.377144,0.369601,0.374315,409492000
2014-01-07,0.378087,0.381858,0.375494,0.380444,333288000
2014-01-08,0.381858,0.387515,0.380444,0.385629,308192000
2014-01-09,0.379737,0.380444,0.370072,0.371251,292172000
2014-01-10,0.372429,0.375022,0.367479,0.370779,218492000
2014-01-13,0.370779,0.373137,0.361351,0.362058,243332000
2014-01-14,0.363944,0.374079,0.362294,0.373372,241828000
2014-01-15,0.375022,0.378794,0.373372,0.377379,175044000
2014-01-16,0.377379,0.379265,0.375729,0.378558,220652000
2014-01-17,0.378558,0.383037,0.374551,0.376908,340400000
2014-01-21,0.377379,0.380679,0.374315,0.378322,246076000
2014-01-22,0.379029,0.379501,0.373372,0.377851,337940000
2014-01-23,0.376672,0.380679,0.373608,0.376437,185028000
2014-01-24,0.373372,0.374787,0.366772,0.366772,246696000
2014-01-27,0.366772,0.371958,0.362294,0.364415,233812000
2014-01-28,0.363708,0.368187,0.362294,0.367951,167996000
2014-01-29,0.366537,0.368658,0.364179,0.364415,162944000
2014-01-30,0.366537,0.371251,0.365358,0.370544,202896000
2014-01-31,0.365358,0.372194,0.365122,0.370072,335348000
2014-02-03,0.372665,0.373137,0.363708,0.365122,431728000
2014-02-04,0.364887,0.367951,0.363001,0.367244,280692000
2014-02-05,0.364651,0.365829,0.361115,0.363944,214676000
2014-02-06,0.364415,0.369601,0.363944,0.368658,168380000
2014-02-07,0.369601,0.374551,0.366301,0.374079,157248000
2014-02-10,0.373608,0.380208,0.373372,0.375258,324372000
2014-02-11,0.37738,0.38398,0.375494,0.383037,235384000
2014-02-12,0.384215,0.399537,0.384215,0.396708,744528000
2014-02-13,0.406608,0.411558,0.399537,0.409201,902836000
2014-02-14,0.40543,0.423108,0.405194,0.422165,817536000
2014-02-18,0.422401,0.423815,0.418394,0.42193,428988000
2014-02-19,0.42193,0.431358,0.420044,0.427587,450340000
2014-02-20,0.42853,0.443615,0.427822,0.442672,398088000
2014-02-21,0.441965,0.447622,0.436544,0.439372,451052000
2014-02-24,0.43843,0.449037,0.434423,0.445737,403112000
2014-02-25,0.445145,0.447039,0.438989,0.443724,242184000
2014-02-26,0.442777,0.449407,0.441593,0.443014,360884000
2014-02-27,0.443014,0.447513,0.436858,0.438041,388848000
2014-02-28,0.435673,0.439936,0.428807,0.4352,321692000
2014-03-03,0.425492,0.433069,0.421704,0.433069,375948000
2014-03-04,0.4352,0.440409,0.43449,0.437568,260344000
2014-03-05,0.437094,0.441593,0.4352,0.441356,241472000
2014-03-06,0.442067,0.444434,0.43449,0.4352,290144000
2014-03-07,0.437094,0.437805,0.431412,0.434727,268452000
2014-03-10,0.433306,0.4352,0.426439,0.428334,300888000
2014-03-11,0.430464,0.436384,0.429044,0.432596,297220000
2014-03-12,0.430464,0.436384,0.428807,0.433779,239428000
2014-03-13,0.434727,0.436384,0.417915,0.420046,385172000
2014-03-14,0.415784,0.425729,0.415784,0.42194,460048000
2014-03-17,0.423124,0.426203,0.421467,0.42194,299656000
2014-03-18,0.423598,0.434727,0.421704,0.431885,293904000
2014-03-19,0.4352,0.447749,0.434016,0.439462,366168000
2014-03-20,0.437094,0.443487,0.4352,0.439699,191800000
2014-03-21,0.443487,0.447039,0.436621,0.438989,566116000
2014-03-24,0.439225,0.442777,0.430465,0.436858,306096000
2014-03-25,0.441593,0.442067,0.433543,0.436858,304424000
2014-03-26,0.440883,0.44917,0.423124,0.426913,557756000
2014-03-27,0.425966,0.429517,0.416494,0.42123,540728000
2014-03-28,0.42052,0.426439,0.419336,0.423835,398820000
2014-03-31,0.424545,0.428333,0.421704,0.424071,273404000
2014-04-01,0.437568,0.446802,0.432359,0.441593,656272000
2014-04-02,0.441593,0.44254,0.436858,0.438752,239948000
2014-04-03,0.439699,0.454142,0.439462,0.443487,599548000
2014-04-04,0.445855,0.44846,0.42786,0.429754,368032000
2014-04-07,0.429991,0.439462,0.427623,0.431175,428576000
2014-04-08,0.431175,0.447749,0.430464,0.446565,470692000
2014-04-09,0.448696,0.452485,0.44254,0.446092,421968000
2014-04-10,0.444198,0.450354,0.433779,0.4352,372748000
2014-04-11,0.431885,0.438515,0.423361,0.429044,353112000
2014-04-14,0.431885,0.435437,0.429044,0.433779,290184000
2014-04-15,0.434253,0.439225,0.429991,0.436858,304636000
2014-04-16,0.438989,0.439462,0.432359,0.437805,235136000
2014-04-17,0.436147,0.443487,0.4352,0.439462,153532000
2014-04-21,0.439699,0.444198,0.436858,0.443014,117004000
2014-04-22,0.443724,0.449644,0.441356,0.446802,255120000
2014-04-23,0.447513,0.453195,0.446802,0.452011,261580000
2014-04-24,0.45509,0.460772,0.45509,0.456037,391492000
2014-04-25,0.45509,0.459352,0.44254,0.443487,313600000
2014-04-28,0.447039,0.449407,0.436147,0.441593,226788000
2014-04-29,0.443251,0.444198,0.437568,0.44254,171300000
2014-04-30,0.44183,0.442304,0.436384,0.437331,305740000
2014-05-01,0.443961,0.444908,0.436147,0.439699,198104000
2014-05-02,0.44183,0.44183,0.433779,0.436384,156376000
2014-05-05,0.435911,0.444435,0.435437,0.44112,239260000
2014-05-06,0.445382,0.44917,0.430938,0.432122,416188000
2014-05-07,0.432122,0.436147,0.42786,0.432596,293900000
2014-05-08,0.430938,0.444908,0.428807,0.438041,432728000
2014-05-09,0.424782,0.428807,0.419336,0.427386,539532000
2014-05-12,0.428333,0.440883,0.428097,0.439936,299856000
2014-05-13,0.434016,0.44112,0.431412,0.432832,221104000
2014-05-14,0.433069,0.434726,0.428333,0.42857,214320000
2014-05-15,0.427623,0.429991,0.42194,0.426202,325896000
2014-05-16,0.422888,0.428334,0.422888,0.425255,283960000
2014-05-19,0.429754,0.441356,0.42786,0.438989,360076000
2014-05-20,0.439107,0.440297,0.431733,0.433874,256200000
2014-05-21,0.435539,0.439345,0.431258,0.433874,216712000
2014-05-22,0.432923,0.438156,0.432923,0.435777,130364000
2014-05-23,0.438156,0.441962,0.435539,0.439821,182656000
2014-05-27,0.442438,0.447671,0.44101,0.447671,209680000
2014-05-28,0.449336,0.454331,0.445054,0.451477,224676000
2014-05-29,0.451239,0.455045,0.449811,0.450763,171884000
2014-05-30,0.450763,0.453142,0.448384,0.451952,239128000
2014-06-02,0.45338,0.456234,0.446719,0.450525,181500000
2014-06-03,0.451477,0.451952,0.442675,0.448622,243212000
2014-06-04,0.447433,0.452428,0.447195,0.449098,161236000
2014-06-05,0.449812,0.452428,0.447195,0.451001,188696000
2014-06-06,0.453142,0.45671,0.451477,0.452666,161052000
2014-06-09,0.45219,0.457423,0.449098,0.453142,247456000
2014-06-10,0.451477,0.457661,0.449574,0.45552,217608000
2014-06-11,0.453855,0.462657,0.453855,0.461467,266228000
2014-06-12,0.461467,0.466462,0.457423,0.464322,337148000
2014-06-13,0.469079,0.469317,0.460278,0.464797,227852000
2014-06-16,0.462657,0.466462,0.459326,0.46337,198620000
2014-06-17,0.463846,0.468365,0.461467,0.466462,157608000
2014-06-18,0.465273,0.468128,0.460992,0.465987,215536000
2014-06-19,0.457423,0.459802,0.451952,0.455283,474592000
2014-06-20,0.456472,0.458137,0.446719,0.450287,353148000
2014-06-23,0.444341,0.445292,0.439107,0.445054,414200000
2014-06-24,0.444341,0.447909,0.436253,0.438156,275780000
2014-06-25,0.439345,0.442913,0.435302,0.442676,215420000
2014-06-26,0.442676,0.442913,0.435302,0.436729,256908000
2014-06-27,0.436253,0.439821,0.433637,0.437205,302820000
2014-06-30,0.435539,0.4422,0.435539,0.44101,180512000
2014-07-01,0.440535,0.448622,0.439108,0.446006,321180000
2014-07-02,0.444341,0.446244,0.441724,0.444341,179284000
2014-07-03,0.440297,0.449574,0.440297,0.448384,136892000
2014-07-07,0.449098,0.449336,0.444103,0.444816,127496000
2014-07-08,0.443627,0.44553,0.436967,0.441248,221940000
2014-07-09,0.445054,0.456472,0.441724,0.454569,387668000
2014-07-10,0.446006,0.454093,0.442438,0.45219,266308000
2014-07-11,0.452666,0.454569,0.451001,0.453142,191188000
2014-07-14,0.455045,0.46004,0.45338,0.458851,272636000
2014-07-15,0.459564,0.461943,0.456472,0.460754,395440000
2014-07-16,0.462657,0.466225,0.457661,0.460278,319728000
2014-07-17,0.455045,0.463846,0.455045,0.459089,324832000
2014-07-18,0.449574,0.453142,0.437918,0.438632,567816000
2014-07-21,0.436967,0.444341,0.436967,0.441248,243364000
2014-07-22,0.444578,0.446957,0.438394,0.439345,298816000
2014-07-23,0.439583,0.439821,0.429593,0.430068,297352000
2014-07-24,0.432447,0.433636,0.42769,0.430782,254576000
2014-07-25,0.429355,0.430306,0.422457,0.42317,266132000
2014-07-28,0.425073,0.425073,0.414369,0.421505,330352000
2014-07-29,0.421743,0.428641,0.421505,0.422932,217972000
2014-07-30,0.425549,0.431258,0.42436,0.430068,246184000
2014-07-31,0.424835,0.428165,0.415558,0.416272,401880000
2014-08-01,0.416272,0.42317,0.414845,0.420792,219884000
2014-08-04,0.420316,0.423884,0.417699,0.41984,241724000
2014-08-05,0.418651,0.426263,0.415083,0.420078,298136000
2014-08-06,0.417224,0.424835,0.414131,0.419602,223456000
2014-08-07,0.42317,0.426976,0.412466,0.415321,407696000
2014-08-08,0.433399,0.454331,0.433399,0.451952,894348000
2014-08-11,0.452428,0.454331,0.448385,0.449574,344624000
2014-08-12,0.449336,0.451953,0.444579,0.449574,296152000
2014-08-13,0.450287,0.455996,0.447433,0.45219,256596000
2014-08-14,0.453855,0.453855,0.445292,0.447195,255992000
2014-08-15,0.448622,0.455521,0.444341,0.452904,369796000
2014-08-18,0.454807,0.459564,0.450287,0.459089,284076000
2014-08-19,0.459208,0.465181,0.457536,0.462792,248260000
2014-08-20,0.461119,0.46327,0.45873,0.459925,221468000
2014-08-21,0.45873,0.461119,0.454907,0.455624,272796000
2014-08-22,0.455146,0.459686,0.452279,0.455863,251224000
2014-08-25,0.457774,0.46088,0.455624,0.45658,153380000
2014-08-26,0.457774,0.465659,0.456102,0.464703,269636000
2014-08-27,0.461836,0.46542,0.45873,0.459447,182972000
2014-08-28,0.458491,0.464225,0.457058,0.46327,179704000
2014-08-29,0.464942,0.465659,0.459925,0.464703,207932000
2014-09-02,0.465898,0.465898,0.461597,0.465898,192636000
2014-09-03,0.468287,0.471871,0.465181,0.470198,259456000
2014-09-04,0.469482,0.481428,0.469243,0.478561,491832000
2014-09-05,0.478083,0.480233,0.474021,0.477127,253792000
2014-09-08,0.476649,0.477605,0.470915,0.472827,319288000
2014-09-09,0.470676,0.473782,0.466376,0.466854,198588000
2014-09-10,0.469482,0.470198,0.464225,0.468526,172376000
2014-09-11,0.465181,0.466853,0.45873,0.463748,250720000
2014-09-12,0.466615,0.466615,0.456341,0.456819,262536000
2014-09-15,0.458252,0.458969,0.448695,0.450607,294152000
2014-09-16,0.449412,0.459686,0.447979,0.457297,219936000
2014-09-17,0.456102,0.461836,0.453952,0.457536,173584000
2014-09-18,0.460403,0.464942,0.458969,0.464464,219604000
2014-09-19,0.465898,0.466376,0.455146,0.455863,601316000
2014-09-22,0.465181,0.465181,0.450846,0.451324,221464000
2014-09-23,0.448934,0.45443,0.447262,0.449412,196144000
2014-09-24,0.449173,0.453474,0.448695,0.45204,159592000
2014-09-25,0.451563,0.452757,0.441289,0.442245,298440000
2014-09-26,0.443678,0.446545,0.441767,0.4432,241188000
2014-09-29,0.439616,0.445589,0.435316,0.442483,208540000
2014-09-30,0.440572,0.443917,0.435555,0.440811,277204000
2014-10-01,0.441528,0.444634,0.435316,0.436511,350976000
2014-10-02,0.435794,0.437944,0.424564,0.434599,288996000
2014-10-03,0.437227,0.4432,0.435555,0.435555,239140000
2014-10-06,0.437227,0.440811,0.43006,0.432927,199032000
2014-10-07,0.431015,0.435316,0.427909,0.428387,301896000
2014-10-08,0.427909,0.438422,0.424564,0.436272,260172000
2014-10-09,0.43436,0.434838,0.424325,0.427909,306956000
2014-10-10,0.424564,0.425998,0.402344,0.402583,691376000
2014-10-13,0.405212,0.413335,0.400672,0.40115,397628000
2014-10-14,0.406645,0.421697,0.404256,0.410468,376620000
2014-10-15,0.404495,0.41883,0.401867,0.41668,404428000
2014-10-16,0.409273,0.421697,0.408318,0.416919,351116000
2014-10-17,0.421936,0.426715,0.41453,0.416202,290716000
2014-10-20,0.416202,0.423609,0.413335,0.419786,200336000
2014-10-21,0.422892,0.438183,0.421697,0.437705,351092000
2014-10-22,0.436988,0.438422,0.427431,0.427431,239512000
2014-10-23,0.434838,0.440094,0.431732,0.436988,214476000
2014-10-24,0.439616,0.444156,0.436988,0.441528,210156000
2014-10-27,0.441289,0.443439,0.43651,0.441767,145092000
2014-10-28,0.440572,0.452757,0.440094,0.452279,192580000
2014-10-29,0.450368,0.452996,0.445351,0.449412,168340000
2014-10-30,0.448218,0.450129,0.440811,0.446545,170260000
2014-10-31,0.456819,0.467092,0.45443,0.466854,256316000
2014-11-03,0.477605,0.479277,0.472349,0.474738,308732000
2014-11-04,0.477844,0.482622,0.469959,0.48095,360196000
2014-11-05,0.483817,0.484056,0.477366,0.48095,335652000
2014-11-06,0.481906,0.483817,0.474499,0.4831,394088000
2014-11-07,0.488595,0.494329,0.468048,0.472827,450800000
2014-11-10,0.472349,0.481428,0.471154,0.478322,293388000
2014-11-11,0.475455,0.478083,0.468526,0.472588,212992000
2014-11-12,0.470915,0.47211,0.463031,0.469482,204584000
2014-11-13,0.471154,0.471871,0.46327,0.467092,225328000
2014-11-14,0.46757,0.472827,0.463031,0.472827,160248000
2014-11-17,0.470676,0.475694,0.46757,0.470676,158732000
2014-11-18,0.470915,0.4831,0.469721,0.481906,207772000
2014-11-19,0.482265,0.483705,0.475067,0.480106,240300000
2014-11-20,0.476747,0.488504,0.475307,0.488024,220968000
2014-11-21,0.492343,0.493062,0.486584,0.490663,198976000
2014-11-24,0.491863,0.495942,0.489943,0.493782,136004000
2014-11-25,0.492822,0.497141,0.491863,0.493542,190240000
2014-11-26,0.490663,0.50242,0.490423,0.50194,219264000
2014-11-28,0.50362,0.506019,0.499061,0.50314,124832000
2014-12-01,0.50098,0.50386,0.493063,0.493782,190060000
2014-12-02,0.493302,0.496661,0.488744,0.494502,245952000
2014-12-03,0.496901,0.507458,0.495462,0.507219,284424000
2014-12-04,0.506499,0.508418,0.499301,0.50266,185332000
2014-12-05,0.5029,0.508178,0.50266,0.505539,165680000
2014-12-08,0.504819,0.509858,0.494982,0.499061,226944000
2014-12-09,0.495942,0.498581,0.488504,0.497381,239448000
2014-12-10,0.495942,0.497861,0.485865,0.486344,204364000
2014-12-11,0.489223,0.492582,0.485145,0.486104,135652000
2014-12-12,0.479626,0.483945,0.470509,0.470989,323964000
2014-12-15,0.476507,0.485145,0.468109,0.469549,254696000
2014-12-16,0.469069,0.476507,0.464031,0.464271,185308000
2014-12-17,0.473628,0.483945,0.458272,0.483225,345596000
2014-12-18,0.489224,0.494982,0.480586,0.485145,226156000
2014-12-19,0.488504,0.491863,0.483945,0.489943,325528000
2014-12-22,0.489463,0.498581,0.487784,0.498581,148976000
2014-12-23,0.50242,0.504819,0.494982,0.495462,109280000
2014-12-24,0.496661,0.497381,0.493062,0.493542,45644000
2014-12-26,0.493542,0.496661,0.492343,0.494022,52636000
2014-12-29,0.492582,0.496661,0.490183,0.493302,82944000
2014-12-30,0.489943,0.492343,0.488024,0.488744,112120000
2014-12-31,0.489463,0.492103,0.479626,0.481066,166300000
2015-01-02,0.482985,0.486584,0.475307,0.482985,113680000
2015-01-05,0.482985,0.484425,0.472668,0.474828,197952000
2015-01-06,0.475547,0.476027,0.459952,0.460431,197764000
2015-01-07,0.463791,0.46787,0.457792,0.459232,321808000
2015-01-08,0.46451,0.479386,0.46427,0.476507,283780000
2015-01-09,0.478187,0.482026,0.471708,0.478427,209540000
2015-01-12,0.479626,0.479866,0.468109,0.472428,190732000
2015-01-13,0.476027,0.485625,0.468349,0.471708,236720000
2015-01-14,0.46667,0.475067,0.46547,0.473628,155260000
2015-01-15,0.476987,0.479866,0.470029,0.470269,188932000
2015-01-16,0.469549,0.479386,0.468109,0.478906,181512000
2015-01-20,0.482265,0.484905,0.474348,0.480346,140308000
2015-01-21,0.477707,0.488264,0.474348,0.487064,144780000
2015-01-22,0.488024,0.496901,0.482985,0.495462,159712000
2015-01-23,0.495942,0.497861,0.491863,0.496902,120416000
2015-01-26,0.494742,0.497141,0.491623,0.494742,133240000
2015-01-27,0.487064,0.487544,0.470029,0.470989,357948000
2015-01-28,0.476747,0.478667,0.463071,0.463311,272728000
2015-01-29,0.463551,0.477227,0.461391,0.474588,235340000
2015-01-30,0.471229,0.476747,0.459952,0.460671,298200000
2015-02-02,0.463551,0.472668,0.454433,0.470749,259604000
2015-02-03,0.474108,0.482985,0.471708,0.482505,183468000
2015-02-04,0.481066,0.489224,0.479626,0.483705,181516000
2015-02-05,0.484185,0.491863,0.483705,0.491623,140448000
2015-02-06,0.491143,0.496902,0.487304,0.489464,210524000
2015-02-09,0.486584,0.490423,0.483465,0.488984,273944000
2015-02-10,0.489463,0.5029,0.487304,0.50266,226204000
2015-02-11,0.503859,0.503859,0.495942,0.499301,320832000
2015-02-12,0.527853,0.539849,0.524734,0.535051,676904000
2015-02-13,0.533851,0.53601,0.525693,0.53529,310084000
2015-02-17,0.534331,0.539609,0.530972,0.53697,203340000
2015-02-18,0.53625,0.53721,0.529772,0.530732,170948000
2015-02-19,0.53745,0.53841,0.529772,0.532172,169432000
2015-02-20,0.531692,0.536251,0.527853,0.536011,157752000
2015-02-23,0.53577,0.53577,0.529052,0.531692,125008000
2015-02-24,0.533739,0.537352,0.528922,0.537352,149356000
2015-02-25,0.535184,0.537593,0.530849,0.533257,123820000
2015-02-26,0.533739,0.537834,0.530367,0.534703,152864000
2015-02-27,0.533257,0.534462,0.529404,0.531331,157492000
2015-03-02,0.529885,0.547227,0.529163,0.544337,301512000
2015-03-03,0.540242,0.542892,0.532535,0.534221,160344000
2015-03-04,0.532294,0.541446,0.530126,0.540242,226840000
2015-03-05,0.540242,0.551562,0.538797,0.550599,323056000
2015-03-06,0.547468,0.550117,0.542651,0.543132,257392000
2015-03-09,0.543373,0.548672,0.542169,0.544578,222388000
2015-03-10,0.546986,0.557584,0.546023,0.553971,527212000
2015-03-11,0.553971,0.561197,0.549636,0.551081,262120000
2015-03-12,0.545782,0.549876,0.535666,0.546023,406972000
2015-03-13,0.543373,0.54819,0.535907,0.546745,359288000
2015-03-16,0.551081,0.556621,0.547468,0.553249,236956000
2015-03-17,0.552044,0.560233,0.548191,0.559993,299900000
2015-03-18,0.559992,0.562883,0.545782,0.55084,413844000
2015-03-19,0.552767,0.561197,0.548672,0.55927,310756000
2015-03-20,0.563846,0.568663,0.558547,0.565291,462084000
2015-03-23,0.548431,0.555657,0.546745,0.546986,426012000
2015-03-24,0.5453,0.549154,0.537111,0.53952,330480000
2015-03-25,0.539279,0.539279,0.505077,0.506763,542552000
2015-03-26,0.496406,0.507245,0.492793,0.505077,311920000
2015-03-27,0.507967,0.516879,0.499778,0.514952,318288000
2015-03-30,0.517361,0.519769,0.510617,0.51712,253252000
2015-03-31,0.515675,0.516157,0.503632,0.504114,357276000
2015-04-01,0.506041,0.507727,0.49737,0.506041,330768000
2015-04-02,0.508931,0.510376,0.502909,0.507245,192204000
2015-04-06,0.505077,0.523623,0.499778,0.521937,515864000
2015-04-07,0.521937,0.532294,0.519047,0.526513,413964000
2015-04-08,0.526995,0.532294,0.521937,0.530367,366432000
2015-04-09,0.526272,0.544337,0.526032,0.542651,379432000
2015-04-10,0.543132,0.548431,0.541206,0.54819,258728000
2015-04-13,0.546986,0.550117,0.540724,0.543132,236724000
2015-04-14,0.540965,0.543132,0.533257,0.538556,220276000
2015-04-15,0.540001,0.549154,0.537352,0.545059,243560000
2015-04-16,0.541928,0.546504,0.537833,0.541687,155284000
2015-04-17,0.530367,0.540001,0.530126,0.534703,293636000
2015-04-20,0.537111,0.540483,0.53109,0.532053,231624000
2015-04-21,0.538556,0.538556,0.528681,0.531331,230456000
2015-04-22,0.534461,0.538074,0.526272,0.537352,207420000
2015-04-23,0.527477,0.540242,0.521455,0.535184,259380000
2015-04-24,0.534943,0.535184,0.524586,0.530608,240960000
2015-04-27,0.532294,0.544096,0.527718,0.534703,248456000
2015-04-28,0.533739,0.539278,0.528681,0.537352,234484000
2015-04-29,0.533498,0.538797,0.53109,0.533257,195156000
2015-04-30,0.530608,0.537352,0.529404,0.534703,218844000
2015-05-01,0.539038,0.549636,0.536629,0.54795,256968000
2015-05-04,0.547468,0.551081,0.542892,0.544578,200720000
2015-05-05,0.54265,0.543373,0.528199,0.530608,292928000
2015-05-06,0.533498,0.538556,0.525309,0.532294,316484000
2015-05-07,0.530126,0.543373,0.52844,0.541687,534564000
2015-05-08,0.50604,0.526031,0.493516,0.501705,1146552000
2015-05-11,0.49472,0.501946,0.490867,0.496888,544144000
2015-05-12,0.493275,0.505799,0.493034,0.501705,388800000
2015-05-13,0.505318,0.509172,0.499778,0.504595,308524000
2015-05-14,0.50604,0.515434,0.504836,0.512784,293052000
2015-05-15,0.514952,0.51736,0.509894,0.513025,215824000
2015-05-18,0.511821,0.515434,0.509412,0.512303,324972000
2015-05-19,0.51298,0.514674,0.508141,0.509109,253808000
2015-05-20,0.509351,0.5154,0.508625,0.509109,196824000
2015-05-21,0.509351,0.511528,0.504995,0.505479,239692000
2015-05-22,0.506689,0.508625,0.503543,0.504753,212592000
2015-05-26,0.502334,0.505721,0.497736,0.501608,259732000
2015-05-27,0.504995,0.530886,0.503301,0.528466,432332000
2015-05-28,0.528466,0.537419,0.527499,0.535726,327656000
2015-05-29,0.535725,0.539113,0.534758,0.535484,335168000
2015-06-01,0.538871,0.546856,0.535484,0.541533,372660000
2015-06-02,0.538145,0.541049,0.530402,0.530886,224304000
2015-06-03,0.532338,0.536451,0.524111,0.525079,250788000
2015-06-04,0.521933,0.53621,0.521933,0.534516,323712000
2015-06-05,0.532822,0.541049,0.527257,0.538629,313320000
2015-06-08,0.536936,0.540565,0.52024,0.526289,342812000
2015-06-09,0.526773,0.532822,0.525805,0.52895,256888000
2015-06-10,0.522659,0.526047,0.51661,0.519514,529460000
2015-06-11,0.519513,0.528708,0.519513,0.525079,283052000
2015-06-12,0.521691,0.524837,0.509593,0.510803,323728000
2015-06-15,0.508141,0.512254,0.504269,0.509835,306548000
2015-06-16,0.508867,0.516852,0.503785,0.516126,256892000
2015-06-17,0.515884,0.525079,0.514674,0.522175,233544000
2015-06-18,0.526531,0.534274,0.525079,0.530886,299404000
2015-06-19,0.530886,0.535242,0.524353,0.529192,355656000
2015-06-22,0.53016,0.533064,0.519029,0.527014,514236000
2015-06-23,0.527983,0.532096,0.509351,0.513464,414064000
2015-06-24,0.512738,0.5154,0.505963,0.508383,253368000
2015-06-25,0.508383,0.5154,0.508383,0.512254,350460000
2015-06-26,0.508141,0.508625,0.499672,0.501849,421296000
2015-06-29,0.496042,0.501124,0.486121,0.486847,391724000
2015-06-30,0.489751,0.491929,0.483218,0.486605,315916000
2015-07-01,0.498704,0.505721,0.489267,0.493623,302892000
2015-07-02,0.49338,0.497252,0.490961,0.494106,145764000
2015-07-06,0.489993,0.496768,0.484428,0.488057,214776000
2015-07-07,0.485153,0.487089,0.463618,0.478862,594252000
2015-07-08,0.4762,0.479104,0.471603,0.475475,332492000
2015-07-09,0.482976,0.485153,0.466764,0.469667,357588000
2015-07-10,0.475717,0.48225,0.474507,0.477894,216708000
2015-07-13,0.482734,0.483702,0.477894,0.48104,212472000
2015-07-14,0.481766,0.48225,0.474991,0.481282,249216000
2015-07-15,0.480072,0.483218,0.473539,0.477894,265732000
2015-07-16,0.480798,0.488541,0.479104,0.488541,282848000
2015-07-17,0.486847,0.487331,0.479346,0.485637,220372000
2015-07-20,0.485637,0.487573,0.475475,0.476684,188412000
2015-07-21,0.475717,0.485637,0.475717,0.478862,149720000
2015-07-22,0.475475,0.475475,0.46386,0.469667,356472000
2015-07-23,0.470635,0.482492,0.469667,0.475475,169916000
2015-07-24,0.478862,0.479346,0.467974,0.469909,188844000
2015-07-27,0.465796,0.472571,0.461924,0.467248,192420000
2015-07-28,0.468457,0.480556,0.463618,0.47741,198308000
2015-07-29,0.476443,0.487089,0.474507,0.483218,232680000
2015-07-30,0.482008,0.489267,0.482008,0.484428,190180000
2015-07-31,0.486363,0.486605,0.47983,0.482734,218340000
2015-08-03,0.486605,0.491445,0.480314,0.490961,397132000
2015-08-04,0.489267,0.494348,0.487331,0.492897,260100000
2015-08-05,0.504995,0.505479,0.49701,0.497978,234628000
2015-08-06,0.496768,0.500398,0.486605,0.494832,655676000
2015-08-07,0.543469,0.565488,0.529434,0.556051,1405248000
2015-08-10,0.55218,0.579523,0.548792,0.575409,662304000
2015-08-11,0.56694,0.57807,0.56694,0.572505,435008000
2015-08-12,0.56331,0.578071,0.56331,0.573957,384048000
2015-08-13,0.574683,0.575893,0.567666,0.569118,276884000
2015-08-14,0.568634,0.572989,0.565246,0.569602,214652000
2015-08-17,0.568634,0.568634,0.558955,0.565972,273880000
2015-08-18,0.564223,0.56811,0.556447,0.560821,287084000
2015-08-19,0.560091,0.566409,0.552559,0.558633,249248000
2015-08-20,0.552316,0.554989,0.535793,0.538465,426932000
2015-08-21,0.534578,0.543568,0.521213,0.521699,382664000
2015-08-24,0.492541,0.530447,0.48598,0.503232,682284000
2015-08-25,0.525344,0.527288,0.492784,0.492784,622684000
2015-08-26,0.508821,0.530447,0.504933,0.529961,614976000
2015-08-27,0.53555,0.550129,0.532391,0.549886,463764000
2015-08-28,0.549886,0.555718,0.545998,0.552316,320944000
2015-08-31,0.549643,0.553531,0.544054,0.546241,219352000
2015-09-01,0.530447,0.539438,0.519998,0.523886,353408000
2015-09-02,0.538223,0.539924,0.529232,0.539681,344044000
2015-09-03,0.547699,0.550372,0.540167,0.541139,262556000
2015-09-04,0.531905,0.54041,0.52826,0.528503,287972000
2015-09-08,0.541381,0.553288,0.539194,0.551101,238448000
2015-09-09,0.552802,0.557419,0.538952,0.540166,289392000
2015-09-10,0.537008,0.555475,0.534578,0.548671,357076000
2015-09-11,0.542596,0.554017,0.540409,0.550372,301584000
2015-09-14,0.553045,0.554746,0.548428,0.551344,192460000
2015-09-15,0.551587,0.560335,0.549886,0.557419,327976000
2015-09-16,0.556447,0.564466,0.552316,0.561307,173508000
2015-09-17,0.571026,0.576129,0.565195,0.56641,268712000
2015-09-18,0.558634,0.570783,0.555232,0.565923,326412000
2015-09-21,0.566652,0.57297,0.563737,0.571755,281840000
2015-09-22,0.559363,0.563251,0.553288,0.556204,228356000
2015-09-23,0.55669,0.562279,0.554503,0.558877,161632000
2015-09-24,0.555475,0.5754,0.546727,0.569569,382440000
2015-09-25,0.576615,0.584877,0.56811,0.573699,369692000
2015-09-28,0.573699,0.577344,0.562522,0.566166,395584000
2015-09-29,0.572241,0.577101,0.564223,0.576129,380736000
2015-09-30,0.581475,0.599699,0.578073,0.59897,556380000
2015-10-01,0.59897,0.600671,0.570297,0.587307,489296000
2015-10-02,0.584148,0.602615,0.578073,0.602615,386144000
2015-10-05,0.606503,0.625213,0.603344,0.61768,482024000
2015-10-06,0.61112,0.628372,0.60869,0.625699,453216000
2015-10-07,0.627157,0.638578,0.616951,0.63226,310152000
2015-10-08,0.629587,0.637605,0.618895,0.635904,460068000
2015-10-09,0.632503,0.638578,0.621568,0.633475,423248000
2015-10-12,0.634204,0.643923,0.629587,0.640278,227588000
2015-10-13,0.635175,0.645381,0.632989,0.641493,298444000
2015-10-14,0.642222,0.675269,0.641494,0.664821,612148000
2015-10-15,0.666035,0.680129,0.659232,0.666521,526048000
2015-10-16,0.668708,0.683288,0.667007,0.67697,448396000
2015-10-19,0.679157,0.682316,0.667979,0.675755,294712000
2015-10-20,0.672839,0.677942,0.667736,0.674783,264824000
2015-10-21,0.678914,0.683045,0.664821,0.666035,386280000
2015-10-22,0.673811,0.692278,0.672839,0.690091,306884000
2015-10-23,0.696166,0.699325,0.685718,0.694708,381776000
2015-10-26,0.695194,0.696895,0.685231,0.691549,247436000
2015-10-27,0.688148,0.695437,0.687662,0.691063,208268000
2015-10-28,0.695437,0.696652,0.685231,0.696652,217036000
2015-10-29,0.685475,0.692521,0.671381,0.672596,327168000
2015-10-30,0.679886,0.694222,0.674783,0.689362,301160000
2015-11-02,0.691549,0.69811,0.687419,0.697381,190088000
2015-11-03,0.69325,0.697138,0.684746,0.692521,376768000
2015-11-04,0.690577,0.69568,0.677942,0.681101,442264000
2015-11-05,0.684503,0.686447,0.671381,0.673325,478800000
2015-11-06,0.739904,0.77611,0.724596,0.766633,1172272000
2015-11-09,0.759101,0.765418,0.75254,0.763231,492568000
2015-11-10,0.753269,0.7574,0.732615,0.748652,552260000
2015-11-11,0.749138,0.754484,0.738689,0.741362,619896000
2015-11-12,0.739661,0.746465,0.73553,0.738689,291080000
2015-11-13,0.739418,0.742577,0.720465,0.72411,292940000
2015-11-16,0.733586,0.739175,0.727755,0.738689,344280000
2015-11-17,0.740633,0.745007,0.73553,0.738689,257048000
2015-11-18,0.741738,0.757836,0.733689,0.756861,350216000
2015-11-19,0.759544,0.766617,0.753446,0.759056,254072000
2015-11-20,0.764666,0.770032,0.760032,0.765642,239744000
2015-11-23,0.771983,0.771983,0.751495,0.754178,242552000
2015-11-24,0.754178,0.766861,0.750763,0.760276,195428000
2015-11-25,0.758812,0.767837,0.756617,0.7593,138300000
2015-11-27,0.760763,0.768081,0.756861,0.765642,86996000
2015-11-30,0.766373,0.777106,0.765642,0.773691,327244000
2015-12-01,0.78052,0.799546,0.779789,0.798814,409496000
2015-12-02,0.800033,0.808326,0.791009,0.792716,294240000
2015-12-03,0.799058,0.807351,0.787106,0.791008,246656000
2015-12-04,0.791009,0.824669,0.791009,0.823205,458756000
2015-12-07,0.822961,0.822961,0.805155,0.807595,333588000
2015-12-08,0.797594,0.821985,0.792472,0.818571,314488000
2015-12-09,0.818327,0.823205,0.789545,0.797838,372676000
2015-12-10,0.800277,0.808814,0.797594,0.804424,236596000
2015-12-11,0.796375,0.801985,0.790765,0.792472,227320000
2015-12-14,0.793204,0.798814,0.784911,0.794423,275892000
2015-12-15,0.803448,0.80979,0.799058,0.80418,307296000
2015-12-16,0.805887,0.811741,0.798814,0.809058,236356000
2015-12-17,0.810278,0.818571,0.796375,0.796862,254160000
2015-12-18,0.791253,0.799302,0.78296,0.783935,395896000
2015-12-21,0.792472,0.803204,0.785399,0.802472,284216000
2015-12-22,0.804911,0.811253,0.798326,0.803204,130012000
2015-12-23,0.804424,0.809546,0.80296,0.806375,122524000
2015-12-24,0.803936,0.811009,0.802716,0.809058,52448000
2015-12-28,0.800521,0.808326,0.789301,0.808326,142024000
2015-12-29,0.808814,0.823937,0.806619,0.821498,203660000
2015-12-30,0.820766,0.827839,0.81418,0.814424,180344000
2015-12-31,0.813204,0.816863,0.803936,0.803936,148528000
2016-01-04,0.787594,0.794667,0.781496,0.789545,358076000
2016-01-05,0.804424,0.815644,0.792716,0.802228,490272000
2016-01-06,0.789057,0.792716,0.760032,0.769056,449344000
2016-01-07,0.749787,0.75491,0.728811,0.738568,645304000
2016-01-08,0.74808,0.748812,0.72125,0.722713,398472000
2016-01-11,0.723445,0.729055,0.711005,0.723933,409372000
2016-01-12,0.73686,0.74686,0.731006,0.736128,469356000
2016-01-13,0.741738,0.746616,0.712956,0.713688,481672000
2016-01-14,0.699053,0.707346,0.678565,0.699297,600236000
2016-01-15,0.671248,0.679297,0.649783,0.661247,841452000
2016-01-19,0.674906,0.693931,0.66393,0.666613,457140000
2016-01-20,0.653929,0.678809,0.645149,0.670272,481180000
2016-01-21,0.677589,0.688565,0.663686,0.678077,481456000
2016-01-22,0.691004,0.698566,0.689541,0.693931,257996000
2016-01-25,0.693687,0.701736,0.691736,0.693199,270728000
2016-01-26,0.694663,0.702956,0.68759,0.700029,227944000
2016-01-27,0.699053,0.701249,0.678565,0.691736,231700000
2016-01-28,0.697346,0.699785,0.67076,0.684175,276776000
2016-01-29,0.690029,0.715884,0.687346,0.71442,310504000
2016-02-01,0.713688,0.718323,0.70759,0.714664,289884000
2016-02-02,0.707347,0.711005,0.679541,0.684419,341908000
2016-02-03,0.689785,0.693931,0.671979,0.687833,326772000
2016-02-04,0.688809,0.703688,0.681248,0.688077,348140000
2016-02-05,0.683443,0.691004,0.64271,0.644661,600428000
2016-02-08,0.634904,0.638075,0.606123,0.615148,608852000
2016-02-09,0.60783,0.647588,0.604903,0.621733,425372000
2016-02-10,0.625636,0.643685,0.616855,0.62027,335800000
2016-02-11,0.604415,0.62344,0.604415,0.617099,340144000
2016-02-12,0.626855,0.628807,0.603684,0.627587,340816000
2016-02-16,0.636612,0.659296,0.634661,0.65832,485352000
2016-02-17,0.666613,0.681004,0.66393,0.674662,771468000
2016-02-18,0.73003,0.755641,0.729299,0.732713,1068660000
2016-02-19,0.728811,0.749055,0.723201,0.74247,525628000
2016-02-22,0.753202,0.777349,0.751738,0.768812,449668000
2016-02-23,0.762715,0.778081,0.759056,0.770764,369380000
2016-02-24,0.767593,0.777349,0.746372,0.77613,336852000
2016-02-25,0.779057,0.78174,0.763934,0.777837,349616000
2016-02-26,0.781496,0.783447,0.76491,0.772715,361964000
2016-02-29,0.773817,0.783853,0.767207,0.767697,323344000
2016-03-01,0.769655,0.801724,0.768431,0.801724,348700000
2016-03-02,0.797317,0.809313,0.795849,0.806375,233812000
2016-03-03,0.805396,0.808823,0.788505,0.799276,302004000
2016-03-04,0.805396,0.80613,0.790708,0.796828,175304000
2016-03-07,0.792422,0.797807,0.781405,0.791687,239968000
2016-03-08,0.783609,0.78826,0.774796,0.777244,274940000
2016-03-09,0.784098,0.785322,0.766717,0.776754,222788000
2016-03-10,0.781406,0.785812,0.759863,0.77553,286084000
2016-03-11,0.787036,0.788994,0.777734,0.78875,277400000
2016-03-14,0.785077,0.79389,0.781405,0.790708,190312000
2016-03-15,0.786547,0.791687,0.772838,0.786791,226216000
2016-03-16,0.780916,0.812985,0.777244,0.810292,363644000
2016-03-17,0.807354,0.811271,0.792422,0.803438,353680000
2016-03-18,0.812985,0.838444,0.807844,0.827673,545512000
2016-03-21,0.820329,0.830366,0.811516,0.830121,337780000
2016-03-22,0.827428,0.834527,0.81837,0.828652,242012000
2016-03-23,0.832324,0.848971,0.828652,0.842851,429008000
2016-03-24,0.835262,0.845544,0.832569,0.844075,244956000
2016-03-28,0.842606,0.856315,0.841627,0.852643,265388000
2016-03-29,0.848971,0.86831,0.847012,0.866352,261812000
2016-03-30,0.869534,0.887405,0.869044,0.875409,376700000
2016-03-31,0.879326,0.881284,0.865372,0.872227,379884000
2016-04-01,0.866841,0.885446,0.860232,0.884957,348292000
2016-04-04,0.8923,0.896952,0.872961,0.876388,393940000
2016-04-05,0.868555,0.883243,0.865127,0.875164,339568000
2016-04-06,0.864148,0.876878,0.847747,0.876388,453376000
2016-04-07,0.870758,0.878592,0.863659,0.867331,378104000
2016-04-08,0.87443,0.880061,0.864393,0.872961,255936000
2016-04-11,0.878102,0.89279,0.875409,0.878347,387524000
2016-04-12,0.881284,0.882508,0.860231,0.877368,292764000
2016-04-13,0.881284,0.899644,0.881284,0.8994,350716000
2016-04-14,0.896952,0.905765,0.89328,0.901848,416564000
2016-04-15,0.901603,0.917025,0.898665,0.908947,436972000
2016-04-18,0.907233,0.907233,0.896217,0.90503,307320000
2016-04-19,0.908457,0.910171,0.883243,0.888873,309152000
2016-04-20,0.887405,0.897686,0.886425,0.892301,200172000
2016-04-21,0.892545,0.896707,0.887404,0.891321,178280000
2016-04-22,0.894259,0.900379,0.884956,0.887894,223540000
2016-04-25,0.888139,0.897197,0.885691,0.892301,191972000
2016-04-26,0.897686,0.907968,0.889118,0.893035,214536000
2016-04-27,0.890832,0.913843,0.889118,0.913354,352396000
2016-04-28,0.907723,0.913109,0.883977,0.88618,381224000
2016-04-29,0.882508,0.884467,0.860232,0.869779,321904000
2016-05-02,0.878102,0.88667,0.873941,0.881285,256076000
2016-05-03,0.871248,0.874919,0.863169,0.870758,224024000
2016-05-04,0.860232,0.860966,0.842116,0.850929,525764000
2016-05-05,0.858029,0.866107,0.849705,0.85607,246884000
2016-05-06,0.854601,0.867086,0.852888,0.864883,183240000
2016-05-09,0.867086,0.870758,0.85656,0.863659,333336000
2016-05-10,0.869044,0.881774,0.860721,0.880305,269676000
2016-05-11,0.882998,0.892545,0.878102,0.882753,328176000
2016-05-12,0.889118,0.893035,0.855091,0.870758,670540000
2016-05-13,0.959376,1.003685,0.954725,1.003195,2110256000
2016-05-16,0.995607,1.047749,0.992424,1.032816,973032000
2016-05-17,1.028165,1.042364,1.014946,1.03502,628392000
2016-05-18,1.028165,1.073453,1.028165,1.061458,541072000
2016-05-19,1.057297,1.073698,1.055828,1.066109,398880000
2016-05-20,1.072719,1.08961,1.071005,1.085204,391084000
2016-05-23,1.089855,1.094017,1.080308,1.086918,413636000
2016-05-24,1.09023,1.116738,1.087285,1.113302,415788000
2016-05-25,1.116738,1.121402,1.099803,1.108639,458076000
2016-05-26,1.110602,1.128519,1.107412,1.12042,309964000
2016-05-27,1.121646,1.128273,1.117965,1.126555,277416000
2016-05-31,1.131465,1.149136,1.130728,1.146682,412524000
2016-06-01,1.141281,1.159935,1.137845,1.14889,387132000
2016-06-02,1.155026,1.166808,1.143736,1.15699,329208000
2016-06-03,1.1457,1.147172,1.120665,1.140791,461076000
2016-06-06,1.143736,1.152572,1.12901,1.1349,322512000
2016-06-07,1.141772,1.148154,1.136618,1.137109,193400000
2016-06-08,1.137355,1.141527,1.124101,1.133428,234616000
2016-06-09,1.129501,1.164598,1.127046,1.16288,472168000
2016-06-10,1.149136,1.159444,1.132446,1.133919,400024000
2016-06-13,1.135146,1.170734,1.135146,1.148399,475588000
2016-06-14,1.1457,1.156008,1.132937,1.150609,298344000
2016-06-15,1.160181,1.172452,1.147418,1.162389,301036000
2016-06-16,1.153799,1.169016,1.142509,1.167052,246456000
2016-06-17,1.168525,1.168771,1.142018,1.146682,471000000
2016-06-20,1.165089,1.182269,1.164353,1.167298,293768000
2016-06-21,1.172207,1.175397,1.158462,1.16018,212508000
2016-06-22,1.162635,1.170243,1.157235,1.159199,202620000
2016-06-23,1.170243,1.191351,1.169507,1.190124,297880000
2016-06-24,1.141282,1.162389,1.111829,1.122383,1017684000
2016-06-27,1.113057,1.121647,1.093912,1.110357,449088000
2016-06-28,1.131464,1.132691,1.111093,1.126555,381920000
2016-06-29,1.136373,1.1538,1.133428,1.144964,318932000
2016-06-30,1.146927,1.160917,1.1376,1.153799,430940000
2016-07-01,1.147418,1.162389,1.141282,1.145209,218488000
2016-07-05,1.138827,1.164108,1.129746,1.162144,371084000
2016-07-06,1.154044,1.176379,1.148154,1.169507,273104000
2016-07-07,1.17736,1.204113,1.171961,1.199941,395400000
2016-07-08,1.212704,1.253937,1.20804,1.248047,481932000
2016-07-11,1.265964,1.286089,1.264491,1.276763,448776000
2016-07-12,1.290998,1.307688,1.274799,1.295907,436760000
2016-07-13,1.298361,1.305725,1.293453,1.295416,324604000
2016-07-14,1.302289,1.320451,1.291489,1.30867,316892000
2016-07-15,1.29198,1.299343,1.272345,1.293453,428616000
2016-07-18,1.309406,1.311369,1.295171,1.300079,252992000
2016-07-19,1.299343,1.318732,1.296888,1.313578,382652000
2016-07-20,1.317996,1.337877,1.312597,1.330759,296460000
2016-07-21,1.327814,1.331986,1.301798,1.306216,361308000
2016-07-22,1.310879,1.341804,1.301307,1.341804,315768000
2016-07-25,1.349903,1.369784,1.344013,1.366593,312528000
2016-07-26,1.378619,1.397027,1.376656,1.389909,514508000
2016-07-27,1.401935,1.40439,1.367574,1.375919,446676000
2016-07-28,1.37911,1.389173,1.374692,1.378865,221916000
2016-07-29,1.384019,1.405127,1.35923,1.401445,409588000
2016-08-01,1.407335,1.41249,1.383283,1.392364,301120000
2016-08-02,1.398991,1.399727,1.362175,1.375429,282748000
2016-08-03,1.373711,1.38181,1.366102,1.37911,299828000
2016-08-04,1.385737,1.411017,1.383037,1.404636,272712000
2016-08-05,1.420834,1.429179,1.413962,1.428443,371588000
2016-08-08,1.448078,1.451514,1.426479,1.441696,305064000
2016-08-09,1.448814,1.459368,1.441696,1.445378,372344000
2016-08-10,1.458141,1.460349,1.431388,1.436051,375740000
2016-08-11,1.44366,1.471394,1.440715,1.465258,681064000
2016-08-12,1.519254,1.555579,1.488084,1.547234,1425744000
2016-08-15,1.548952,1.558524,1.524899,1.545761,573304000
2016-08-16,1.543553,1.546007,1.531772,1.536435,287652000
2016-08-17,1.536435,1.539871,1.48882,1.500847,595212000
2016-08-18,1.498637,1.526617,1.492747,1.524163,331684000
2016-08-19,1.523427,1.539626,1.5168,1.528091,291560000
2016-08-22,1.532753,1.53668,1.514591,1.534471,244748000
2016-08-23,1.550085,1.55697,1.542463,1.546889,339764000
2016-08-24,1.552298,1.553036,1.515907,1.523037,298448000
2016-08-25,1.52353,1.524267,1.494023,1.512956,406032000
2016-08-26,1.516891,1.533857,1.504842,1.525251,300024000
2016-08-29,1.531398,1.537545,1.521808,1.524267,274652000
2016-08-30,1.5223,1.530414,1.511235,1.515415,285544000
2016-08-31,1.518366,1.522546,1.503859,1.508284,388544000
2016-09-01,1.509514,1.558446,1.508284,1.55279,428492000
2016-09-02,1.555987,1.557708,1.520087,1.537545,323148000
2016-09-06,1.542955,1.552053,1.535086,1.552053,306812000
2016-09-07,1.547135,1.554758,1.520334,1.529186,397988000
2016-09-08,1.52771,1.542709,1.510252,1.54025,315808000
2016-09-09,1.523284,1.53189,1.450746,1.463533,697760000
2016-09-12,1.444107,1.496727,1.409437,1.493777,598260000
2016-09-13,1.490089,1.507301,1.463779,1.472139,471768000
2016-09-14,1.475581,1.490089,1.463287,1.485171,319048000
2016-09-15,1.48763,1.543201,1.484187,1.54148,515212000
2016-09-16,1.546889,1.555249,1.527464,1.545168,902444000
2016-09-19,1.561396,1.604673,1.554266,1.565576,417128000
2016-09-20,1.583527,1.583527,1.542709,1.551315,331112000
2016-09-21,1.555987,1.597788,1.555741,1.594837,336212000
2016-09-22,1.604181,1.609099,1.589673,1.598771,308732000
2016-09-23,1.600739,1.605411,1.58992,1.597051,276132000
2016-09-26,1.578855,1.588444,1.562134,1.582051,230040000
2016-09-27,1.575904,1.638606,1.575166,1.636147,402752000
2016-09-28,1.638605,1.643277,1.621147,1.642048,319788000
2016-09-29,1.639343,1.662457,1.624098,1.657293,336684000
2016-09-30,1.666391,1.701307,1.656555,1.684832,429932000
2016-10-03,1.684833,1.709176,1.680161,1.683112,242596000
2016-10-04,1.68557,1.713848,1.666883,1.679423,281624000
2016-10-05,1.693685,1.710897,1.672538,1.677702,305440000
2016-10-06,1.657539,1.667867,1.629262,1.655818,360212000
2016-10-07,1.666883,1.671309,1.639098,1.64377,286260000
2016-10-10,1.652375,1.661227,1.634425,1.649916,287876000
2016-10-11,1.644507,1.646966,1.613525,1.626065,388540000
2016-10-12,1.619426,1.642048,1.605902,1.633442,419920000
2016-10-13,1.614263,1.617951,1.566314,1.606886,390116000
2016-10-14,1.626557,1.637622,1.613033,1.622623,330636000
2016-10-17,1.622377,1.637622,1.611066,1.613279,195328000
2016-10-18,1.635655,1.647212,1.629016,1.637868,269372000
2016-10-19,1.626803,1.642048,1.618443,1.634426,199060000
2016-10-20,1.653605,1.670817,1.630246,1.665408,312084000
2016-10-21,1.659506,1.663686,1.644999,1.660736,279508000
2016-10-24,1.672047,1.74065,1.671801,1.738683,339836000
2016-10-25,1.735732,1.777779,1.727372,1.767206,397460000
2016-10-26,1.752453,1.793762,1.750732,1.774337,333792000
2016-10-27,1.78786,1.791303,1.730814,1.737945,388664000
2016-10-28,1.746305,1.772861,1.731798,1.734995,290856000
2016-10-31,1.74065,1.761305,1.739666,1.749748,252388000
2016-11-01,1.756141,1.76573,1.679177,1.697865,473224000
2016-11-02,1.710897,1.734011,1.687783,1.690734,295848000
2016-11-03,1.698602,1.700078,1.638605,1.671063,309664000
2016-11-04,1.659998,1.689996,1.63713,1.661473,328780000
2016-11-07,1.71016,1.763518,1.70893,1.752452,487580000
2016-11-08,1.759092,1.764747,1.733519,1.749748,429884000
2016-11-09,1.702291,1.743354,1.68975,1.720241,456532000
2016-11-10,1.757862,1.758108,1.641556,1.666391,869280000
2016-11-11,1.955066,2.182759,1.930231,2.163088,2175344000
2016-11-14,2.166038,2.168497,2.056126,2.056617,1348796000
2016-11-15,2.072601,2.150302,2.063749,2.11932,626092000
2016-11-16,2.147596,2.27595,2.123253,2.253082,987984000
2016-11-17,2.269803,2.330784,2.228986,2.27177,832988000
2016-11-18,2.271771,2.319473,2.257264,2.295622,576060000
2016-11-21,2.313571,2.319964,2.272016,2.286278,436436000
2016-11-22,2.294146,2.304965,2.271524,2.302752,330368000
2016-11-23,2.307924,2.345601,2.28453,2.31408,443236000
2016-11-25,2.325163,2.341908,2.300291,2.31876,195564000
2016-11-28,2.311617,2.333042,2.304968,2.317528,278736000
2016-11-29,2.314819,2.325654,2.278619,2.296349,444568000
2016-11-30,2.304969,2.31876,2.268031,2.270494,440500000
2016-12-01,2.26803,2.269754,2.087523,2.158199,1035524000
2016-12-02,2.12397,2.186766,2.096143,2.178147,478292000
2016-12-05,2.21607,2.280589,2.19169,2.262613,602284000
2016-12-06,2.27074,2.308171,2.254979,2.299798,498796000
2016-12-07,2.286253,2.346833,2.26803,2.341169,480804000
2016-12-08,2.344123,2.379338,2.291424,2.302013,381544000
2016-12-09,2.319744,2.321467,2.2338,2.261134,382312000
2016-12-12,2.212622,2.215085,2.155737,2.206219,601332000
2016-12-13,2.218533,2.272709,2.217548,2.245128,387796000
2016-12-14,2.278865,2.391405,2.254978,2.375152,983980000
2016-12-15,2.386233,2.461096,2.378846,2.430806,746548000
2016-12-16,2.458387,2.479811,2.406673,2.47267,1089528000
2016-12-19,2.455186,2.522907,2.437948,2.502714,744656000
2016-12-20,2.575359,2.613529,2.564031,2.589888,848056000
2016-12-21,2.601463,2.609097,2.553935,2.606142,576136000
2016-12-22,2.630521,2.681004,2.62338,2.637663,718612000
2016-12-23,2.619686,2.704891,2.616977,2.703413,647692000
2016-12-27,2.75956,2.890076,2.738874,2.889091,1194272000
2016-12-28,2.945238,2.953364,2.676571,2.690361,2295764000
2016-12-29,2.583239,2.745523,2.531525,2.744045,2175368000
2016-12-30,2.742075,2.756111,2.617715,2.62855,1212932000
2017-01-03,2.570927,2.61944,2.447306,2.512072,1501996000
2017-01-04,2.546301,2.598015,2.50025,2.57068,1199220000
2017-01-05,2.574129,2.605896,2.488431,2.505423,984296000
2017-01-06,2.532757,2.567233,2.492124,2.538913,822856000
2017-01-09,2.548763,2.659579,2.548763,2.641848,916248000
2017-01-10,2.6549,2.688884,2.601216,2.621902,880920000
2017-01-11,2.610328,2.615253,2.564771,2.589643,525664000
2017-01-12,2.56674,2.578314,2.502467,2.547286,625616000
2017-01-13,2.551226,2.585702,2.537928,2.54704,457820000
2017-01-17,2.536451,2.541376,2.47661,2.489908,580612000
2017-01-18,2.468483,2.542114,2.440656,2.535219,654424000
2017-01-19,2.538175,2.621656,2.535959,2.589643,644872000
2017-01-20,2.612299,2.63003,2.539407,2.561324,492024000
2017-01-23,2.556152,2.607866,2.553689,2.587919,369904000
2017-01-24,2.598015,2.649236,2.583239,2.64308,428052000
2017-01-25,2.685437,2.691593,2.618455,2.654408,522760000
2017-01-26,2.657117,2.707599,2.627566,2.700212,458800000
2017-01-27,2.707107,2.755373,2.680511,2.752418,471996000
2017-01-30,2.731487,2.733703,2.657364,2.709324,496004000
2017-01-31,2.682974,2.710062,2.664505,2.688638,362756000
2017-02-01,2.723114,2.810289,2.705383,2.806103,590004000
2017-02-02,2.790096,2.850183,2.75956,2.841563,483240000
2017-02-03,2.843041,2.854123,2.804871,2.816691,372744000
2017-02-06,2.807334,2.889338,2.807334,2.888845,506768000
2017-02-07,2.923074,2.977743,2.903373,2.933663,746224000
2017-02-08,2.915687,2.938096,2.865942,2.920858,449580000
2017-02-09,2.927015,2.93194,2.846735,2.865943,842568000
2017-02-10,2.953364,2.972326,2.772857,2.797976,1651092000
2017-02-13,2.792313,2.806842,2.664505,2.668938,1180724000
2017-02-14,2.659333,2.712525,2.61747,2.678788,850632000
2017-02-15,2.681743,2.703906,2.653669,2.684205,373020000
2017-02-16,2.693809,2.695041,2.601955,2.64111,647176000
2017-02-17,2.627566,2.645051,2.580531,2.640618,563740000
2017-02-21,2.665243,2.73912,2.664997,2.73518,551952000
2017-02-22,2.747262,2.756632,2.712003,2.730989,433772000
2017-02-23,2.601295,2.62324,2.457793,2.477765,1592888000
2017-02-24,2.393437,2.514995,2.359657,2.501681,1029904000
2017-02-27,2.519927,2.589459,2.504146,2.574418,715400000
2017-02-28,2.584033,2.593896,2.484913,2.502173,625360000
2017-03-01,2.55913,2.573431,2.49305,2.534474,504804000
2017-03-02,2.521652,2.535707,2.438312,2.441024,754332000
2017-03-03,2.430422,2.435353,2.372479,2.42697,864692000
2017-03-06,2.390726,2.418834,2.34659,2.408232,883568000
2017-03-07,2.408232,2.454093,2.39541,2.434614,603400000
2017-03-08,2.48294,2.497735,2.427956,2.430175,638712000
2017-03-09,2.414149,2.45212,2.401574,2.429683,478060000
2017-03-10,2.456066,2.467901,2.425738,2.443984,499740000
2017-03-13,2.454341,2.521161,2.453601,2.511298,774136000
2017-03-14,2.524118,2.533488,2.47727,2.509571,522016000
2017-03-15,2.521159,2.539405,2.473572,2.528556,615036000
2017-03-16,2.539158,2.560117,2.525104,2.559623,523100000
2017-03-17,2.57713,2.616581,2.559624,2.615348,1119688000
2017-03-20,2.632854,2.702633,2.616827,2.698688,748568000
2017-03-21,2.681429,2.711263,2.603513,2.611403,913484000
2017-03-22,2.600307,2.669346,2.596362,2.664662,616764000
2017-03-23,2.656772,2.676744,2.630882,2.640498,533940000
2017-03-24,2.686854,2.694744,2.623979,2.649868,439500000
2017-03-27,2.603267,2.673045,2.553953,2.6691,506644000
2017-03-28,2.670334,2.684881,2.644937,2.655293,432444000
2017-03-29,2.66269,2.675018,2.644444,2.646663,349992000
2017-03-30,2.653813,2.712249,2.648142,2.697455,525532000
2017-03-31,2.687839,2.709537,2.672799,2.685867,440808000
2017-04-03,2.686361,2.70362,2.648636,2.672306,445232000
2017-04-04,2.549514,2.574664,2.474065,2.484914,1271280000
2017-04-05,2.466175,2.524118,2.453353,2.466421,747048000
2017-04-06,2.471599,2.496503,2.426477,2.484421,635120000
2017-04-07,2.490832,2.508338,2.458778,2.473818,429068000
2017-04-10,2.474558,2.481215,2.406505,2.410697,756332000
2017-04-11,2.380616,2.43856,2.375685,2.419327,618148000
2017-04-12,2.419327,2.433627,2.394177,2.399354,414092000
2017-04-13,2.375191,2.396889,2.354479,2.354479,506892000
2017-04-17,2.367301,2.446942,2.362123,2.446696,497292000
2017-04-18,2.432395,2.45434,2.406505,2.448175,370116000
2017-04-19,2.465682,2.489845,2.451134,2.457792,380828000
2017-04-20,2.472339,2.501434,2.451134,2.496749,404016000
2017-04-21,2.486394,2.509818,2.474559,2.507106,341896000
2017-04-24,2.538665,2.551487,2.517707,2.538419,371820000
2017-04-25,2.552967,2.597103,2.531515,2.582555,388440000
2017-04-26,2.596116,2.598582,2.562829,2.564802,327004000
2017-04-27,2.572199,2.613129,2.5542,2.604746,319700000
2017-04-28,2.597842,2.604745,2.566034,2.571705,348248000
2017-05-01,2.582555,2.634581,2.575404,2.629402,307732000
2017-05-02,2.602526,2.603759,2.528802,2.551486,629972000
2017-05-03,2.544583,2.580089,2.529789,2.570473,336904000
2017-05-04,2.576637,2.587732,2.55272,2.56061,209788000
2017-05-05,2.549021,2.568007,2.533487,2.560856,228428000
2017-05-08,2.572692,2.574171,2.522639,2.533981,365240000
2017-05-09,2.539651,2.587239,2.531268,2.538172,847672000
2017-05-10,2.818027,3.003693,2.81137,2.990624,2129096000
2017-05-11,2.960051,3.215988,2.956599,3.119087,1939792000
2017-05-12,3.122292,3.195523,3.101334,3.15336,962620000
2017-05-15,3.194537,3.314122,3.190099,3.311657,1087540000
2017-05-16,3.362696,3.388833,3.288233,3.373299,1120700000
2017-05-17,3.306479,3.325218,3.144977,3.149168,1271368000
2017-05-18,3.193057,3.289959,3.132648,3.281082,1156032000
2017-05-19,3.382281,3.411653,3.337605,3.356858,1018372000
2017-05-22,3.400547,3.442755,3.389687,3.428439,836608000
2017-05-23,3.448184,3.450406,3.3497,3.382281,681248000
2017-05-24,3.479286,3.482001,3.408199,3.420294,815996000
2017-05-25,3.455589,3.45633,3.367719,3.412641,608228000
2017-05-26,3.404496,3.585915,3.384256,3.501006,779140000
2017-05-30,3.546916,3.610844,3.530872,3.575795,989652000
2017-05-31,3.620717,3.628369,3.506189,3.56296,887316000
2017-06-01,3.578756,3.579744,3.51779,3.563206,503340000
2017-06-02,3.560244,3.586408,3.539511,3.545435,487456000
2017-06-05,3.529145,3.666134,3.517544,3.653299,817376000
2017-06-06,3.648608,3.694765,3.623432,3.636761,758728000
2017-06-07,3.661197,3.699455,3.645647,3.680696,612612000
2017-06-08,3.78782,3.949245,3.7466,3.947764,1161744000
2017-06-09,4.066242,4.159049,3.523467,3.692544,3692928000
2017-06-12,3.600725,3.744379,3.507671,3.701678,1697532000
2017-06-13,3.811022,3.820154,3.595047,3.736974,1672504000
2017-06-14,3.739936,3.80263,3.665394,3.744872,1184640000
2017-06-15,3.627381,3.791275,3.616027,3.760915,963824000
2017-06-16,3.770542,3.818426,3.708341,3.742403,924960000
2017-06-19,3.786585,3.888278,3.782883,3.883095,778176000
2017-06-20,3.925303,3.992193,3.873222,3.877418,1095444000
2017-06-21,3.905063,3.939866,3.843109,3.936163,682652000
2017-06-22,3.944309,3.957638,3.88507,3.909012,469132000
2017-06-23,3.916665,3.932462,3.781897,3.796953,1088588000
2017-06-26,3.82978,3.865323,3.661196,3.755485,1063960000
2017-06-27,3.73796,3.746599,3.612325,3.618002,999492000
2017-06-28,3.685633,3.750302,3.597516,3.745612,994948000
2017-06-29,3.717227,3.720189,3.556295,3.62047,1064424000
2017-06-30,3.637748,3.651324,3.541979,3.568143,731060000
2017-07-03,3.580238,3.595047,3.42054,3.439052,709072000
2017-07-05,3.502487,3.559751,3.483481,3.530872,820188000
2017-07-06,3.501746,3.588382,3.449665,3.541485,746284000
2017-07-07,3.598257,3.640711,3.575302,3.622446,654972000
2017-07-10,3.696,3.801149,3.669836,3.793744,958492000
2017-07-11,3.797446,3.855204,3.755485,3.847552,757956000
2017-07-12,3.907285,4.023294,3.864337,4.011199,1145208000
2017-07-13,4.023293,4.104747,3.918392,3.964795,1369132000
2017-07-14,3.981086,4.072906,3.974175,4.071425,941948000
2017-07-17,4.105487,4.134366,3.99244,4.054147,930792000
2017-07-18,3.99318,4.110917,3.981332,4.096354,776640000
2017-07-19,4.105487,4.131898,4.063033,4.075128,687044000
2017-07-20,4.095613,4.134612,4.045754,4.134365,699596000
2017-07-21,4.11388,4.178796,4.099564,4.149176,648332000
2017-07-24,4.156333,4.16596,4.09043,4.101044,652524000
2017-07-25,4.078089,4.095615,4.03761,4.081298,496556000
2017-07-26,4.138808,4.194344,4.093638,4.128441,640404000
2017-07-27,4.153372,4.164973,3.88902,3.992194,782856000
2017-07-28,3.956402,4.082038,3.931473,4.057601,513348000
2017-07-31,4.071178,4.107215,3.964549,4.011199,559672000
2017-08-01,4.00182,4.061799,3.973928,4.060071,431384000
2017-08-02,4.09117,4.095119,3.980592,4.057601,478444000
2017-08-03,4.05711,4.112893,4.040078,4.10919,442420000
2017-08-04,4.131898,4.197801,4.10919,4.127209,589096000
2017-08-07,4.156333,4.25457,4.146706,4.254076,717412000
2017-08-08,4.292088,4.308626,4.164232,4.203477,755336000
2017-08-09,4.157322,4.250622,4.138563,4.248154,530784000
2017-08-10,4.249387,4.261729,4.056121,4.066241,1328088000
2017-08-11,3.878652,3.924562,3.774244,3.849527,1497196000
2017-08-14,3.941101,4.160284,3.9295,4.156582,1279020000
2017-08-15,4.161764,4.187927,4.087222,4.121531,764532000
2017-08-16,4.136586,4.160035,4.044026,4.07636,596632000
2017-08-17,4.06797,4.085001,3.983308,3.985529,525444000
2017-08-18,4.039831,4.056862,3.940359,3.986269,601204000
2017-08-21,4.010705,4.022059,3.884329,3.928265,623672000
2017-08-22,3.964826,4.021647,3.945557,4.015718,450456000
2017-08-23,3.982367,4.107124,3.97372,4.096007,579520000
2017-08-24,4.128124,4.132572,4.054505,4.080939,469700000
2017-08-25,4.105149,4.115278,4.040423,4.046846,357200000
2017-08-28,4.065869,4.078716,4.010284,4.075504,389496000
2017-08-29,4.016706,4.090572,4.008553,4.068832,324096000
2017-08-30,4.088597,4.104161,4.058211,4.093044,384400000
2017-08-31,4.113301,4.189885,4.10589,4.185933,612684000
2017-09-01,4.198532,4.246705,4.189885,4.211131,445432000
2017-09-05,4.159747,4.164688,4.040671,4.098727,695364000
2017-09-06,4.131583,4.145418,4.061422,4.096255,397672000
2017-09-07,4.113054,4.14764,4.075009,4.115278,352868000
2017-09-08,4.103666,4.118488,4.01967,4.04388,498856000
2017-09-11,4.089585,4.185685,4.08415,4.175062,567444000
2017-09-12,4.199768,4.199768,4.124913,4.190133,411488000
2017-09-13,4.164934,4.237812,4.132571,4.208908,580960000
2017-09-14,4.169877,4.263013,4.145419,4.184947,513712000
2017-09-15,4.270423,4.449531,4.265235,4.449531,1364792000
2017-09-18,4.573793,4.723503,4.566876,4.633331,1684460000
2017-09-19,4.582934,4.690152,4.560947,4.628391,874280000
2017-09-20,4.632098,4.67953,4.55082,4.591088,724920000
2017-09-21,4.487328,4.513515,4.387769,4.465589,1075600000
2017-09-22,4.454224,4.50388,4.412227,4.422108,491232000
2017-09-25,4.391227,4.392462,4.20372,4.224472,874580000
2017-09-26,4.359111,4.414202,4.208413,4.248188,1125620000
2017-09-27,4.338606,4.354665,4.267704,4.341324,713720000
2017-09-28,4.348488,4.352441,4.292656,4.340089,435244000
2017-09-29,4.424084,4.440142,4.378875,4.416426,619092000
2017-10-02,4.466576,4.495728,4.372699,4.422108,503480000
2017-10-03,4.428284,4.461141,4.387027,4.431249,390332000
2017-10-04,4.437425,4.49054,4.400862,4.468306,427848000
2017-10-05,4.492764,4.496222,4.435943,4.465836,437364000
2017-10-06,4.438166,4.492269,4.422108,4.478928,318800000
2017-10-09,4.515739,4.613075,4.496964,4.579971,563492000
2017-10-10,4.729185,4.766736,4.626168,4.667424,974876000
2017-10-11,4.683976,4.718563,4.638026,4.717081,529508000
2017-10-12,4.720539,4.770195,4.692128,4.719304,528292000
2017-10-13,4.781559,4.81738,4.73462,4.807251,628728000
2017-10-16,4.837144,4.892729,4.7739,4.889764,576640000
2017-10-17,4.869014,4.913729,4.850733,4.885319,478596000
2017-10-18,4.894211,4.894952,4.775876,4.881117,567316000
2017-10-19,4.803546,4.891493,4.754384,4.886553,570772000
2017-10-20,4.903597,4.930772,4.855423,4.864317,451620000
2017-10-23,4.886059,4.912493,4.837144,4.857402,428696000
2017-10-24,4.866542,4.910022,4.840602,4.908292,407244000
2017-10-25,4.868766,4.921634,4.722763,4.784276,828160000
2017-10-26,4.811946,4.846038,4.787982,4.834427,322744000
2017-10-27,4.886553,4.987101,4.860613,4.986854,572192000
2017-10-30,4.986854,5.091354,4.971043,5.035769,504056000
2017-10-31,5.067637,5.135821,5.061955,5.10914,411908000
2017-11-01,5.17189,5.187206,5.054543,5.118775,502576000
2017-11-02,5.08913,5.133845,5.031075,5.087648,342308000
2017-11-03,5.118776,5.155586,5.072826,5.155586,353640000
2017-11-06,5.118775,5.187454,5.106423,5.178807,389944000
2017-11-07,5.201535,5.259591,5.18943,5.238098,427700000
2017-11-08,5.233651,5.237357,5.119764,5.167196,522988000
2017-11-09,5.071096,5.097282,4.950044,5.072331,978564000
2017-11-10,5.264039,5.402137,5.228217,5.339634,1253256000
2017-11-13,5.339634,5.36508,5.237605,5.252922,582376000
2017-11-14,5.262061,5.306529,5.218334,5.291212,529292000
2017-11-15,5.236122,5.237357,5.133598,5.187454,501948000
2017-11-16,5.261568,5.291708,5.218829,5.227723,441768000
2017-11-17,5.284789,5.320117,5.206476,5.221546,515664000
2017-11-20,5.23711,5.300848,5.2003,5.288743,396100000
2017-11-21,5.328516,5.34902,5.296647,5.337409,399176000
2017-11-22,5.364604,5.364604,5.280798,5.31343,356640000
2017-11-24,5.329746,5.364604,5.305271,5.363615,180752000
2017-11-27,5.372268,5.373504,5.290686,5.2939,422896000
2017-11-28,5.299092,5.308486,5.148042,5.209105,512752000
2017-11-29,5.191799,5.194518,4.727526,4.855832,1396788000
2017-11-30,4.924557,5.010589,4.861517,4.961887,823768000
2017-12-01,4.927277,4.947549,4.758181,4.886981,811548000
2017-12-04,4.945571,4.951752,4.561149,4.614548,1240844000
2017-12-05,4.509233,4.763867,4.46424,4.641247,981488000
2017-12-06,4.590816,4.70058,4.569555,4.678825,467032000
2017-12-07,4.745573,4.786117,4.700085,4.746315,542600000
2017-12-08,4.796253,4.815289,4.725549,4.733955,466876000
2017-12-11,4.748047,4.81529,4.732225,4.812323,372748000
2017-12-12,4.768812,4.79205,4.694399,4.717885,455016000
2017-12-13,4.758924,4.76016,4.595266,4.602683,554280000
2017-12-14,4.596254,4.680803,4.563622,4.609851,438164000
2017-12-15,4.653855,4.755955,4.588837,4.735683,670036000
2017-12-18,4.776228,4.895386,4.746562,4.89242,477704000
2017-12-19,4.883027,4.888218,4.819739,4.848169,373100000
2017-12-20,4.887475,4.896622,4.809601,4.865225,288820000
2017-12-21,4.868686,4.893655,4.834323,4.842729,300904000
2017-12-22,4.805896,4.836798,4.728022,4.827404,466276000
2017-12-26,4.772024,4.888711,4.742111,4.881047,355080000
2017-12-27,4.867699,4.943594,4.853113,4.874373,329488000
2017-12-28,4.898105,4.929007,4.873878,4.880058,240248000
2017-12-29,4.906264,4.906264,4.783645,4.783645,279964000
2018-01-02,4.84001,4.931975,4.808367,4.928267,355616000
2018-01-03,5.045695,5.283023,5.037042,5.252615,914704000
2018-01-04,5.33395,5.390563,5.258054,5.280304,583268000
2018-01-05,5.295136,5.362379,5.218251,5.325049,580124000
2018-01-08,5.448657,5.562377,5.403664,5.488212,881216000
2018-01-09,5.493652,5.533207,5.405149,5.48673,497000000
2018-01-10,5.394269,5.533205,5.339881,5.529744,582664000
2018-01-11,5.562376,5.593773,5.518124,5.539632,406032000
2018-01-12,5.527766,5.562129,5.471895,5.512439,359916000
2018-01-16,5.538891,5.624428,5.356939,5.441487,702348000
2018-01-17,5.456074,5.565344,5.362132,5.555455,538408000
2018-01-18,5.536173,5.602921,5.505024,5.548534,408632000
2018-01-19,5.638768,5.712933,5.611822,5.688706,609380000
2018-01-22,5.696615,5.778938,5.639013,5.777207,550944000
2018-01-23,5.830607,5.929,5.812066,5.906256,475228000
2018-01-24,5.909471,5.945317,5.773749,5.829372,579972000
2018-01-25,5.88376,5.927023,5.828137,5.842969,409884000
2018-01-26,5.886725,6.015772,5.87387,6.015525,516356000
2018-01-29,6.000939,6.133694,5.948282,6.102545,455116000
2018-01-30,5.960644,6.091916,5.893895,6.000445,570832000
2018-01-31,6.075846,6.162372,6.043214,6.076588,478576000
2018-02-01,5.896615,6.103783,5.885243,5.945564,519224000
2018-02-02,5.859038,5.883018,5.71491,5.773006,718464000
2018-02-05,5.611821,5.765837,5.067944,5.283022,1165204000
2018-02-06,5.053112,5.579684,5.043223,5.576717,1114800000
2018-02-07,5.675603,5.808853,5.604405,5.65632,802932000
2018-02-08,5.781906,5.815033,5.377212,5.37746,1144000000
2018-02-09,5.88994,5.905762,5.37746,5.737407,1674604000
2018-02-12,5.818493,5.82146,5.563118,5.637283,1093172000
2018-02-13,5.600942,5.797232,5.568557,5.751003,625524000
2018-02-14,5.710708,5.997232,5.699583,5.968307,744988000
2018-02-15,6.051619,6.140123,5.970779,6.093893,698900000
2018-02-16,6.0667,6.180419,6.018987,6.028134,637656000
2018-02-20,6.050632,6.226651,6.046924,6.157677,686240000
2018-02-21,6.2222,6.229122,5.966825,5.970533,892292000
2018-02-22,6.004423,6.07616,5.924523,5.990076,534364000
2018-02-23,6.049938,6.08358,5.999227,6.08358,415300000
2018-02-26,6.129839,6.134292,6.037322,6.09966,469312000
2018-02-27,6.072943,6.157297,6.063791,6.086796,455436000
2018-02-28,6.097681,6.13726,5.974738,5.986364,523116000
2018-03-01,5.984137,6.038064,5.643013,5.744188,1040120000
2018-03-02,5.636581,5.857731,5.487912,5.851299,913428000
2018-03-05,5.801083,5.868863,5.677645,5.829284,620776000
2018-03-06,5.914626,6.009617,5.871584,5.990322,636808000
2018-03-07,5.887416,6.034602,5.88618,5.982407,581208000
2018-03-08,6.009864,6.009864,5.9218,5.966079,411912000
2018-03-09,6.013575,6.081602,5.997497,6.068739,505524000
2018-03-12,6.110049,6.258471,6.101886,6.178323,605060000
2018-03-13,6.221118,6.295577,6.086301,6.127612,619772000
2018-03-14,6.170655,6.197866,6.090754,6.153092,505496000
2018-03-15,6.166698,6.249072,6.125881,6.167934,401952000
2018-03-16,6.184261,6.215182,6.14666,6.196135,399456000
2018-03-19,6.13924,6.168182,5.862679,5.961627,713772000
2018-03-20,5.964596,6.212709,5.964596,6.173872,554696000
2018-03-21,6.167439,6.233735,6.118212,6.148639,438688000
2018-03-22,6.085312,6.131817,5.9453,5.982653,551196000
2018-03-23,5.996259,5.998733,5.751857,5.762989,735620000
2018-03-26,5.887417,6.04895,5.835469,6.047713,611424000
2018-03-27,6.128601,6.184259,5.438438,5.578697,1409000000
2018-03-28,5.544313,5.67443,5.367938,5.475544,945904000
2018-03-29,5.543818,5.825573,5.459465,5.728852,916628000
2018-04-02,5.65835,5.804546,5.380306,5.468122,922092000
2018-04-03,5.635099,5.698178,5.475545,5.574493,667432000
2018-04-04,5.318711,5.606898,5.293727,5.596509,789168000
2018-04-05,5.654887,5.667998,5.404796,5.476286,701240000
2018-04-06,5.373626,5.481727,5.27072,5.29991,662988000
2018-04-09,5.362991,5.490882,5.308569,5.328607,499524000
2018-04-10,5.558908,5.664782,5.501765,5.637819,761676000
2018-04-11,5.622977,5.664288,5.563856,5.596509,460244000
2018-04-12,5.689519,5.82112,5.645239,5.803309,593920000
2018-04-13,5.866884,5.875295,5.678388,5.726625,503036000
2018-04-16,5.733305,5.759774,5.63213,5.726378,350792000
2018-04-17,5.778573,5.897311,5.722915,5.876037,447224000
2018-04-18,5.825573,5.918337,5.758041,5.847094,391364000
2018-04-19,5.732808,5.766203,5.61036,5.665771,471996000
2018-04-20,5.657114,5.741467,5.62644,5.657609,386200000
2018-04-23,5.675418,5.726623,5.512153,5.538127,427508000
2018-04-24,5.563855,5.659834,5.406527,5.471833,414596000
2018-04-25,5.442148,5.481233,5.202199,5.359527,588492000
2018-04-26,5.521308,5.57944,5.45526,5.571277,375824000
2018-04-27,5.677152,5.696941,5.556435,5.598735,400848000
2018-04-30,5.615061,5.664782,5.544066,5.56336,327844000
2018-05-01,5.555198,5.621494,5.496571,5.618773,253788000
2018-05-02,5.615309,5.659836,5.572019,5.598241,268248000
2018-05-03,5.63015,5.789704,5.584881,5.763483,443144000
2018-05-04,5.734788,5.916853,5.717473,5.913637,400660000
2018-05-07,6.018275,6.208751,6.00838,6.151608,687616000
2018-05-08,6.151854,6.196875,6.102874,6.194154,506616000
2018-05-09,6.214192,6.329467,6.186981,6.32724,596760000
2018-05-10,6.380179,6.444,6.362368,6.434848,994080000
2018-05-11,6.253031,6.426438,6.19762,6.29632,1214456000
2018-05-14,6.334415,6.394279,6.293104,6.316852,523140000
2018-05-15,6.253278,6.256,5.973997,6.07443,963528000
2018-05-16,6.035838,6.147649,5.99898,6.085559,553828000
2018-05-17,6.087291,6.221365,6.071212,6.127612,519784000
2018-05-18,6.179557,6.242884,6.078877,6.083825,483716000
2018-05-21,6.181291,6.185002,5.94901,6.041774,640624000
2018-05-22,6.055133,6.080365,5.943074,6.00368,518264000
2018-05-23,5.947492,6.128432,5.946749,6.127194,442956000
2018-05-24,6.123481,6.173233,6.070264,6.130907,437372000
2018-05-25,6.143531,6.1866,6.107888,6.170263,292112000
2018-05-29,6.152194,6.221253,6.106402,6.153184,352684000
2018-05-30,6.186847,6.270757,6.162095,6.262094,390996000
2018-05-31,6.230162,6.316796,6.219519,6.242291,493868000
2018-06-01,6.287093,6.382885,6.27843,6.376697,421968000
2018-06-04,6.410856,6.577687,6.378678,6.555657,642024000
2018-06-05,6.558874,6.598726,6.514073,6.561102,391712000
2018-06-06,6.471003,6.566299,6.454666,6.563081,371356000
2018-06-07,6.55937,6.571251,6.417044,6.50739,369448000
2018-06-08,6.434618,6.534618,6.415807,6.492044,360456000
2018-06-11,6.47942,6.521003,6.438083,6.450954,265372000
2018-06-12,6.47744,6.511598,6.427193,6.49947,319160000
2018-06-13,6.500954,6.575954,6.485855,6.495014,338208000
2018-06-14,6.540062,6.663329,6.525211,6.606646,430016000
2018-06-15,6.549469,6.620756,6.518528,6.565805,432260000
2018-06-18,6.521745,6.579171,6.494518,6.561597,356268000
2018-06-19,6.458378,6.525705,6.31234,6.439814,594932000
2018-06-20,6.480905,6.545756,6.442538,6.492786,369780000
2018-06-21,6.524717,6.543034,6.356401,6.364074,359516000
2018-06-22,6.384866,6.398233,6.196254,6.2116,434160000
2018-06-25,6.105164,6.108877,5.830166,5.918779,665816000
2018-06-26,6.032145,6.080412,5.938333,5.989818,478884000
2018-06-27,6.033383,6.099719,5.829176,5.834621,453892000
2018-06-28,5.824719,5.973729,5.817046,5.961847,338012000
2018-06-29,6.026948,6.039571,5.862592,5.86383,392300000
2018-07-02,5.794275,5.999719,5.77373,5.996006,357572000
2018-07-03,6.030661,6.036602,5.853929,5.862345,222732000
2018-07-05,5.917541,6.013085,5.87868,6.008135,306216000
2018-07-06,5.983631,6.130412,5.962344,6.121996,296352000
2018-07-09,6.196253,6.205907,6.090808,6.16952,303880000
2018-07-10,6.181896,6.290559,6.14155,6.268529,360016000
2018-07-11,6.175709,6.210362,6.116303,6.126947,367508000
2018-07-12,6.172243,6.266549,6.162342,6.218529,345508000
2018-07-13,6.237094,6.237094,6.129173,6.171252,246988000
2018-07-16,6.14353,6.196501,6.131154,6.14353,197036000
2018-07-17,6.094274,6.29452,6.068778,6.279421,362136000
2018-07-18,6.271995,6.285856,6.179173,6.230163,277640000
2018-07-19,6.211352,6.271995,6.196253,6.238332,235752000
2018-07-20,6.235857,6.274718,6.199223,6.210114,222352000
2018-07-23,6.183629,6.185362,6.021748,6.173481,301584000
2018-07-24,6.221501,6.308134,6.13858,6.156155,354620000
2018-07-25,6.165558,6.246993,6.107637,6.234369,319112000
2018-07-26,6.214323,6.344768,6.197491,6.307887,325124000
2018-07-27,6.344519,6.35145,6.184124,6.238084,295420000
2018-07-30,6.252194,6.258135,6.007888,6.042789,340340000
2018-07-31,6.032393,6.13561,5.993532,6.060858,283988000
2018-08-01,6.092292,6.14749,6.036847,6.100708,283556000
2018-08-02,6.029422,6.207392,5.970512,6.203432,269668000
2018-08-03,6.227937,6.263828,6.211105,6.240065,214288000
2018-08-06,6.227441,6.291301,6.180906,6.287836,207508000
2018-08-07,6.336599,6.378678,6.309867,6.360114,258132000
2018-08-08,6.36135,6.441548,6.326449,6.396498,262100000
2018-08-09,6.41432,6.417043,6.340311,6.347984,204280000
2018-08-10,6.266055,6.339075,6.254917,6.306649,256396000
2018-08-13,6.315311,6.46036,6.313578,6.339568,375208000
2018-08-14,6.445015,6.485114,6.361847,6.471004,466220000
2018-08-15,6.491795,6.525706,6.334123,6.412836,591136000
2018-08-16,6.482638,6.485113,6.312094,6.372242,801260000
2018-08-17,6.260856,6.261599,6.032887,6.059867,1143188000
2018-08-20,6.019274,6.267292,5.908878,6.13462,854388000
2018-08-21,6.150956,6.274718,6.131155,6.270263,673988000
2018-08-22,6.237591,6.510361,6.234125,6.505411,749856000
2018-08-23,6.466795,6.670259,6.452934,6.604913,720684000
2018-08-24,6.61333,6.752685,6.608874,6.738081,531512000
2018-08-27,6.767785,6.903428,6.736349,6.829171,505776000
2018-08-28,6.82323,6.846002,6.671498,6.791547,475384000
2018-08-29,6.78387,6.922063,6.763066,6.89705,420108000
2018-08-30,6.865845,6.977044,6.843308,6.880209,346608000
2018-08-31,6.86015,6.964166,6.850243,6.951288,306592000
2018-09-04,6.93816,7.063723,6.90968,7.02608,391720000
2018-09-05,7.008495,7.043911,6.814331,6.895315,393156000
2018-09-06,6.87897,6.881447,6.721212,6.75415,322796000
2018-09-07,6.662021,6.858414,6.617195,6.732852,295420000
2018-09-10,6.755388,6.833648,6.711552,6.803929,220140000
2018-09-11,6.757617,6.845288,6.736814,6.756132,243112000
2018-09-12,6.716258,6.735823,6.486678,6.642208,419092000
2018-09-13,6.708087,6.810617,6.690751,6.719975,305536000
2018-09-14,6.810369,6.912156,6.773467,6.846031,386936000
2018-09-17,6.820522,6.869559,6.764799,6.784116,205528000
2018-09-18,6.788081,6.890859,6.705363,6.712049,299520000
2018-09-19,6.693476,6.753657,6.643449,6.735825,224860000
2018-09-20,6.613727,6.656076,6.540667,6.594657,430584000
2018-09-21,6.606545,6.652115,6.491384,6.52457,435128000
2018-09-24,6.493614,6.583762,6.406438,6.580295,293912000
2018-09-25,6.646418,6.672422,6.560728,6.647408,280388000
2018-09-26,6.652362,6.69273,6.594658,6.610507,268548000
2018-09-27,6.645676,6.666975,6.590944,6.622396,214428000
2018-09-28,6.754399,6.981998,6.726414,6.959708,709396000
2018-10-01,7.037472,7.233122,6.998837,7.166255,622060000
2018-10-02,7.138765,7.250459,7.07264,7.09493,383964000
2018-10-03,7.165264,7.172694,6.997104,7.101121,320552000
2018-10-04,7.064963,7.089233,6.839841,6.916863,391220000
2018-10-05,6.892096,6.954258,6.625863,6.68332,426636000
2018-10-08,6.600105,6.715514,6.441108,6.582026,408612000
2018-10-09,6.561472,6.656077,6.508473,6.576332,273500000
2018-10-10,6.470332,6.516149,6.082498,6.084727,684940000
2018-10-11,5.997552,6.13104,5.801654,5.8232,725436000
2018-10-12,6.080271,6.180077,5.935142,6.105779,608236000
2018-10-15,6.092407,6.092407,5.828402,5.829393,449760000
2018-10-16,5.942078,6.099341,5.892794,6.088196,408712000
2018-10-17,6.150358,6.188498,5.970558,6.019594,329668000
2018-10-18,6.088939,6.127326,5.871742,5.93217,524020000
2018-10-19,5.987399,6.006964,5.639191,5.675596,613608000
2018-10-22,5.727852,5.827906,5.623588,5.726366,368844000
2018-10-23,5.459142,5.552262,5.367013,5.474745,626436000
2018-10-24,5.436358,5.482917,4.924695,4.938563,884288000
2018-10-25,4.840987,5.194644,4.796656,5.147341,951720000
2018-10-26,4.911321,5.073042,4.782786,4.910826,664784000
2018-10-29,5.051992,5.055459,4.359043,4.597043,758016000
2018-10-30,4.620074,5.037379,4.597042,5.027472,807192000
2018-10-31,5.192167,5.264978,5.052487,5.22139,745772000
2018-11-01,5.257795,5.411096,5.131242,5.401685,566528000
2018-11-02,5.392276,5.498026,5.206036,5.322684,452960000
2018-11-05,5.309557,5.332837,5.08394,5.24467,379332000
2018-11-06,5.236745,5.320949,5.189937,5.227087,299012000
2018-11-07,5.293705,5.384348,5.230057,5.294695,483812000
2018-11-08,5.235507,5.23625,5.048029,5.101524,511352000
2018-11-09,5.012614,5.183993,4.978932,5.093598,413240000
2018-11-12,5.002212,5.024253,4.67233,4.694124,617116000
2018-11-13,4.79195,5.05744,4.785759,4.936088,644712000
2018-11-14,5.109201,5.123565,4.775605,4.883584,526580000
2018-11-15,4.877641,5.084436,4.84173,5.012367,840708000
2018-11-16,4.044764,4.226545,4.002414,4.072254,1963520000
2018-11-19,4.006872,4.007615,3.581889,3.583623,1697820000
2018-11-20,3.320114,3.820384,3.301539,3.692097,1692032000
2018-11-21,3.8293,3.846141,3.556628,3.58387,1025496000
2018-11-23,3.549198,3.704728,3.53632,3.591052,411968000
2018-11-26,3.712158,3.80082,3.629687,3.790418,814832000
2018-11-27,3.764414,3.888491,3.728504,3.807259,738060000
2018-11-28,3.924897,3.969475,3.792399,3.964274,804524000
2018-11-29,3.966505,4.003691,3.870813,3.901058,549172000
2018-11-30,3.910726,4.062197,3.860401,4.051538,729564000
2018-12-03,4.278869,4.330434,4.14847,4.215405,890804000
2018-12-04,4.17078,4.175738,3.879738,3.89486,812112000
2018-12-06,3.754297,3.929071,3.738679,3.924113,692308000
2018-12-07,3.928328,3.938492,3.610016,3.659349,681676000
2018-12-10,3.614478,3.7895,3.610759,3.764709,629472000
2018-12-11,3.856435,3.864615,3.594645,3.673728,671912000
2018-12-12,3.67943,3.787517,3.590183,3.691329,654136000
2018-12-13,3.738183,3.802391,3.655135,3.691081,471384000
2018-12-14,3.649433,3.733225,3.607041,3.630592,471820000
2018-12-17,3.600595,3.672736,3.501432,3.559442,662868000
2018-12-18,3.603322,3.72678,3.576053,3.64274,564372000
2018-12-19,3.609023,3.662571,3.382189,3.433753,745364000
2018-12-20,3.425325,3.515315,3.289472,3.349218,749588000
2018-12-21,3.375743,3.408715,3.184607,3.212125,863740000
2018-12-24,3.135771,3.22229,3.086437,3.150397,463840000
2018-12-26,3.196508,3.300628,3.085445,3.299637,695100000
2018-12-27,3.247328,3.281787,3.103294,3.25179,637044000
2018-12-28,3.272366,3.405988,3.23047,3.313271,628728000
2018-12-31,3.356655,3.389131,3.278812,3.309553,465140000
2019-01-02,3.238652,3.433011,3.224026,3.376984,508752000
2019-01-03,3.316742,3.350705,3.165519,3.172956,705552000
2019-01-04,3.246089,3.414418,3.215349,3.37624,585620000
2019-01-07,3.433506,3.591919,3.382189,3.554981,709160000
2019-01-08,3.636541,3.638773,3.393841,3.466477,786016000
2019-01-09,3.517794,3.582002,3.467222,3.534652,617260000
2019-01-10,3.515315,3.609024,3.454826,3.600347,523156000
2019-01-11,3.578035,3.712401,3.55027,3.689593,874764000
2019-01-14,3.637286,3.754793,3.613734,3.729507,730168000
2019-01-15,3.762231,3.801648,3.697032,3.715377,617012000
2019-01-16,3.742646,3.775618,3.684388,3.689842,470104000
2019-01-17,3.65687,3.801152,3.6296,3.761239,493436000
2019-01-18,3.811068,3.916428,3.759503,3.890398,651336000
2019-01-22,3.860153,3.871805,3.657861,3.688106,661552000
2019-01-23,3.743389,3.83214,3.669761,3.700997,591020000
2019-01-24,3.785534,3.930559,3.780824,3.912958,708972000
2019-01-25,3.853459,3.98832,3.750826,3.970223,1154572000
2019-01-28,3.385164,3.511349,3.247576,3.421359,2511528000
2019-01-29,3.375248,3.42359,3.247824,3.26245,1153932000
2019-01-30,3.338558,3.420367,3.25898,3.405989,974228000
2019-01-31,3.402766,3.599356,3.38095,3.563657,842852000
2019-02-01,3.58225,3.639021,3.534652,3.587952,625048000
2019-02-04,3.603818,3.735456,3.581754,3.69827,528592000
2019-02-05,3.71017,3.754049,3.676454,3.717359,542424000
2019-02-06,3.750578,3.857426,3.745124,3.79297,702464000
2019-02-07,3.746611,3.748843,3.61175,3.654638,637120000
2019-02-08,3.587457,3.683892,3.573078,3.673233,461604000
2019-02-11,3.629104,3.683396,3.58225,3.630592,495180000
2019-02-12,3.669017,3.763222,3.654638,3.747603,591060000
2019-02-13,3.777104,3.863128,3.763469,3.789995,605372000
2019-02-14,3.789004,3.859161,3.745868,3.8309,827264000
2019-02-15,4.039637,4.062444,3.877754,3.900562,1516748000
2019-02-19,3.889902,3.963779,3.870814,3.883209,551892000
2019-02-20,3.912462,3.997742,3.901306,3.930559,540988000
2019-02-21,3.943202,3.967745,3.847014,3.861641,448548000
2019-02-22,3.913454,3.965266,3.899819,3.946425,401740000
2019-02-25,4.02997,4.0974,3.925353,3.93403,656020000
2019-02-26,3.929319,3.985346,3.861145,3.894612,488464000
2019-02-27,3.880234,3.90676,3.795698,3.852716,500256000
2019-02-28,3.846512,3.868847,3.805814,3.828148,324944000
2019-03-01,3.878028,3.924682,3.81971,3.882495,357188000
2019-03-04,3.92096,3.943791,3.834103,3.890684,409992000
2019-03-05,3.875051,3.92245,3.820703,3.884233,362924000
2019-03-06,3.875299,3.883736,3.770574,3.773304,403524000
2019-03-07,3.749729,3.759408,3.657909,3.704067,450104000
2019-03-08,3.614729,3.748985,3.593387,3.738314,422416000
2019-03-11,3.76189,4.021715,3.714739,3.998884,859728000
2019-03-12,4.026678,4.079536,3.950492,4.03313,579576000
2019-03-13,4.070603,4.213793,4.063158,4.18451,768900000
2019-03-14,4.193691,4.205603,4.100878,4.108571,519384000
2019-03-15,4.151751,4.256724,4.148277,4.21404,661484000
2019-03-18,4.245558,4.299409,4.165649,4.192699,486992000
2019-03-19,4.287247,4.404876,4.270372,4.360455,854972000
2019-03-20,4.389491,4.442846,4.293204,4.327947,719148000
2019-03-21,4.351026,4.590998,4.346063,4.564693,824312000
2019-03-22,4.537395,4.586035,4.39098,4.404877,747644000
2019-03-25,4.364178,4.428452,4.246301,4.312561,525212000
2019-03-26,4.454261,4.510346,4.33291,4.389243,703508000
2019-03-27,4.414804,4.46121,4.310576,4.380061,474372000
2019-03-28,4.406117,4.464435,4.345566,4.398673,480264000
2019-03-29,4.465428,4.480318,4.415051,4.455998,456896000
2019-04-01,4.547819,4.553775,4.4761,4.523499,483824000
2019-04-02,4.54757,4.585786,4.504637,4.541365,440920000
2019-04-03,4.590999,4.739896,4.586035,4.680833,783504000
2019-04-04,4.665447,4.714335,4.609114,4.671899,457376000
2019-04-05,4.71508,4.756027,4.6786,4.738655,481744000
2019-04-08,4.708132,4.784566,4.68406,4.759502,424192000
2019-04-09,4.725998,4.737166,4.654528,4.696715,439972000
2019-04-10,4.695972,4.793003,4.691505,4.767194,444772000
2019-04-11,4.769676,4.801192,4.703913,4.753297,374600000
2019-04-12,4.792009,4.79598,4.706642,4.715327,471708000
2019-04-15,4.707635,4.712598,4.543848,4.583554,440092000
2019-04-16,4.622764,4.689519,4.590007,4.670659,394964000
2019-04-17,4.705649,4.726495,4.625493,4.647828,351004000
2019-04-18,4.654528,4.688526,4.595466,4.62326,380988000
2019-04-22,4.599684,4.692745,4.568168,4.677111,279936000
2019-04-23,4.690264,4.762976,4.680586,4.731707,346856000
2019-04-24,4.742129,4.784813,4.681329,4.744114,318204000
2019-04-25,4.703912,4.726247,4.558738,4.638398,499296000
2019-04-26,4.484536,4.489004,4.300648,4.419518,868988000
2019-04-29,4.42746,4.478086,4.355245,4.450292,391920000
2019-04-30,4.41803,4.517294,4.398921,4.491734,362920000
2019-05-01,4.544095,4.586283,4.478332,4.47858,354280000
2019-05-02,4.488259,4.587772,4.445079,4.546081,394684000
2019-05-03,4.554518,4.564444,4.480069,4.541614,336824000
2019-05-06,4.355243,4.475354,4.318019,4.463194,422176000
2019-05-07,4.414803,4.414803,4.24779,4.295933,555220000
2019-05-08,4.268386,4.39619,4.256475,4.316033,419168000
2019-05-09,4.247046,4.256724,4.104601,4.22347,660248000
2019-05-10,4.192697,4.258212,4.069857,4.189471,569500000
2019-05-13,4.05745,4.080529,3.916246,3.932128,656912000
2019-05-14,3.971834,4.056458,3.933121,4.021219,524880000
2019-05-15,3.965629,3.996649,3.906319,3.96017,502320000
2019-05-16,3.954711,4.017993,3.912276,3.975309,781088000
2019-05-17,3.933369,4.062662,3.845024,3.884481,1022068000
2019-05-20,3.785713,3.840805,3.741044,3.76586,572064000
2019-05-21,3.826659,3.863883,3.787946,3.848001,361848000
2019-05-22,3.809288,3.835345,3.766108,3.777027,325868000
2019-05-23,3.714738,3.714738,3.596117,3.655924,591844000
2019-05-24,3.674784,3.710023,3.595372,3.602073,357584000
2019-05-28,3.619692,3.652449,3.554921,3.556907,428356000
2019-05-29,3.50926,3.544251,3.447964,3.482707,559800000
2019-05-30,3.485937,3.521713,3.417863,3.456124,394300000
2019-05-31,3.407179,3.474508,3.363701,3.36544,389720000
2019-06-03,3.37662,3.415378,3.294385,3.323701,478644000
2019-06-04,3.387801,3.557986,3.365689,3.552768,641836000
2019-06-05,3.626557,3.632022,3.473763,3.510036,511616000
2019-06-06,3.51426,3.596743,3.511775,3.572147,408140000
2019-06-07,3.578109,3.649164,3.558979,3.614879,348856000
2019-06-10,3.671028,3.756245,3.671028,3.687674,402780000
2019-06-11,3.747549,3.785313,3.70581,3.745313,383872000
2019-06-12,3.701835,3.708047,3.617116,3.632271,358892000
2019-06-13,3.654382,3.701835,3.636742,3.68345,308080000
2019-06-14,3.590283,3.614631,3.548793,3.593513,394428000
2019-06-17,3.591774,3.640221,3.568917,3.603203,276040000
2019-06-18,3.664568,3.853635,3.653637,3.798232,581920000
2019-06-19,3.833511,3.84494,3.778108,3.804195,331644000
2019-06-20,3.894878,3.908791,3.814133,3.828543,350168000
2019-06-21,3.813636,3.862828,3.763946,3.770406,434428000
2019-06-24,3.791773,3.822332,3.744568,3.792767,282948000
2019-06-25,3.797735,3.872766,3.760717,3.76345,311868000
2019-06-26,3.890902,4.017858,3.877983,3.95674,584072000
2019-06-27,4.042454,4.074504,4.00643,4.055374,445440000
2019-06-28,4.099348,4.108541,4.03351,4.080218,397668000
2019-07-01,4.28742,4.321705,4.0909,4.128415,709756000
2019-07-02,4.11177,4.132888,4.017361,4.030528,400228000
2019-07-03,4.053882,4.059596,3.983572,4.043447,246636000
2019-07-05,3.985063,3.989535,3.917485,3.980839,396552000
2019-07-08,3.921213,3.940095,3.875747,3.905809,329788000
2019-07-09,3.863574,3.936369,3.850903,3.908294,342860000
2019-07-10,3.951772,4.034007,3.937859,3.976616,452076000
2019-07-11,4.049659,4.171894,4.012392,4.131149,682560000
2019-07-12,4.158974,4.235247,4.158974,4.164192,506392000
2019-07-15,4.18531,4.201458,4.127422,4.155745,289840000
2019-07-16,4.140838,4.178105,4.095372,4.151024,341444000
2019-07-17,4.152764,4.223322,4.123447,4.216366,348204000
2019-07-18,4.2268,4.290898,4.170154,4.228042,442192000
2019-07-19,4.266304,4.272763,4.178851,4.184813,344896000
2019-07-22,4.206179,4.269284,4.198725,4.256365,315940000
2019-07-23,4.295621,4.366179,4.279968,4.364192,428176000
2019-07-24,4.40742,4.444438,4.331395,4.438724,366236000
2019-07-25,4.397234,4.409905,4.284192,4.307546,392700000
2019-07-26,4.334626,4.39624,4.334626,4.349532,274160000
2019-07-29,4.342328,4.359471,4.255124,4.343322,248160000
2019-07-30,4.296864,4.371149,4.282454,4.358975,197772000
2019-07-31,4.32742,4.328414,4.149533,4.191769,359416000
2019-08-01,4.202205,4.292639,4.045187,4.097361,421212000
2019-08-02,4.00469,4.074007,3.957237,4.00469,428348000
2019-08-05,3.82109,3.822332,3.699351,3.746308,589156000
2019-08-06,3.82109,3.866555,3.737364,3.785065,361272000
2019-08-07,3.724196,3.835251,3.706805,3.823326,372560000
2019-08-08,3.880965,3.933138,3.823574,3.931896,309300000
2019-08-09,3.890902,3.894381,3.780096,3.83053,341816000
2019-08-12,3.778356,3.83053,3.740841,3.762704,279200000
2019-08-13,3.761214,3.922952,3.722208,3.876989,351956000
2019-08-14,3.788791,3.799971,3.684693,3.728419,419880000
2019-08-15,3.7473,3.767176,3.661835,3.696121,477200000
2019-08-16,3.958976,4.013386,3.89761,3.964194,1007960000
2019-08-19,4.077485,4.25885,4.061336,4.242949,815112000
2019-08-20,4.237483,4.237981,4.149534,4.170652,463188000
2019-08-21,4.236738,4.309284,4.215123,4.254129,427244000
2019-08-22,4.263818,4.306302,4.221086,4.26034,303488000
2019-08-23,4.18382,4.23823,4.015871,4.035747,568056000
2019-08-26,4.114503,4.138602,4.072267,4.110528,318208000
2019-08-27,4.14879,4.151523,3.990531,4.019847,290968000
2019-08-28,3.993485,4.062124,3.954192,4.009401,255612000
2019-08-29,4.100919,4.185474,4.097438,4.153145,357976000
2019-08-30,4.199401,4.24914,4.147673,4.165828,290616000
2019-09-03,4.092961,4.126037,4.059885,4.082765,296140000
2019-09-04,4.143446,4.204375,4.143446,4.196914,227728000
2019-09-05,4.299126,4.476194,4.297385,4.469977,695676000
2019-09-06,4.4466,4.50355,4.40482,4.44287,376976000
2019-09-09,4.473955,4.575421,4.472463,4.488876,417524000
2019-09-10,4.45605,4.582136,4.446351,4.555527,352812000
2019-09-11,4.5702,4.632373,4.541103,4.584126,361512000
2019-09-12,4.63063,4.685342,4.574675,4.582633,327840000
2019-09-13,4.515985,4.55304,4.480919,4.524689,324592000
2019-09-16,4.449585,4.516234,4.43914,4.481666,231832000
2019-09-17,4.48838,4.507281,4.441875,4.503053,223048000
2019-09-18,4.49609,4.511758,4.389401,4.475946,258152000
2019-09-19,4.481913,4.500317,4.389649,4.400343,245476000
2019-09-20,4.399349,4.422974,4.284454,4.29465,350244000
2019-09-23,4.294898,4.393628,4.291168,4.348118,249712000
2019-09-24,4.379453,4.409047,4.255108,4.29067,317268000
2019-09-25,4.290173,4.452071,4.245409,4.432425,308432000
2019-09-26,4.422726,4.43143,4.359309,4.410291,234564000
2019-09-27,4.368511,4.419244,4.210841,4.271522,362056000
2019-09-30,4.297385,4.339165,4.26605,4.328969,186184000
2019-10-01,4.352097,4.501312,4.322503,4.327228,366008000
2019-10-02,4.305344,4.317281,4.230985,4.303355,293372000
2019-10-03,4.307831,4.515239,4.27749,4.509022,450588000
2019-10-04,4.511259,4.554781,4.446102,4.525435,265524000
2019-10-07,4.590344,4.683851,4.58164,4.584126,480984000
2019-10-08,4.492359,4.492359,4.389401,4.407555,444436000
2019-10-09,4.484401,4.54359,4.455553,4.4941,292412000
2019-10-10,4.491863,4.602779,4.48664,4.551797,309124000
2019-10-11,4.635853,4.70872,4.616953,4.625408,446404000
2019-10-14,4.616704,4.659728,4.585618,4.638838,200040000
2019-10-15,4.729113,4.956168,4.715186,4.88355,664124000
2019-10-16,4.84948,4.954428,4.818393,4.829833,428944000
2019-10-17,4.874348,4.919361,4.777358,4.831821,263436000
2019-10-18,4.83232,4.864898,4.662961,4.737319,307440000
2019-10-21,4.798747,4.888027,4.779846,4.874598,261868000
2019-10-22,4.931549,5.036746,4.856942,4.864652,328720000
2019-10-23,4.782583,4.865894,4.75075,4.851719,279916000
2019-10-24,4.893001,4.92931,4.858931,4.895737,232020000
2019-10-25,4.976312,5.107621,4.968603,5.086731,423092000
2019-10-28,5.1305,5.195159,5.101154,5.142686,330792000
2019-10-29,5.128759,5.135225,5.027045,5.046443,211236000
2019-10-30,5.073302,5.079022,4.980291,5.048433,205960000
2019-10-31,5.027542,5.048432,4.919362,4.999191,209732000
2019-11-01,4.963878,5.070566,4.93876,5.038237,283640000
2019-11-04,5.119311,5.247387,5.096183,5.234952,376716000
2019-11-05,5.234701,5.260813,5.164819,5.212816,300868000
2019-11-06,5.188694,5.214309,5.076037,5.163577,269012000
2019-11-07,5.250122,5.264795,5.13647,5.181234,280340000
2019-11-08,5.164324,5.198892,5.126771,5.167308,189100000
2019-11-11,5.16656,5.200382,5.080264,5.177254,243436000
2019-11-12,5.215552,5.268772,5.180486,5.212816,283504000
2019-11-13,5.181482,5.209086,5.120552,5.186953,300188000
2019-11-14,5.195905,5.219531,5.135971,5.217293,518080000
2019-11-15,5.215056,5.266784,4.989742,5.078028,1053628000
2019-11-18,5.070566,5.305828,5.067582,5.279218,574588000
2019-11-19,5.248131,5.271757,5.114335,5.172529,414564000
2019-11-20,5.149651,5.335671,5.136967,5.251863,472588000
2019-11-21,5.247385,5.303092,5.205356,5.226992,288388000
2019-11-22,5.249623,5.296129,5.221024,5.24465,224100000
2019-11-25,5.372727,5.506274,5.359795,5.5013,506476000
2019-11-26,5.483642,5.488367,5.390134,5.3966,385244000
2019-11-27,5.442145,5.476489,5.405062,5.431443,215784000
2019-11-29,5.400582,5.428953,5.370219,5.394111,141556000
2019-12-02,5.387143,5.400582,5.192523,5.207704,372036000
2019-12-03,5.024037,5.172117,4.986705,5.168135,465232000
2019-12-04,5.251755,5.274154,5.183315,5.211935,273424000
2019-12-05,5.233837,5.249516,5.1644,5.195012,184884000
2019-12-06,5.264199,5.313227,5.254244,5.280375,232236000
2019-12-09,5.257479,5.335128,5.248769,5.280375,211880000
2019-12-10,5.310489,5.377188,5.257728,5.325422,256388000
2019-12-11,5.335875,5.414519,5.333386,5.409044,233796000
2019-12-12,5.380174,5.594704,5.371214,5.576536,404348000
2019-12-13,5.579524,5.698735,5.520541,5.574547,454704000
2019-12-16,5.62208,5.675837,5.593957,5.603415,320976000
2019-12-17,5.622081,5.704209,5.612624,5.681562,321196000
2019-12-18,5.716405,5.772402,5.707943,5.711926,343548000
2019-12-19,5.746518,5.873444,5.74154,5.860004,445360000
2019-12-20,5.926455,5.9827,5.907292,5.957315,603044000
2019-12-23,5.985935,6.01804,5.932925,5.943626,355060000
2019-12-24,5.928196,5.955822,5.893852,5.938649,138864000
2019-12-26,5.942132,5.980957,5.923218,5.952834,182852000
2019-12-27,5.968017,5.981456,5.868716,5.895097,254644000
2019-12-30,5.873195,5.878421,5.750499,5.781857,258056000
2019-12-31,5.746518,5.865481,5.727355,5.856023,231004000
2020-01-02,5.941885,5.970755,5.891364,5.970755,237536000
2020-01-03,5.851046,5.918989,5.826158,5.875186,205384000
2020-01-06,5.781859,5.905051,5.755727,5.899825,262636000
2020-01-07,5.928197,6.017045,5.883151,5.971252,314856000
2020-01-08,5.967022,6.023766,5.926953,5.982452,277108000
2020-01-09,6.068811,6.120577,5.994397,6.048154,255112000
2020-01-10,6.155421,6.185784,6.066324,6.08051,316296000
2020-01-13,6.163633,6.296283,6.140985,6.271146,319840000
2020-01-14,6.228339,6.253725,6.140984,6.154175,359088000
2020-01-15,6.166867,6.189266,6.085734,6.111617,263104000
2020-01-16,6.165125,6.201212,6.14173,6.195239,284192000
2020-01-17,6.214403,6.22187,6.156415,6.20395,253792000
2020-01-21,6.167365,6.204199,6.136504,6.1706,217916000
2020-01-22,6.215896,6.311215,6.196981,6.224607,239240000
2020-01-23,6.264677,6.30151,6.175828,6.293048,244516000
2020-01-24,6.408525,6.4583,6.17956,6.233815,373512000
2020-01-27,5.929192,6.028991,5.779619,5.977972,470536000
2020-01-28,6.043925,6.203703,5.990665,6.171349,310976000
2020-01-29,6.156913,6.192999,6.07105,6.110871,258848000
2020-01-30,6.013063,6.131029,5.958062,6.11759,290504000
2020-01-31,6.071797,6.083743,5.842334,5.884145,370420000
2020-02-03,5.865979,6.00062,5.859757,5.981208,255564000
2020-02-04,6.123067,6.169606,6.073043,6.150443,271544000
2020-02-05,6.271396,6.2816,6.157411,6.240785,208220000
2020-02-06,6.275128,6.327641,6.193995,6.327641,218284000
2020-02-07,6.287572,6.309722,6.236054,6.26144,189752000
2020-02-10,6.284088,6.545406,6.27911,6.54466,529608000
2020-02-11,6.65292,6.781837,6.59095,6.667106,638556000
2020-02-12,6.719867,6.789303,6.681042,6.782832,374644000
2020-02-13,6.724845,6.806227,6.697468,6.73903,528016000
2020-02-14,7.149177,7.34106,7.117819,7.212142,1041924000
2020-02-18,7.108859,7.399296,7.089447,7.380879,620164000
2020-02-19,7.503325,7.849759,7.503325,7.832088,694332000
2020-02-20,7.784056,7.872407,7.375404,7.682765,810052000
2020-02-21,7.570521,7.595658,7.233794,7.31866,768180000
2020-02-24,6.724348,7.015034,6.669845,6.80125,856916000
2020-02-25,6.876409,6.938379,6.419973,6.521762,1055496000
2020-02-26,6.522011,6.855255,6.520518,6.661132,747732000
2020-02-27,6.347612,6.648931,6.197949,6.290337,906416000
2020-02-28,6.037828,6.784899,6.021143,6.725382,1133252000
2020-03-02,6.895464,6.912647,6.499516,6.883759,890744000
2020-03-03,6.939542,6.999308,6.535875,6.62129,652792000
2020-03-04,6.728619,7.094435,6.653912,7.084972,597408000
2020-03-05,6.885503,7.052349,6.760991,6.805566,540328000
2020-03-06,6.626019,6.683544,6.424808,6.625023,515412000
2020-03-09,5.974077,6.459673,5.931245,6.112036,614160000
2020-03-10,6.388451,6.501508,6.125731,6.501508,580648000
2020-03-11,6.361558,6.389946,6.040566,6.137685,499964000
2020-03-12,5.614486,5.879945,5.373929,5.38663,816540000
2020-03-13,5.739995,6.001968,5.468809,5.997486,634836000
2020-03-16,5.289512,5.630425,4.831059,4.890825,726972000
2020-03-17,5.003134,5.499936,4.756351,5.410536,833632000
2020-03-18,4.982964,5.228003,4.49936,5.050698,874268000
2020-03-19,5.029281,5.397089,4.815868,5.303456,765512000
2020-03-20,5.453617,5.735512,5.108222,5.123661,804636000
2020-03-23,5.122665,5.390864,4.943618,5.296484,643876000
2020-03-24,5.702641,6.291831,5.678984,6.20517,1101644000
2020-03-25,6.32022,6.519937,6.06771,6.116518,793432000
2020-03-26,6.323706,6.529898,6.225591,6.405884,696108000
2020-03-27,6.225591,6.55231,6.19272,6.293575,638828000
2020-03-30,6.359066,6.623032,6.314989,6.613818,602252000
2020-03-31,6.653911,6.858111,6.418584,6.564263,949960000
2020-04-01,6.366289,6.512715,6.008442,6.053017,656912000
2020-04-02,6.082152,6.375004,6.03409,6.361805,675764000
2020-04-03,6.324204,6.365791,5.936474,6.073936,663212000
2020-04-06,6.356079,6.72065,6.298555,6.683794,727884000
2020-04-07,6.905425,6.929082,6.407377,6.450459,784520000
2020-04-08,6.559531,6.672588,6.489555,6.647685,542444000
2020-04-09,6.773444,6.796354,6.485074,6.548077,525564000
2020-04-13,6.48831,6.728618,6.399907,6.719903,398408000
2020-04-14,6.848149,7.105141,6.820507,7.071025,530948000
2020-04-15,6.902935,7.076505,6.857613,6.99358,366148000
2020-04-16,7.148971,7.445807,7.135773,7.338727,745620000
2020-04-17,7.420904,7.44232,7.145484,7.279459,539120000
2020-04-20,7.152955,7.308843,7.103897,7.148223,449388000
2020-04-21,7.030186,7.091445,6.65167,6.711435,735160000
2020-04-22,6.903683,7.168644,6.858112,7.125812,483356000
2020-04-23,7.167895,7.299877,7.047367,7.072519,424160000
2020-04-24,7.06231,7.213467,6.987603,7.211475,352328000
2020-04-27,7.345948,7.557867,7.321294,7.397994,479388000
2020-04-28,7.545416,7.575299,7.250074,7.255553,442904000
2020-04-29,7.390274,7.485152,7.315069,7.432359,379160000
2020-04-30,7.37832,7.432358,7.264516,7.278461,375916000
2020-05-01,7.080987,7.194292,6.993579,7.04189,342096000
2020-05-04,6.994576,7.267506,6.994576,7.25381,317556000
2020-05-05,7.357902,7.477433,7.25381,7.314821,368896000
2020-05-06,7.394259,7.520514,7.356407,7.415675,323464000
2020-05-07,7.554878,7.655235,7.50358,7.591983,373732000
2020-05-08,7.663702,7.788214,7.629835,7.781989,339216000
2020-05-11,7.777007,8.080816,7.748369,8.033999,469060000
2020-05-12,8.091773,8.140581,7.762315,7.772027,493060000
2020-05-13,7.886578,8.046949,7.565088,7.749615,625852000
2020-05-14,7.811125,8.004616,7.657477,7.999138,602312000
2020-05-15,7.858938,8.467302,7.843249,8.457591,987660000
2020-05-18,8.726288,8.881679,8.6466,8.716078,774460000
2020-05-19,8.755921,9.05201,8.728528,8.771111,717320000
2020-05-20,8.955885,9.007682,8.854034,8.934967,587536000
2020-05-21,9.01615,9.017146,8.703376,8.740979,761068000
2020-05-22,8.790783,9.057488,8.679221,8.990998,1038764000
2020-05-26,9.120989,9.145892,8.638132,8.683703,770780000
2020-05-27,8.591314,8.599033,7.965517,8.491954,1175892000
2020-05-28,8.379393,8.726283,8.346522,8.453852,734896000
2020-05-29,8.52109,8.840837,8.451862,8.840837,745256000
2020-06-01,8.798752,8.806223,8.655563,8.771857,389876000
2020-06-02,8.761895,8.802734,8.624185,8.790781,391320000
2020-06-03,8.787796,8.831624,8.666023,8.735251,365440000
2020-06-04,8.697881,8.912388,8.647555,8.736249,424280000
2020-06-05,8.764149,8.965949,8.677947,8.889215,481748000
2020-06-08,8.846618,8.859075,8.655779,8.774618,387736000
2020-06-09,8.769632,9.078313,8.721051,9.014783,468488000
2020-06-10,9.136114,9.467217,9.121913,9.334427,632180000
2020-06-11,9.118421,9.229287,8.755678,8.765893,583652000
2020-06-12,9.130881,9.155545,8.673215,8.901674,570908000
2020-06-15,8.784828,9.150562,8.713574,9.142091,400004000
2020-06-16,9.193166,9.234772,8.808249,9.037206,535716000
2020-06-17,9.082301,9.266911,9.03895,9.204128,408304000
2020-06-18,9.195159,9.250468,9.083047,9.186191,254408000
2020-06-19,9.210604,9.412404,9.195406,9.229288,524160000
2020-06-22,9.267906,9.498358,9.241247,9.493873,398468000
2020-06-23,9.51804,9.609225,9.375036,9.417389,375108000
2020-06-24,9.443548,9.523522,9.112943,9.203629,449372000
2020-06-25,9.323464,9.472199,9.150563,9.457251,376072000
2020-06-26,9.467217,9.467217,9.093511,9.123407,592084000
2020-06-29,9.138105,9.172735,8.869285,9.16825,342248000
2020-06-30,9.281858,9.493376,9.234523,9.464974,367892000
2020-07-01,9.487895,9.542706,9.380517,9.497113,326648000
2020-07-02,9.605735,9.703895,9.545195,9.579078,364056000
2020-07-06,9.708132,9.874555,9.678982,9.805295,315892000
2020-07-07,9.911929,10.035251,9.816758,9.837686,357800000
2020-07-08,9.959263,10.189716,9.931111,10.180746,365480000
2020-07-09,10.344427,10.533522,10.198183,10.472733,494548000
2020-07-10,10.552208,10.618478,10.342932,10.443086,497676000
2020-07-13,10.558437,10.755006,9.990404,10.01756,457076000
2020-07-14,10.040233,10.366853,9.751732,10.341191,542676000
2020-07-15,10.378312,10.396997,10.021049,10.191957,403984000
2020-07-16,9.980437,10.171524,9.861349,10.099773,344964000
2020-07-17,10.190213,10.213134,10.052939,10.166296,266284000
2020-07-20,10.238794,10.494907,10.121699,10.474478,284852000
2020-07-21,10.47672,10.523559,10.251251,10.292857,277036000
2020-07-22,10.331721,10.56591,10.255983,10.402725,367292000
2020-07-23,10.41394,10.510605,9.996635,10.094795,411660000
2020-07-24,9.840922,10.328982,9.743261,10.15932,473292000
2020-07-27,10.196944,10.40572,10.182493,10.385541,292132000
2020-07-28,10.33845,10.346173,10.174019,10.180247,271636000
2020-07-29,10.354894,10.479961,10.311295,10.429386,284508000
2020-07-30,10.339196,10.58634,10.259721,10.577372,308880000
2020-07-31,10.526798,10.729347,10.396997,10.57812,386080000
2020-08-03,10.695463,11.060449,10.678273,10.972255,412720000
2020-08-04,11.011867,11.189003,10.868364,11.189003,310336000
2020-08-05,11.205196,11.332505,11.127714,11.247798,249924000
2020-08-06,11.310584,11.318805,11.140174,11.296383,244316000
2020-08-07,11.273463,11.46505,10.999413,11.160853,342516000
2020-08-10,11.295136,11.36888,10.819034,11.12647,427796000
2020-08-11,11.035534,11.098317,10.758494,10.812557,354512000
2020-08-12,10.952822,11.427428,10.920434,11.400771,464412000
2020-08-13,11.506153,11.681298,11.31656,11.403509,374460000
2020-08-14,11.490209,11.664356,11.401018,11.524092,366436000
2020-08-17,11.810352,12.366925,11.77647,12.294426,621300000
2020-08-18,12.407036,12.452878,12.044542,12.218439,503448000
2020-08-19,12.254067,12.272502,12.056251,12.096612,622624000
2020-08-20,11.933676,12.332296,11.837758,12.099103,921388000
2020-08-21,12.159642,12.764548,12.153165,12.63973,999868000
2020-08-24,12.839293,12.867944,12.464341,12.676357,490564000
2020-08-25,12.587162,12.717211,12.530358,12.706,289076000
2020-08-26,12.755079,12.82409,12.633999,12.72892,321244000
2020-08-27,12.73739,12.805654,12.523132,12.584669,317604000
2020-08-28,12.631261,13.102629,12.598873,13.10238,537160000
2020-08-31,13.137256,13.528152,12.992756,13.328344,500840000
2020-09-01,13.437499,13.94963,13.394137,13.777425,511316000
2020-09-02,14.657392,14.680321,13.856176,14.30127,874012000
2020-09-03,13.785151,13.840725,12.838146,12.974465,945128000
2020-09-04,12.743445,13.133462,11.667848,12.582705,1463684000
2020-09-08,11.697504,12.510433,11.66735,11.875442,795728000
2020-09-09,12.360904,12.768864,12.193185,12.674911,736200000
2020-09-10,12.948297,13.024057,12.128639,12.272933,698684000
2020-09-11,12.446136,12.61261,11.858245,12.126148,636928000
2020-09-14,13.039759,13.27302,12.591427,12.831666,1201744000
2020-09-15,13.238129,13.25682,12.787306,12.950041,727556000
2020-09-16,12.916398,13.051471,12.474297,12.475044,556384000
2020-09-17,12.094001,12.550059,11.996808,12.424207,792512000
2020-09-18,12.554044,12.592672,11.950952,12.15082,698460000
2020-09-21,11.887403,12.483019,11.866968,12.477786,721044000
2020-09-22,12.535353,12.608123,12.117176,12.597905,646452000
2020-09-23,12.535853,12.686876,12.041168,12.085527,647012000
2020-09-24,12.034188,12.52987,11.976121,12.309068,731240000
2020-09-25,12.408257,12.842882,12.207143,12.833162,588016000
2020-09-28,12.999138,13.010603,12.709804,12.993905,573808000
2020-09-29,12.896711,13.400368,12.892475,13.184052,621460000
2020-09-30,13.116018,13.579553,13.108791,13.487843,689184000
2020-10-01,13.714624,13.719358,13.41831,13.571576,525004000
2020-10-02,13.183305,13.476876,13.009853,13.021068,552496000
2020-10-05,13.19427,13.601233,13.181061,13.599488,479820000
2020-10-06,13.786398,14.097414,13.621918,13.693192,784420000
2020-10-07,13.95561,14.074733,13.819789,13.919972,418084000
2020-10-08,14.030623,14.040094,13.714623,13.795118,378900000
2020-10-09,13.723595,13.780664,13.61768,13.719357,346892000
2020-10-12,13.945395,14.301768,13.868638,14.181149,434744000
2020-10-13,14.251427,14.303263,13.974553,14.203329,344604000
2020-10-14,14.245445,14.29753,13.915987,14.050811,276100000
2020-10-15,13.767208,13.961592,13.724343,13.925956,267224000
2020-10-16,13.992498,14.076981,13.749018,13.767958,242392000
2020-10-19,13.859167,13.939413,13.364482,13.455195,298068000
2020-10-20,13.540674,13.756243,13.464415,13.602479,229212000
2020-10-21,13.582044,13.748019,13.435009,13.48211,219596000
2020-10-22,13.479866,13.568834,13.190032,13.318875,290480000
2020-10-23,13.407597,13.550396,13.249348,13.547405,233484000
2020-10-26,13.38467,13.649582,12.997394,13.09982,336896000
2020-10-27,13.264051,13.399623,13.149912,13.354516,250520000
2020-10-28,13.156392,13.218196,12.569249,12.587192,376520000
2020-10-29,12.798025,13.151158,12.709804,12.982941,320080000
2020-10-30,12.809487,12.895713,12.261221,12.494483,416820000
2020-11-02,12.617842,12.796278,12.355921,12.541085,299652000
2020-11-03,12.668432,13.063682,12.563016,12.978452,272900000
2020-11-04,13.347038,13.783907,13.294953,13.750761,410228000
2020-11-05,14.117849,14.293792,13.94689,14.115356,319028000
2020-11-06,14.065266,14.542756,13.851193,14.51609,383348000
2020-11-09,14.506619,14.645181,13.567839,13.587775,582976000
2020-11-10,13.5636,13.5636,12.588435,12.729738,644068000
2020-11-11,13.012593,13.392642,12.907426,13.375695,404744000
2020-11-12,13.436504,13.722599,13.274018,13.414324,365812000
2020-11-13,13.584287,13.625656,13.018078,13.255078,346312000
2020-11-16,13.130968,13.606465,13.114521,13.472638,413776000
2020-11-17,13.509773,13.553385,13.261807,13.379933,312028000
2020-11-18,13.422798,13.562855,13.143431,13.386413,510924000
2020-11-19,13.171092,13.444976,13.058698,13.397875,565936000
2020-11-20,13.411584,13.451956,13.02381,13.046489,341088000
2020-11-23,13.129727,13.34031,12.974468,13.098576,361356000
2020-11-24,13.101064,13.120502,12.844376,12.916897,346500000
2020-11-25,12.991411,13.227663,12.97895,13.193023,259916000
2020-11-27,13.332832,13.36523,13.128977,13.21944,167276000
2020-11-30,13.223179,13.370214,12.931352,13.359248,286952000
2020-12-01,13.449714,13.486099,13.186545,13.347786,296948000
2020-12-02,13.30841,13.630392,13.192526,13.501799,283360000
2020-12-03,13.548661,13.620954,13.290901,13.357709,199520000
2020-12-04,13.410061,13.521243,13.350482,13.519498,202244000
2020-12-07,13.562374,13.692002,13.461413,13.567858,223244000
2020-12-08,13.546171,13.559882,13.243538,13.311843,271920000
2020-12-09,13.262483,13.375659,12.831469,12.89379,401300000
2020-12-10,12.832219,13.031398,12.812774,12.935173,207764000
2020-12-11,12.930185,12.982785,12.786348,12.976054,209264000
2020-12-14,13.050592,13.350482,13.040122,13.270711,270156000
2020-12-15,13.401335,13.425516,13.149059,13.322312,193016000
2020-12-16,13.384136,13.398844,13.174736,13.204651,223116000
2020-12-17,13.328546,13.34126,13.140835,13.30312,231384000
2020-12-18,13.340759,13.366684,13.033141,13.234065,342064000
2020-12-21,13.037379,13.331785,12.930435,13.294143,302332000
2020-12-22,13.281181,13.29913,13.016689,13.240298,185580000
2020-12-23,13.21811,13.237055,12.967828,12.972065,179144000
2020-12-24,12.999986,13.094964,12.901769,12.956611,97884000
2020-12-28,13.025164,13.025164,12.726769,12.863128,212564000
2020-12-29,12.888056,13.035135,12.805543,12.906254,170372000
2020-12-30,12.95312,13.175982,12.859888,13.108176,225396000
2020-12-31,13.098951,13.113409,12.878084,13.017684,192424000
2021-01-04,13.066795,13.613478,12.92545,13.076018,560640000
2021-01-05,13.062306,13.405073,13.049592,13.366434,322760000
2021-01-06,13.184705,13.207141,12.550025,12.578444,580424000
2021-01-07,12.930436,13.339514,12.849668,13.30586,461480000
2021-01-08,13.324306,13.382638,13.004721,13.2388,292528000
2021-01-11,13.380397,13.921097,13.324308,13.582567,518344000
2021-01-12,13.713192,13.715187,13.306857,13.446207,291476000
2021-01-13,13.451443,13.586057,13.346743,13.493073,210028000
2021-01-14,13.536198,13.560877,13.142826,13.162519,283120000
2021-01-15,13.190189,13.287161,12.811774,12.822742,277780000
2021-01-19,12.979045,13.056573,12.807287,12.98802,226188000
2021-01-20,13.074271,13.392111,13.019429,13.327546,258572000
2021-01-21,13.380148,13.959238,13.215121,13.827865,337780000
2021-01-22,13.700727,13.802187,13.588299,13.673306,246820000
2021-01-25,13.742357,13.788974,13.198666,13.614224,251112000
2021-01-26,13.541682,13.605748,13.349234,13.396848,163980000
2021-01-27,13.192186,13.194928,12.757183,12.880829,371272000
2021-01-28,12.959104,13.301622,12.923455,13.013697,228316000
2021-01-29,13.03763,13.296638,12.874597,12.952623,271552000
2021-02-01,13.015941,13.232819,12.865871,13.199166,217204000
2021-02-02,13.360453,13.533207,13.247526,13.518002,220440000
2021-02-03,13.597023,13.891928,13.477865,13.491825,245408000
2021-02-04,13.492326,13.634419,13.299629,13.625196,201340000
2021-02-05,13.68577,13.697985,13.507032,13.552153,169152000
2021-02-08,13.688014,14.432381,13.688014,14.397481,434624000
2021-02-09,14.299757,14.541564,14.181845,14.222479,287560000
2021-02-10,14.421909,14.862396,14.300508,14.722049,485352000
2021-02-11,14.937435,15.2286,14.882343,15.207161,450828000
2021-02-12,15.006985,15.247545,14.73277,14.918489,374756000
2021-02-16,15.021192,15.328561,14.907268,15.286431,321960000
2021-02-17,15.127637,15.179987,14.737754,14.863395,274756000
2021-02-18,14.686901,14.830738,14.533341,14.786615,233868000
2021-02-19,14.981556,15.13362,14.804315,14.883837,271724000
2021-02-22,14.732519,15.089995,14.284055,14.314717,325884000
2021-02-23,14.035018,14.198051,13.351228,14.101578,391780000
2021-02-24,14.082384,14.465286,13.716681,14.457558,448320000
2021-02-25,14.005354,14.333663,13.178475,13.269464,824436000
2021-02-26,13.713192,13.814901,13.322812,13.675302,500932000
2021-03-01,13.835341,13.885198,13.514511,13.802186,353184000
2021-03-02,13.86027,13.880711,13.357711,13.367931,264116000
2021-03-03,13.387873,13.41305,12.762166,12.768149,377592000
2021-03-04,12.764164,12.937916,12.049213,12.334894,573344000
2021-03-05,12.514128,12.514128,11.645867,12.425881,542840000
2021-03-08,12.414415,12.435604,11.53344,11.560114,543112000
2021-03-09,12.099753,12.58503,12.028932,12.488773,521824000
2021-03-10,12.808216,12.947365,12.426179,12.436902,384376000
2021-03-11,12.917443,13.013452,12.702485,12.960834,299916000
2021-03-12,12.616448,12.856344,12.558345,12.823676,243964000
2021-03-15,12.832408,13.173548,12.735153,13.158087,221988000
2021-03-16,13.322921,13.478529,13.083774,13.257835,272128000
2021-03-17,13.006967,13.419428,12.956844,13.30771,243864000
2021-03-18,13.103474,13.150854,12.685029,12.690515,293896000
2021-03-19,12.717946,12.889015,12.580792,12.813456,299208000
2021-03-22,12.880287,13.360826,12.874302,13.153099,297804000
2021-03-23,13.220927,13.310951,12.988513,13.037889,222048000
2021-03-24,13.118185,13.126165,12.604979,12.611213,245840000
2021-03-25,12.468075,12.682784,12.241147,12.503735,295144000
2021-03-26,12.522935,12.823926,12.34239,12.806969,363968000
2021-03-29,12.788019,13.02966,12.668071,12.915697,273520000
2021-03-30,12.809714,12.942629,12.673058,12.839389,200204000
2021-03-31,12.982777,13.436633,12.94986,13.314691,314776000
2021-04-01,13.538128,13.835129,13.477281,13.777026,308276000
2021-04-05,13.832635,13.978767,13.698473,13.952333,255672000
2021-04-06,13.964554,14.018917,13.738873,13.826652,191744000
2021-04-07,13.845853,14.207691,13.677028,14.107943,251284000
2021-04-08,14.216919,14.435119,14.213178,14.281008,244416000
2021-04-09,14.178265,14.371777,14.139363,14.363797,195172000
2021-04-12,14.253824,15.313902,14.103702,15.170762,869324000
2021-04-13,15.193208,15.66053,15.087723,15.640081,676212000
2021-04-14,15.585718,15.680978,15.189217,15.238593,385500000
2021-04-15,15.623121,16.173484,15.592199,16.096678,598480000
2021-04-16,16.01264,16.125107,15.825362,15.872494,335208000
2021-04-19,15.49744,15.767758,15.194703,15.323129,404420000
2021-04-20,15.284725,15.458039,14.925382,15.133108,334132000
2021-04-21,15.080738,15.323876,15.06428,15.321881,216776000
2021-04-22,15.336345,15.399686,14.746332,14.812915,277788000
2021-04-23,14.896704,15.296447,14.86279,15.226872,227500000
2021-04-26,15.146822,15.440083,15.086973,15.439085,197796000
2021-04-27,15.539332,15.6311,15.315895,15.343077,164572000
2021-04-28,15.325872,15.493201,15.177247,15.238342,209416000
2021-04-29,15.361281,15.397689,15.033607,15.286221,173196000
2021-04-30,15.136351,15.326371,14.959296,14.971765,201912000
2021-05-03,15.086974,15.208418,14.750323,14.799449,203912000
2021-05-04,14.600452,14.600701,13.975028,14.31517,405324000
2021-05-05,14.672021,14.776259,14.351329,14.422151,292024000
2021-05-06,14.458806,14.534615,14.182254,14.486486,193380000
2021-05-07,14.771019,14.933109,14.634861,14.775008,229328000
2021-05-10,14.750073,14.768776,14.214174,14.229884,268904000
2021-05-11,13.790242,14.31866,13.715431,14.270282,285584000
2021-05-12,13.974278,14.224398,13.674784,13.723909,303408000
2021-05-13,13.998468,14.045351,13.425163,13.630895,285404000
2021-05-14,13.855077,14.291976,13.713933,14.20719,258616000
2021-05-17,14.121409,14.133628,13.818673,14.129888,216980000
2021-05-18,14.231135,14.36804,13.968796,13.980516,186256000
2021-05-19,13.532394,14.044104,13.509202,14.030389,344000000
2021-05-20,14.266542,14.646834,14.234623,14.575763,321592000
2021-05-21,15.125626,15.18373,14.832116,14.954059,672992000
2021-05-24,15.174255,15.705417,15.137847,15.572752,554816000
2021-05-25,15.726362,15.77873,15.443576,15.60841,435408000
2021-05-26,15.694691,15.754042,15.547064,15.660527,370440000
2021-05-27,15.660281,15.710405,15.421134,15.449063,581476000
2021-05-28,15.462028,16.236575,15.462028,16.203657,644536000
2021-06-01,16.229099,16.347051,15.86327,16.223612,472804000
2021-06-02,16.21139,16.876215,16.194682,16.736067,594168000
2021-06-03,16.658761,17.215608,16.541307,16.927084,580008000
2021-06-04,17.069477,17.616598,17.052521,17.534058,617120000
2021-06-07,17.527073,17.767715,17.149524,17.574701,575756000
2021-06-08,17.483188,17.5772,17.207631,17.413115,323848000
2021-06-09,17.475716,17.534831,17.21631,17.318575,381656000
2021-06-10,17.310346,17.452022,17.136744,17.385174,287772000
2021-06-11,17.439553,17.898253,17.403885,17.784513,416308000
2021-06-14,17.865076,17.99827,17.622382,17.977568,321376000
2021-06-15,17.874053,17.975071,17.68748,17.747841,243032000
2021-06-16,17.75009,17.913715,17.544311,17.769545,307124000
2021-06-17,17.733873,18.791948,17.715665,18.614605,809656000
2021-06-18,18.74107,19.330719,18.541526,18.596151,968856000
2021-06-21,18.393119,18.494139,17.782019,18.385138,672384000
2021-06-22,18.429282,18.920408,18.343977,18.843582,580144000
2021-06-23,18.964306,19.108976,18.864535,19.013693,332356000
2021-06-24,19.183806,19.375616,19.044623,19.161606,320924000
2021-06-25,19.236437,19.301289,18.851319,18.987507,278364000
2021-06-28,19.317,20.032861,19.274847,19.939325,495436000
2021-06-29,19.837061,20.052816,19.612076,19.980982,367632000
2021-06-30,19.953539,20.116416,19.818348,19.956781,326568000
2021-07-01,20.079007,20.40925,19.973248,20.165808,480136000
2021-07-02,20.393534,20.458386,20.241382,20.440176,342764000
2021-07-06,20.690102,20.794363,20.303738,20.651192,446708000
2021-07-07,20.805841,20.827291,20.285533,20.325191,418428000
2021-07-08,19.811116,20.086983,19.655722,19.85726,503300000
2021-07-09,19.916872,20.034353,19.709098,20.004421,296624000
2021-07-12,20.193742,20.485822,20.141611,20.46562,321984000
2021-07-13,20.353872,20.414484,20.068027,20.203716,290708000
2021-07-14,20.311223,20.371085,19.707606,19.796152,380100000
2021-07-15,19.766472,19.801641,18.815399,18.922903,550564000
2021-07-16,18.987007,19.113217,18.031695,18.119493,688224000
2021-07-19,17.874306,18.998479,17.824668,18.73683,749060000
2021-07-20,18.687188,18.794941,18.122482,18.569458,434687000
2021-07-21,18.838844,19.48237,18.699164,19.365637,371017000
2021-07-22,19.597108,19.841547,19.231943,19.549217,323826000
2021-07-23,19.611079,19.654979,19.206007,19.513304,195672000
2021-07-26,19.266868,19.397567,18.870774,19.249907,203943000
2021-07-27,19.220968,19.577152,18.698165,19.164099,248863000
2021-07-28,19.27485,19.601102,18.951591,19.458429,202191000
2021-07-29,19.474387,19.807625,19.283823,19.617062,190781000
2021-07-30,19.373617,19.585133,19.218973,19.454433,183497000
2021-08-02,19.654978,19.915381,19.316752,19.704863,217444000
2021-08-03,19.694883,20.175782,19.176071,19.769712,301811000
2021-08-04,19.944314,20.271565,19.782683,20.227665,231309000
2021-08-05,20.453148,20.685615,20.295508,20.589834,211435000
2021-08-06,20.47709,20.522985,20.163807,20.31945,178497000
2021-08-09,20.399267,20.461126,20.09696,20.248613,146443000
2021-08-10,20.275552,20.383305,19.789663,19.890434,179238000
2021-08-11,19.997184,20.003171,19.385587,19.653971,185925000
2021-08-12,19.824585,19.98322,19.575156,19.859505,151652000
2021-08-13,19.859509,20.167803,19.805631,20.141861,183063000
2021-08-16,20.08898,20.240633,19.408538,19.904404,210876000
2021-08-17,19.640007,19.724814,19.222963,19.413527,204585000
2021-08-18,19.455434,19.589129,18.956577,18.996487,285913000
2021-08-19,19.449446,20.44816,18.719119,19.752752,766555000
2021-08-20,19.945312,20.817315,19.887445,20.768427,675741000
2021-08-23,20.92307,21.946724,20.902118,21.907814,575807000
2021-08-24,21.703281,21.90881,21.485779,21.743189,297299000
2021-08-25,21.687318,22.418642,21.672353,22.16223,347701000
2021-08-26,22.149263,22.288942,21.7402,22.017565,237940000
2021-08-27,22.133298,22.670069,22.116337,22.584265,304722000
2021-08-30,22.777822,22.990335,22.499461,22.636147,262580000
2021-08-31,22.647122,22.647122,22.073336,22.337776,259850000
2021-09-01,22.437565,22.649118,22.309835,22.393658,201767000
2021-09-02,22.470497,22.54534,22.247968,22.348755,187834000
2021-09-03,22.277908,22.937513,22.153172,22.794815,280532000
2021-09-07,22.784834,22.850694,22.474489,22.614195,198107000
2021-09-08,22.465505,22.5623,21.930634,22.291872,254434000
2021-09-09,22.264932,22.490455,22.084314,22.130217,196856000
2021-09-10,22.300855,22.578269,22.223021,22.430582,248376000
2021-09-13,22.636148,22.915558,21.81189,22.10527,297500000
2021-09-14,22.228009,22.362725,22.039409,22.19508,199755000
2021-09-15,22.261935,22.319813,21.919658,22.293867,166538000
2021-09-16,22.136204,22.230006,21.880744,22.19508,156033000
2021-09-17,22.252956,22.273911,21.783948,21.8538,294503000
2021-09-20,21.101392,21.387787,20.618414,21.068462,349440000
2021-09-21,21.37182,21.379803,20.905806,21.201181,204688000
2021-09-22,21.320927,21.913673,21.151285,21.894714,268726000
2021-09-23,22.093295,22.487462,21.843822,22.434574,248555000
2021-09-24,22.023442,22.102275,21.814883,22.034418,217655000
2021-09-27,21.664203,21.753016,21.280017,21.614309,245215000
2021-09-28,21.169249,21.373817,20.607435,20.655334,343069000
2021-09-29,20.895827,20.972664,20.423823,20.473719,218394000
2021-09-30,20.724187,21.021559,20.644356,20.672297,221009000
2021-10-01,20.706223,20.814992,20.160376,20.69824,240978000
2021-10-04,20.460741,20.498661,19.513744,19.690371,345635000
2021-10-05,19.907912,20.604439,19.812113,20.407854,279282000
2021-10-06,20.077559,20.676292,20.037643,20.656336,297202000
2021-10-07,21.047505,21.277021,20.927759,21.030542,256919000
2021-10-08,21.056487,21.161265,20.731174,20.787056,151258000
2021-10-11,20.531595,21.018564,20.467729,20.65134,163388000
2021-10-12,20.784064,21.012581,20.484698,20.627396,162134000
2021-10-13,20.873867,20.945716,20.6693,20.894823,180652000
2021-10-14,21.243094,21.709108,21.077444,21.700129,243589000
2021-10-15,21.763989,21.884735,21.616303,21.81588,226994000
2021-10-18,21.703125,22.243982,21.598345,22.175127,189494000
2021-10-19,22.229009,22.331792,21.990514,22.242981,161473000
2021-10-20,22.257945,22.385675,21.935627,22.056372,146276000
2021-10-21,22.050383,22.663088,22.036412,22.644127,187590000
2021-10-22,22.77485,23.081202,22.513404,22.678055,249384000
2021-10-25,22.924539,23.305733,22.721968,23.117132,230235000
2021-10-26,23.938395,25.205716,23.873531,24.664858,485898000
2021-10-27,24.422372,25.037072,24.230776,24.39942,245990000
2021-10-28,24.825515,24.897364,24.471265,24.888382,234204000
2021-10-29,24.948257,25.654764,24.94726,25.513063,292503000
2021-11-01,25.59489,25.839372,25.17378,25.772514,265740000
2021-11-02,25.767525,26.621719,25.745571,26.345303,294112000
2021-11-03,26.61374,26.7275,26.179658,26.541891,239910000
2021-11-04,27.17156,31.298834,27.060794,29.738134,1153631000
2021-11-05,30.123319,31.33376,29.347958,29.689238,851260000
2021-11-08,30.085399,31.034393,29.843909,30.739017,503101000
2021-11-09,32.213905,32.241846,29.900794,30.592331,646746000
2021-11-10,29.294075,30.784923,28.717293,29.396856,636206000
2021-11-11,30.403726,30.525468,29.714184,30.32589,332172000
2021-11-12,29.946692,30.615279,29.567493,30.32589,413054000
2021-11-15,30.487549,30.579354,29.185302,29.96166,384909000
2021-11-16,29.696224,30.325892,29.643335,30.139286,264484000
2021-11-17,30.353825,30.444635,28.739239,29.199266,428508000
2021-11-18,32.298725,32.690893,31.25493,31.608183,781711000
2021-11-19,32.174985,33.018204,31.837699,32.915421,533867000
2021-11-22,33.446296,34.573913,31.832708,31.88859,754335000
2021-11-23,31.468472,32.291733,30.814853,31.679028,532163000
2021-11-24,31.394628,32.785686,30.862751,32.605068,435162000
2021-11-26,32.531229,32.640997,31.283867,31.436544,283069000
2021-11-29,32.297716,33.341507,31.968411,33.305584,454964000
2021-11-30,33.099027,33.282641,31.796782,32.607067,622066000
2021-12-01,33.152987,33.222848,31.317639,31.37253,484368000
2021-12-02,31.151974,32.413462,30.963349,32.06216,472890000
2021-12-03,31.936402,32.065147,30.070117,30.632,544325000
2021-12-06,29.820617,30.1809,27.982279,29.977306,658938000
2021-12-07,30.895477,32.384512,30.590083,32.362553,593053000
2021-12-08,31.935409,32.225831,31.358557,31.762753,475551000
2021-12-09,31.670936,32.141003,30.367532,30.429409,488507000
2021-12-10,31.088095,31.242788,29.801657,30.137987,488825000
2021-12-13,30.188886,30.233796,28.060123,28.105034,598344000
2021-12-14,27.643947,28.621002,27.19584,28.28068,667035000
2021-12-15,28.343555,30.439381,27.782671,30.398462,698297000
2021-12-16,31.090092,31.098075,28.037171,28.330585,707366000
2021-12-17,27.929389,28.864527,27.704835,27.745754,713758000
2021-12-20,27.250737,28.088068,27.091055,27.663914,461847000
2021-12-21,28.317607,29.062124,27.346539,29.017214,524385000
2021-12-22,28.833583,29.496263,28.39246,29.34157,395184000
2021-12-23,29.695866,29.999263,29.37251,29.581095,343022000
2021-12-27,29.601053,31.025217,29.581092,30.883499,403686000
2021-12-28,31.24977,31.267734,29.952353,30.261738,420591000
2021-12-29,30.212835,30.487288,29.307636,29.941374,343139000
2021-12-30,29.767727,30.396476,29.481298,29.527206,308864000
2021-12-31,29.615024,29.970318,29.272706,29.352547,266530000
2022-01-03,29.755748,30.649968,29.725807,30.06114,391547000
2022-01-04,30.216832,30.407453,28.292664,29.231794,527154000
2022-01-05,28.891465,29.357538,27.478281,27.549139,498064000
2022-01-06,27.585069,28.381483,27.011213,28.122,454186000
2022-01-07,28.085072,28.365514,27.003225,27.192848,409939000
2022-01-10,26.52817,27.414406,25.593032,27.345543,594681000
2022-01-11,27.268695,28.009221,26.785658,27.761713,404089000
2022-01-12,28.011219,28.53817,27.553132,27.943356,383413000
2022-01-13,28.322602,28.423401,26.44534,26.522188,540171000
2022-01-14,26.247736,27.142954,26.157914,26.88846,395832000
2022-01-18,26.207811,26.58506,25.718785,25.851521,424270000
2022-01-19,26.027173,26.49025,25.002214,25.017183,488315000
2022-01-20,25.253713,25.528166,24.030148,24.102005,435181000
2022-01-21,23.460284,24.773669,23.21677,23.327549,718958000
2022-01-24,22.285621,23.333534,20.846488,23.32555,913982000
2022-01-25,22.501195,22.897408,21.956281,22.279636,664616000
2022-01-26,23.193812,24.009188,22.25568,22.726742,755959000
2022-01-27,23.52117,23.947321,21.63193,21.900396,573353000
2022-01-28,21.968254,22.812573,21.253677,22.794609,543774000
2022-01-31,23.135927,24.460291,23.006186,24.437336,564680000
2022-02-01,25.054109,25.095027,23.842521,24.589035,518925000
2022-02-02,25.74274,25.765693,24.504205,25.191837,543419000
2022-02-03,24.409393,25.027162,23.73274,23.900406,410178000
2022-02-04,23.924358,24.58604,23.585033,24.270668,354829000
2022-02-07,24.323564,25.131954,24.153902,24.678858,376868000
2022-02-08,24.310588,25.179857,23.932341,25.0581,410359000
2022-02-09,25.57108,26.671889,25.302616,26.651928,524282000
2022-02-10,25.943338,26.871488,25.549123,25.772676,513200000
2022-02-11,25.864497,26.100028,23.725756,23.901405,605472000
2022-02-14,23.886436,24.825566,23.707791,24.218775,440424000
2022-02-15,24.899418,26.492246,24.734746,26.442347,699869000
2022-02-16,26.206811,26.529169,25.501216,26.458309,732676000
2022-02-17,25.579061,25.733754,24.116975,24.458294,810595000
2022-02-18,24.618977,24.936345,23.054094,23.595016,761255000
2022-02-22,22.989223,24.016178,22.954293,23.343517,633422000
2022-02-23,23.754701,24.107,22.256684,22.342512,566511000
2022-02-24,20.973235,23.7527,20.848484,23.700804,735801000
2022-02-25,23.673861,24.168874,23.334537,24.108994,528866000
2022-02-28,23.944323,24.615986,23.65989,24.336542,477319000
2022-03-01,24.242727,24.328557,23.08603,23.430344,412056000
2022-03-02,23.712832,24.364645,23.372452,24.175987,389642000
2022-03-03,24.217905,24.281789,23.426347,23.670902,365095000
2022-03-04,23.341503,23.636965,22.441142,22.894318,431415000
2022-03-07,22.775532,22.991141,21.291235,21.313194,450821000
2022-03-08,21.270272,22.332337,20.612469,21.474899,557467000
2022-03-09,22.346314,23.177801,22.206569,22.972176,492742000
2022-03-10,22.490057,22.74659,21.842236,22.616827,428066000
2022-03-11,22.980161,23.102938,22.005935,22.059837,367209000
2022-03-14,21.829259,22.221544,21.12055,21.291239,385354000
2022-03-15,21.478894,22.996132,21.283251,22.93125,491996000
2022-03-16,23.457293,24.552299,23.12989,24.451483,671422000
2022-03-17,24.076163,24.796849,23.862552,24.720989,471941000
2022-03-18,24.753936,26.52072,24.579255,26.40493,730719000
2022-03-21,26.458829,27.102657,25.919809,26.685415,591727000
2022-03-22,26.678426,27.188499,26.024618,26.475796,547007000
2022-03-23,26.078518,26.563635,25.528521,25.587414,502120000
2022-03-24,26.118447,28.268532,25.859917,28.098841,877379000
2022-03-25,27.835322,28.306464,27.22144,27.641674,579016000
2022-03-28,27.705557,28.198659,27.156556,28.167715,425494000
2022-03-29,28.642851,28.893394,27.92915,28.603922,488984000
2022-03-30,28.252561,28.444212,27.453017,27.639677,463487000
2022-03-31,27.731507,28.19666,27.220438,27.236408,523440000
2022-04-01,27.325251,27.446032,26.219265,26.663456,517235000
2022-04-04,26.679427,27.507918,26.564636,27.310278,397120000
2022-04-05,27.204471,27.269353,25.773077,25.883875,436615000
2022-04-06,24.888689,25.254023,23.959381,24.362646,703833000
2022-04-07,24.396582,24.677071,23.435332,24.164005,557992000
2022-04-08,23.873533,23.879522,23.020087,23.076982,524781000
2022-04-11,22.173632,22.279438,21.620638,21.877171,575207000
2022-04-12,22.496042,22.6837,21.243321,21.464918,662258000
2022-04-13,21.688512,22.459108,21.416007,22.162647,516943000
2022-04-14,22.4641,22.735607,21.124539,21.219366,569097000
2022-04-18,21.161473,22.047858,21.040693,21.743414,525701000
2022-04-19,21.680524,22.332337,21.275262,22.157656,512781000
2022-04-20,22.476078,22.628799,21.161472,21.442959,468974000
2022-04-21,21.669548,22.351307,19.963654,20.146322,656209000
2022-04-22,20.266102,20.44877,19.464562,19.479534,624713000
2022-04-25,19.167101,19.908751,19.061295,19.865829,641566000
2022-04-26,19.682163,19.752035,18.636067,18.753853,653143000
2022-04-27,18.564197,19.132163,18.256758,18.381531,499460000
2022-04-28,18.932532,20.000589,18.4564,19.746052,570327000
2022-04-29,19.366744,20.091424,18.483352,18.513298,500435000
2022-05-02,18.507305,19.538427,18.357578,19.497503,572049000
2022-05-03,19.364743,19.788972,19.098228,19.566376,475751000
2022-05-04,19.886796,20.362929,18.716925,20.297049,648855000
2022-05-05,19.830895,19.888788,18.466379,18.809753,626331000
2022-05-06,18.701952,19.476541,17.957307,18.641062,633297000
2022-05-09,18.001227,18.221824,16.79642,16.919197,644455000
2022-05-10,17.656857,18.164933,16.994064,17.563028,761474000
2022-05-11,17.315471,17.720733,16.537888,16.599773,670167000
2022-05-12,16.189522,16.757488,15.538707,16.145601,708728000
2022-05-13,16.757491,17.895419,16.562846,17.673822,670437000
2022-05-16,17.477183,17.755676,17.074916,17.232628,521446000
2022-05-17,18.041153,18.337614,17.601954,18.143967,585830000
2022-05-18,17.672825,18.085075,16.833354,16.907219,545161000
2022-05-19,16.906216,17.654853,16.703584,17.092876,621310000
2022-05-20,17.300505,17.378362,15.72637,16.663664,739105000
2022-05-23,16.24443,16.884266,16.149603,16.867296,639889000
2022-05-24,16.479991,16.566833,15.751318,16.124638,588550000
2022-05-25,15.990888,17.079905,15.970924,16.944153,781132000
2022-05-26,16.006856,18.059119,15.992881,17.818558,996575000
2022-05-27,18.152949,18.846686,18.067105,18.776814,738379000
2022-05-31,18.945506,19.165108,18.316652,18.638067,664100000
2022-06-01,18.689974,19.018375,18.089067,18.286707,544514000
2022-06-02,18.258754,19.583342,18.164925,19.556391,648656000
2022-06-03,19.047321,19.296867,18.488338,18.685978,598779000
2022-06-06,19.104217,19.301857,18.530261,18.751858,422406000
2022-06-07,18.43843,18.96547,18.154946,18.891605,388914000
2022-06-08,18.768802,19.149191,18.505226,18.618046,363252000
2022-06-09,18.451314,18.902587,18.01202,18.019009,395574000
2022-06-10,17.571729,17.668574,16.841903,16.946735,465248000
2022-06-13,15.974299,16.285798,15.580932,15.621866,604153000
2022-06-14,15.705731,16.040193,15.387243,15.810563,469680000
2022-06-15,16.069147,16.840906,15.900419,16.500454,563936000
2022-06-16,15.834523,15.916392,15.376261,15.575939,545749000
2022-06-17,15.622863,15.969305,15.303377,15.85449,630334000
2022-06-21,16.448537,16.98068,16.380646,16.539391,483089000
2022-06-22,16.199938,16.635238,16.154012,16.333723,437135000
2022-06-23,16.492465,16.558359,15.827535,16.198938,463680000
2022-06-24,16.473498,17.112469,16.283802,17.098492,472153000
2022-06-27,17.284193,17.302164,16.599294,16.841904,427968000
2022-06-28,16.872852,17.174367,15.919386,15.956327,461149000
2022-06-29,15.788597,15.794587,15.145631,15.517034,482352000
2022-06-30,15.336324,15.541994,14.838126,15.134649,686070000
2022-07-01,14.875067,15.038804,14.368882,14.499671,577610000
2022-07-05,14.15223,14.946951,14.032423,14.939962,651397000
2022-07-06,14.98589,15.294393,14.765244,15.105697,529066000
2022-07-07,15.431172,15.919386,15.36428,15.832526,492903000
2022-07-08,15.405215,16.01124,15.36428,15.812559,467972000
2022-07-11,15.50106,15.502058,15.013844,15.127661,437321000
2022-07-12,15.243475,15.406213,14.853103,15.057774,458483000
2022-07-13,14.566565,15.350304,14.441766,15.139643,521918000
2022-07-14,15.08373,15.448144,14.704341,15.347306,456235000
2022-07-15,15.633847,15.756648,15.42019,15.736681,385935000
2022-07-18,16.275815,16.869859,15.976298,16.075138,670517000
2022-07-19,16.459519,17.082517,16.146024,16.964706,702366000
2022-07-20,16.919776,17.904192,16.77401,17.778393,760538000
2022-07-21,17.856272,18.114855,17.516818,18.021006,557049000
2022-07-22,17.864259,17.93814,17.109473,17.291182,536671000
2022-07-25,16.991661,17.096494,16.622257,16.996655,480748000
2022-07-26,16.861872,16.891825,16.451533,16.506445,397865000
2022-07-27,17.004641,17.90719,16.885833,17.761425,569776000
2022-07-28,17.946128,18.110862,17.411988,17.955112,474646000
2022-07-29,17.784387,18.214695,17.663581,18.133825,435460000
2022-08-01,18.152794,18.815729,17.961103,18.411379,476469000
2022-08-02,18.09289,18.907579,18.062938,18.496241,489527000
2022-08-03,18.154795,18.937536,18.107869,18.862656,418146000
2022-08-04,18.818726,19.243043,18.729868,19.184137,409652000
2022-08-05,18.779781,19.198108,18.636013,18.958494,386068000
2022-08-08,17.473889,18.209704,17.214306,17.76442,981859000
2022-08-09,17.224287,17.418974,16.697136,17.058554,668263000
2022-08-10,17.669571,18.088896,17.289182,18.06793,597422000
2022-08-11,18.101877,18.676952,17.847285,17.913179,509327000
2022-08-12,18.130828,18.687932,17.924159,18.678946,478094000
2022-08-15,18.670961,19.133217,18.583103,19.001429,457666000
2022-08-16,18.889607,19.111251,18.47128,18.848673,451240000
2022-08-17,18.493249,18.657983,18.115856,18.30555,446799000
2022-08-18,18.271607,18.834701,18.153797,18.742849,415447000
2022-08-19,18.376434,18.490251,17.741456,17.82033,441588000
2022-08-22,17.461906,17.529798,16.938748,17.006639,409593000
2022-08-23,16.961709,17.436945,16.942739,17.1534,369986000
2022-08-24,16.984672,17.37804,16.867862,17.194336,522661000
2022-08-25,16.816943,17.918172,16.805961,17.884226,770691000
2022-08-26,17.828316,17.895208,16.210917,16.233881,769127000
2022-08-29,15.994267,16.311755,15.741673,15.775618,496132000
2022-08-30,15.934364,16.013236,15.157613,15.443154,530181000
2022-08-31,15.359289,15.515038,14.934971,15.069755,573710000
2022-09-01,14.186176,14.356902,13.248685,13.914614,1178865000
2022-09-02,14.077352,14.148237,13.569168,13.625079,743157000
2022-09-06,13.708943,13.756867,13.329554,13.443371,535751000
2022-09-07,13.54524,13.81988,13.328524,13.696042,512657000
2022-09-08,13.441372,13.989654,13.351491,13.971677,624873000
2022-09-09,14.138461,14.455046,14.107502,14.36816,486612000
2022-09-12,14.350182,14.527949,14.179406,14.486004,484159000
2022-09-13,13.783924,13.903766,13.081844,13.113802,714956000
2022-09-14,13.236641,13.272594,12.896088,13.110806,588507000
2022-09-15,12.997956,13.21567,12.77325,12.912068,523625000
2022-09-16,12.725312,13.194697,12.600476,13.180716,670751000
2022-09-19,12.99496,13.44537,12.992963,13.364475,569685000
2022-09-20,13.197691,13.46534,13.039898,13.158742,524818000
2022-09-21,13.195697,14.012625,13.092831,13.243633,807679000
2022-09-22,13.052882,13.131779,12.411724,12.544549,759162000
2022-09-23,12.403734,12.594484,12.240947,12.499608,663309000
2022-09-26,12.474642,12.642422,12.198004,12.211986,547343000
2022-09-27,12.490621,12.719321,12.241947,12.396744,553854000
2022-09-28,12.393747,12.806206,12.337821,12.71932,542414000
2022-09-29,12.431698,12.48363,11.930355,12.203997,532763000
2022-09-30,12.07117,12.616456,12.059186,12.123102,565638000
2022-10-03,12.330831,12.661398,12.089147,12.495615,547478000
2022-10-04,12.862134,13.202688,12.862134,13.149757,584182000
2022-10-05,12.89409,13.303553,12.60447,13.191699,507131000
2022-10-06,13.202687,13.638116,13.085839,13.112804,644157000
2022-10-07,12.488624,12.653407,12.006256,12.060185,672478000
2022-10-10,12.021236,12.108122,11.39306,11.654717,698699000
2022-10-11,11.54586,11.830486,11.268224,11.570827,667482000
2022-10-12,11.563836,11.719631,11.330142,11.484939,492590000
2022-10-13,10.956631,12.062181,10.798838,11.944336,850103000
2022-10-14,12.041211,12.095141,11.189329,11.212298,713432000
2022-10-17,11.502915,11.932352,11.501916,11.87243,580774000
2022-10-18,12.327834,12.47564,11.602785,11.951328,659362000
2022-10-19,11.863443,12.333826,11.818501,12.035217,523131000
2022-10-20,12.097136,12.752277,12.089146,12.17803,652398000
2022-10-21,12.082156,12.481633,11.871433,12.449675,609494000
2022-10-24,12.491619,12.693354,12.0482,12.5825,517457000
2022-10-25,12.677376,13.282583,12.647415,13.243633,505482000
2022-10-26,12.852146,13.370466,12.691357,12.87911,532953000
2022-10-27,13.612148,13.819876,13.104813,13.158742,583113000
2022-10-28,13.086841,13.831864,13.043897,13.815885,521040000
2022-10-31,13.759956,13.819877,13.279586,13.479323,486341000
2022-11-01,13.792914,13.906765,13.501297,13.525266,432817000
2022-11-02,13.831862,14.19139,13.193699,13.201688,672628000
2022-11-03,13.025918,13.762951,12.939032,13.403422,500065000
2022-11-04,13.967684,14.210366,13.679062,14.137462,612576000
2022-11-07,14.209367,14.393126,13.935727,14.282271,410061000
2022-11-08,14.781615,14.871497,14.197381,14.582876,595292000
2022-11-09,14.143455,14.192391,13.740982,13.75796,454414000
2022-11-10,14.780616,15.752342,14.527948,15.729372,700819000
2022-11-11,15.786302,16.367539,15.461727,16.30562,655487000
2022-11-14,16.196758,16.518337,15.901145,16.273657,527852000
2022-11-15,16.700099,16.975737,16.360544,16.644173,545876000
2022-11-16,16.140834,16.340571,15.852212,15.889163,649547000
2022-11-17,15.694419,16.244698,15.514654,15.656468,710894000
2022-11-18,15.94509,15.981044,15.100199,15.388821,492072000
2022-11-21,15.127164,15.456732,15.060252,15.296942,404739000
2022-11-22,15.307926,16.036971,15.102196,16.016996,472866000
2022-11-23,16.076921,16.505361,16.026988,16.49737,427241000
2022-11-25,16.296633,16.46541,16.150824,16.248695,167934000
2022-11-28,16.00501,16.335578,15.704406,15.806272,303741000
2022-11-29,15.806273,15.911136,15.499676,15.61852,298384000
2022-11-30,15.680451,16.912152,15.580557,16.905159,565298000
2022-12-01,16.981081,17.2468,16.617465,17.116938,470977000
2022-12-02,16.641439,16.915151,16.427664,16.85821,371389000
2022-12-05,16.661419,16.977086,16.454636,16.592491,352255000
2022-12-06,16.512576,16.55553,15.802325,15.970148,352694000
2022-12-07,15.755375,16.168939,15.650485,16.103008,372388000
2022-12-08,16.255845,17.16089,15.942175,17.1509,515456000
2022-12-09,17.141909,17.564463,16.957104,16.983076,465338000
2022-12-12,17.019043,17.519515,16.779297,17.516518,457328000
2022-12-13,18.511468,18.770195,17.692332,18.052952,656589000
2022-12-14,17.968039,18.232761,17.401637,17.655369,496888000
2022-12-15,17.127925,17.301742,16.682396,16.93413,478542000
2022-12-16,16.846224,17.023037,16.392702,16.553532,478232000
2022-12-19,16.55453,16.591489,16.12798,16.236864,354039000
2022-12-20,16.047069,16.29281,15.835293,16.068047,403260000
2022-12-21,16.097008,16.609467,16.085019,16.483599,325025000
2022-12-22,16.077034,16.120989,14.866312,15.32283,565045000
2022-12-23,15.17998,15.322829,14.867311,15.18997,349326000
2022-12-27,15.05811,15.084082,14.041182,14.106114,464902000
2022-12-28,13.912319,14.246966,13.869364,14.021204,351066000
2022-12-29,14.386819,14.667522,14.212003,14.587606,354923000
2022-12-30,14.318888,14.613577,14.217995,14.598594,310490000
2023-01-03,14.835346,14.980193,14.081142,14.299911,401277000
2023-01-04,14.551644,14.837342,14.225988,14.733452,431324000
2023-01-05,14.475722,14.548645,14.133084,14.249961,389168000
2023-01-06,14.458742,14.994177,14.019206,14.843336,405044000
2023-01-09,15.267888,16.039074,15.125038,15.611526,504231000
2023-01-10,15.490653,15.945174,15.45569,15.89223,384101000
2023-01-11,15.823301,16.011103,15.546593,15.984131,353285000
2023-01-12,16.083029,16.619462,15.475669,16.493595,551409000
2023-01-13,16.26084,16.904162,16.14796,16.881186,447287000
2023-01-17,16.881187,17.709314,16.881187,17.68334,511102000
2023-01-18,17.648378,17.85416,17.263783,17.358685,439624000
2023-01-19,17.018044,17.178876,16.713367,16.74733,452932000
2023-01-20,16.993066,17.837177,16.807263,17.820194,564967000
2023-01-23,18.044956,19.224713,17.799217,19.172768,655163000
2023-01-24,18.807156,19.474453,18.800163,19.244694,496204000
2023-01-25,18.893066,19.349585,18.560416,19.302633,449537000
2023-01-26,19.680231,20.144741,19.257676,19.781124,489535000
2023-01-27,19.441485,20.606256,19.384545,20.343533,542142000
2023-01-30,19.928973,20.118772,19.129815,19.141804,488611000
2023-01-31,19.149793,19.666249,18.930026,19.516407,498017000
2023-02-01,19.670242,21.169659,19.590327,20.920923,660477000
2023-02-02,20.977861,21.92586,20.678178,21.686113,564276000
2023-02-03,20.977862,21.722077,20.767084,21.077757,429366000
2023-02-06,20.78407,21.547264,20.76409,21.066772,452197000
2023-02-07,21.359461,22.235537,21.127705,22.149628,664150000
2023-02-08,22.3634,22.853884,21.9848,22.181593,559651000
2023-02-09,22.582171,22.995734,22.096683,22.313454,523876000
2023-02-10,21.667137,22.054727,20.789064,21.242584,550737000
2023-02-13,21.515295,22.024758,20.939902,21.765032,474919000
2023-02-14,21.555252,23.024702,21.343475,22.946785,675474000
2023-02-15,22.525228,22.830905,22.082696,22.740002,420575000
2023-02-16,22.109666,22.526226,21.903884,21.978806,412026000
2023-02-17,21.608201,21.717086,20.952893,21.365458,465888000
2023-02-21,20.977862,21.471341,20.596265,20.633226,410015000
2023-02-22,20.685173,21.081754,20.399473,20.732122,513184000
2023-02-23,23.415289,23.862816,23.000725,23.639051,1117995000
2023-02-24,23.200517,23.449255,22.92281,23.261452,589716000
2023-02-27,23.645051,23.854829,23.429279,23.476229,452994000
2023-02-28,23.347362,23.799886,23.181537,23.191526,455963000
2023-03-01,23.167555,23.231489,22.484276,22.674076,460026000
2023-03-02,22.464295,23.355353,22.408353,23.289423,389415000
2023-03-03,23.29542,23.874808,23.105619,23.864819,412393000
2023-03-06,23.865816,24.222438,23.46224,23.529171,437429000
2023-03-07,23.579125,24.10366,23.220441,23.267401,515154000
2023-03-08,23.466221,24.178591,23.403277,24.159607,513573000
2023-03-09,24.153617,24.432371,23.362317,23.415272,501257000
2023-03-10,23.388296,23.606104,22.7059,22.944689,474866000
2023-03-13,22.731879,23.277395,22.277281,22.945688,421890000
2023-03-14,23.475216,24.197576,23.439246,24.041714,474910000
2023-03-15,23.73998,24.264515,23.339336,24.206568,524486000
2023-03-16,24.005749,25.565367,23.872865,25.51841,583253000
2023-03-17,25.959018,26.375649,25.645295,25.702246,848547000
2023-03-20,25.592343,26.000981,25.107771,25.87709,432747000
2023-03-21,26.156845,26.368657,25.358552,26.175827,547408000
2023-03-22,26.40163,27.564602,26.213797,26.444593,797295000
2023-03-23,27.091017,27.474678,26.666394,27.16695,564889000
2023-03-24,27.007096,27.142975,26.331693,26.755318,454920000
2023-03-27,26.813265,26.976121,26.341682,26.507536,361026000
2023-03-28,26.42361,26.489552,25.827138,26.386642,356104000
2023-03-29,26.801279,27.054053,26.57348,26.960136,393694000
2023-03-30,27.204921,27.474682,27.078032,27.358784,364516000
2023-03-31,27.115994,27.809381,27.081025,27.752432,433933000
2023-04-03,27.484673,27.975238,27.311826,27.940269,398716000
2023-04-04,27.941269,27.97524,27.282852,27.428722,368592000
2023-04-05,26.805273,26.974123,26.371657,26.857227,515015000
2023-04-06,26.560486,27.056048,26.403625,27.013086,397654000
2023-04-10,26.799274,27.596568,26.645411,27.554605,395279000
2023-04-11,27.699479,27.765421,27.102007,27.14497,314378000
2023-04-12,27.345795,27.443708,26.42461,26.471569,446259000
2023-04-13,26.710354,26.863219,26.305714,26.439594,353615000
2023-04-14,26.480558,26.859222,26.196809,26.734333,395660000
2023-04-17,26.541501,26.982111,26.409618,26.978115,321471000
2023-04-18,27.50865,28.085139,27.332805,27.64253,604812000
2023-04-19,27.3368,27.975235,27.207915,27.906296,358660000
2023-04-20,27.646528,28.005212,26.976122,27.08003,427713000
2023-04-21,26.928161,27.158957,26.698364,27.095013,345103000
2023-04-24,26.98911,27.341796,26.647411,27.018084,339282000
2023-04-25,27.05405,27.222901,26.201806,26.217791,378527000
2023-04-26,26.978114,27.305823,26.681376,26.932154,406337000
2023-04-27,27.338798,27.470681,26.601449,27.201918,377161000
2023-04-28,27.200918,27.733446,27.047053,27.724455,292216000
2023-05-01,27.815375,29.032298,27.755428,28.884428,570329000
2023-05-02,28.654633,28.810495,28.058161,28.185047,402730000
2023-05-03,27.815379,28.341913,27.447704,27.777412,383387000
2023-05-04,27.626546,27.834363,27.215911,27.537626,321850000
2023-05-05,27.801392,28.729569,27.706476,28.654636,361494000
2023-05-08,28.49677,29.194153,28.324923,29.125214,344979000
2023-05-09,28.873438,28.947372,28.424835,28.545727,314869000
2023-05-10,28.979344,29.08725,28.435827,28.859451,369350000
2023-05-11,28.870442,28.924396,28.221018,28.552723,322149000
2023-05-12,28.503768,28.754547,28.021195,28.314936,274222000
2023-05-15,28.482781,28.943374,28.127097,28.927387,293926000
2023-05-16,28.815492,29.843583,28.806501,29.187162,449405000
2023-05-17,29.557832,30.172287,29.403969,30.151306,432535000
2023-05-18,30.383104,31.799849,30.293184,31.649982,748725000
2023-05-19,31.508108,31.55207,30.888657,31.236349,473908000
2023-05-22,30.873668,31.492122,30.652864,31.148426,372000000
2023-05-23,30.972577,31.260322,30.603904,30.660852,356253000
2023-05-24,30.183281,30.579931,29.779639,30.510992,721419000
2023-05-25,38.48893,39.445085,36.602599,37.946411,1543911000
2023-05-26,37.856483,39.135349,37.516784,38.911549,714397000
2023-05-30,40.559096,41.900907,39.913668,40.075523,923401000
2023-05-31,39.45307,40.259355,37.788543,37.800533,1002580000
2023-06-01,38.454952,40.014572,38.306086,39.734821,635873000
2023-06-02,40.061541,40.464184,39.023458,39.292221,482731000
2023-06-05,38.874579,39.529997,38.672759,39.136349,396094000
2023-06-06,38.795659,39.125365,38.114259,38.619812,388729000
2023-06-07,38.884606,39.46815,37.326822,37.445728,511998000
2023-06-08,37.694534,38.833643,37.475707,38.479919,417772000
2023-06-09,39.006498,39.679971,38.536867,38.739708,427717000
2023-06-12,39.169383,39.499123,38.587837,39.45116,388701000
2023-06-13,40.15461,41.068897,39.70896,40.989956,613208000
2023-06-14,40.792114,42.966413,40.520323,42.963417,740465000
2023-06-15,42.568727,43.255191,42.114081,42.619686,568622000
2023-06-16,43.416057,43.686845,42.627672,42.658649,655709000
2023-06-20,42.964412,43.955638,42.640664,43.773777,451153000
2023-06-21,43.467024,43.580938,42.047137,43.011379,551603000
2023-06-22,42.21999,43.392074,42.201008,42.99139,417737000
2023-06-23,42.430831,42.775559,41.98218,42.176029,358140000
2023-06-26,42.427836,42.7306,40.06868,40.600266,594322000
2023-06-27,40.76713,41.907238,40.416406,41.843288,462175000
2023-06-28,40.628245,41.812321,40.486357,41.084888,582639000
2023-06-29,41.525537,41.567504,40.568285,40.790112,380514000
2023-06-30,41.647443,42.516763,41.468582,42.268955,501148000
2023-07-03,42.483786,42.864489,42.169034,42.379868,198209000
2023-07-05,42.102094,43.14328,42.052134,42.283955,323618000
2023-07-06,41.811318,42.146055,41.313705,42.070114,303582000
2023-07-07,42.288937,43.180242,42.14705,42.469795,355881000
2023-07-10,42.623681,42.77756,41.616465,42.147053,353908000
2023-07-11,42.44782,42.724605,42.034146,42.37188,298244000
2023-07-12,42.999386,43.900681,42.743585,43.867706,481277000
2023-07-13,44.483233,46.118952,44.457253,45.941093,478204000
2023-07-14,46.546615,48.050441,45.024806,45.433487,772075000
2023-07-17,46.252847,46.459682,45.226648,46.424709,510488000
2023-07-18,46.664525,47.858592,45.698282,47.456905,569164000
2023-07-19,47.426925,47.780648,46.705489,47.040226,427502000
2023-07-20,46.470672,47.050221,45.026801,45.484444,537865000
2023-07-21,45.752236,45.830178,44.065555,44.274391,963769000
2023-07-24,44.696066,45.073773,44.005608,44.57716,382516000
2023-07-25,44.905892,46.146918,44.887904,45.643314,348081000
2023-07-26,45.985052,46.017029,44.59514,45.416496,364237000
2023-07-27,46.482659,47.357974,45.714259,45.864143,455976000
2023-07-28,46.631545,46.990266,46.344771,46.713482,331194000
2023-07-31,46.717487,47.093193,46.469679,46.692505,251055000
2023-08-01,46.423712,46.863371,45.991052,46.470676,237858000
2023-08-02,45.795201,45.804193,43.35311,44.234421,530142000
2023-08-03,43.765783,45.082754,43.765783,44.480225,324176000
2023-08-04,44.949869,45.606354,44.358333,44.645107,362666000
2023-08-07,45.075766,45.504432,44.528194,45.381527,322154000
2023-08-08,44.817968,45.206664,44.021589,44.629116,353843000
2023-08-09,44.239413,44.277386,42.101086,42.52076,586449000
2023-08-10,42.127074,43.539971,41.802327,42.354897,492705000
2023-08-11,41.71839,41.985183,40.607259,40.82309,533085000
2023-08-14,40.45438,43.76579,40.279517,43.718826,690286000
2023-08-15,44.525196,45.232643,43.675858,43.905678,676512000
2023-08-16,44.485223,44.640101,43.372091,43.45203,527451000
2023-08-17,43.935661,44.027588,42.967416,43.31015,452395000
2023-08-18,42.601692,43.543956,41.627455,43.265175,583768000
2023-08-21,44.459245,47.028236,44.187458,46.930313,692573000
2023-08-22,48.097404,48.149365,45.297594,45.632332,755293000
2023-08-23,45.830181,47.163139,45.172694,47.079205,779046000
2023-08-24,50.176776,50.226737,47.122165,47.12616,1156044000
2023-08-25,46.975286,47.767666,44.988836,45.982063,925341000
2023-08-28,46.445695,46.943307,44.852942,46.79842,685192000
2023-08-29,46.629546,49.04266,46.354759,48.745892,701397000
2023-08-30,49.005692,49.888001,48.387176,49.225521,735206000
2023-08-31,49.341434,49.705148,48.919763,49.316452,528570000
2023-09-01,49.723131,49.761099,48.104394,48.471107,463830000
2023-09-05,48.185339,48.812851,47.822624,48.510086,382653000
2023-09-06,48.407147,48.51507,46.547448,47.028111,468670000
2023-09-07,45.493191,46.311619,45.120451,46.208691,433330000
2023-09-08,45.909902,46.573435,45.239369,45.540157,473069000
2023-09-11,46.115751,46.130739,44.281035,45.146431,473966000
2023-09-12,44.706731,45.641078,44.499875,44.838638,349256000
2023-09-13,44.568833,45.897905,44.4719,45.453217,398355000
2023-09-14,45.917894,45.954867,45.099466,45.549152,370097000
2023-09-15,45.309315,45.567134,43.777385,43.869324,506831000
2023-09-18,42.718129,44.211084,41.97065,43.935276,500271000
2023-09-19,43.802371,43.935277,42.97195,43.48959,373064000
2023-09-20,43.569533,43.872323,42.193496,42.209484,367108000
2023-09-21,41.553949,42.070586,40.951369,40.988342,450736000
2023-09-22,41.54295,42.085573,41.202188,41.580925,479236000
2023-09-25,41.561938,42.506277,41.148225,42.192497,419091000
2023-09-26,41.971651,42.790079,41.625892,41.881714,402282000
2023-09-27,42.300416,42.842037,41.599906,42.438316,444935000
2023-09-28,42.430325,43.415636,42.085569,43.058887,424663000
2023-09-29,43.796367,44.113147,43.27673,43.468597,397830000
2023-10-02,43.999229,45.143429,43.830348,44.750706,433298000
2023-10-03,44.776686,45.098463,43.215777,43.486588,470850000
2023-10-04,43.711436,44.112157,43.26175,44.010227,361821000
2023-10-05,44.019218,44.868626,43.857332,44.656773,393483000
2023-10-06,44.162115,45.757,43.995232,45.730019,434436000
2023-10-09,44.810665,45.573132,44.336997,45.241364,409675000
2023-10-10,45.278341,46.226675,45.056496,45.765999,368582000
2023-10-11,46.163718,46.826257,46.01782,46.773293,378137000
2023-10-12,46.744315,47.575735,46.297629,46.912197,481325000
2023-10-13,46.927183,47.083076,45.248356,45.42923,474115000
2023-10-16,45.03151,46.192696,44.880614,46.06279,375099000
2023-10-17,43.969252,44.722727,42.450314,43.907295,812333000
2023-10-18,42.56124,43.188803,41.795776,42.166515,627294000
2023-10-19,42.781086,43.266746,41.852734,42.071583,501233000
2023-10-20,41.860721,42.440317,41.049288,41.358074,477266000
2023-10-23,41.200194,43.217785,40.916393,42.944973,478530000
2023-10-24,43.046895,43.666461,42.661167,43.632484,401463000
2023-10-25,43.367678,43.619504,41.525967,41.749809,398379000
2023-10-26,41.823754,42.226473,39.852134,40.297821,541001000
2023-10-27,41.101263,41.177211,39.987041,40.471703,416784000
2023-10-30,41.058287,41.736809,40.452708,41.132233,388028000
2023-10-31,40.421736,40.850437,39.202587,40.751503,517969000
2023-11-01,40.855434,42.35139,40.840445,42.295429,437593000
2023-11-02,43.29772,43.853332,42.864026,43.475597,409172000
2023-11-03,43.98924,45.277337,43.692447,44.973553,424610000
2023-11-06,45.253355,45.902902,44.867623,45.719028,400733000
2023-11-07,45.687051,46.185699,45.126442,45.922886,343165000
2023-11-08,46.067783,46.834249,45.935875,46.541454,346719000
2023-11-09,47.433831,48.196299,46.717333,46.917194,540496000
2023-11-10,47.466812,48.438133,47.249964,48.301228,421245000
2023-11-13,48.286236,49.081681,48.065389,48.586025,384136000
2023-11-14,49.645285,49.799177,49.005733,49.6213,416954000
2023-11-15,49.900105,49.925086,48.166317,48.853836,475497000
2023-11-16,48.644988,49.490397,48.296233,49.445427,339756000
2023-11-17,49.489397,49.682263,48.97276,49.263557,325205000
2023-11-20,49.277538,50.512674,49.146629,50.373772,414120000
2023-11-21,50.090972,50.481697,49.187604,49.9091,565747000
2023-11-22,49.817165,50.299825,47.656673,48.681957,899420000
2023-11-24,48.436138,48.886823,47.711642,47.742622,294645000
2023-11-27,47.766598,48.496087,47.618702,48.20829,395662000
2023-11-28,48.202293,48.289234,47.439826,47.787582,401491000
2023-11-29,48.345197,48.727928,47.826558,48.106361,382005000
2023-11-30,47.990445,48.076388,46.389567,46.737324,526247000
2023-12-01,46.492496,47.167024,46.154731,46.732327,369317000
2023-12-04,46.044808,46.044808,44.978552,45.478203,437543000
2023-12-05,45.438222,46.571528,45.243341,46.537552,371718000
2023-12-06,47.186165,47.35806,45.384264,45.475208,380590000
2023-12-07,45.672083,46.600516,45.576141,46.567535,350823000
2023-12-08,46.566536,47.711835,46.521561,47.476978,359224000
2023-12-11,47.461989,47.501962,45.802004,46.598515,509728000
2023-12-12,46.017876,47.636885,46.017876,47.627892,372387000
2023-12-13,47.599905,48.564316,47.578918,48.058624,447792000
2023-12-14,48.360434,48.640262,47.393027,48.320457,391232000
2023-12-15,48.16456,49.37382,48.090604,48.860134,479948000
2023-12-18,49.369825,50.402191,49.119978,50.04641,412587000
2023-12-19,49.393802,49.669634,48.865126,49.573692,464444000
2023-12-20,49.624663,49.968455,48.068615,48.081608,397894000
2023-12-21,48.781184,49.065011,48.389421,48.960075,300425000
2023-12-22,49.164942,49.352827,48.437386,48.800167,252507000
2023-12-26,48.938079,49.569693,48.930085,49.24889,244200000
2023-12-27,49.480755,49.64965,49.055012,49.38681,233648000
2023-12-28,49.612673,49.853523,49.381812,49.491745,246587000
2023-12-29,49.782568,49.966457,48.721216,49.491745,389293000
2024-01-02,49.213912,49.264879,47.565921,48.138569,411254000
2024-01-03,47.455988,48.154558,47.291088,47.539936,320896000
2024-01-04,47.737816,48.47037,47.478975,47.968678,306535000
2024-01-05,48.432395,49.516731,48.276488,49.067005,415039000
2024-01-08,49.481758,52.243071,49.448777,52.221081,642510000
2024-01-09,52.368993,54.291818,51.658425,53.10754,773100000
2024-01-10,53.58325,54.566646,53.456325,54.316799,533796000
2024-01-11,54.965399,55.312187,53.527279,54.788506,596759000
2024-01-12,54.586633,54.936422,54.296813,54.676579,352994000
2024-01-16,54.984396,56.800283,54.866468,56.347561,449580000
2024-01-17,56.312584,56.436508,54.706567,56.018764,474394000
2024-01-18,57.225019,57.564812,56.072724,57.072113,491650000
2024-01-19,57.953577,59.463656,57.190044,59.454662,543501000
2024-01-22,60.012317,60.294146,59.033915,59.617558,452955000
2024-01-23,59.533602,59.873394,58.549203,59.836418,294654000
2024-01-24,60.267164,62.810607,59.901386,61.324516,560271000
2024-01-25,62.311907,62.680685,60.812824,61.579357,482777000
2024-01-26,60.922758,61.745257,60.535997,60.993713,390309000
2024-01-29,61.194589,62.450822,60.869791,62.426838,348733000
2024-01-30,62.861579,63.454215,62.221967,62.735653,410735000
2024-01-31,61.402469,62.230965,60.662924,61.489418,453795000
2024-02-01,62.062059,63.152396,61.612337,62.988495,369146000
2024-02-02,63.934914,66.559309,63.651087,66.119583,476578000
2024-02-05,68.183316,69.454542,67.163943,69.289642,680078000
2024-02-06,69.587458,69.711383,66.259498,68.18132,683111000
2024-02-07,68.277264,70.177104,67.558701,70.056175,495575000
2024-02-08,70.031184,70.750745,69.412566,69.59845,414422000
2024-02-09,70.489922,72.140914,70.169119,72.088951,436637000
2024-02-12,72.555655,74.565428,71.206481,72.203873,613710000
2024-02-13,70.357012,73.405145,69.57749,72.083954,602580000
2024-02-14,73.157294,74.190659,71.894066,73.854866,504917000
2024-02-15,73.823876,73.929806,72.355771,72.613609,420122000
2024-02-16,74.054733,74.35655,72.456711,72.568642,495327000
2024-02-20,71.903055,71.912052,67.692631,69.409584,704833000
2024-02-21,67.964457,68.845922,66.207535,67.430786,673755000
2024-02-22,74.979166,78.526993,74.174658,78.490021,865100000
2024-02-23,80.740654,82.343671,77.52262,78.76886,829388000
2024-02-26,79.651316,80.596745,78.457046,79.043694,503973000
2024-02-27,79.332509,79.431455,77.11487,78.652924,391705000
2024-02-28,77.572582,78.884776,77.077881,77.615555,393110000
2024-02-29,79.045681,79.941129,78.302132,79.063667,507289000
2024-03-01,79.95113,82.249728,79.386472,82.228737,479135000
2024-03-04,84.078603,87.641428,83.667858,85.184929,615616000
2024-03-05,85.221918,86.048456,83.369966,85.915527,520639000
2024-03-06,87.97236,89.673396,86.980915,88.649971,582520000
2024-03-07,90.107144,92.714674,89.551458,92.61673,608119000
2024-03-08,95.08433,97.345055,86.457196,87.478622,1142269000
2024-03-11,86.380253,88.746914,84.118529,85.725624,678364000
2024-03-12,87.999341,91.908131,86.10141,91.86116,668075000
2024-03-13,91.003644,91.452388,88.385119,90.836739,635713000
2024-03-14,89.526476,90.594873,86.55115,87.894394,602318000
2024-03-15,86.880974,89.495496,86.208357,87.78746,642086000
2024-03-18,90.337022,92.352882,87.035883,88.405113,668976000
2024-03-19,86.651089,90.492922,84.962047,89.347572,672171000
2024-03-20,89.746349,90.35901,88.17324,90.32103,479063000
2024-03-21,92.247948,92.595751,90.354013,91.38343,480372000
2024-03-22,91.089583,94.724532,90.782757,94.235809,586719000
2024-03-25,93.888012,96.711415,93.457255,94.94841,552136000
2024-03-26,95.796942,96.320649,92.449832,92.508797,513648000
2024-03-27,93.059482,93.187408,89.072733,90.199097,586067000
2024-03-28,89.949236,91.248506,89.142692,90.305038,435212000
2024-04-01,90.248075,92.172984,89.153692,90.312035,452441000
2024-04-02,88.398104,90.043179,87.570575,89.401543,433064000
2024-04-03,88.434101,90.323034,88.350149,88.913826,370067000
2024-04-04,90.355005,90.582881,85.831557,85.856544,434965000
2024-04-05,86.817012,88.431107,85.877547,87.958374,399678000
2024-04-08,88.649957,88.779888,86.683072,87.083847,283220000
2024-04-09,87.392667,87.585558,82.975162,85.30584,501700000
2024-04-10,83.878663,87.350703,83.661783,86.989906,431929000
2024-04-11,87.370691,90.68782,86.876974,90.564888,431637000
2024-04-12,89.648408,90.124145,87.480633,88.136261,426805000
2024-04-15,89.047745,90.56189,85.880534,85.952492,443077000
2024-04-16,86.384244,88.068291,86.015456,87.365692,370453000
2024-04-17,88.290167,88.724926,83.902643,83.987602,495400000
2024-04-18,84.922073,86.141386,82.35552,84.623238,447260000
2024-04-19,83.103105,84.276439,75.563361,76.157021,875198000
2024-04-22,78.059933,80.027824,76.3569,79.473137,596341000
2024-04-23,80.723444,82.722316,80.218732,82.376511,438559000
2024-04-24,83.902658,84.034587,79.138348,79.632072,512208000
2024-04-25,78.823511,83.276,78.178878,82.585396,424641000
2024-04-26,83.770733,88.281189,83.339976,87.685524,551011000
2024-04-29,87.545601,87.942372,85.217912,87.707512,388971000
2024-04-30,87.190796,88.768908,86.251332,86.353271,363709000
2024-05-01,85.029003,85.951478,81.209153,82.994148,559863000
2024-05-02,84.401368,86.188362,83.153072,85.7686,377898000
2024-05-03,87.739479,89.230634,86.990901,88.738914,398341000
2024-05-06,89.339579,92.167985,89.004769,92.088028,376203000
2024-05-07,91.046614,91.729227,88.960793,90.502922,437342000
2024-05-08,89.432531,91.142564,89.369563,90.361008,325721000
2024-05-09,90.47793,91.020623,88.18123,88.696938,378013000
2024-05-10,90.254077,91.34946,89.176682,89.827316,335325000
2024-05-13,90.426957,90.946668,88.479059,90.348007,289680000
2024-05-14,89.548461,91.599306,88.883835,91.304474,296507000
2024-05-15,92.41985,94.808501,91.547341,94.57663,417735000
2024-05-16,94.856478,95.764962,94.049926,94.305786,323952000
2024-05-17,94.315775,94.68656,91.754217,92.426834,359691000
2024-05-20,93.697114,95.146293,93.387292,94.726532,318764000
2024-05-21,93.546204,95.346191,93.127442,95.332199,328946000
2024-05-22,95.405154,95.965835,93.196402,94.896439,548648000
2024-05-23,101.970458,106.260038,101.462742,103.740463,835065000
2024-05-24,104.390086,106.414944,102.941906,106.408951,429494000
2024-05-28,110.181812,114.874163,109.821015,113.836746,652728000
2024-05-29,112.986238,115.426855,110.838448,114.760231,557442000
2024-05-30,114.585344,115.753684,109.601157,110.437683,484553000
2024-05-31,112.456524,112.653419,106.879678,109.571159,613263000
2024-06-03,113.556915,114.935135,111.939824,114.935135,438392000
2024-06-04,115.650729,116.534225,113.980666,116.371315,403324000
2024-06-05,118.304243,122.379939,117.401753,122.370949,528402000
2024-06-06,123.978031,125.516165,118.253265,120.929756,664696000
2024-06-07,119.702451,121.623372,117.955443,120.819824,412386000
2024-06-10,120.302109,123.030565,116.944003,121.721306,313434100
2024-06-11,121.711317,122.810793,118.682778,120.851738,222551200
2024-06-12,123.000703,126.818862,122.510941,125.139671,299595000
2024-06-13,129.327636,129.737442,127.098715,129.547531,260704500
2024-06-14,129.897379,132.775981,128.25817,131.816452,309320400
2024-06-17,132.925927,133.66556,129.517566,130.916885,288504400
2024-06-18,131.076786,136.264287,130.627006,135.514648,294335100
2024-06-20,139.732638,140.692167,129.457593,130.71698,517768400
2024-06-21,127.058741,130.567051,124.2401,126.509003,649445800
2024-06-24,123.180603,124.400016,117.983112,118.053078,476060900
2024-06-25,121.141593,126.439042,119.262502,126.029236,414192600
2024-06-26,126.069214,128.058253,122.540917,126.339088,362975900
2024-06-27,124.040192,126.349084,122.86076,123.930244,252571700
2024-06-28,124.519969,127.648457,122.690849,123.480469,315516700
2024-07-01,123.41051,124.779845,118.772747,124.240112,284885500
2024-07-02,121.071627,123.350535,120.971677,122.610886,218374000
2024-07-03,121.601366,128.21817,121.301507,128.21817,215749000
2024-07-05,127.318612,128.787912,125.619434,125.769363,214176700
2024-07-08,127.428542,130.706967,126.978762,128.138199,237677300
2024-07-09,130.287194,133.755523,128.588001,131.316696,285366600
2024-07-10,133.96542,135.034912,132.356195,134.845001,248978600
2024-07-11,135.684582,136.084384,126.988778,127.338608,374782700
2024-07-12,128.198211,131.856451,127.158718,129.17775,252680500
2024-07-15,130.497071,131.326673,127.118703,128.378098,208326200
2024-07-16,128.378102,128.977804,124.519962,126.299103,214769500
2024-07-17,121.291517,121.791276,116.663751,117.933136,390086200
2024-07-18,121.791275,122.341013,116.503823,121.031639,320979500
2024-07-19,120.292001,121.541399,117.313441,117.873169,217223800
2024-07-22,120.292004,124.010212,119.802242,123.480469,258068900
2024-07-23,122.720825,124.629908,122.041153,122.530914,173911000
2024-07-24,119.112574,119.892197,113.385339,114.194946,327776900
2024-07-25,112.985519,116.573785,106.24877,112.225883,460067000
2024-07-26,116.134005,116.143994,111.526226,113.005508,293399100
2024-07-29,113.635219,116.223967,111.246371,111.536224,248152100
2024-07-30,111.466255,111.93603,102.490587,103.680016,486833300
2024-07-31,112.845583,118.282956,110.826553,116.963593,473174200
2024-08-01,117.473362,120.102099,106.758527,109.157372,523462300
2024-08-02,103.709997,108.667606,101.321149,107.2183,482027500
2024-08-05,92.015632,103.360169,90.646297,100.401588,552842400
2024-08-06,103.789954,107.658092,100.501547,104.19976,409012100
2024-08-07,107.75804,108.747568,98.64244,98.862335,411440400
2024-08-08,101.950848,105.449162,97.473004,104.919418,391910000
2024-08-09,105.589087,106.548623,103.380153,104.699516,290844200
2024-08-12,106.268765,111.016476,106.208796,108.967461,325559900
2024-08-13,112.385809,116.173983,111.526223,116.084023,312646700
2024-08-14,118.472882,118.542848,114.015032,118.023102,339246400
2024-08-15,118.702774,123.180611,117.413394,122.800797,318086700
2024-08-16,121.881231,124.939754,121.121596,124.519958,302589900
2024-08-19,124.220088,129.937332,123.360502,129.937332,318333600
2024-08-20,128.338122,129.81742,125.829337,127.188683,300087400
2024-08-21,127.258618,129.287646,126.59894,128.438049,257883600
2024-08-22,129.957347,130.68699,123.040676,123.680367,376189100
2024-08-23,125.79933,129.537533,125.159639,129.307632,323230300
2024-08-26,129.507565,131.196738,124.310066,126.399055,331964700
2024-08-27,124.989741,129.137735,123.820299,128.238174,303134600
2024-08-28,128.058254,128.268159,122.580899,125.549469,448101100
2024-08-29,121.301505,124.370025,116.653744,117.533318,453023300
2024-08-30,119.472396,121.691327,117.163512,119.312477,333751600
2024-09-03,115.954094,116.153995,107.238295,107.947952,477155100
2024-09-04,105.359204,113.215409,104.069824,106.158813,372470300
2024-09-05,104.939401,109.597159,104.709517,107.158333,306850700
2024-09-06,107.987929,108.097877,100.901342,102.780441,413638100
2024-09-09,104.829456,106.498657,103.640034,106.418694,273912000
2024-09-10,107.758029,109.347266,104.899407,108.04789,268283700
2024-09-11,109.337288,117.133532,107.368236,116.853668,441422400
2024-09-12,116.793682,120.742121,115.334262,119.092773,366052700
2024-09-13,119.032791,119.91244,117.553375,119.05278,238358300
2024-09-16,116.743702,118.13315,114.314665,116.733704,248772300
2024-09-17,118.123153,118.752908,114.784481,115.544174,231925900
2024-09-18,115.844048,117.653328,113.175108,113.32505,310318900
2024-09-19,117.303475,119.612564,117.203516,117.823273,293506400
2024-09-20,117.013595,118.572982,115.344259,115.954018,382462400
2024-09-23,116.503807,116.943627,114.814474,116.213921,206228500
2024-09-24,116.473808,121.751722,115.334261,120.82209,354966800
2024-09-25,121.971622,124.89047,121.561788,123.461037,284692900
2024-09-26,126.74973,127.61938,121.751712,123.990822,302582900
2024-09-27,123.920856,123.98083,119.212724,121.351875,271009200
2024-09-30,118.263104,121.451842,118.103172,121.391869,226553700
2024-10-01,121.721719,122.391459,115.744094,116.953613,302094500
2024-10-02,116.393839,119.332668,115.094351,118.802879,221845900
2024-10-03,120.872065,124.310704,120.292293,122.8013,277118000
2024-10-04,124.890472,124.990431,121.781704,124.870476,243678100
2024-10-07,124.940444,130.588205,124.900459,127.669365,346250200
2024-10-08,130.208349,133.427073,129.368685,132.837311,285722500
2024-10-09,134.056825,134.466666,131.327911,132.597397,246191600
2024-10-10,131.857702,134.946473,130.948059,134.756546,242311300
2024-10-11,133.956871,135.726174,133.607019,134.746567,170209500
2024-10-14,136.415902,139.544666,136.245971,138.015274,232347700
2024-10-15,137.81534,138.515074,128.688969,131.547836,377831000
2024-10-16,133.926883,136.565836,131.527841,135.666199,264879700
2024-10-17,139.28475,140.834139,136.815728,136.875702,306435900
2024-10-18,138.61503,138.844934,137.225581,137.945297,176090200
2024-10-21,138.075241,143.65303,137.945288,143.65303,264554500
2024-10-22,142.853373,144.362769,141.723816,143.533096,226311600
2024-10-23,141.973691,142.373527,137.405511,139.504669,285930000
2024-10-24,140.764181,141.293969,138.405116,140.35434,172354900
2024-10-25,140.874128,144.072872,140.74419,141.483887,205122100
2024-10-28,142.943322,143.083266,139.994495,140.46431,173586700
2024-10-29,140.234374,142.203594,138.844926,141.194,157593600
2024-10-30,139.484677,140.274373,136.755764,139.28476,179418100
2024-10-31,137.545476,137.555466,132.057646,132.707382,270039600
2024-11-01,134.646609,137.255575,134.516671,135.346329,207127800
2024-11-04,137.155622,138.904929,135.516273,135.996078,187528200
2024-11-05,137.395506,140.314347,137.275559,139.854538,160537400
2024-11-06,142.903333,146.431933,141.90373,145.552277,242043900
2024-11-07,146.331981,148.870967,146.112066,148.820999,207323300
2024-11-08,148.711035,149.710639,146.20202,147.571487,175665800
2024-11-11,148.621035,148.790981,143.513076,145.202393,182325600
2024-11-12,146.721805,149.590663,145.952106,148.231201,198634700
2024-11-13,149.010898,149.27079,145.842142,146.212006,191903300
2024-11-14,147.581469,148.94093,145.492301,146.701813,194463300
2024-11-15,144.81256,145.182423,140.024465,141.923706,250132900
2024-11-18,139.444685,141.493875,137.095611,140.094421,221205300
2024-11-19,141.263989,147.071684,140.934118,146.951721,227834900
2024-11-20,147.35157,147.501505,142.673418,145.832169,309871700
2024-11-21,149.290808,152.829398,140.644227,146.611862,400946600
2024-11-22,145.87214,147.101664,141.044069,141.893723,236406200
2024-11-25,141.933714,141.993688,135.766162,135.96608,344941900
2024-11-26,137.645428,139.2448,135.616233,136.865738,190287700
2024-11-27,134.95646,137.165591,131.747742,135.286331,226370900
2024-11-29,136.725787,139.294776,135.996081,138.195206,141863200
2024-12-02,138.774945,140.394298,137.765351,138.575027,171682800
2024-12-03,138.205199,140.484295,137.895325,140.204407,164414000
2024-12-04,141.943719,145.73221,140.23439,145.082474,231224300
2024-12-05,145.062484,146.492008,143.90286,145.012497,172621200
2024-12-06,144.552637,145.652268,141.263706,142.393341,188505600
2024-12-09,138.924478,139.904152,137.085084,138.764526,189308600
2024-12-10,138.964453,141.773545,133.746162,135.025757,210020900
2024-12-11,137.315,140.124077,135.165711,139.264359,184905200
2024-12-12,137.035104,138.394659,135.755525,137.295013,159211400
2024-12-13,138.89449,139.554278,132.496578,134.206024,231514900
2024-12-16,134.13602,134.355949,130.377257,131.956741,237951100
2024-12-17,129.047713,131.546894,126.818448,130.34729,259410300
2024-12-18,133.816158,136.655224,128.237984,128.867783,277444500
2024-12-19,131.716824,133.986085,129.507557,130.637177,209719200
2024-12-20,129.767471,135.23568,128.177996,134.655869,306528600
2024-12-23,136.235348,139.744193,135.075725,139.624237,176053500
2024-12-24,139.954143,141.853515,138.604579,140.174072,105157000
2024-12-26,139.65425,140.803883,137.684894,139.884171,116205600
2024-12-27,138.504623,138.97447,134.665884,136.965118,170582600
2024-12-30,134.785814,140.224034,133.976082,137.444946,167734700
2024-12-31,137.984798,138.024794,133.786177,134.246017,155659200
2025-01-02,135.955453,138.834515,134.585907,138.264694,198247200
2025-01-03,139.964138,144.852536,139.684231,144.422684,229322500
2025-01-06,148.541321,152.110159,147.771585,149.381042,265377400
2025-01-07,152.979862,153.079835,139.964123,140.094086,351782200
2025-01-08,142.533294,143.902841,137.514934,140.064102,227349900
2025-01-10,137.404983,139.874175,134.176045,135.865494,207602500
2025-01-13,129.947442,133.446295,129.467588,133.186371,204808900
2025-01-14,136.00543,136.335324,130.007396,131.716827,195590500
2025-01-15,133.606225,136.405311,131.246998,136.195389,185217300
2025-01-16,138.594592,138.704556,133.446285,133.52626,209235600
2025-01-17,136.645232,138.454636,135.415639,137.664902,201188800
2025-01-21,139.114423,141.783547,137.045094,140.783875,197749000
2025-01-22,144.612636,147.741601,143.622955,147.021851,237651400
2025-01-23,145.002496,147.181775,143.67293,147.171783,155915500
2025-01-24,148.321389,148.921199,141.833525,142.573273,234657600
2025-01-27,124.759117,128.357929,116.661765,118.381203,818830900
2025-01-28,121.770098,128.957745,116.211921,128.947754,579666400
2025-01-29,126.458563,126.848435,120.010679,123.659477,467120600
2025-01-30,123.059681,124.95906,118.061319,124.609177,392925500
2025-01-31,123.739454,127.808121,119.150961,120.03067,388161100
2025-02-03,114.712418,118.531166,112.97299,116.621796,371235700
2025-02-04,116.921689,121.160298,116.661772,118.611137,256550000
2025-02-05,121.720122,124.959058,120.720449,124.789116,262230800
2025-02-06,127.378266,128.72783,125.168991,128.637848,251483600
2025-02-07,129.177663,130.32728,124.959044,129.797455,228186300
2025-02-10,130.047389,134.955785,129.917442,133.52626,216989100
2025-02-11,132.536586,134.435958,130.9771,132.756516,178902400
2025-02-12,129.977433,132.196707,129.037738,131.097061,160278600
2025-02-13,131.516893,136.455277,131.127021,135.245667,197430000
2025-02-14,136.435286,139.204383,135.455611,138.80452,195479600
2025-02-18,141.223738,143.393025,137.88482,139.35434,219176600
2025-02-19,139.464294,141.313694,137.175051,139.184387,167536000
2025-02-20,139.984127,140.613925,136.745182,140.064102,143903600
2025-02-21,139.994119,141.413667,133.986093,134.385956,228217600
2025-02-24,136.515277,138.544611,130.037404,130.237335,251381100
2025-02-25,129.937425,130.157354,124.399246,126.588524,271428700
2025-02-26,129.947429,133.686194,128.44792,131.237,322553800
2025-02-27,134.955784,134.965775,119.970696,120.110649,443175800
2025-02-28,117.98134,125.049024,116.361876,124.879082,389091100
2025-03-03,123.469546,123.659478,112.243221,114.022636,411381400
2025-03-04,110.613756,119.270916,110.073932,115.952003,398163300
2025-03-05,117.541488,118.241256,114.472494,117.261581,284337900
2025-03-06,113.492813,115.312216,110.183899,110.533783,321181900
2025-03-07,111.213561,113.442834,107.524767,112.653091,341755500
2025-03-10,109.863995,111.813353,105.425448,106.944954,366487400
2025-03-11,106.954948,112.203229,104.735674,108.724373,354865700
2025-03-12,114.093117,116.732494,112.853404,115.71273,323857500
2025-03-13,117.002428,117.732259,113.763193,115.552773,299033100
2025-03-14,118.582058,121.851284,118.122167,121.641335,277593500
2025-03-17,122.711082,122.861048,118.002192,119.501839,255501500
2025-03-18,117.972196,118.991952,114.513012,115.402802,299686900
2025-03-19,117.242361,120.421612,115.652739,117.492302,273426200
2025-03-20,116.522538,120.171672,116.442555,118.502068,248829700
2025-03-21,116.912449,117.962197,115.392803,117.672264,266498500
2025-03-24,119.851755,122.191208,119.311881,121.381401,228452500
2025-03-25,120.521601,121.261425,118.89198,120.661568,167447200
2025-03-26,118.70203,118.811997,112.683444,113.7332,293463300
2025-03-27,111.323772,114.423041,110.63394,111.403755,236902100
2025-03-28,111.463736,112.843416,109.044308,109.644165,229872500
2025-03-31,105.105227,110.933856,103.62558,108.354462,299212700
2025-04-01,108.494433,110.174038,106.444921,110.124054,222614000
2025-04-02,107.264722,111.95362,106.76484,110.393982,220601200
2025-04-03,103.48562,105.605116,101.576066,101.776024,338769400
2025-04-04,98.886703,100.106409,92.088302,94.287781,532273800
2025-04-07,87.439388,101.726021,86.59959,97.616989,611041300
