Date,open_adj,high_adj,low_adj,close_adj,volume
1999-03-10,43.127067,43.153428,42.415312,43.074345,5232000
1999-03-11,43.390674,43.641106,42.441668,43.285229,9688600
1999-03-12,43.127077,43.153438,41.888096,42.230793,8743600
1999-03-15,42.547103,43.496109,42.098961,43.443386,6369000
1999-03-16,43.627937,43.996995,43.153433,43.812466,4905800
1999-03-17,43.812475,43.865198,43.364333,43.49614,3965000
1999-03-18,43.443404,44.366049,43.430223,44.339687,4848400
1999-03-19,44.919626,44.919626,43.179781,43.206142,7160400
1999-03-22,43.390687,43.496132,42.599848,42.678932,5024800
1999-03-23,42.441664,42.599832,41.097239,41.176323,10962400
1999-03-24,41.545381,42.599832,40.91271,42.573471,8447000
1999-03-25,43.232512,44.128796,42.949128,44.128796,8133800
1999-03-26,43.759731,44.260595,43.469756,43.654285,8256200
1999-03-29,44.181492,45.262304,43.917879,45.235943,5113800
1999-03-30,45.183241,45.552299,44.735099,44.919628,4940600
1999-03-31,45.657737,45.71046,44.128783,44.26059,8256600
1999-04-01,45.552316,45.605039,44.445142,45.183258,8715800
1999-04-05,45.914761,46.883538,45.631377,46.817635,5697200
1999-04-06,46.764917,47.42395,46.369498,46.909904,7522400
1999-04-07,47.344879,47.450324,45.420505,46.422234,11923600
1999-04-08,46.343129,47.015342,45.394123,46.791271,7952400
1999-04-09,46.712191,47.186694,46.580385,47.081249,4946800
1999-04-12,45.974081,47.081255,45.921358,46.764919,10934000
1999-04-13,47.054893,47.160338,45.76319,46.132248,9962200
1999-04-14,46.712189,46.764911,44.293541,44.550564,21253800
1999-04-15,44.708756,45.229392,43.127079,45.156898,17650600
1999-04-16,45.051421,45.051421,43.601551,43.838802,17274000
1999-04-19,44.128789,44.497847,41.341083,41.782635,19460600
1999-04-20,41.59812,43.074352,41.2027,42.731655,17413600
1999-04-21,43.127073,44.866918,42.547125,44.840557,10940400
1999-04-22,45.262319,46.184964,44.965755,46.053158,13630600
1999-04-23,45.81592,47.002178,45.341417,46.659481,7064400
1999-04-26,46.97582,48.082995,46.824243,47.733707,5421000
1999-04-27,48.08296,48.320211,46.402429,47.002148,16482800
1999-04-28,46.60673,46.764898,45.189812,45.394112,7676800
1999-04-29,45.183246,45.446858,44.076071,45.025078,19148200
1999-04-30,45.657722,45.894973,43.706988,45.315025,15295200
1999-05-03,45.183242,45.367771,44.31991,45.077797,11109800
1999-05-04,45.15687,45.868625,44.102419,44.366032,15428400
1999-05-05,44.392397,45.710461,43.047971,45.710461,12642600
1999-05-06,45.28869,45.684109,43.627929,44.049709,15173400
1999-05-07,44.445129,44.814187,43.496123,44.682381,16430400
1999-05-10,44.972352,45.433675,44.445126,45.13052,10604200
1999-05-11,45.499592,46.079541,45.235979,45.842289,8800800
1999-05-12,46.053155,46.949439,44.70873,46.791271,12507400
1999-05-13,47.16034,47.239424,45.71047,45.92136,9864000
1999-05-14,45.025068,45.552294,44.708733,45.05143,12205400
1999-05-17,44.656005,46.000431,44.214454,45.862034,9906800
1999-05-18,45.815921,46.079534,45.130527,45.657753,9267800
1999-05-19,45.84226,46.316763,45.130505,46.290401,7985600
1999-05-20,46.389277,46.389277,44.945996,45.01849,5997200
1999-05-21,45.156889,45.288696,44.36605,44.603302,10958600
1999-05-24,44.682372,44.761456,43.179779,43.469753,9569800
1999-05-25,43.417052,44.049723,41.861736,42.046265,17771200
1999-05-26,42.599847,43.390686,41.281783,43.219337,26772000
1999-05-27,43.047961,43.805848,42.494374,43.179768,23334800
1999-05-28,43.443414,44.128807,42.889827,43.891556,12969800
1999-06-01,43.812452,44.023342,42.678917,42.916168,6960200
1999-06-02,42.889817,43.865184,41.815594,43.641113,11996600
1999-06-03,43.970636,43.970636,42.758016,43.021629,11147800
1999-06-04,43.337958,44.491265,43.337958,44.339687,12987200
1999-06-07,44.649422,45.545705,44.550567,45.262321,11491800
1999-06-08,45.367776,45.578666,43.898134,44.128796,8134800
1999-06-09,44.286957,44.992121,44.260596,44.866905,8384400
1999-06-10,44.392409,44.656022,43.819051,44.352867,9392400
1999-06-11,44.656028,44.70216,43.285241,43.68066,16567600
1999-06-14,43.838819,43.838819,42.758006,42.856861,14136800
1999-06-15,42.962323,43.753162,42.837107,43.49614,9147800
1999-06-16,44.576926,45.730232,44.524204,45.730232,15060200
1999-06-17,45.130505,46.448569,45.130505,46.237679,16278200
1999-06-18,45.815907,46.580384,45.736823,46.448578,5392800
1999-06-21,46.764927,47.865511,46.685843,47.839149,10565200
1999-06-22,47.555744,48.162053,46.395847,46.395847,10862800
1999-06-23,46.402456,47.239427,46.105892,47.127392,9607000
1999-06-24,47.107617,47.133979,45.974082,46.191563,14988800
1999-06-25,46.501306,46.870364,45.710467,46.132248,8635600
1999-06-28,46.527668,47.292145,46.145429,47.226242,7666200
1999-06-29,47.186711,48.056634,46.949459,47.872105,9000400
1999-06-30,47.918227,50.560946,47.351459,48.61021,19467600
1999-07-01,48.768376,49.216517,47.924815,48.939724,6822600
1999-07-02,48.926541,49.611934,48.926541,49.559212,3302000
1999-07-06,49.822803,50.323667,48.979242,49.242855,8794800
1999-07-07,49.216504,49.532839,48.873807,49.321949,10520000
1999-07-08,49.321974,50.185307,49.084723,49.981007,11225000
1999-07-09,50.165522,50.53458,49.796464,50.481857,4206800
1999-07-12,50.666404,50.930017,49.928288,50.218262,7816200
1999-07-13,49.981007,50.165536,49.585587,49.981007,6230000
1999-07-14,50.481859,50.930001,49.770105,50.831146,6909400
1999-07-15,51.009068,51.299042,50.725684,51.299042,6539800
1999-07-16,51.325422,52.063538,51.305651,51.773563,4913800
1999-07-19,51.984473,51.984473,51.042057,51.246357,6833000
1999-07-20,50.620269,50.692762,49.137446,49.269253,14837400
1999-07-21,49.374682,49.93486,48.979263,49.506489,10980400
1999-07-22,49.506481,49.506481,48.109334,48.24773,15148400
1999-07-23,48.610199,48.814499,47.81936,48.320225,12115000
1999-07-26,47.661206,48.188431,47.054896,47.13398,10720000
1999-07-27,48.082985,48.821101,47.674385,48.082985,13732800
1999-07-28,48.662938,49.295609,48.036858,49.025406,10161800
1999-07-29,48.109338,48.504757,47.503028,47.977531,13033800
1999-07-30,48.188414,48.71564,47.667779,47.740273,10947400
1999-08-02,47.819376,48.768383,47.423957,47.608486,9642400
1999-08-03,48.260927,48.267518,46.606757,47.29874,13005000
1999-08-04,47.298728,47.654605,46.402444,46.441986,13227600
1999-08-05,46.448574,47.180099,45.3414,47.180099,18695200
1999-08-06,46.844013,47.713936,46.343149,46.672665,12392200
1999-08-09,46.844016,46.975823,45.980684,46.072948,7983400
1999-08-10,45.947727,46.283834,44.656024,45.657753,16767200
1999-08-11,46.474946,47.239423,45.776372,47.160339,13101400
1999-08-12,47.34487,47.661206,46.501309,46.606754,12715000
1999-08-13,47.58213,48.689304,47.503046,48.636581,14342600
1999-08-16,48.610216,49.190164,48.29388,49.025406,11470600
1999-08-17,49.453782,49.506504,48.372969,49.269253,11408400
1999-08-18,49.031996,49.638305,48.531131,48.71566,7035200
1999-08-19,48.267495,48.610192,47.825944,48.135689,10157800
1999-08-20,48.188415,48.900169,47.924802,48.900169,6920800
1999-08-23,49.348339,50.455513,49.236303,50.455513,9652000
1999-08-24,50.086444,51.351786,49.987589,50.798199,13891400
1999-08-25,51.114524,52.089892,50.560938,51.879002,11352000
1999-08-26,51.879022,52.063551,50.936606,51.01569,9753000
1999-08-27,51.397898,51.404489,50.376399,50.508205,9635400
1999-08-30,50.719127,50.877295,49.664676,49.796482,10141600
1999-08-31,50.139158,50.666383,49.031984,50.350048,14590400
1999-09-01,50.666381,51.140884,50.350045,50.712513,10752000
1999-09-02,49.770107,50.798197,49.664662,50.534584,14583200
1999-09-03,51.984452,52.874145,51.799923,52.854374,14195400
1999-09-07,52.748921,53.276147,52.538031,52.617115,9009000
1999-09-08,52.300792,52.828018,51.483592,51.905373,14303400
1999-09-09,51.931735,52.775296,51.668122,52.64349,12677600
1999-09-10,53.355254,53.770445,52.748945,53.249809,10251000
1999-09-13,53.197093,53.302538,52.32717,52.610554,7240800
1999-09-14,52.406246,53.269578,52.300801,52.90052,10022600
1999-09-15,53.559533,53.559533,51.826279,51.879002,16096000
1999-09-16,51.852642,52.327145,50.77842,51.852642,15371000
1999-09-17,52.327165,53.513423,52.248081,53.407978,14506400
1999-09-20,53.566136,53.777026,53.170716,53.533184,6187200
1999-09-21,53.06527,53.170715,52.096492,52.24807,12265800
1999-09-22,52.327155,53.078452,51.694485,52.801659,12441800
1999-09-23,53.355248,53.460693,50.303929,50.613674,19766000
1999-09-24,50.29735,50.877298,49.453788,50.679588,23570800
1999-09-27,51.404504,51.773562,50.877278,51.035446,12608800
1999-09-28,50.778446,51.457249,49.691043,51.27272,20622000
1999-09-29,51.272708,51.641766,50.244617,50.244617,15557000
1999-09-30,50.719109,51.299057,50.086438,50.771832,17604200
1999-10-01,50.086446,50.791611,49.559221,50.791611,19607400
1999-10-04,51.061791,52.116242,50.771817,51.931713,12434200
1999-10-05,52.116252,52.933452,51.193607,52.300781,19526400
1999-10-06,52.617137,53.427747,51.819708,53.348663,19098200
1999-10-07,53.645223,53.902245,52.828023,53.223442,22013600
1999-10-08,53.012559,53.935204,52.300804,53.783627,22523200
1999-10-11,53.935187,54.567858,53.80338,54.541496,13016000
1999-10-12,54.356968,54.79193,53.144349,53.302517,20182800
1999-10-13,52.6962,53.328871,51.509943,51.720833,22570600
1999-10-14,51.905381,52.406245,51.061819,52.043777,22130400
1999-10-15,50.719096,51.457211,50.19846,50.508205,33703000
1999-10-18,50.560941,50.74547,48.432268,49.868958,24714800
1999-10-19,50.409359,50.666382,49.295595,50.139156,26657200
1999-10-20,50.903637,52.083304,50.402772,51.668114,22486400
1999-10-21,50.824562,52.511684,50.455504,52.511684,22454800
1999-10-22,52.821441,53.355258,52.089916,52.274445,16589400
1999-10-25,52.037168,52.874139,51.826278,52.300781,13855400
1999-10-26,52.933453,53.223427,51.773556,51.879002,13542400
1999-10-27,51.747216,51.984467,50.989328,51.799938,15225200
1999-10-28,52.617131,53.777028,52.142628,53.592499,14103800
1999-10-29,54.83149,55.885942,54.646961,55.464161,19000000
1999-11-01,55.464157,56.123189,55.101689,55.174183,9681800
1999-11-02,55.464142,56.149535,54.996229,55.207119,12834800
1999-11-03,55.991358,56.624029,55.83319,56.307693,18752600
1999-11-04,57.091965,57.204001,56.334078,56.940388,20048600
1999-11-05,58.100261,58.390236,57.520313,57.520313,15134600
1999-11-08,57.731212,58.884518,57.546683,58.680218,10890800
1999-11-09,59.154716,59.260161,57.78393,58.284794,14629800
1999-11-10,58.311196,59.550177,58.047583,59.049313,16561000
1999-11-11,59.681934,60.182798,59.154708,60.103714,18501400
1999-11-12,60.420044,60.947269,58.522032,60.894547,28646600
1999-11-15,60.947288,61.158179,60.472785,60.77594,10909400
1999-11-16,61.000017,62.608055,60.736404,62.318081,19126400
1999-11-17,62.318083,62.588286,61.158186,61.474522,21683600
1999-11-18,61.896286,63.359337,61.527228,63.359337,17738400
1999-11-19,63.082582,64.031589,62.84533,63.926144,17939400
1999-11-22,64.057938,65.376003,62.950764,62.950764,18841800
1999-11-23,64.479687,64.53241,62.634398,63.240707,24047600
1999-11-24,63.425267,65.580303,62.766235,65.32328,18617800
1999-11-26,66.140466,66.456802,65.270544,65.534157,8045200
1999-11-29,65.402353,65.95594,64.374262,64.453346,20485200
1999-11-30,64.585153,64.690598,62.001747,62.001747,23702400
1999-12-01,62.68714,63.662508,62.212637,63.346172,23205800
1999-12-02,63.583405,65.481417,63.543863,65.356201,17229200
1999-12-03,66.904948,67.643064,66.562251,66.74678,21444600
1999-12-06,67.003779,67.906652,66.377698,67.353065,16018400
1999-12-07,67.563956,67.827568,66.502914,67.353065,23397000
1999-12-08,67.372821,67.900046,66.377683,66.535851,19563000
1999-12-09,67.484889,67.853947,65.165096,66.852219,28445400
1999-12-10,67.405807,67.643059,65.903214,67.405807,20428400
1999-12-13,67.175168,68.611858,66.878603,68.321884,16209200
1999-12-14,68.117552,68.512971,66.64132,67.089462,27760200
1999-12-15,66.324985,68.381165,65.745036,68.381165,31797200
1999-12-16,69.277482,70.226489,68.961147,70.068321,27219600
1999-12-17,71.280939,71.597275,70.378065,70.674629,23892400
1999-12-20,71.201825,71.91358,70.595516,71.597244,15392000
1999-12-21,71.808134,75.445992,71.399535,75.445992,26003800
1999-12-22,75.235102,75.340547,73.75887,75.20874,22313600
1999-12-23,75.808454,76.55316,75.076929,76.105019,17543600
1999-12-27,76.184117,76.210478,74.154298,75.656891,19281800
1999-12-28,75.709629,76.3423,74.7079,75.182404,15346400
1999-12-29,75.920471,78.029373,75.815026,78.029373,16512600
1999-12-30,78.978396,79.083841,77.185829,77.185829,21887000
1999-12-31,78.134873,78.609376,77.080421,77.080421,14464400
2000-01-03,81.139987,81.139987,76.553126,79.927368,36345200
2000-01-04,77.60759,78.872931,74.180624,74.444237,33786600
2000-01-05,73.811599,75.604166,71.070025,72.546257,42496600
2000-01-06,73.284346,74.233352,67.273976,67.56395,37134800
2000-01-07,69.962823,75.920471,69.593765,75.920471,28138200
2000-01-10,76.764032,79.241992,75.867749,78.029373,29675600
2000-01-11,77.396738,78.345744,73.389822,74.233383,32546600
2000-01-12,75.076953,75.281253,72.546269,72.598991,29050000
2000-01-13,74.65516,77.185843,73.455721,76.974953,25165200
2000-01-14,78.451174,78.9784,77.607613,78.767509,21898600
2000-01-18,77.660368,79.663827,77.133143,79.189323,16752400
2000-01-19,78.866364,80.981857,77.970081,80.981857,19006000
2000-01-20,80.56009,81.719987,79.301339,80.191032,25958000
2000-01-21,81.403632,81.456354,80.191013,81.192741,18698200
2000-01-24,82.194498,82.352665,76.737711,77.291298,28340400
2000-01-25,77.502181,79.393603,75.419639,78.451187,33276200
2000-01-26,78.662071,78.714793,75.076936,75.287827,23095600
2000-01-27,77.396764,78.029435,73.917073,76.395035,30739200
2000-01-28,75.920502,76.315921,71.491806,72.546257,35313800
2000-01-31,72.440814,75.920504,70.437356,75.656891,36014600
2000-02-01,75.525081,78.029403,74.602436,77.686707,26417600
2000-02-02,77.818523,79.901065,77.686717,78.345749,26169200
2000-02-03,79.558351,81.509086,77.844868,81.403641,30579800
2000-02-04,81.825431,82.873292,81.166399,81.957237,26640000
2000-02-07,82.036308,83.196204,81.192747,83.090759,17761000
2000-02-08,83.828884,86.781348,83.828884,86.570457,21999400
2000-02-09,86.095933,86.207968,83.301637,83.512527,27258200
2000-02-10,84.197932,86.254112,83.136891,86.254112,26341600
2000-02-11,86.095954,86.095954,82.668987,84.250664,24876000
2000-02-14,84.349548,84.356139,82.458126,84.145248,22814600
2000-02-15,83.459831,84.88334,80.876425,84.751534,30572800
2000-02-16,84.277026,85.779619,83.776161,84.35611,25310600
2000-02-17,85.357851,87.097696,84.039786,86.148689,30080200
2000-02-18,86.570436,86.886771,83.038025,83.038025,25271200
2000-02-22,83.512557,84.303395,81.192763,83.301666,37226200
2000-02-23,84.085894,88.573901,83.644342,87.941231,32170800
2000-02-24,88.46847,90.096279,86.043231,89.839256,48868200
2000-02-25,89.57568,90.682854,87.624944,87.783112,32617600
2000-02-28,87.097691,89.153871,84.777898,87.730362,38216200
2000-02-29,89.206594,90.34013,88.521201,90.050156,23978600
2000-03-01,90.471888,91.579061,89.839217,90.788223,24468400
2000-03-02,91.157345,91.26279,88.363048,88.685974,32739200
2000-03-03,91.104613,93.740741,90.261051,93.688019,32017200
2000-03-06,94.267957,95.506937,93.002615,94.426125,23268400
2000-03-07,96.007803,96.060526,91.737275,93.002617,39471000
2000-03-08,93.635286,94.478847,89.654732,93.846176,43512600
2000-03-09,93.819799,97.431294,92.027232,97.009514,30101400
2000-03-10,96.904096,98.222161,95.75079,96.587761,29750600
2000-03-13,92.791726,96.271416,92.396307,94.057068,37544200
2000-03-14,95.111534,95.63876,88.573935,90.577393,39106800
2000-03-15,89.839266,90.261047,85.937796,86.781357,51202600
2000-03-16,88.890263,92.159062,85.199682,91.737282,55282200
2000-03-17,91.104589,93.687994,91.051866,93.477104,31422400
2000-03-20,93.635316,94.057097,89.628399,90.841019,21167200
2000-03-21,89.522928,94.426127,87.361303,94.26796,33435100
2000-03-22,95.744189,97.826731,93.740732,96.16597,24370200
2000-03-23,96.574581,99.329336,95.796923,97.853104,19227400
2000-03-24,99.105255,101.649119,97.022713,99.171158,22063000
2000-03-27,99.540228,100.80557,98.802112,99.329338,11752600
2000-03-28,98.683477,99.382051,95.427858,96.798645,18336300
2000-03-29,97.325834,97.378557,92.791695,92.791695,27189500
2000-03-30,90.471886,95.11147,87.308533,90.471886,42328700
2000-03-31,91.223211,93.318933,87.730341,92.369926,31349900
2000-04-03,90.906895,92.053611,84.988786,86.834076,31551300
2000-04-04,87.414026,87.677639,74.496996,85.990517,66213000
2000-04-05,82.247237,87.677664,81.192786,84.461586,37631500
2000-04-06,86.359566,87.624908,84.145219,86.465012,30499900
2000-04-07,87.835799,90.577373,86.570458,89.944702,20645500
2000-04-10,90.788297,90.841019,83.72347,84.461586,26988200
2000-04-11,81.930866,85.621446,80.191021,82.458092,34497100
2000-04-12,82.352651,83.301658,76.131388,77.60762,34824400
2000-04-13,78.293021,80.981873,74.233383,74.233383,46330500
2000-04-14,72.599002,74.655183,65.797788,67.801247,60851300
2000-04-17,65.810967,75.920523,65.797786,75.604187,55398500
2000-04-18,75.485537,78.451181,73.70615,77.60762,36260900
2000-04-19,78.029388,78.978394,75.129647,75.235092,28082500
2000-04-20,76.236829,76.737693,72.598972,73.6007,21255600
2000-04-24,70.384655,71.91361,67.379467,71.491829,31190900
2000-04-25,72.968035,76.342279,72.546254,76.315918,28663200
2000-04-26,76.447767,77.963542,73.495302,73.706192,25688300
2000-04-27,70.859135,78.016223,69.382903,76.974953,37010400
2000-04-28,78.92564,79.927368,77.713022,79.927368,24828400
2000-05-01,80.77098,81.719986,79.505638,80.665535,23205700
2000-05-02,80.032831,80.665501,75.709582,76.025917,20307900
2000-05-03,75.498739,76.13141,72.137674,75.182404,26589700
2000-05-04,75.076925,76.553157,73.917029,75.340538,17750700
2000-05-05,74.338829,77.871241,74.259745,77.133125,20571200
2000-05-08,76.342301,76.553191,74.022507,74.127953,13903000
2000-05-09,74.65516,75.182386,71.122748,72.546257,19825800
2000-05-10,71.175489,71.689534,67.063127,67.274017,34847500
2000-05-11,69.804683,71.913586,68.223006,71.38636,24709700
2000-05-12,72.019031,73.864321,70.859134,71.38636,17832000
2000-05-15,71.544523,74.760599,69.699233,74.496986,17950800
2000-05-16,75.92051,77.185852,74.28611,76.605904,23758800
2000-05-17,75.287821,76.342272,74.022479,75.024208,20339400
2000-05-18,75.076923,75.380078,72.019015,72.33535,19063000
2000-05-19,70.64827,71.702722,68.592089,68.908424,28178100
2000-05-22,68.855682,69.382908,63.754773,68.855682,43879800
2000-05-23,68.644787,69.699239,62.634414,63.108917,31898500
2000-05-24,63.267078,67.379438,60.947285,67.063103,49476000
2000-05-25,67.695794,69.382917,64.53244,65.586891,29632700
2000-05-26,65.586891,66.852233,63.899769,65.586891,18203200
2000-05-30,67.484891,72.493536,67.484891,72.1772,31590400
2000-05-31,71.254545,73.113015,69.804674,70.12101,29675400
2000-06-01,71.860901,74.549754,70.859172,73.706192,28993500
2000-06-02,78.134848,79.242022,69.593791,78.978409,31677200
2000-06-05,77.818496,80.401901,77.50216,79.176102,23784300
2000-06-06,78.609352,80.138307,76.658617,76.974953,23200500
2000-06-07,77.238568,79.294748,75.551446,79.031136,22524400
2000-06-08,79.82196,80.03285,77.291277,78.662064,19313800
2000-06-09,79.927385,79.927385,78.451154,79.083824,17014600
2000-06-12,79.558348,79.558348,75.920491,76.553162,16484700
2000-06-13,76.342276,79.821966,75.38009,79.50563,25187900
2000-06-14,80.032851,80.032851,77.185833,77.713058,20274500
2000-06-15,77.502148,79.189269,76.658587,79.083824,18807800
2000-06-16,79.927411,80.401914,78.503902,79.50563,21203400
2000-06-19,79.307905,82.879858,78.187551,82.668968,20042500
2000-06-20,82.879872,84.092491,81.983588,82.352646,20988300
2000-06-21,81.667267,84.118867,81.561822,83.407112,20880600
2000-06-22,83.196208,83.512544,79.716519,80.34919,21526700
2000-06-23,80.138293,80.560073,77.080384,77.185829,24888100
2000-06-26,78.503923,79.650639,77.607639,79.294762,22169200
2000-06-27,79.097046,80.191039,77.923968,78.345749,14786000
2000-06-28,78.43802,80.560104,78.02942,79.294762,19259800
2000-06-29,78.398452,78.76751,76.447717,77.304459,21355800
2000-06-30,77.449472,79.25522,77.027691,78.820259,15153100
2000-07-03,78.872958,80.34919,78.662068,80.34919,5212000
2000-07-05,78.978432,79.268406,76.658638,77.238586,16489000
2000-07-06,77.238581,79.927433,75.973239,79.294762,23594700
2000-07-07,80.138307,81.82543,79.663804,80.929146,16603200
2000-07-10,79.87471,80.876439,79.294762,79.703362,12659400
2000-07-11,79.347497,80.771007,78.293046,80.138336,14374600
2000-07-12,80.507361,82.458096,79.821968,82.036316,18252600
2000-07-13,82.616256,84.145211,81.930863,83.090759,19566700
2000-07-14,84.567011,85.305127,83.354392,84.883347,17219400
2000-07-17,85.146943,86.095949,84.250659,85.832336,13140500
2000-07-18,84.67245,85.015147,82.972147,83.934334,20684000
2000-07-19,82.9326,83.459825,80.69189,82.036316,21828500
2000-07-20,82.563544,84.777892,82.049499,84.672447,19521200
2000-07-21,83.038043,83.947508,81.825424,81.825424,14411400
2000-07-24,82.616298,83.512582,79.505665,80.138336,18579200
2000-07-25,80.665543,81.82544,79.136589,80.770988,19065700
2000-07-26,80.56009,81.087316,78.662077,80.665535,20318700
2000-07-27,79.241996,80.191002,77.238539,77.502151,26141800
2000-07-28,77.765764,78.345713,72.546232,73.284348,36485600
2000-07-31,73.917037,76.02594,72.308999,75.445992,27609900
2000-08-01,75.7623,75.907287,73.969734,74.444237,15751800
2000-08-02,74.127927,76.25001,72.96803,73.126198,23578200
2000-08-03,71.07001,76.974936,70.279171,76.289543,35874700
2000-08-04,77.607594,78.253445,75.182356,76.025917,22283400
2000-08-07,76.6586,78.477529,76.131375,77.818497,15103300
2000-08-08,77.660347,79.505637,77.185844,79.400192,14832300
2000-08-09,79.031143,79.663814,77.080408,77.291298,18649800
2000-08-10,77.449467,77.805344,75.498731,75.762344,15336200
2000-08-11,75.287803,76.856299,74.127907,76.816757,21050600
2000-08-14,77.0804,78.451187,76.091852,78.451187,12539300
2000-08-15,78.240297,79.281568,77.607626,78.451187,14090300
2000-08-16,78.820254,79.874706,77.607635,79.242035,15245300
2000-08-17,78.398472,80.876434,78.34575,80.770988,14492400
2000-08-18,80.929138,81.509086,79.874687,80.34919,14706700
2000-08-21,80.981854,81.70679,79.611068,80.560074,13560100
2000-08-22,80.981854,82.12857,80.362364,80.560074,14878200
2000-08-23,79.874693,82.194486,79.149758,81.878151,21396400
2000-08-24,82.194472,83.248924,81.034576,83.143478,13567700
2000-08-25,83.077628,84.316609,81.825466,82.695389,11764700
2000-08-28,82.879869,84.224294,82.616256,83.090759,12314200
2000-08-29,83.196192,83.657514,82.550341,83.512527,11162800
2000-08-30,82.932609,83.934338,82.471286,83.407112,10545300
2000-08-31,84.039776,86.043234,83.407105,85.726898,15588700
2000-09-01,86.886793,87.321754,85.357838,86.570457,14071900
2000-09-05,85.726901,85.832346,83.868431,83.934334,16348300
2000-09-06,83.723431,83.92114,80.560077,80.981857,20964900
2000-09-07,81.667263,83.86843,81.456373,82.774437,16669700
2000-09-08,82.471296,82.669005,79.940612,80.243767,23475200
2000-09-11,79.716508,81.087295,77.607606,78.292999,27262100
2000-09-12,78.872989,79.874719,76.632279,77.080421,24256000
2000-09-13,76.131367,79.189275,75.920477,78.87294,34093100
2000-09-14,80.3492,80.929148,78.148032,78.451187,28615300
2000-09-15,78.556657,78.978438,76.500476,77.027702,24994600
2000-09-18,77.44944,78.451169,74.233364,75.815041,29218500
2000-09-19,76.553179,79.110224,75.815063,78.60936,27568700
2000-09-20,78.767547,80.336044,77.027701,79.821999,33123200
2000-09-21,79.083826,79.703316,73.38979,74.022461,25031400
2000-09-22,73.917042,78.662073,73.811597,78.39846,33710100
2000-09-25,78.978408,79.505633,75.920499,76.315918,20560800
2000-09-26,76.566346,78.029397,75.01103,75.445992,26011200
2000-09-27,76.447729,76.922232,74.233381,75.551445,28482900
2000-09-28,74.839709,78.451206,74.839709,77.238586,29050000
2000-09-29,77.607616,77.989855,74.813321,74.866043,27198800
2000-10-02,76.131388,76.131388,72.546254,73.178925,24968200
2000-10-03,74.286122,74.918793,70.239663,70.859154,35731200
2000-10-04,70.437367,73.271206,69.27747,72.229935,37672100
2000-10-05,71.913555,73.547954,71.333607,72.440781,23443100
2000-10-06,72.177205,73.020766,68.539347,70.015579,36335800
2000-10-09,69.646519,70.700971,66.957668,69.699242,28834600
2000-10-10,69.013842,70.279184,65.69232,66.061378,35283200
2000-10-11,64.848775,67.867143,64.163381,65.006943,48462600
2000-10-12,66.85221,67.115822,62.766211,63.37252,53223600
2000-10-13,63.003468,68.855673,62.950745,68.539337,42410200
2000-10-16,68.433889,69.435618,67.273992,69.172005,27644900
2000-10-17,70.12106,70.160602,65.797807,66.008698,52101400
2000-10-18,64.743301,68.486603,62.898012,65.797752,64354400
2000-10-19,69.501542,71.794974,68.697522,71.755432,44278900
2000-10-20,71.280921,74.12794,71.188656,72.809875,40692200
2000-10-23,72.70443,73.811604,70.964585,72.70443,28989200
2000-10-24,72.915326,73.389829,69.488358,69.593803,31466200
2000-10-25,68.539364,69.172035,64.861964,65.692345,48635400
2000-10-26,65.955924,67.484878,62.107177,67.379433,69991300
2000-10-27,68.209791,69.053351,65.362773,67.247604,51046400
2000-10-30,65.955947,67.379456,63.860224,64.756508,35496700
2000-10-31,65.79778,69.646528,65.692335,68.921593,43863800
2000-11-01,67.74849,69.857392,66.799484,68.328438,45186400
2000-11-02,69.330172,70.226456,68.381166,69.172005,26594300
2000-11-03,69.910153,70.806437,68.868882,70.068321,29837100
2000-11-06,70.542782,70.964563,69.171996,69.541054,23485800
2000-11-07,68.697548,69.567471,67.695818,69.277496,24334400
2000-11-08,69.277479,69.382924,63.79433,63.860233,40338200
2000-11-09,63.0562,64.90149,61.579968,63.847038,64955900
2000-11-10,62.634431,63.847051,60.525528,60.525528,49235500
2000-11-13,59.853305,62.581699,57.586234,60.617783,75023400
2000-11-14,61.579937,64.11062,61.369047,63.978813,44829500
2000-11-15,63.741562,65.850463,63.09571,65.270515,37760900
2000-11-16,63.583425,64.954212,61.474522,61.474522,33898700
2000-11-17,61.738114,63.425236,59.892825,61.434959,49913800
2000-11-20,59.840125,60.789131,58.416615,58.93066,46862300
2000-11-21,59.207437,59.998275,57.731205,58.838379,42128600
2000-11-22,57.73121,59.154719,56.09681,56.202255,56623700
2000-11-24,57.678453,59.576464,57.507105,59.418297,19987900
2000-11-27,61.210901,61.527236,57.994824,58.680218,35416600
2000-11-28,58.152994,58.996555,55.095085,55.213711,48812700
2000-11-29,55.516855,56.307694,52.72256,53.091618,66189300
2000-11-30,52.089894,54.198796,51.035443,53.131165,74792600
2000-12-01,54.040626,56.320877,52.406227,53.987904,57112500
2000-12-04,54.093377,55.134648,52.089919,54.831493,49106300
2000-12-05,55.727771,59.892855,55.253268,59.629242,76531800
2000-12-06,59.550139,60.986829,57.151262,57.362152,63352100
2000-12-07,56.518598,58.192539,55.253256,56.096817,41481100
2000-12-08,59.971919,62.001738,57.045817,57.362152,65856900
2000-12-11,60.7891,63.08253,59.853274,62.739834,51829800
2000-12-12,62.00173,62.318066,60.156441,60.446415,31054500
2000-12-13,61.949029,62.001752,57.625778,57.981655,51661600
2000-12-14,57.797109,58.785657,55.042355,55.1478,41562700
2000-12-15,54.198797,55.358693,52.775288,53.882462,59026100
2000-12-18,54.963271,55.648664,52.775285,53.987904,42950000
2000-12-19,53.526591,55.55641,49.559218,49.875553,80489200
2000-12-20,48.346615,49.242899,46.184989,47.015369,81432100
2000-12-21,46.409057,49.559231,45.763205,47.29216,85875600
2000-12-22,48.610208,51.246336,48.504763,51.035446,57240000
2000-12-26,51.11454,52.234895,48.926553,51.351791,37082800
2000-12-27,50.350037,52.458939,49.717366,51.931713,33955500
2000-12-28,51.272688,52.709378,50.824546,51.826275,30996900
2000-12-29,51.931705,52.498472,48.92652,49.242855,49191000
2001-01-02,49.401048,49.506493,44.234236,45.077797,62514100
2001-01-03,44.023351,55.042369,43.996989,52.669853,118175700
2001-01-04,51.984446,53.671568,50.811369,51.720833,58465400
2001-01-05,51.720828,51.720828,47.23941,47.766636,68782000
2001-01-08,47.503042,48.504771,45.143706,48.29388,55576500
2001-01-09,48.715661,49.875558,47.766655,48.29388,53318900
2001-01-10,47.344865,50.929999,47.028529,50.771832,74258300
2001-01-11,49.99418,53.724302,49.928277,52.24807,65451700
2001-01-12,52.93345,54.515126,51.878998,52.920269,60793900
2001-01-16,52.775304,53.078459,51.088182,52.287621,32203300
2001-01-17,54.409687,55.345513,53.262971,53.882462,61388800
2001-01-18,54.093345,56.307692,52.880726,56.149525,54934700
2001-01-19,57.480756,57.625743,55.305951,55.938622,56292500
2001-01-22,55.569594,56.518601,54.620588,55.991375,35777100
2001-01-23,55.595929,57.704831,55.095065,57.164425,49859500
2001-01-24,57.414893,58.311177,56.307718,56.624054,53905400
2001-01-25,56.413148,57.085361,54.317426,54.409691,57151900
2001-01-26,53.618848,55.622305,53.144345,55.292789,45681400
2001-01-29,54.620588,56.729491,54.198807,56.5186,31514100
2001-01-30,56.645119,57.142817,55.675023,56.307693,42439300
2001-01-31,56.729505,57.353738,54.241001,54.241001,59322200
2001-02-01,54.451869,55.346041,53.650482,54.958004,45142600
2001-02-02,54.780863,55.084546,50.613669,51.921188,47471000
2001-02-05,51.617497,52.216427,50.714887,51.879002,36016300
2001-02-06,51.870571,53.245573,51.592194,51.96336,42417700
2001-02-07,51.043876,51.625935,49.415806,51.119797,61972200
2001-02-08,51.372867,51.879002,49.415806,49.592953,48269500
2001-02-09,49.137438,49.432683,47.239425,47.576851,55385200
2001-02-12,47.450302,48.875919,46.918858,48.150459,50540400
2001-02-13,48.631302,49.92195,46.378992,46.606754,58914000
2001-02-14,46.73329,48.715657,45.653529,48.462589,63048200
2001-02-15,49.601415,51.027036,49.179634,49.263992,67801300
2001-02-16,47.205674,47.973314,45.999381,46.50552,66779700
2001-02-20,47.020095,47.10445,44.118243,44.700302,55298400
2001-02-21,43.485563,45.611337,42.954119,43.443386,72349000
2001-02-22,43.401233,44.00016,41.241714,43.021629,103855500
2001-02-23,42.253988,43.527764,40.684963,43.17347,93337900
2001-02-26,43.932677,44.371326,42.388958,43.991726,78342700
2001-02-27,43.47713,43.932653,41.250129,41.334484,66741700
2001-02-28,41.714092,42.355197,39.529269,40.02697,102187900
2001-03-01,39.622071,41.503213,38.592926,41.165787,101773000
2001-03-02,39.816079,41.865932,38.50856,39.394299,95927100
2001-03-05,40.069143,40.794606,39.723283,40.11132,43888400
2001-03-06,41.58757,42.734814,41.418857,41.671928,60828600
2001-03-07,42.515482,42.540788,41.309189,41.688789,55215500
2001-03-08,41.629738,42.017778,40.575286,40.912712,48965200
2001-03-09,39.858271,39.959497,37.918081,38.044613,79990900
2001-03-12,37.116675,37.918058,35.260841,35.682621,80674000
2001-03-13,36.087551,37.740933,35.539238,37.4963,80024400
2001-03-14,36.020046,38.120511,35.691058,36.905785,97190000
2001-03-15,38.128959,38.221752,35.471741,35.556099,74135500
2001-03-16,35.328333,36.104407,34.214833,34.754711,77784500
2001-03-19,34.95717,36.492451,34.375114,36.492451,53248200
2001-03-20,36.64431,36.95643,33.911172,34.037704,104796200
2001-03-21,34.181112,35.260869,33.497826,34.037704,96200700
2001-03-22,34.248588,36.104424,33.312238,36.104424,130208100
2001-03-23,36.737095,36.973294,35.007794,36.104424,95277500
2001-03-26,36.669594,36.6949,35.049956,35.269283,57666200
2001-03-27,35.260852,36.880491,34.940298,36.484016,69945300
2001-03-28,35.345227,35.598295,33.47252,33.489391,77863500
2001-03-29,33.219425,34.257004,32.392735,32.856693,79654700
2001-03-30,33.151934,33.725556,32.055306,33.025402,63661300
2001-04-02,33.042289,33.615911,31.464831,31.549189,69713600
2001-04-03,31.380475,31.844433,29.204086,29.237829,89015700
2001-04-04,29.280013,30.207933,28.34366,28.723263,76473900
2001-04-05,30.368195,32.021574,30.123561,31.473261,87035800
2001-04-06,31.127405,31.296114,29.946418,30.326021,86123600
2001-04-09,31.034627,31.540763,30.241678,31.253952,51638700
2001-04-10,31.970963,34.130477,31.869733,33.573727,94265100
2001-04-11,35.564533,35.851344,34.122044,34.586002,92829500
2001-04-12,33.99552,36.104424,33.742452,36.104424,79531500
2001-04-16,35.37896,35.792306,33.793067,33.953342,65229800
2001-04-17,33.700273,36.020066,33.658095,34.796902,94694300
2001-04-18,36.880505,40.490947,36.441853,38.424221,128891400
2001-04-19,38.888161,41.123599,38.449512,40.743996,110467600
2001-04-20,40.642747,41.705632,36.31528,40.828331,80598100
2001-04-23,39.638949,40.254748,37.867468,38.086796,79317600
2001-04-24,38.044615,39.158115,36.905808,37.369766,88888300
2001-04-25,37.032342,38.449525,36.35749,38.044613,68418400
2001-04-26,38.719469,39.014714,37.007037,37.074524,71110200
2001-04-27,38.086796,38.356735,37.319155,38.086796,55580000
2001-04-30,39.014706,40.128207,38.213322,38.930351,73859100
2001-05-01,38.972521,40.558417,38.297673,40.533108,54498300
2001-05-02,41.165778,41.671917,40.069149,41.317619,77566500
2001-05-03,40.406564,40.406564,38.97251,39.478645,67124900
2001-05-04,38.213327,40.659657,38.053052,40.659657,72673400
2001-05-07,40.49093,40.997066,39.731724,39.816082,45561600
2001-05-08,40.744011,40.786189,39.638948,40.659657,56970700
2001-05-09,39.689549,40.448756,39.174977,39.267769,60984600
2001-05-10,40.423433,40.533097,38.567602,38.609779,61130300
2001-05-11,38.668855,39.158119,38.036184,38.424221,48760400
2001-05-14,38.213323,38.263938,36.568378,37.808414,43108000
2001-05-15,37.875905,39.056889,37.605966,38.086796,69007600
2001-05-16,37.378193,40.086023,37.167303,39.773907,80110500
2001-05-17,40.026964,41.157335,39.866685,40.406567,73810700
2001-05-18,40.187263,40.8115,39.723305,40.524689,41095100
2001-05-21,40.634354,43.14817,40.195705,43.063812,85426900
2001-05-22,43.283112,43.82299,42.329887,42.937252,77233900
2001-05-23,42.549233,42.557671,41.030823,41.039261,65618000
2001-05-24,41.309188,42.169621,40.718695,42.0937,61792500
2001-05-25,42.144306,42.19492,40.507798,41.326054,36191100
2001-05-29,40.912713,40.912713,38.888165,38.905037,66609600
2001-05-30,38.322981,38.677275,37.184175,37.47942,81397400
2001-05-31,37.572204,38.677266,37.369748,37.732479,68018300
2001-06-01,38.415793,38.99785,37.395085,38.846008,61874300
2001-06-04,39.082196,39.36057,38.204892,38.660416,41696000
2001-06-05,39.056876,40.794613,38.972521,40.364395,68146400
2001-06-06,40.558411,41.241694,39.706413,40.052273,61169500
2001-06-07,39.757038,41.747843,39.706423,41.081429,65400200
2001-06-08,41.09832,41.140497,39.605216,39.942638,56391400
2001-06-11,39.563038,39.647392,38.373616,38.846008,48809400
2001-06-12,37.850585,39.478659,37.310707,38.635098,78450500
2001-06-13,39.031569,39.436478,37.555337,37.580643,68535400
2001-06-14,37.133561,37.454115,35.429567,35.640457,91050300
2001-06-15,35.26087,36.332193,34.822218,35.935719,84589400
2001-06-18,35.969441,36.416527,34.923427,35.454868,63539100
2001-06-19,36.543075,36.745531,34.805337,35.277733,73386900
2001-06-20,34.839051,36.247799,34.82218,36.079086,83588600
2001-06-21,35.994753,37.310709,35.682636,36.568375,67212600
2001-06-22,36.796133,37.2854,35.927266,36.484016,51870400
2001-06-25,36.787688,36.947963,35.97787,36.576797,39212100
2001-06-26,35.885094,37.0239,35.834479,36.703346,55155100
2001-06-27,36.846741,37.243216,36.273119,36.939533,53289400
2001-06-28,37.454115,39.107494,37.411934,37.411934,89963700
2001-06-29,38.036174,39.242467,37.707186,38.550747,59719600
2001-07-02,38.508564,39.208718,38.120524,38.339851,50884300
2001-07-03,38.171141,38.542307,37.791538,38.50013,24758400
2001-07-05,37.850584,38.112089,36.652729,36.652729,44409800
2001-07-06,36.281575,36.365933,34.999365,35.134335,53434800
2001-07-09,35.336762,36.01161,35.007774,35.437988,45547500
2001-07-10,36.070665,36.171895,34.079864,34.164219,58620000
2001-07-11,34.096735,34.670357,33.632777,34.586002,77840200
2001-07-12,35.961014,36.973288,35.682637,36.779266,70363300
2001-07-13,36.593681,37.479419,36.188772,36.399662,62474200
2001-07-16,36.585268,36.998614,35.345234,35.724834,53390800
2001-07-17,35.277737,36.610565,35.04154,36.526207,59813000
2001-07-18,35.657342,36.146606,34.704116,35.134335,64797200
2001-07-19,35.817599,36.568368,35.218672,35.96944,76590200
2001-07-20,34.999365,35.547678,34.889701,35.134335,49012800
2001-07-23,35.632029,35.766998,34.206408,34.257023,55329400
2001-07-24,34.063003,34.501655,33.160393,33.868984,70422900
2001-07-25,33.860536,34.349803,33.236303,34.164219,68859600
2001-07-26,34.122059,35.336786,33.725584,34.670372,69199300
2001-07-27,35.125881,35.648888,34.83907,35.387386,47452900
2001-07-30,35.53923,35.682634,34.923431,35.176498,39459400
2001-07-31,35.294598,36.087545,35.007787,35.227112,55732500
2001-08-01,35.961011,36.694909,35.775427,36.357483,53864800
2001-08-02,36.939549,37.116696,36.121293,37.040775,53187300
2001-08-03,36.720202,36.720202,35.90195,36.424957,51513700
2001-08-06,35.876674,36.146613,35.724832,35.851368,31105700
2001-08-07,35.513923,36.121288,35.378953,35.665764,38407500
2001-08-08,35.303025,35.977876,33.995506,34.164219,76045200
2001-08-09,34.088297,34.484771,33.725565,34.307621,66861400
2001-08-10,34.096728,34.375105,33.092892,33.97863,68491900
2001-08-13,34.240157,34.872828,33.911169,34.670372,48425700
2001-08-14,34.999357,35.176504,34.197973,34.248585,51267600
2001-08-15,34.265471,34.526977,32.957951,32.983257,58935300
2001-08-16,32.595199,33.396583,32.089064,33.371277,68227300
2001-08-17,32.426473,32.730156,31.810674,31.852852,56649300
2001-08-20,31.928795,32.603647,31.650422,32.291527,49921300
2001-08-21,32.299956,32.603639,30.916516,30.950256,56445600
2001-08-22,31.591355,31.920343,30.823715,31.793808,65221400
2001-08-23,31.776959,32.443374,31.464843,31.481714,54711800
2001-08-24,31.937224,33.227871,31.844432,33.151951,58450600
2001-08-27,33.135073,33.658083,32.755473,33.194122,50927500
2001-08-28,33.168829,33.270056,32.063763,32.156555,65275500
2001-08-29,32.367439,32.434925,31.321425,31.684156,59060500
2001-08-30,31.043037,31.473255,30.157299,30.511593,76105800
2001-08-31,30.393502,31.237064,30.317582,30.899641,54309000
2001-09-04,30.798413,31.63354,29.819882,29.921112,74073600
2001-09-05,29.937986,30.29228,28.807614,29.803017,95461200
2001-09-06,29.305317,29.963294,28.495496,28.596725,88701800
2001-09-07,28.36054,29.60901,28.132778,28.428026,95528800
2001-09-10,28.250865,28.951019,28.124329,28.765434,80371300
2001-09-17,26.361283,27.668802,26.226313,26.319105,97700900
2001-09-18,26.597483,27.415737,25.618953,25.728615,66285300
2001-09-19,25.846709,26.150391,23.839034,25.281523,116632800
2001-09-20,24.716337,25.382751,24.294556,24.437962,90840200
2001-09-21,23.122013,24.437968,22.944866,23.779991,112341900
2001-09-24,24.530762,25.306838,24.117417,24.97785,85696500
2001-09-25,25.062202,25.669567,24.421097,25.053768,83860600
2001-09-26,25.264653,25.306831,23.965569,24.184895,59759800
2001-09-27,23.957131,24.286121,23.130442,24.024616,70050700
2001-09-28,24.328309,25.239355,23.881221,24.446407,84810800
2001-10-01,24.33674,24.446402,23.493179,24.235512,53460800
2001-10-02,24.16803,24.809137,23.95714,24.311436,74133400
2001-10-03,23.974003,26.664963,23.898083,26.150391,136198600
2001-10-04,26.698708,28.006229,26.099781,26.403461,127371500
2001-10-05,26.150392,26.909596,25.526157,26.791498,96443400
2001-10-08,26.260056,27.2892,26.11665,26.875856,67789600
2001-10-09,26.875859,27.010829,26.040734,26.226316,57564800
2001-10-10,26.040742,27.44949,25.939514,27.415747,73840600
2001-10-11,27.997802,29.73554,27.955625,29.271582,117232200
2001-10-12,28.959442,29.355914,27.955603,29.145023,111901600
2001-10-15,28.782311,29.145043,28.394274,29.018511,78322000
2001-10-16,29.237825,29.60899,28.740124,29.490892,81346800
2001-10-17,30.258531,30.368195,27.247019,27.373554,141530300
2001-10-18,27.584452,28.293043,27.331384,28.115896,94448200
2001-10-19,27.719416,28.470185,26.993953,28.301472,73434200
2001-10-22,28.208665,29.102841,28.023084,29.060663,74104900
2001-10-23,29.372794,29.862061,28.681074,29.212519,104062200
2001-10-24,29.187225,30.098273,28.951029,29.845205,90171400
2001-10-25,29.271583,31.059932,28.875108,31.04306,118551900
2001-10-26,30.789975,31.26237,30.376629,30.376629,93823900
2001-10-29,30.368206,30.494741,28.714827,28.714827,92146800
2001-10-30,28.436445,28.756999,27.702548,28.158072,96092200
2001-10-31,28.714824,29.490898,28.411141,28.596725,106175500
2001-11-01,29.05225,29.997041,28.4955,29.811457,92716000
2001-11-02,29.752398,30.241662,29.431844,30.030771,64917700
2001-11-05,30.587529,31.346736,30.503174,31.00931,64473000
2001-11-06,30.874337,32.224036,30.69719,32.215599,107214900
2001-11-07,31.726345,32.763925,31.633553,32.173431,92562100
2001-11-08,32.519297,33.236326,31.422667,31.844448,105916300
2001-11-09,31.709478,32.122824,31.313003,31.827576,74121900
2001-11-12,31.211763,32.35057,30.62127,32.055325,112994400
2001-11-13,32.924184,33.320658,32.586761,33.20256,97931800
2001-11-14,33.708702,33.944901,32.67956,33.438763,88660100
2001-11-15,33.03384,33.835224,32.856693,33.30378,86349700
2001-11-16,33.303791,33.472504,32.831395,33.210999,64035500
2001-11-19,33.565299,34.155792,33.312231,34.155792,69196300
2001-11-20,33.809945,33.936477,32.460244,32.578342,85176500
2001-11-21,32.451776,32.856685,32.03843,32.409595,60867900
2001-11-23,32.696411,33.261599,32.536136,33.135063,27046000
2001-11-26,33.388158,34.046135,32.907325,33.953342,75267500
2001-11-27,33.784624,34.560702,33.067598,33.91116,100289700
2001-11-28,33.514682,34.05456,32.637377,32.687992,101568200
2001-11-29,32.924182,33.742438,32.72173,33.70026,83774700
2001-11-30,33.514707,33.776212,33.20259,33.447224,66018200
2001-12-03,33.143513,33.405014,32.789215,32.873573,60449800
2001-12-04,33.185697,34.451038,32.42649,34.442604,79378700
2001-12-05,34.754714,36.399658,34.687227,36.146587,115773700
2001-12-06,36.02005,36.475574,35.733239,36.197197,77702100
2001-12-07,35.83448,35.935706,34.704108,35.201809,81632600
2001-12-10,34.855942,35.623582,34.484776,34.586002,69088000
2001-12-11,34.974056,35.648904,34.695682,34.780037,66056500
2001-12-12,35.0078,35.378965,34.248593,35.058414,76093400
2001-12-13,34.341385,34.586019,33.540001,33.540001,79582600
2001-12-14,33.632787,34.130488,33.379719,33.835243,70006300
2001-12-17,33.759313,34.788459,33.759313,34.41729,62295500
2001-12-18,34.720966,35.007777,33.877405,34.805321,50850400
2001-12-19,34.214841,34.855947,34.012385,34.172661,79596200
2001-12-20,33.826808,33.995521,32.628952,32.721745,83048800
2001-12-21,33.253165,33.497798,33.025406,33.30378,56205000
2001-12-24,33.354408,33.430328,33.025419,33.168823,13660400
2001-12-26,33.21101,33.995522,33.033863,33.480949,37672900
2001-12-27,33.615904,33.911152,33.405014,33.750874,34255200
2001-12-28,33.987081,34.417296,33.936466,34.020824,38240400
2001-12-31,34.00397,34.122068,32.822983,32.822983,46176900
2002-01-02,33.379719,33.868986,32.839841,33.835243,61708800
2002-01-03,34.003953,35.049967,33.961772,35.00779,85769100
2002-01-04,35.387387,35.674198,34.526955,35.151188,86876900
2002-01-07,35.522375,35.615167,33.835252,34.763168,75166200
2002-01-08,34.670356,35.235544,34.451032,34.999348,66956800
2002-01-09,35.463311,35.935703,34.501652,34.678799,85123000
2002-01-10,34.72942,35.04154,34.316077,34.90657,75548000
2002-01-11,34.881253,35.092144,34.138922,34.459473,60832900
2002-01-14,34.155792,34.316067,33.489378,33.708702,71310700
2002-01-15,33.767742,34.375107,33.371271,34.029247,66916100
2002-01-16,33.345962,33.691822,32.704857,32.713291,90942000
2002-01-17,33.303816,33.717163,32.907341,33.447224,75285900
2002-01-18,32.755469,33.278476,32.240896,32.553013,81985600
2002-01-22,32.898885,32.915757,31.49014,31.549189,81773800
2002-01-23,31.76008,32.637381,31.507009,32.418056,74968800
2002-01-24,32.848278,33.329108,32.704874,32.848278,77251200
2002-01-25,32.451795,33.025417,32.359003,32.755478,58832100
2002-01-28,33.025413,33.227866,32.409611,32.941055,47795900
2002-01-29,33.008553,33.236315,31.641981,32.038456,83339800
2002-01-30,32.055323,32.772349,31.085226,32.283085,101385500
2002-01-31,32.536149,32.687991,32.072192,32.485535,69655500
2002-02-01,32.392759,32.797668,31.802266,32.173431,61207100
2002-02-04,32.021572,32.114364,30.882766,31.144268,82763300
2002-02-05,30.865888,31.490124,30.528462,30.629692,86853800
2002-02-06,31.076769,31.118946,30.11511,30.418793,98507600
2002-02-07,30.359773,30.832165,29.524646,29.684921,97725900
2002-02-08,29.912665,30.570645,29.499322,30.511593,80483100
2002-02-11,30.486295,31.043045,30.351325,30.899641,57641200
2002-02-12,30.629708,31.194893,30.401946,30.64658,51477700
2002-02-13,30.975562,31.338293,30.88277,31.16958,60984700
2002-02-14,31.338289,31.692583,30.368193,31.110527,77482300
2002-02-15,31.068359,31.135842,30.064519,30.182617,79719900
2002-02-19,29.83676,29.91268,28.951021,29.254704,72437200
2002-02-20,29.440273,29.668031,28.622018,29.651163,106552700
2002-02-21,29.347502,29.482472,28.242435,28.242435,109307800
2002-02-22,28.352104,28.849805,27.913451,28.385847,99824200
2002-02-25,28.681076,29.735528,28.638899,29.533072,88994700
2002-02-26,29.718655,29.887368,28.993192,29.42341,94683300
2002-02-27,29.853635,29.954861,28.7317,29.018511,95159300
2002-02-28,29.111296,29.499337,28.470191,28.495497,95711200
2002-03-01,28.807605,30.157301,28.75699,30.148867,86081600
2002-03-04,30.115114,31.405761,29.862047,31.338278,105734600
2002-03-05,31.152716,31.945662,31.051489,31.566059,91452600
2002-03-06,31.279248,32.013146,30.874336,31.717897,86943400
2002-03-07,32.156553,32.333703,31.220199,31.785387,85496000
2002-03-08,32.249329,32.924177,32.164974,32.620495,84443700
2002-03-11,32.350573,33.059165,32.105943,32.502415,71035200
2002-03-12,31.692593,32.055325,31.481703,32.055325,82652100
2002-03-13,31.557628,31.768519,31.102105,31.279255,71376200
2002-03-14,31.262389,31.5492,30.984012,31.093676,70700500
2002-03-15,31.118964,31.490133,30.865897,31.405775,63966500
2002-03-18,31.743204,32.004706,31.253937,31.582926,78938300
2002-03-19,31.717896,31.954095,31.397345,31.532314,58947600
2002-03-20,31.102075,31.279225,30.401921,30.418793,61816500
2002-03-21,30.494746,31.32987,30.283856,31.228643,89198800
2002-03-22,31.161147,31.329859,30.764675,30.941822,58930100
2002-03-25,30.95027,31.12742,29.963304,29.997047,87421900
2002-03-26,29.878931,30.722492,29.862063,30.275406,92457500
2002-03-27,30.056091,30.368207,29.862072,30.039219,64531800
2002-03-28,30.38505,30.680294,30.283823,30.418793,59539400
2002-04-01,30.19949,31.127409,29.777709,31.000874,70730500
2002-04-02,30.351326,30.494733,29.524637,29.600557,77759800
2002-04-03,29.777713,29.904249,28.934152,29.549952,85766400
2002-04-04,29.102867,29.659617,28.917282,29.322191,90521500
2002-04-05,29.533079,29.668049,28.832925,28.9932,68426000
2002-04-08,28.233992,29.355927,28.191811,29.355927,74950700
2002-04-09,29.339059,29.507772,28.250867,28.335222,80910200
2002-04-10,28.47862,28.891966,27.947179,28.546106,85748700
2002-04-11,28.394265,28.55454,27.736288,27.837515,90665600
2002-04-12,28.107454,28.512363,27.795337,28.276167,78360100
2002-04-15,28.512373,28.647343,28.006237,28.503939,69306800
2002-04-16,29.043817,29.710231,29.026945,29.693359,72064700
2002-04-17,29.86206,29.946415,29.229389,29.541506,69130100
2002-04-18,29.339042,29.651162,28.681066,28.976311,91086100
2002-04-19,29.566806,29.575244,29.001622,29.069105,62286800
2002-04-22,28.689516,28.689516,28.048411,28.335222,64625600
2002-04-23,28.335222,28.630467,27.584453,27.845955,73070300
2002-04-24,28.014675,28.099033,27.162679,27.415747,68953900
2002-04-25,27.247027,27.609758,26.993959,27.348253,103073700
2002-04-26,27.550703,27.65193,26.158828,26.184135,100193400
2002-04-29,26.352855,26.614359,25.779233,26.251629,85326800
2002-04-30,26.175696,27.154225,26.099775,26.766188,95357900
2002-05-01,26.715576,26.858981,25.796094,26.622784,109975700
2002-05-02,26.479376,26.985513,25.694864,25.737043,85852200
2002-05-03,25.703303,25.737046,24.868177,25.087503,92103200
2002-05-06,24.994712,25.289958,24.336735,24.437962,96491200
2002-05-07,24.691031,24.758516,23.974004,24.210201,101954400
2002-05-08,25.416491,26.892723,25.306829,26.799932,129741500
2002-05-09,26.631224,26.901164,25.981682,26.108217,106477200
2002-05-10,26.158827,26.226312,24.88505,24.935663,112282800
2002-05-13,25.197165,26.133516,25.028452,25.947933,93971200
2002-05-14,27.036135,27.542273,26.884295,27.474787,107284700
2002-05-15,27.061439,28.368958,26.867419,27.677238,150522100
2002-05-16,27.449488,27.879703,27.179548,27.719427,89916300
2002-05-17,28.082142,28.183368,27.390422,27.77846,82695000
2002-05-20,27.500087,27.584445,26.943338,27.171099,78144200
2002-05-21,27.297646,27.491665,26.150403,26.428778,104180000
2002-05-22,26.125088,26.648097,25.652694,26.48782,89543100
2002-05-23,26.68184,27.078313,25.981684,27.019264,94445800
2002-05-24,26.648089,26.732445,26.158824,26.352842,55874600
2002-05-28,26.546862,26.589041,25.720172,26.234745,68829400
2002-05-29,25.863584,26.066039,25.509288,25.543032,73470200
2002-05-30,25.315266,25.914194,25.222474,25.762354,92080500
2002-05-31,25.947945,26.184143,25.306839,25.340582,79907400
2002-06-03,25.30684,25.517731,24.286132,24.446407,77043700
2002-06-04,24.252378,25.03689,24.13428,24.766951,98366200
2002-06-05,24.817573,25.138125,24.437969,25.020027,95347100
2002-06-06,24.893484,24.893484,23.53535,24.36204,91129700
2002-06-07,23.307601,24.286134,23.214811,23.872787,106049200
2002-06-10,23.923406,24.252395,23.737822,23.830614,73142900
2002-06-11,24.125847,24.201768,23.079832,23.164186,84609500
2002-06-12,22.978601,23.585965,22.632741,23.50161,152974400
2002-06-13,23.417249,23.79685,23.071389,23.349764,97556300
2002-06-14,22.658053,23.383515,22.101303,23.29916,122106800
2002-06-17,23.619706,24.252377,23.543786,24.0921,87618100
2002-06-18,23.881212,24.589803,23.855906,24.480141,100513400
2002-06-19,23.704064,23.889647,22.987037,23.062958,93507600
2002-06-20,23.003917,23.155758,21.654218,22.320631,99913200
2002-06-21,22.236266,22.590562,21.637337,21.780743,168755100
2002-06-24,21.468633,22.607439,21.266177,22.210966,219672100
2002-06-25,22.421859,22.539957,21.3421,21.47707,136336400
2002-06-26,20.608198,21.747006,20.574455,21.637342,149080300
2002-06-27,21.93259,22.143481,21.105901,22.109737,121371100
2002-06-28,21.974768,22.565261,21.806057,22.016947,87842000
2002-07-01,21.907283,22.050689,20.903447,20.962496,64753900
2002-07-02,20.751598,20.878131,19.47782,20.203283,111629600
2002-07-03,20.118927,20.878132,19.924909,20.878132,101067000
2002-07-05,21.308351,22.261574,21.131202,22.219397,56768300
2002-07-08,22.101294,22.396539,21.156505,21.409573,97288500
2002-07-09,21.299913,21.493931,20.743163,20.802212,91039600
2002-07-10,21.080596,21.114339,20.102065,20.161114,115365200
2002-07-11,20.043016,20.996239,19.848997,20.920319,170271200
2002-07-12,21.299922,21.527684,20.709428,20.920319,130027800
2002-07-15,20.819091,21.628909,20.034579,21.56986,140207200
2002-07-16,21.299913,21.949456,21.004667,21.2493,148281700
2002-07-17,21.991638,22.303757,20.996236,21.637342,157954700
2002-07-18,21.409589,21.569866,20.684128,20.861275,114052300
2002-07-19,20.523839,20.844391,20.076751,20.237028,124116400
2002-07-22,20.118926,20.66724,19.477819,19.739323,150034800
2002-07-23,19.781511,20.034579,18.794545,18.895771,150786800
2002-07-24,18.39807,19.958659,18.254665,19.924917,186493600
2002-07-25,19.612797,19.739331,18.389632,18.769236,153915500
2002-07-26,19.030732,19.266929,18.566774,19.123524,96034200
2002-07-29,19.629668,20.346696,19.469391,20.102062,96735200
2002-07-30,20.017702,20.827522,19.899604,20.506968,117394300
2002-07-31,20.245463,20.40574,19.705584,20.118929,93831300
2002-08-01,20.026148,20.161117,19.115101,19.17415,85149700
2002-08-02,19.216324,19.266937,18.406504,18.769236,86706000
2002-08-05,18.651137,18.828284,17.967851,18.085951,84897800
2002-08-06,18.389625,19.410334,18.38119,18.980118,115364600
2002-08-07,19.57062,19.714026,18.524603,19.233194,125677100
2002-08-08,19.191018,19.908046,18.811415,19.882738,111697900
2002-08-09,19.570618,20.000833,19.300678,19.680281,93576900
2002-08-12,19.444076,19.806807,19.317542,19.739323,62870900
2002-08-13,19.595921,20.135801,19.022299,19.064478,88434400
2002-08-14,19.123526,20.414175,18.954813,20.279205,102613500
2002-08-15,20.447925,20.709428,20.009273,20.692558,120307800
2002-08-16,20.355133,21.089032,20.017709,20.835964,95853000
2002-08-19,20.895012,21.586732,20.819091,21.342098,76015900
2002-08-20,21.240864,21.451754,20.962489,21.2493,89981300
2002-08-21,21.418011,21.806049,21.089022,21.721693,101365500
2002-08-22,21.713257,22.10973,21.443318,22.067553,80345500
2002-08-23,21.763879,21.772315,21.046853,21.215565,75211200
2002-08-26,21.342095,21.418015,20.760039,21.299917,83335400
2002-08-27,21.451763,21.519248,20.372004,20.557589,92340400
2002-08-28,20.262338,20.321387,19.730894,19.806814,115562300
2002-08-29,19.570618,20.431049,19.418777,20.068319,97028200
2002-08-30,19.924922,20.245475,19.722466,19.815258,59474900
2002-09-03,19.452522,19.764641,18.845159,19.098227,81828100
2002-09-04,18.980132,19.418784,18.760806,19.17415,82717600
2002-09-05,18.895776,18.980133,18.499303,18.701757,91576600
2002-09-06,19.115096,19.58749,19.064483,19.275373,86008800
2002-09-09,19.123525,19.714019,18.887328,19.469385,72679500
2002-09-10,19.595939,19.967107,19.427228,19.950235,74615800
2002-09-11,20.346695,20.540714,19.756202,19.781509,73902800
2002-09-12,19.595926,19.621234,19.157274,19.241631,70763500
2002-09-13,19.064486,19.469395,18.997001,19.393475,79716100
2002-09-16,19.28381,19.401908,18.870465,19.115097,58853600
2002-09-17,19.444083,19.579053,18.710186,18.710186,89139700
2002-09-18,18.566781,19.022303,18.372762,18.499296,92358300
2002-09-19,18.305284,18.668014,18.178748,18.204056,86247700
2002-09-20,18.41494,18.473989,18.119693,18.27997,78116900
2002-09-23,18.094389,18.153438,17.554508,17.731657,72757500
2002-09-24,17.444833,18.094375,17.419526,17.74008,91507300
2002-09-25,18.010027,18.592084,17.799137,18.448679,98051900
2002-09-26,18.693316,18.836722,18.026904,18.220922,104453500
2002-09-27,18.178737,18.735487,17.976282,17.976282,92249700
2002-09-30,17.773835,17.91724,17.284569,17.478588,91502500
2002-10-01,17.63886,18.549905,17.267692,18.54147,102096000
2002-10-02,18.14501,18.533048,17.689486,17.925684,94829700
2002-10-03,17.76539,18.052201,17.444838,17.495451,74354800
2002-10-04,17.664167,17.731652,16.964011,17.166466,81837100
2002-10-07,17.090546,17.368921,16.744686,17.006189,79861800
2002-10-08,17.107409,17.385784,16.668758,17.039925,94103100
2002-10-09,16.820605,17.318306,16.736248,16.921831,103301000
2002-10-10,16.955579,17.891931,16.795302,17.782269,109610500
2002-10-11,18.178739,18.878895,18.069077,18.743925,124777400
2002-10-14,18.448684,18.980127,18.372763,18.963255,78890300
2002-10-15,19.773074,19.933349,19.553747,19.8743,118176000
2002-10-16,19.157279,19.536882,18.6174,19.21633,97441900
2002-10-17,19.908047,20.085194,19.047614,19.865868,95754500
2002-10-18,19.638105,20.118935,19.342859,20.085192,84941900
2002-10-21,19.840555,20.625067,19.65497,20.490097,85311500
2002-10-22,20.017709,20.532282,19.950224,20.363569,89947000
2002-10-23,20.118937,20.776914,19.967096,20.751608,88093500
2002-10-24,20.819091,20.970932,20.177984,20.228598,88674800
2002-10-25,20.237035,20.878142,20.237035,20.835964,71557300
2002-10-28,21.089026,21.122769,20.38887,20.65881,90272000
2002-10-29,20.506967,20.641936,19.714021,20.177979,90293800
2002-10-30,20.296092,20.911893,20.118945,20.717873,103531100
2002-10-31,20.802219,21.122773,20.549151,20.709427,81493100
2002-11-01,20.557584,21.426451,20.363564,21.299917,86658400
2002-11-04,21.974762,22.624305,21.763872,21.848228,110562400
2002-11-05,21.687957,22.075996,21.561423,22.016947,79603300
2002-11-06,22.177233,22.447173,21.628917,22.329073,116251700
2002-11-07,21.924153,22.016946,21.350532,21.544552,82711600
2002-11-08,21.502375,21.822929,21.055287,21.148079,76937600
2002-11-11,21.046848,21.105897,20.371998,20.506968,74384300
2002-11-12,20.582886,21.426447,20.582886,21.029974,88748800
2002-11-13,20.835957,21.679518,20.658808,21.283043,119341800
2002-11-14,21.578295,22.286886,21.527681,22.016947,85720100
2002-11-15,21.848233,22.312193,21.721699,22.303757,69291300
2002-11-18,22.531522,22.582137,21.924158,21.974771,76238000
2002-11-19,21.763876,21.974767,21.342096,21.637342,88139200
2002-11-20,21.561429,22.565267,21.544559,22.556831,75104700
2002-11-21,22.7171,23.484741,22.565259,23.391949,105472900
2002-11-22,23.088275,23.569105,23.046096,23.38352,73808600
2002-11-25,23.417254,23.788421,23.231671,23.611273,72666100
2002-11-26,23.434134,23.510054,22.691799,22.818333,80017900
2002-11-27,23.223238,23.788424,23.181059,23.543791,73643900
2002-11-29,23.796865,23.864351,22.961739,23.38352,34652100
2002-12-02,23.974009,24.286127,23.256981,23.619713,85136000
2002-12-03,23.240112,23.265419,22.717105,22.919559,76595500
2002-12-04,22.404982,22.733972,22.109735,22.413418,130115900
2002-12-05,22.733982,22.776159,22.04226,22.101311,84933200
2002-12-06,21.772322,22.539963,21.713273,22.329073,81727900
2002-12-09,22.118174,22.396549,21.257742,21.274612,75855200
2002-12-10,21.44333,21.890418,21.384281,21.595171,69578300
2002-12-11,21.460198,21.991641,21.35897,21.696394,64237600
2002-12-12,21.932593,22.514651,21.561426,21.814495,62296400
2002-12-13,21.527681,21.569859,21.097465,21.122772,72647800
2002-12-16,21.274614,21.89885,21.148081,21.806059,60278500
2002-12-17,21.772319,22.101309,21.645785,21.873547,62562700
2002-12-18,21.552978,21.595157,21.131198,21.409573,67130700
2002-12-19,21.232431,21.747004,20.928749,21.139639,95969700
2002-12-20,21.367395,21.468623,21.148069,21.358959,65578600
2002-12-23,21.240861,21.730126,21.198682,21.654205,45941700
2002-12-24,21.510811,21.70483,21.35897,21.384277,16772700
2002-12-26,21.536112,21.856665,21.23243,21.325222,33795400
2002-12-27,21.240864,21.80605,20.878132,20.937181,42490200
2002-12-30,20.954063,21.063726,20.549154,20.776915,57396400
2002-12-31,20.700994,20.844398,20.481668,20.557589,46015400
2003-01-02,20.852829,21.552985,20.625069,21.426451,65903200
2003-01-03,21.47707,21.687961,21.325231,21.662655,39059500
2003-01-06,21.687955,22.43029,21.25774,22.202528,67223400
2003-01-07,22.278447,22.717099,22.143478,22.480902,88726100
2003-01-08,22.261573,22.750838,21.797615,21.848228,74989900
2003-01-09,22.135042,22.759277,22.11817,22.523081,75391100
2003-01-10,22.227835,22.995476,22.118171,22.860506,82594300
2003-01-13,23.054523,23.172621,22.548386,22.725534,72870300
2003-01-14,22.700224,23.046084,22.649611,22.84363,46993800
2003-01-15,22.978612,23.071404,22.421862,22.556831,55131000
2003-01-16,22.599003,22.759279,22.14348,22.303757,68740300
2003-01-17,21.848228,21.881971,21.316785,21.350527,77289400
2003-01-21,21.434894,21.552992,21.105906,21.114342,67729600
2003-01-22,21.05528,21.536111,20.979361,21.029974,80020200
2003-01-23,21.426443,21.797611,21.181812,21.519236,78471100
2003-01-24,21.536111,21.536111,20.78534,20.937181,74519700
2003-01-27,20.625073,21.114339,20.557589,20.692558,76561000
2003-01-28,20.895012,21.131208,20.599766,20.903448,65217200
2003-01-29,20.886576,21.468634,20.532281,21.215565,95717500
2003-01-30,21.358962,21.443318,20.658806,20.667242,70333800
2003-01-31,20.29608,20.886574,20.253903,20.616634,90505600
2003-02-03,20.684117,20.911879,20.566017,20.65881,53158800
2003-02-04,20.397309,20.498535,20.093626,20.405745,68235700
2003-02-05,20.523842,20.97093,20.253903,20.312952,80107700
2003-02-06,20.279207,20.540711,20.127366,20.422611,103552000
2003-02-07,20.549151,20.625072,19.950222,20.085192,72312400
2003-02-10,20.15268,20.456363,19.92492,20.262344,67572600
2003-02-11,20.456354,20.760037,20.177979,20.371998,77823300
2003-02-12,20.304516,20.523842,20.059884,20.093626,51753000
2003-02-13,20.118936,20.228598,19.671848,20.194857,77387400
2003-02-14,20.10206,20.667245,19.924912,20.65881,67510400
2003-02-18,20.835959,21.375838,20.819088,21.299917,73976800
2003-02-19,21.257749,21.291491,20.844402,21.156521,45541400
2003-02-20,21.215564,21.316792,20.954061,21.072159,59759800
2003-02-21,21.029979,21.401146,20.675683,21.232433,70228500
2003-02-24,21.198692,21.266176,20.844396,20.869703,56646600
2003-02-25,20.625069,21.046849,20.31295,20.895008,74440700
2003-02-26,20.819094,21.03842,20.414185,20.431055,60005600
2003-02-27,20.599761,21.021542,20.473228,20.895008,66424000
2003-02-28,20.92875,21.27461,20.85283,21.223997,50185800
2003-03-03,21.316798,21.493945,20.717868,20.793789,60414400
2003-03-04,20.802212,20.895004,20.599757,20.667242,56043500
2003-03-05,20.582893,20.903447,20.515408,20.709427,69096500
2003-03-06,20.608196,20.819087,20.439484,20.65881,59108600
2003-03-07,20.312952,20.827525,20.211724,20.700991,73291000
2003-03-10,20.52384,20.625068,20.169544,20.253901,55948000
2003-03-11,20.296084,20.447925,20.059887,20.076757,54934200
2003-03-12,20.043016,20.447925,19.857433,20.439489,77859800
2003-03-13,20.785346,21.637343,20.582892,21.612038,128537600
2003-03-14,21.70483,21.91572,21.392713,21.696394,89794400
2003-03-17,21.451756,22.607434,21.384271,22.438723,141040800
2003-03-18,22.60744,22.750846,22.286888,22.717104,96548700
2003-03-19,22.649615,22.733971,22.210963,22.523081,91315100
2003-03-20,22.388113,22.894248,22.075994,22.607437,92789700
2003-03-21,22.953301,23.096707,22.101306,22.919559,93304600
2003-03-24,22.329063,22.438727,21.907283,21.966333,85244500
2003-03-25,22.059126,22.573699,21.941028,22.278452,78731500
2003-03-26,22.354363,22.582125,22.236265,22.404976,67880200
2003-03-27,22.160354,22.480907,22.016949,22.244711,64113100
2003-03-28,22.05069,22.295323,21.890414,22.000076,45374700
2003-03-31,21.595164,21.704826,21.266174,21.299917,89345300
2003-04-01,21.46019,21.654209,21.299913,21.468626,73159500
2003-04-02,21.983198,22.404978,21.957892,22.059118,75843800
2003-04-03,22.472464,22.649612,22.194088,22.337494,70138200
2003-04-04,22.413424,22.438731,21.907287,21.974771,65665700
2003-04-07,22.868943,22.944864,21.991639,22.008511,83842700
2003-04-08,22.059123,22.177222,21.831361,21.983202,54250600
2003-04-09,22.01695,22.168791,21.434892,21.47707,76457100
2003-04-10,21.477062,21.738567,21.342093,21.738567,57017500
2003-04-11,21.949452,22.06755,21.392702,21.519236,67974500
2003-04-14,21.59516,22.050682,21.502368,21.957891,52476200
2003-04-15,21.907278,22.320623,21.806052,22.168783,64655700
2003-04-16,22.480907,22.632748,22.033821,22.118176,70711600
2003-04-17,22.067561,22.759281,22.059125,22.624311,70179900
2003-04-21,22.725532,22.860501,22.455592,22.70866,52729600
2003-04-22,22.54839,23.164189,22.480905,23.138884,70757200
2003-04-23,23.197936,23.408826,22.995481,23.307598,70327100
2003-04-24,23.079832,23.408821,23.003912,23.181059,72383900
2003-04-25,23.046089,23.130446,22.658052,22.733973,63277900
2003-04-28,22.818327,23.307593,22.733973,23.181059,59666200
2003-04-29,23.316028,23.670324,23.122009,23.391949,79903800
2003-04-30,23.324471,23.442571,23.138888,23.15576,60202100
2003-05-01,23.147319,23.510051,22.936429,23.35821,66022600
2003-05-02,23.290723,23.864345,23.25698,23.855909,85004100
2003-05-05,23.898099,24.218652,23.763129,23.830614,80520300
2003-05-06,23.805291,24.378913,23.796855,24.134281,77338300
2003-05-07,23.965566,24.201764,23.720934,23.86434,70353200
2003-05-08,23.493176,23.779987,23.417256,23.425692,80249100
2003-05-09,23.653448,24.024614,23.619705,23.965565,58528200
2003-05-12,23.923397,24.429533,23.76312,24.328306,67487300
2003-05-13,24.151155,24.454837,24.075236,24.176462,64934300
2003-05-14,24.353599,24.437954,23.923383,24.125837,62181200
2003-05-15,24.252381,24.446399,24.092104,24.395786,62232100
2003-05-16,24.235507,24.412656,24.024617,24.210201,70590400
2003-05-19,24.058365,24.193335,23.290725,23.35821,91334800
2003-05-20,23.417256,23.585967,23.122009,23.425692,71817800
2003-05-21,23.324466,23.408823,23.147319,23.35821,63648500
2003-05-22,23.417262,23.889655,23.299164,23.695637,62401400
2003-05-23,23.653454,23.830601,23.577533,23.704067,37922500
2003-05-27,23.560662,24.648855,23.535354,24.547628,101422100
2003-05-28,24.598241,24.800696,24.429528,24.623549,76290400
2003-05-29,24.657289,25.138118,24.59824,24.724773,97336000
2003-05-30,24.910372,25.197183,24.842887,25.129698,78093700
2003-06-02,25.374328,25.475556,24.724785,24.952547,102937000
2003-06-03,24.834452,25.205617,24.741659,25.188747,81672600
2003-06-04,25.146567,25.79611,25.070647,25.66114,87046100
2003-06-05,25.416498,25.880457,25.281528,25.846714,88747900
2003-06-06,26.327548,26.546874,25.340583,25.416502,157178100
2003-06-09,25.306839,25.492422,24.910365,25.079077,94941800
2003-06-10,25.188734,25.475545,25.036893,25.458673,69660100
2003-06-11,25.365882,25.846712,25.13812,25.745485,87338200
2003-06-12,25.846709,25.939501,25.526156,25.855145,79450500
2003-06-13,25.863578,25.922627,25.18873,25.273085,83353600
2003-06-16,25.450231,26.06603,25.306825,26.049158,71211800
2003-06-17,26.167259,26.24318,25.77922,25.947933,67571200
2003-06-18,25.863583,26.344412,25.686436,26.082909,80215700
2003-06-19,26.133534,26.352861,25.627397,25.66114,79467200
2003-06-20,25.888897,25.964818,25.51773,25.627392,71512400
2003-06-23,25.585203,25.618946,24.935661,25.230907,86509400
2003-06-24,25.079079,25.416503,24.910368,25.036901,83004400
2003-06-25,25.028466,25.458682,24.859753,24.901932,94255300
2003-06-26,25.0622,25.543031,24.977845,25.492416,79187500
2003-06-27,25.517729,25.787668,25.11282,25.163433,82451900
2003-06-30,25.441797,25.593639,25.138115,25.26465,72043000
2003-07-01,25.053761,25.627381,24.682594,25.602076,105852500
2003-07-02,25.652694,26.141959,25.627387,26.125088,81972500
2003-07-03,25.897327,26.234751,25.703306,25.796099,50050400
2003-07-07,26.125089,26.909601,26.116653,26.901165,88554600
2003-07-08,26.808383,27.255471,26.673413,27.230162,81874500
2003-07-09,27.145797,27.407302,26.934906,27.162668,89588400
2003-07-10,26.867424,26.985523,26.428772,26.656534,102928700
2003-07-11,26.698709,26.98552,26.664967,26.858986,67728100
2003-07-14,27.280767,27.626627,27.053005,27.179541,84524600
2003-07-15,27.44104,27.542269,26.94334,27.213278,75059000
2003-07-16,27.381989,27.415732,26.76619,27.128922,80138700
2003-07-17,26.724023,26.858993,26.184144,26.302242,116260400
2003-07-18,26.487817,26.614351,26.082908,26.386591,80519000
2003-07-21,26.352841,26.403454,25.821398,26.049158,111325300
2003-07-22,26.243186,26.572174,26.032295,26.437204,91471500
2003-07-23,26.479386,26.690276,26.141961,26.656534,69050400
2003-07-24,26.867428,27.010834,26.217886,26.302242,82999700
2003-07-25,26.260051,26.85898,25.956371,26.825237,82709600
2003-07-28,26.875859,26.985521,26.656533,26.901165,56180800
2003-07-29,26.934905,27.010826,26.352848,26.698708,80560100
2003-07-30,26.74933,26.774637,26.428777,26.504698,56617300
2003-07-31,26.816803,27.272327,26.589041,26.825237,85544100
2003-08-01,26.73245,26.816806,26.40346,26.538429,73545400
2003-08-04,26.504691,26.825244,26.015426,26.529999,96344600
2003-08-05,26.496246,26.555295,25.391182,25.483973,111041800
2003-08-06,25.610523,25.956383,25.391197,25.467117,96816000
2003-08-07,25.492418,25.737051,25.323706,25.568338,67326600
2003-08-08,25.669571,25.770798,25.247791,25.365889,66677100
2003-08-11,25.374323,25.812975,25.332146,25.644262,63712200
2003-08-12,25.737049,26.066037,25.585207,26.032295,59676100
2003-08-13,26.133522,26.209443,25.855147,26.040731,57969700
2003-08-14,26.049163,26.310668,25.872016,26.066034,50271500
2003-08-15,26.150399,26.395032,26.09135,26.293804,28116300
2003-08-18,26.411899,27.002391,26.344414,26.968649,67224100
2003-08-19,27.08675,27.314512,26.867424,27.306074,68205000
2003-08-20,27.078323,27.43262,27.01084,27.238602,58233500
2003-08-21,27.491663,27.685681,27.221723,27.53384,77161400
2003-08-22,28.056836,28.149628,27.314505,27.365116,92989800
2003-08-25,27.297635,27.449477,27.1711,27.424168,43044700
2003-08-26,27.230154,27.491659,26.833681,27.449482,79838500
2003-08-27,27.407304,27.694115,27.306075,27.668806,47532100
2003-08-28,27.786903,27.938745,27.432609,27.913439,55311000
2003-08-29,27.871263,28.225557,27.820648,28.166508,53148800
2003-09-02,28.25086,28.588283,27.947178,28.571411,80303100
2003-09-03,28.765429,28.849787,28.385829,28.554539,85234800
2003-09-04,28.537674,28.866662,28.42801,28.816048,63736100
2003-09-05,28.65576,28.967877,28.402689,28.630451,91024100
2003-09-08,28.68109,29.128177,28.638913,29.102871,69296000
2003-09-09,28.951017,29.010066,28.613591,28.756998,87817500
2003-09-10,28.470184,28.588282,27.930306,28.065275,111624500
2003-09-11,28.073713,28.495494,27.845951,28.377396,96914900
2003-09-12,28.124318,28.546098,27.879684,28.529226,104963000
2003-09-15,28.546111,28.60516,28.208685,28.250866,54594200
2003-09-16,28.276176,29.043817,28.276176,29.018511,87463800
2003-09-17,28.95946,29.102864,28.706389,28.900408,79794700
2003-09-18,28.82447,29.406529,28.681066,29.339043,91469900
2003-09-19,29.347494,29.406543,28.984763,29.170347,69796000
2003-09-22,28.790746,28.849795,28.487064,28.613596,97477500
2003-09-23,28.65577,29.153471,28.605155,29.119728,77826500
2003-09-24,29.111293,29.119731,27.980921,28.023102,115057400
2003-09-25,28.158079,28.461761,27.635068,27.660378,117604800
2003-09-26,27.744715,27.980911,27.432599,27.483213,106581000
2003-09-29,27.63506,27.98092,27.373558,27.955614,96862800
2003-09-30,27.770034,27.803777,27.297642,27.348253,119122500
2003-10-01,27.508528,28.031535,27.34825,27.964052,106653600
2003-10-02,27.921881,28.200258,27.778477,28.05685,83911100
2003-10-03,28.55453,29.07754,28.529224,28.841341,112862800
2003-10-06,28.917252,29.060659,28.731671,29.052221,49162900
2003-10-07,28.816056,29.229403,28.689521,29.229403,80104600
2003-10-08,29.364372,29.389678,28.86667,29.043818,71387400
2003-10-09,29.448722,29.752405,29.043813,29.263138,118216100
2003-10-10,29.330619,29.549943,29.220955,29.533072,68356200
2003-10-13,29.642746,29.836765,29.457162,29.727104,60919800
2003-10-14,29.608995,29.887371,29.490897,29.803017,62274900
2003-10-15,30.199502,30.241679,29.549959,29.676495,97045200
2003-10-16,29.609012,29.971744,29.575272,29.912695,73955000
2003-10-17,29.870498,29.937985,29.187213,29.19565,97794400
2003-10-20,29.22939,29.592121,29.102855,29.558378,75544300
2003-10-21,29.642744,29.904249,29.474031,29.735537,73455600
2003-10-22,29.431848,29.465592,29.052245,29.161909,88141400
2003-10-23,28.8076,29.111279,28.723242,28.824469,95409600
2003-10-24,28.503925,28.875091,28.250857,28.849785,101778600
2003-10-27,28.917261,29.060668,28.714808,28.858212,63604500
2003-10-28,29.043809,29.870499,28.993195,29.828321,107375700
2003-10-29,29.693356,29.870503,29.583692,29.794582,74075200
2003-10-30,30.207918,30.368193,29.64273,29.853621,95062600
2003-10-31,29.895819,29.938,29.575268,29.676495,55473200
2003-11-03,29.887368,30.351325,29.828318,30.165741,71141200
2003-11-04,30.106689,30.25853,29.904236,29.963285,60033900
2003-11-05,29.963288,30.275404,29.651171,30.233227,67412700
2003-11-06,30.191047,30.342888,29.811444,30.317579,90567400
2003-11-07,30.435685,30.52004,30.030773,30.056082,63505200
2003-11-10,30.115139,30.148883,29.600566,29.684921,68896400
2003-11-11,29.651171,29.777703,29.3981,29.575251,75607100
2003-11-12,29.668053,30.334468,29.642748,30.207935,80364600
2003-11-13,30.123553,30.283831,29.988583,30.174168,64243000
2003-11-14,30.207921,30.385068,29.482458,29.558378,90932200
2003-11-17,29.389673,29.448722,28.900406,29.254704,108063100
2003-11-18,29.414975,29.499333,28.529236,28.579851,108588500
2003-11-19,28.689499,29.01849,28.579838,28.858212,86320300
2003-11-20,28.613591,29.254699,28.520802,28.579851,117324500
2003-11-21,28.748561,28.900399,28.453313,28.875093,81787500
2003-11-24,29.119744,29.735544,29.077567,29.676495,92057500
2003-11-25,29.769287,29.904257,29.600574,29.676495,72519800
2003-11-26,29.862072,29.963298,29.36437,29.811457,72842900
2003-11-28,29.743976,29.946432,29.701798,29.845205,24802600
2003-12-01,30.123558,30.376625,29.921105,30.283836,82767300
2003-12-02,30.21635,30.410369,30.013897,30.115124,62504500
2003-12-03,30.233238,30.469434,29.735537,29.735537,107568500
2003-12-04,29.845192,30.123565,29.592124,30.056082,102334800
2003-12-05,29.752397,29.946416,29.490892,29.558378,87490200
2003-12-08,29.54152,29.803025,29.339064,29.727104,86961200
2003-12-09,29.895813,29.912685,28.976331,29.043818,109949500
2003-12-10,29.102868,29.271581,28.790751,29.153482,103504200
2003-12-11,29.10286,29.853629,29.094426,29.777708,108374700
2003-12-12,29.786153,29.811459,29.440293,29.727104,72189400
2003-12-15,30.309139,30.359754,29.229382,29.339043,106091400
2003-12-16,29.347484,29.541503,29.035365,29.398096,89854700
2003-12-17,29.364357,29.524632,29.161901,29.448711,68539900
2003-12-18,29.482474,30.064531,29.482474,29.997047,89978100
2003-12-19,30.03923,30.072974,29.69337,29.912695,89762300
2003-12-22,29.81989,30.098266,29.769278,30.005474,63580000
2003-12-23,30.030771,30.385068,29.971722,30.233227,66999800
2003-12-24,30.245035,30.396936,30.211279,30.29567,44840300
2003-12-26,30.346298,30.456005,30.228154,30.253469,25497600
2003-12-29,30.405373,30.827318,30.396935,30.751368,63296200
2003-12-30,30.827329,30.869526,30.633234,30.852648,48249400
2003-12-31,30.90328,30.920158,30.591041,30.768257,60494600
2004-01-02,30.937025,31.046732,30.565715,30.683859,55234100
2004-01-05,30.86954,31.358995,30.852662,31.299923,69717900
2004-01-06,31.291475,31.578395,31.181768,31.510885,60033000
2004-01-07,31.460241,31.797798,31.283024,31.797798,71830000
2004-01-08,31.941273,32.067858,31.7303,32.05098,76800900
2004-01-09,31.823135,32.363225,31.721869,31.840014,94296500
2004-01-12,31.941266,32.363211,31.797806,32.346336,77668400
2004-01-13,32.295695,32.371645,31.730286,32.02565,92973900
2004-01-14,32.135353,32.278813,31.856868,32.135353,68122400
2004-01-15,32.008784,32.456046,31.755618,32.219757,104427700
2004-01-16,32.388536,32.599509,32.211316,32.548874,77324100
2004-01-20,32.683902,32.911753,32.329469,32.523563,81998100
2004-01-21,32.396961,32.624811,32.067844,32.388523,112180300
2004-01-22,32.53199,32.650134,32.118485,32.194435,90061900
2004-01-23,32.24505,32.456022,31.882177,32.076271,88751300
2004-01-26,32.050965,32.616373,31.932821,32.565739,84538000
2004-01-27,32.498231,32.599501,31.806241,31.848438,97191600
2004-01-28,32.017218,32.118487,31.223962,31.30835,127959700
2004-01-29,31.426497,31.485569,30.937038,31.426497,143925900
2004-01-30,31.392734,31.595266,31.19864,31.283028,84264700
2004-02-02,31.392733,31.629022,31.072054,31.198639,94507900
2004-02-03,31.148006,31.426492,31.088934,31.164885,73488700
2004-02-04,30.903276,31.105811,30.65855,30.65855,109933000
2004-02-05,30.810437,30.979216,30.65854,30.776684,96784500
2004-02-06,30.886402,31.460248,30.827329,31.333666,107174100
2004-02-09,31.510881,31.544637,31.266152,31.325224,58817700
2004-02-10,31.274592,31.569953,31.249273,31.375858,65042700
2004-02-11,31.426522,31.789393,31.283059,31.713446,92503000
2004-02-12,31.66278,31.81468,31.426491,31.434929,70556400
2004-02-13,31.553057,32.042515,31.021405,31.173306,90570400
2004-02-17,31.460236,31.747159,31.409605,31.595259,69678600
2004-02-18,31.65435,31.789373,31.494012,31.688107,70972100
2004-02-19,31.958151,31.98347,31.072066,31.207088,100843800
2004-02-20,31.223951,31.342095,30.844199,31.105806,132347600
2004-02-23,31.223951,31.249266,30.472888,30.759811,125199800
2004-02-24,30.633224,30.928588,30.464446,30.683859,124521900
2004-02-25,30.74293,30.945462,30.658542,30.869514,74457100
2004-02-26,30.776707,31.088945,30.641684,30.945482,71327600
2004-02-27,31.021426,31.173327,30.607921,30.861088,99383900
2004-03-01,30.953909,31.283026,30.776693,31.266148,79700700
2004-03-02,31.207081,31.37586,30.894843,30.90328,91536000
2004-03-03,30.810451,30.91172,30.557285,30.734501,83938300
2004-03-04,30.751388,31.080508,30.709194,31.021433,65905600
2004-03-05,30.734505,31.350548,30.683873,30.911724,118107100
2004-03-08,30.96235,31.072057,30.152216,30.185972,112599500
2004-03-09,30.219721,30.363181,29.974992,30.093136,126140400
2004-03-10,30.169108,30.38008,29.645896,29.696527,134226100
2004-03-11,29.595249,29.983438,29.367398,29.42647,152132000
2004-03-12,29.68808,30.034075,29.662764,29.966562,118369600
2004-03-15,29.839981,29.873738,29.375842,29.443352,115813600
2004-03-16,29.628995,29.747139,29.223928,29.493973,123265100
2004-03-17,29.713412,30.059407,29.688096,29.958141,91684700
2004-03-18,29.848422,29.924373,29.510868,29.823107,111249700
2004-03-19,29.772472,29.924372,29.299895,29.325211,99976700
2004-03-22,29.139546,29.156424,28.7176,28.953892,133870400
2004-03-23,29.190184,29.240818,28.700725,28.717604,125945800
2004-03-24,28.818867,29.223934,28.70072,29.046715,118876800
2004-03-25,29.240823,29.924373,29.215504,29.823107,142122000
2004-03-26,29.78935,30.025641,29.704962,29.72184,78430800
2004-03-29,29.966572,30.346324,29.949697,30.202864,103864000
2004-03-30,30.101584,30.329435,29.975002,30.304119,95716500
2004-03-31,30.312545,30.380058,30.050941,30.245035,85993900
2004-04-01,30.219736,30.591047,30.194417,30.515097,93048600
2004-04-02,31.131133,31.358984,30.818895,31.30835,145964000
2004-04-05,31.232398,31.645906,31.198645,31.603712,67351600
2004-04-06,31.358989,31.434939,31.156454,31.207088,98611400
2004-04-07,31.215503,31.316769,30.937017,31.173306,91004900
2004-04-08,31.5193,31.553057,31.00453,31.173306,77176300
2004-04-12,31.240852,31.426509,31.207095,31.367434,55285700
2004-04-13,31.510886,31.527764,30.768261,30.911724,100624400
2004-04-14,30.726064,31.181766,30.68387,31.063622,113663200
2004-04-15,31.012994,31.105822,30.396954,30.50666,123565500
2004-04-16,30.548826,30.650092,30.202831,30.455997,110736600
2004-04-19,30.388499,30.877957,30.363183,30.827322,85838700
2004-04-20,30.894842,31.046743,30.076267,30.110023,119545100
2004-04-21,30.295679,30.472896,30.084707,30.37163,117850500
2004-04-22,30.380072,31.232401,30.363194,31.15645,137623300
2004-04-23,31.291463,31.443361,31.139563,31.401167,91855600
2004-04-26,31.375841,31.468669,30.92858,31.173306,74392200
2004-04-27,31.181755,31.384287,30.962342,31.114243,87548500
2004-04-28,30.979224,30.987665,30.396941,30.548841,111740700
2004-04-29,30.456021,30.666993,29.789346,30.076269,156917100
2004-04-30,30.093134,30.211278,29.299878,29.342072,150829200
2004-05-03,29.536187,29.975011,29.443359,29.620575,117007200
2004-05-04,29.713386,30.169088,29.561486,29.747143,126176000
2004-05-05,29.890618,30.126909,29.704964,29.983446,97528500
2004-05-06,29.730273,29.907489,29.409593,29.755589,102733300
2004-05-07,29.612147,30.076287,29.460247,29.510881,137686000
2004-05-10,29.257681,29.451779,29.046708,29.257681,156951400
2004-05-11,29.510874,29.856869,29.468676,29.696527,120493600
2004-05-12,29.637444,29.780907,28.920138,29.755589,197765400
2004-05-13,29.586814,29.915931,29.468666,29.544617,137841700
2004-05-14,29.704962,29.797791,29.232382,29.325211,133689900
2004-05-17,29.012962,29.24925,28.785111,29.046715,150652400
2004-05-18,29.249258,29.451794,29.198624,29.308331,96686400
2004-05-19,29.6712,29.966561,29.223939,29.27457,141646900
2004-05-20,29.350535,29.55307,29.164881,29.409607,94938500
2004-05-21,29.54462,29.679642,29.316772,29.553061,111329200
2004-05-24,29.789345,29.924367,29.536178,29.755589,99861800
2004-05-25,29.662751,30.447569,29.493972,30.3463,146321400
2004-05-26,30.261921,30.540403,30.219727,30.540403,93789700
2004-05-27,30.624797,30.802014,30.430703,30.734501,110183400
2004-05-28,30.700769,30.844229,30.557306,30.844229,56379500
2004-06-01,30.607917,30.844205,30.472895,30.802011,90592700
2004-06-02,30.852648,30.937036,30.523528,30.734501,103519800
2004-06-03,30.633246,30.683881,30.228179,30.363201,97301400
2004-06-04,30.666988,30.903277,30.523525,30.540403,91233200
2004-06-07,30.751374,31.308342,30.666986,31.266148,107532600
2004-06-08,31.139574,31.3843,31.097377,31.30835,72530900
2004-06-09,31.207069,31.266141,30.802002,30.869514,98215200
2004-06-10,30.962347,31.088932,30.844203,31.088932,57101300
2004-06-14,30.894845,30.894845,30.464459,30.650116,85129900
2004-06-15,30.852649,31.215522,30.852649,31.046743,91937700
2004-06-16,31.029871,31.139578,30.928605,30.996115,64743300
2004-06-17,30.928598,30.937036,30.59104,30.709185,77844200
2004-06-18,30.633223,31.088925,30.599467,30.751368,78641500
2004-06-21,30.818899,30.911728,30.43071,30.50666,65373100
2004-06-22,30.515085,30.970787,30.396941,30.953909,101524300
2004-06-23,30.861085,31.384296,30.81045,31.325224,94393900
2004-06-24,31.240832,31.519314,31.156441,31.266148,92343200
2004-06-25,31.223952,31.553069,31.207074,31.502438,81005400
2004-06-28,31.637471,31.662786,31.139575,31.240841,94033200
2004-06-29,31.308345,31.721853,31.29147,31.536196,68265900
2004-06-30,31.603709,31.983461,31.519318,31.848438,97809500
2004-07-01,31.780932,31.780932,31.02987,31.257721,122141800
2004-07-02,31.257713,31.26615,30.911718,31.072056,74056400
2004-07-06,30.886413,30.886413,30.23662,30.405396,130232600
2004-07-07,30.346295,30.624781,30.312539,30.464439,95623100
2004-07-08,30.219726,30.489771,30.000313,30.126898,108755400
2004-07-09,30.245048,30.413827,30.067832,30.169098,86014700
2004-07-12,30.017191,30.118457,29.738709,30.042507,81844500
2004-07-13,30.110018,30.219724,29.882167,30.000311,81222000
2004-07-14,29.704968,30.08472,29.578383,29.696527,119489200
2004-07-15,29.806218,29.949681,29.586808,29.595245,90405700
2004-07-16,29.899039,29.915918,29.215487,29.257681,120387100
2004-07-19,29.350526,29.510868,29.088922,29.198626,106387900
2004-07-20,29.316774,30.03408,29.291455,29.899057,117453700
2004-07-21,30.017211,30.084724,28.979225,29.02986,136086800
2004-07-22,29.097353,29.629005,28.903258,29.42647,132135800
2004-07-23,29.215488,29.249245,28.717593,28.869493,107107100
2004-07-26,28.894815,29.038275,28.439113,28.742914,112962200
2004-07-27,28.852624,29.291448,28.726043,29.139547,103474700
2004-07-28,29.038291,29.223948,28.531958,29.012976,154299800
2004-07-29,29.291443,29.46866,29.114227,29.350515,98959800
2004-07-30,29.333645,29.620568,29.24082,29.443352,83007800
2004-08-02,29.207067,29.553063,29.080483,29.502428,81249000
2004-08-03,29.401155,29.477105,28.852625,28.886381,85746500
2004-08-04,28.818877,29.080481,28.700729,28.894827,86721000
2004-08-05,28.987649,29.029846,28.354731,28.354731,109722900
2004-08-06,28.185954,28.194392,27.561474,27.612108,148808600
2004-08-09,27.688056,27.814637,27.553033,27.679615,79281900
2004-08-10,27.814641,28.253465,27.780885,28.025614,105819800
2004-08-11,27.72181,27.882151,27.468643,27.780882,121217700
2004-08-12,27.58679,27.730253,27.316745,27.401136,113691800
2004-08-13,27.553037,27.628988,27.299868,27.443331,91416100
2004-08-16,27.519275,28.00873,27.502397,27.755564,77851300
2004-08-17,27.949658,28.219703,27.839955,28.067802,89573100
2004-08-18,27.899031,28.616337,27.856834,28.565702,106608500
2004-08-19,28.464432,28.565698,28.194387,28.413797,104690200
2004-08-20,28.32942,28.810438,28.278786,28.700731,91962400
2004-08-23,28.734485,28.920143,28.616341,28.768242,83390800
2004-08-24,28.903258,28.953893,28.531947,28.759798,86610500
2004-08-25,28.751364,29.198625,28.607904,29.156431,88394600
2004-08-26,29.080491,29.156441,28.953909,29.02986,57663400
2004-08-27,29.088915,29.266131,29.063596,29.164865,58597200
2004-08-30,29.038286,29.055165,28.641657,28.675413,62355700
2004-08-31,28.709171,28.793559,28.396933,28.709171,81262000
2004-09-01,28.633228,29.08893,28.523521,28.920151,96630600
2004-09-02,28.844182,29.434906,28.827304,29.350515,83054000
2004-09-03,29.063601,29.257695,28.734484,28.810434,90213700
2004-09-07,29.029843,29.207059,28.793551,29.055159,95556500
2004-09-08,28.953883,29.266121,28.844176,28.945442,101466100
2004-09-09,29.072041,29.325208,28.810434,29.190186,104397500
2004-09-10,29.207066,29.696521,29.088922,29.637449,108591600
2004-09-13,29.747162,30.143792,29.654334,30.025648,109350500
2004-09-14,29.915923,30.143774,29.839973,30.067823,76466300
2004-09-15,29.890603,29.915922,29.637436,29.747143,90128700
2004-09-16,29.755586,30.017194,29.645883,29.806221,67121000
2004-09-17,29.730279,29.975008,29.671206,29.899057,83903400
2004-09-20,29.780913,30.18598,29.688085,29.899057,110678100
2004-09-21,29.991881,30.253485,29.890612,30.017197,93688400
2004-09-22,29.907477,29.924356,29.42646,29.493973,101393400
2004-09-23,29.519297,29.66276,29.434909,29.468662,92503200
2004-09-24,29.527735,29.69651,29.3252,29.367393,103247400
2004-09-27,29.215505,29.316774,29.012973,29.114239,86017600
2004-09-28,29.156431,29.274575,28.886386,29.173309,87070300
2004-09-29,29.147987,29.637442,29.139547,29.603689,95096200
2004-09-30,29.553052,29.764025,29.443345,29.654318,74514600
2004-10-01,29.915913,30.506636,29.839962,30.464439,118252700
2004-10-04,30.683856,30.903267,30.591028,30.641663,108032600
2004-10-05,30.574152,30.793566,30.51508,30.683859,89754400
2004-10-06,30.641664,30.96234,30.472885,30.928587,87815500
2004-10-07,30.83576,30.945464,30.523519,30.582594,82374300
2004-10-08,30.447594,30.582616,29.958135,30.025648,115073000
2004-10-11,30.143782,30.261926,30.042513,30.169098,51181600
2004-10-12,29.899044,30.245039,29.704949,30.118454,97884100
2004-10-13,30.422268,30.498218,29.899056,30.050957,132442500
2004-10-14,30.118479,30.194429,29.814681,29.915947,99383700
2004-10-15,29.949679,30.261918,29.77246,30.067823,129183400
2004-10-18,29.966566,30.591047,29.873741,30.498219,108933400
2004-10-19,30.700744,30.861082,30.202849,30.278799,129973500
2004-10-20,30.236612,30.574167,30.084712,30.422266,106524200
2004-10-21,30.582597,31.046736,30.464449,30.886395,122627600
2004-10-22,30.894845,30.953917,30.160661,30.211292,114321100
2004-10-25,30.152211,30.219724,29.949679,30.067823,102863000
2004-10-26,30.084703,30.245041,29.882168,30.228163,98164500
2004-10-27,30.245052,31.131137,30.135346,30.996115,152423400
2004-10-28,30.953924,31.325235,30.861095,31.190212,111113900
2004-10-29,31.147998,31.426484,30.945463,31.139561,100779200
2004-11-01,31.207086,31.375865,31.055186,31.257721,72356000
2004-11-02,31.299897,31.688085,31.240825,31.358969,108930700
2004-11-03,31.86532,31.983468,31.350549,31.56996,140980100
2004-11-04,31.443361,31.882184,31.316779,31.747162,112513700
2004-11-05,32.084723,32.202867,31.738728,32.034088,117017900
2004-11-08,32.025658,32.15224,31.941267,32.067852,66486000
2004-11-09,32.008784,32.194441,31.907518,32.000343,85038700
2004-11-10,32.008775,32.118482,31.772487,31.890631,95122300
2004-11-11,31.991904,32.388534,31.949711,32.312584,99338800
2004-11-12,32.35478,32.709212,32.211317,32.624825,102418100
2004-11-15,32.607931,32.793588,32.489787,32.768272,82696000
2004-11-16,32.624811,32.641689,32.337888,32.565739,97197500
2004-11-17,32.768282,33.181786,32.768282,33.00457,125242500
2004-11-18,32.894864,33.215543,32.818914,33.156471,94901100
2004-11-19,33.114269,33.156463,32.565739,32.641689,118448900
2004-11-22,32.582627,32.970816,32.47292,32.953938,79882600
2004-11-23,32.920169,33.038316,32.582614,32.903294,91925300
2004-11-24,32.987692,33.240859,32.970814,33.190228,74051700
2004-11-26,33.223973,33.316802,33.055195,33.088951,31248900
2004-11-29,33.299942,33.451843,32.886438,33.080532,94765400
2004-11-30,33.164909,33.240859,32.962377,33.013008,87663100
2004-12-01,33.139598,33.721882,33.139598,33.688126,102375000
2004-12-02,33.603717,34.084734,33.553082,33.81469,122005600
2004-12-03,34.050983,34.253519,33.823136,33.86533,114227700
2004-12-06,33.85689,34.118497,33.679674,33.983475,70415100
2004-12-07,34.050992,34.177577,33.359002,33.401199,121439800
2004-12-08,33.418068,33.738747,33.33368,33.595287,10121300
2004-12-09,33.325244,33.915965,33.114272,33.797821,134346000
2004-12-10,33.620591,33.814685,33.536203,33.696541,86177300
2004-12-13,33.949723,34.042551,33.73875,33.991917,74296400
2004-12-14,33.991927,34.253534,33.966611,34.160706,91985000
2004-12-15,34.169133,34.329471,33.88221,34.034111,95179300
2004-12-16,34.042541,34.13537,33.603718,33.713425,86101300
2004-12-17,33.772214,33.917051,33.593301,33.62738,97947000
2004-12-20,33.712591,33.882986,33.303644,33.397362,106397600
2004-12-21,33.559236,33.831867,33.465518,33.806309,83184700
2004-12-22,33.687022,34.019291,33.644424,33.848896,75298000
2004-12-23,33.746668,34.002259,33.68703,33.874462,45782000
2004-12-27,34.061891,34.095971,33.567748,33.729622,67157700
2004-12-28,33.797777,34.07893,33.746661,34.053371,62563100
2004-12-29,34.01079,34.215265,33.993753,34.095989,46594800
2004-12-30,34.138572,34.18117,34.019296,34.070415,41717600
2004-12-31,34.104494,34.181172,33.891501,34.010777,44112300
2005-01-03,34.155611,34.326006,33.542189,33.652946,100970900
2005-01-04,33.797784,33.857425,32.843574,33.039528,136623200
2005-01-05,32.954336,33.192887,32.775422,32.83506,127925500
2005-01-06,32.911731,32.979887,32.664658,32.673176,102934600
2005-01-07,32.852085,33.116194,32.553892,32.843563,123104000
2005-01-10,32.749853,33.116202,32.707255,32.82653,88764200
2005-01-11,32.690218,32.800975,32.434627,32.5965,106398800
2005-01-12,32.741347,32.886181,32.383516,32.869144,127754900
2005-01-13,32.869132,33.099162,32.383504,32.434624,101982400
2005-01-14,32.545387,32.818018,32.536866,32.741341,93460900
2005-01-18,32.613548,33.048056,32.562432,32.988419,91760400
2005-01-19,32.996926,33.013966,32.426106,32.443146,104981000
2005-01-20,32.076811,32.213127,31.795658,31.821217,120963900
2005-01-21,31.931965,31.991603,31.5145,31.565617,138569200
2005-01-24,31.625242,31.693401,31.06294,31.122578,137499000
2005-01-25,31.327058,31.599689,31.23334,31.275938,119171300
2005-01-26,31.488931,31.770084,31.369656,31.650808,107465800
2005-01-27,31.599695,31.753051,31.41226,31.608213,103654700
2005-01-28,31.710455,31.753053,31.199269,31.454861,111648600
2005-01-31,31.829734,31.974568,31.744534,31.863813,89139900
2005-02-01,31.940474,32.076789,31.838235,31.966032,76610300
2005-02-02,32.068294,32.144972,31.787144,32.017178,100160500
2005-02-03,31.846762,31.87232,31.523011,31.650808,90157900
2005-02-04,31.650812,32.221633,31.650812,32.161995,99302000
2005-02-07,32.204591,32.298309,31.96604,32.093834,71551400
2005-02-08,32.085313,32.383503,32.051234,32.153473,72821700
2005-02-09,32.179034,32.204592,31.574134,31.616732,93276600
2005-02-10,31.744523,31.795642,31.420775,31.650808,110373000
2005-02-11,31.548565,32.247183,31.463369,32.119389,108684100
2005-02-14,32.119391,32.323863,32.11087,32.264225,54908900
2005-02-15,32.289798,32.783941,32.221639,32.47723,131406500
2005-02-16,32.400546,32.511304,32.230154,32.357948,80273900
2005-02-17,32.417574,32.494252,31.889352,31.923431,115628300
2005-02-18,31.931974,32.008652,31.744539,31.821217,69158800
2005-02-22,31.548568,31.991595,31.344097,31.429293,121232000
2005-02-23,31.557081,31.582639,31.26741,31.471882,95010100
2005-02-24,31.395214,31.897878,31.318536,31.87232,99334600
2005-02-25,31.84676,32.119391,31.770082,32.051231,79988700
2005-02-28,31.914934,32.03421,31.454868,31.710463,95731300
2005-03-01,31.838239,32.119391,31.804162,32.059753,78460600
2005-03-02,31.872314,32.392018,31.829716,32.042709,107270600
2005-03-03,32.127931,32.144971,31.54007,31.778622,89793800
2005-03-04,32.034188,32.161985,31.863796,31.966032,86622300
2005-03-07,32.034195,32.622059,32.000119,32.426105,93563900
2005-03-08,32.383502,32.553897,32.076794,32.102352,89595200
2005-03-09,32.093844,32.315359,31.923452,32.008648,98063000
2005-03-10,32.04271,32.093826,31.591165,31.966032,97043600
2005-03-11,32.110896,32.221654,31.540075,31.66787,102857500
2005-03-14,31.727479,31.829715,31.548563,31.812675,65576200
2005-03-15,31.880846,31.931966,31.5145,31.557098,93856300
2005-03-16,31.446336,31.676369,31.122585,31.199263,159578000
2005-03-17,31.190742,31.429293,31.131104,31.275938,100429600
2005-03-18,31.310014,31.344094,30.969224,31.105539,108899400
2005-03-21,31.182217,31.310014,30.884027,31.16518,92752500
2005-03-22,31.190738,31.310014,30.764752,30.781792,114016300
2005-03-23,30.747727,31.088518,30.730687,30.892561,97444900
2005-03-24,31.003317,31.224832,30.901081,30.901081,77566800
2005-03-28,31.020343,31.190738,30.935147,30.960705,59739000
2005-03-29,30.901075,31.165188,30.619923,30.71364,119554300
2005-03-30,30.866995,31.33558,30.858477,31.292982,114711000
2005-03-31,31.292978,31.310017,31.045905,31.156662,86578900
2005-04-01,31.369651,31.420771,30.781791,30.841429,143814300
2005-04-04,30.884035,31.182224,30.696599,31.062948,100090300
2005-04-05,31.088508,31.24186,31.028867,31.148146,66266600
2005-04-06,31.233339,31.446332,31.028864,31.097023,82168900
2005-04-07,31.122573,31.480403,31.105533,31.471882,88618000
2005-04-08,31.523002,31.58264,31.182212,31.216291,92332900
2005-04-11,31.31002,31.335578,31.01183,31.079987,70976000
2005-04-12,31.045898,31.301493,30.594354,31.233334,144848500
2005-04-13,31.148145,31.182222,30.653999,30.722158,108995500
2005-04-14,30.722155,30.756232,30.245049,30.287647,158057900
2005-04-15,30.023557,30.134312,29.546451,29.59757,170013300
2005-04-18,29.571997,29.819071,29.51236,29.606077,110084000
2005-04-19,29.836105,29.904261,29.606072,29.810547,96922100
2005-04-20,29.997976,30.066135,29.469753,29.563471,140457400
2005-04-21,29.921313,30.423977,29.784997,30.3473,124505100
2005-04-22,30.210981,30.219503,29.665719,29.895752,114996800
2005-04-25,30.074659,30.210975,29.946865,30.142818,72170100
2005-04-26,30.066139,30.415448,29.853146,29.861664,104958800
2005-04-27,29.708319,30.032069,29.589043,29.904272,112539300
2005-04-28,29.750911,29.946868,29.580519,29.606077,98181900
2005-04-29,29.819055,29.870175,29.265271,29.802015,144435900
2005-05-02,29.904267,30.040582,29.725353,29.921307,67648800
2005-05-03,29.861672,30.185423,29.844632,30.074665,103428700
2005-05-04,30.066142,30.526209,30.023544,30.44101,90480600
2005-05-05,30.458038,30.602872,30.270603,30.466557,79341700
2005-05-06,30.645479,30.688077,30.432486,30.551762,77310200
2005-05-09,30.560292,30.722169,30.381378,30.696608,66298400
2005-05-10,30.551766,30.636962,30.347291,30.475088,77194700
2005-05-11,30.51768,30.696593,30.074653,30.628437,131952400
2005-05-12,30.696589,30.841426,30.38136,30.543234,116602200
2005-05-13,30.662514,31.071461,30.577315,30.875507,133273500
2005-05-16,30.875515,31.131106,30.781797,31.079987,79093200
2005-05-17,30.969233,31.301505,30.849957,31.267426,91665900
2005-05-18,31.352622,31.829728,31.275944,31.693413,128105900
2005-05-19,31.770091,31.966045,31.693414,31.957523,92619700
2005-05-20,31.906398,32.11087,31.821199,32.085312,66530100
2005-05-23,32.085322,32.366475,32.034203,32.247196,93068200
2005-05-24,32.170502,32.374977,32.119386,32.349419,100830000
2005-05-25,32.238685,32.272765,32.025692,32.213127,76470600
2005-05-26,32.357948,32.605021,32.357948,32.536861,84066800
2005-05-27,32.494268,32.587985,32.392032,32.553905,50076900
2005-05-31,32.53686,32.579461,32.306827,32.443146,75281500
2005-06-01,32.400542,32.954326,32.392023,32.707253,110875700
2005-06-02,32.656148,32.937298,32.630587,32.937298,75926500
2005-06-03,32.911726,32.920245,32.392022,32.460178,96998400
2005-06-06,32.477211,32.536849,32.340896,32.468693,52681400
2005-06-07,32.50279,32.775421,32.153481,32.196079,108953400
2005-06-08,32.272748,32.332386,32.000117,32.127911,79211900
2005-06-09,32.085305,32.426096,31.94899,32.332378,99383300
2005-06-10,32.289787,32.289787,31.84676,31.991594,85971700
2005-06-13,31.931973,32.332401,31.914933,32.144966,82331300
2005-06-14,32.110892,32.238689,31.949018,32.017178,62593600
2005-06-15,32.230146,32.264222,31.736,32.119389,103952000
2005-06-16,32.153468,32.374979,32.085308,32.289783,90450100
2005-06-17,32.498724,32.583999,32.191729,32.29406,83915700
2005-06-20,32.166148,32.473142,32.046762,32.29406,67580000
2005-06-21,32.26847,32.413438,32.149084,32.276997,97845600
2005-06-22,32.404913,32.490188,32.089392,32.242889,75221100
2005-06-23,32.294056,32.558413,31.833568,31.884731,122163300
2005-06-24,31.876203,31.901785,31.518042,31.526571,142144100
2005-06-27,31.509517,31.603321,31.296327,31.381601,72780800
2005-06-28,31.509514,31.773868,31.466877,31.680067,73330300
2005-06-29,31.765344,31.77387,31.526572,31.611847,71513600
2005-06-30,31.671536,31.731229,31.33896,31.364542,87803700
2005-07-01,31.432767,31.552153,31.27927,31.321907,55254800
2005-07-05,31.211044,31.714173,31.211044,31.645954,79288700
2005-07-06,31.577739,31.790929,31.432771,31.492464,79101000
2005-07-07,31.193976,31.628882,31.16839,31.6033,119466300
2005-07-08,31.620371,32.242886,31.543622,32.208775,101320700
2005-07-11,32.29405,32.541352,32.234357,32.50724,96283700
2005-07-12,32.507273,32.797212,32.413469,32.66077,86059300
2005-07-13,32.677787,32.771591,32.549872,32.73748,72135400
2005-07-14,32.976253,33.155335,32.848341,33.061531,99135200
2005-07-15,33.112685,33.257653,32.959188,33.163849,67239200
2005-07-18,33.078591,33.163865,32.993313,33.027424,58644000
2005-07-19,33.180914,33.428215,33.121221,33.41116,77860900
2005-07-20,33.206501,33.743741,33.172393,33.649937,91433100
2005-07-21,33.735207,33.846064,33.436739,33.658459,127286000
2005-07-22,33.666985,33.760789,33.445269,33.615818,71666600
2005-07-25,33.649935,33.794906,33.428218,33.487911,51872700
2005-07-26,33.590236,33.709622,33.419683,33.615818,67324900
2005-07-27,33.641416,33.90577,33.453808,33.871662,78351100
2005-07-28,33.897257,34.042225,33.803453,34.033699,66163700
2005-07-29,33.999579,34.042217,33.701114,33.752281,74725700
2005-08-01,33.803437,33.965463,33.701106,33.811966,59748300
2005-08-02,33.854615,34.229829,33.811978,34.178665,79284100
2005-08-03,34.033694,34.221303,34.008112,34.16161,61916400
2005-08-04,34.008096,34.05926,33.743739,33.829014,72035500
2005-08-05,33.777863,33.931361,33.624366,33.667004,66029500
2005-08-08,33.701129,33.777877,33.377078,33.419716,63415400
2005-08-09,33.573188,33.760797,33.522025,33.641411,62143600
2005-08-10,33.726704,33.84609,33.232104,33.35149,102317500
2005-08-11,33.368539,33.718171,33.342954,33.624367,92446700
2005-08-12,33.36,33.530553,33.232088,33.436749,86367300
2005-08-15,33.377054,33.794908,33.32589,33.641411,63061100
2005-08-16,33.513497,33.539082,33.035953,33.095646,94596000
2005-08-17,33.18946,33.40265,33.078604,33.291794,74470500
2005-08-18,33.146813,33.342947,33.061538,33.121231,72559400
2005-08-19,33.163865,33.257669,33.07859,33.104172,52024300
2005-08-22,33.155342,33.41117,32.916567,33.121231,88056300
2005-08-23,33.121228,33.189447,32.925093,33.027424,57482900
2005-08-24,32.959187,33.411149,32.797161,32.831272,95025700
2005-08-25,32.890987,32.993318,32.822768,32.908043,52328800
2005-08-26,32.856869,32.916562,32.635153,32.797176,63840700
2005-08-29,32.626625,33.129754,32.626625,33.053005,74940400
2005-08-30,32.882457,32.967732,32.677793,32.93362,87373600
2005-08-31,32.950685,33.266205,32.814243,33.240623,93426300
2005-09-01,33.257679,33.385595,33.070071,33.189457,74884400
2005-09-02,33.257666,33.283247,33.035949,33.061531,53244900
2005-09-06,33.215027,33.607297,33.17239,33.547604,78106600
2005-09-07,33.513511,33.667008,33.436762,33.607315,57440100
2005-09-08,33.504985,33.743757,33.487929,33.598789,73529700
2005-09-09,33.607294,33.846066,33.522019,33.786373,75342100
2005-09-12,33.794909,33.991044,33.752272,33.880184,51689900
2005-09-13,33.837536,34.033671,33.71815,33.794899,66145800
2005-09-14,33.811958,33.83754,33.385578,33.41116,98644000
2005-09-15,33.47939,33.547613,33.300311,33.394115,80421500
2005-09-16,33.470874,33.649953,33.351488,33.598789,71034100
2005-09-19,33.530554,33.581721,33.180922,33.334419,73387500
2005-09-20,33.394114,33.718164,33.095649,33.197979,115202800
2005-09-21,33.104155,33.146793,32.80569,32.831272,116404300
2005-09-22,32.780135,33.027436,32.609585,32.950687,118686100
2005-09-23,32.831289,33.155339,32.754541,33.044479,70154000
2005-09-26,33.232087,33.283251,32.873926,33.053005,69327600
2005-09-27,33.078606,33.172411,32.839831,32.976273,64089500
2005-09-28,33.052991,33.215017,32.882441,32.984772,72044500
2005-09-29,32.942161,33.43676,32.788663,33.428234,117634600
2005-09-30,33.402635,33.666992,33.368527,33.649937,79248500
2005-10-03,33.718147,33.897226,33.692562,33.735203,81685600
2005-10-04,33.786376,34.008095,33.504966,33.513493,85348600
2005-10-05,33.522026,33.547608,33.027423,33.053005,106152200
2005-10-06,33.027439,33.138299,32.336702,32.618114,162213700
2005-10-07,32.746037,32.891005,32.558428,32.69487,91119900
2005-10-10,32.635156,32.797179,32.456077,32.51577,64012000
2005-10-11,32.609556,32.609556,32.23434,32.353725,114736900
2005-10-12,32.166124,32.456063,31.918823,31.96999,146109500
2005-10-13,31.952943,32.328156,31.833557,32.217297,138569600
2005-10-14,32.302577,32.4646,32.097913,32.456074,131463200
2005-10-17,32.464606,32.566937,32.251416,32.558411,64080400
2005-10-18,32.524298,32.558409,32.328163,32.328163,88070400
2005-10-19,32.166152,32.976273,32.072348,32.976273,132879900
2005-10-20,33.010364,33.12975,32.49018,32.669262,132576900
2005-10-21,32.976251,33.044473,32.686315,32.87392,110032000
2005-10-24,33.027428,33.411171,32.805712,33.394115,110820900
2005-10-25,33.334423,33.419698,33.06154,33.266201,86665800
2005-10-26,33.240614,33.487915,33.053005,33.095646,89878100
2005-10-27,33.070055,33.087111,32.430485,32.430485,132231100
2005-10-28,32.541339,32.737473,32.336675,32.67778,95243900
2005-10-31,32.788647,33.300302,32.763062,33.146805,115279100
2005-11-01,33.070064,33.266199,33.010371,33.121231,73502300
2005-11-02,33.027426,33.649941,33.010371,33.556137,101409900
2005-11-03,33.888727,34.187192,33.83756,34.059277,137054000
2005-11-04,34.110443,34.306577,33.974001,34.178665,100944500
2005-11-07,34.289498,34.357721,34.067782,34.221279,65324500
2005-11-08,34.178653,34.408895,34.101904,34.229816,78859700
2005-11-09,34.212776,34.391858,34.136027,34.246887,72458800
2005-11-10,34.263916,34.698823,34.042197,34.622074,120763100
2005-11-11,34.767063,34.894976,34.690315,34.715897,80057200
2005-11-14,34.767063,34.843812,34.622092,34.715897,53652400
2005-11-15,34.732942,34.877913,34.434478,34.553864,79543500
2005-11-16,34.647681,34.775593,34.50271,34.767067,65895700
2005-11-17,34.886452,35.236084,34.835286,35.227558,94425500
2005-11-18,35.406644,35.517503,35.193453,35.346951,108820200
2005-11-21,35.304289,35.457786,35.167848,35.432201,69731400
2005-11-22,35.363993,35.705095,35.270188,35.560127,88814000
2005-11-23,35.585716,35.833017,35.56866,35.645409,64101200
2005-11-25,35.679515,35.76479,35.585711,35.722153,22930200
2005-11-28,35.815952,35.815952,35.389572,35.423683,74716200
2005-11-29,35.619808,35.688027,35.25312,35.25312,77443000
2005-11-30,35.201962,35.381044,35.125214,35.167854,88044400
2005-12-01,35.398094,35.858586,35.389568,35.824474,91914100
2005-12-02,35.764792,35.926819,35.705099,35.909763,72929200
2005-12-05,35.867128,35.867128,35.500441,35.645409,61519900
2005-12-06,35.841546,36.080321,35.730689,35.764797,81509400
2005-12-07,35.815957,35.841539,35.500437,35.696571,83885500
2005-12-08,35.781849,35.81596,35.193445,35.440746,112043200
2005-12-09,35.44073,35.619809,35.287233,35.577171,56526900
2005-12-12,35.705097,35.76479,35.543074,35.705097,44863600
2005-12-13,35.662447,35.995023,35.611281,35.850056,76611600
2005-12-14,35.773312,35.901224,35.568648,35.730675,73581600
2005-12-15,35.81596,35.875653,35.483384,35.790379,72607200
2005-12-16,35.782683,35.851067,35.517688,35.543335,63743000
2005-12-19,35.620258,35.654452,34.962052,34.979145,75341700
2005-12-20,35.004807,35.175771,34.833842,35.004807,70257700
2005-12-21,35.064611,35.39799,35.004774,35.158642,68935000
2005-12-22,35.141579,35.440764,35.133029,35.389477,59149500
2005-12-23,35.483504,35.551891,35.303993,35.389477,38000400
2005-12-27,35.492034,35.628805,35.021885,35.081722,55656300
2005-12-28,35.098823,35.244141,34.936406,35.038986,50302400
2005-12-29,35.073177,35.150111,34.748349,34.808186,47301700
2005-12-30,34.654329,34.688522,34.500461,34.543201,60026500
2006-01-03,34.748358,35.466406,34.329496,35.312538,109350400
2006-01-04,35.398031,35.680122,35.321097,35.680122,92769400
2006-01-05,35.688652,35.902356,35.654458,35.833969,77656900
2006-01-06,36.124606,36.500728,35.953645,36.483631,110053900
2006-01-09,36.483608,36.688762,36.346837,36.628925,80768800
2006-01-10,36.466522,36.688773,36.372492,36.654583,84369400
2006-01-11,36.757169,37.022164,36.646042,36.93668,100761400
2006-01-12,36.893942,37.00507,36.628948,36.757172,82429200
2006-01-13,36.705888,36.799919,36.526377,36.740082,64572100
2006-01-17,36.457981,36.577655,36.329757,36.500721,77962100
2006-01-18,35.927996,36.295568,35.919449,36.081863,121021900
2006-01-19,36.261368,36.603296,36.150244,36.346851,111094000
2006-01-20,36.295575,36.321222,35.175765,35.261246,188569400
2006-01-23,35.355274,35.432208,35.115926,35.269791,111381900
2006-01-24,35.355273,35.645911,35.312532,35.423656,77956900
2006-01-25,35.594622,35.620266,35.115926,35.269791,99826400
2006-01-26,35.474933,35.637347,35.244132,35.517673,112600600
2006-01-27,35.731393,36.235735,35.680106,35.996387,110830400
2006-01-30,36.056204,36.175878,35.962173,36.064751,53942600
2006-01-31,36.047665,36.133149,35.739933,35.902348,100988100
2006-02-01,35.680107,36.047676,35.645914,36.030582,89168700
2006-02-02,35.910893,35.970733,35.398003,35.4151,94047400
2006-02-03,35.150109,35.24414,34.859471,34.979145,121094200
2006-02-06,34.808206,35.056101,34.697078,34.885139,58162800
2006-02-07,34.825285,34.987699,34.568837,34.731255,87327000
2006-02-08,34.979136,35.175747,34.782528,35.133003,89907800
2006-02-09,35.22705,35.36382,34.731257,34.799641,78213400
2006-02-10,34.773996,35.098828,34.414971,35.013344,102575900
2006-02-13,34.791102,34.825296,34.449174,34.611591,70643100
2006-02-14,34.679975,35.064644,34.543204,34.962067,94340300
2006-02-15,34.868018,35.26978,34.816728,35.184299,92254300
2006-02-16,35.312528,35.517683,35.175758,35.509136,103859600
2006-02-17,35.440767,35.440767,35.218515,35.227062,81770200
2006-02-21,35.227043,35.278334,34.714154,34.833828,85101400
2006-02-22,34.859478,35.509142,34.773998,35.269791,91983900
2006-02-23,35.209945,35.509133,35.115918,35.175755,66517100
2006-02-24,35.209954,35.295437,35.056086,35.269791,57085400
2006-02-27,35.35526,35.791215,35.329616,35.662994,64945000
2006-02-28,35.568962,35.662993,35.021879,35.133003,117564600
2006-03-01,35.244141,35.705744,35.175758,35.611713,80962300
2006-03-02,35.517682,35.76558,35.398008,35.637356,69856500
2006-03-03,35.43222,35.910917,35.38093,35.43222,112066100
2006-03-06,35.509142,35.586076,35.013346,35.124474,99581000
2006-03-07,35.064628,35.107369,34.748347,34.919308,96441100
2006-03-08,34.842371,35.124462,34.62012,34.936401,103961900
2006-03-09,35.047527,35.175751,34.594474,34.637215,108556700
2006-03-10,34.60303,34.868025,34.355132,34.671417,124474900
2006-03-13,34.8253,34.996261,34.722719,34.77401,69169100
2006-03-14,34.739806,35.406563,34.739806,35.363823,118201000
2006-03-15,35.500577,35.662994,35.321066,35.662994,84375800
2006-03-16,35.774135,35.833972,35.329633,35.363823,101371200
2006-03-17,35.362977,35.576831,35.26888,35.457073,78219600
2006-03-20,35.559711,35.653808,35.414292,35.542603,60240100
2006-03-21,35.16621,35.936084,35.140549,35.16621,136566000
2006-03-22,34.969488,35.311653,34.952379,35.251774,112282800
2006-03-23,35.149117,35.260322,34.918153,35.149117,75158200
2006-03-24,35.268856,35.499819,35.08922,35.328735,81795500
2006-03-27,35.311635,35.50838,35.27742,35.337299,54400400
2006-03-28,35.405738,35.645253,35.063572,35.191883,100522800
2006-03-29,35.243198,36.013072,35.217533,35.859097,130669100
2006-03-30,35.936081,36.184153,35.747892,35.970299,115915600
2006-03-31,36.038749,36.090072,35.790677,35.867664,71074600
2006-04-03,36.055854,36.244043,35.841999,35.910431,80730700
2006-04-04,35.970315,36.192725,35.867666,36.107182,89952600
2006-04-05,36.18416,36.500664,36.107173,36.449341,91628200
2006-04-06,36.432233,36.731627,36.303919,36.551991,91712800
2006-04-07,36.680294,36.825714,36.184151,36.20126,116604300
2006-04-10,36.26969,36.355231,36.00451,36.149929,58981900
2006-04-11,36.261144,36.295361,35.67946,35.859097,91481900
2006-04-12,35.876217,35.995978,35.756459,35.867664,58751200
2006-04-13,35.842003,36.209833,35.747907,36.013084,63476900
2006-04-17,35.961752,36.107171,35.405729,35.636692,104072100
2006-04-18,35.730774,36.406554,35.730774,36.321011,124291700
2006-04-19,36.389451,36.483547,36.184149,36.483547,79050300
2006-04-20,36.475009,36.628985,36.252602,36.355251,81408000
2006-04-21,36.492131,36.543457,35.77358,35.927555,130181200
2006-04-24,35.884773,35.987422,35.688027,35.893326,78556400
2006-04-25,35.987418,36.013079,35.628144,35.816334,77660800
2006-04-26,35.807781,35.978865,35.670915,35.807781,82537000
2006-04-27,35.645233,36.346678,35.499813,36.149929,173950100
2006-04-28,35.927527,36.11572,35.739334,35.799213,88876600
2006-05-01,35.859105,35.970311,35.337303,35.448505,92875500
2006-05-02,35.602482,35.696578,35.414292,35.542603,85148100
2006-05-03,35.559715,35.619594,35.311643,35.491283,74971600
2006-05-04,35.525488,35.918983,35.525488,35.782116,88696800
2006-05-05,36.013077,36.107174,35.876211,36.064404,80392200
2006-05-08,35.995968,36.167049,35.987412,36.098618,45079100
2006-05-09,36.013065,36.0815,35.901863,35.961742,48528800
2006-05-10,35.86767,35.910441,35.542611,35.64526,92424200
2006-05-11,35.611041,35.62815,34.755624,34.84972,140989700
2006-05-12,34.695745,34.747068,34.370685,34.379238,153920800
2006-05-15,34.233819,34.507552,34.037073,34.353577,127896500
2006-05-16,34.362124,34.439112,34.019959,34.096947,132397500
2006-05-17,33.942972,34.054177,33.558033,33.635021,207897100
2006-05-18,33.780435,33.925854,33.361279,33.404049,139690900
2006-05-19,33.532372,33.763335,33.147433,33.660683,194306300
2006-05-22,33.369843,33.566592,33.03623,33.335629,169591800
2006-05-23,33.583699,33.686351,32.993462,33.010571,142243900
2006-05-24,32.95923,33.395495,32.702606,33.232964,234981600
2006-05-25,33.455369,33.686333,33.207298,33.669224,123510900
2006-05-26,33.746228,33.857433,33.558035,33.780445,91319600
2006-05-30,33.617916,33.643581,33.027679,33.053341,105606200
2006-05-31,33.113213,33.412611,32.967794,33.20731,137066200
2006-06-01,33.301393,33.994282,33.224405,33.994282,119357400
2006-06-02,34.182478,34.216696,33.626459,33.908745,128864100
2006-06-05,33.840324,33.840324,33.173096,33.173096,103190600
2006-06-06,33.232975,33.318518,32.805266,33.147434,127271000
2006-06-07,33.190199,33.506702,32.890804,32.899357,130754700
2006-06-08,32.736825,32.984897,32.0696,32.84803,280562200
2006-06-09,32.984899,33.138875,32.599961,32.634178,144146200
2006-06-12,32.676958,32.728281,31.984068,31.992624,145607500
2006-06-13,32.069598,32.334775,31.787308,31.864296,207099500
2006-06-14,31.958395,32.257789,31.821528,32.189358,201876800
2006-06-15,32.377553,33.181648,32.334783,33.06189,200700400
2006-06-16,32.998544,33.109825,32.698948,32.818787,120006100
2006-06-19,32.955747,32.989987,32.45071,32.553429,129450100
2006-06-20,32.604799,32.938637,32.476399,32.596241,102871700
2006-06-21,32.647607,33.375203,32.639048,33.109844,129548100
2006-06-22,33.032794,33.109834,32.519199,32.690395,143100500
2006-06-23,32.664709,32.981426,32.467831,32.656151,88050200
2006-06-26,32.673268,32.861587,32.58767,32.741749,65157700
2006-06-27,32.758868,32.810228,32.091194,32.125431,128227500
2006-06-28,32.202468,32.390787,31.997031,32.365108,91576300
2006-06-29,32.510633,33.349506,32.442155,33.349506,181997200
2006-06-30,33.486463,33.503583,33.109827,33.186867,82719200
2006-07-03,33.289595,33.383755,33.221117,33.383755,21598500
2006-07-05,33.075586,33.109826,32.60479,32.656151,93724000
2006-07-06,32.758869,32.938627,32.536309,32.62191,70615200
2006-07-07,32.442151,32.673267,32.159672,32.26239,108063300
2006-07-10,32.347983,32.467822,31.817265,31.979906,105109800
2006-07-11,31.911424,32.305183,31.740228,32.219582,136114200
2006-07-12,32.15111,32.219588,31.534794,31.611834,154458900
2006-07-13,31.363603,31.706002,31.081127,31.081127,177745500
2006-07-14,31.072561,31.141042,30.636005,30.764402,172448500
2006-07-17,30.772955,31.029752,30.704474,30.841433,134311000
2006-07-18,31.004059,31.098218,30.421983,30.944139,206964900
2006-07-19,30.918492,31.52625,30.892813,31.346489,192517600
2006-07-20,31.457765,31.500564,30.85001,30.884251,152292100
2006-07-21,30.713052,30.78153,30.490492,30.558973,119343000
2006-07-24,30.67879,31.183826,30.64455,31.166706,130269300
2006-07-25,31.235212,31.449211,31.021214,31.346489,108869600
2006-07-26,31.252335,31.560493,31.012658,31.320816,107170500
2006-07-27,31.449204,31.706002,31.029766,31.115364,99698700
2006-07-28,31.269437,31.791594,31.243758,31.765915,93556100
2006-07-31,31.740253,31.94569,31.577612,31.75737,78015300
2006-08-01,31.474878,31.500556,31.038319,31.226639,98552800
2006-08-02,31.337925,31.783042,31.337925,31.577602,87370600
2006-08-03,31.260888,31.962802,31.226647,31.774483,99205600
2006-08-04,32.056943,32.211022,31.346467,31.628946,123493800
2006-08-07,31.594713,31.620391,31.269434,31.423513,69634800
2006-08-08,31.509118,31.586158,31.038319,31.226639,124139900
2006-08-09,31.663186,31.937103,31.183828,31.269426,145342200
2006-08-10,31.183839,31.569036,31.08112,31.491997,102481300
2006-08-11,31.372148,31.406385,31.132468,31.269426,86903200
2006-08-14,31.534784,31.902861,31.414946,31.474865,109281100
2006-08-15,31.842942,32.313738,31.748783,32.270939,133712100
2006-08-16,32.510627,33.049904,32.390788,33.032784,135452100
2006-08-17,32.921511,33.366628,32.904391,33.15263,129492200
2006-08-18,33.067024,33.238224,32.767425,33.203983,97754500
2006-08-21,32.955738,33.007098,32.750298,32.887257,66668400
2006-08-22,32.83592,33.221118,32.698962,32.89584,102058600
2006-08-23,32.921528,33.101285,32.45929,32.64761,96056300
2006-08-24,32.741749,32.827347,32.459269,32.741749,78985300
2006-08-25,32.673255,33.075572,32.579098,32.801655,73572900
2006-08-28,32.775998,33.203994,32.733199,33.049915,80035000
2006-08-29,33.024233,33.178309,32.681834,33.15263,104842000
2006-08-30,33.144068,33.409424,33.041346,33.306705,75687200
2006-08-31,33.349493,33.409412,33.178294,33.272453,61207200
2006-09-01,33.452213,33.56349,33.298134,33.452213,69388500
2006-09-05,33.469331,33.794609,33.255332,33.777489,85582800
2006-09-06,33.46935,33.54639,33.049915,33.101273,97888600
2006-09-07,32.998543,33.298143,32.835905,32.947186,115877400
2006-09-08,32.990002,33.229679,32.921521,33.144081,96627000
2006-09-11,32.878711,33.512147,32.801671,33.349506,142377500
2006-09-12,33.340938,34.068531,33.340938,33.965813,124102400
2006-09-13,33.991505,34.222624,33.923027,34.196945,116054300
2006-09-14,34.111333,34.428053,34.034293,34.231174,98116000
2006-09-15,34.516376,34.653414,34.259431,34.353645,137825600
2006-09-18,34.362209,34.602028,34.208042,34.362209,117806700
2006-09-19,34.447868,34.473562,33.848328,34.130966,159060800
2006-09-20,34.43074,34.721945,34.422173,34.627731,116635500
2006-09-21,34.71337,34.833277,34.327954,34.413601,121886900
2006-09-22,34.38792,34.396484,34.002501,34.148102,100996400
2006-09-25,34.293713,34.824734,33.985378,34.74765,136473400
2006-09-26,34.704824,34.944639,34.602046,34.918945,113375600
2006-09-27,34.833291,35.073109,34.68769,34.876118,113003800
2006-09-28,34.91895,35.021728,34.627745,34.970341,85943600
2006-09-29,35.030287,35.055981,34.790469,34.816166,85438200
2006-10-02,34.77332,34.858971,34.32795,34.379337,97068800
2006-10-03,34.27657,34.670553,34.156663,34.524952,116261400
2006-10-04,34.464983,35.381423,34.379333,35.372856,149209500
2006-10-05,35.372873,35.595561,35.270095,35.54417,91799900
2006-10-06,35.424263,35.595561,35.321486,35.467087,85450400
2006-10-09,35.424271,35.749736,35.39001,35.587002,62786100
2006-10-10,35.629812,35.758286,35.381434,35.646942,98181800
2006-10-11,35.484193,35.826789,35.261505,35.578407,136561300
2006-10-12,35.766859,36.186539,35.715472,36.143715,95260200
2006-10-13,36.169416,36.417797,36.092332,36.340714,80470200
2006-10-16,36.340705,36.503437,36.315012,36.374966,62017400
2006-10-17,36.118006,36.143702,35.766846,35.972404,146149100
2006-10-18,36.160824,36.237907,35.672627,35.801098,120366100
2006-10-19,35.706881,36.066607,35.621234,35.886745,108198400
2006-10-20,36.006665,36.040925,35.664069,35.972404,105454300
2006-10-23,35.903904,36.469188,35.818256,36.340714,126960500
2006-10-24,36.212216,36.35782,35.90388,36.092308,103541700
2006-10-25,36.109462,36.417797,36.015248,36.340714,125399500
2006-10-26,36.469181,36.760383,36.160846,36.674736,130260700
2006-10-27,36.589073,36.67472,36.040923,36.152264,129375000
2006-10-30,36.109454,36.529134,36.023807,36.38353,103899900
2006-10-31,36.45204,36.623334,36.237918,36.46917,135811800
2006-11-01,36.597639,36.631899,35.818237,35.972404,148960600
2006-11-02,35.809688,36.092327,35.749734,36.00668,100216400
2006-11-03,36.058058,36.135141,35.638381,35.912457,119263300
2006-11-06,36.032368,36.580519,36.023805,36.434917,101283300
2006-11-07,36.434903,36.90597,36.374949,36.683285,139706500
2006-11-08,36.477739,37.000196,36.374961,36.854591,180245700
2006-11-09,37.051571,37.128654,36.546244,36.683285,124278000
2006-11-10,36.69186,36.863158,36.546256,36.854591,82419400
2006-11-13,36.871701,37.29138,36.828877,37.231426,89146200
2006-11-14,37.257142,37.659691,37.034457,37.625431,121962800
2006-11-15,37.676817,38.027976,37.61686,37.779594,116565900
2006-11-16,37.908062,38.045099,37.702507,37.942322,113513200
2006-11-17,37.736767,37.942322,37.642553,37.942322,95162500
2006-11-20,37.822418,38.096493,37.693944,38.019409,107184100
2006-11-21,38.045104,38.122188,37.899503,38.070801,68092200
2006-11-22,38.182152,38.327753,37.908074,38.310623,69852700
2006-11-24,38.027978,38.421961,38.010848,38.2421,51762900
2006-11-27,38.122175,38.207825,37.377033,37.377033,159506300
2006-11-28,37.265696,37.548338,37.120095,37.488384,118268400
2006-11-29,37.685385,37.839552,37.394179,37.745338,139515500
2006-11-30,37.728214,37.925205,37.505529,37.71965,123457100
2006-12-01,37.685382,37.985151,37.051581,37.394176,144559600
2006-12-04,37.505531,38.096505,37.505531,37.908077,89782400
2006-12-05,38.019392,38.15643,37.848095,38.045086,84697500
2006-12-06,37.925207,38.027988,37.745346,37.908077,78207500
2006-12-07,37.976587,38.096494,37.428436,37.428436,124936100
2006-12-08,37.308541,37.908079,37.231457,37.599747,133798700
2006-12-11,37.539783,38.002283,37.471263,37.736774,72931300
2006-12-12,37.728194,37.796714,37.308518,37.514072,110985900
2006-12-13,37.771024,37.779591,37.359911,37.5826,79035500
2006-12-14,37.6597,38.173591,37.634003,38.002293,109104200
2006-12-15,38.314438,38.383039,38.031452,38.100056,99942300
2006-12-18,38.228683,38.374461,37.559807,37.72274,121588700
2006-12-19,37.431184,37.782772,37.199651,37.602688,136535200
2006-12-20,37.645549,37.82563,37.448315,37.465466,67213400
2006-12-21,37.508342,37.551218,37.053849,37.199631,102952300
2006-12-22,37.216784,37.225357,36.813744,36.813744,92858600
2006-12-26,36.81375,36.976679,36.770874,36.968105,50848600
2006-12-27,37.053848,37.21678,36.959519,37.156754,54129200
2006-12-28,37.045273,37.199629,36.916643,36.976669,69016000
2006-12-29,37.036707,37.396872,36.976681,37.010983,75152500
2007-01-03,37.26824,37.78276,36.462164,37.079586,167689500
2007-01-04,37.131036,37.911388,37.002409,37.782761,136853500
2007-01-05,37.688443,37.688443,37.285403,37.602688,138958800
2007-01-08,37.63698,37.834212,37.422598,37.628407,106401600
2007-01-09,37.739888,37.979999,37.414029,37.817066,121577500
2007-01-10,37.696982,38.297253,37.576928,38.262951,121070100
2007-01-11,38.34014,38.794633,38.288691,38.657429,174029800
2007-01-12,38.605995,38.888978,38.563119,38.854679,104217300
2007-01-16,38.888957,38.931836,38.700302,38.82893,95690500
2007-01-17,38.666006,38.837512,38.443049,38.51165,127142600
2007-01-18,38.408753,38.451629,37.688428,37.799908,189029800
2007-01-19,37.705572,37.971404,37.654119,37.877075,127544300
2007-01-22,37.911381,37.928532,37.31111,37.465466,123441700
2007-01-23,37.439748,37.714157,37.302543,37.371147,133103600
2007-01-24,37.611248,38.005711,37.53407,37.98856,117615300
2007-01-25,38.040008,38.134337,37.371136,37.499763,158337600
2007-01-26,37.568376,37.585527,37.122461,37.362568,146284300
2007-01-29,37.268243,37.654132,37.216793,37.396873,104191500
2007-01-30,37.456896,37.551225,37.319692,37.414021,69605900
2007-01-31,37.371148,37.894239,37.156766,37.791336,157772500
2007-02-01,37.962841,38.074321,37.602677,37.731308,147365600
2007-02-02,37.834209,37.945689,37.679854,37.868511,98189200
2007-02-05,37.851357,38.040014,37.697001,37.834206,96347800
2007-02-06,37.902814,37.928539,37.422596,37.782761,121110200
2007-02-07,37.971392,38.28868,37.834188,38.125748,117823800
2007-02-08,38.074331,38.245834,37.928549,38.117207,89521900
2007-02-09,38.220101,38.348732,37.499776,37.628407,133472000
2007-02-12,37.619829,37.63698,37.379721,37.482624,126940000
2007-02-13,37.542671,37.731328,37.47407,37.611275,93648000
2007-02-14,37.765608,38.340152,37.765608,38.245823,133370000
2007-02-15,38.271542,38.468773,38.202938,38.468773,110452500
2007-02-16,38.2973,38.443082,38.220122,38.340176,72342200
2007-02-20,38.280131,38.691745,38.10005,38.631718,93629000
2007-02-21,38.520229,38.768913,38.443054,38.751762,95864000
2007-02-22,38.897548,39.060477,38.648863,38.948997,116344400
2007-02-23,38.94898,38.983282,38.640272,38.811775,113467100
2007-02-26,39.000454,39.017605,38.383032,38.623142,101623700
2007-02-27,38.048594,38.142923,36.925232,37.036709,317813200
2007-02-28,37.002398,37.525488,36.81374,37.156754,214978700
2007-03-01,36.487895,37.336851,36.222063,36.985264,231806500
2007-03-02,36.685126,36.993837,36.419294,36.427868,183359400
2007-03-05,36.144878,36.702271,36.067701,36.144878,171885400
2007-03-06,36.470735,36.865201,36.44501,36.745144,155551800
2007-03-07,36.753725,36.856627,36.573644,36.599369,119979300
2007-03-08,36.98525,37.079579,36.736566,36.848045,120900700
2007-03-09,37.156757,37.165331,36.573636,36.813744,128597600
2007-03-12,36.762299,37.113887,36.728001,37.05386,81310100
2007-03-13,36.873783,37.079591,36.324964,36.333538,171231800
2007-03-14,36.384997,36.873789,36.102011,36.865215,192586700
2007-03-15,36.788023,36.925227,36.633667,36.779446,111627400
2007-03-16,36.845518,36.931327,36.562357,36.751133,108328800
2007-03-19,36.948487,37.231649,36.854099,37.128681,95913200
2007-03-20,37.120102,37.403267,37.077199,37.394688,78755700
2007-03-21,37.446162,38.132617,37.197321,38.115456,173333500
2007-03-22,38.132629,38.141212,37.832306,37.978176,114856300
2007-03-23,37.978177,38.072565,37.815145,37.858047,68530300
2007-03-26,37.875217,38.02967,37.437603,38.012508,114237300
2007-03-27,37.952445,37.961027,37.712186,37.74651,76419200
2007-03-28,37.583471,37.780826,37.33463,37.343212,142795000
2007-03-29,37.600637,37.626378,36.982826,37.38612,124407000
2007-03-30,37.377536,37.643535,37.085792,37.351791,120418700
2007-04-02,37.471911,37.549137,37.154426,37.403267,89617700
2007-04-03,37.600624,38.02108,37.574883,37.892368,105814500
2007-04-04,37.918102,38.081138,37.86662,38.046814,85147200
2007-04-05,38.00392,38.252761,37.952435,38.2356,54220200
2007-04-09,38.36429,38.398614,38.081129,38.141193,63050200
2007-04-10,38.132624,38.338562,38.106883,38.338562,76364500
2007-04-11,38.304231,38.321393,37.815132,37.935261,114012300
2007-04-12,37.875208,38.287082,37.712176,38.2356,113801300
2007-04-13,38.244177,38.372889,38.003919,38.312824,94572000
2007-04-16,38.467275,38.741857,38.467275,38.664631,72803200
2007-04-17,38.741844,38.784747,38.578809,38.750423,81852300
2007-04-18,38.553079,38.8105,38.467274,38.621723,82002500
2007-04-19,38.450119,38.827669,38.372893,38.741863,95413000
2007-04-20,39.059343,39.188051,38.78476,38.956375,122377400
2007-04-23,39.007855,39.127984,38.904888,39.016438,85303300
2007-04-24,39.153734,39.325349,38.896314,39.213799,108143700
2007-04-25,39.342491,39.745785,39.213783,39.737206,106818100
2007-04-26,39.8316,40.028959,39.754376,39.94315,99308300
2007-04-27,39.788705,40.07187,39.720061,39.96032,96536500
2007-04-30,39.891661,39.925981,39.402558,39.436882,93290500
2007-05-01,39.445475,39.591345,39.179472,39.402569,135044400
2007-05-02,39.548435,39.968891,39.514111,39.831596,91971600
2007-05-03,39.908838,40.089036,39.840195,39.977486,98003600
2007-05-04,40.131913,40.23488,39.831587,40.011784,93591800
2007-05-07,40.037525,40.140492,39.960298,40.011784,47487900
2007-05-08,39.874502,40.131923,39.728629,40.097599,95138900
2007-05-09,39.891674,40.303548,39.86593,40.183418,116021000
2007-05-10,40.046128,40.140516,39.531287,39.634254,171196300
2007-05-11,39.677155,40.140511,39.62567,40.140511,104767900
2007-05-14,40.131924,40.226312,39.634242,39.865921,118899200
2007-05-15,39.831593,40.071854,39.462626,39.557011,179438500
2007-05-16,39.642826,39.951732,39.393985,39.94315,144420500
2007-05-17,39.891655,39.960299,39.72004,39.754364,109869100
2007-05-18,39.883077,40.080433,39.797272,40.080433,104961700
2007-05-21,40.106188,40.535223,40.04612,40.337864,112831400
2007-05-22,40.363602,40.569537,40.217728,40.372181,98029100
2007-05-23,40.492321,40.646774,40.157674,40.183418,119220600
2007-05-24,40.209147,40.3636,39.445466,39.608498,206268600
2007-05-25,39.694314,39.951738,39.62567,39.857349,87143200
2007-05-29,39.900257,40.209163,39.82303,40.16626,99702400
2007-05-30,39.883088,40.5009,39.771538,40.492317,132036500
2007-05-31,40.603857,40.775472,40.509469,40.681084,109457700
2007-06-01,40.826962,40.989994,40.646764,40.706829,125089800
2007-06-04,40.560955,40.87844,40.535214,40.826958,64782700
2007-06-05,40.715408,40.826958,40.329276,40.826958,151160400
2007-06-06,40.646779,40.655361,40.29497,40.389359,183166500
2007-06-07,40.252058,40.509478,39.745797,39.762959,221373300
2007-06-08,39.745802,40.269226,39.608511,40.252064,177587800
2007-06-11,40.226305,40.492305,40.123335,40.17482,97100400
2007-06-12,39.9603,40.363594,39.857332,39.934559,153967700
2007-06-13,40.106181,40.406505,39.934567,40.372181,147985300
2007-06-14,40.415095,40.749745,40.406516,40.638195,101531900
2007-06-15,41.013462,41.107924,40.919003,41.013462,100378400
2007-06-18,41.09075,41.107926,40.936177,41.022053,75713200
2007-06-19,40.901828,41.099338,40.798777,41.013462,109621300
2007-06-20,41.073571,41.150855,40.566914,40.627026,161889500
2007-06-21,40.609835,41.039206,40.429501,40.996269,143181300
2007-06-22,40.910425,40.970537,40.481055,40.609867,153328700
2007-06-25,40.618418,40.858868,40.206223,40.438084,136602600
2007-06-26,40.627026,40.635612,40.137544,40.206242,128211900
2007-06-27,40.163286,40.841691,40.103174,40.824516,141196200
2007-06-28,40.807365,41.090748,40.764429,40.807365,116546300
2007-06-29,41.030626,41.116502,40.541145,40.876053,124794700
2007-07-02,40.970504,41.262475,40.944742,41.2453,80863100
2007-07-03,41.296851,41.494361,41.253915,41.485775,34803300
2007-07-05,41.511504,41.880763,41.468568,41.786301,73588500
2007-07-06,41.829264,42.001013,41.648929,41.958076,65804300
2007-07-09,41.99243,42.061128,41.837857,41.983841,66768800
2007-07-10,41.751975,41.992425,41.588816,41.631752,104383100
2007-07-11,41.537286,41.915134,41.49435,41.915134,99637600
2007-07-12,42.052528,42.653644,42.009588,42.559185,107667100
2007-07-13,42.619302,42.911274,42.567776,42.851162,74232200
2007-07-16,42.842578,43.005741,42.730941,42.808228,77799500
2007-07-17,42.902684,43.194656,42.868334,43.134544,124833700
2007-07-18,42.894095,43.083015,42.627884,43.083015,144915900
2007-07-19,43.289125,43.50381,43.203252,43.211838,116563800
2007-07-20,43.186076,43.246187,42.713769,42.979977,163721300
2007-07-23,43.125959,43.203246,42.868334,42.997147,107464100
2007-07-24,42.679416,43.02291,42.121233,42.361683,175496200
2007-07-25,42.576372,42.653656,42.129827,42.421799,170258700
2007-07-26,42.129812,42.481896,41.262482,42.061111,318522000
2007-07-27,41.983821,42.181331,41.210957,41.210957,246387600
2007-07-30,41.408485,41.846441,41.176625,41.691868,166517200
2007-07-31,42.052545,42.06972,40.730083,40.815956,260224500
2007-08-01,40.695723,41.159443,40.343639,41.133682,301153900
2007-08-02,41.159437,41.588807,41.039214,41.51152,177369900
2007-08-03,41.434245,41.485771,40.489632,40.721489,166048400
2007-08-06,40.764428,41.236734,40.38658,41.193798,190869100
2007-08-07,41.116516,41.751983,40.773018,41.485775,167109700
2007-08-08,41.657505,42.129815,41.563047,41.940891,164831200
2007-08-09,41.382704,42.052523,40.953333,40.970509,242418200
2007-08-10,40.532552,41.07356,40.04307,40.60125,247006400
2007-08-13,40.944754,41.116502,40.773005,40.876053,116935100
2007-08-14,40.961927,40.996278,40.128948,40.180473,153529800
2007-08-15,40.086019,40.438103,39.338916,39.416203,214854100
2007-08-16,39.098437,39.424759,38.119474,39.029739,362468700
2007-08-17,39.768272,40.008719,39.149978,39.768272,223246600
2007-08-20,39.922867,40.120377,39.570784,39.957214,144715100
2007-08-21,39.914285,40.472468,39.836998,40.378006,115027200
2007-08-22,40.687124,40.961921,40.592662,40.92757,115814100
2007-08-23,41.039231,41.090753,40.558334,40.815956,118663400
2007-08-24,40.687137,41.417065,40.635611,41.391304,88189200
2007-08-27,41.271094,41.391317,41.08217,41.11652,72490400
2007-08-28,40.876073,40.961949,40.111794,40.137558,106024800
2007-08-29,40.403756,41.322609,40.403756,41.288261,113201000
2007-08-30,41.073567,41.855021,41.004866,41.502937,138930000
2007-08-31,41.958074,42.129822,41.743388,41.96666,94687200
2007-09-04,42.018184,42.937036,42.001008,42.662239,98480900
2007-09-05,42.55921,42.636497,41.966676,42.232887,114049300
2007-09-06,42.275838,42.387475,41.915168,42.198551,99222600
2007-09-07,41.674667,41.734779,41.176599,41.417046,152438000
2007-09-10,41.751974,41.863611,41.056396,41.391304,125199400
2007-09-11,41.657501,42.069699,41.588803,42.018173,103064500
2007-09-12,41.940884,42.396015,41.889358,42.026756,93993400
2007-09-13,42.327349,42.378872,42.026788,42.232887,80807500
2007-09-14,41.906551,42.34451,41.846439,42.267223,99801200
2007-09-17,42.078294,42.164167,41.72621,41.915134,84882300
2007-09-18,42.155582,43.005736,41.93231,42.971386,151452100
2007-09-19,43.186067,43.443688,42.919856,43.083015,127025800
2007-09-20,42.988548,43.160294,42.868322,42.962784,109970600
2007-09-21,43.199936,43.406143,42.967955,43.268673,86829500
2007-09-24,43.380361,43.784176,43.242891,43.466278,107226800
2007-09-25,43.320231,43.878704,43.268682,43.878704,101102200
2007-09-26,44.127863,44.256739,43.921656,44.093494,96124600
2007-09-27,44.351237,44.377014,44.127849,44.316872,73423200
2007-09-28,44.282514,44.402799,43.973206,44.170818,75546000
2007-10-01,44.205182,44.815204,44.145039,44.677734,100404100
2007-10-02,44.712084,44.729268,44.437144,44.686306,71046000
2007-10-03,44.540266,44.737879,44.248142,44.377022,106785000
2007-10-04,44.462953,44.531689,44.110686,44.480137,84129300
2007-10-05,44.823798,45.451007,44.72929,45.382271,115674700
2007-10-08,45.365081,45.674389,45.287754,45.665798,63022400
2007-10-09,45.768911,45.923565,45.562705,45.863422,93965600
2007-10-10,45.871996,46.02665,45.717342,45.975098,91777500
2007-10-11,46.215695,46.344571,44.91832,45.244812,239786700
2007-10-12,45.451009,46.000888,45.365088,45.992294,131676000
2007-10-15,46.061018,46.146935,45.279158,45.640015,121578700
2007-10-16,45.356506,45.777506,45.261995,45.42524,193676600
2007-10-17,46.069599,46.103968,45.261965,46.009457,183985200
2007-10-18,45.820449,46.301592,45.640017,46.207081,144491200
2007-10-19,46.198511,46.198511,45.012831,45.05579,245111500
2007-10-22,44.815197,45.640016,44.694912,45.597057,207052100
2007-10-23,46.06103,46.576541,45.829049,46.550766,162360600
2007-10-24,46.172719,46.344554,45.193243,46.198494,298293400
2007-10-25,46.301593,46.37892,45.32212,45.579876,233833100
2007-10-26,46.464859,46.56796,45.914976,46.335979,146690300
2007-10-29,46.559359,46.679648,46.258645,46.524994,101896600
2007-10-30,46.344548,46.877246,46.310183,46.619488,114616600
2007-10-31,46.799932,47.315443,46.430481,47.281075,148431900
2007-11-01,46.980374,47.057701,46.370351,46.396126,181974200
2007-11-02,46.756958,46.868653,46.052425,46.756958,217882900
2007-11-05,46.275806,46.739767,46.043825,46.456234,150588900
2007-11-06,46.679644,46.988949,46.207088,46.980358,131884700
2007-11-07,46.585122,46.89443,45.803262,45.837627,197908200
2007-11-08,45.657213,45.82046,43.646714,44.445759,380626400
2007-11-09,43.586584,43.921666,42.959377,42.959377,309414900
2007-11-12,42.890607,43.16555,41.799442,41.868176,283216000
2007-11-13,42.435253,43.638116,42.400885,43.595158,255625900
2007-11-14,44.153625,44.196583,42.873438,43.036682,263284100
2007-11-15,42.959361,43.423322,42.418072,42.804707,251548800
2007-11-16,43.096834,43.380368,42.392301,43.199936,263623700
2007-11-19,43.096824,43.345989,42.452434,42.701599,198651100
2007-11-20,42.925004,43.629538,42.040042,42.873455,300763600
2007-11-21,42.486817,43.10543,41.971303,42.366531,212225400
2007-11-23,42.641463,42.933587,42.418073,42.821892,46463300
2007-11-26,42.933574,43.277247,42.014244,42.082977,150352100
2007-11-27,42.443834,43.002303,42.186075,42.924976,211369300
2007-11-28,43.500627,44.419956,43.474849,44.230934,216868100
2007-11-29,44.059126,44.583231,43.990393,44.419987,172087300
2007-11-30,44.858159,44.892527,43.775584,44.084892,171417400
2007-12-03,43.89589,44.273932,43.663909,43.715462,108625700
2007-12-04,43.38038,43.767011,43.285868,43.53503,113374100
2007-12-05,43.99038,44.677729,43.956011,44.316872,137614200
2007-12-06,44.359829,44.995626,44.342645,44.952667,99724500
2007-12-07,44.926893,45.14169,44.746465,44.961262,88992300
2007-12-10,45.072968,45.270581,44.952682,45.141705,75657900
2007-12-11,45.210437,45.39946,43.998983,44.093494,167064300
2007-12-12,44.892531,45.047185,43.724036,44.488712,162975200
2007-12-13,44.102074,44.35983,43.801357,44.248135,153476200
2007-12-14,43.895868,44.334052,43.749805,43.792767,128396700
2007-12-17,43.629529,43.80996,42.710199,42.727383,134377000
2007-12-18,43.16559,43.191364,42.25485,42.864872,154251700
2007-12-19,42.864868,43.131217,42.624296,42.856277,137970900
2007-12-20,43.492065,43.784188,43.131207,43.732639,167341700
2007-12-21,44.449082,44.638302,44.277065,44.595295,107573500
2007-12-24,44.732888,45.068323,44.681285,44.93071,34499800
2007-12-26,44.836109,45.26615,44.724298,45.154339,58492100
2007-12-27,45.00814,45.154352,44.474886,44.612499,65778900
2007-12-28,44.7587,44.861909,44.234049,44.569481,67545400
2007-12-31,44.354468,44.449077,44.044837,44.05344,70135600
2008-01-02,44.096441,44.268458,43.115947,43.35677,152344100
2008-01-03,43.356756,43.657784,43.133136,43.537373,114103700
2008-01-04,42.840719,42.857921,41.464584,41.628002,212617600
2008-01-07,41.628001,41.800015,40.79372,41.43018,235083600
2008-01-08,41.516185,41.937624,40.355072,40.355072,261669800
2008-01-09,40.518473,41.249542,39.959418,41.215137,254011800
2008-01-10,40.793732,41.636612,40.673321,41.275379,249958500
2008-01-11,41.051745,41.086149,40.165861,40.466888,211685200
2008-01-14,41.017354,41.29258,40.690524,41.172169,168048500
2008-01-15,40.742129,40.871143,39.864844,40.036861,241094900
2008-01-16,39.727226,40.346487,39.099366,39.606815,265625900
2008-01-17,39.770225,40.062653,38.875738,39.056355,254098800
2008-01-18,39.254163,39.684204,38.686508,39.004738,273063300
2008-01-22,36.837345,38.505904,36.751334,37.998455,325732000
2008-01-23,36.587922,37.972656,35.788045,37.852242,390129000
2008-01-24,38.007044,38.643507,37.895236,38.626305,250249100
2008-01-25,39.452006,39.452006,37.792046,37.835052,199299100
2008-01-28,37.86083,38.222063,37.473792,38.127457,163711200
2008-01-29,38.325284,38.428493,37.87804,38.19627,138520000
2008-01-30,38.058656,38.978944,37.998451,38.161865,220824400
2008-01-31,37.731823,39.211166,37.688819,38.815529,246824100
2008-02-01,39.13377,39.460603,38.60052,39.211178,161920300
2008-02-04,39.202562,39.228364,38.652107,38.660709,100209900
2008-02-05,37.989867,38.359703,37.534024,37.559826,188990400
2008-02-06,37.774842,37.989862,36.785748,36.820152,178285000
2008-02-07,36.407307,37.663027,36.252492,37.078171,286254800
2008-02-08,37.155561,37.645808,36.931938,37.499592,173781300
2008-02-11,37.645815,38.032853,37.447996,37.903839,119562300
2008-02-12,38.136071,38.428499,37.422201,37.688828,145412400
2008-02-13,38.179072,38.600514,37.981253,38.514503,148685900
2008-02-14,38.574719,38.574719,37.74904,37.817848,170868900
2008-02-15,37.61142,37.826441,37.370598,37.688828,100053300
2008-02-19,38.187676,38.273683,37.215782,37.620022,110507600
2008-02-20,37.20717,37.92104,37.189971,37.792027,137338800
2008-02-21,38.153275,38.247885,37.27599,37.430805,127857000
2008-02-22,37.559814,37.577016,36.639526,37.568417,157364700
2008-02-25,37.525429,37.903865,37.276005,37.757652,121444300
2008-02-26,37.542606,38.256473,37.301781,37.903839,148375900
2008-02-27,37.645827,38.239283,37.559817,38.093071,125682600
2008-02-28,37.946854,38.299487,37.800641,37.946854,129196700
2008-02-29,37.542622,37.645831,36.854553,36.940563,188724500
2008-03-03,36.914747,36.974956,36.329894,36.699726,132963800
2008-03-04,36.467521,37.017974,36.140689,36.906162,183851000
2008-03-05,36.974953,37.447998,36.768532,37.086761,183208300
2008-03-06,37.060958,37.215773,36.209475,36.26968,152752200
2008-03-07,36.054683,36.673944,35.590241,36.183697,242552400
2008-03-10,36.132081,36.243892,35.409611,35.487019,146801900
2008-03-11,36.003068,36.854548,35.702037,36.837349,196755300
2008-03-12,36.983556,37.361991,36.639521,36.734131,155566100
2008-03-13,36.321284,37.267377,35.960051,37.017952,208967900
2008-03-14,37.2674,37.310403,35.899868,36.338509,309589800
2008-03-17,35.512813,36.13207,35.306392,35.676228,193130600
2008-03-18,36.329912,37.276002,36.2181,37.267403,216300400
2008-03-19,37.422211,37.499618,36.321305,36.347107,216157200
2008-03-20,36.452968,37.098534,36.237779,37.089928,128397000
2008-03-24,37.253472,38.527388,37.253472,38.372456,125018000
2008-03-25,38.475747,38.794226,38.114229,38.587646,118107500
2008-03-26,38.449914,38.60485,38.11422,38.475739,124824600
2008-03-27,38.251939,38.312192,37.623589,37.623589,143868600
2008-03-28,37.890441,38.165883,37.296522,37.434242,111822300
2008-03-31,37.571961,37.890439,37.399809,37.632214,113644800
2008-04-01,38.234736,39.259037,38.22613,39.241821,137494400
2008-04-02,39.336481,39.611922,38.880279,39.155724,132486800
2008-04-03,38.983595,39.517263,38.854481,39.241821,140033800
2008-04-04,39.396748,39.895984,39.07827,39.474216,139261000
2008-04-07,39.715229,39.947634,39.293461,39.388142,102297100
2008-04-08,39.086872,39.353707,38.888899,39.086872,97435200
2008-04-09,39.138537,39.155753,38.415503,38.647907,127182300
2008-04-10,38.673727,39.457014,38.673727,39.198788,112773800
2008-04-11,38.751199,38.820058,37.976518,38.114239,120135400
2008-04-14,38.053981,38.286385,37.830186,37.942085,89274600
2008-04-15,38.079783,38.174463,37.597759,37.993706,124232300
2008-04-16,38.467135,39.147132,38.432707,39.052448,134027900
2008-04-17,39.095481,39.138521,38.71675,38.96637,124953100
2008-04-18,39.999277,40.395223,39.784088,40.205856,133022500
2008-04-21,40.128399,40.524349,40.016503,40.489918,83303200
2008-04-22,40.240296,40.257511,39.534477,39.887386,104689600
2008-04-23,40.180043,40.507131,39.827134,40.32637,131086200
2008-04-24,40.343586,41.135482,39.930424,40.687889,166509000
2008-04-25,40.730929,40.756751,40.085363,40.584602,121945400
2008-04-28,40.679283,40.989156,40.567388,40.662071,71244000
2008-04-29,40.584606,41.109664,40.507138,40.971943,91270600
2008-04-30,41.058021,41.367893,40.481313,40.63625,132152700
2008-05-01,40.653463,41.935989,40.644857,41.918774,143596900
2008-05-02,42.314698,42.340519,41.608879,41.979004,124990000
2008-05-05,41.979018,42.202813,41.66054,41.858513,75624700
2008-05-06,41.73801,42.288893,41.436744,42.116741,139582600
2008-05-07,42.125347,42.374967,41.20434,41.35067,140008300
2008-05-08,41.522821,41.918767,41.367885,41.660542,128058700
2008-05-09,41.350663,41.712179,41.230158,41.49699,97062000
2008-05-12,41.557247,42.340534,41.488388,42.254459,89606500
2008-05-13,42.27168,42.461047,41.970414,42.366364,85448100
2008-05-14,42.529905,42.977498,42.211426,42.271679,143598200
2008-05-15,42.280277,43.054958,42.159772,43.011921,157248900
2008-05-16,43.098014,43.132445,42.564347,43.046368,146563200
2008-05-19,43.080804,43.442323,42.469668,42.736504,140048700
2008-05-20,42.581568,42.581568,42.082328,42.409416,137163700
2008-05-21,42.461034,42.693435,41.333444,41.471165,192806700
2008-05-22,41.574471,41.910165,41.410929,41.617508,153198200
2008-05-23,41.471169,41.617496,41.161296,41.488384,121698400
2008-05-27,41.574481,42.271693,41.565874,42.220047,106984300
2008-05-28,42.418003,42.486865,41.961804,42.392181,121363000
2008-05-29,42.417991,43.011914,42.39217,42.770901,143993000
2008-05-30,42.934472,43.244344,42.822573,43.046368,94153600
2008-06-02,42.968895,42.968895,42.142571,42.521305,144359900
2008-06-03,42.684845,42.95168,41.892949,42.288898,167606900
2008-06-04,42.15977,43.123814,42.125339,42.831158,174870800
2008-06-05,42.943071,43.562816,42.779529,43.511169,126653700
2008-06-06,43.132445,43.218519,42.194221,42.202827,189136000
2008-06-09,42.288876,42.340519,41.273185,41.979004,208897300
2008-06-10,41.54864,42.125344,41.453956,41.781044,162798500
2008-06-11,41.694979,41.763841,40.756756,40.773972,170366900
2008-06-12,41.066629,41.410932,40.455493,40.817009,189913200
2008-06-13,41.066622,41.720797,40.851433,41.63472,167855000
2008-06-16,41.419535,42.194216,41.376498,42.004848,136343900
2008-06-17,42.133953,42.228637,41.720791,41.781044,122932000
2008-06-18,41.540026,41.703571,41.169904,41.333447,169338100
2008-06-19,41.25597,42.185583,40.980529,41.979004,221304200
2008-06-20,41.629315,41.646539,40.664594,40.845478,197434200
2008-06-23,41.00912,41.121097,40.466466,40.52676,131488800
2008-06-24,40.337284,40.802414,39.975513,40.320057,178293800
2008-06-25,40.492322,41.345065,40.432027,40.974682,179023400
2008-06-26,40.216696,40.225311,39.312273,39.320889,190028300
2008-06-27,39.277818,39.536227,38.735166,39.320889,181351800
2008-06-30,39.200294,39.47593,38.890208,38.907433,132912400
2008-07-01,38.597343,39.501765,38.485366,39.458698,245494300
2008-07-02,39.579282,39.734326,38.450905,38.5112,199576400
2008-07-03,38.743753,38.82989,38.140804,38.44228,123118300
2008-07-07,38.795463,39.15723,38.106379,38.674873,181011300
2008-07-08,38.717929,39.630964,38.562885,39.596512,206151200
2008-07-09,39.587874,39.648169,38.528408,38.545635,168500300
2008-07-10,38.605955,39.122767,38.22696,39.002178,238811500
2008-07-11,38.597347,38.993569,37.770443,38.382008,265514700
2008-07-14,38.881581,38.916036,37.959931,38.097748,177389800
2008-07-15,37.908254,38.700703,37.296693,38.106369,283891100
2008-07-16,38.209735,39.088319,37.830737,39.053864,186047800
2008-07-17,39.28642,39.467304,38.743765,39.31226,197555100
2008-07-18,38.88157,38.90741,38.407825,38.407825,160661000
2008-07-21,38.761002,38.924658,38.321712,38.571503,128107800
2008-07-22,37.925486,38.597346,37.779057,38.571503,152524500
2008-07-23,38.631791,39.527602,38.519818,39.079697,169259100
2008-07-24,39.260582,39.286421,38.459521,38.493973,145561000
2008-07-25,38.743752,39.174429,38.554253,38.993546,111616700
2008-07-28,38.984941,39.208895,38.080518,38.261402,124028500
2008-07-29,38.425074,39.226135,38.390619,39.053864,142290900
2008-07-30,39.165827,39.4673,38.657627,39.251961,165679900
2008-07-31,38.864354,39.751552,38.77822,39.157215,180473100
2008-08-01,39.200275,39.23473,38.244173,38.657623,180350400
2008-08-04,38.649022,38.69209,38.15805,38.270027,116298000
2008-08-05,38.666247,39.596513,38.62318,39.562057,151657400
2008-08-06,39.579268,40.320034,39.260567,40.164989,133463700
2008-08-07,39.923822,40.3545,39.691259,39.854916,152805800
2008-08-08,39.82908,40.862704,39.751558,40.759342,143121500
2008-08-11,40.742116,41.586244,40.604299,41.129726,157290100
2008-08-12,41.121119,41.482887,40.923004,41.172798,140549300
2008-08-13,41.103871,41.448411,40.699033,41.086643,169652100
2008-08-14,40.948844,41.74129,40.905777,41.560406,158069200
2008-08-15,41.629316,41.836039,41.310612,41.482883,123115900
2008-08-18,41.603468,41.612084,40.707658,41.000519,151399100
2008-08-19,40.793801,40.991913,40.268374,40.492325,155410600
2008-08-20,40.776565,40.966064,40.259753,40.561226,155466700
2008-08-21,40.259746,40.552606,39.949657,40.371719,118916200
2008-08-22,40.587065,41.069426,40.552614,40.905769,96515500
2008-08-25,40.621525,40.664592,39.941053,40.044418,128076500
2008-08-26,40.070251,40.28559,39.725708,39.992729,107225500
2008-08-27,40.009958,40.561225,39.872142,40.251137,108489900
2008-08-28,40.414782,40.72487,40.337263,40.578442,112808600
2008-08-29,40.147777,40.587067,39.55344,39.725712,133184300
2008-09-02,40.371738,40.552625,39.053865,39.234749,162277500
2008-09-03,39.148594,39.312251,38.5801,38.864346,161682900
2008-09-04,38.640385,38.683452,37.606758,37.606758,219004700
2008-09-05,37.27946,37.710137,36.874625,37.425892,247977500
2008-09-08,37.916862,38.089133,36.762645,37.356979,311065100
2008-09-09,37.339751,37.718749,36.478396,36.564533,214180600
2008-09-10,36.917703,37.193336,36.564547,36.86602,160658100
2008-09-11,36.349189,37.632606,36.323346,37.555084,203398200
2008-09-12,37.236382,37.649832,36.952136,37.408653,172094300
2008-09-15,36.52146,37.288066,36.202756,36.245827,616772300
2008-09-16,35.729014,36.900458,35.685947,36.530075,349506500
2008-09-17,36.064967,36.538712,34.617889,34.635117,340088000
2008-09-18,35.4017,36.151081,34.023533,35.806538,423934000
2008-09-19,37.726938,37.778655,36.287503,36.977055,263394000
2008-09-22,36.83914,36.925333,35.166983,35.235939,164698200
2008-09-23,35.511782,35.985847,34.856709,34.968761,184011200
2008-09-24,35.175623,35.563492,34.925661,35.210098,159270800
2008-09-25,35.537632,36.218562,35.365244,35.770355,148586800
2008-09-26,34.744653,35.761738,34.667079,35.408344,182678600
2008-09-29,34.701534,34.804968,32.046773,32.598412,307954400
2008-09-30,32.512234,33.874092,32.4088,33.537937,195436700
2008-10-01,33.477594,33.589647,32.779425,33.184536,174033300
2008-10-02,32.969053,32.969053,31.581336,31.676149,192124000
2008-10-03,32.115726,32.908709,31.115881,31.184837,272116100
2008-10-06,30.391857,30.62458,28.366309,30.047085,394046600
2008-10-07,30.288435,30.340152,27.814679,28.142216,329365700
2008-10-08,27.538857,29.409257,27.444044,27.918108,452066500
2008-10-09,28.573189,29.030014,26.694166,27.168232,352433900
2008-10-10,26.306284,27.995678,25.323676,26.995832,472339100
2008-10-13,28.323215,30.383241,27.926725,30.27981,276998700
2008-10-14,31.158981,31.158981,28.607649,28.969664,341595900
2008-10-15,28.642135,28.745567,26.323528,26.375244,312088500
2008-10-16,26.556252,27.81468,25.211633,27.806059,494783500
2008-10-17,27.297525,29.00416,27.073421,27.840544,326571300
2008-10-20,28.237016,28.667984,27.323366,28.61627,232783400
2008-10-21,28.150834,28.667994,27.133749,27.133749,239932400
2008-10-22,27.038927,27.237172,25.608112,26.383856,289993600
2008-10-23,26.280428,26.79759,24.90995,26.280428,377966900
2008-10-24,24.332457,26.073568,24.211786,25.435736,322129500
2008-10-27,25.14267,26.030464,24.703082,24.728941,239302300
2008-10-28,25.582264,27.478522,24.866857,27.461285,327239500
2008-10-29,27.504373,28.51284,26.935496,27.392323,341316000
2008-10-30,28.159448,28.495606,27.564713,28.305979,255292100
2008-10-31,27.90087,28.814523,27.659529,28.349077,224261000
2008-11-03,28.28013,28.693859,28.021546,28.288748,128455500
2008-11-04,28.840374,29.314438,28.426645,29.090336,182487600
2008-11-05,28.900716,28.961052,27.513,27.573336,183893900
2008-11-06,27.142378,27.469914,26.202867,26.340776,220677200
2008-11-07,26.651064,27.133748,26.366625,26.883787,176946200
2008-11-10,27.556087,27.556087,26.202848,26.521765,142584500
2008-11-11,26.271816,26.513158,25.616744,25.944281,162869800
2008-11-12,25.556396,25.685686,24.69446,24.746176,184946400
2008-11-13,24.659991,26.314909,23.513617,26.254572,317943900
2008-11-14,25.668462,26.220101,24.8841,24.978912,259407000
2008-11-17,24.556562,25.194395,24.358317,24.453131,202835200
2008-11-18,24.616892,24.780661,23.608427,24.427267,252661800
2008-11-19,24.47898,24.806517,23.091265,23.1516,244180600
2008-11-20,22.867167,23.660148,21.953513,22.031088,342472400
2008-11-21,22.418955,22.996453,21.591496,22.987833,282746800
2008-11-24,23.461892,24.685841,23.255027,24.392782,225058200
2008-11-25,24.659987,24.685844,23.720477,24.280735,202968700
2008-11-26,24.030774,25.306441,23.970439,25.297821,164912000
2008-11-28,25.013387,25.159916,24.849618,25.099581,41238200
2008-12-01,24.565184,24.573804,23.177466,23.211945,149161500
2008-12-02,23.530852,24.039394,23.134362,23.987679,181743000
2008-12-03,23.384329,24.746188,23.332613,24.668615,230944900
2008-12-04,24.280743,24.806525,23.548097,23.970446,188868700
2008-12-05,23.703239,25.056478,23.229175,24.944427,212283700
2008-12-08,25.504688,26.254571,25.375398,25.927036,185782500
2008-12-09,25.58227,26.573496,25.487456,25.866709,178148300
2008-12-10,25.944278,26.254574,25.530549,25.78051,162335100
2008-12-11,25.694312,26.090804,24.944429,25.073719,167161400
2008-12-12,24.728942,25.737407,24.539315,25.582258,158600100
2008-12-15,25.625354,25.651212,24.772037,25.13405,107887000
2008-12-16,25.358169,26.42697,25.08235,26.340776,169300100
2008-12-17,26.073562,26.37524,25.70293,26.021847,159813500
2008-12-18,26.021852,26.202858,25.306445,25.565025,142656400
2008-12-19,25.835207,26.21501,25.602146,25.774784,118308900
2008-12-22,25.774778,25.826569,24.808008,25.213705,95379600
2008-12-23,25.317282,25.567607,24.937479,25.084221,68764800
2008-12-24,25.205075,25.213705,25.015172,25.153282,27194700
2008-12-26,25.205072,25.230967,25.006538,25.144648,20937000
2008-12-29,25.213704,25.239601,24.566314,24.937485,52688300
2008-12-30,25.006541,25.541718,24.980646,25.455399,77089500
2008-12-31,25.429503,25.96468,25.420872,25.671196,89189700
2009-01-02,25.679818,26.871016,25.628028,26.784698,107891500
2009-01-05,26.612062,27.043655,26.404897,26.776068,91751900
2009-01-06,26.974612,27.302622,26.853766,27.043667,136791700
2009-01-07,26.525752,26.672494,26.059632,26.275429,133879800
2009-01-08,26.223643,26.586181,25.964687,26.551655,131926600
2009-01-09,26.560279,26.577543,25.826569,25.956047,117137900
2009-01-12,25.990577,26.025104,25.205077,25.481297,102726200
2009-01-13,25.472656,25.878353,25.187804,25.48992,186266700
2009-01-14,25.196441,25.274128,24.574945,24.713055,136294000
2009-01-15,24.661267,25.325922,24.229674,25.118757,192567200
2009-01-16,25.464023,25.550342,24.773474,25.394968,175478100
2009-01-20,25.291393,25.403608,24.134722,24.134722,135105800
2009-01-21,24.540419,25.196441,24.255567,25.161913,149179600
2009-01-22,24.618109,25.230971,24.39368,24.825274,200602700
2009-01-23,24.419576,25.334554,24.290097,24.946119,170164100
2009-01-26,24.98064,25.541712,24.816634,25.127382,140398700
2009-01-27,25.136026,25.524459,25.136026,25.308662,110591300
2009-01-28,25.731619,26.456696,25.731619,26.197741,139722800
2009-01-29,25.878361,26.2409,25.446768,25.533087,130731800
2009-01-30,25.722979,25.835195,24.980639,25.084221,140334200
2009-02-02,24.842528,25.558973,24.808,25.386335,126796100
2009-02-03,25.438133,26.266794,25.058332,25.783409,120541100
2009-02-04,25.843836,26.646601,25.714358,25.81794,175780900
2009-02-05,25.446766,26.560278,25.429501,26.38764,217578900
2009-02-06,26.482598,27.199043,26.396278,27.078197,164513200
2009-02-09,27.095456,27.337149,26.922819,27.190407,98856900
2009-02-10,27.017763,27.345775,25.981939,26.189104,232795200
2009-02-11,26.223633,26.353112,25.662561,26.06826,169117200
2009-02-12,25.766146,26.422168,25.584875,26.38764,201151400
2009-02-13,26.309959,26.568916,26.145954,26.2668,145066700
2009-02-17,25.455399,25.610773,25.084228,25.222338,157783300
2009-02-18,25.386345,25.610774,24.920225,25.239603,161271900
2009-02-19,25.394977,25.558983,24.790745,24.85117,155322400
2009-02-20,24.574949,25.161917,24.505894,24.920225,210752400
2009-02-23,25.058328,25.075591,23.936184,24.048399,169473500
2009-02-24,24.17788,25.015172,24.13472,24.842535,181337300
2009-02-25,24.695792,25.179176,24.290093,24.678528,220224700
2009-02-26,24.842535,24.989277,23.910293,23.98798,211218500
2009-02-27,23.737652,24.151981,23.642701,23.763548,204492600
2009-03-02,23.409649,23.746291,22.848575,22.995317,188180400
2009-03-03,23.185211,23.444167,22.805408,22.978046,158758800
2009-03-04,23.314696,23.918926,23.237009,23.590916,164911000
2009-03-05,23.331953,23.513221,22.805408,22.883095,199626900
2009-03-06,23.003944,23.142054,22.192547,22.701828,218421600
2009-03-09,22.520549,23.142043,22.123482,22.218433,181098800
2009-03-10,22.658673,23.642706,22.580986,23.590916,175068200
2009-03-11,23.832613,24.160624,23.530497,23.953459,173094900
2009-03-12,23.936185,24.825268,23.685861,24.747581,184395100
2009-03-13,24.738948,24.894322,24.445464,24.808002,156783500
2009-03-16,24.972007,25.015165,24.333248,24.393671,190269800
2009-03-17,24.514521,25.317286,24.428202,25.317286,169773800
2009-03-18,25.213708,26.068265,25.101494,25.636671,208033900
2009-03-19,25.990569,26.007831,25.429496,25.619398,146753400
2009-03-20,25.670412,25.964381,25.056534,25.229458,149410800
2009-03-23,25.851987,26.751188,25.246758,26.716602,179499000
2009-03-24,26.491796,26.699304,26.206474,26.223766,118757600
2009-03-25,26.448565,26.846287,25.644473,26.34481,190555200
2009-03-26,26.630139,27.200785,26.301586,27.157555,182459500
2009-03-27,26.803063,26.958694,26.552324,26.647432,156108100
2009-03-30,26.197831,26.215124,25.609895,25.990324,162919700
2009-03-31,26.189187,26.759832,26.171894,26.215124,150243800
2009-04-01,25.886566,26.699303,25.756874,26.604197,137950000
2009-04-02,27.079738,27.901123,27.001922,27.460169,212272400
2009-04-03,27.745495,28.013526,27.520695,27.970293,134577300
2009-04-06,27.659028,27.952999,27.365059,27.901121,160413700
2009-04-07,27.598512,27.598512,26.984634,27.166204,147531200
2009-04-08,27.434234,27.797374,27.226727,27.624451,126126000
2009-04-09,28.143222,28.540944,28.039469,28.480421,131871500
2009-04-13,28.393949,28.59281,28.125918,28.43718,119310500
2009-04-14,28.264254,28.428533,27.901117,28.091333,124069000
2009-04-15,27.892482,28.039468,27.537991,28.013531,124808200
2009-04-16,28.402597,28.904075,28.108628,28.739799,171168000
2009-04-17,28.679275,28.964599,28.471769,28.800323,129835400
2009-04-20,28.28155,28.376658,27.719552,27.875183,123080500
2009-04-21,27.771429,28.307493,27.736847,28.264259,145490200
2009-04-22,28.099986,28.990538,28.004878,28.350725,165040500
2009-04-23,28.532284,28.653329,28.091332,28.627392,181666600
2009-04-24,28.826262,29.336385,28.592815,29.128876,141170000
2009-04-27,28.895428,29.448784,28.834905,29.16346,120749100
2009-04-28,28.981899,29.319098,28.84356,28.947313,108968000
2009-04-29,29.180743,29.742744,29.137513,29.345018,141413600
2009-04-30,29.734102,30.175058,29.431489,29.638994,144120400
2009-05-01,29.63035,29.863796,29.405548,29.71681,100112000
2009-05-04,29.984848,30.33934,29.846509,30.304754,119317400
2009-05-05,30.252881,30.313404,29.941619,30.278818,113569500
2009-05-06,30.512252,30.555483,29.794621,30.287451,178840500
2009-05-07,30.494965,30.494965,29.293151,29.578472,216484700
2009-05-08,29.803264,30.03671,29.293141,29.595755,183507300
2009-05-11,29.215334,30.019426,29.120226,29.699516,142775900
2009-05-12,29.760032,29.81191,28.981881,29.336372,147842200
2009-05-13,29.077007,29.0943,28.497713,28.549591,175548300
2009-05-14,28.618741,29.137512,28.601452,28.86948,140021700
2009-05-15,28.826262,29.241277,28.731154,28.8522,121326400
2009-05-18,29.051054,29.638992,28.869486,29.60441,114333400
2009-05-19,29.53526,30.036739,29.353692,29.742769,129086400
2009-05-20,29.855148,30.296103,29.552534,29.638994,131873700
2009-05-21,29.414187,29.621692,28.800311,29.09428,139253200
2009-05-22,29.206699,29.370978,28.808977,28.999193,83510600
2009-05-26,28.74845,30.114543,28.687927,30.079958,144857200
2009-05-27,29.993488,30.425795,29.768689,29.872442,121348800
2009-05-28,30.054004,30.322036,29.578466,30.218283,118931300
2009-05-29,30.235584,30.693829,30.054013,30.590076,111535700
2009-06-01,30.918636,31.558453,30.788946,31.463345,119126200
2009-06-02,31.290411,31.809182,31.221244,31.506565,126858600
2009-06-03,31.411459,31.446041,31.065612,31.411459,93329800
2009-06-04,31.480623,31.809177,31.4201,31.765947,89280600
2009-06-05,31.956157,32.059913,31.489264,31.800526,121958800
2009-06-08,31.601671,31.947518,31.229886,31.705423,89194100
2009-06-09,31.85243,32.137752,31.705444,31.947538,109187800
2009-06-10,32.129085,32.137729,31.376871,31.835115,133404700
2009-06-11,31.791885,32.189607,31.774593,31.835115,147909800
2009-06-12,31.705426,31.74866,31.29906,31.688137,109452500
2009-06-15,31.385523,31.411463,30.763002,31.039679,112152900
2009-06-16,31.160731,31.290421,30.711131,30.737068,110550300
2009-06-17,30.866753,31.307705,30.650599,31.031029,153421800
2009-06-18,30.979162,31.178023,30.754361,30.970514,126266700
2009-06-19,31.207677,31.476038,31.086483,31.302902,122044700
2009-06-22,31.017253,31.069192,30.316052,30.367994,137714900
2009-06-23,30.454576,30.523829,30.099648,30.298754,114903100
2009-06-24,30.558445,31.051881,30.541131,30.809492,103314600
2009-06-25,30.610389,31.476067,30.541133,31.41547,112538200
2009-06-26,31.268314,31.597273,31.207717,31.484734,87677300
2009-06-29,31.571284,31.813673,31.268295,31.55397,93817600
2009-06-30,31.640543,31.796366,31.259646,31.49338,97843000
2009-07-01,31.649201,31.89159,31.502034,31.510693,85976000
2009-07-02,31.242333,31.250989,30.731583,30.81815,113309800
2009-07-06,30.6277,30.766208,30.333369,30.653669,107632500
2009-07-07,30.662335,30.722936,29.874568,29.891882,149773000
2009-07-08,30.07367,30.186205,29.692769,30.047697,152776400
2009-07-09,30.160235,30.307399,29.995758,30.099638,97851500
2009-07-10,30.013067,30.419937,29.917845,30.229486,108482000
2009-07-13,30.255459,30.818147,29.848589,30.809492,127140300
2009-07-14,30.774857,30.982621,30.645007,30.922024,115631700
2009-07-15,31.441433,31.969497,31.28561,31.960838,160869700
2009-07-16,31.813687,32.411004,31.787717,32.341751,120142500
2009-07-17,32.333086,32.523536,32.177264,32.514881,104906500
2009-07-20,32.688014,32.895779,32.558165,32.826523,97168800
2009-07-21,32.956376,33.051601,32.584134,33.051601,130587600
2009-07-22,33.07757,33.493095,33.008317,33.328617,113808600
2009-07-23,33.294007,34.185659,33.23341,34.064461,160239300
2009-07-24,33.700853,34.08175,33.571,33.804733,109312300
2009-07-27,34.04715,34.116403,33.648935,34.064461,94718600
2009-07-28,33.917263,34.27219,33.700843,33.830696,111564300
2009-07-29,34.038453,34.133678,33.761436,34.055767,126538200
2009-07-30,34.410713,34.782955,34.202949,34.25489,108969900
2009-07-31,34.254893,34.497282,34.116384,34.151012,78208300
2009-08-03,34.514584,34.679065,34.315478,34.661751,111722800
2009-08-04,34.49727,34.791601,34.428017,34.661751,100690800
2009-08-05,34.739663,34.748319,34.159657,34.393391,118093000
2009-08-06,34.471306,34.566531,33.969214,34.090408,116937500
2009-08-07,34.557868,34.687721,34.272196,34.523243,107442100
2009-08-10,34.402047,34.497269,34.055775,34.280849,87163200
2009-08-11,34.168321,34.194291,33.804735,33.986526,91922700
2009-08-12,33.960565,34.817588,33.934596,34.514599,147240000
2009-08-13,34.722369,34.765652,34.315499,34.705055,110107000
2009-08-14,34.514585,34.592496,34.003834,34.306824,124480200
2009-08-17,33.72682,33.770103,33.293981,33.311295,131797200
2009-08-18,33.519056,33.85667,33.423831,33.787415,84496200
2009-08-19,33.389204,34.107718,33.363235,34.021149,88036300
2009-08-20,34.003844,34.488625,33.934591,34.419369,81473500
2009-08-21,34.618482,34.938782,34.402063,34.878185,114660200
2009-08-24,34.938781,35.120572,34.713702,34.843555,109904900
2009-08-25,34.921457,35.28504,34.843545,34.947426,92900400
2009-08-26,34.869508,35.146524,34.696375,34.886822,96407500
2009-08-27,34.87819,35.034013,34.341467,34.973415,121957800
2009-08-28,35.406248,35.562071,34.765645,35.008034,114300900
2009-08-31,34.748328,34.80027,34.445342,34.653103,96415300
2009-09-01,34.531902,35.137877,33.899957,34.003838,162958900
2009-09-02,33.822056,34.168329,33.796087,33.977879,92757200
2009-09-03,34.142329,34.254868,33.778746,34.202927,76783100
2009-09-04,34.26355,34.956092,34.211608,34.938778,74866600
2009-09-08,35.215804,35.302371,35.025354,35.267746,71024400
2009-09-09,35.293704,35.743857,35.137882,35.570721,99280800
2009-09-10,35.58804,35.951624,35.492815,35.90834,99289100
2009-09-11,35.934304,36.029529,35.68326,35.942963,93868400
2009-09-14,35.709221,36.107432,35.674593,36.081463,90435600
2009-09-15,36.055515,36.315218,35.986259,36.194023,91594600
2009-09-16,36.358489,36.774014,36.219981,36.722073,96888500
2009-09-17,36.626847,36.929833,36.540277,36.713413,102169600
2009-09-18,36.861602,36.930921,36.57565,36.774948,87444200
2009-09-21,36.566963,37.000221,36.532302,36.887573,71351400
2009-09-22,37.095544,37.112875,36.774931,36.956902,75638400
2009-09-23,37.112873,37.407485,36.72294,36.783596,143924100
2009-09-24,36.930902,36.991558,36.194365,36.454319,111016400
2009-09-25,36.185679,36.47163,36.029709,36.13369,109216000
2009-09-28,36.333009,36.965565,36.298347,36.748936,84478500
2009-09-29,36.748949,36.930917,36.419672,36.584312,106686400
2009-09-30,36.731618,36.913585,36.047069,36.610306,173102700
2009-10-01,36.480319,36.506317,35.527153,35.527153,140119100
2009-10-02,35.28453,35.743782,35.28453,35.423172,145286400
2009-10-05,35.605133,35.873754,35.37984,35.709114,97054200
2009-10-06,35.908421,36.514982,35.89109,36.341679,124628000
2009-10-07,36.298369,36.463009,36.194388,36.445679,93787600
2009-10-08,36.662318,36.930936,36.515008,36.601662,107850400
2009-10-09,36.523648,36.870253,36.445662,36.809597,62828000
2009-10-12,36.956896,37.147527,36.636283,36.887573,53221900
2009-10-13,36.852904,37.043539,36.714262,36.896233,70939300
2009-10-14,37.35549,37.44214,37.130194,37.398815,91004900
2009-10-15,37.19952,37.364157,37.147528,37.312168,85772800
2009-10-16,37.173526,37.251513,36.809588,37.069542,111859300
2009-10-19,37.095546,37.494142,36.904911,37.44215,83512000
2009-10-20,37.658779,37.658779,37.20819,37.450817,89847900
2009-10-21,37.442145,37.97072,37.312169,37.381489,110397400
2009-10-22,37.312183,37.684786,37.078224,37.528812,85871800
2009-10-23,37.892738,37.892738,37.277512,37.372829,117020400
2009-10-26,37.43349,37.918736,37.078218,37.251522,107068600
2009-10-27,37.199527,37.3555,36.54964,36.688282,121438200
2009-10-28,36.558298,36.670945,35.787099,35.865086,143553600
2009-10-29,36.073064,36.558311,35.995077,36.471661,85207600
2009-10-30,36.445662,36.523649,35.457831,35.492493,162796500
2009-11-02,35.527149,36.021063,35.215203,35.639797,142456600
2009-11-03,35.449158,35.80443,35.388503,35.752438,95107000
2009-11-04,35.986396,36.281011,35.769767,35.813095,107970600
2009-11-05,36.229029,36.740274,36.203031,36.696945,135204800
2009-11-06,36.497643,36.956899,36.462985,36.91357,96312300
2009-11-09,37.199536,37.710781,37.156211,37.702114,101620800
2009-11-10,37.65877,37.927392,37.606782,37.797413,72846500
2009-11-11,38.083395,38.248032,37.788779,38.04007,84676200
2009-11-12,38.066053,38.265351,37.736776,37.823429,92426100
2009-11-13,37.936066,38.248013,37.806091,38.135365,87959500
2009-11-16,38.299999,38.689932,38.230676,38.525291,87776100
2009-11-17,38.421306,38.646599,38.34332,38.646599,81884000
2009-11-18,38.525314,38.551312,38.170042,38.429996,100240800
2009-11-19,38.170021,38.196019,37.56346,37.832081,114558000
2009-11-20,37.632781,37.736762,37.502803,37.641445,70912100
2009-11-23,38.031387,38.473312,38.005393,38.248016,91621500
2009-11-24,38.230687,38.256684,37.892746,38.118042,60670000
2009-11-25,38.248015,38.317338,38.135367,38.282677,37630100
2009-11-27,37.234198,37.979402,37.173542,37.702114,61230000
2009-11-30,37.615463,37.79743,37.355509,37.745441,84819400
2009-12-01,38.031384,38.386655,38.02272,38.135365,81817800
2009-12-02,38.265334,38.551286,38.109361,38.187347,81653600
2009-12-03,38.326003,38.559963,38.022724,38.031387,72460400
2009-12-04,38.516638,38.759261,37.83209,38.230686,125062600
2009-12-07,38.204698,38.378002,37.970739,38.048725,67471900
2009-12-08,37.83207,38.126685,37.572116,37.814739,86621400
2009-12-09,37.780088,38.230676,37.537464,38.196018,78820500
2009-12-10,38.360675,38.594635,38.33468,38.386669,76722400
2009-12-11,38.594621,38.637946,38.083376,38.239349,66643700
2009-12-14,38.499287,38.646593,38.291322,38.603268,47965500
2009-12-15,38.481986,38.707279,38.274021,38.386669,61171100
2009-12-16,38.533946,38.733245,38.377973,38.438629,61629700
2009-12-17,38.265345,38.308671,37.918738,37.97073,90440900
2009-12-18,38.329189,38.606936,38.190315,38.589577,96442600
2009-12-21,38.789206,39.171111,38.771846,39.023556,82357400
2009-12-22,39.153761,39.309994,39.084322,39.257915,51569100
2009-12-23,39.336018,39.553009,39.240542,39.544331,73932200
2009-12-24,39.587733,39.908878,39.579052,39.908878,31770400
2009-12-28,40.004359,40.18663,39.874164,40.117195,49381400
2009-12-29,40.125883,40.143242,39.917574,39.95229,32410200
2009-12-30,39.908888,40.151916,39.891528,40.073799,57612700
2009-12-31,40.151922,40.169282,39.709263,39.709263,50079200
2010-01-04,40.212681,40.351555,40.160602,40.290794,62822800
2010-01-05,40.264757,40.360233,40.065126,40.290794,62935600
2010-01-06,40.273428,40.40362,39.986999,40.047756,96033000
2010-01-07,40.108518,40.160597,39.856809,40.073799,77094100
2010-01-08,39.987012,40.403633,39.865498,40.403633,88886600
2010-01-11,40.455691,40.481729,40.030389,40.238701,104673400
2010-01-12,39.995689,40.047765,39.518308,39.735298,90673900
2010-01-13,39.856799,40.35154,39.587733,40.230022,100661000
2010-01-14,40.151908,40.37758,40.117192,40.264744,75209000
2010-01-15,40.334186,40.403621,39.622457,39.796047,126849300
2010-01-19,39.891545,40.48176,39.882867,40.438362,84388200
2010-01-20,40.151926,40.447034,39.43152,39.856819,145680000
2010-01-21,39.96963,40.230018,39.318659,39.483574,204939600
2010-01-22,39.353396,39.47491,38.225046,38.329201,171098700
2010-01-25,38.563559,38.71111,38.294489,38.459404,154218700
2010-01-26,38.416001,38.962818,38.23373,38.494118,140816500
2010-01-27,38.424655,38.92807,38.198983,38.797878,161632700
2010-01-28,38.537498,38.563536,37.600098,37.799728,221439800
2010-01-29,38.112207,38.207684,37.001217,37.140091,212099600
2010-02-01,37.235582,37.565406,37.218223,37.548046,136827100
2010-02-02,37.608796,37.999376,37.348404,37.886543,110727700
2010-02-03,37.704273,38.164295,37.686913,38.094856,93581600
2010-02-04,37.817095,37.895212,36.992531,36.992531,151652500
2010-02-05,37.088006,37.339716,36.558549,37.304996,213618600
2010-02-08,37.244231,37.478581,37.009881,37.035919,94354400
2010-02-09,37.4786,37.765026,37.114054,37.417843,118956000
2010-02-10,37.417827,37.59142,37.10536,37.33971,94102900
2010-02-11,37.348401,38.008054,37.114051,37.903896,93050800
2010-02-12,37.565385,38.086164,37.46123,37.982006,93938500
2010-02-16,38.259766,38.494113,38.060132,38.468075,83861400
2010-02-17,38.641654,38.685051,38.415982,38.685051,82691700
2010-02-18,38.659019,38.997524,38.580903,38.928085,65752600
2010-02-19,38.823926,39.101674,38.72845,38.910725,80416500
2010-02-22,39.06695,39.08431,38.67637,38.832603,72055000
2010-02-23,38.806579,38.83262,38.14693,38.329201,95814400
2010-02-24,38.528812,38.875998,38.468055,38.719765,86591000
2010-02-25,38.311825,38.797884,38.042759,38.711086,97961300
2010-02-26,38.702405,38.936755,38.537493,38.849957,66222400
2010-03-01,39.023555,39.483577,39.014877,39.414139,77290100
2010-03-02,39.553023,39.796052,39.448869,39.535664,76368500
2010-03-03,39.631146,39.77002,39.431515,39.579067,65735500
2010-03-04,39.605108,39.761342,39.405477,39.709263,54470900
2010-03-05,40.004358,40.394942,39.917563,40.308144,68136300
2010-03-08,40.325508,40.481741,40.308148,40.386265,58712400
2010-03-09,40.299468,40.837603,40.27343,40.611935,98002800
2010-03-10,40.637979,41.037241,40.62062,40.941765,102578900
2010-03-11,40.846282,41.097988,40.776843,41.097988,67510300
2010-03-12,41.228188,41.254226,40.881002,41.106674,64068300
2010-03-15,41.019882,41.124039,40.716096,41.002525,60150500
2010-03-16,41.132721,41.323674,40.993847,41.262917,74950600
2010-03-17,41.323657,41.575367,41.254218,41.375732,75643500
2010-03-18,41.410456,41.558012,41.31498,41.514614,77829400
2010-03-19,41.637134,41.663203,41.115803,41.263515,86337100
2010-03-22,41.098406,41.802206,41.054962,41.637115,71902800
2010-03-23,41.697957,41.96731,41.5068,41.923866,59182600
2010-03-24,41.854346,41.854346,41.628436,41.724014,62995700
2010-03-25,42.071591,42.227991,41.619772,41.663216,76294800
2010-03-26,41.836977,41.993377,41.480733,41.706642,78067900
2010-03-29,41.91517,42.054192,41.793522,41.906479,57993300
2010-03-30,42.036814,42.184524,41.75877,42.045502,49437300
2010-03-31,41.915174,42.09764,41.767461,41.845661,59947400
2010-04-01,42.019439,42.314862,41.524173,41.845661,83728600
2010-04-05,41.941249,42.33225,41.828293,42.236671,56220300
2010-04-06,42.141085,42.488641,42.045507,42.358307,54097100
2010-04-07,42.297491,42.462579,42.028135,42.254047,77211500
2010-04-08,42.132384,42.419115,41.915162,42.349606,68314300
2010-04-09,42.358313,42.618979,42.254047,42.601601,54227300
2010-04-12,42.618971,42.749305,42.523392,42.636349,44280600
2010-04-13,42.592915,42.879646,42.453893,42.85358,59376000
2010-04-14,43.079487,43.374906,43.009974,43.366219,69004800
2010-04-15,43.331456,43.6095,43.331456,43.557369,72254200
2010-04-16,43.400984,43.548693,42.749317,43.036049,127388000
2010-04-19,42.879641,43.148997,42.488644,43.009975,98251700
2010-04-20,43.244555,43.340133,42.949133,43.227177,69543700
2010-04-21,43.522609,43.609496,43.201121,43.470474,74748700
2010-04-22,43.053407,43.757208,42.801429,43.713764,110477200
2010-04-23,43.705076,43.939676,43.52261,43.896233,77205200
2010-04-26,43.939689,44.009201,43.705089,43.800667,67361000
2010-04-27,43.626888,43.818045,42.758,42.870956,112608000
2010-04-28,43.096862,43.122931,42.558152,42.897018,130082100
2010-04-29,43.140322,43.731167,43.105566,43.644276,84180200
2010-04-30,43.626889,43.696401,42.749313,42.784069,110897000
2010-05-03,42.966529,43.592126,42.94915,43.383595,74169700
2010-05-04,42.853591,42.853591,41.776171,42.08028,141136500
2010-05-05,41.637124,42.141081,41.393837,41.863037,128560200
2010-05-06,41.576303,41.984681,37.049395,40.464127,274356800
2010-05-07,40.160031,40.663985,38.474385,39.45623,288200400
2010-05-10,41.211391,41.532879,41.107125,41.506813,136041600
2010-05-11,41.089738,42.045514,41.011537,41.46336,113016100
2010-05-12,41.689266,42.28011,41.619756,42.245354,85462400
2010-05-13,42.062892,42.39307,41.472047,41.576313,102844300
2010-05-14,41.263522,41.289588,40.299055,40.776943,147386100
2010-05-17,40.855119,41.072341,40.029674,40.907253,120969600
2010-05-18,41.254819,41.34171,40.160022,40.342487,153072100
2010-05-19,40.194771,40.516262,39.577861,40.020996,159000300
2010-05-20,39.238995,39.343261,38.448307,38.535194,189289800
2010-05-21,37.935661,39.656059,37.787951,38.960949,190631100
2010-05-24,38.943565,39.386699,38.787164,38.804543,113038000
2010-05-25,37.953039,38.891437,37.562039,38.839306,155643000
2010-05-26,39.108674,39.595253,38.335364,38.404877,140203200
2010-05-27,39.273754,39.873286,39.178176,39.855907,110671600
2010-05-28,39.925424,39.96018,39.273758,39.621311,128535300
2010-06-01,39.4736,40.186088,39.212934,39.256378,104242700
2010-06-02,39.482277,40.212143,39.212923,40.186077,97249300
2010-06-03,40.29904,40.637906,40.038375,40.568394,98928400
2010-06-04,39.708184,40.220828,39.047827,39.178162,112849900
2010-06-07,39.378019,39.499663,38.422243,38.465687,88436600
2010-06-08,38.535197,38.648154,37.874844,38.396175,133030100
2010-06-09,38.665525,39.021769,37.961724,38.07468,101949200
2010-06-10,38.543883,39.204237,38.439618,39.160793,76892300
2010-06-11,38.761102,39.569169,38.761102,39.534412,74346800
2010-06-14,39.899353,40.1774,39.456221,39.525734,68085000
2010-06-15,39.734267,40.637912,39.490979,40.585777,76332600
2010-06-16,40.472814,40.95939,40.403302,40.750858,78399700
2010-06-17,40.976754,40.994132,40.524932,40.881176,77111900
2010-06-18,40.958661,41.211116,40.79326,40.915134,75921400
2010-06-21,41.437448,41.507093,40.331872,40.566914,95488100
2010-06-22,40.741041,41.037023,40.175196,40.253544,94493400
2010-06-23,40.297068,40.453765,39.774745,40.088139,92397600
2010-06-24,39.914023,40.035901,39.348178,39.478756,114145900
2010-06-25,39.695959,39.826798,39.207503,39.486622,88740300
2010-06-28,39.486621,39.730849,39.085388,39.347061,71350000
2010-06-29,38.745212,38.780103,37.56768,37.829353,136384200
2010-06-30,37.707246,38.091034,37.19262,37.253677,101313200
2010-07-01,37.367064,37.471733,36.43376,37.149002,158695000
2010-07-02,37.21006,37.34962,36.71288,37.044334,78565300
2010-07-06,37.593838,37.829345,36.85243,37.157715,88591900
2010-07-07,37.279843,38.387594,37.244953,38.343983,72448400
2010-07-08,38.64925,38.710307,38.099734,38.553303,78264600
2010-07-09,38.535871,38.928383,38.448648,38.919659,47851200
2010-07-12,38.884763,39.277271,38.780091,39.033043,60927500
2010-07-13,39.373215,39.687225,39.076651,39.538944,93310500
2010-07-14,39.617465,39.957644,39.460463,39.739582,87687100
2010-07-15,39.661074,39.896581,39.242396,39.774464,95992500
2010-07-16,39.634893,39.800622,38.640532,38.675423,98831900
2010-07-19,38.788816,39.08538,38.466082,39.006878,81800800
2010-07-20,38.378849,39.477879,38.256735,39.477879,89061200
2010-07-21,39.896589,39.914031,38.867337,38.937115,83577000
2010-07-22,39.486621,40.105916,39.460455,39.922745,82890300
2010-07-23,39.652351,40.210588,39.582573,40.175701,81056100
2010-07-26,40.228019,40.524583,40.044848,40.507137,64850900
2010-07-27,40.681588,40.751369,40.306522,40.489693,67655600
2010-07-28,40.446088,40.629262,40.018689,40.166969,51988200
2010-07-29,40.402478,40.480981,39.469174,39.870407,85669500
2010-07-30,39.538933,40.201839,39.312147,39.957611,98958100
2010-08-02,40.463532,40.812432,40.306527,40.70776,68706800
2010-08-03,40.681586,40.733922,40.341411,40.533306,60856600
2010-08-04,40.716493,40.98689,40.559488,40.943275,43820600
2010-08-05,40.742633,40.925804,40.576908,40.847305,39150200
2010-08-06,40.402483,40.864773,40.166976,40.78627,71339200
2010-08-09,40.995599,41.161324,40.812428,41.06538,26927600
2010-08-10,40.73393,40.951991,40.367584,40.70776,86694500
2010-08-11,40.03613,40.053572,39.434277,39.600006,92219700
2010-08-12,38.841152,39.460449,38.771374,39.285999,66000200
2010-08-13,39.137713,39.303442,38.998154,39.006878,46387300
2010-08-16,38.814983,39.347054,38.640533,39.076656,55472900
2010-08-17,39.355779,39.931462,39.277277,39.573841,56927100
2010-08-18,39.495332,39.966346,39.347051,39.730839,61835400
2010-08-19,39.495348,39.652352,38.867332,39.129005,82969500
2010-08-20,39.067931,39.277268,38.849869,39.18132,65806700
2010-08-23,39.425561,39.547675,38.780097,38.797543,69612200
2010-08-24,38.352693,38.483528,37.916569,38.073574,79095800
2010-08-25,37.803186,38.605652,37.742129,38.439926,87247900
2010-08-26,38.570767,38.65799,37.942748,37.977638,91199000
2010-08-27,38.256755,38.518429,37.480456,38.439926,109568800
2010-08-30,38.256747,38.596922,38.029961,38.038685,49373200
2010-08-31,37.83807,38.248024,37.66362,37.907848,72066900
2010-09-01,38.466088,39.172609,38.439922,39.041771,83523100
2010-09-02,39.111537,39.495324,39.015589,39.477879,41816800
2010-09-03,39.914011,40.140797,39.73084,40.132072,64041100
2010-09-07,39.966348,40.149519,39.800622,39.861679,51195200
2010-09-08,39.975073,40.515865,39.966349,40.341415,66879800
2010-09-09,40.699045,40.733935,40.402481,40.498428,61476400
2010-09-10,40.542029,40.707755,40.341413,40.646698,66995700
2010-09-13,40.960709,41.31833,40.943263,41.213661,64523400
2010-09-14,41.161321,41.606169,41.065377,41.388107,91405800
2010-09-15,41.28345,41.693403,41.161332,41.649792,67108200
2010-09-16,41.571286,41.850404,41.466617,41.815514,66885800
2010-09-17,42.088279,42.088279,41.747307,41.957138,76372600
2010-09-20,42.11451,42.778971,42.062054,42.691544,84475000
2010-09-21,42.71778,42.988808,42.499208,42.682808,82272000
2010-09-22,42.507968,42.857685,42.333109,42.569168,88315900
2010-09-23,42.289391,42.980081,42.245678,42.551678,85040000
2010-09-24,43.032539,43.443453,42.971339,43.417225,79495900
2010-09-27,43.390987,43.495901,43.146184,43.181156,43859800
2010-09-28,43.28607,43.312301,42.481725,43.16367,104922900
2010-09-29,43.102461,43.303547,42.936347,43.093719,81679200
2010-09-30,43.312315,43.574601,42.621625,42.901398,122458600
2010-10-01,43.259836,43.30355,42.647833,42.848919,77675400
2010-10-04,42.726516,42.883888,42.140744,42.385544,71359900
2010-10-05,42.866421,43.504653,42.840194,43.417225,99301300
2010-10-06,43.364746,43.460918,42.761487,43.04126,81831200
2010-10-07,43.286078,43.312309,42.840192,43.19865,75693300
2010-10-08,43.216127,43.600813,42.910127,43.495899,83223900
2010-10-11,43.52212,43.73195,43.382233,43.513378,46880000
2010-10-12,43.44345,43.898081,43.067506,43.810654,88571700
2010-10-13,44.090408,44.37018,43.959263,44.169094,71122900
2010-10-14,44.19532,44.274006,43.863089,44.081661,68464000
2010-10-15,44.623724,45.025896,44.265265,45.017155,104654000
2010-10-18,45.025902,45.218247,44.851044,44.851044,72399400
2010-10-19,44.431389,44.851047,44.081672,44.431389,105739800
2010-10-20,44.553797,45.087114,44.47511,44.754883,80861400
2010-10-21,45.034646,45.209504,44.40516,44.842304,85885400
2010-10-22,44.851023,45.191995,44.772337,45.148281,47406900
2010-10-25,45.33191,45.664141,45.33191,45.366882,51413900
2010-10-26,45.139559,45.59419,44.955956,45.489273,60498300
2010-10-27,45.253236,45.664153,45.165808,45.629181,57483400
2010-10-28,45.821514,45.856487,45.323169,45.725342,61220000
2010-10-29,45.72534,45.891457,45.611681,45.620426,46668700
2010-11-01,45.786545,46.118776,45.445572,45.655403,60555600
2010-11-02,46.031349,46.276149,45.970149,46.145004,48137500
2010-11-03,46.188703,46.372303,45.777786,46.354816,126225800
2010-11-04,46.861919,47.089236,46.774491,46.923119,84201000
2010-11-05,46.94935,47.045522,46.783232,46.923119,77937100
2010-11-08,46.844428,47.063,46.730769,46.984314,39623500
2010-11-09,47.167911,47.246597,46.520935,46.730766,66828700
2010-11-10,46.791965,47.010537,46.424762,46.966824,83553700
2010-11-11,46.258646,46.756991,46.040074,46.669563,85163600
2010-11-12,46.424755,46.660813,45.55921,45.908924,99164300
2010-11-15,46.144991,46.232422,45.716591,45.734077,56723400
2010-11-16,45.410589,45.68162,44.457614,44.982189,101097000
2010-11-17,45.008417,45.349389,44.894758,45.113331,77836200
2010-11-18,45.602942,46.153745,45.576715,45.839001,71488300
2010-11-19,45.777794,45.97888,45.585449,45.873966,54506100
2010-11-22,45.690381,46.258671,45.611695,46.258671,69918900
2010-11-23,45.786536,45.856481,45.261964,45.52425,76818300
2010-11-24,45.970136,46.555908,45.952649,46.442249,53444200
2010-11-26,46.145002,46.451006,46.04883,46.136261,23640300
2010-11-29,46.075045,46.249903,45.550469,46.101273,89269100
2010-11-30,45.620427,46.11003,45.35814,45.54174,118862100
2010-12-01,46.214935,46.739507,46.197449,46.503448,81758800
2010-12-02,46.573406,47.045523,46.520947,46.975578,56844600
2010-12-03,46.774487,47.159173,46.774487,47.097973,38014200
2010-12-06,47.10671,47.16791,46.931851,47.080479,39312000
2010-12-07,47.648786,47.666272,47.054269,47.106728,59067300
2010-12-08,47.229119,47.342778,46.940602,47.281578,48066900
2010-12-09,47.570098,47.596326,47.167926,47.325298,51679800
2010-12-10,47.465187,47.6925,47.290328,47.640045,44696200
2010-12-13,47.82364,47.858612,47.447695,47.473923,53110200
2010-12-14,47.596317,47.753689,47.412717,47.561348,69884800
2010-12-15,47.535113,47.82363,47.237854,47.351513,76951900
2010-12-16,47.395222,47.788653,47.264081,47.718712,65519400
2010-12-17,47.778282,47.900925,47.664398,47.760761,36844200
2010-12-20,47.84837,47.971013,47.4454,47.795811,48159600
2010-12-21,47.979778,48.0849,47.848373,48.0849,35775400
2010-12-22,48.067372,48.146214,47.997292,48.076134,35766500
2010-12-23,47.988526,48.067368,47.839604,47.953487,21664800
2010-12-27,47.81332,48.058605,47.489189,47.979763,29263700
2010-12-28,48.076145,48.111183,47.787056,47.892178,24160500
2010-12-29,48.02356,48.093643,47.944718,47.99728,24132700
2010-12-30,47.997288,48.006046,47.787041,47.883404,27553300
2010-12-31,47.822105,47.848385,47.489216,47.708221,38540100
2011-01-03,48.154968,48.785702,48.137447,48.452816,90994300
2011-01-04,48.628018,48.663059,48.111164,48.417774,43851500
2011-01-05,48.268852,48.847027,48.242573,48.82951,43787400
2011-01-06,48.882091,49.022255,48.776969,48.987213,46139600
2011-01-07,49.074802,49.101082,48.461586,48.943398,72261700
2011-01-10,48.838272,49.214962,48.68935,49.127361,55551800
2011-01-11,49.328865,49.372665,49.013496,49.19746,56663800
2011-01-12,49.433971,49.547855,49.232487,49.547855,51979300
2011-01-13,49.582875,49.696759,49.416432,49.565357,47364500
2011-01-14,49.582893,49.950825,49.460251,49.933304,43867400
2011-01-18,49.55661,50.134785,49.48653,50.073463,65805600
2011-01-19,50.161064,50.161064,49.337604,49.504047,67767200
2011-01-20,49.293808,49.363888,48.776954,49.153645,92357800
2011-01-21,49.398919,49.486523,48.750664,48.776943,59673300
2011-01-24,48.873317,49.460251,48.776954,49.451492,64103300
2011-01-25,49.2062,49.539089,49.101078,49.521568,55305100
2011-01-26,49.591629,49.915757,49.451466,49.784355,60547700
2011-01-27,49.942047,50.239895,49.863205,50.090973,53656100
2011-01-28,50.082235,50.126038,48.592998,48.820763,123359900
2011-01-31,48.890838,49.197445,48.522907,49.057281,70571300
2011-02-01,49.425213,50.090992,49.372653,49.977108,76952900
2011-02-02,49.871979,50.082222,49.793136,49.898258,48661000
2011-02-03,49.801892,50.055939,49.407684,49.985859,45341900
2011-02-04,49.977108,50.301236,49.845707,50.266197,47647800
2011-02-07,50.362564,50.783055,50.283722,50.502728,45627100
2011-02-08,50.520237,50.870647,50.423877,50.835606,38099900
2011-02-09,50.756752,50.914437,50.590309,50.747993,62540800
2011-02-10,50.415119,50.896931,50.36256,50.826851,70194700
2011-02-11,50.67791,51.229805,50.60783,51.194763,47853500
2011-02-14,51.194779,51.387505,51.14222,51.317425,48506100
2011-02-15,51.194763,51.308647,51.010799,51.247326,39723800
2011-02-16,51.378746,51.720394,51.361225,51.580231,53061700
2011-02-17,51.326179,51.659069,51.291138,51.562706,38361900
2011-02-18,51.562702,51.659065,51.256092,51.448818,44334300
2011-02-22,50.748005,50.92321,49.880741,49.959583,92598100
2011-02-23,49.959584,50.134789,49.171165,49.547855,97842900
2011-02-24,49.652973,49.95958,49.17992,49.810658,98716100
2011-02-25,50.090996,50.564049,50.038433,50.502728,54094600
2011-02-28,50.704208,50.853131,50.309997,50.607845,51402800
2011-03-01,50.826844,50.826844,49.670494,49.793137,91993900
2011-03-02,49.766872,50.380085,49.749351,50.055958,61552900
2011-03-03,50.520241,51.133457,50.520241,51.045856,64146600
2011-03-04,51.028324,51.037083,50.45015,50.783039,62328400
2011-03-07,50.993279,51.037079,49.644203,50.099735,98470000
2011-03-08,50.038425,50.528999,49.731819,50.301231,62399100
2011-03-09,50.117268,50.16983,49.688018,49.959583,84764200
2011-03-10,49.398914,49.512798,48.978424,49.179909,102894400
2011-03-11,48.899597,49.635456,48.899597,49.486534,81679400
2011-03-14,49.214973,49.574143,48.934646,49.311337,73565800
2011-03-15,47.86589,48.899598,47.716968,48.610512,101276500
2011-03-16,48.207524,48.479092,47.103737,47.436626,176507700
2011-03-17,48.190011,48.391499,47.419113,47.874645,94434500
2011-03-18,48.442236,48.442236,47.731655,47.766747,94887200
2011-03-21,48.494872,48.933501,47.810611,48.68787,57423000
2011-03-22,48.758046,48.784363,48.494866,48.60014,36162100
2011-03-23,48.424704,49.012466,48.091345,48.872105,60365100
2011-03-24,49.240537,49.845844,48.968585,49.740574,69502400
2011-03-25,49.898487,50.196755,49.766897,49.863396,74131100
2011-03-28,50.082697,50.091468,49.565114,49.591431,37824000
2011-03-29,49.477396,50.073933,49.328261,50.073933,47994800
2011-03-30,50.319577,50.380985,50.073945,50.310802,44935900
2011-03-31,50.223075,50.424844,50.13535,50.380981,50004300
2011-04-01,50.635381,50.793287,50.258159,50.407291,68031800
2011-04-04,50.547644,50.60028,50.02129,50.240604,48659100
2011-04-05,50.144108,50.433605,50.003746,50.109016,55349400
2011-04-06,50.495015,50.644147,49.942341,50.231834,49532100
2011-04-07,50.214311,50.530122,49.83709,50.196766,60697000
2011-04-08,50.424838,50.503792,49.696715,49.959892,42782200
2011-04-11,50.152889,50.258162,49.617764,49.793213,42451700
2011-04-12,49.565125,49.687941,49.258086,49.45108,50422800
2011-04-13,49.819532,50.003756,49.477402,49.872166,49979800
2011-04-14,49.530022,49.85461,49.328253,49.784428,53544100
2011-04-15,49.591439,49.889707,49.372124,49.696712,68530000
2011-04-18,49.196685,49.363363,48.529966,49.345818,69065000
2011-04-19,49.477402,49.652851,49.214222,49.652851,38608400
2011-04-20,50.530103,50.828371,50.468695,50.775738,67397500
2011-04-21,51.267012,51.293332,51.02138,51.179287,43666800
2011-04-25,51.223139,51.337184,51.12664,51.310867,25376800
2011-04-26,51.44245,51.784581,51.328406,51.600357,49400000
2011-04-27,51.696861,52.012675,51.460001,51.951267,56465500
2011-04-28,51.793361,51.960039,51.653,51.872314,48100000
2011-04-29,51.775816,52.012677,51.740725,51.828453,44831200
2011-05-02,51.907398,52.056534,51.600359,51.731949,48149400
2011-05-03,51.705635,51.758272,51.17051,51.48632,38100000
2011-05-04,51.512649,51.644236,50.97752,51.407375,53097200
2011-05-05,51.152972,51.731963,50.951203,51.126652,72200000
2011-05-06,51.635465,51.933734,51.152974,51.293335,72507000
2011-05-09,51.38105,51.68809,51.179281,51.48632,40022000
2011-05-10,51.635467,52.003915,51.565285,51.924961,38053600
2011-05-11,51.846001,52.030228,51.196832,51.547733,61900000
2011-05-12,51.38984,51.924965,51.091571,51.854786,66100000
2011-05-13,51.731951,51.819675,51.223139,51.240685,63506600
2011-05-16,51.003822,51.161729,50.240608,50.354652,73115300
2011-05-17,50.091492,50.503804,49.986221,50.495033,63136000
2011-05-18,50.424864,51.003855,50.363456,50.91613,42351100
2011-05-19,51.074021,51.179291,50.749433,51.065247,35015800
2011-05-20,51.012612,51.065245,50.60907,50.679253,44703300
2011-05-23,49.986231,50.135366,49.696737,49.933594,43700000
2011-05-24,50.056396,50.065167,49.617766,49.626537,39314800
2011-05-25,49.565121,50.056387,49.538804,49.819527,41369000
2011-05-26,49.6704,50.266937,49.661629,50.126575,40564100
2011-05-27,50.214303,50.433618,50.170438,50.380981,30127200
2011-05-31,50.854678,51.196808,50.591497,51.196808,47590100
2011-06-01,51.074014,51.196829,50.038848,50.08271,51795000
2011-06-02,50.179225,50.363448,49.907273,50.187996,50198100
2011-06-03,49.608993,49.994989,49.363361,49.43354,57773700
2011-06-06,49.319492,49.59144,49.003678,49.029995,50175600
2011-06-07,49.161583,49.354578,48.907177,48.942268,46311100
2011-06-08,48.836997,48.924725,48.451005,48.591366,46426400
2011-06-09,48.608922,48.915961,48.451015,48.679104,45307500
2011-06-10,48.451017,48.547516,47.889571,47.933434,53740600
2011-06-13,47.95975,48.187839,47.766756,47.933434,37736800
2011-06-14,48.301865,48.661541,48.275545,48.547497,40565300
2011-06-15,48.082567,48.380836,47.529893,47.626392,59022400
2011-06-16,47.652694,47.810601,47.038612,47.442154,66316200
2011-06-17,47.829904,48.005746,47.152899,47.293575,70337000
2011-06-20,47.161682,47.680425,47.161682,47.539749,37402900
2011-06-21,47.706823,48.612428,47.504601,48.559673,55892800
2011-06-22,48.357433,48.638785,48.199172,48.207966,36833300
2011-06-23,47.689228,48.682752,47.530967,48.656376,80743300
2011-06-24,48.427791,48.471752,47.715617,47.812332,56298300
2011-06-27,47.865073,48.82343,47.759567,48.577248,49968900
2011-06-28,48.682747,49.307,48.612411,49.298206,47028800
2011-06-29,49.412514,49.59715,49.148746,49.500435,65407300
2011-06-30,49.676277,50.195021,49.649902,50.159851,50347200
2011-07-01,50.18624,50.986336,50.045561,50.915997,53203900
2011-07-05,50.968742,51.223715,50.845651,51.170963,43128800
2011-07-06,51.109415,51.425937,50.94236,51.338013,49282700
2011-07-07,51.724882,52.190871,51.645752,52.041401,54799800
2011-07-08,51.592991,51.909513,51.32043,51.900719,69519500
2011-07-11,51.355587,51.619354,50.784088,50.959934,52080800
2011-07-12,50.951153,51.056659,50.520331,50.573086,84000700
2011-07-13,50.942376,51.294068,50.599478,50.784115,82378100
2011-07-14,50.915976,51.153368,50.00158,50.195011,98774200
2011-07-15,50.757725,50.863232,50.388452,50.863232,68281500
2011-07-18,50.581885,50.810486,50.098311,50.590679,59512200
2011-07-19,51.074248,51.786422,51.074248,51.742458,73904600
2011-07-20,52.032616,52.041407,51.434742,51.522663,57085500
2011-07-21,51.575397,52.155686,51.294045,51.865543,70148800
2011-07-22,51.839185,52.489814,51.804016,52.40189,43620400
2011-07-25,51.98864,52.586514,51.891924,52.296368,48916100
2011-07-26,52.261209,52.604111,52.155703,52.428265,40918900
2011-07-27,52.085361,52.129321,50.942364,51.074249,83969500
2011-07-28,51.100636,51.812811,50.898415,51.162182,61031900
2011-07-29,50.748935,51.531446,50.502749,50.995117,82860500
2011-08-01,51.610587,51.716093,50.142277,50.757736,85421100
2011-08-02,50.520326,50.748927,49.421294,49.474049,90853300
2011-08-03,49.5356,50.010383,48.665165,49.948837,103612300
2011-08-04,49.236667,49.315798,47.627682,47.627682,132830000
2011-08-05,48.11125,48.383808,46.001106,47.328739,214111800
2011-08-08,45.878011,46.704482,44.480042,44.480042,204804500
2011-08-09,45.148277,46.669342,43.899777,46.625378,193707100
2011-08-10,45.570288,46.634151,44.664683,44.717438,205917900
2011-08-11,45.359293,47.205668,45.139487,46.686924,143825300
2011-08-12,46.977045,47.390282,46.493471,47.100136,90483300
2011-08-15,47.293576,47.794735,47.064976,47.794735,73554300
2011-08-16,47.328755,47.78595,46.757257,47.390301,89219200
2011-08-17,47.451811,47.84746,46.616546,47.108913,84416600
2011-08-18,45.834053,45.842844,44.383329,44.796566,130019400
2011-08-19,44.330588,45.429621,43.952523,43.98769,96674600
2011-08-22,45.042758,45.051552,44.014065,44.145947,77107700
2011-08-23,44.444878,45.965939,44.260241,45.965939,75688400
2011-08-24,45.834059,46.414348,45.464782,46.326424,80197700
2011-08-25,46.300046,46.511061,45.412029,45.57029,93623700
2011-08-26,45.42082,46.871545,44.972416,46.713284,91573300
2011-08-29,47.17928,48.067297,47.161695,48.014545,45985800
2011-08-30,47.838698,48.621209,47.574931,48.331066,61617900
2011-08-31,48.621195,49.008057,48.005736,48.410183,60900400
2011-09-01,48.533281,48.92014,47.882653,47.970577,57158400
2011-09-02,47.108936,48.014538,46.590192,46.845165,58185700
2011-09-06,45.75494,46.92431,45.64064,46.853973,52992200
2011-09-07,47.522162,48.049699,47.39028,48.040905,48952200
2011-09-08,47.794723,48.506893,47.662837,47.821098,61422800
2011-09-09,47.486996,47.689221,46.467094,46.75724,63663500
2011-09-12,46.238508,47.390295,46.220923,47.355125,65973000
2011-09-13,47.530969,48.084879,47.302368,47.988167,59020000
2011-09-14,48.234341,49.219073,47.759558,48.673954,90757300
2011-09-15,49.201501,49.482853,48.700342,49.394932,83536100
2011-09-16,49.504138,49.900524,49.407243,49.847672,91902100
2011-09-19,49.231096,50.129571,48.825903,49.865314,73042900
2011-09-20,50.120744,50.517127,49.530568,49.645081,66570100
2011-09-21,49.900537,50.147176,48.773038,48.781849,79938000
2011-09-22,47.539823,47.97144,46.465177,47.196289,151885500
2011-09-23,46.79992,47.900991,46.764685,47.698395,85940600
2011-09-26,47.936229,48.341426,46.870393,48.253338,96261400
2011-09-27,49.072537,49.504159,48.429512,48.755428,81148600
2011-09-28,48.966832,49.301559,47.918614,48.033123,76757100
2011-09-29,48.764231,48.825891,46.658984,47.460564,116900200
2011-09-30,46.826329,47.222715,46.209728,46.236156,104870100
2011-10-03,45.822167,46.553277,45.020588,45.047012,99149500
2011-10-04,44.588964,46.059996,44.130918,45.971909,137013700
2011-10-05,45.857403,47.28439,45.505059,47.15226,108825700
2011-10-06,47.090602,47.953841,46.870388,47.945034,71939200
2011-10-07,47.918622,48.147643,47.319639,47.627937,72525200
2011-10-10,48.438331,49.275143,48.350243,49.275143,48230200
2011-10-11,49.14301,49.733183,49.063733,49.609863,66449100
2011-10-12,50.085523,50.41144,49.821267,49.856499,85627600
2011-10-13,49.759607,50.376204,49.706755,50.314545,63443700
2011-10-14,50.931148,51.257064,50.658081,51.248257,65643600
2011-10-17,51.010416,51.16897,50.182411,50.455475,65161300
2011-10-18,50.376202,51.345147,49.909349,51.080891,91434600
2011-10-19,50.799007,50.957561,49.926961,50.094322,67639400
2011-10-20,50.085503,50.138352,49.142987,49.847672,80378300
2011-10-21,50.376215,50.790219,50.015064,50.47311,60455800
2011-10-24,50.658066,51.662246,50.481898,51.521309,61449500
2011-10-25,51.353938,51.371555,50.402614,50.508316,65299200
2011-10-26,50.790193,50.895894,49.51295,50.446659,98193800
2011-10-27,51.653442,52.146723,51.116119,51.838421,104455500
2011-10-28,51.547736,51.979354,51.530118,51.917694,42950000
2011-10-31,51.468465,51.653444,51.010419,51.045654,60520200
2011-11-01,49.785997,51.010386,49.433653,49.715527,99933000
2011-11-02,50.235258,50.34977,49.662703,50.138363,65003800
2011-11-03,50.534751,51.248246,49.953386,51.177776,78994200
2011-11-04,50.931146,51.133743,50.402633,50.913528,61527800
2011-11-07,50.878276,51.309897,50.35857,51.274662,65559000
2011-11-08,51.644627,51.952926,51.063262,51.864841,62906900
2011-11-09,50.860667,50.939944,49.882915,50.04147,69539000
2011-11-10,50.534758,50.578801,49.530582,50.015053,66052400
2011-11-11,50.446666,51.107309,50.385007,50.957561,54471000
2011-11-14,50.816626,51.0985,50.455475,50.640457,44617600
2011-11-15,50.490713,51.406805,50.437861,51.204208,52203900
2011-11-16,50.834237,51.230623,50.261683,50.358574,68342800
2011-11-17,50.226452,50.24407,48.869932,49.178234,101706900
2011-11-18,49.18706,49.239913,48.711397,48.799484,60417000
2011-11-21,48.138828,48.209294,47.37248,47.865761,52283700
2011-11-22,47.74246,48.165271,47.451775,48.024334,51940100
2011-11-23,47.663155,47.716005,46.914425,46.940853,48437300
2011-11-25,46.738247,47.275567,46.570882,46.579693,25448100
2011-11-28,47.716015,48.262149,47.68959,48.200489,46710700
2011-11-29,48.174057,48.535208,47.760056,47.900993,52056700
2011-11-30,49.204667,49.715562,49.037302,49.67152,66918600
2011-12-01,49.662712,50.147183,49.636284,50.015053,45362200
2011-12-02,50.508325,50.508325,49.830065,49.874107,36938900
2011-12-05,50.622835,50.754962,50.138361,50.420238,40492200
2011-12-06,50.464299,50.605236,50.111955,50.27932,38670000
2011-12-07,50.138379,50.508341,49.636291,50.27932,44576200
2011-12-08,49.953395,50.340974,49.336794,49.433689,51692600
2011-12-09,49.556995,50.376192,49.539381,50.226448,55757900
2011-12-12,49.697936,50.217642,49.239894,49.662704,55411700
2011-12-13,49.988623,50.19122,48.913977,49.116573,68557700
2011-12-14,48.931585,48.96682,48.077156,48.35022,63682800
2011-12-15,48.764228,48.817077,48.147628,48.218098,58732900
2011-12-16,48.47518,49.128938,48.386836,48.466347,60978900
2011-12-19,48.651872,48.766722,47.856761,47.989281,46733900
2011-12-20,48.766715,49.473478,48.740209,49.411636,81758800
2011-12-21,49.120101,49.15544,48.139469,48.70488,78552300
2011-12-22,48.810898,49.146612,48.74022,49.120106,40334100
2011-12-23,49.21729,49.54417,49.102443,49.54417,26594600
2011-12-27,49.507916,49.888131,49.454862,49.728973,21443500
2011-12-28,49.667075,49.746655,49.021589,49.154224,38180100
2011-12-29,49.233807,49.543286,49.074646,49.507919,28077900
2011-12-30,49.401806,49.622863,49.357596,49.36644,21832400
2012-01-03,50.321409,50.568992,50.179933,50.312569,39514100
2012-01-04,50.232983,50.595516,50.011926,50.524776,29403400
2012-01-05,50.418663,50.984568,50.224132,50.940357,41260600
2012-01-06,50.949205,51.232158,50.754677,51.11721,46325200
2012-01-09,51.249853,51.267538,50.781213,50.949215,39195500
2012-01-10,51.488593,51.638914,50.966898,51.320591,35949900
2012-01-11,51.311739,51.54164,51.117211,51.426689,37144100
2012-01-12,51.541637,51.700798,51.161419,51.630058,26188300
2012-01-13,51.355937,51.462044,51.002245,51.444359,35980400
2012-01-17,51.895321,52.134063,51.718478,51.913006,41790800
2012-01-18,52.010276,52.602711,51.886485,52.602711,48692700
2012-01-19,52.84145,53.02714,52.744187,52.929874,47774500
2012-01-20,52.699979,52.876826,52.664613,52.8503,41041700
2012-01-23,52.859141,53.239359,52.558503,52.867985,40958300
2012-01-24,52.629237,52.91219,52.531972,52.770714,38440200
2012-01-25,53.283563,53.566519,52.903348,53.433884,61591800
2012-01-26,53.663788,53.761054,52.991776,53.248203,37852700
2012-01-27,53.133244,53.504618,53.106719,53.407356,45532300
2012-01-30,52.956396,53.531145,52.753024,53.451565,42797800
2012-01-31,53.716828,53.814094,53.177449,53.522297,51449600
2012-02-01,53.831775,54.150098,53.637244,53.955566,46146700
2012-02-02,54.132444,54.300446,53.911387,54.1236,46373600
2012-02-03,54.627584,54.928221,54.539162,54.866325,36453800
2012-02-06,54.662967,54.839813,54.521491,54.822128,28541300
2012-02-07,54.777919,55.043187,54.530333,54.93708,37935700
2012-02-08,54.945906,55.228859,54.742534,55.228859,41171100
2012-02-09,55.441091,55.688673,55.105083,55.626778,46856400
2012-02-10,55.228865,55.388026,55.043178,55.237709,58090500
2012-02-13,55.653295,55.821301,55.396872,55.750561,36810200
2012-02-14,55.626754,55.900865,55.432222,55.892021,51648200
2012-02-15,56.157294,56.466776,55.414543,55.502968,105709100
2012-02-16,55.520661,56.325308,55.379185,56.263412,83642300
2012-02-17,56.272265,56.316476,55.838996,56.086578,76112300
2012-02-21,56.148462,56.49331,55.892035,56.245728,38141300
2012-02-22,56.139632,56.307634,55.909731,55.989311,43174700
2012-02-23,56.060053,56.422587,55.785942,56.360691,54250000
2012-02-24,56.519836,56.652472,56.41373,56.555206,41364900
2012-02-27,56.245719,56.820468,55.998136,56.634781,42678500
2012-02-28,56.687843,57.209534,56.617103,57.209534,43717500
2012-02-29,57.253744,57.439431,56.767416,56.95311,59784400
2012-03-01,57.165333,57.45713,56.997328,57.404072,67558900
2012-03-02,57.324482,57.545539,57.174165,57.359852,33358200
2012-03-05,57.324482,57.395222,56.58173,56.767414,45788800
2012-03-06,56.21035,56.342986,55.909713,56.21035,54638600
2012-03-07,56.475621,56.776259,56.3872,56.643623,42741800
2012-03-08,56.979638,57.421751,56.855846,57.253746,43711100
2012-03-09,57.351012,57.598595,57.315642,57.492485,43117200
2012-03-12,57.474814,57.572079,57.227231,57.519028,32687300
2012-03-13,57.828511,58.588947,57.713557,58.588947,61559100
2012-03-14,58.650832,59.013362,58.429775,58.792305,59926900
2012-03-15,58.969137,59.084084,58.668496,58.960293,65531200
2012-03-16,59.051535,59.051535,58.776961,58.918674,53023100
2012-03-19,59.016094,59.476677,58.856663,59.334957,60966200
2012-03-20,59.024964,59.503258,58.865532,59.441257,47290600
2012-03-21,59.450138,59.777854,59.370419,59.450138,39648100
2012-03-22,59.095823,59.467828,59.060393,59.326115,56953900
2012-03-23,59.396971,59.414689,58.954106,59.290688,45541700
2012-03-26,59.689262,60.326988,59.636121,60.326988,40855300
2012-03-27,60.371291,60.663576,60.344713,60.415573,37278200
2012-03-28,60.450988,60.68128,59.822122,60.176414,44421900
2012-03-29,59.875257,60.16755,59.520965,59.946117,53975300
2012-03-30,60.211838,60.247261,59.591824,59.830975,39480900
2012-04-02,59.768988,60.530709,59.662698,60.450996,40031600
2012-04-03,60.504134,60.716714,60.0967,60.433281,45539900
2012-04-04,59.981547,60.016977,59.264109,59.609543,54088100
2012-04-05,59.503269,60.034705,59.45898,59.981564,42979900
2012-04-09,59.237531,59.768974,59.131248,59.529823,36908200
2012-04-10,59.503276,59.733567,58.387255,58.573257,69254200
2012-04-11,59.086973,59.246405,58.70611,58.856682,62950000
2012-04-12,58.971817,59.591824,58.883245,59.529823,57407400
2012-04-13,59.326123,59.520977,58.599825,58.626396,55227500
2012-04-16,58.918677,58.954107,57.784945,57.970947,57588000
2012-04-17,58.218968,59.334981,58.13039,59.148979,47362400
2012-04-18,58.980691,59.343843,58.821266,58.998409,42536100
2012-04-19,58.785822,59.494401,58.121526,58.334099,81110900
2012-04-20,58.652969,58.909832,58.086103,58.174675,59906900
2012-04-23,57.625512,57.731802,57.120647,57.64323,70514400
2012-04-24,57.536931,57.776082,57.085208,57.333218,49661500
2012-04-25,58.520107,58.892112,58.431536,58.856682,57526900
2012-04-26,58.847824,59.334971,58.768105,59.20211,41799500
2012-04-27,59.450094,59.74238,59.140084,59.556377,46003800
2012-04-30,59.379236,59.494378,59.086944,59.131233,37787700
2012-05-01,59.06926,59.90184,58.980681,59.228691,37643800
2012-05-02,58.936416,59.441281,58.794696,59.396992,38299300
2012-05-03,59.432413,59.476702,58.617544,58.768116,51297600
2012-05-04,58.227811,58.768106,57.2978,57.306652,107554000
2012-05-07,56.961224,57.63438,56.943512,57.359806,50267800
2012-05-08,56.996641,57.342074,56.226058,57.147213,72659700
2012-05-09,56.482935,57.288948,56.252643,56.970085,85715300
2012-05-10,57.226935,57.244647,56.642354,56.854931,49448900
2012-05-11,56.660082,57.448381,56.606937,56.846085,47099900
2012-05-14,56.35893,56.757508,56.226069,56.314644,46360000
2012-05-15,56.465213,56.925789,56.031205,56.128635,66908600
2012-05-16,56.323501,56.491788,55.632634,55.747776,52825900
2012-05-17,55.765484,55.854059,54.560893,54.569752,62253900
2012-05-18,54.73803,54.879746,53.816871,53.86116,79496500
2012-05-21,53.967452,55.420046,53.896592,55.366901,61473000
2012-05-22,55.526326,55.756617,54.906318,55.304893,62954800
2012-05-23,54.835469,55.544051,54.357174,55.411194,56951100
2012-05-24,55.490918,55.54406,54.640616,55.048054,83131200
2012-05-25,55.101174,55.198605,54.817741,54.977173,32078900
2012-05-29,55.490916,55.93378,55.163194,55.676918,44216700
2012-05-30,55.17204,55.402328,54.631745,55.20747,56431800
2012-05-31,55.136618,55.278334,54.552037,54.96833,55260100
2012-06-01,53.976313,54.312891,53.489163,53.506878,71430800
2012-06-04,53.657459,53.994034,53.179165,53.914318,74119500
2012-06-05,53.728323,54.242047,53.701752,54.135757,47916900
2012-06-06,54.543183,55.420053,54.490038,55.375767,58781800
2012-06-07,55.960348,55.960348,55.110049,55.154335,38414800
2012-06-08,55.065761,55.756632,54.879759,55.685772,39730800
2012-06-11,56.110915,56.137489,54.711465,54.746895,51008900
2012-06-12,55.003756,55.437765,54.631752,55.411194,48802600
2012-06-13,55.251771,55.668061,54.844333,55.030338,50840100
2012-06-14,55.021478,55.455487,54.738045,55.234055,65170600
2012-06-15,55.387631,56.000191,55.360999,55.920292,41536100
2012-06-18,55.689486,56.58613,55.600711,56.444088,32191200
2012-06-19,56.728166,57.269703,56.683775,57.030003,36476500
2012-06-20,57.154301,57.322979,56.648279,57.074406,51389700
2012-06-21,57.03,57.092143,55.591822,55.653965,42492700
2012-06-22,55.8404,56.310914,55.689478,56.239891,29504200
2012-06-25,55.778247,55.795999,54.997013,55.156811,33136400
2012-06-26,55.343231,55.662827,55.094658,55.503029,30611100
2012-06-27,55.716099,56.088962,55.653956,55.840389,35705800
2012-06-28,55.423126,55.458638,54.633016,55.218941,49793400
2012-06-29,56.284266,56.958969,56.115589,56.958969,44761300
2012-07-02,57.038872,57.154279,56.701521,57.127647,33425600
2012-07-03,57.163151,57.607033,57.074375,57.607033,15895100
2012-07-05,57.55378,57.92664,57.243064,57.642555,37016200
2012-07-06,57.376225,57.429495,56.506219,56.92347,40684100
2012-07-09,56.861324,57.047753,56.532848,56.816933,35628300
2012-07-10,57.127654,57.269699,56.035703,56.257645,47365700
2012-07-11,56.186611,56.33753,55.485277,55.946915,43432000
2012-07-12,55.503044,55.653963,54.91712,55.423145,57680400
2012-07-13,55.574051,56.390796,55.538543,56.26651,32357200
2012-07-16,56.142216,56.390789,55.884764,56.106705,27621400
2012-07-17,56.461828,56.586118,55.600699,56.399685,42467800
2012-07-18,56.293142,57.331828,56.275386,57.163151,44489700
2012-07-19,57.562644,57.979894,57.456117,57.793465,53017800
2012-07-20,57.775728,57.793481,57.003371,57.030003,40573100
2012-07-23,55.920289,56.532845,55.494159,56.337536,48657800
2012-07-24,56.435187,56.515086,55.529667,55.89365,57269700
2012-07-25,55.458651,55.884777,55.174566,55.520794,46264400
2012-07-26,56.319788,56.57724,55.902541,56.257645,41928200
2012-07-27,56.666022,57.695826,56.497345,57.589298,42621000
2012-07-30,57.73134,57.979913,57.349601,57.54491,37821300
2012-07-31,57.633669,57.86449,57.473871,57.527142,34588300
2012-08-01,57.935512,57.953264,57.127643,57.358463,30920200
2012-08-02,56.923468,57.72245,56.737035,57.154282,40534900
2012-08-03,58.07756,58.485931,57.873378,58.237358,42117400
2012-08-06,58.539205,58.938696,58.414919,58.681244,23523600
2012-08-07,58.929817,59.409211,58.841042,59.169518,28223300
2012-08-08,59.018585,59.267158,58.920931,59.142872,20723500
2012-08-09,59.13399,59.400322,59.027455,59.320419,20726200
2012-08-10,59.10735,59.373675,58.956431,59.355923,20312000
2012-08-13,59.338161,59.506839,59.036325,59.497959,19890300
2012-08-14,59.719919,59.844212,59.355939,59.524616,24218700
2012-08-15,59.480235,59.76432,59.471356,59.675545,29100400
2012-08-16,59.89748,60.518912,59.826457,60.385746,35699900
2012-08-17,60.518899,60.660945,60.37686,60.652065,22584800
2012-08-20,60.607698,60.749743,60.368004,60.740864,26924000
2012-08-21,60.900655,61.149228,60.261463,60.501163,41391000
2012-08-22,60.367979,60.865125,60.199301,60.749718,44555700
2012-08-23,60.474501,60.669803,60.092762,60.25256,28800400
2012-08-24,60.110526,60.76747,60.012871,60.625431,38384800
2012-08-27,60.882893,60.962788,60.589929,60.723095,20671400
2012-08-28,60.669824,60.891766,60.465642,60.723095,27337900
2012-08-29,60.723095,60.874013,60.465642,60.723095,26672400
2012-08-30,60.456766,60.483398,60.012884,60.110538,24425400
2012-08-31,60.545522,60.767463,59.897458,60.510017,42128000
2012-09-04,60.394628,60.678712,59.853091,60.447891,32017200
2012-09-05,60.421257,60.67871,60.225948,60.385746,26129300
2012-09-06,60.758616,61.744035,60.740857,61.726276,43100000
2012-09-07,61.584233,61.744031,61.459947,61.637497,32958600
2012-09-10,61.477686,61.610852,60.802983,60.847374,25490000
2012-09-11,60.856252,61.095945,60.652063,60.749718,29810100
2012-09-12,60.971671,61.087078,60.554421,60.92728,42203400
2012-09-13,60.980552,62.019235,60.918409,61.752903,45417800
2012-09-14,61.974831,62.525248,61.957079,62.303307,38880300
2012-09-17,62.338839,62.356592,62.108019,62.32996,31798400
2012-09-18,62.170174,62.409875,62.161295,62.383236,27169800
2012-09-19,62.374325,62.658409,62.196768,62.498611,36484600
2012-09-20,62.196781,62.498625,62.028111,62.436481,42520200
2012-09-21,62.748092,62.801507,62.391972,62.454292,23678500
2012-09-24,61.937889,62.196075,61.804343,62.089237,32341600
2012-09-25,62.249522,62.391973,61.190074,61.216782,41299600
2012-09-26,61.136641,61.172254,60.406598,60.718201,32770400
2012-09-27,60.869548,61.697523,60.76271,61.555073,25339500
2012-09-28,61.350304,61.537265,60.994184,61.0476,30112600
2012-10-01,61.341419,61.724247,60.762725,60.958591,37715300
2012-10-02,61.225686,61.412654,60.655897,61.136658,33254300
2012-10-03,61.305834,61.644144,61.06545,61.528408,38236000
2012-10-04,61.626299,61.911193,61.430433,61.742035,26128600
2012-10-05,62.053643,62.142678,61.252382,61.412636,25207900
2012-10-08,61.056517,61.181158,60.709302,60.851746,30911500
2012-10-09,60.691502,60.842851,59.738886,59.881336,67974000
2012-10-10,59.863508,60.032666,59.471782,59.578613,45134300
2012-10-11,60.023772,60.06829,59.35605,59.391663,30469400
2012-10-12,59.382763,59.70327,59.249224,59.36496,24891200
2012-10-15,59.587532,59.881331,59.231412,59.801201,22220100
2012-10-16,59.890204,60.71818,59.872401,60.646961,33960600
2012-10-17,60.335385,60.807248,60.255262,60.611382,33439400
2012-10-18,60.4155,60.611366,59.685457,59.908031,61707600
2012-10-19,59.836811,59.890227,58.403434,58.474659,75362600
2012-10-22,58.447969,58.92873,58.314423,58.777374,38621500
2012-10-23,58.296607,58.71504,58.03842,58.216476,52591200
2012-10-24,58.545888,58.643821,57.922676,58.011711,39872400
2012-10-25,58.412342,58.510275,57.842553,58.011711,52688700
2012-10-26,58.011699,58.421235,57.557646,58.180851,54213100
2012-10-31,58.109651,58.216489,57.628897,57.824757,38524500
2012-11-01,58.189761,58.75955,58.020603,58.643814,26945000
2012-11-02,58.910907,58.94652,57.967195,58.020611,44083000
2012-11-05,58.029516,58.519181,57.904875,58.403439,28094700
2012-11-06,58.501364,58.9109,58.27879,58.510269,29608400
2012-11-07,57.887061,57.958286,56.889933,57.13031,70737800
2012-11-08,57.290565,57.424111,56.231113,56.231113,58585800
2012-11-09,56.266736,57.076906,56.231124,56.471504,51542100
2012-11-12,56.800907,56.863227,56.311244,56.462593,32663700
2012-11-13,56.026355,56.605049,55.892809,56.070869,43288300
2012-11-14,56.346855,56.409175,55.323013,55.412045,82655300
2012-11-15,55.447653,55.634617,55.020311,55.225079,55124200
2012-11-16,55.26961,55.625727,54.584082,55.465473,70873100
2012-11-19,56.070852,56.827606,56.053046,56.783089,55306400
2012-11-20,56.765291,56.88103,56.257822,56.800903,52012700
2012-11-21,56.863211,56.996753,56.62283,56.91663,19611700
2012-11-23,57.237139,57.798023,57.201526,57.78022,16462900
2012-11-26,57.637782,58.065127,57.459725,58.029514,26430900
2012-11-27,58.020595,58.225366,57.7357,57.833633,25828600
2012-11-28,57.557672,58.376743,57.201552,58.332226,37295800
2012-11-29,58.643834,58.884212,58.385648,58.679447,41136100
2012-11-30,58.688317,58.732834,58.412327,58.581486,33497400
2012-12-03,59.035545,59.088967,58.439048,58.465755,28240000
2012-12-04,58.492458,58.554779,58.04731,58.430138,49584500
2012-12-05,58.341104,58.350009,57.468618,57.78022,54076200
2012-12-06,57.602173,58.29661,57.450825,58.15416,47512300
2012-12-07,58.439052,58.501372,57.611076,57.806942,30089400
2012-12-10,57.646677,58.278787,57.646677,57.976089,33219600
2012-12-11,58.376741,59.062266,58.332223,58.732861,40750800
2012-12-12,59.044463,59.044463,58.447966,58.608219,45917700
2012-12-13,58.492486,58.902029,57.895989,58.145271,45467700
2012-12-14,57.753527,57.940488,57.397407,57.593273,39630300
2012-12-17,57.646674,58.376716,57.56655,58.358913,42302900
2012-12-18,58.652733,59.338265,58.49248,59.249237,55596000
2012-12-19,59.418389,59.436199,58.955438,58.991051,34832500
2012-12-20,59.097882,59.124597,58.697251,58.991051,40754300
2012-12-21,58.084143,58.442247,57.833473,58.370625,51152900
2012-12-24,58.218423,58.316902,58.119945,58.254234,11418300
2012-12-26,58.298999,58.352712,57.555936,57.743938,21751300
2012-12-27,57.797649,57.869271,56.938205,57.654411,52933200
2012-12-28,57.21573,57.681263,57.07249,57.099346,33082100
2012-12-31,57.036689,58.415382,56.920308,58.307949,57544000
2013-01-02,59.740384,60.188011,59.51657,60.161148,70695900
2013-01-03,60.161124,60.286459,59.668738,59.847786,47366500
2013-01-04,59.874647,59.874647,59.507596,59.650833,33972500
2013-01-07,59.498639,59.767218,59.310636,59.668739,26766200
2013-01-08,59.659782,59.820928,59.239011,59.552349,28734900
2013-01-09,59.641882,59.937311,59.579215,59.776165,25600300
2013-01-10,60.187982,60.223786,59.579208,60.134262,37528000
2013-01-11,60.107422,60.241712,59.982087,60.214855,21158600
2013-01-14,59.910463,60.116374,59.686649,59.946274,36768500
2013-01-15,59.650833,59.740364,59.382261,59.650833,31675300
2013-01-16,59.731409,60.09846,59.623976,59.892555,33822300
2013-01-17,60.13427,60.411803,60.035791,60.179035,32024200
2013-01-18,59.999989,60.107422,59.776175,60.044754,31992000
2013-01-22,60.107419,60.187996,59.740368,60.14323,32123100
2013-01-23,60.48342,60.689332,60.393896,60.510277,31975700
2013-01-24,59.677692,60.232746,59.588161,59.677692,42596300
2013-01-25,59.865705,60.152187,59.749318,59.982086,39240100
2013-01-28,59.991044,60.322284,59.919422,60.116379,32926100
2013-01-29,60.044752,60.259611,59.650837,60.125328,35554700
2013-01-30,60.232741,60.411797,59.865691,59.999973,34445000
2013-01-31,59.973126,60.295418,59.81198,59.8657,34870500
2013-02-01,60.28646,60.680375,60.044745,60.572948,53120800
2013-02-04,60.22379,60.39389,59.498635,59.516544,48483700
2013-02-05,59.77617,60.581901,59.632933,60.393898,35120300
2013-02-06,60.196934,60.474467,60.017886,60.196934,43593200
2013-02-07,60.268566,60.313331,59.58817,60.250664,46017900
2013-02-08,60.555028,60.993701,60.546074,60.868366,39837200
2013-02-11,60.904182,60.931039,60.680368,60.88628,17650400
2013-02-12,60.805706,60.922094,60.572945,60.635612,22057900
2013-02-13,60.814672,61.083251,60.671428,60.850483,23494700
2013-02-14,60.572955,60.922104,60.537144,60.832573,24478800
2013-02-15,60.823615,60.975807,60.483414,60.653515,25333600
2013-02-19,60.769924,61.110125,60.752022,61.092216,23436500
2013-02-20,61.074299,61.101155,60.143233,60.152187,38200300
2013-02-21,59.928354,59.991022,59.292724,59.507584,45855600
2013-02-22,59.847812,60.116392,59.615044,60.107437,21968000
2013-02-25,60.492361,60.70722,59.310625,59.364338,40927600
2013-02-26,59.444932,59.695602,59.051017,59.588169,42088800
2013-02-27,59.58816,60.563992,59.507591,60.196934,36339500
2013-02-28,60.205891,60.644564,60.062647,60.071602,28557300
2013-03-01,59.865706,60.429714,59.57027,60.322281,31617200
2013-03-04,60.125321,60.599805,60.044745,60.590851,19380500
2013-03-05,60.948944,61.566665,60.948944,61.486095,35581900
2013-03-06,61.674137,61.692046,61.253366,61.333942,29071100
2013-03-07,61.405556,61.593565,61.28022,61.495087,21775900
2013-03-08,61.700967,61.790491,61.324961,61.566677,26159900
2013-03-11,61.48611,61.763637,61.298108,61.745735,23187900
2013-03-12,61.566666,61.70991,61.226472,61.521908,27575400
2013-03-13,61.602507,61.674129,61.226501,61.44136,34297300
2013-03-14,61.656209,61.781545,61.512965,61.647255,31530800
2013-03-15,61.691213,61.727107,61.323306,61.475857,30752600
2013-03-18,60.910532,61.592502,60.775938,61.341251,36163000
2013-03-19,61.529701,61.646351,60.677243,61.224613,33125100
2013-03-20,61.655319,61.78992,61.368175,61.655319,28035400
2013-03-21,61.089995,61.242539,60.811819,60.955395,30050800
2013-03-22,61.206687,61.592538,61.134899,61.547668,28837200
2013-03-25,61.745059,61.87966,61.027202,61.323315,24909800
2013-03-26,61.556613,61.67327,61.422012,61.655319,19725200
2013-03-27,61.233584,61.780954,61.143853,61.736092,22539500
2013-03-28,61.736094,61.969394,61.592518,61.888638,23662800
2013-04-01,61.933461,61.996273,61.29636,61.466854,28112800
2013-04-02,61.763013,62.157832,61.709168,61.95145,29431900
2013-04-03,61.987335,62.077066,61.233577,61.386127,35131200
2013-04-04,61.359222,61.556635,61.072077,61.404091,32287400
2013-04-05,60.434993,60.982363,60.291424,60.892632,55610800
2013-04-08,60.919529,61.233592,60.740066,61.215649,17891600
2013-04-09,61.377179,61.87968,61.099003,61.628429,30931400
2013-04-10,61.843764,62.965422,61.80787,62.830822,55271300
2013-04-11,62.678284,62.947485,62.606496,62.803909,37233600
2013-04-12,62.651344,62.803888,62.283444,62.759026,32783700
2013-04-15,62.525726,62.624432,61.448937,61.520718,48795800
2013-04-16,61.870697,62.409099,61.745072,62.337311,27682600
2013-04-17,61.798891,61.816834,60.757988,61.11692,60204800
2013-04-18,61.278442,61.314336,60.013208,60.273434,56798200
2013-04-19,60.390075,61.224589,60.300337,61.098957,43062800
2013-04-22,61.314357,61.951459,61.090026,61.727127,34412100
2013-04-23,62.077065,62.543671,61.754026,62.31934,53078300
2013-04-24,62.166802,62.516759,62.023233,62.292427,44500700
2013-04-25,62.453945,62.857746,62.44497,62.624439,26437100
2013-04-26,62.471905,62.606499,62.157835,62.427036,24079800
2013-04-29,62.624437,63.243594,62.597518,63.001312,31664000
2013-04-30,63.082074,63.467925,62.848768,63.45895,30135800
2013-05-01,63.476916,63.575623,63.037228,63.162853,28537200
2013-05-02,63.270529,64.096068,63.216685,63.961468,31744200
2013-05-03,64.580625,64.912631,64.526787,64.715225,34061700
2013-05-06,64.831884,65.065191,64.778046,64.966484,19244300
2013-05-07,65.074157,65.119026,64.688306,64.930588,25838100
2013-05-08,64.89468,65.298474,64.786998,65.244637,24252100
2013-05-09,65.119021,65.594603,65.02929,65.154915,29337200
2013-05-10,65.289488,65.576632,65.172831,65.549713,20663700
2013-05-13,65.442063,65.79202,65.37925,65.630501,29730100
2013-05-14,65.648442,66.168887,65.621517,65.971474,36009800
2013-05-15,65.845838,66.168876,65.684319,66.106064,27214400
2013-05-16,66.159942,66.491948,65.998422,66.034309,27253400
2013-05-17,66.375282,66.698321,66.159926,66.671402,31114500
2013-05-20,66.545728,66.788004,66.303446,66.572647,25132400
2013-05-21,66.536811,66.886768,66.303504,66.644485,25900000
2013-05-22,66.725184,67.254604,65.720176,66.061165,59843200
2013-05-23,65.477933,66.132977,65.352307,65.908646,48222100
2013-05-24,65.468941,65.890685,65.289478,65.872742,26430300
2013-05-28,66.644456,66.886738,66.097093,66.303474,27057100
2013-05-29,66.043248,66.222717,65.612535,65.98941,32090300
2013-05-30,66.01634,66.653441,65.998397,66.339378,32390500
2013-05-31,66.088127,66.590628,65.657407,65.729195,38347600
2013-06-03,65.738181,65.863806,64.993398,65.845856,47613100
2013-06-04,65.980427,66.240652,65.235644,65.504845,35251900
2013-06-05,65.289498,65.540749,64.598553,64.652397,48654200
2013-06-06,64.742152,64.975459,64.13197,64.966484,62524100
2013-06-07,65.235655,65.9266,65.074136,65.854813,31969800
2013-06-10,65.98042,66.186808,65.738145,65.881714,25390000
2013-06-11,65.226677,65.809934,65.002345,65.226677,40278900
2013-06-12,65.60358,65.630499,64.37424,64.472946,42081900
2013-06-13,64.383188,65.433058,64.203725,65.28949,28221500
2013-06-14,65.289507,65.361288,64.760081,64.858788,27690700
2013-06-17,65.370282,65.863814,65.14595,65.486938,32441900
2013-06-18,65.576651,66.15094,65.558701,66.025314,24853100
2013-06-19,66.043241,66.115029,65.217702,65.28949,43145100
2013-06-20,64.535738,64.751101,63.521761,63.737118,60908400
2013-06-21,63.713727,63.88476,62.867569,63.39867,51558900
2013-06-24,62.876543,63.254611,62.24643,62.768528,41492300
2013-06-25,63.371668,63.479684,62.840567,63.227638,28897400
2013-06-26,63.76772,63.91175,63.542679,63.794731,23742300
2013-06-27,64.127815,64.469883,64.028797,64.064804,23545000
2013-06-28,63.866733,64.53286,63.72271,64.154785,28301100
2013-07-01,64.58688,65.081974,64.487861,64.550873,24942800
2013-07-02,64.523873,64.973956,64.226817,64.577881,23067900
2013-07-03,64.343834,65.14498,64.289819,64.838921,18847500
2013-07-05,65.207992,65.361019,64.685895,65.334015,28795900
2013-07-08,65.676068,65.703071,65.15397,65.397018,20558500
2013-07-09,65.703106,65.937151,65.397053,65.793121,26108600
2013-07-10,65.730079,66.270184,65.694079,66.171165,25598900
2013-07-11,66.882296,67.539413,66.837285,67.485405,47768900
2013-07-12,67.530434,67.82749,67.350403,67.782486,31412600
2013-07-15,67.854452,67.980475,67.665418,67.935471,19783600
2013-07-16,67.989528,68.043535,67.674471,67.845505,31747100
2013-07-17,68.052533,68.178555,67.827491,68.016525,24631500
2013-07-18,68.007535,68.178562,67.737482,67.845505,36278800
2013-07-19,67.26039,67.27839,66.945333,67.143364,37732400
2013-07-22,67.395415,67.494434,67.134366,67.3414,21135900
2013-07-23,67.467416,67.476419,66.792291,66.846306,24739500
2013-07-24,67.503419,67.530423,66.909313,67.06234,24426900
2013-07-25,67.377383,67.566417,67.026319,67.485405,23162200
2013-07-26,67.215385,67.854501,67.107369,67.845505,20885600
2013-07-29,67.710456,67.998509,67.539422,67.71946,20958400
2013-07-30,67.962479,68.367551,67.827453,68.079498,24104600
2013-07-31,68.214555,68.601626,68.079529,68.205551,25007600
2013-08-01,68.67364,68.9977,68.601625,68.898682,16880000
2013-08-02,68.907691,69.303759,68.754658,69.285759,18105300
2013-08-05,69.24973,69.384756,69.114704,69.330742,15462800
2013-08-06,69.240755,69.303766,68.637645,68.916695,23675400
2013-08-07,68.71865,68.925691,68.295578,68.790665,20281200
2013-08-08,69.168729,69.294759,68.682646,69.132729,19994000
2013-08-09,69.015691,69.258739,68.655623,68.853661,18558500
2013-08-12,68.592645,69.141747,68.583648,69.015724,20515900
2013-08-13,69.105699,69.555782,68.610613,69.402756,23917000
2013-08-14,69.375761,69.47478,69.042697,69.141716,29921000
2013-08-15,68.367572,68.40358,67.773467,67.971504,39406600
2013-08-16,67.980504,68.295568,67.827478,67.944504,23825000
2013-08-19,67.953499,68.529605,67.809476,67.827477,29586900
2013-08-20,67.953501,68.439591,67.899493,68.124535,18842800
2013-08-21,67.908495,68.493597,67.638442,67.890488,30705100
2013-08-22,68.187562,68.601637,68.151554,68.556633,17269500
2013-08-23,69.042728,69.105739,68.772682,69.015724,20697300
2013-08-26,69.069727,69.564814,68.907697,69.05172,27525500
2013-08-27,68.232556,68.574616,67.476413,67.638443,40068900
2013-08-28,67.557445,68.187558,67.557445,67.899506,20490400
2013-08-29,67.881507,68.718655,67.782489,68.376595,27287900
2013-08-30,68.448564,68.448564,67.692422,67.935471,26228500
2013-09-03,68.493582,68.808646,67.998495,68.322556,27241500
2013-09-04,68.556633,69.168739,68.349591,69.05172,27142900
2013-09-05,69.096701,69.366746,69.069697,69.168709,17809700
2013-09-06,69.402767,69.618805,68.457597,69.249741,27715100
2013-09-09,69.546812,70.176925,69.519808,70.059906,25161900
2013-09-10,70.464943,70.500951,70.140883,70.401932,27619400
2013-09-11,69.933903,70.311971,69.843881,70.26696,28132900
2013-09-12,70.284928,70.437954,70.077886,70.221916,18332700
2013-09-13,70.293964,70.338975,69.888892,70.26696,16932500
2013-09-16,70.861043,70.861043,69.915866,70.077896,25704300
2013-09-17,70.230911,70.63599,70.194911,70.545975,27174300
2013-09-18,70.653985,71.53615,70.509962,71.39212,31714700
2013-09-19,71.617171,71.734197,71.437141,71.563164,26435700
2013-09-20,71.732885,71.814146,71.28145,71.317566,26328900
2013-09-23,71.61553,71.696792,70.839062,71.173126,30319400
2013-09-24,71.326612,71.552329,70.938378,71.173126,21871300
2013-09-25,71.227323,71.326639,70.784919,70.929375,22746400
2013-09-26,71.21827,71.65165,71.191185,71.480103,22421700
2013-09-27,71.064775,71.51621,70.956429,71.389809,25151600
2013-09-30,70.649465,71.407871,70.423747,71.218269,28031900
2013-10-01,71.2273,71.976683,71.191184,71.940567,33129700
2013-10-02,71.452995,72.012776,71.380764,71.91346,25503800
2013-10-03,71.823182,71.976668,70.694596,71.073799,42998200
2013-10-04,71.073809,71.787075,71.010608,71.687759,22852700
2013-10-07,71.055773,71.642639,71.028688,71.091888,20227100
2013-10-08,71.091878,71.155078,69.692436,69.719521,43660700
2013-10-09,69.882018,69.918134,68.934004,69.502815,64526700
2013-10-10,70.252205,71.137019,70.234151,70.974503,48062700
2013-10-11,70.793942,71.588464,70.784911,71.534294,25214100
2013-10-14,71.091864,72.039879,71.037694,72.039879,31471900
2013-10-15,71.985727,72.328815,71.669717,71.76001,38684000
2013-10-16,72.094059,72.608694,72.039889,72.572578,46735900
2013-10-17,72.247533,73.014976,72.184332,72.987885,32193500
2013-10-18,73.656042,74.197762,73.448379,74.170677,39628200
2013-10-21,74.342176,74.522754,74.098405,74.333153,31176900
2013-10-22,74.622114,74.847831,73.972047,74.441536,43944800
2013-10-23,74.080367,74.215791,73.628932,73.990074,38021300
2013-10-24,74.035199,74.468579,73.926853,74.315086,23155100
2013-10-25,75.010333,75.190904,74.486668,74.847816,35824500
2013-10-28,74.856829,74.98323,74.531795,74.865852,28618400
2013-10-29,75.11865,75.172826,74.667215,74.992249,36878100
2013-10-30,75.254078,75.380479,74.558872,74.920021,33535500
2013-10-31,74.730428,75.208954,74.468602,74.748489,31309900
2013-11-01,75.001319,75.091604,74.396398,74.766571,30867800
2013-11-04,74.992264,75.001294,74.61306,74.874893,16834000
2013-11-05,74.585974,75.136724,74.369287,74.956146,27975600
2013-11-06,75.272167,75.299252,74.694331,74.938103,25576800
2013-11-07,74.947113,75.055453,73.466409,73.52961,52173200
2013-11-08,73.800506,74.540859,73.59285,74.522804,31470500
2013-11-11,74.414442,74.613074,74.16164,74.405418,24822900
2013-11-12,74.179717,74.631151,74.143601,74.522804,20108500
2013-11-13,74.035225,75.434675,74.035225,75.425644,31345900
2013-11-14,75.22702,75.71457,75.064504,75.6604,31101200
2013-11-15,75.678439,75.80484,75.488837,75.80484,20511300
2013-11-18,75.786789,75.940275,74.920036,75.064491,31679600
2013-11-19,75.019357,75.380506,74.721415,74.847816,25545300
2013-11-20,75.046462,75.326349,74.450565,74.667252,32177400
2013-11-21,74.98324,75.488844,74.92004,75.425644,28125000
2013-11-22,75.55203,75.859002,75.49786,75.831917,25361300
2013-11-25,76.10279,76.184045,75.822903,76.012505,21695100
2013-11-26,76.030549,76.599353,75.868032,76.409752,26621000
2013-11-27,76.563248,76.960506,76.500048,76.942451,21638100
2013-11-29,77.249423,77.502225,77.168168,77.402916,16708900
2013-12-02,77.49318,77.61055,77.0598,77.177177,26354600
2013-12-03,77.123045,77.321677,76.816073,77.114021,37147000
2013-12-04,76.788938,77.438997,76.54516,77.186195,37193200
2013-12-05,77.249446,77.339738,76.897328,77.086929,39829300
2013-12-06,77.736953,77.809184,77.276488,77.646667,36842900
2013-12-09,77.9627,78.125217,77.827268,77.9627,22590000
2013-12-10,77.8363,78.052987,77.755045,77.908531,26965900
2013-12-11,77.899503,78.00785,76.798002,76.906349,36830600
2013-12-12,76.93342,77.123021,76.653533,76.707703,33662600
2013-12-13,77.068871,77.104987,76.482005,76.608406,34072000
2013-12-16,76.987599,77.475149,76.933429,77.032745,24902500
2013-12-17,77.032758,77.22236,76.73481,76.879272,24454900
2013-12-18,76.969542,77.845325,75.886102,77.773094,68387200
2013-12-19,77.646705,77.655735,77.213325,77.556419,44964100
2013-12-20,77.703165,78.50927,77.648823,78.346237,40475400
2013-12-23,78.989251,79.170403,78.753758,79.170403,28181800
2013-12-24,79.188546,79.261006,79.043625,79.206657,13852500
2013-12-26,79.351587,79.532731,79.197613,79.46933,15241100
2013-12-27,79.568983,79.614273,79.170463,79.270088,15827400
2013-12-30,79.152321,79.261012,78.925887,79.152321,18983700
2013-12-31,79.297254,79.668602,79.270076,79.668602,24890500
2014-01-02,79.29726,79.324431,78.817214,79.043648,29177500
2014-01-03,79.043626,79.116087,78.454903,78.473015,35723700
2014-01-06,78.491136,78.581708,77.893346,78.183182,32073100
2014-01-07,78.545472,79.025512,78.400551,78.907768,25860600
2014-01-08,78.925883,79.297239,78.753791,79.079857,27197400
2014-01-09,79.369684,79.378744,78.545468,78.817184,23674700
2014-01-10,79.007392,79.161365,78.418662,79.070793,38008900
2014-01-13,78.96213,79.233854,77.603525,77.90242,48842300
2014-01-14,78.165067,79.451211,78.165067,79.38781,37178900
2014-01-15,79.731986,80.193913,79.650473,80.03994,39835600
2014-01-16,79.976535,80.166739,79.849732,80.048988,31630100
2014-01-17,79.804476,80.039969,79.405949,79.596153,36895800
2014-01-21,80.103364,80.239219,79.532745,80.202995,26412700
2014-01-22,80.411293,80.610556,80.1758,80.411293,29376900
2014-01-23,80.166743,80.175796,79.578013,80.139572,35011900
2014-01-24,79.750134,79.867877,78.536443,78.563614,63974600
2014-01-27,78.563626,78.699488,77.21408,77.802811,63519300
2014-01-28,77.440516,77.839043,77.268424,77.757523,44378800
2014-01-29,77.087258,77.657869,76.770251,76.924225,51939300
2014-01-30,77.866198,78.617961,77.784678,78.346237,65833600
2014-01-31,77.476695,78.509234,77.395175,78.137878,45187000
2014-02-03,77.992976,78.346213,76.145273,76.344536,65596900
2014-02-04,76.734013,77.214052,76.498519,76.906105,37675500
2014-02-05,76.652514,76.97858,75.846409,76.706863,41721800
2014-02-06,76.933287,77.784675,76.915168,77.685043,32308600
2014-02-07,78.119767,79.125135,77.893333,79.070793,38359400
2014-02-10,79.043643,79.559913,78.989301,79.523689,30205400
2014-02-11,79.695761,80.583386,79.605189,80.429413,38635500
2014-02-12,80.592426,80.764511,80.338814,80.583366,32507200
2014-02-13,79.99464,81.244554,79.976528,81.181152,40454500
2014-02-14,81.154004,81.525359,80.909458,81.344208,33212400
2014-02-18,81.480057,81.896695,81.280794,81.742722,29546600
2014-02-19,81.588738,81.778942,81.01812,81.181152,41749900
2014-02-20,81.235534,81.715573,80.89135,81.5616,41814800
2014-02-21,81.824252,81.942002,81.353272,81.452904,31192200
2014-02-24,81.643082,82.258983,81.552509,81.887634,31500400
2014-02-25,82.005396,82.168429,81.534409,81.797073,26771700
2014-02-26,82.01446,82.277118,81.398559,81.724625,42953700
2014-02-27,81.736462,82.336727,81.609133,82.254875,28742400
2014-02-28,82.236641,82.72777,81.436287,82.163879,48609800
2014-03-03,81.390825,81.772819,80.826942,81.554535,38885700
2014-03-04,82.445839,82.745974,82.36398,82.591354,33189000
2014-03-05,82.727777,82.964248,82.554971,82.818726,27203300
2014-03-06,83.009727,83.073392,82.445844,82.745979,24063900
2014-03-07,83.009757,83.091615,81.918363,82.336731,31167800
2014-03-10,82.291253,82.454962,81.881975,82.409485,18131700
2014-03-11,82.609565,82.818745,81.809203,82.054771,27484300
2014-03-12,81.681853,82.409453,81.381725,82.363976,27977200
2014-03-13,82.673231,82.700515,80.826954,81.199844,48542000
2014-03-14,80.936081,81.290784,80.608662,80.645042,38732300
2014-03-17,81.16343,81.772798,81.11796,81.354424,28467200
2014-03-18,81.454518,82.436776,81.427234,82.336731,31250200
2014-03-19,82.36398,82.454935,81.354438,81.891045,40869400
2014-03-20,81.636392,82.363984,81.472682,82.118423,31634500
2014-03-21,82.588792,82.634374,80.975306,81.130272,62754000
2014-03-24,81.421983,81.485793,79.680876,80.41925,77735300
2014-03-25,80.83856,81.358158,80.009023,80.683594,41723300
2014-03-26,81.08471,81.267029,79.635307,79.644424,40930400
2014-03-27,79.534978,79.890492,78.76014,79.197693,64784500
2014-03-28,79.452988,80.227827,79.133931,79.352715,39895100
2014-03-31,79.972569,80.455703,79.872295,79.91787,33924300
2014-04-01,80.309851,81.376393,79.954337,81.321701,38683800
2014-04-02,81.668118,81.750164,81.166755,81.531387,34631600
2014-04-03,81.613389,81.750127,80.419227,80.884132,30319100
2014-04-04,81.421989,81.504034,78.523176,78.732841,131213200
2014-04-07,78.240584,78.969841,77.438393,77.985344,83995800
2014-04-08,78.076507,78.814882,77.803032,78.70549,51495700
2014-04-09,78.997187,80.100193,78.787521,80.054611,45685200
2014-04-10,80.109323,80.109323,77.356366,77.575142,73659600
2014-04-11,76.882312,77.885051,76.490341,76.672653,93657400
2014-04-14,77.347243,77.684528,76.563287,77.274315,46500700
2014-04-15,77.556902,77.976227,75.916063,77.529556,84631500
2014-04-16,78.204117,78.559631,77.56601,78.559631,46970900
2014-04-17,78.258808,78.969836,78.05826,78.577858,53719500
2014-04-21,78.760159,79.161247,78.395527,79.161247,25947900
2014-04-22,79.434746,79.990808,79.298008,79.79026,38593400
2014-04-23,79.790267,79.817613,79.042774,79.088356,34376700
2014-04-24,80.391891,80.41012,78.988063,79.84494,48926300
2014-04-25,79.370925,79.462081,78.377311,78.568741,44334000
2014-04-28,78.942446,79.407352,77.584201,78.823944,58623800
2014-04-29,79.061002,79.598829,78.678135,79.45298,36742700
2014-04-30,79.088338,79.744674,78.88779,79.662628,38689400
2014-05-01,79.790274,80.355454,79.589726,79.899666,37127200
2014-05-02,80.173108,80.318964,79.562354,79.753784,40074200
2014-05-05,79.27977,80.191346,79.08834,80.173111,27924400
2014-05-06,80.045495,80.091076,79.097455,79.133919,33698500
2014-05-07,79.297991,79.380037,77.967091,78.906013,67489100
2014-05-08,78.623434,79.79025,78.441121,78.833099,46556900
2014-05-09,78.787531,79.179509,78.258815,79.124817,35081500
2014-05-12,79.598822,80.455706,79.525895,80.42836,38951100
2014-05-13,80.501291,80.774767,80.328096,80.483063,30311900
2014-05-14,80.236915,80.537737,79.872291,80.063721,26483600
2014-05-15,80.045492,80.18223,78.924258,79.434738,59680300
2014-05-16,79.525889,79.999912,78.978944,79.95433,66804100
2014-05-19,79.717325,80.638019,79.580594,80.510399,32017000
2014-05-20,80.473944,80.765649,79.890536,80.218704,33716000
2014-05-21,80.364541,81.029987,80.318959,80.984406,36837700
2014-05-22,81.075555,81.567806,80.947935,81.339912,30617100
2014-05-23,81.421961,81.950677,81.239649,81.932442,22687300
2014-05-27,82.297102,82.971666,82.224174,82.953438,29725200
2014-05-28,82.926083,83.044585,82.634379,82.698189,30468100
2014-05-29,82.989902,83.236024,82.825818,83.226913,33036100
2014-05-30,83.245148,83.363651,82.798478,83.236031,29906400
2014-06-02,83.336258,83.354494,82.62523,83.153946,30409900
2014-06-03,82.880511,83.254261,82.771127,83.117523,21774500
2014-06-04,82.907846,83.564182,82.780226,83.427444,20118300
2014-06-05,83.500389,84.284346,83.217803,84.129379,35583100
2014-06-06,84.439294,84.612495,84.27521,84.612495,22680600
2014-06-09,84.630737,84.758364,84.320804,84.548698,23399500
2014-06-10,84.475766,84.740124,84.375492,84.69455,20626000
2014-06-11,84.402832,84.79481,84.320794,84.676308,22878200
2014-06-12,84.493999,84.585156,83.618887,83.910591,35275900
2014-06-13,84.275203,84.366366,83.792068,84.1567,39447100
2014-06-16,84.010861,84.47576,83.828541,84.229637,25212300
2014-06-17,84.165823,84.503102,84.029085,84.275208,19977900
2014-06-18,84.357229,84.867709,83.846748,84.749207,34514000
2014-06-19,84.876862,84.931554,84.311682,84.69455,38422200
2014-06-20,84.730185,84.885575,84.574802,84.794167,25897500
2014-06-23,84.785035,84.839874,84.556528,84.812454,20837900
2014-06-24,84.803325,85.525407,84.483418,84.730202,31945800
2014-06-25,84.538217,85.41568,84.529081,85.26944,32818600
2014-06-26,85.324312,85.333455,84.657078,85.31517,22563900
2014-06-27,85.205494,85.708204,85.178074,85.689926,22877800
2014-06-30,85.671626,86.046373,85.61678,85.836151,19751900
2014-07-01,86.137781,87.00611,86.101219,86.777603,31862500
2014-07-02,86.832473,87.051837,86.750214,86.923874,18777300
2014-07-03,87.207183,87.472244,86.969534,87.472244,15291700
2014-07-07,87.371732,87.481418,87.042689,87.207214,23266400
2014-07-08,87.042688,87.10667,85.799613,86.156082,40612400
2014-07-09,86.384559,86.896411,86.137768,86.795868,29919000
2014-07-10,85.680751,86.878129,85.580208,86.52166,44245300
2014-07-11,86.741039,87.079224,86.47597,87.079224,19566300
2014-07-14,87.472249,87.801299,87.326009,87.600212,19579000
2014-07-15,87.737328,87.865291,86.677061,87.298599,39467500
2014-07-16,87.92925,88.020658,87.554503,87.645905,22052600
2014-07-17,87.408268,87.719041,86.210897,86.485107,43111500
2014-07-18,86.932987,87.901852,86.832444,87.856155,36682200
2014-07-21,87.673344,87.892715,87.335159,87.746468,29750700
2014-07-22,88.157769,88.441121,88.066367,88.304016,25770400
2014-07-23,88.614772,88.971241,88.450247,88.870705,28947500
2014-07-24,89.026098,89.126642,88.642209,88.770172,24707200
2014-07-25,88.313181,88.541687,87.956711,88.422859,29898900
2014-07-28,88.514268,88.678793,87.764767,88.450287,25603400
2014-07-29,88.642226,88.843305,88.221768,88.294891,27022200
2014-07-30,88.788437,88.952962,88.294862,88.642197,35348500
2014-07-31,87.910996,88.057237,86.72276,86.850723,50047900
2014-08-01,86.667936,87.143226,85.954997,86.53083,60708000
2014-08-04,86.71363,87.463131,86.393716,87.124939,33230500
2014-08-05,86.77761,87.024394,86.055528,86.457695,50331100
2014-08-06,85.918402,86.932971,85.845278,86.393692,34431900
2014-08-07,86.795876,86.960401,85.817869,86.119499,33274700
2014-08-08,86.256611,86.841586,85.890999,86.741043,40236900
2014-08-11,87.079224,87.527102,87.015243,87.252892,28277500
2014-08-12,87.161507,87.444853,86.768476,87.216347,28152300
2014-08-13,87.57279,88.17605,87.527093,88.139488,27996500
2014-08-14,88.25835,88.61482,88.139529,88.596542,25006600
2014-08-15,89.108374,89.236337,88.185213,89.026115,55205500
2014-08-18,89.492268,89.793891,89.364298,89.711632,38938300
2014-08-19,89.921845,90.269179,89.867005,90.214333,21363400
2014-08-20,90.141216,90.397142,90.05895,90.214333,23435600
2014-08-21,90.26005,90.442853,90.122945,90.397156,19339500
2014-08-22,90.43372,90.717066,90.232633,90.534264,24692000
2014-08-25,90.963843,91.11009,90.6348,90.854164,24124700
2014-08-26,90.991276,91.046115,90.735343,90.945572,20100400
2014-08-27,90.972987,91.07353,90.7719,90.963844,15589100
2014-08-28,90.65306,90.972967,90.561659,90.863289,23563900
2014-08-29,91.064379,91.320312,90.73533,91.201485,17906300
2014-09-02,91.420841,91.493965,91.091798,91.466545,18326800
2014-09-03,91.71334,91.71334,90.762759,90.927284,25950700
2014-09-04,91.137504,91.60366,90.61651,90.845016,24663500
2014-09-05,90.982117,91.356864,90.515962,91.302025,30798200
2014-09-08,91.329461,91.704214,91.055257,91.475708,25571300
2014-09-09,91.484835,91.823027,90.543389,90.717056,36449200
2014-09-10,90.835865,91.503107,90.579939,91.466545,31080100
2014-09-11,91.073533,91.439144,90.707921,91.39344,28691900
2014-09-12,91.311173,91.338593,90.643932,90.927284,30444400
2014-09-15,91.02782,91.036962,89.775609,90.049812,32972200
2014-09-16,89.711606,91.009521,89.620205,90.835854,38166900
2014-09-17,90.817602,91.402578,90.42457,90.972984,37196500
2014-09-18,91.256297,91.667612,91.15576,91.65847,30196700
2014-09-19,92.041472,92.133091,91.235218,91.6017,46918000
2014-09-22,91.38183,91.390994,90.35569,90.749657,48658000
2014-09-23,90.383147,90.905381,90.319013,90.502251,33989600
2014-09-24,90.593868,91.519232,90.282363,91.473419,35959000
2014-09-25,91.180235,91.299346,89.512751,89.5494,68642500
2014-09-26,89.842585,90.667167,89.686833,90.502251,56106200
2014-09-29,89.604364,90.630504,89.558552,90.383133,33342700
2014-09-30,90.630525,90.978685,90.080806,90.511421,41834300
2014-10-01,90.254875,90.346494,88.779792,89.063812,58164900
2014-10-02,89.027163,89.338675,87.927726,89.063812,54501300
2014-10-03,89.586065,90.309864,89.27456,89.943382,41627800
2014-10-06,90.227412,90.447298,89.476128,89.750984,36038700
2014-10-07,89.329499,89.586033,88.468268,88.477432,45154000
2014-10-08,88.523257,90.483925,88.01018,90.199898,64931600
2014-10-09,90.080808,90.309858,88.605725,88.743156,62497100
2014-10-10,88.220924,88.715673,86.507627,86.525955,77579400
2014-10-13,86.370188,87.029853,85.09667,85.169968,80835900
2014-10-14,85.701364,86.278568,84.940917,85.179131,71814500
2014-10-15,83.896447,84.986727,82.677899,84.62941,108847800
2014-10-16,82.842833,84.821829,82.815348,84.09803,93165800
2014-10-17,85.206604,86.022021,84.711855,85.206604,69546700
2014-10-20,85.197429,86.553408,85.023356,86.48011,41479300
2014-10-21,87.552107,88.752335,87.332221,88.752335,53609800
2014-10-22,89.027168,89.146279,88.239236,88.294212,39178000
2014-10-23,89.182947,90.117476,89.027195,89.622726,48123800
2014-10-24,89.815128,90.419824,89.45781,90.35569,43157600
2014-10-27,90.181578,90.584708,89.805933,90.419792,29545700
2014-10-28,90.841242,91.803248,90.777109,91.784927,34495100
2014-10-29,91.482587,91.729965,90.795437,91.445938,40552800
2014-10-30,91.033655,91.858237,90.83209,91.638344,35935800
2014-10-31,93.15923,93.223363,92.600347,92.902695,54254100
2014-11-03,93.067612,93.424929,92.93018,93.177551,33481000
2014-11-04,92.884356,93.104249,92.233855,92.866035,22773300
2014-11-05,93.479879,93.479879,92.554515,92.875191,25818600
2014-11-06,92.866063,93.195896,92.462933,93.168411,24671900
2014-11-07,93.333338,93.369987,92.600375,93.08596,20931700
2014-11-10,93.131759,93.534883,92.884381,93.415779,20360000
2014-11-11,93.434083,93.708939,93.177541,93.708939,15454000
2014-11-12,93.333309,93.974646,93.333309,93.873863,22050300
2014-11-13,94.047966,94.625169,93.837236,94.277016,28027800
2014-11-14,94.249514,94.570183,93.938002,94.570183,19251300
2014-11-17,94.350297,94.561019,93.83722,94.286163,23361600
2014-11-18,94.368637,95.119921,94.359473,94.991653,26336800
2014-11-19,94.890853,94.890853,94.121248,94.56102,23760200
2014-11-20,94.157894,95.064937,94.084603,94.982475,22874000
2014-11-21,95.825361,95.916987,94.863355,95.165703,34049100
2014-11-24,95.422222,95.953619,95.33976,95.907806,17928300
2014-11-25,96.054428,96.338455,95.807057,96.054428,17526000
2014-11-26,96.146054,96.732421,96.045271,96.677444,18973800
2014-11-28,96.934003,97.34629,96.869869,97.126404,17360400
2014-12-01,96.860693,97.04393,95.669629,96.026947,35969500
2014-12-02,96.127701,96.585801,95.926136,96.411728,26031300
2014-12-03,96.558346,96.723262,95.981142,96.585831,32974300
2014-12-04,96.494196,96.915647,96.136878,96.540009,31008800
2014-12-05,96.695767,96.842355,96.338449,96.549171,25622200
2014-12-08,96.301786,96.723237,95.358101,95.862007,32685800
2014-12-09,94.744254,96.237658,94.405258,96.16436,46035100
2014-12-10,95.9903,96.228515,94.478576,94.652649,39330100
2014-12-11,94.927505,96.237672,94.909177,95.101585,47576000
2014-12-12,94.194559,95.275676,94.057135,94.066292,46889400
2014-12-15,94.551855,94.900016,92.829402,93.0951,52968400
2014-12-16,92.508736,93.883036,91.583372,91.6017,65348600
2014-12-17,91.665845,93.534887,91.546734,93.269196,79715300
2014-12-18,94.606842,95.523042,94.350307,95.513878,49840900
2014-12-19,95.612295,96.320395,95.373193,95.934158,51419900
2014-12-22,95.777799,96.20082,95.731815,96.173233,33869200
2014-12-23,96.522688,96.531886,95.722621,95.832977,30156900
2014-12-24,95.952512,96.283573,95.888139,95.915733,14291300
2014-12-26,96.19162,96.798569,96.164033,96.596252,13924300
2014-12-29,96.504317,96.789395,96.449135,96.577881,17073800
2014-12-30,96.302005,96.522711,95.805413,95.934158,18604000
2014-12-31,96.099675,96.47672,94.812214,94.950157,24367100
2015-01-02,95.41916,95.823786,94.20527,94.665077,31314600
2015-01-05,94.25124,94.361596,93.009762,93.276451,36521300
2015-01-06,93.414368,93.570701,91.611926,92.025749,66205500
2015-01-07,92.632712,93.432772,92.412,93.212067,37577400
2015-01-08,94.002985,95.18009,93.901827,94.99617,40212600
2015-01-09,95.29041,95.317998,93.819022,94.370796,41410100
2015-01-12,94.554702,94.65586,93.147693,93.386795,34129800
2015-01-13,94.29721,95.290394,92.605116,93.3592,56162300
2015-01-14,92.421209,93.322434,92.025775,92.844231,51354200
2015-01-15,93.276454,93.423588,91.529185,91.639542,51005400
2015-01-16,91.519976,92.835024,91.372841,92.715477,35362200
2015-01-20,93.276451,93.690274,92.228091,93.45118,30964100
2015-01-21,93.175291,94.370793,92.84423,93.929375,40128800
2015-01-22,94.297204,95.768585,93.469551,95.667427,40887200
2015-01-23,95.658255,96.173244,95.382375,95.878967,34783000
2015-01-26,95.768593,95.943322,95.281199,95.768593,19960900
2015-01-27,94.260441,94.315615,92.97298,93.285652,45253200
2015-01-28,94.784621,94.885779,92.78906,92.807449,43591700
2015-01-29,92.73385,93.874176,91.924593,93.699448,46539700
2015-01-30,93.616695,94.333993,92.844216,92.972961,42927600
2015-02-02,93.184476,93.864988,91.731485,93.782227,43624700
2015-02-03,94.122491,94.747829,93.506352,94.683456,30750400
2015-02-04,94.297218,95.226031,94.085704,94.600693,34073200
2015-02-05,94.839775,95.483509,94.60068,95.419136,23605500
2015-02-06,95.566302,95.796205,94.499553,94.839806,34169300
2015-02-09,94.471928,94.986909,94.306397,94.536301,22604700
2015-02-10,95.060519,96.136466,94.913378,96.007721,23686500
2015-02-11,96.118068,96.577876,95.934148,96.35717,20303600
2015-02-12,96.982473,97.51585,96.835338,97.479065,22520300
2015-02-13,97.754968,98.334322,97.571041,98.315933,29030200
2015-02-17,98.315968,98.472301,98.067669,98.407928,17675300
2015-02-18,98.288347,98.60102,98.159602,98.545845,15149600
2015-02-19,98.481452,99.097599,98.453865,99.033226,19828100
2015-02-20,98.968862,99.750533,98.65619,99.695358,28336700
2015-02-23,99.640176,99.824103,99.419471,99.796509,17868000
2015-02-24,99.667763,99.989633,99.364296,99.870079,19745000
2015-02-25,99.722931,100.109167,99.40106,99.621773,19472300
2015-02-26,99.722961,100.182768,99.447074,100.127586,22255500
2015-02-27,100.090806,100.155185,99.529847,99.68618,27757600
2015-03-02,99.879257,100.624142,99.860861,100.587357,22988600
2015-03-03,100.283916,100.385074,99.483849,100.118385,20788900
2015-03-04,99.787298,99.934433,99.189548,99.732117,21007400
2015-03-05,99.989652,100.210358,99.49306,99.906883,15381000
2015-03-06,99.778125,99.971243,98.527449,98.775749,30990400
2015-03-09,98.978045,99.309107,98.57342,99.060814,26237100
2015-03-10,98.352709,98.380304,97.221588,97.221588,34234500
2015-03-11,97.368706,97.48826,96.623821,96.660606,25459700
2015-03-12,96.587052,97.405508,96.522679,97.295158,21473200
2015-03-13,97.20317,97.589413,96.265167,96.872108,42021100
2015-03-16,97.23076,98.159565,97.129602,98.12278,25674100
2015-03-17,97.856161,98.435515,97.626257,98.279182,19603800
2015-03-18,98.012464,99.695359,97.506673,99.244743,40622200
2015-03-19,99.3459,99.667764,99.198766,99.391884,31314000
2015-03-20,100.210379,100.532982,100.016816,100.035248,31761400
2015-03-23,99.979981,100.256496,99.804851,99.841721,17268500
2015-03-24,99.83244,100.293304,99.463754,99.482185,22445300
2015-03-25,99.6389,99.731071,97.168666,97.205536,41581400
2015-03-26,96.403634,97.426754,96.081031,96.873718,47846300
2015-03-27,96.855278,97.491266,96.707798,97.260834,33878400
2015-03-30,97.850759,98.459097,97.850759,98.376144,30570200
2015-03-31,98.099616,98.302398,97.306929,97.334579,30488100
2015-04-01,97.334576,97.353014,96.200853,96.827629,32970500
2015-04-02,96.919825,97.205558,96.578782,96.892174,19164200
2015-04-06,96.32069,97.952148,96.17321,97.684853,24451100
2015-04-07,97.629532,98.348479,97.518929,97.518929,19379400
2015-04-08,97.555804,98.431451,97.546592,98.29319,25866900
2015-04-09,98.24709,98.947606,97.915274,98.910736,23114700
2015-04-10,98.873897,99.325549,98.652684,99.31633,17164300
2015-04-13,99.39004,99.896987,98.956826,99.067436,17783500
2015-04-14,98.966043,99.251776,98.219437,98.781693,23755700
2015-04-15,99.039788,99.611262,98.919965,99.399261,21128600
2015-04-16,99.131952,99.436118,98.993692,99.260994,16195300
2015-04-17,98.311635,98.57893,97.288515,97.712509,46514000
2015-04-20,98.200986,99.353147,98.164116,99.178017,28945900
2015-04-21,99.749523,99.924654,99.482221,99.602043,22759800
2015-04-22,99.860103,100.311755,99.214895,100.145844,21429200
2015-04-23,99.804833,100.975433,99.786402,100.523781,29473200
2015-04-24,101.58376,102.026193,101.417848,101.887932,32508100
2015-04-27,102.265825,102.459395,101.408617,101.629837,31121300
2015-04-28,101.703555,101.897124,100.569832,101.42704,36849200
2015-04-29,100.864817,101.454723,100.238041,100.791077,34043900
2015-04-30,100.219611,100.625167,98.680318,99.205704,44080500
2015-05-01,99.592805,100.579055,99.574367,100.514534,32874300
2015-05-04,100.83715,101.307234,100.62515,100.680458,23507300
2015-05-05,100.284096,100.468439,98.993675,99.039757,47843300
2015-05-06,99.214912,99.500646,97.703277,98.357704,42687200
2015-05-07,98.330029,99.224108,98.256289,98.947586,29335800
2015-05-08,99.970738,100.394733,99.823265,100.182739,33023300
2015-05-11,100.247276,100.450058,99.721891,99.795624,19679300
2015-05-12,99.20571,99.850925,98.440681,99.343971,33665000
2015-05-13,99.77717,100.293336,99.399258,99.546738,20738400
2015-05-14,100.35786,101.086027,99.989174,101.003075,23904200
2015-05-15,101.261158,101.399418,100.754204,101.003075,23937400
2015-05-18,100.837151,101.648269,100.763411,101.445488,17631100
2015-05-19,101.556144,101.712836,101.169019,101.33493,14212900
2015-05-20,101.408634,102.007759,100.864817,101.399422,21131900
2015-05-21,101.224273,102.06305,101.0768,101.924789,16771800
2015-05-22,101.804979,102.192111,101.740458,101.823418,13543800
2015-05-26,101.602219,101.740473,100.247276,100.652832,25488400
2015-05-27,100.956982,102.385665,100.735769,102.275055,30572700
2015-05-28,102.081502,102.321154,101.731247,102.044632,17302400
2015-05-29,101.980119,102.11838,101.196651,101.436302,30383000
2015-06-01,101.980095,102.053835,100.947756,101.777313,24570200
2015-06-02,101.39938,101.952416,100.901646,101.454681,19449600
2015-06-03,101.915573,102.136786,101.51001,101.758881,20507200
2015-06-04,101.187393,101.832607,100.662008,100.984612,31374600
2015-06-05,100.86481,101.104461,100.127424,100.744987,22641700
2015-06-08,100.698893,100.772633,99.519081,99.721863,24549200
2015-06-09,99.482199,99.915412,98.809334,99.555939,27554600
2015-06-10,99.896985,101.215058,99.786382,100.920105,30297900
2015-06-11,101.261136,101.528438,100.892443,101.067574,17593500
2015-06-12,100.532975,100.744976,100.099761,100.238022,27201800
2015-06-15,99.491462,99.897018,98.910768,99.740326,31238800
2015-06-16,99.638904,100.45003,99.592822,100.284119,16456900
2015-06-17,100.45002,100.883227,99.943066,100.560623,23296700
2015-06-18,100.929317,102.2013,100.874015,102.026176,43032400
2015-06-19,102.076052,102.159202,101.447834,101.521744,27877600
2015-06-22,102.270081,102.574952,102.039118,102.270081,19120900
2015-06-23,102.380925,102.445594,101.928241,102.35321,18127900
2015-06-24,102.233125,102.667328,101.798915,101.82663,15815900
2015-06-25,102.223893,102.325517,101.457097,101.62339,18326700
2015-06-26,101.604921,101.835884,100.570208,100.948982,32311700
2015-06-29,99.831113,100.385428,98.51925,98.565445,50874900
2015-06-30,99.304542,99.51703,98.611655,98.916527,34809900
2015-07-01,99.89579,100.099038,99.239858,99.701782,21293000
2015-07-02,99.988161,100.071304,99.424612,99.729477,20499400
2015-07-06,99.101265,100.071309,98.888783,99.49852,24311000
2015-07-07,99.609399,99.840362,97.770942,99.747978,44230800
2015-07-08,99.036612,99.156717,97.826372,98.011139,39691500
2015-07-09,99.313786,99.40617,97.946486,97.955727,28381000
2015-07-10,99.258317,99.821865,98.898016,99.452324,26415800
2015-07-13,100.311531,101.281568,100.302291,101.198425,25780700
2015-07-14,101.337,102.140745,101.281565,101.863594,21977200
2015-07-15,102.057599,102.371705,101.688058,101.974449,28631500
2015-07-16,102.815154,103.434131,102.611906,103.415657,29838900
2015-07-17,104.247123,104.94001,104.071597,104.94001,35926800
2015-07-20,105.161729,105.679083,104.838384,105.300308,26539000
2015-07-21,105.337243,105.503536,104.930754,105.235626,35468900
2015-07-22,103.628125,104.551974,103.628125,104.043861,35575000
2015-07-23,104.145484,104.487303,103.387928,103.655838,25698300
2015-07-24,104.210158,104.394925,102.482558,102.63961,30844700
2015-07-27,102.057605,102.501049,101.567966,101.789688,35994800
2015-07-28,102.242358,102.870576,101.429374,102.667328,33553500
2015-07-29,102.889051,103.277065,102.491795,103.055344,26714100
2015-07-30,102.815157,103.720525,102.196179,103.544998,25438100
2015-07-31,103.868355,103.923783,103.212423,103.424904,22081700
2015-08-03,103.443374,103.729765,102.417901,103.101547,25001800
2015-08-04,103.055359,103.240126,102.48257,102.907539,22132300
2015-08-05,103.48032,104.394928,103.360215,103.702042,28989900
2015-08-06,103.794438,103.933017,101.577199,102.039124,42125400
2015-08-07,101.789692,102.149993,101.069091,101.90979,30006800
2015-08-10,102.556461,103.295536,102.547221,103.073814,21500800
2015-08-11,102.528753,102.926008,101.189168,101.752716,36123300
2015-08-12,101.050611,102.307046,99.978949,102.103798,41889000
2015-08-13,102.205402,102.695048,101.715763,101.937485,22510500
2015-08-14,101.697303,102.242371,101.494055,102.094559,17924900
2015-08-17,101.845121,102.972218,101.586445,102.944504,21224900
2015-08-18,102.805907,102.889057,102.279314,102.417892,13984400
2015-08-19,102.103785,102.64886,101.152222,101.743484,42511400
2015-08-20,100.80114,101.124485,98.916487,98.925728,57747300
2015-08-21,97.530758,98.362223,94.602158,94.602158,97763400
2015-08-24,87.054267,94.722207,78.286938,90.962143,150829900
2015-08-25,94.29726,94.916237,90.546436,90.620338,75088300
2015-08-26,93.271791,95.368932,91.396379,95.184158,104103800
2015-08-27,96.560685,97.660067,95.415114,97.595398,69377700
2015-08-28,97.078063,97.928003,96.865575,97.576942,49919600
2015-08-31,97.031872,97.567706,96.126504,96.366699,39549400
2015-09-01,93.964679,95.424362,92.96692,93.354942,73155500
2015-09-02,95.045585,96.006389,93.955443,95.987915,43963600
2015-09-03,96.366686,97.022618,95.248829,95.516747,45131800
2015-09-04,94.204899,95.017883,93.853831,94.380432,49379600
2015-09-08,96.191168,97.161205,95.793912,97.041107,37343500
2015-09-09,98.18664,98.214354,95.701485,95.950928,47146700
2015-09-10,95.8401,97.632369,95.729242,96.994911,47686700
2015-09-11,96.551469,97.530746,96.274311,97.530746,29106100
2015-09-14,97.891047,97.909528,96.865574,97.235115,19718800
2015-09-15,97.466068,98.685548,97.105767,98.380676,30020200
2015-09-16,98.399178,99.027396,98.057351,98.935005,31329100
2015-09-17,98.833352,100.450088,98.51924,98.971924,56139800
2015-09-18,97.453166,98.721914,97.397595,97.564293,48384000
2015-09-21,98.101428,98.67561,96.990114,97.869904,35772600
2015-09-22,96.369602,96.702997,95.508332,96.406647,47359700
2015-09-23,96.665975,96.925288,95.980666,96.480759,21775100
2015-09-24,95.545362,96.489984,94.711874,96.128807,38284300
2015-09-25,97.156795,97.249404,94.721157,95.313858,44700000
2015-09-28,94.906412,94.971239,92.322601,92.600426,44077500
2015-09-29,92.831904,93.776526,91.452022,92.118813,49315500
2015-09-30,93.433879,94.341457,93.072702,94.239586,41411400
2015-10-01,94.40629,94.674859,93.156054,94.665596,39339100
2015-10-02,93.350512,96.32328,93.054161,96.32328,59370900
2015-10-05,97.036418,97.962515,96.82342,97.703209,32853500
2015-10-06,97.471652,97.795784,96.480729,97.240128,33051500
2015-10-07,97.851374,98.036591,96.582619,97.823586,37389300
2015-10-08,97.453141,98.379237,96.508518,98.21254,50188900
2015-10-09,98.258852,98.842298,97.990283,98.657074,23916200
2015-10-12,98.842294,99.083074,98.490373,98.897858,16162000
2015-10-13,98.332932,99.333118,98.166234,98.258842,26999600
2015-10-14,98.258822,98.749652,97.693902,98.101387,30902600
2015-10-15,98.4626,99.722093,98.332947,99.71283,38393800
2015-10-16,99.925835,100.185141,99.444261,100.129578,27091100
2015-10-19,99.999907,100.768562,99.777639,100.703735,23776300
2015-10-20,100.52774,100.740738,99.842423,100.185081,23404700
2015-10-21,100.694474,100.796338,99.536853,99.573891,30195200
2015-10-22,100.462956,101.685403,100.175861,101.602051,42778700
2015-10-23,104.334033,104.871163,103.787632,104.44516,53170900
2015-10-26,104.371101,104.71376,103.97288,104.510017,25918000
2015-10-27,104.2322,104.871202,104.204411,104.72303,31390500
2015-10-28,104.880437,105.593529,104.037686,105.593529,42221900
2015-10-29,105.111957,105.602787,105.000823,105.426826,24913300
2015-10-30,105.473141,105.649101,104.926747,104.954529,27199200
2015-11-02,105.232338,106.269568,105.010077,106.139915,22176900
2015-11-03,105.926953,106.890095,105.769519,106.510399,20418400
2015-11-04,106.862281,106.93637,106.0751,106.519623,28633000
2015-11-05,106.612239,106.871545,105.67688,106.232536,25004100
2015-11-06,106.028778,106.427,105.352732,106.30661,29924900
2015-11-09,105.90839,106.047306,104.528508,105.176773,33479800
2015-11-10,104.621123,105.010082,104.306247,104.908211,35452100
2015-11-11,105.195336,105.704692,104.602634,104.778595,22748800
2015-11-12,104.352581,104.861937,103.685791,103.75988,31196900
2015-11-13,103.324585,103.435719,101.666871,101.722435,52836000
2015-11-16,101.620608,103.204233,101.389084,103.185707,33980600
2015-11-17,103.36163,103.991376,102.99119,103.250496,30579500
2015-11-18,103.667232,105.334201,103.565361,105.23233,32966500
2015-11-19,105.287923,105.788016,105.1027,105.306442,26188100
2015-11-20,105.806556,106.102907,105.704685,106.019562,22727600
2015-11-23,106.056564,106.44553,105.260128,105.713913,20696200
2015-11-24,105.028621,105.871366,104.50074,105.621323,26374400
2015-11-25,105.778739,105.908392,105.491652,105.713913,14159900
2015-11-27,105.945436,106.075089,105.500906,105.862083,8828000
2015-11-30,106.176974,106.176974,105.250878,105.593529,25041600
2015-12-01,106.019546,106.649292,105.889886,106.649292,28639400
2015-12-02,106.732656,107.195704,105.834341,105.991776,22395500
2015-12-03,106.278847,106.464063,103.574639,104.195129,42754300
2015-12-04,104.509998,106.806721,104.297,106.63076,40037300
2015-12-07,106.704849,106.769676,105.639837,106.149193,25892100
2015-12-08,105.037864,106.501098,105.000819,106.15844,30792600
2015-12-09,105.695401,106.278846,103.908034,104.547043,48509200
2015-12-10,104.787832,105.723191,104.472955,105.019356,30154600
2015-12-11,103.806147,104.083979,102.5374,102.602226,56022200
2015-12-14,102.741171,103.42648,101.296455,103.380173,53098500
2015-12-15,104.33405,104.908225,103.880258,104.009911,48428000
2015-12-16,104.713744,105.732449,103.62095,105.556496,44944100
2015-12-17,106.019545,106.019545,104.000654,104.019173,45668800
2015-12-18,103.695895,103.928126,102.023834,102.023834,53746100
2015-12-21,102.989936,103.175718,102.228217,103.157143,26432800
2015-12-22,103.705156,103.983836,103.157094,103.835205,26540300
2015-12-23,104.374,104.680547,104.188218,104.606232,25656900
2015-12-24,104.606267,104.875656,104.541243,104.587685,11468600
2015-12-28,104.336848,104.550504,103.584421,104.531921,19183600
2015-12-29,105.154339,106.408394,105.089315,106.176163,27725700
2015-12-30,106.083253,106.120411,105.200777,105.219353,19520100
2015-12-31,104.847777,105.042851,103.890979,103.909561,29886800
2016-01-04,101.670836,101.810176,100.435371,101.717285,50807600
2016-01-05,102.21892,102.348969,101.067055,101.540802,38795200
2016-01-06,99.775837,101.150642,99.775837,100.565422,41891100
2016-01-07,98.419616,99.664379,97.360642,97.416382,61386300
2016-01-08,98.122347,98.735441,96.51531,96.617493,69344000
2016-01-11,97.304904,97.592868,95.428478,96.914757,50024100
2016-01-12,97.843676,98.54037,96.68252,98.03875,46734200
2016-01-13,98.438196,98.679718,94.508839,94.657471,69870700
2016-01-14,95.029024,97.518543,93.514872,96.673218,78445700
2016-01-15,93.468441,94.694621,92.437333,93.672798,91443900
2016-01-19,94.94544,95.094071,92.781042,93.877174,56563800
2016-01-20,92.400187,94.592451,90.337972,93.589211,86675000
2016-01-21,93.988653,95.075494,92.725314,93.682106,61660100
2016-01-22,95.567826,96.431727,95.242704,96.394569,42229800
2016-01-25,96.050837,96.5989,94.88039,94.963997,38881500
2016-01-26,95.36341,96.227303,94.527376,95.818581,36143900
2016-01-27,95.26125,95.669972,93.031829,93.431267,54524700
2016-01-28,94.982559,95.019717,93.134001,94.750328,47641500
2016-01-29,94.722484,96.766116,94.694617,96.728958,54245100
2016-02-01,96.264484,97.351332,95.89292,96.989052,32750300
2016-02-02,96.54318,96.580338,94.601723,94.889694,44928100
2016-02-03,95.521373,95.521373,92.781039,94.434532,61572900
2016-02-04,94.183717,95.177667,93.301241,94.42524,49321600
2016-02-05,94.09084,94.127998,90.774577,91.146149,70749900
2016-02-08,89.4462,90.152185,88.099254,89.752747,91673100
2016-02-09,88.554441,90.830305,88.415101,89.474075,73778400
2016-02-10,90.50519,91.675638,89.752763,89.817787,59421700
2016-02-11,88.675189,90.40299,88.424383,89.687721,76839200
2016-02-12,90.700241,91.146128,89.854923,91.05323,49186500
2016-02-16,92.400163,93.106148,91.824227,93.106148,40565900
2016-02-17,93.784275,95.34487,93.542753,95.214821,41766500
2016-02-18,95.512064,95.530639,94.007203,94.127968,38991500
2016-02-19,93.672788,94.694611,93.46843,94.406639,28257900
2016-02-22,95.289117,96.032253,95.196226,95.939362,23979100
2016-02-23,95.382038,95.642136,94.295197,94.360222,29869700
2016-02-24,93.254765,95.382003,92.678829,95.261246,40739100
2016-02-25,95.456327,96.199463,94.601711,96.199463,29389300
2016-02-26,96.933329,96.951912,95.846489,96.07872,30925000
2016-02-29,95.98583,96.7011,95.214821,95.214821,27553900
2016-03-01,96.125159,98.270973,95.827903,98.270973,37699800
2016-03-02,98.150228,98.326719,97.546425,98.308144,29209800
2016-03-03,98.205952,98.233819,97.416367,98.122345,25474600
2016-03-04,98.233846,98.7912,97.509286,98.159531,31655400
2016-03-07,97.6579,98.224545,96.859024,97.555717,25861200
2016-03-08,96.886891,97.732209,96.580344,96.747551,28898500
2016-03-09,97.109821,97.388494,96.571043,97.369919,31047400
2016-03-10,97.778652,98.336005,95.967244,97.221298,44236100
2016-03-11,98.270982,98.921227,97.964435,98.921227,31454000
2016-03-14,98.549677,99.320687,98.52181,99.088455,25374900
2016-03-15,98.735461,99.162766,98.419623,99.051292,26524600
2016-03-16,98.809756,100.193852,98.781882,99.933754,31693100
2016-03-17,99.645775,100.110237,99.27421,99.878006,29623700
2016-03-18,100.118401,100.286104,99.503496,100.034554,37682300
2016-03-21,99.857509,100.519001,99.80161,100.425835,17288600
2016-03-22,99.85751,100.966212,99.838879,100.733292,18840300
2016-03-23,100.537665,100.612194,99.680513,99.904121,20912900
2016-03-24,99.419656,99.960032,99.251953,99.932083,19017300
2016-03-28,100.211551,100.230188,99.615276,99.792297,13892300
2016-03-29,99.605936,101.459977,99.438233,101.39476,29963900
2016-03-30,102.000438,102.522177,101.674344,101.888634,23807200
2016-03-31,101.814069,102.196061,101.581148,101.739532,21447200
2016-04-01,101.124623,102.85755,100.98487,102.820282,26389000
2016-04-04,102.820274,102.894811,102.186731,102.42897,17163000
2016-04-05,101.637028,102.01902,101.310941,101.441376,20107900
2016-04-06,101.543869,103.146361,101.543869,103.109093,25056000
2016-04-07,102.512794,102.699135,101.18981,101.627701,28567200
2016-04-08,102.261256,102.503488,101.199141,101.553177,22898000
2016-04-11,101.991053,102.503473,101.17117,101.180489,25772100
2016-04-12,101.255039,102.223988,100.640126,102.028336,28564100
2016-04-13,102.810941,103.491071,102.680507,103.332687,25356700
2016-04-14,103.351314,103.723988,102.484851,103.341995,17199700
2016-04-15,103.258153,103.472435,102.820262,103.081131,21353300
2016-04-18,102.783004,103.668097,102.717786,103.630836,17126100
2016-04-19,103.826479,103.826479,102.373053,102.997284,42481400
2016-04-20,102.997283,103.55629,102.64324,103.081131,18078300
2016-04-21,103.025229,103.46312,102.624606,103.090446,20216000
2016-04-22,101.748828,102.223987,100.7333,101.534546,39074000
2016-04-25,101.22709,101.543858,101.040749,101.534546,14351900
2016-04-26,101.748828,101.916531,100.733299,101.040749,19118300
2016-04-27,100.006586,100.463114,99.400999,100.230194,33059800
2016-04-28,100.341982,100.928945,98.823345,99.018997,29818200
2016-04-29,99.019,99.223971,97.714646,98.497261,67502800
2016-05-02,98.74881,99.568693,98.338875,99.42894,24813800
2016-05-03,98.720867,99.168076,98.245708,98.506584,38569400
2016-05-04,97.910293,98.273654,97.630793,97.873032,27474500
2016-05-05,98.22707,98.44136,97.649425,97.845078,20788100
2016-05-06,97.360635,98.385482,97.267468,98.366852,30758500
2016-05-09,98.376128,99.102845,98.329549,98.646317,19289600
2016-05-10,99.000371,100.043848,98.823349,99.997269,21178900
2016-05-11,99.848226,100.146364,99.065618,99.093567,20966300
2016-05-12,99.326458,99.447574,97.956887,98.655647,29196300
2016-05-13,98.571804,99.177391,98.096645,98.292297,21059300
2016-05-16,98.441379,99.88548,98.348206,99.522125,18311900
2016-05-17,99.438282,99.727101,98.012805,98.273682,29932700
2016-05-18,98.050049,99.158751,97.863715,98.627693,27524400
2016-05-19,98.2457,98.487938,97.397874,98.115265,27334600
2016-05-20,98.50658,99.596645,98.450675,99.196022,29549600
2016-05-23,99.307837,99.66188,98.972439,99.065605,15729800
2016-05-24,99.61529,101.171195,99.587341,101.050079,29931300
2016-05-25,101.43207,102.084243,101.255048,101.776787,37951700
2016-05-26,101.879269,102.205355,101.63703,102.074921,21885900
2016-05-27,102.14014,102.615299,102.121509,102.60598,19870000
2016-05-31,102.745707,102.959996,102.279867,102.801605,24366100
2016-06-01,102.484887,103.043894,102.401039,102.810974,19571500
2016-06-02,102.605978,103.03455,102.046971,103.025238,15696600
2016-06-03,102.829597,102.876177,101.86996,102.540771,20269900
2016-06-06,102.727111,103.183633,102.55009,102.913445,12502400
2016-06-07,102.969333,103.071818,102.605978,102.652565,12184300
2016-06-08,102.829567,103.043849,102.447575,102.829567,14568700
2016-06-09,102.41033,102.773685,102.214678,102.661888,17571600
2016-06-10,101.730212,101.925864,101.143248,101.497292,32965000
2016-06-13,100.919656,101.487982,100.519033,100.649467,25154700
2016-06-14,100.379279,101.012822,99.913439,100.649467,24588500
2016-06-15,100.891661,101.031414,100.192901,100.360603,24605700
2016-06-16,99.866841,100.751934,99.223979,100.658768,32079900
2016-06-17,100.450434,100.59056,99.245364,99.478905,29208800
2016-06-20,100.637292,101.11371,100.030086,100.10482,20562800
2016-06-21,100.235595,100.627941,100.048758,100.422424,22804100
2016-06-22,100.478474,101.067001,100.095471,100.179543,22724200
2016-06-23,100.954877,101.627475,100.534507,101.608788,18714200
2016-06-24,97.993614,99.488272,97.208914,97.423775,68012700
2016-06-27,96.779177,96.779177,95.050979,95.490036,48222600
2016-06-28,96.545645,97.629276,96.498941,97.582565,28260600
2016-06-29,98.348582,99.516285,98.301879,99.310768,31356700
2016-06-30,99.478897,100.525161,99.142599,100.45977,36300800
2016-07-01,100.413074,101.3379,100.375707,100.964233,19902800
2016-07-05,100.431765,100.571891,99.805871,100.347687,21167900
2016-07-06,99.871277,101.216465,99.553658,101.169762,24579300
2016-07-07,101.263165,101.692878,100.992257,101.468681,19161700
2016-07-08,102.010479,103.09411,101.84233,103.038063,29457900
2016-07-11,103.38371,104.009597,103.374374,103.626595,20218500
2016-07-12,104.261814,104.429963,104.009586,104.149712,21906100
2016-07-13,104.392604,104.457995,103.888155,103.897499,21107800
2016-07-14,104.588788,104.803648,104.345904,104.607475,20871000
2016-07-15,104.850342,104.906397,104.205775,104.439316,17999300
2016-07-18,104.504751,105.317468,104.486064,105.130638,20713900
2016-07-19,104.766307,105.074582,104.56079,104.74762,18936700
2016-07-20,105.317411,106.167502,105.186629,105.971329,24997900
2016-07-21,106.046066,106.251583,105.438867,105.728455,18885400
2016-07-22,105.803196,106.288957,105.476241,106.167519,20003400
2016-07-25,106.083458,106.204904,105.821894,106.17688,12968100
2016-07-26,106.139488,106.681297,105.765822,106.298294,21223800
2016-07-27,107.195068,107.316507,106.587862,107.036263,27646100
2016-07-28,107.204441,107.531396,106.868142,107.409958,16939700
2016-07-29,107.652823,107.933074,107.307187,107.643486,22385300
2016-08-01,107.718221,108.484233,107.587439,108.213326,13990100
2016-08-02,108.05452,108.147935,106.699988,107.391266,21278400
2016-08-03,107.307204,107.755598,107.241813,107.746254,15011300
2016-08-04,107.708899,108.157293,107.456672,108.054535,12835300
2016-08-05,108.605685,109.33433,108.484239,109.091446,23196600
2016-08-08,109.147502,109.175533,108.624374,108.970016,12358200
2016-08-09,109.054095,109.567887,108.988704,109.222244,13276500
2016-08-10,109.287599,109.315622,108.652368,108.941963,14688400
2016-08-11,109.315643,109.642606,109.091446,109.409065,12969800
2016-08-12,109.222216,109.493124,109.100777,109.48378,19379000
2016-08-15,109.623927,110.20311,109.586559,109.950882,11777800
2016-08-16,109.745394,109.754731,109.325017,109.343704,14161400
2016-08-17,109.371676,109.577193,108.764469,109.539825,15980300
2016-08-18,109.437074,109.726662,109.250237,109.567856,10036300
2016-08-19,109.371676,109.782702,109.072744,109.539825,18743000
2016-08-22,109.381017,109.810738,109.175508,109.623901,14500600
2016-08-23,110.053616,110.240453,109.773372,109.820076,11997900
2016-08-24,109.745361,109.894823,108.745808,109.11013,17728700
2016-08-25,108.829882,109.268939,108.6991,108.93264,24266300
2016-08-26,108.970007,109.801411,108.437535,109.091446,23896000
2016-08-29,109.119513,109.530547,109.100833,109.240959,11184900
2016-08-30,109.063426,109.381038,108.512274,108.885933,19843300
2016-08-31,108.717764,108.885914,108.316074,108.773819,16169800
2016-09-01,108.8112,109.184859,108.278728,109.054077,20944700
2016-09-02,109.595895,109.820092,108.998032,109.409065,18088200
2016-09-06,109.595891,110.090996,109.353007,110.090996,18525200
2016-09-07,110.193755,110.343224,109.736017,110.156387,17546900
2016-09-08,109.829437,109.857461,109.22223,109.511826,20125300
2016-09-09,108.596343,108.839227,106.737362,106.756042,50813300
2016-09-12,106.158176,108.820536,106.148832,108.671074,39646000
2016-09-13,108.129253,108.446865,107.176411,107.699539,45863900
2016-09-14,107.811643,108.801852,107.783612,108.213326,28221800
2016-09-15,108.241358,110.062971,108.232014,109.894821,38521400
2016-09-16,109.776837,109.954775,109.299219,109.842392,27596500
2016-09-19,110.123334,110.460475,109.149377,109.364769,16222900
2016-09-20,109.758098,110.020325,109.383503,109.570801,18078600
2016-09-21,110.039038,110.80697,109.392849,110.647766,31546800
2016-09-22,111.293951,111.649826,111.181575,111.528076,22614400
2016-09-23,111.4438,111.4438,110.657142,110.816345,22213400
2016-09-26,110.188917,110.320026,109.730025,109.889229,16403900
2016-09-27,109.814294,111.031743,109.711278,110.975555,20238400
2016-09-28,111.116036,111.228412,110.59159,111.162857,14794300
2016-09-29,110.97554,111.181571,109.879834,110.357445,27207500
2016-09-30,110.647773,111.509354,110.535391,111.18158,25543200
2016-10-03,111.041104,111.162847,110.59158,111.022377,19216400
2016-10-04,111.350174,111.593666,110.432398,110.853828,21239700
2016-10-05,111.181584,111.603007,111.134756,111.247139,14481300
2016-10-06,111.106667,111.425082,110.647783,111.190956,11987100
2016-10-07,111.293965,111.453176,110.404291,110.947464,19984200
2016-10-10,111.518716,111.893319,111.471888,111.649826,19687300
2016-10-11,111.556172,111.574899,109.570784,110.057762,27774400
2016-10-12,110.160791,110.338729,109.626985,109.964127,14267800
2016-10-13,109.214932,109.870481,108.57811,109.570801,22821000
2016-10-14,110.113975,110.554133,109.636357,109.701912,21313300
2016-10-17,109.608284,109.851777,109.261775,109.402252,14182700
2016-10-18,110.703957,110.891262,110.319995,110.376183,19276700
2016-10-19,110.291922,110.526048,110.170179,110.366844,13702900
2016-10-20,110.254452,110.47921,109.598896,110.235718,18132200
2016-10-21,110.319992,110.713321,109.954756,110.647766,15707800
2016-10-24,111.359505,112.052514,111.340771,111.977592,19143000
2016-10-25,112.04315,112.061884,111.453156,111.621727,20341800
2016-10-26,110.90062,111.471887,110.535385,110.863159,20463700
2016-10-27,111.340775,111.434424,110.198241,110.357445,19099800
2016-10-28,110.039031,110.610298,109.327287,109.664429,35369300
2016-10-31,110.067144,110.067144,109.505244,109.561432,18749400
2016-11-01,109.748752,109.767479,107.791458,108.737328,23498700
2016-11-02,108.662405,108.915264,107.594792,107.866379,26960100
2016-11-03,107.688428,108.044304,106.686371,106.808121,36205200
2016-11-04,106.545886,107.266996,106.246205,106.43351,26997500
2016-11-07,108.156674,109.07445,107.978743,108.962067,26591200
2016-11-08,108.849686,110.17015,108.596826,109.673805,20777900
2016-11-09,108.390789,110.357443,108.259679,110.179512,70234400
2016-11-10,110.713324,110.863161,106.94858,108.400162,72825400
2016-11-11,107.931912,108.681117,107.547942,108.446991,41115200
2016-11-14,108.475057,108.578072,106.78935,107.35125,35906000
2016-11-15,108.166064,109.21495,108.00686,108.840347,31796600
2016-11-16,108.325251,109.561434,108.325251,109.486519,16538100
2016-11-17,109.430326,110.301274,109.205568,110.282547,20598600
2016-11-18,110.413634,110.600931,109.767445,109.870461,16428700
2016-11-21,110.142076,111.116039,110.104615,111.013023,20268500
2016-11-22,111.453159,111.62173,111.078557,111.350143,18850600
2016-11-23,110.984939,111.106682,110.413672,110.90065,22926000
2016-11-25,111.031742,111.303329,110.900632,111.256508,7162800
2016-11-28,111.116037,111.518734,110.891279,111.003654,13479000
2016-11-29,111.106658,111.921418,110.78825,111.387611,18553000
2016-11-30,111.528075,111.565536,110.001579,110.03904,30405300
2016-12-01,110.001601,110.010968,107.969392,108.137962,39796600
2016-12-02,108.203481,108.784115,107.9038,108.353317,32876800
2016-12-05,108.915221,109.626957,108.418868,109.196167,21419700
2016-12-06,109.505271,109.645748,108.999558,109.458443,27293300
2016-12-07,109.233644,110.984906,108.905869,110.844429,26622400
2016-12-08,110.89127,111.322061,110.675872,111.041107,18578400
2016-12-09,111.453172,111.949517,111.443805,111.912056,21863100
2016-12-12,111.415709,111.640467,110.947457,111.406342,23259300
2016-12-13,111.743499,113.41984,111.743499,112.811111,54477900
2016-12-14,112.951568,113.316803,112.249191,112.576965,28746000
2016-12-15,112.726789,113.419799,112.455202,112.754883,22762300
2016-12-16,113.031996,113.257427,112.111514,112.336937,26283900
2016-12-19,112.449669,113.492262,112.289995,112.797195,21138700
2016-12-20,113.154112,113.43589,113.022615,113.229256,11461800
2016-12-21,113.276227,113.351371,112.891129,113.14473,7079300
2016-12-22,113.154115,113.182292,112.383912,112.825371,16645000
2016-12-23,112.637487,112.947449,112.534167,112.900482,9007500
2016-12-27,113.144688,114.140314,113.097728,113.482826,16110600
2016-12-28,113.727076,113.830396,112.524809,112.599945,17975200
2016-12-29,112.571714,112.834708,112.083295,112.440216,13267500
2016-12-30,112.65631,112.665697,110.965617,111.284973,41749000
2017-01-03,112.026956,112.703233,111.670035,112.280563,22307600
2017-01-04,112.402665,113.097731,112.393277,112.89109,19749100
2017-01-05,112.80658,113.60496,112.80658,113.529823,20644300
2017-01-06,113.651906,114.825996,113.360734,114.525429,24074300
2017-01-09,114.619361,115.107787,114.544218,114.901146,18909200
2017-01-10,114.948129,115.502303,114.685134,115.15477,16176600
2017-01-11,115.201689,115.464684,114.609943,115.464684,20686000
2017-01-12,115.051437,115.361398,114.215485,115.286255,19622500
2017-01-13,115.342609,115.877994,115.342609,115.680748,16930800
2017-01-17,115.380165,115.558629,114.995068,115.333206,14538500
2017-01-18,115.502283,115.680747,115.211111,115.568031,12499700
2017-01-19,115.737112,116.140999,115.267475,115.511688,12710700
2017-01-20,116.018867,116.310046,115.455305,115.765266,22091000
2017-01-23,115.690123,116.028261,115.126561,115.859192,17434200
2017-01-24,116.08462,116.817258,115.887374,116.638794,17640900
2017-01-25,117.37143,117.841066,117.26811,117.812889,15036200
2017-01-26,117.972546,118.179187,117.728334,117.934975,16052200
2017-01-27,118.188577,118.273108,117.775295,118.1604,15053000
2017-01-30,117.765935,117.765935,116.591844,117.239944,25006700
2017-01-31,116.826625,117.033266,116.328812,117.005089,19091100
2017-02-01,117.831671,118.047707,117.277504,117.812889,22861900
2017-02-02,117.606236,118.066477,117.277492,117.709557,15101400
2017-02-03,117.831686,118.169825,117.718978,118.047722,16957200
2017-02-06,117.85046,118.207381,117.737745,118.188599,11630100
2017-02-07,118.432815,118.864887,118.320107,118.620674,17541100
2017-02-08,118.460996,118.986986,118.235566,118.817917,12569100
2017-02-09,118.940023,119.51298,118.874274,119.249985,17542700
2017-02-10,119.512996,119.813562,119.306355,119.644493,13915700
2017-02-13,120.010764,120.471005,119.963804,120.320732,19120200
2017-02-14,120.367681,120.733997,119.982584,120.724609,16333500
2017-02-15,120.640089,121.49483,120.574333,121.438461,17891400
2017-02-16,121.51361,121.75783,121.09094,121.400902,15098300
2017-02-17,121.222441,121.936297,121.203652,121.926895,15563700
2017-02-21,122.161738,122.603197,122.095996,122.528053,18479600
2017-02-22,122.415292,122.659497,122.208651,122.574966,12110900
2017-02-23,122.762838,122.762838,121.626327,122.114738,17489000
2017-02-24,121.560601,122.349586,121.523037,122.349586,18624500
2017-02-27,122.124129,122.50922,121.917488,122.499832,12008700
2017-02-28,122.471649,122.528003,121.785984,122.124123,16598600
2017-03-01,122.903734,123.683317,122.668916,123.457901,25813800
2017-03-02,123.429736,123.448511,122.687703,122.83799,19951400
2017-03-03,122.753462,123.100988,122.424711,123.063423,13722700
2017-03-06,122.659564,122.997702,122.30265,122.791061,12026200
2017-03-07,122.546839,123.119796,122.368375,122.584404,15500900
2017-03-08,122.659531,123.185521,122.537435,122.80043,15776000
2017-03-09,122.772275,123.063447,122.236883,122.894371,20855300
2017-03-10,123.457924,123.608211,122.87558,123.410957,21922600
2017-03-13,123.364,123.645784,123.298258,123.617607,10731600
2017-03-14,123.335806,123.382773,122.819204,123.317017,14019700
2017-03-15,123.57062,124.369007,123.176128,124.077835,22709100
2017-03-16,124.312657,124.312657,123.711524,123.993294,18457300
2017-03-17,124.147654,124.279425,123.884112,123.950005,21234500
2017-03-20,123.912312,124.345282,123.733492,124.062912,10105200
2017-03-21,124.533545,124.646487,122.105181,122.180481,35841900
2017-03-22,122.21814,123.13113,122.058119,123.008766,29177900
2017-03-23,122.84875,123.187592,122.49108,122.698151,20311700
2017-03-24,123.09351,123.57353,122.481719,122.952332,22967600
2017-03-27,122.076967,123.366456,121.794596,123.149963,18472400
2017-03-28,123.149948,124.270009,122.876999,123.902931,23721900
2017-03-29,123.987632,124.524138,123.855861,124.477074,13710000
2017-03-30,124.430031,124.815937,124.317089,124.684166,16092400
2017-03-31,124.505328,124.938299,124.36415,124.599457,19841400
2017-04-03,124.702975,125.004159,123.827627,124.524139,23700300
2017-04-04,124.16649,124.740638,124.119426,124.721809,13400000
2017-04-05,124.90063,125.634785,123.978233,124.213539,32011200
2017-04-06,124.33592,124.608869,123.959421,124.279434,18832200
2017-04-07,124.241775,124.590024,123.771162,124.213539,16743100
2017-04-10,124.335935,124.778312,123.921794,124.260635,15619300
2017-04-11,124.14767,124.335926,122.82996,123.724121,33778400
2017-04-12,123.705255,123.80879,123.093464,123.225235,15955200
2017-04-13,123.055837,123.78057,122.716995,122.735809,23683000
2017-04-17,123.084057,123.771148,123.036993,123.752319,13325500
2017-04-18,123.338226,123.921795,123.253519,123.564125,12841100
2017-04-19,124.100583,124.514711,123.592314,123.761742,17764800
2017-04-20,124.260598,125.070052,124.072355,124.797089,21977900
2017-04-21,124.91006,124.95711,124.448854,124.768867,22454900
2017-04-24,126.152493,126.397206,125.936015,126.274857,22469900
2017-04-25,126.688949,127.413682,126.575992,127.187798,19384400
2017-04-26,127.234865,127.545471,126.93368,127.00898,25398500
2017-04-27,127.319578,127.771362,127.244278,127.771362,16136500
2017-04-28,128.279633,128.326697,127.790206,127.997276,22771900
2017-05-01,128.420828,129.305582,128.364357,129.136154,24815500
2017-05-02,129.296175,129.409131,128.966754,129.352646,18345100
2017-05-03,129.060826,129.10789,128.590213,128.938477,23827600
2017-05-04,128.919687,129.352643,128.533781,128.985565,14630100
2017-05-05,129.314968,129.456146,128.834948,129.456146,19330700
2017-05-08,129.522078,129.738556,129.258536,129.738556,13279900
2017-05-09,129.936203,130.482116,129.823246,130.190338,28426100
2017-05-10,130.26564,130.312704,129.804449,130.26564,20499400
2017-05-11,129.907943,130.199721,129.305559,130.162064,27232100
2017-05-12,130.218612,130.482154,130.105655,130.453918,19738600
2017-05-15,130.510386,130.943342,130.388022,130.868042,20481300
2017-05-16,131.206824,131.432723,130.820932,131.413895,21786000
2017-05-17,130.369118,130.613846,128.053712,128.07254,55642200
2017-05-18,128.025501,129.625582,127.884309,129.192612,41319900
2017-05-19,129.653849,130.284469,129.569142,129.738556,36730100
2017-05-22,130.03032,130.896261,129.983271,130.830368,19509700
2017-05-23,131.216247,131.225654,130.623271,130.962112,19687500
2017-05-24,131.357413,131.630376,130.990336,131.564484,15891900
2017-05-25,132.063297,133.023351,131.780927,132.684509,23928600
2017-05-26,132.712775,132.976317,132.53394,132.919846,13851600
2017-05-30,132.853941,133.192782,132.769234,133.032776,20306400
2017-05-31,133.50341,133.50341,132.308064,132.985733,33229400
2017-06-01,133.258765,133.55995,132.694024,133.503479,20120700
2017-06-02,133.974077,135.056495,133.757599,135.028259,37222900
2017-06-05,135.018829,135.235306,134.811758,135.0,15727500
2017-06-06,134.83997,135.282347,134.265822,134.463486,22393000
2017-06-07,134.839925,135.103467,134.218727,134.990524,18842400
2017-06-08,135.291827,135.348299,134.397651,135.131821,25417400
2017-06-09,135.291811,135.442396,129.992705,131.752792,109783700
2017-06-12,130.642094,131.28212,129.390262,131.046814,104454000
2017-06-13,131.780932,132.298609,131.093842,132.110367,51193000
2017-06-14,132.646909,132.646909,130.472681,131.53627,60093800
2017-06-15,130.209137,131.093891,129.409104,130.952713,55145200
2017-06-16,130.884805,130.97919,129.90327,130.384598,48087400
2017-06-19,131.649235,132.687395,131.451033,132.564713,39626500
2017-06-20,132.432595,132.60247,131.479358,131.52655,40935100
2017-06-21,131.82855,132.895037,131.743613,132.828979,35743400
2017-06-22,133.036624,133.282004,132.451464,132.791229,24099100
2017-06-23,132.640254,133.470794,132.272176,133.300919,21654300
2017-06-26,134.065366,134.291867,132.385421,132.677994,34411100
2017-06-27,132.177761,132.338203,130.261869,130.271301,65957800
2017-06-28,130.752656,132.262725,129.997635,132.149475,57427200
2017-06-29,131.602035,131.602035,128.591343,129.856018,88769400
2017-06-30,130.224099,130.875316,129.478511,129.903214,68898300
2017-07-03,130.497829,130.648824,128.449807,128.534744,32797000
2017-07-05,128.940556,130.148606,128.506421,129.799408,42116600
2017-07-06,128.808427,129.355827,128.166657,128.629105,48430500
2017-07-07,129.063257,130.365692,129.053824,130.016479,36970400
2017-07-10,130.101453,131.177373,129.771121,130.865921,24853500
2017-07-11,130.677146,131.394421,130.186371,131.233978,31517700
2017-07-12,132.357094,132.942239,132.092834,132.791229,36045800
2017-07-13,132.951671,133.404701,132.696858,133.083801,31073600
2017-07-14,133.678409,134.301314,133.253706,134.131424,34544800
2017-07-17,134.272969,134.669359,133.942637,134.197464,25343200
2017-07-18,134.103149,135.122444,133.678446,135.094131,25748500
2017-07-19,135.490481,136.085074,135.433856,135.886871,33752300
2017-07-20,136.236036,136.320974,135.452689,136.066147,36139400
2017-07-21,135.56597,136.009552,135.292277,136.009552,39697100
2017-07-24,135.990662,136.726817,135.830219,136.632446,26712700
2017-07-25,136.179416,136.604133,135.915156,136.283234,28120900
2017-07-26,136.62305,136.802373,136.405982,136.726868,18610600
2017-07-27,137.623477,137.755607,134.301332,135.868027,80665900
2017-07-28,135.056335,135.981245,134.839253,135.75473,38013200
2017-07-31,136.141655,136.31153,134.886413,135.178986,33848600
2017-08-01,135.641458,135.679203,135.075178,135.490448,20149400
2017-08-02,136.36819,136.396503,134.593861,135.858536,41769700
2017-08-03,135.990636,136.066141,135.084606,135.329987,27112800
2017-08-04,135.632079,135.877459,135.018607,135.575439,29472900
2017-08-07,135.820823,136.43428,135.632068,136.43428,17933900
2017-08-08,136.170006,137.293118,135.811361,136.198318,30810400
2017-08-09,135.075238,136.0851,134.763785,136.019028,36169500
2017-08-10,135.245114,135.339485,132.970577,133.102707,63331700
2017-08-11,133.281964,134.405076,132.979944,134.112503,45862500
2017-08-14,135.17898,136.047265,135.141235,135.83963,34161000
2017-08-15,136.179447,136.188894,135.565989,135.934067,25509200
2017-08-16,136.27377,136.811737,135.716937,136.169952,31913000
2017-08-17,135.64146,135.849095,133.385803,133.385803,70191000
2017-08-18,133.461287,134.206874,132.743997,133.291397,60751900
2017-08-21,133.282055,133.574628,132.300505,133.121613,37111500
2017-08-22,133.838874,135.292319,133.791682,135.150742,36294200
2017-08-23,134.47114,134.971347,134.37677,134.669342,25702300
2017-08-24,134.971406,135.122416,133.517975,134.27301,38160800
2017-08-25,134.792065,135.131815,133.810515,133.989838,26380400
2017-08-28,134.395628,134.716527,133.970926,134.405075,15362100
2017-08-29,133.25368,135.160139,133.130982,134.933624,24498300
2017-08-30,135.046886,136.74571,134.961948,136.519196,33642700
2017-08-31,136.906166,137.991533,136.830661,137.982086,38480700
2017-09-01,138.161367,138.350122,137.425212,137.793289,22293600
2017-09-05,137.387485,137.680058,135.528218,136.556946,44794300
2017-09-06,136.906142,137.283666,135.981232,136.972214,30722700
2017-09-07,137.226988,137.642258,136.792853,137.29306,22721100
2017-09-08,137.113806,137.179878,135.962381,136.103958,27890100
2017-09-11,137.170401,137.906556,137.132656,137.670609,27126300
2017-09-12,138.057541,138.180238,137.349698,138.000916,30256700
2017-09-13,137.76498,138.208562,137.538465,138.189682,28450900
2017-09-14,137.651728,138.066984,137.293084,137.378021,35296400
2017-09-15,137.349738,138.350153,137.123223,137.849945,46422400
2017-09-18,138.009851,138.444936,137.253163,137.669342,24858200
2017-09-19,137.9152,138.104368,137.442272,137.905746,20871200
2017-09-20,137.858454,138.009795,136.42075,137.480118,34236200
2017-09-21,137.385495,137.394948,136.15588,136.638275,28841800
2017-09-22,136.203179,136.704481,136.061306,136.505859,21702400
2017-09-25,135.966767,136.042437,134.406111,135.068207,54947700
2017-09-26,135.758691,136.014076,134.945254,135.418182,29628800
2017-09-27,136.136959,137.149031,135.796464,136.638275,33249400
2017-09-28,136.307244,136.732876,135.99511,136.591003,24149400
2017-09-29,136.8653,137.678736,136.505885,137.574692,43102400
2017-10-02,137.782786,138.255714,137.082848,137.697662,27351300
2017-10-03,137.877347,138.151638,137.574666,137.990845,19715200
2017-10-04,137.726003,138.416473,137.593584,138.12326,26381100
2017-10-05,138.624612,139.551547,138.48274,139.475891,31562400
2017-10-06,139.002943,139.665039,139.002943,139.665039,23561100
2017-10-09,139.844735,139.996061,139.324512,139.504227,13704800
2017-10-10,139.977221,140.119093,138.993522,139.608337,19223100
2017-10-11,139.542063,140.052834,139.362349,140.024445,12439100
2017-10-12,139.816384,140.317687,139.627202,139.769089,14513500
2017-10-13,140.336587,140.469006,139.778535,140.308212,18409900
2017-10-16,140.6582,140.828447,140.355519,140.790619,21809400
2017-10-17,140.743341,140.989258,140.525798,140.970337,13138200
2017-10-18,141.112198,141.131119,140.591975,140.800064,17218200
2017-10-19,139.977149,140.298737,139.296132,140.279816,27680300
2017-10-20,140.847326,140.970277,140.487896,140.658157,30173300
2017-10-23,140.951417,140.96087,139.542087,139.740723,29297100
2017-10-24,140.01497,140.270355,139.456919,139.977142,20289500
2017-10-25,139.70288,140.156886,138.407062,139.447495,36179100
2017-10-26,139.362345,139.712321,138.965087,139.00293,28230200
2017-10-27,141.339183,143.316032,141.12164,143.051193,60165100
2017-10-30,142.947186,143.949791,142.814767,143.372818,31733400
2017-10-31,143.836225,144.11997,143.420046,143.91188,26319300
2017-11-01,144.488862,144.555079,143.29709,143.864609,29481600
2017-11-02,143.703845,143.760609,142.606664,143.590347,31017400
2017-11-03,144.110536,144.990174,143.618687,144.971268,26199200
2017-11-06,144.857727,145.519837,144.810446,145.463074,28693900
2017-11-07,145.349628,145.737432,145.037493,145.548264,21333100
2017-11-08,145.472578,146.172502,145.302317,146.134674,17373500
2017-11-09,144.93343,145.4442,143.874077,145.36853,40594500
2017-11-10,145.028044,145.472598,144.772659,145.359085,20150800
2017-11-13,144.81052,145.728001,144.81052,145.538818,12522400
2017-11-14,145.028076,145.18887,144.309231,145.009155,25173800
2017-11-15,144.384844,144.715899,143.561954,144.328094,24808000
2017-11-16,145.056443,146.503602,145.028069,146.172546,34790600
2017-11-17,146.210396,146.31444,145.472629,145.614502,28725800
2017-11-20,145.718489,145.850908,145.292857,145.500946,21143900
2017-11-21,146.191429,147.146753,146.125227,147.080536,20147800
2017-11-22,147.213004,147.402172,146.929244,147.2603,17299000
2017-11-24,147.411572,147.846658,147.326434,147.799362,8280600
2017-11-27,147.752091,148.083131,147.392661,147.73317,22653400
2017-11-28,148.064231,148.206118,147.269716,148.111526,25227300
2017-11-29,147.941262,147.97909,144.829389,145.529327,71986300
2017-11-30,146.144149,147.033256,145.803641,146.749496,56595500
2017-12-01,145.850923,146.834621,144.015961,146.125229,59015800
2017-12-04,147.042692,147.203485,144.299702,144.441589,51319100
2017-12-05,144.413228,146.181988,143.864644,144.536194,40604200
2017-12-06,143.99707,145.415853,143.826808,145.188843,28647800
2017-12-07,145.179392,146.096873,145.028052,145.680695,32666200
2017-12-08,146.749515,147.108945,146.096887,146.323883,28081700
2017-12-11,146.390071,147.506173,146.380603,147.458878,20821500
2017-12-12,147.392719,147.695385,146.948166,147.2603,20310300
2017-12-13,147.856171,148.016965,147.32648,147.544037,24418500
2017-12-14,147.799357,148.177707,147.279148,147.439941,24594700
2017-12-15,148.016924,149.274913,147.770992,149.114105,49816200
2017-12-18,150.098911,150.487527,149.824046,150.364304,26844500
2017-12-19,150.079971,150.231628,149.056309,149.473358,31415000
2017-12-20,149.994651,150.023085,148.724558,149.31221,38972600
2017-12-21,149.520741,149.994657,149.160559,149.331177,18638700
2017-12-22,149.103685,149.217421,148.762465,149.160553,23330400
2017-12-26,148.326501,148.544499,147.814663,148.354935,21918700
2017-12-27,148.364367,148.771943,148.231671,148.37384,22388200
2017-12-28,148.847751,148.876199,148.373834,148.553925,25393800
2017-12-29,148.686663,148.715097,147.5777,147.634567,33186000
2018-01-02,148.392841,150.260075,148.023187,150.222168,32573300
2018-01-03,150.364351,151.814535,150.335917,151.681839,29383600
2018-01-04,152.203108,152.402145,151.729192,151.947189,24776100
2018-01-05,152.667586,153.577498,152.383233,153.473236,26992300
2018-01-08,153.473249,154.146217,153.416381,154.070389,23159100
2018-01-09,154.373675,154.534805,153.61542,154.079849,24782400
2018-01-10,153.39739,153.748099,152.714949,153.71965,34004000
2018-01-11,153.985055,154.781231,153.748096,154.771744,20473500
2018-01-12,154.639041,156.070279,154.440004,155.909149,37762700
2018-01-16,156.942287,157.738464,154.999225,155.463669,41231800
2018-01-17,156.202966,157.37827,155.444696,157.141312,33849900
2018-01-18,156.894844,157.52989,156.525189,157.169724,26432200
2018-01-19,157.63421,157.918563,156.904374,157.662643,38937600
2018-01-22,157.605782,159.349792,157.425691,159.349792,26081400
2018-01-23,159.842687,160.809481,159.766858,160.667297,37989700
2018-01-24,161.008478,161.359186,158.705249,159.624649,54287400
2018-01-25,160.724168,160.781036,159.055972,159.56781,28925000
2018-01-26,160.458767,162.032175,160.145995,162.013214,32038200
2018-01-29,161.671984,161.994244,160.885281,161.226501,37277800
2018-01-30,159.757352,160.581962,159.065437,159.899521,44987700
2018-01-31,160.799992,161.122267,159.558333,160.563034,42449200
2018-02-01,159.330831,160.87579,158.686297,159.198135,38037900
2018-02-02,158.572547,158.951675,155.890177,156.022873,68478100
2018-02-05,154.563233,157.10342,149.757709,149.871445,105372200
2018-02-06,147.681932,154.032414,147.008978,153.84285,118537900
2018-02-07,153.349981,155.018178,151.842929,151.852417,91028300
2018-02-08,152.24105,152.411667,145.445084,145.445084,94184800
2018-02-09,147.501878,149.037378,142.29828,147.956848,113836600
2018-02-12,149.473388,151.606014,148.298083,150.582352,63050600
2018-02-13,149.71978,151.662827,149.492295,151.359528,31785600
2018-02-14,150.468594,154.430531,149.757718,154.193573,52107400
2018-02-15,155.577382,157.056,153.966068,157.056,51633900
2018-02-16,156.544193,158.060718,156.089223,156.35463,62256300
2018-02-20,155.804871,157.984877,155.738516,156.667389,36785600
2018-02-21,157.43515,158.970635,156.127135,156.221924,41161800
2018-02-22,156.904329,157.738427,155.804854,156.202942,37074400
2018-02-23,157.463597,159.397171,156.819063,159.397171,50096900
2018-02-26,160.145966,161.510834,160.013269,161.510834,39266700
2018-02-27,161.558219,161.823611,159.435081,159.510895,42209900
2018-02-28,160.420833,160.942144,158.382997,158.487259,42936300
2018-03-01,158.572525,159.30236,154.496838,155.899628,76809900
2018-03-02,154.022973,157.605783,153.511149,157.330917,57445100
2018-03-05,156.591586,159.482467,156.00392,159.074905,38540200
2018-03-06,159.852096,160.288105,158.743132,159.747833,29480900
2018-03-07,158.525185,160.250249,158.250319,160.117538,34609400
2018-03-08,160.781056,161.112789,160.136522,160.999054,25828400
2018-03-09,162.145848,164.126816,161.908889,164.126816,38310500
2018-03-12,164.610256,165.377998,164.240601,164.998871,37635000
2018-03-13,165.378037,166.069967,162.335499,162.752548,55638900
2018-03-14,163.605522,163.728745,162.013154,162.72403,40536400
2018-03-15,162.837859,163.529774,161.9848,162.58194,28810400
2018-03-16,162.856781,163.216947,162.022682,162.098511,31176700
2018-03-19,160.538681,160.652601,157.25385,158.639938,71395100
2018-03-20,158.7064,159.532348,158.174754,159.162094,34075700
2018-03-21,158.744412,160.215926,157.776049,158.469086,43863500
2018-03-22,156.276023,157.377297,154.358289,154.557663,66607300
2018-03-23,154.377292,155.032361,150.408912,150.484863,80110400
2018-03-26,153.532337,156.266531,151.101948,156.076645,57481500
2018-03-27,157.234868,157.234868,149.696857,151.025986,78889100
2018-03-28,150.16207,151.690559,148.139905,149.288651,89369700
2018-03-29,150.09562,153.522851,148.700043,152.022842,68692600
2018-04-02,150.940526,151.652554,146.089238,147.636703,85549400
2018-04-03,148.927842,149.924684,146.620877,149.298096,64090000
2018-04-04,146.412054,152.117771,146.241159,151.652588,65768700
2018-04-05,153.162105,153.399448,151.405762,152.516525,43054900
2018-04-06,150.836066,152.336074,147.987953,148.699982,59870900
2018-04-09,149.981667,152.734852,149.488004,149.744324,41810400
2018-04-10,152.09877,153.541804,151.016488,153.048141,48296800
2018-04-11,152.089301,153.798173,151.994373,152.165253,41622100
2018-04-12,153.086171,154.52922,153.000731,153.997574,30467900
2018-04-13,154.766499,154.994338,152.535471,153.200027,44604900
2018-04-16,154.27284,154.927908,153.304477,154.367783,28180800
2018-04-17,155.924721,158.032326,155.611427,157.690552,35536100
2018-04-18,157.690553,158.544982,156.940542,158.013336,29573900
2018-04-19,157.215844,157.586098,156.019627,156.560776,34705700
2018-04-20,156.162072,156.275992,153.541798,154.082947,49197100
2018-04-23,154.832938,155.440535,152.867747,153.693695,33040600
2018-04-24,154.424766,154.662109,149.421574,150.437408,70256800
2018-04-25,150.703237,151.244371,148.54816,150.617783,52089300
2018-04-26,152.563954,154.301305,152.070276,153.788651,43005500
2018-04-27,156.048094,156.086077,153.01011,153.88353,51043400
2018-04-30,154.244361,155.203221,152.412067,152.791824,35615300
2018-05-01,152.393062,154.557627,152.032296,154.538635,36513500
2018-05-02,154.804454,155.288643,153.44686,153.627243,38646800
2018-05-03,152.848746,154.17786,151.158867,153.608246,60337100
2018-05-04,152.943723,156.883608,152.829789,156.522842,41543200
2018-05-07,157.253843,158.336125,157.13042,157.823471,32500200
2018-05-08,157.491185,158.003839,156.513333,157.662079,26040200
2018-05-09,157.946903,159.494383,157.386777,159.380463,29122700
2018-05-10,159.893121,161.146298,159.769698,161.032364,27067600
2018-05-11,160.842495,161.260221,160.177938,160.880478,24688800
2018-05-14,161.250735,162.171627,160.889969,161.155792,21821700
2018-05-15,159.883594,159.969034,158.525986,159.370926,49361600
2018-05-16,159.579834,160.795028,159.503883,160.424774,22941200
2018-05-17,159.864608,161.022842,159.029156,159.807648,27480200
2018-05-18,159.190614,159.741251,158.744423,158.981766,26217900
2018-05-21,160.215874,160.918414,159.190551,159.8741,22954600
2018-05-22,160.60512,160.870943,159.380438,159.665237,19477700
2018-05-23,158.450053,161.032344,158.431076,161.013367,26557800
2018-05-24,160.965912,161.250726,159.342481,160.965912,27696500
2018-05-25,160.946906,161.706406,160.643115,161.127289,27460500
2018-05-29,160.396276,161.317168,159.456408,160.415268,41220500
2018-05-30,160.994412,161.84884,160.652637,161.564026,22665800
2018-05-31,161.564012,162.532375,161.041869,161.459595,35670900
2018-06-01,162.266522,164.089313,162.219051,163.994385,45543300
2018-06-04,164.412128,165.513402,164.307711,165.475433,20459600
2018-06-05,165.864659,166.263393,165.257062,165.988068,24779300
2018-06-06,166.158968,166.984916,165.323516,166.956436,25036600
2018-06-07,166.98495,167.022919,164.763425,165.598862,39600300
2018-06-08,164.820357,166.026063,164.41212,165.608337,31780300
2018-06-11,165.484937,166.462788,165.456457,166.054565,22319700
2018-06-12,166.282368,167.089339,166.102,166.927948,22511800
2018-06-13,167.184326,168.171666,166.548234,166.918503,37858600
2018-06-14,167.687431,168.883633,167.564008,168.608322,35916000
2018-06-15,167.972258,168.352015,167.193781,168.01973,49615700
2018-06-18,166.961787,168.065404,166.438512,167.922699,31633200
2018-06-19,165.801082,167.485056,165.268299,167.447006,38236000
2018-06-20,168.217656,169.330797,168.065428,168.636276,33038000
2018-06-21,169.064365,169.235625,166.847593,167.171082,43469400
2018-06-22,167.732374,167.798965,166.200614,166.800003,30073200
2018-06-25,165.287336,165.53471,161.557835,163.042023,77799700
2018-06-26,163.641342,164.649827,163.041953,163.707947,39008100
2018-06-27,164.402474,165.144567,161.367495,161.481659,52843500
2018-06-28,161.281871,163.422528,160.948874,162.870712,46407700
2018-06-29,163.650871,164.516651,163.070514,163.308365,36408500
2018-07-02,161.776584,164.450039,161.424569,164.402466,31770000
2018-07-03,165.020908,165.020908,162.337958,162.499695,25512700
2018-07-05,163.55575,164.649858,162.718511,164.516663,31626200
2018-07-06,164.897206,167.1996,164.59275,167.075912,37005600
2018-07-09,167.941709,168.617197,167.27573,168.579147,27362100
2018-07-10,168.893128,169.083406,168.122494,168.70285,23902500
2018-07-11,167.380365,168.464978,167.256692,167.846558,30280600
2018-07-12,168.588695,170.738876,168.474531,170.738876,27930100
2018-07-13,170.729333,171.157462,170.253632,170.881561,28049800
2018-07-16,170.919619,171.205043,170.187048,170.472458,21405300
2018-07-17,168.66476,171.870984,168.66476,171.50946,31034100
2018-07-18,171.528495,171.671214,170.662729,171.185989,23220800
2018-07-19,170.567578,171.138426,170.129941,170.329727,31094100
2018-07-20,170.843518,171.414351,170.10141,170.291702,35897300
2018-07-23,169.787465,170.910114,169.102453,170.834,22184700
2018-07-24,172.594052,173.20295,170.833951,171.537994,36900300
2018-07-25,171.614151,174.040218,171.528513,173.935577,35026600
2018-07-26,171.576117,172.127933,171.071875,171.300217,40873500
2018-07-27,172.384768,172.498931,168.01783,168.988251,59456100
2018-07-30,168.997744,169.092876,165.801029,166.600204,60193000
2018-07-31,167.256716,168.522084,166.324344,167.875122,47285100
2018-08-01,168.265168,169.01677,167.542107,168.512527,37101900
2018-08-02,167.323325,171.005267,167.247211,170.805466,47178200
2018-08-03,171.128889,171.338198,170.377286,171.32869,28934400
2018-08-06,171.21457,172.384792,171.00526,172.337219,24808800
2018-08-07,172.822399,173.288592,172.451353,172.965118,29895700
2018-08-08,172.727278,173.488403,172.261085,173.174438,22680700
2018-08-09,173.069778,173.75479,172.812895,173.069778,18852900
2018-08-10,171.899528,172.413294,171.100353,171.747314,33818500
2018-08-13,172.061295,173.164912,171.480939,171.557053,26089200
2018-08-14,172.213537,172.831957,171.290674,172.632156,20913000
2018-08-15,171.262082,171.804389,169.463931,170.519989,58528000
2018-08-16,171.832993,172.194531,170.748393,171.08139,27711800
2018-08-17,170.634159,171.547498,169.606642,171.11937,36092600
2018-08-20,171.499947,171.566552,170.301184,170.967163,24939000
2018-08-21,171.480899,172.622579,171.376244,171.595062,26258700
2018-08-22,171.233515,172.460833,171.014696,172.261032,18042400
2018-08-23,171.956621,173.202956,171.728279,172.013702,25776200
2018-08-24,172.584574,173.75481,172.546524,173.612091,23136100
2018-08-27,174.487362,175.381683,174.211461,175.381683,29343600
2018-08-28,175.84786,176.028629,175.267503,175.63855,20277000
2018-08-29,175.942972,177.760155,175.876381,177.665024,29175600
2018-08-30,177.322549,178.407148,176.76121,177.351089,29315500
2018-08-31,177.132261,178.083665,176.941984,177.579422,28653200
2018-09-04,177.037163,177.341604,175.866941,176.818344,29063500
2018-09-05,176.50437,176.532911,173.935584,174.534958,42623300
2018-09-06,174.610993,174.820303,171.804357,172.974579,46091400
2018-09-07,171.728283,173.792826,171.671201,172.30864,46629500
2018-09-10,173.298135,173.393281,171.947143,172.889038,26132000
2018-09-11,172.194483,174.506386,171.747323,174.220963,30116500
2018-09-12,173.964113,174.087785,172.213519,173.70723,36204000
2018-09-13,174.79182,175.895451,174.715706,175.562454,31133200
2018-09-14,175.686099,175.961999,174.354126,175.04866,31224100
2018-09-17,174.753731,174.877418,172.365714,172.527451,33071200
2018-09-18,172.670204,174.801338,172.584567,173.95459,31877300
2018-09-19,173.983117,174.392228,172.689208,173.821381,31843400
2018-09-20,175.020103,175.981015,174.601483,175.743164,33295800
2018-09-21,176.21887,176.46623,174.563424,174.782257,38605400
2018-09-24,173.514658,175.335112,172.799821,175.268387,34945600
2018-09-25,175.192093,175.640058,174.591625,175.506622,25277500
2018-09-26,175.659177,177.269944,175.287463,175.630585,36210600
2018-09-27,176.345411,177.746491,176.250093,177.117432,33113300
2018-09-28,176.621793,177.546316,176.297738,177.079285,28076800
2018-10-01,178.108691,178.737751,176.993548,177.441513,27371300
2018-10-02,177.288958,178.404101,176.63132,177.041153,25618600
2018-10-03,177.78462,178.203993,176.955414,177.231812,29128700
2018-10-04,176.516971,176.631355,172.571074,173.829193,80557300
2018-10-05,173.810096,174.391497,170.064345,171.703705,83325600
2018-10-08,171.103254,172.170738,168.634674,170.655289,66864500
2018-10-09,170.779201,172.532944,170.369368,171.208115,49097900
2018-10-10,170.14065,170.245493,163.459315,163.678528,114471100
2018-10-11,163.001783,165.270188,159.942277,161.648361,143084500
2018-10-12,166.004103,166.661755,162.916004,166.147079,102078400
2018-10-15,165.565721,165.880236,163.516513,164.136047,64885300
2018-10-16,165.861121,169.32092,165.556117,168.911087,71979700
2018-10-17,169.730783,169.902337,167.243151,168.977814,66987600
2018-10-18,168.339205,168.396389,164.35519,165.060486,82486200
2018-10-19,166.394847,167.814994,164.307522,164.90799,82923700
2018-10-22,165.899294,167.033504,164.498213,165.756332,52909300
2018-10-23,162.639603,165.965981,160.904941,165.146301,77567000
2018-10-24,164.955713,165.23211,157.302182,157.58812,102997400
2018-10-25,160.037579,164.012068,159.322743,163.039886,83481100
2018-10-26,157.454637,161.991475,156.530114,158.846191,130970900
2018-10-29,161.276604,161.896123,152.584185,155.576965,111871900
2018-10-30,155.119511,158.255254,154.4142,158.140884,92584000
2018-10-31,160.714313,163.221011,160.638062,161.858063,73828600
2018-11-01,162.096321,164.16458,160.866795,163.993011,52706800
2018-11-02,163.487852,164.460033,160.333043,161.43866,75966800
2018-11-05,161.648369,161.705554,159.246514,161.038376,39573500
2018-11-06,161.047901,163.163818,160.809622,162.258362,34410400
2018-11-07,164.202693,167.347977,163.811913,167.347977,51169600
2018-11-08,166.56641,167.0811,165.4894,166.280487,40296500
2018-11-09,164.726942,165.127249,162.182125,163.478363,50602700
2018-11-12,162.334597,162.639586,158.388686,158.531662,62578400
2018-11-13,159.275093,161.533972,158.217135,158.6651,64128100
2018-11-14,160.237746,160.790555,156.549194,157.454651,75270700
2018-11-15,157.168727,160.638067,155.796253,160.209167,73254300
2018-11-16,158.646031,160.418826,158.007445,159.646805,65390700
2018-11-19,158.884339,159.074959,153.966259,154.461884,67280500
2018-11-20,150.944922,153.813809,149.763068,151.697891,102652800
2018-11-21,153.785214,154.376141,151.764599,152.851151,42965800
2018-11-23,151.6311,153.299051,151.6311,151.745483,23503700
2018-11-26,153.870931,155.329196,153.222805,155.252945,42012600
2018-11-27,154.404703,156.167972,153.623141,155.777191,36608100
2018-11-28,156.901845,160.790558,155.805769,160.790558,70141000
2018-11-29,160.11387,161.324316,158.998727,160.266357,44885700
2018-11-30,160.485594,161.524486,159.684966,161.429169,36722800
2018-12-03,164.99378,165.1844,161.562559,164.250351,50771700
2018-12-04,163.392552,163.850058,157.759651,157.950272,70594700
2018-12-06,154.766884,159.084496,154.185483,159.06543,71715500
2018-12-07,158.369673,159.284655,153.318158,153.813782,80432200
2018-12-10,153.52784,156.101249,151.936139,155.424545,73960800
2018-12-11,157.959793,157.997926,154.62389,155.939194,59058300
2018-12-12,158.217148,159.742138,157.225914,157.311691,53780000
2018-12-13,158.341037,158.998689,156.339489,157.359329,46378500
2018-12-14,155.558003,156.129864,153.165674,153.527863,56547400
2018-12-17,152.870194,154.09018,148.848045,150.048965,74834100
2018-12-18,151.211736,152.450788,149.677219,150.992523,63642100
2018-12-19,150.763809,153.18473,146.150733,147.284943,81856500
2018-12-20,146.92279,148.56215,143.33908,145.149994,99002100
2018-12-21,145.874329,146.865563,139.841106,140.65126,141129400
2018-12-24,139.629435,141.44553,137.125133,137.163361,56163300
2018-12-26,138.673587,145.804161,137.727298,145.727707,98982100
2018-12-27,143.730007,146.415921,140.585292,146.291672,85824300
2018-12-28,147.343097,148.719512,145.020407,146.21521,77856600
2018-12-31,147.648914,148.136389,145.966638,147.448181,53015300
2019-01-02,144.322607,148.87241,144.217464,148.040833,58576700
2019-01-03,145.861494,146.492338,142.888825,143.204254,74820200
2019-01-04,145.613042,150.067271,145.039545,149.331268,74709300
2019-01-07,149.704056,151.845149,149.216582,151.109146,52059300
2019-01-08,152.495058,153.039896,150.258391,152.475952,49388700
2019-01-09,153.068526,154.387592,152.428113,153.718506,46491700
2019-01-10,152.552426,154.244256,151.692159,154.158234,38943400
2019-01-11,153.25018,153.756775,152.734017,153.594284,30176600
2019-01-14,152.294394,152.896579,151.587065,152.237045,30710200
2019-01-15,152.934732,155.419927,152.848709,155.209641,40874200
2019-01-16,155.467725,156.547832,155.123622,155.180984,33812200
2019-01-17,154.683946,157.102225,154.435432,156.404465,39329000
2019-01-18,157.503695,158.688945,156.586094,157.952942,57183200
2019-01-22,156.815474,156.891943,153.661192,154.789093,56711700
2019-01-23,155.582439,156.289753,153.240629,154.989807,38106100
2019-01-24,155.496412,156.222861,154.903794,155.993454,32417800
2019-01-25,157.245622,158.335282,156.710353,157.857361,36515900
2019-01-28,155.821372,155.916948,154.607449,155.907394,33491200
2019-01-29,155.993453,156.031695,153.88105,154.43544,30784200
2019-01-30,156.184618,158.937449,155.697144,158.363937,41346500
2019-01-31,159.338885,161.527772,159.119045,160.734421,37258400
2019-02-01,159.941059,161.154983,159.616076,160.055756,32143700
2019-02-04,160.084481,162.043961,159.94111,162.043961,26718800
2019-02-05,162.263798,163.668888,162.196897,163.477722,28156400
2019-02-06,163.515981,163.802722,162.254262,162.990265,27970000
2019-02-07,161.566023,161.967475,159.577869,160.801346,42036200
2019-02-08,159.396287,161.14548,159.214689,161.116806,29020700
2019-02-11,161.699824,162.091723,160.562369,160.963821,21434100
2019-02-12,162.139516,163.582833,161.852761,163.343872,29722100
2019-02-13,164.070296,164.557784,163.276959,163.458557,26094100
2019-02-14,162.875519,164.242381,162.330697,163.659317,30326800
2019-02-15,164.901924,164.940152,163.582857,164.347534,32521700
2019-02-19,163.840938,165.169558,163.812264,164.672516,19487700
2019-02-20,164.7872,165.43718,163.754903,164.643829,32593000
2019-02-21,164.204117,164.653364,163.171821,164.041626,25207400
2019-02-22,164.395302,165.370251,164.309265,165.255554,27735400
2019-02-25,166.51726,166.947386,165.743016,165.857727,32608800
2019-02-26,165.456273,166.555486,165.179071,166.02977,21939700
2019-02-27,165.265088,166.125355,164.175429,165.924622,25162000
2019-02-28,165.408541,166.134976,165.07399,165.542358,25085500
2019-03-01,166.737096,166.937814,165.532725,166.689301,31431200
2019-03-04,167.788526,168.027486,164.854098,166.717987,38063500
2019-03-05,166.842255,167.358403,166.02023,166.842255,22319900
2019-03-06,167.004746,167.03342,165.628331,165.895966,27194600
2019-03-07,165.475407,165.532755,163.248293,163.860031,39407400
2019-03-08,162.02481,163.697534,161.862318,163.611511,39303200
2019-03-11,164.290186,167.129039,164.261512,167.014328,30518400
2019-03-12,167.454025,168.362072,167.052573,167.931946,33953500
2019-03-13,168.80175,170.073007,168.562789,169.193634,42426100
2019-03-14,169.308343,169.509062,168.859096,168.906891,23751500
2019-03-15,169.566425,170.981083,169.451729,170.474487,38192000
2019-03-18,170.401702,171.397596,170.056972,170.880493,32935100
2019-03-19,171.579478,172.364701,170.72723,171.455002,36893300
2019-03-20,171.464599,173.188249,170.679389,172.134903,50105000
2019-03-21,171.617824,175.074695,171.598669,174.825729,42428500
2019-03-22,174.069208,174.538429,170.803851,170.985794,70794500
2019-03-25,170.363385,171.253929,169.424944,170.660233,46336500
2019-03-26,171.981675,173.025435,170.583599,171.455002,33248100
2019-03-27,171.713569,172.096596,169.108946,170.35379,37096700
2019-03-28,170.794296,171.387992,169.721809,170.746414,30368200
2019-03-29,172.06785,172.201911,171.014504,172.039124,35205500
2019-04-01,173.810659,174.528845,173.102058,174.318176,30969500
2019-04-02,174.509707,175.151285,174.069213,174.978912,22645200
2019-04-03,175.965204,177.076002,175.438546,175.98436,31633500
2019-04-04,176.032248,176.673826,174.902294,175.917343,28530800
2019-04-05,176.424905,176.932422,176.214236,176.827087,25674700
2019-04-08,176.539818,177.420792,175.840788,177.277161,22697500
2019-04-09,176.673865,177.25799,176.281252,176.654709,25631900
2019-04-10,176.884536,177.660175,176.693022,177.602722,24563000
2019-04-11,177.899583,177.899583,176.855822,177.181396,20654100
2019-04-12,177.966604,178.062354,177.210107,177.947449,24989100
2019-04-15,177.957025,178.17728,176.788774,177.976181,21073000
2019-04-16,178.627362,178.981678,178.043237,178.589066,27195700
2019-04-17,179.786027,179.958384,178.684813,179.211472,29651600
2019-04-18,179.508307,179.824296,178.387923,179.441269,28580900
2019-04-22,178.656065,180.015829,178.521989,179.948792,17936000
2019-04-23,180.408381,182.457605,180.149845,182.237366,33665600
2019-04-24,182.390645,182.62047,181.60542,181.662888,24977100
2019-04-25,183.022599,183.108777,181.413854,182.400162,29517500
2019-04-26,182.112893,182.601269,180.590342,182.562958,26359500
2019-04-29,182.562967,183.20456,182.266119,182.917282,21716200
2019-04-30,181.442593,181.796908,180.226475,181.500046,31495300
2019-05-01,182.687487,183.20459,180.791479,180.915955,34797100
2019-05-02,180.858494,181.796935,178.94333,180.130737,44110100
2019-05-03,181.624589,183.13757,181.299015,183.00351,30386200
2019-05-06,179.115721,182.132099,178.838014,181.883133,38371800
2019-05-07,179.900921,180.66699,176.683445,178.340073,58818100
2019-05-08,177.755923,179.230593,177.114345,177.889984,37165300
2019-05-09,175.907784,177.545255,174.366077,176.932404,55351700
2019-05-10,176.300386,178.004881,173.351033,177.152634,58526400
2019-05-13,172.642447,173.571302,170.507043,171.00499,67185800
2019-05-14,171.905083,173.925581,171.273075,172.881805,43360600
2019-05-15,171.742293,175.764133,171.703981,175.323639,40944500
2019-05-16,175.400263,178.177259,175.189594,177.085602,39281200
2019-05-17,175.333239,177.708038,175.12257,175.275772,44702300
2019-05-20,172.833921,173.49464,171.732693,172.316818,38608300
2019-05-21,173.801047,174.595841,173.245647,174.11705,31613800
2019-05-22,173.149963,174.34694,173.082925,173.341476,24332600
2019-05-23,171.349699,171.426307,169.626048,170.688965,45351300
2019-05-24,171.608278,172.22113,170.392145,170.602814,25903300
2019-05-28,171.08155,172.039132,169.942026,169.961182,24763800
2019-05-29,168.907902,169.492027,167.663042,168.563171,42178800
2019-05-30,169.013238,169.750581,168.314207,169.27179,30354800
2019-05-31,167.279981,167.854522,166.494757,166.571365,45446200
2019-06-03,166.121315,166.57138,162.089903,162.903839,75842300
2019-06-04,164.732806,167.548099,164.100798,167.490646,47797800
2019-06-05,169.089774,169.1185,166.983097,168.735474,34412700
2019-06-06,169.022795,170.487895,168.275883,170.076141,29913200
2019-06-07,170.985797,174.059641,170.765557,173.360596,45888300
2019-06-10,174.519255,177.008973,174.480959,175.381073,41385300
2019-06-11,177.210119,177.535693,175.026833,175.620529,41260300
2019-06-12,175.141697,175.505583,174.279879,174.605453,27758100
2019-06-13,175.333215,176.070542,174.988485,175.639633,23715800
2019-06-14,174.739545,175.342826,174.222457,174.892761,22844100
2019-06-17,175.275802,176.434483,175.084289,175.946121,20379500
2019-06-18,178.024047,179.757268,177.564397,178.502838,48177300
2019-06-19,178.742233,179.575324,177.698472,179.173141,31672900
2019-06-20,181.672447,181.710744,179.22104,180.839355,40922000
2019-06-21,180.628665,181.720308,180.188171,180.571213,39980400
2019-06-24,180.932049,181.114394,180.48099,180.576965,19375200
2019-06-25,180.452184,180.557752,177.208397,177.477112,33921100
2019-06-26,178.657543,179.780389,178.014547,178.302444,22595700
2019-06-27,178.945475,179.406126,178.494415,178.983856,19709200
2019-06-28,179.415701,179.607638,178.571176,179.214172,21179200
2019-07-01,182.649892,182.889817,180.788074,181.632599,31025600
2019-07-02,181.575017,182.371569,181.056787,182.352371,18035800
2019-07-03,182.813112,183.724823,182.62116,183.724823,15792100
2019-07-05,182.467558,183.686365,181.757375,183.350479,21415600
2019-07-08,182.160475,182.218055,181.315935,182.064514,17598800
2019-07-09,181.200747,183.206515,181.047192,182.976196,19193500
2019-07-10,184.089499,185.308307,183.753599,184.799667,28374500
2019-07-11,185.077961,185.548205,184.079866,184.665283,23736100
2019-07-12,184.866837,185.740152,184.694084,185.73056,20211900
2019-07-15,186.16246,186.364003,185.644229,186.325607,15606100
2019-07-16,186.095256,186.267995,184.799656,185.365875,20190900
2019-07-17,185.365843,185.692152,184.434934,184.454132,16765100
2019-07-18,183.580819,185.020367,183.005008,184.665283,28877000
2019-07-19,185.932092,186.018462,183.120166,183.312103,29387900
2019-07-22,183.72476,185.164308,183.72476,184.770828,18954900
2019-07-23,185.778528,185.999255,184.540508,185.980057,23786700
2019-07-24,185.269904,187.294869,185.250706,187.285263,20422900
2019-07-25,186.651871,186.680661,185.154728,185.509827,23434700
2019-07-26,186.690236,187.669133,186.59426,187.419601,20431200
2019-07-29,187.246869,187.31404,185.596186,186.776611,20451700
2019-07-30,185.346676,186.69984,185.212318,185.970474,18705000
2019-07-31,186.469502,186.594253,181.690205,183.398468,41627500
2019-08-01,183.715138,187.122072,181.603804,182.486725,63251600
2019-08-02,181.114405,181.373527,178.705565,179.799622,55214000
2019-08-05,176.03758,176.114358,171.978058,173.446396,75040000
2019-08-06,175.049124,176.392712,173.772737,175.874466,41897200
2019-08-07,173.96467,177.074086,172.640281,176.82457,49990600
2019-08-08,177.621077,180.730507,177.131636,180.672913,38418100
2019-08-09,179.809176,180.423383,177.573076,178.974243,33608900
2019-08-12,177.87064,178.408069,176.104797,176.920547,24642900
2019-08-13,176.766951,182.035689,176.603804,180.797684,40241900
2019-08-14,177.889847,178.456066,175.068329,175.394623,51000500
2019-08-15,175.624885,176.191104,173.859043,175.193024,36685000
2019-08-16,176.786152,178.456019,176.680584,178.004959,32781400
2019-08-19,180.576951,181.219948,179.943547,180.83606,22494100
2019-08-20,180.385044,181.037632,179.386949,179.434937,19902900
2019-08-21,181.008817,181.603826,180.385019,181.028015,20418500
2019-08-22,181.363961,181.824627,179.022292,180.442657,24243700
2019-08-23,179.214215,180.855292,174.242966,174.732422,55372400
2019-08-26,176.718933,177.419509,175.701655,177.371536,27598900
2019-08-27,178.609617,178.907121,176.306345,176.997314,28012800
2019-08-28,176.421476,177.928196,175.538555,177.630692,21792400
2019-08-29,179.83801,180.864895,179.156617,180.346649,25358900
2019-08-30,181.315932,181.354328,178.897501,179.91478,26319800
2019-09-03,178.715172,179.636475,177.573128,178.168137,27964200
2019-09-04,179.886026,180.893713,179.367781,180.740158,21592100
2019-09-05,182.736288,184.578909,182.669102,184.051071,33932600
2019-09-06,184.358169,184.425341,183.465642,183.868713,19487800
2019-09-09,184.444562,184.52134,182.553954,183.484863,24407600
2019-09-10,182.496365,183.052992,181.296741,182.957016,23744700
2019-09-11,183.302488,184.770826,182.880218,184.67485,25063600
2019-09-12,185.807317,186.862992,185.19311,185.442627,28689900
2019-09-13,185.173921,185.605783,184.540517,184.780441,27669800
2019-09-16,183.590433,184.338997,183.408088,183.955109,20319000
2019-09-17,183.97432,184.838058,183.58084,184.838058,20953400
2019-09-18,184.454166,184.838054,182.448398,184.761276,29781300
2019-09-19,185.087573,186.220011,184.713291,185.068375,26039400
2019-09-20,185.327452,185.519389,182.496343,183.11055,29086100
2019-09-23,183.056747,183.739514,182.441302,183.191376,22485900
2019-09-24,184.027974,184.431859,179.969876,180.758423,40820700
2019-09-25,180.575683,183.268262,179.065925,182.787445,34704900
2019-09-26,182.547021,182.710497,180.767992,182.114288,26826000
2019-09-27,182.450871,182.547041,178.623571,179.854462,40773500
2019-09-30,180.585306,181.854671,180.210269,181.566177,26307700
2019-10-01,182.229691,183.277869,179.787147,180.085251,32367600
2019-10-02,178.863969,178.892816,175.998303,176.988785,48544300
2019-10-03,176.969578,179.065948,174.844374,178.93132,39392500
2019-10-04,179.902554,181.825823,179.71023,181.566177,31887600
2019-10-07,181.046914,182.460518,180.700725,181.018066,21216000
2019-10-08,179.883339,180.65265,178.16202,178.306259,32379300
2019-10-09,179.816031,180.864209,179.277503,180.046814,20147400
2019-10-10,180.094865,182.162373,179.941,181.441147,25177700
2019-10-11,183.508728,185.239673,183.402948,183.777985,40976700
2019-10-14,183.518274,184.34528,183.335561,183.758682,14975000
2019-10-15,184.326041,186.528191,184.210649,186.095459,23234200
2019-10-16,185.460824,186.105117,185.047314,185.633911,20457100
2019-10-17,186.749354,187.037848,185.412684,186.124298,19045200
2019-10-18,185.787741,186.23971,183.393281,184.335678,27700800
2019-10-21,185.316631,186.095552,184.768492,185.970535,15801200
2019-10-22,186.701341,186.960987,184.431883,184.489594,22392300
2019-10-23,184.114515,184.883811,183.816396,184.845352,14828400
2019-10-24,186.162829,186.759052,185.345448,186.643646,18998500
2019-10-25,185.681954,188.230294,185.643496,188.134125,21507100
2019-10-28,189.009271,190.240163,189.009271,189.990143,18818700
2019-10-29,189.672803,189.961281,188.489981,188.518829,18569700
2019-10-30,188.884234,189.749714,187.797583,189.432373,21764300
2019-10-31,189.980471,190.067014,188.422628,189.51889,26801800
2019-11-01,190.336296,191.24986,190.047817,191.240234,22131900
2019-11-04,192.509578,192.83653,191.240214,192.423035,19015900
2019-11-05,192.663437,192.855761,191.894126,192.528809,15048900
2019-11-06,192.307661,192.326897,191.163313,192.0961,19725500
2019-11-07,193.057682,193.980858,192.182606,192.740341,17832400
2019-11-08,192.394189,193.528911,191.88451,193.509674,15258800
2019-11-11,192.52879,193.326933,192.269144,193.250015,10147600
2019-11-12,193.413541,194.452108,193.115437,193.8078,14778300
2019-11-13,193.134685,194.038624,193.009683,193.855911,15774600
2019-11-14,193.125024,193.827013,192.538427,193.701996,16945400
2019-11-15,194.87524,195.125275,194.250184,195.125275,18427900
2019-11-18,194.817519,195.586829,194.028986,195.279114,18365900
2019-11-19,196.019535,196.019535,194.817492,195.567566,16923300
2019-11-20,195.057939,195.644537,192.92311,194.394409,36629000
2019-11-21,194.182796,194.317439,193.355805,193.961624,17883600
2019-11-22,194.442394,194.5578,193.038416,194.086594,17189600
2019-11-25,194.923321,196.423469,194.894473,196.38501,17752800
2019-11-26,196.50996,197.009999,196.221466,196.759979,14780600
2019-11-27,197.269682,198.144773,197.029273,198.135147,16963100
2019-11-29,197.635101,197.933205,197.135047,197.231216,9854600
2019-12-02,197.240841,197.308148,194.038597,195.211792,28007000
2019-12-03,192.528812,193.759702,191.586399,193.68277,31104100
2019-12-04,194.673261,195.12523,194.384768,194.663635,15300100
2019-12-05,195.355994,195.355994,194.096256,195.048279,14962300
2019-12-06,196.471495,197.279264,196.31763,197.135025,16555300
2019-12-09,196.77922,197.702381,196.154149,196.240707,13984100
2019-12-10,196.336901,197.019668,195.634912,196.077255,21799800
2019-12-11,196.519606,197.317764,196.211876,197.115814,18780800
2019-12-12,196.913878,199.366049,196.644622,198.587112,32612000
2019-12-13,198.481298,199.933375,198.058191,199.240997,32519400
2019-12-16,200.548818,201.491215,200.481496,201.241196,21296600
2019-12-17,201.500883,201.664374,201.020066,201.356644,15996100
2019-12-18,201.529735,202.068248,201.298937,201.510498,15443300
2019-12-19,201.597038,202.83754,201.577801,202.770233,17865900
2019-12-20,203.731855,204.366537,203.164495,203.587616,27672600
2019-12-23,204.308475,204.453027,203.951904,204.125366,23774700
2019-12-24,204.308484,204.395215,203.768803,204.231384,7089000
2019-12-26,204.559049,206.052817,204.530139,206.033539,17067500
2019-12-27,206.756329,206.775607,205.31075,205.860077,18134100
2019-12-30,205.754071,205.879359,203.498971,204.51088,21815500
2019-12-31,203.855529,205.040899,203.537499,204.896347,18170900
2020-01-02,206.62138,208.317535,206.21662,208.317535,30969400
2020-01-03,205.56133,207.652599,205.542052,206.409393,27518900
2020-01-06,204.79034,207.768229,204.539779,207.739319,21655300
2020-01-07,207.816398,208.298257,207.055066,207.710388,22139300
2020-01-08,207.681506,210.225724,207.353845,209.271637,26397300
2020-01-09,210.996672,211.449621,209.811302,211.044861,23547000
2020-01-10,211.873636,211.8929,210.129292,210.505142,21898500
2020-01-13,211.372526,212.962657,211.035218,212.933746,22756900
2020-01-14,212.827697,213.184283,211.767615,212.095276,24418100
2020-01-15,212.211009,213.174728,211.488219,212.182098,25742100
2020-01-16,213.242149,214.254057,212.7892,214.2155,18805000
2020-01-17,215.179211,215.449051,214.061293,215.275589,24325200
2020-01-21,214.678076,215.718895,214.581713,215.179214,21146300
2020-01-22,216.268204,216.981347,215.477947,215.747787,20736400
2020-01-23,215.622544,216.538074,214.620267,216.441696,26496100
2020-01-24,217.453607,217.684905,213.62764,214.62027,37436500
2020-01-27,209.772742,211.324331,209.300515,210.187149,42264400
2020-01-28,211.671289,213.907125,211.112331,213.415619,26731900
2020-01-29,214.600974,214.841903,212.818102,213.762543,28924500
2020-01-30,212.384438,214.620258,211.719469,214.523895,39568100
2020-01-31,215.420143,215.449053,210.370249,211.121964,52015800
2020-02-03,212.153183,214.803412,212.008631,214.31192,25408600
2020-02-04,217.241582,219.593059,216.499514,219.217209,30691200
2020-02-05,221.857794,221.896336,218.619697,219.939987,38534800
2020-02-06,220.489316,221.896352,219.708706,221.838531,22467100
2020-02-07,220.845903,222.079462,220.248387,220.884445,25884900
2020-02-10,220.152042,223.563602,220.094222,223.55397,21478900
2020-02-11,224.787501,225.529568,223.004614,223.592484,30198000
2020-02-12,224.912798,225.876518,224.353839,225.770508,24471300
2020-02-13,224.199636,226.406546,223.929796,225.481384,22773200
2020-02-14,225.837926,226.339064,225.076594,226.127045,23438500
2020-02-18,225.02842,226.63783,224.787491,226.213791,24394500
2020-02-19,227.562974,228.854353,227.293133,228.382126,22230500
2020-02-20,227.881034,228.353247,223.467199,226.261978,42604000
2020-02-21,225.134453,225.519935,221.000104,221.915634,66017200
2020-02-24,213.63726,216.114026,212.268781,213.357788,84522600
2020-02-25,215.150326,215.863483,206.94908,207.556213,97743000
2020-02-26,208.847597,212.288067,207.103253,208.625931,79537700
2020-02-27,203.248372,208.568106,198.044294,198.179214,121822600
2020-02-28,191.433216,199.653741,190.980267,198.33345,148173700
2020-03-02,201.301649,208.712651,198.468313,208.568085,112933900
2020-03-03,209.233096,211.642394,200.087395,201.879913,131953500
2020-03-04,205.580607,210.408836,203.701343,210.302826,73086200
2020-03-05,204.973427,208.510275,202.477398,203.91333,78705500
2020-03-06,197.244405,201.561863,195.548264,200.47287,89828400
2020-03-09,186.460404,193.861776,185.140113,186.54715,116424000
2020-03-10,193.81357,196.887836,186.653128,196.704727,100599200
2020-03-11,192.117464,193.466666,185.737632,188.137299,89168800
2020-03-12,175.483634,183.858356,170.520485,170.886703,137820700
2020-03-13,180.282951,187.424099,171.667299,185.36174,134882000
2020-03-16,167.831651,177.979611,163.022703,163.157623,92054400
2020-03-17,169.103824,177.700198,163.620259,175.53183,121257100
2020-03-18,165.383891,172.717796,160.748403,170.192856,114156300
2020-03-19,169.315843,176.832856,165.403145,171.214371,120896500
2020-03-20,175.146351,176.235344,163.928659,164.506882,118983900
2020-03-23,165.069934,168.247336,159.284948,164.625687,124639800
2020-03-24,173.752222,177.53805,171.859301,177.373871,94881800
2020-03-25,178.107874,183.023656,173.819839,176.06044,88754900
2020-03-26,177.576648,186.123743,177.325552,185.331802,79887600
2020-03-27,180.531948,183.989418,178.339654,178.957748,58845000
2020-03-30,180.65751,185.901666,179.962153,185.467056,49356900
2020-03-31,185.158022,188.567199,182.724269,183.883194,62659300
2020-04-01,178.44583,181.236913,174.669655,176.070023,53715400
2020-04-02,175.036661,183.593409,174.775899,179.643387,56465300
2020-04-03,179.199189,180.667168,175.084986,177.093796,47487600
2020-04-06,183.960443,190.885034,182.714602,189.755081,64763500
2020-04-07,195.443492,195.723575,189.291523,189.677826,69904500
2020-04-08,191.36791,194.284548,189.455683,193.705093,45940400
2020-04-09,195.424176,196.264393,192.217802,193.985168,68252600
2020-04-13,193.154581,196.457522,191.947365,196.080872,42853900
2020-04-14,200.137095,205.226721,199.354821,204.608627,63959600
2020-04-15,201.344375,204.57972,200.030923,202.261856,47036000
2020-04-16,204.444492,207.032757,202.512946,205.951096,64657400
2020-04-17,208.77115,209.099509,204.821142,207.921265,62863200
2020-04-20,206.057347,208.491099,205.294393,205.458572,38249100
2020-04-21,203.391798,203.932629,196.660359,197.877228,72932800
2020-04-22,201.943124,205.081886,201.199475,203.749115,40089100
2020-04-23,204.541066,207.100373,202.908922,203.314545,43278500
2020-04-24,203.749095,206.965121,202.329408,206.520859,34231900
2020-04-27,208.790448,209.215391,207.15829,208.182007,36451700
2020-04-28,209.881776,209.881776,203.980903,204.260971,46862800
2020-04-29,208.790468,212.441089,207.776403,211.504288,48716400
2020-04-30,212.42174,212.508656,209.91074,211.417343,43359500
2020-05-01,207.158328,209.254054,204.434841,205.458572,48795000
2020-05-04,204.222382,208.075807,203.894008,207.853683,32841000
2020-05-05,209.997658,212.605241,209.427855,210.210129,37783100
2020-05-06,211.890591,213.474458,210.64475,211.504288,36455200
2020-05-07,214.227737,215.10658,212.875647,214.227737,38624800
2020-05-08,215.898551,217.298919,214.865167,217.163712,31852300
2020-05-11,215.840587,220.128606,215.608796,219.104889,35714100
2020-05-12,219.703729,220.292851,214.488545,214.517517,41054100
2020-05-13,215.03903,216.922285,209.292684,211.832657,65521200
2020-05-14,210.509527,214.276036,208.597301,214.237411,51549300
2020-05-15,211.291757,215.686026,210.857163,215.628082,55747200
2020-05-18,218.535043,220.852892,217.752769,219.645676,42398100
2020-05-19,219.906491,221.982912,218.950385,219.095245,36237300
2020-05-20,221.644889,223.827531,221.62557,223.4702,37417000
2020-05-21,223.518559,224.194597,220.524656,221.036514,43642900
2020-05-22,220.630831,222.002227,219.71335,221.799423,28762400
2020-05-26,225.372784,225.575603,220.959195,221.200638,33055300
2020-05-27,220.862594,222.523724,216.275173,222.407822,55665600
2020-05-28,221.268233,225.479004,221.210289,222.118118,42784300
2020-05-29,222.494773,225.604563,220.930211,225.372772,50691800
2020-06-01,224.50357,226.425448,224.059308,226.048798,25776000
2020-06-02,226.473766,227.623038,224.068986,227.565094,33383400
2020-06-03,228.17347,229.342062,227.294628,228.58876,37228700
2020-06-04,228.241119,229.651139,225.681812,226.985611,38716100
2020-06-05,228.134896,232.075252,227.565094,231.48613,47365600
2020-06-08,231.341242,233.407996,229.767043,233.282455,32937300
2020-06-09,232.42291,235.82242,232.23941,234.972549,35046300
2020-06-10,236.662665,239.33786,236.14114,237.792618,58084400
2020-06-11,233.871553,235.252601,225.952218,226.010162,72919400
2020-06-12,230.90661,232.17177,223.808189,227.806488,72034800
2020-06-15,224.484253,231.254316,223.547452,230.578278,45307400
2020-06-16,235.436126,236.025248,230.916315,234.537964,48890100
2020-06-17,236.034918,237.097274,234.422079,235.281616,34749300
2020-06-18,234.962901,236.160465,234.190294,235.919022,30578600
2020-06-19,238.285167,238.54593,234.15166,235.880402,49422100
2020-06-22,235.748781,238.834957,235.458558,238.709198,24068700
2020-06-23,240.305509,242.975673,239.754069,240.74086,32767400
2020-06-24,239.986257,241.214925,234.278293,235.777847,46032400
2020-06-25,235.864954,238.322277,233.291527,238.022369,36940800
2020-06-26,237.780477,237.954626,231.879011,232.401443,52824600
2020-06-29,232.159528,234.945795,229.624808,234.936111,34377800
2020-06-30,234.868462,240.083031,234.684644,239.54126,38909200
2020-07-01,239.579928,243.333648,239.038157,242.337173,34689200
2020-07-02,244.784829,245.994145,243.517469,243.981842,31956500
2020-07-06,247.135699,250.502429,247.116346,249.980026,34589000
2020-07-07,249.728496,252.388991,247.958042,248.25795,36578200
2020-07-08,249.58338,251.556961,248.151539,251.527939,30426300
2020-07-09,253.44348,254.314181,249.244741,253.646637,40312900
2020-07-10,253.501558,255.629965,250.821725,255.378418,32885300
2020-07-13,258.222803,261.009072,249.302888,250.125229,64108100
2020-07-14,247.600123,252.301958,244.5333,251.895615,72230500
2020-07-15,253.308034,254.140058,249.109294,252.40831,54523900
2020-07-16,249.622091,251.324817,247.300211,250.686295,47594100
2020-07-17,251.140937,251.837503,248.799719,250.976486,35137900
2020-07-20,251.614952,258.725731,250.36696,258.096893,40610100
2020-07-21,259.664303,259.673986,254.565837,255.407516,43243800
2020-07-22,255.900815,257.235904,254.004588,256.307129,29865500
2020-07-23,255.900884,256.607105,248.19994,249.612442,51363500
2020-07-24,245.771625,248.567562,243.140168,247.242157,54054500
2020-07-27,248.886787,252.040662,248.103153,251.653687,36445700
2020-07-28,250.870108,251.392541,248.161253,248.451477,31302400
2020-07-29,249.989704,252.176156,249.515662,251.315109,27556900
2020-07-30,249.351151,253.191938,248.199881,252.630829,41774500
2020-07-31,257.25525,257.293956,252.359943,257.13916,53686300
2020-08-03,259.277246,261.357263,259.151473,260.612335,32081600
2020-08-04,260.109257,261.676555,259.364329,261.579803,24911300
2020-08-05,262.063546,262.682701,261.173477,262.227997,21612100
2020-08-06,262.034488,266.030072,261.395966,265.701141,28048200
2020-08-07,265.159375,265.933355,260.486593,262.634338,44969400
2020-08-10,262.924557,263.127744,257.990573,261.512085,35088400
2020-08-11,260.351144,261.637872,256.016975,256.558746,43104300
2020-08-12,258.716165,263.959741,258.667775,263.011627,38773400
2020-08-13,263.785615,265.884971,262.673051,263.611481,31895700
2020-08-14,264.230657,264.501542,261.908776,263.30191,30799500
2020-08-17,265.014266,266.862104,263.340592,266.359039,24803000
2020-08-18,267.423251,269.396833,265.962388,268.922791,23529500
2020-08-19,268.884042,269.938561,266.600868,267.113617,31999400
2020-08-20,266.320292,271.302665,265.913949,270.818939,27723400
2020-08-21,271.012382,273.150443,270.364176,272.69574,34748900
2020-08-24,275.965767,276.691356,272.115296,274.398499,36418500
2020-08-25,273.624589,276.749472,273.179569,276.555969,34866600
2020-08-26,277.803954,282.708945,276.526909,282.457397,42216700
2020-08-27,283.434548,284.285911,279.313191,281.577026,49482700
2020-08-28,282.815378,283.637719,281.460951,283.008881,28021000
2020-08-31,283.531293,287.09151,283.095927,285.282379,36321000
2020-09-01,287.933167,290.274415,286.162742,290.158325,36216200
2020-09-02,293.408979,293.62182,287.226973,292.905914,50836800
2020-09-03,288.397549,288.900613,275.153124,278.055481,110083300
2020-09-04,276.265633,279.525942,262.953482,274.350067,123959000
2020-09-08,263.359863,269.164577,260.883188,261.163757,99568600
2020-09-09,266.668609,270.935049,264.114521,268.835693,64837900
2020-09-10,271.796111,273.01511,261.753949,263.476013,69667500
2020-09-11,265.227109,266.26229,258.213078,261.647552,71809000
2020-09-14,265.430183,268.197112,264.075756,266.204163,38525200
2020-09-15,269.948273,271.322068,266.175214,269.977295,41849900
2020-09-16,270.770613,271.234971,265.32385,265.672119,42321000
2020-09-17,258.841836,265.46889,258.000158,261.521698,81570800
2020-09-18,262.9439,263.234124,254.082032,258.184021,86251100
2020-09-21,253.927224,258.93862,251.644021,258.803192,57168600
2020-09-22,261.202504,264.191929,257.86481,263.611481,41128900
2020-09-23,263.292208,263.476026,254.681886,255.562271,48837300
2020-09-24,252.882478,259.954555,252.717998,256.752289,70631700
2020-09-25,257.255274,263.534031,255.697661,262.721375,55242400
2020-09-28,267.578011,268.177856,262.827845,268.177856,58438300
2020-09-29,267.616682,268.671202,266.407367,266.968506,27050000
2020-09-30,267.161848,271.941063,266.890963,268.796844,49380800
2020-10-01,272.618426,273.672946,270.731882,273.063446,50020200
2020-10-02,267.036202,273.053757,264.540188,265.381866,75497400
2020-10-05,267.345828,271.36075,267.239423,271.041504,28184600
2020-10-06,270.354541,272.037898,265.323778,266.204163,49704200
2020-10-07,268.845399,271.602615,268.255237,270.809326,27539700
2020-10-08,273.208593,273.276321,271.18662,272.250824,25443300
2020-10-09,273.895445,276.48824,273.50847,276.410828,30201100
2020-10-12,281.093315,287.778415,280.048479,284.943787,79370700
2020-10-13,286.743212,287.381705,283.56994,284.934052,64240000
2020-10-14,285.737096,286.704548,280.812766,282.554169,36949100
2020-10-15,277.852353,281.248091,277.213831,280.657959,42514200
2020-10-16,282.302587,283.724743,278.771392,279.11969,40570700
2020-10-19,281.035154,281.992951,273.58579,274.562897,36756800
2020-10-20,275.298249,278.258651,273.740665,275.153137,32195400
2020-10-21,275.404695,277.968438,274.456581,274.940308,29306100
2020-10-22,275.772282,276.672035,271.679977,274.930603,32196200
2020-10-23,275.501404,275.636861,272.608731,275.472382,24658500
2020-10-26,273.189238,276.014183,267.75216,271.3414,38421100
2020-10-27,272.337835,274.282423,271.080159,273.460083,30559100
2020-10-28,268.961496,269.570996,262.547281,262.798828,53413500
2020-10-29,264.114487,270.393244,263.6501,267.394165,43246300
2020-10-30,265.410891,266.281592,258.377522,260.612335,65838300
2020-11-02,263.001972,264.617601,258.280799,261.192841,39987400
2020-11-03,263.108336,267.81017,262.024794,265.710785,43604100
2020-11-04,274.359828,279.371225,272.695809,277.571777,75728200
2020-11-05,283.976325,285.775802,282.496124,284.80835,52054200
2020-11-06,284.150417,285.746707,280.396697,285.021118,40959800
2020-11-09,287.962262,289.403786,278.74244,279.197144,86537100
2020-11-10,275.888385,277.329879,271.486459,274.195343,69024900
2020-11-11,276.720523,280.803175,274.156779,280.329132,36102900
2020-11-12,281.296509,282.563869,277.900741,279.013306,34414600
2020-11-13,280.725663,282.080091,278.500505,281.460907,24806900
2020-11-16,281.161,283.956951,280.5515,283.657043,30168400
2020-11-17,283.85055,284.179481,282.118802,282.757324,21843500
2020-11-18,282.205909,283.821538,280.580566,280.667633,28069600
2020-11-19,280.116178,283.173331,279.448633,282.863739,22718400
2020-11-20,282.786325,283.531282,280.841766,280.928833,25907300
2020-11-23,281.925298,283.22168,278.694011,280.938507,26875600
2020-11-24,282.002693,285.379122,280.203246,284.885712,24516800
2020-11-25,285.949958,287.275363,285.001844,286.636841,23326800
2020-11-27,288.600695,290.400172,288.204036,289.277924,17163100
2020-11-30,289.597218,290.206717,285.185637,289.868103,27836200
2020-12-01,292.141605,295.208442,291.038695,293.583099,27521300
2020-12-02,292.412519,294.299063,290.574365,293.960449,23620000
2020-12-03,294.270029,295.924364,293.650845,294.376434,22828700
2020-12-04,294.42484,295.721252,293.747641,295.576111,19332100
2020-12-07,295.759871,297.617393,295.576053,297.249756,20851000
2020-12-08,296.77575,298.555859,295.024663,298.255951,18341500
2020-12-09,298.043039,298.323579,290.438848,291.503052,48839300
2020-12-10,289.471441,293.795954,288.387899,292.673706,27519500
2020-12-11,291.019354,292.151286,288.755519,292.025513,26760400
2020-12-14,293.215451,296.088785,293.147751,294.144226,28804800
2020-12-15,296.398413,297.288483,294.211961,297.288483,25709000
2020-12-16,297.685154,299.707127,296.640289,298.923492,25461900
2020-12-17,300.519824,301.109956,299.320192,300.877777,23730500
2020-12-18,301.516222,301.825814,297.598022,299.968292,41173400
2020-12-21,297.022867,299.940186,294.250952,299.407135,37095500
2020-12-22,300.308477,301.14198,297.40086,300.221252,26176300
2020-12-23,300.269697,300.628298,298.554213,298.70929,21201300
2020-12-24,298.970913,300.47317,298.89339,300.027344,16785000
2020-12-28,302.634549,303.526231,300.802735,303.0513,22497700
2020-12-29,304.379154,304.999461,302.421369,303.322723,25871900
2020-12-30,304.485694,304.805519,302.712031,303.332336,18138100
2020-12-31,303.235561,304.563369,302.159756,304.078766,21611400
2021-01-04,305.406509,305.580989,295.7823,299.785126,45305900
2021-01-05,298.796488,302.527937,298.796488,302.256531,29323400
2021-01-06,297.546201,302.27593,296.557621,298.06958,52809600
2021-01-07,300.725268,306.114051,300.696193,305.280548,30394800
2021-01-08,307.56788,309.554771,305.377465,309.205841,33955800
2021-01-11,306.249813,307.422545,304.088473,304.737854,32746400
2021-01-12,304.776554,305.862061,301.616962,304.253204,29266800
2021-01-13,304.514855,307.102618,303.913952,306.307892,22898400
2021-01-14,306.75374,307.752021,304.195021,304.669952,23500100
2021-01-15,304.456647,305.416151,301.015948,302.256531,35118700
2021-01-19,304.572955,307.170419,303.477747,306.666443,24537000
2021-01-20,310.281672,314.739997,306.763449,313.799866,30728100
2021-01-21,315.137328,317.056366,313.761072,316.310059,25130600
2021-01-22,315.273046,316.407001,314.71089,315.399048,21609400
2021-01-25,318.781608,320.148193,311.512562,318.006226,39080600
2021-01-26,318.723378,319.605358,317.143567,318.471375,25498100
2021-01-27,316.213138,316.22281,307.587181,309.593445,55264000
2021-01-28,310.795345,316.368281,310.175039,311.425323,42836300
2021-01-29,309.738847,310.843756,303.128885,304.873444,55259000
2021-02-01,308.314119,313.576931,306.288482,312.491425,35646000
2021-02-02,315.457151,318.742743,315.292373,317.589386,33930800
2021-02-03,319.663539,320.031842,316.271318,316.329468,24824500
2021-02-04,317.725095,320.157782,316.406959,320.070557,22350900
2021-02-05,321.020393,322.164049,319.382433,321.156067,22732000
2021-02-08,322.8426,323.462877,321.204639,323.3078,20462800
2021-02-09,322.377322,324.499885,322.36762,323.239929,17597500
2021-02-10,324.674308,325.129836,319.353376,322.503296,28068700
2021-02-11,324.034615,324.683996,321.892678,324.276917,22046100
2021-02-12,323.433772,326.254165,322.387042,326.089417,20346800
2021-02-16,326.884074,327.775757,324.044308,325.207367,27080800
2021-02-17,322.23197,325.32374,320.002808,323.647003,31360300
2021-02-18,320.060891,323.588785,318.248451,322.231903,32236200
2021-02-19,323.579079,323.705081,319.808884,320.826538,39157700
2021-02-22,316.445777,317.705733,312.307278,312.510803,47256900
2021-02-23,307.238329,313.247419,301.423093,311.580383,97241900
2021-02-24,308.924678,314.458865,306.230287,314.148712,58206300
2021-02-25,311.493116,314.051804,301.655652,303.196686,110182600
2021-02-26,306.123734,309.283326,301.306779,304.4664,104739800
2021-03-01,309.438419,313.964625,308.149388,313.625397,49164500
2021-03-02,314.265014,314.342538,308.34318,308.595154,48370000
2021-03-03,307.500049,308.440181,299.581651,299.639801,86301100
2021-03-04,299.271411,302.431032,290.868383,294.735535,139131600
2021-03-05,297.352357,300.075823,288.290306,299.174469,121523700
2021-03-08,298.631742,300.512004,290.286892,290.703644,88409800
2021-03-09,298.001768,304.069007,297.468717,302.169342,80391100
2021-03-10,306.424107,306.724558,300.618574,301.306702,76798100
2021-03-11,306.046191,310.01024,305.154538,308.246307,53484800
2021-03-12,304.195022,308.430478,301.801112,305.745758,69315600
2021-03-15,306.065598,309.176741,304.427637,309.011963,42955700
2021-03-16,311.202343,314.216589,309.273632,310.708038,54925900
2021-03-17,307.674508,313.877421,305.958994,311.987457,78258700
2021-03-18,307.112251,308.091158,301.975472,302.431,82718100
2021-03-19,302.266251,305.038196,300.124315,303.497162,78446200
2021-03-22,305.889264,311.255742,305.889264,309.188721,56194800
2021-03-23,310.275602,311.595373,307.024656,307.839813,53455400
2021-03-24,309.208127,309.246952,302.502452,302.64801,64803700
2021-03-25,300.804283,303.637952,298.300586,302.124054,78729000
2021-03-26,301.910497,306.976143,300.513105,306.655914,63519600
2021-03-29,306.122244,307.616686,303.230351,306.568634,54608000
2021-03-30,304.608357,305.598185,302.32784,305.025635,44635700
2021-03-31,306.811272,311.25583,306.471615,309.693451,55032500
2021-04-01,313.516859,315.108348,313.264537,314.972504,55685600
2021-04-05,317.456765,322.027482,317.214157,321.260834,42172500
2021-04-06,320.950324,322.988203,320.261297,321.037659,33537200
2021-04-07,320.562132,322.648581,319.630528,321.813995,32046400
2021-04-08,324.667048,325.356045,323.871289,325.171661,29940800
2021-04-09,323.813125,327.345505,323.075618,327.141693,36664900
2021-04-12,326.103376,327.13203,324.832115,326.714752,25833000
2021-04-13,328.238303,330.994321,328.024807,330.528534,30374000
2021-04-14,330.771173,330.897334,325.744351,326.559509,42564300
2021-04-15,329.431901,331.896802,326.278003,331.508606,36342800
2021-04-16,332.032634,332.110285,330.023837,331.89679,40860100
2021-04-19,330.324795,331.47958,326.937973,328.859436,34533100
2021-04-20,328.199481,329.480426,324.49243,326.462402,38081800
2021-04-21,325.181384,329.441586,324.094507,329.257202,36598100
2021-04-22,328.869036,329.84915,324.133333,325.288147,45936100
2021-04-23,325.91904,330.693541,325.91904,329.383484,36381900
2021-04-26,329.626011,331.809479,328.878761,331.528046,30812000
2021-04-27,331.819161,332.032657,329.140794,330.091797,33187200
2021-04-28,329.761876,330.771132,328.325629,328.97583,33615700
2021-04-29,332.246117,332.663395,326.937864,330.159698,37708900
2021-04-30,327.714233,330.198531,327.083429,327.995636,38263400
2021-05-03,329.198986,329.946207,325.802481,326.248871,29729700
2021-05-04,323.696693,324.016951,316.564025,320.377838,65147000
2021-05-05,322.425384,323.289081,318.524266,319.300598,46219300
2021-05-06,319.038653,321.862609,316.796962,321.707336,46814300
2021-05-07,324.482644,326.695224,321.881899,324.317688,53324500
2021-05-10,322.939728,323.114398,315.923508,316.127319,60700500
2021-05-11,310.246544,316.486403,309.586629,315.690643,71963600
2021-05-12,310.760918,313.080231,306.655987,307.519684,91164900
2021-05-13,310.459961,312.866608,307.529243,309.897095,69877800
2021-05-14,313.06074,317.650855,312.556097,316.738678,44370000
2021-05-17,315.030787,316.719326,311.944826,314.817291,39395000
2021-05-18,315.768293,316.991015,312.420297,312.692017,36528500
2021-05-19,307.296442,313.351917,306.947072,313.051086,66319100
2021-05-20,314.535789,319.96049,314.312609,319.106506,46466100
2021-05-21,320.659217,321.076495,316.981308,317.340363,50330400
2021-05-24,319.63057,323.803437,317.233606,322.677734,32475800
2021-05-25,324.191502,324.909611,321.949812,323.124023,31280300
2021-05-26,323.793714,324.715604,323.104716,324.249817,25444900
2021-05-27,323.803422,324.647691,322.832992,323.036774,27931700
2021-05-28,324.24017,325.647306,323.735557,324.055786,29927400
2021-06-01,325.385225,325.860755,321.629665,322.978577,31145400
2021-06-02,323.395849,324.453614,321.891694,323.609344,22047900
2021-06-03,320.775699,322.04696,318.572833,320.241974,37057800
2021-06-04,322.037248,326.122751,321.969311,325.676361,38736500
2021-06-07,325.142605,326.705013,324.453608,326.64679,32611900
2021-06-08,328.393461,329.257158,325.123117,326.801971,27282800
2021-06-09,328.170388,328.946721,326.695316,326.8797,21485300
2021-06-10,327.219326,330.392622,326.772936,330.285889,33702100
2021-06-11,330.295553,331.15925,329.645381,331.149536,21222800
2021-06-14,331.576603,334.332621,330.392677,334.322937,27827700
2021-06-15,333.973594,334.284139,331.421357,332.139496,35963800
2021-06-16,332.605217,333.672696,327.471663,330.926392,55399500
2021-06-17,329.917152,336.137613,329.868642,335.128357,59722700
2021-06-18,333.468935,334.614035,331.751254,332.498505,55414900
2021-06-21,332.689815,334.885541,330.47467,334.564911,32992600
2021-06-22,334.360951,338.130593,334.059771,337.683685,28941600
2021-06-23,337.625408,338.995305,337.013323,337.848846,27188500
2021-06-24,339.782292,341.463065,339.238223,339.937744,32581600
2021-06-25,340.501178,340.744067,338.917538,339.519897,28682800
2021-06-28,340.802305,343.784988,340.744014,343.648956,39130300
2021-06-29,343.474085,344.921693,342.638561,344.892548,29426000
2021-06-30,344.737188,345.125834,343.765632,344.348572,32724000
2021-07-01,343.99878,344.989756,342.648303,344.484558,29290000
2021-07-02,346.379089,348.759413,346.145925,348.438812,32727200
2021-07-06,349.041193,350.226492,346.349964,349.944733,38842400
2021-07-07,352.140378,352.441558,348.730208,350.683044,35265200
2021-07-08,345.621281,349.420068,344.33885,348.565094,50890000
2021-07-09,347.982209,351.217477,347.39927,350.741425,35184500
2021-07-12,352.140413,352.5679,350.566467,352.111267,25717700
2021-07-13,351.732346,355.0745,351.256293,352.111267,39723000
2021-07-14,354.452685,355.093916,351.916939,352.742767,35336400
2021-07-15,352.655338,352.859356,348.263887,350.265289,53391600
2021-07-16,351.120276,352.101556,347.0786,347.428375,47262000
2021-07-19,343.979306,345.077169,342.026499,344.581696,64404600
2021-07-20,345.514474,350.032204,343.73651,348.584595,42183700
2021-07-21,348.157071,351.275757,347.933602,351.275757,30259900
2021-07-22,351.479703,353.607413,351.479703,353.597717,30252200
2021-07-23,354.919118,358.008659,353.56867,357.726929,31960800
2021-07-26,357.03702,358.397221,356.17235,358.008575,28438100
2021-07-27,357.746199,357.746199,349.915464,354.063995,57933100
2021-07-28,355.200786,356.99817,352.907899,355.424225,42066200
2021-07-29,354.860762,357.221635,354.860762,356.055786,25672500
2021-07-30,352.130776,354.783135,352.101631,354.200195,36484600
2021-08-02,355.861455,356.444394,353.520002,354.229248,27334100
2021-08-03,354.889955,356.493016,351.703253,356.376434,35558500
2021-08-04,356.337563,357.843493,355.230005,356.891357,29602200
2021-08-05,357.707421,359.388224,356.998205,359.15506,21443900
2021-08-06,357.89199,358.863546,356.473527,357.581085,33332100
2021-08-09,358.037773,358.76644,356.93994,358.241821,25960200
2021-08-10,358.756757,359.048212,355.220279,356.405579,35130800
2021-08-11,357.668552,358.164025,354.4624,355.793427,34249800
2021-08-12,355.288299,357.435429,353.937822,357.075958,25969200
2021-08-13,357.425714,358.65958,356.930211,358.329254,19336200
2021-08-16,357.211944,358.523521,353.354867,358.48468,34856900
2021-08-17,355.735155,356.706711,352.898228,355.327118,44793900
2021-08-18,354.792687,356.19173,351.57684,351.907166,38541900
2021-08-19,349.973813,355.278499,349.721199,353.607422,48499400
2021-08-20,354.676136,357.668544,354.365231,357.270203,39486000
2021-08-23,358.309785,363.303596,358.30009,362.6138,34034700
2021-08-24,363.206451,364.323734,362.740094,363.721375,21732900
2021-08-25,363.974012,364.712404,363.225895,364.13916,20441900
2021-08-26,363.284116,363.964187,361.38957,361.826782,29133300
2021-08-27,362.45838,365.849101,361.972602,365.343903,27104700
2021-08-30,366.130748,369.929534,366.111298,369.443756,27295700
2021-08-31,369.686708,369.754694,367.597839,369.142639,29628200
2021-09-01,370.201667,371.824149,369.550712,369.75473,28138300
2021-09-02,371.105153,371.435479,368.365359,369.579803,25453400
2021-09-03,368.433421,371.114925,368.414001,370.716583,24605400
2021-09-07,370.823388,371.892105,369.667234,371.24115,23970200
2021-09-08,371.066319,371.066319,367.685324,369.949036,32949200
2021-09-09,370.172504,371.280063,368.433411,368.6763,29399000
2021-09-10,370.386268,371.10521,365.547909,365.878235,40249400
2021-09-13,368.209922,368.637409,363.575611,365.62558,48741800
2021-09-14,367.112081,367.840748,363.633924,364.58606,41826600
2021-09-15,365.042674,367.646437,362.749787,367.296661,34097900
2021-09-16,365.965615,368.12247,364.041953,367.549255,35193100
2021-09-17,367.073214,367.121779,362.157144,363.196686,60912300
2021-09-20,357.403678,359.144699,351.052386,355.691864,76203200
2021-09-21,357.520405,358.716754,355.001289,356.129547,41927500
2021-09-22,357.043883,360.914974,355.944803,359.456024,46972900
2021-09-23,360.613428,363.803663,359.971487,362.772675,44652000
2021-09-24,360.506388,363.531292,360.136783,363.113037,36056800
2021-09-27,360.068711,361.089963,357.666306,360.2146,43338100
2021-09-28,355.662774,360.166041,349.515726,350.021484,97701600
2021-09-29,351.285923,353.425698,348.825162,349.447632,58076600
2021-09-30,351.091362,352.754556,347.327277,348.163727,61384600
2021-10-01,348.786251,351.363723,344.681738,350.322998,56375500
2021-10-04,348.708377,349.039069,340.732805,342.969849,76766000
2021-10-05,344.029973,349.846328,343.806286,347.599548,47232900
2021-10-06,344.38989,350.099271,343.485348,349.826935,56806500
2021-10-07,352.87126,355.682184,352.336324,353.036621,39411200
2021-10-08,354.116256,354.349708,350.741218,351.276184,41822300
2021-10-11,349.739376,353.260333,348.494407,348.58197,34847200
2021-10-12,350.031124,350.468791,346.724178,347.366119,43905100
2021-10-13,349.671338,350.819038,347.648244,350.147919,40120800
2021-10-14,353.736892,356.810416,353.075509,356.596436,43433900
2021-10-15,357.812243,358.959942,356.781254,358.843231,40419900
2021-10-18,357.549612,362.665671,356.946584,362.451691,34513500
2021-10-19,363.521559,365.243108,362.500306,365.194489,29091000
2021-10-20,365.651584,366.264348,363.239444,364.717865,31390300
2021-10-21,363.920407,367.13982,363.618893,366.945282,25469300
2021-10-22,365.690493,366.65339,362.198745,363.861938,36275800
2021-10-25,365.282053,368.501466,363.336787,367.587189,32597800
2021-10-26,369.824267,372.236378,367.567751,368.744629,47191300
2021-10-27,369.192036,372.664344,368.929436,369.600555,45760500
2021-10-28,371.497242,373.958003,370.728854,373.705109,38007000
2021-10-29,370.63164,375.708787,370.281507,375.543427,37310100
2021-11-01,375.980993,376.953626,373.899574,376.827179,30765300
2021-11-02,376.214438,378.879473,376.165818,378.402863,25135300
2021-11-03,378.889168,382.838055,377.848473,382.41983,33748900
2021-11-04,383.684262,388.27509,383.13959,387.321899,40265300
2021-11-05,389.09203,390.016014,386.290843,387.691437,43383800
2021-11-08,387.662281,388.683534,386.524288,387.166229,29256300
2021-11-09,388.23622,388.635003,383.139632,384.501312,50490700
2021-11-10,381.729328,384.540222,376.924518,378.850342,54937400
2021-11-11,381.82655,382.001617,379.560299,379.900726,32243000
2021-11-12,381.048417,384.433191,379.453314,383.898254,34730600
2021-11-15,385.07514,385.396096,381.369411,383.810699,33716900
2021-11-16,383.081162,387.039785,382.886653,386.543762,27872900
2021-11-17,386.864728,388.780816,385.785119,386.748016,28703300
2021-11-18,388.790632,391.261099,386.57303,390.755341,45721500
2021-11-19,392.389318,394.208137,391.562574,392.93399,45191700
2021-11-22,394.470742,397.524794,388.265339,388.372314,61715400
2021-11-23,387.214968,389.276975,382.167029,386.602234,70098700
2021-11-24,384.121937,388.12918,381.797359,387.847137,46954400
2021-11-26,385.26962,386.660508,379.103131,380.494019,51533300
2021-11-29,385.055715,389.763256,384.32624,388.751709,54447100
2021-11-30,387.866548,390.210597,381.02894,383.042297,81332700
2021-12-01,387.380221,389.520025,376.05879,376.525635,77766500
2021-12-02,375.241812,381.019255,373.821776,379.239349,84416600
2021-12-03,380.60106,381.602871,368.530679,372.644928,105349100
2021-12-06,373.131125,376.992478,368.919608,375.630798,67588800
2021-12-07,382.27397,387.55536,382.235056,386.942596,56005300
2021-12-08,387.273325,388.878163,385.376678,388.673889,39204000
2021-12-09,387.448363,389.24774,382.760265,382.954803,49973700
2021-12-10,385.76561,387.380184,382.594818,387.117584,52545800
2021-12-13,387.107866,387.428822,381.155358,381.524963,50166400
2021-12-14,376.700809,379.414464,373.131262,377.576202,75199200
2021-12-15,377.323257,386.543829,373.374369,386.183929,73858000
2021-12-16,387.146827,387.574788,374.66793,376.253326,82591400
2021-12-17,372.839353,378.538997,371.322048,374.376129,80492500
2021-12-20,369.653832,371.533404,367.608688,370.744568,65336800
2021-12-21,374.016792,379.353639,370.267396,379.041992,48899500
2021-12-22,378.749803,383.862648,378.087575,383.658142,37042200
2021-12-23,384.008768,388.02113,383.843226,386.550598,29595500
2021-12-27,387.8458,392.939178,387.816585,392.939178,32820700
2021-12-28,393.835193,394.010484,390.241591,391.118073,33113700
2021-12-29,391.254296,392.520322,388.683252,391.059509,32248500
2021-12-30,390.845339,393.02684,389.30663,389.890961,23850100
2021-12-31,389.21898,390.582399,386.959582,387.456268,34752900
2022-01-03,388.624922,391.439435,386.511629,391.186218,40575900
2022-01-04,391.731554,391.770517,383.015389,386.112305,58027200
2022-01-05,384.427466,385.547446,373.997271,374.250488,75739800
2022-01-06,372.429433,377.230631,370.19925,373.98761,70814300
2022-01-07,373.997291,375.682106,368.163788,369.936218,72652300
2022-01-10,365.027939,370.6959,359.661877,370.179718,91770500
2022-01-11,369.449374,375.906173,367.365296,375.740631,68295700
2022-01-12,378.311578,380.006141,374.951726,377.230591,54576400
2022-01-13,378.61344,379.295165,366.858789,367.793701,77994000
2022-01-14,365.27139,370.41345,365.066855,370.082336,80121200
2022-01-18,364.268321,366.391362,360.109855,360.869476,75450900
2022-01-19,362.427679,364.90133,356.642857,356.905823,81791500
2022-01-20,360.129322,364.102719,351.734522,352.270142,88610700
2022-01-21,350.078946,352.718139,342.219765,342.502197,143388900
2022-01-24,336.873147,344.732326,325.420366,344.070068,198685800
2022-01-25,337.613328,341.859409,332.75367,336.094055,124398400
2022-01-26,343.690292,347.556577,331.877181,335.568176,146559500
2022-01-27,340.272026,342.093169,331.166286,332.188873,95255700
2022-01-28,334.068438,342.823568,329.121165,342.609314,108167900
2022-01-31,343.972781,354.149761,342.336648,353.56543,94326400
2022-02-01,354.909335,356.623365,349.757557,355.970856,74433000
2022-02-02,360.100122,360.431236,354.773023,358.863281,78777100
2022-02-03,349.163508,352.474678,343.252078,344.313599,95384800
2022-02-04,344.829843,351.958619,342.774979,348.657196,86318300
2022-02-07,349.25111,351.617619,344.595988,345.852295,58198100
2022-02-08,344.712868,350.828803,343.583169,349.738068,64720900
2022-02-09,354.256911,357.227219,352.659742,357.149323,55766400
2022-02-10,350.12756,356.915471,347.225432,349.06604,112468500
2022-02-11,349.066122,350.663291,336.766072,337.993164,101569100
2022-02-14,337.438112,341.810833,334.906059,338.411987,80254400
2022-02-15,343.690293,347.059892,342.628772,346.826172,55128800
2022-02-16,344.576582,347.761144,341.547814,346.738586,58947100
2022-02-17,343.52473,344.225922,336.006412,336.425201,61801400
2022-02-18,337.360179,337.749724,330.280116,332.588196,80001500
2022-02-22,329.647004,335.052029,325.615176,329.247711,85967100
2022-02-23,332.403168,333.240687,320.502409,320.814056,86215400
2022-02-24,310.510336,332.130376,309.945502,331.594727,130614100
2022-02-25,332.393432,336.941443,328.575857,336.736908,78842100
2022-02-28,333.561996,339.434462,332.403082,337.739899,77515500
2022-03-01,336.717352,338.986468,330.046301,332.568634,67407000
2022-03-02,334.117129,339.483191,331.351326,338.148987,70609000
2022-03-03,340.78818,340.895322,331.458468,333.318573,71089400
2022-03-04,330.961811,332.393409,326.170361,328.488159,76936300
2022-03-07,328.478432,329.637346,316.168633,316.373138,89933800
2022-03-08,315.584283,324.504984,311.58167,314.902588,116153900
2022-03-09,323.083118,327.592165,320.492606,326.238464,64723400
2022-03-10,322.177375,323.823226,318.174732,322.615601,69362700
2022-03-11,325.586028,325.897675,315.438233,315.925171,66228400
2022-03-14,314.688323,318.057923,309.156719,309.85791,79802600
2022-03-15,312.497056,320.356236,310.890168,319.577118,76471000
2022-03-16,323.492242,331.546182,319.820712,331.429321,105243000
2022-03-17,329.53016,335.500019,328.234919,335.441589,67810000
2022-03-18,333.785995,342.599584,332.627081,342.307404,85446300
2022-03-21,341.472717,343.695896,336.967826,341.355682,73799100
2022-03-22,341.85302,348.932105,341.472755,348.06427,63345900
2022-03-23,345.187799,348.746832,343.003601,343.062103,70615500
2022-03-24,344.983096,350.736089,342.828179,350.687317,53555300
2022-03-25,350.628754,351.681857,346.094642,350.394745,57584200
2022-03-28,350.384994,355.913707,349.146654,355.816193,56833900
2022-03-29,359.706788,362.563763,356.937566,361.939728,68073000
2022-03-30,360.07729,361.734937,356.459754,357.941864,68757700
2022-03-31,358.088042,358.439086,352.666604,353.505188,67011400
2022-04-01,353.768526,354.548578,349.65369,352.832458,54527800
2022-04-04,353.671002,360.106532,353.407742,360.096771,45950200
2022-04-05,358.643909,359.355728,350.960279,352.101135,62738700
2022-04-06,346.786936,347.888781,341.823787,344.456512,90077100
2022-04-07,343.46188,347.469471,340.000361,345.275543,63777400
2022-04-08,343.539897,344.290697,339.815088,340.448883,61956100
2022-04-11,336.2171,337.133677,332.053522,332.394806,66107400
2022-04-12,337.143378,339.025274,329.615766,330.990631,72790200
2022-04-13,331.331932,338.771792,330.610383,337.718719,61367800
2022-04-14,337.806458,338.323248,329.781545,329.996063,73519400
2022-04-18,328.94297,332.541015,327.421849,330.249573,58560600
2022-04-19,329.606038,338.206244,328.582217,337.630951,56515700
2022-04-20,338.440227,338.898515,331.487908,332.706757,65500000
2022-04-21,336.587607,339.200812,324.896416,325.822723,75801000
2022-04-22,325.9787,327.197548,316.861704,317.290741,82562100
2022-04-25,315.662448,321.678671,314.394827,321.366638,101755900
2022-04-26,319.30922,319.494487,308.963613,309.236664,105819600
2022-04-27,309.334138,314.8336,307.14997,308.866119,111204200
2022-04-28,313.829233,321.668877,309.607123,319.835724,99450000
2022-04-29,315.633195,319.075223,304.809808,305.443604,91977900
2022-05-02,305.033992,310.777222,301.933247,310.543213,115511800
2022-05-03,310.562815,313.16629,308.105625,310.874847,78185500
2022-05-04,311.352535,322.058915,306.067623,321.386108,116083400
2022-05-05,317.066558,317.144551,301.904056,305.199829,154607400
2022-05-06,303.20089,307.237702,297.506401,301.543243,139572800
2022-05-09,295.917112,301.640823,288.350486,289.744843,113387300
2022-05-10,296.92144,298.14029,289.179307,293.264893,124124600
2022-05-11,291.002699,296.511892,283.699364,284.567169,140326100
2022-05-12,280.286572,288.379719,277.839114,283.894348,120910900
2022-05-13,288.350382,295.448956,286.751238,294.415375,83684900
2022-05-16,292.670063,294.727496,289.725334,291.002686,59190400
2022-05-17,296.862841,298.920243,293.060009,298.539978,62715300
2022-05-18,294.025401,294.717699,282.626722,283.884583,79477100
2022-05-19,282.080682,287.053592,280.413275,282.363434,79920700
2022-05-20,285.825016,286.478302,273.226978,281.485901,91764200
2022-05-23,282.529173,286.546495,280.130487,286.166229,63648400
2022-05-24,280.949591,281.66138,275.216121,280.081757,73491100
2022-05-25,278.589909,286.078541,278.385151,284.001617,67144500
2022-05-26,283.202014,293.420855,282.919233,291.870453,59462200
2022-05-27,295.000516,301.54329,294.883511,301.397034,66985600
2022-05-31,301.367794,303.571453,296.745898,300.597473,60968300
2022-06-01,302.732904,304.85857,296.160879,298.374298,65341700
2022-06-02,297.252936,306.720948,295.839059,306.545441,59291300
2022-06-03,301.328767,302.732883,297.321205,298.569305,60914700
2022-06-06,303.00581,304.565942,298.003649,299.563782,51785000
2022-06-07,296.238849,302.927908,295.146765,302.147827,44900300
2022-06-08,301.348224,303.951699,299.125045,299.973389,38342100
2022-06-09,298.286465,301.348198,291.772943,291.93869,55900500
2022-06-10,286.332005,287.521603,281.193348,281.641876,85963500
2022-06-13,272.778441,275.303893,267.688526,268.5466,94442000
2022-06-14,270.740507,271.715587,266.528158,269.034119,64697500
2022-06-15,272.456668,279.681979,269.716668,275.752411,86051400
2022-06-16,268.722054,269.180342,262.569307,264.62674,81910300
2022-06-17,265.397085,270.282242,263.768719,267.844543,82703400
2022-06-21,272.325793,276.917486,272.218342,274.602081,51633700
2022-06-22,272.101064,278.607578,271.505137,274.201538,67472900
2022-06-23,276.682999,279.135162,273.84984,278.285217,57457800
2022-06-24,281.108645,288.240425,280.874186,287.820312,58422300
2022-06-27,289.178225,289.744845,284.576783,285.710052,54151500
2022-06-28,286.247405,288.836326,276.819809,277.005432,61609800
2022-06-29,276.868624,278.763916,274.367625,277.259399,57302700
2022-06-30,274.279695,277.39618,269.424235,273.820526,79313600
2022-07-01,272.521194,276.018675,270.64543,275.627899,56675100
2022-07-05,271.895916,280.463787,270.371871,280.346558,61829300
2022-07-06,280.727661,284.2447,279.008213,282.144226,63194700
2022-07-07,282.955055,288.88517,282.955055,288.181763,56620100
2022-07-08,285.348526,289.910911,284.410659,288.543182,59895500
2022-07-11,286.13016,286.35484,281.49941,282.378662,55273900
2022-07-12,283.629176,285.543997,278.050749,279.643188,55797100
2022-07-13,274.133229,281.411517,273.566579,279.066833,73939400
2022-07-14,276.468082,280.932767,273.351597,280.063293,63741800
2022-07-15,283.052737,285.250882,281.44074,285.143402,63818100
2022-07-18,287.927809,289.334625,281.558081,282.730408,59519600
2022-07-19,286.354841,291.718336,284.752652,291.425232,55172600
2022-07-20,291.845316,297.228309,291.063735,296.046204,67769400
2022-07-21,296.505466,300.354666,293.84815,300.296051,55049400
2022-07-22,299.367951,301.439088,293.203375,295.030273,57127700
2022-07-25,295.059553,295.528502,291.347141,293.349884,40582400
2022-07-26,291.650008,291.904025,286.775018,287.585876,50074100
2022-07-27,292.148187,301.429246,291.581537,299.739105,69304400
2022-07-28,299.524101,303.24629,295.772604,302.669891,55139900
2022-07-29,304.21358,309.098348,302.787206,308.189758,57501000
2022-08-01,306.42146,311.462544,305.327277,308.00412,46358800
2022-08-02,305.708307,311.20853,304.65318,307.085785,48676500
2022-08-03,308.766189,316.269215,308.707574,315.448578,53735700
2022-08-04,315.526761,317.23643,313.377451,316.923798,38973700
2022-08-05,311.83381,316.366859,311.052259,314.334808,53894000
2022-08-08,315.253196,318.94608,311.853387,313.318817,43878500
2022-08-09,311.423484,311.677502,308.150714,309.77243,39764200
2022-08-10,317.109373,318.711592,314.637682,318.418488,51459600
2022-08-11,320.743701,322.746444,315.907768,316.611176,45897700
2022-08-12,318.6627,322.971069,317.607603,322.775696,40928400
2022-08-15,321.82809,325.882442,321.808532,325.384186,38266600
2022-08-16,324.4072,326.712826,321.574041,324.622131,41186900
2022-08-17,321.486144,323.791741,318.838579,320.919495,47842200
2022-08-18,320.870677,322.87342,319.25871,321.691315,41937200
2022-08-19,318.652964,319.307506,314.657197,315.41922,51770600
2022-08-22,311.159653,311.394112,306.304193,307.115051,51098900
2022-08-23,306.880643,309.694274,306.108841,306.861115,39497100
2022-08-24,306.382363,309.567241,305.776657,307.750122,38057100
2022-08-25,309.528257,313.211392,308.482939,313.191833,38098300
2022-08-26,312.898727,314.10039,300.266723,300.354645,69047700
2022-08-29,297.599592,300.139677,296.290477,297.39444,48321900
2022-08-30,299.045491,299.660976,291.562023,294.08255,51184500
2022-08-31,296.984178,297.882989,292.265505,292.372955,50044000
2022-09-01,289.88165,292.871125,286.198546,292.499878,57990700
2022-09-02,295.372173,296.749681,286.755434,288.367432,64666800
2022-09-06,288.846068,289.764406,284.166452,286.296204,57005400
2022-09-07,286.774983,293.076316,286.511186,292.079834,49260400
2022-09-08,290.008713,294.91301,288.640984,293.594116,55649800
2022-09-09,295.850863,300.510951,293.594103,300.012695,56125200
2022-09-12,301.390186,303.910713,301.077553,303.578552,45905700
2022-09-13,294.844637,296.036522,286.042304,286.931335,79562200
2022-09-14,288.074372,290.086894,286.306088,289.207642,54907200
2022-09-15,287.29282,289.696118,282.789047,284.391266,65299400
2022-09-16,281.08912,283.043028,279.037512,282.652252,79920400
2022-09-19,280.008679,285.009869,279.949959,284.853271,52613800
2022-09-20,282.347792,284.872878,280.28273,282.582703,51271100
2022-09-21,283.424443,287.691632,277.385823,277.522827,82931000
2022-09-22,275.996018,277.004088,272.88373,274.107117,62757100
2022-09-23,271.640772,271.934402,266.22851,269.644226,74815200
2022-09-26,269.174394,273.539429,267.73569,268.528442,71176700
2022-09-27,271.895166,274.244062,266.316512,268.636078,69780100
2022-09-28,268.616581,275.262026,267.13875,273.979919,79652100
2022-09-29,269.986736,270.368447,263.116208,266.081696,81216000
2022-09-30,265.259516,269.330949,261.413197,261.569794,78482400
2022-10-03,263.341325,269.301661,261.834104,267.70636,61267400
2022-10-04,273.050069,276.827902,273.050069,276.12323,66696900
2022-10-05,272.355204,277.767465,269.55611,275.97644,55766300
2022-10-06,274.978175,278.12962,273.480751,273.803741,53489400
2022-10-07,269.164609,269.291846,262.039606,263.370667,71354700
2022-10-10,263.566431,263.957938,258.026962,260.737976,60393000
2022-10-11,259.064348,261.931959,255.472472,257.155853,66522500
2022-10-12,257.792045,259.710307,256.372935,257.06781,50580200
2022-10-13,249.727447,264.417882,248.8466,263.096619,112894100
2022-10-14,265.426028,266.023027,254.601504,255.188705,77244300
2022-10-17,261.158847,264.486453,261.06097,263.615417,64576500
2022-10-18,270.64242,271.307935,263.018268,265.699951,69781000
2022-10-19,264.183004,267.853164,262.362619,264.731079,53115400
2022-10-20,263.840396,268.988416,262.215765,263.380402,60605500
2022-10-21,262.274552,270.094431,261.139246,269.556152,77897700
2022-10-24,269.820359,273.451362,266.17956,272.521606,63963600
2022-10-25,273.461173,278.540677,271.983313,278.158966,59014500
2022-10-26,272.531318,277.933812,271.523249,272.012604,63492400
2022-10-27,270.896948,272.355215,266.54168,267.060394,57760300
2022-10-28,266.434019,275.702396,266.267625,275.232605,62651300
2022-10-31,272.981576,273.803688,270.113935,272.032227,47742000
2022-11-01,275.506683,276.064555,268.890598,269.252716,45895900
2022-11-02,269.223329,272.286694,259.954951,260.023468,79803100
2022-11-03,257.410305,258.868572,254.562258,254.943939,70038900
2022-11-04,259.876648,260.93364,253.563961,259.044739,78313200
2022-11-07,260.092001,262.43113,257.958422,261.892822,47333800
2022-11-08,263.409853,267.040856,259.8669,263.801331,63213800
2022-11-09,262.059155,262.84211,257.42985,257.713684,64862100
2022-11-10,270.133521,277.023612,268.019506,276.730011,99256700
2022-11-11,276.544078,282.494647,275.203251,281.829102,66961800
2022-11-14,279.773834,283.052516,278.384084,279.362793,55290700
2022-11-15,285.988667,287.01633,279.88153,283.228729,73985400
2022-11-16,281.271288,283.316787,278.540681,279.362793,48859800
2022-11-17,274.899865,280.224046,274.743268,278.746185,55462100
2022-11-18,281.760595,281.858442,276.309178,278.755951,53588600
2022-11-21,277.366259,278.521129,275.056519,275.888428,40083500
2022-11-22,276.622473,280.018567,274.488864,279.862,41873400
2022-11-23,279.88154,283.297226,279.70538,282.670868,46390000
2022-11-25,281.07552,281.780192,280.321925,280.811279,15498800
2022-11-28,278.834263,280.850402,275.761132,276.690887,38714200
2022-11-29,276.916002,277.317277,273.226279,274.596466,35618900
2022-11-30,274.860706,287.221809,274.009234,287.114136,74718100
2022-12-01,287.437193,289.453332,284.687021,287.466553,51547300
2022-12-02,282.396777,287.202243,282.220586,286.321381,53583200
2022-12-05,284.197645,285.469956,280.057694,281.515991,41482100
2022-12-06,281.359363,281.496366,274.29308,275.682831,53937600
2022-12-07,274.498592,276.553887,272.844571,274.557312,45614300
2022-12-08,275.907942,278.775553,273.833083,277.806641,42594900
2022-12-09,276.788721,279.558485,275.594695,276.035126,47860500
2022-12-12,276.211368,279.558567,275.173938,279.499817,35732500
2022-12-13,290.334099,290.559213,279.822771,282.504425,80667700
2022-12-14,281.917225,285.205704,277.160712,280.410034,64984400
2022-12-15,276.318963,276.984508,269.800786,270.994812,60554100
2022-12-16,270.319506,271.856057,266.805913,268.411011,68300400
2022-12-19,268.680786,268.769077,263.40272,264.638855,44167900
2022-12-20,263.47145,266.179164,261.89197,264.432892,51064200
2022-12-21,265.472733,269.573524,264.629013,268.268738,46394700
2022-12-22,265.256972,265.384513,257.487023,261.705566,60278400
2022-12-23,260.439955,262.961267,258.536711,262.294128,39373600
2022-12-27,261.685914,261.793846,258.046218,258.585785,38009000
2022-12-28,258.183529,260.439938,254.808707,255.171692,47139000
2022-12-29,257.977498,262.333373,257.28096,261.391571,45893600
2022-12-30,258.624986,261.36213,257.3202,261.234589,37858300
2023-01-03,263.559691,265.031269,257.163241,259.468719,42335300
2023-01-04,261.587805,262.382455,257.555664,260.704834,47754900
2023-01-05,259.037129,259.203891,256.309804,256.623718,45396700
2023-01-06,258.360131,264.825262,255.407154,263.706848,54659700
2023-01-09,265.698424,270.07394,264.805693,265.41394,45568700
2023-01-10,264.383751,267.768393,263.873614,267.660461,35247800
2023-01-11,268.729882,272.399008,267.945022,272.291077,44077000
2023-01-12,272.850263,274.792757,268.553249,273.762634,60600000
2023-01-13,271.260966,275.891534,270.927412,275.646271,44802900
2023-01-17,275.450106,277.490712,274.282651,276.205536,36269700
2023-01-18,277.745722,279.295802,272.408825,272.614838,47754500
2023-01-19,270.986287,272.124312,268.700448,269.936554,44150400
2023-01-20,271.5455,277.657437,270.485947,277.323883,60613600
2023-01-23,278.167607,284.711209,277.372956,283.484894,52799900
2023-01-24,281.866123,284.063671,281.346167,282.906036,44875100
2023-01-25,278.39324,282.896267,275.852317,282.278229,50872000
2023-01-26,285.702065,287.958473,283.053211,287.781891,51596300
2023-01-27,286.467313,292.608711,286.349592,290.646606,56441900
2023-01-30,287.379622,288.80216,284.397245,284.77002,49405800
2023-01-31,284.809295,289.135739,284.701394,289.037628,46705100
2023-02-01,288.831632,297.680713,286.761596,295.218292,67562200
2023-02-02,301.742268,307.736483,300.918188,305.813629,83070600
2023-02-03,299.162106,306.470958,298.769691,300.378601,76170800
2023-02-06,297.759236,300.113756,296.49367,297.837708,40802300
2023-02-07,297.710205,305.13678,296.59182,304.008575,67584000
2023-02-08,302.693907,303.635709,297.916187,298.602905,56720900
2023-02-09,302.988237,303.135389,294.511959,295.963898,49137800
2023-02-10,293.80556,295.855956,291.617803,294.021393,50050100
2023-02-13,295.424266,299.319045,294.246992,298.730408,39636700
2023-02-14,297.150958,301.889427,295.208463,300.937805,64079100
2023-02-15,299.122884,303.410079,298.436166,303.243317,43100600
2023-02-16,298.612715,302.585965,297.40601,297.553162,59498600
2023-02-17,295.365383,296.209074,292.451657,295.453674,58230700
2023-02-21,291.627642,293.06979,288.3215,288.458832,46526700
2023-02-22,289.037698,290.74472,287.016732,288.674713,51389200
2023-02-23,292.324158,292.481129,287.006841,291.195953,69294400
2023-02-24,286.231808,287.418873,284.554187,286.320099,74332000
2023-02-27,289.479169,290.872247,287.781937,288.370575,48995000
2023-02-28,287.742689,290.509264,287.409135,287.997772,48243100
2023-03-01,287.703399,288.360688,284.701382,285.682434,58287000
2023-03-02,283.190652,288.851315,282.906138,288.046844,53565900
2023-03-03,289.793047,294.237212,289.28288,294.00174,60511500
2023-03-06,295.237878,298.239896,294.139104,294.335297,56736300
2023-03-07,294.384372,295.306564,290.116789,290.725037,65955800
2023-03-08,291.146879,292.775429,289.292706,292.177002,50876300
2023-03-09,292.677358,295.277171,286.300517,287.114807,71456700
2023-03-10,287.281513,288.772732,281.934797,283.082611,98593600
2023-03-13,281.29714,288.890475,279.786311,285.182098,97123600
2023-03-14,288.733547,292.284952,287.889856,291.735565,73602500
2023-03-15,289.125979,293.599576,287.683831,293.266022,83631500
2023-03-16,292.353605,301.359658,291.558955,300.996674,98198100
2023-03-17,300.908405,303.292355,297.621873,299.574158,89923700
2023-03-20,298.95711,300.961534,296.746325,300.637299,56359500
2023-03-21,302.572957,305.383096,301.059789,304.931122,49757000
2023-03-22,304.862363,309.755579,300.617678,300.784698,75791900
2023-03-23,304.51846,308.674717,301.659175,304.35141,74576000
2023-03-24,303.928944,305.569821,301.600255,305.471588,57195200
2023-03-27,306.169191,307.250026,302.52386,303.378693,50287400
2023-03-28,302.799021,302.828497,299.458255,301.767303,48585900
2023-03-29,305.461696,307.888647,304.646145,307.269623,53274300
2023-03-30,309.745736,310.80693,307.358096,310.17807,58354800
2023-03-31,310.404052,315.572385,310.099457,315.336548,62138100
2023-04-03,313.214207,314.835473,311.88776,314.57016,47126800
2023-04-04,315.012335,316.024383,312.290594,313.509003,45875400
2023-04-05,312.555877,313.499137,308.596117,310.413879,62795700
2023-04-06,308.763151,312.99803,307.367916,312.506744,46916500
2023-04-10,309.578677,312.379011,307.790391,312.329865,45134700
2023-04-11,312.290582,312.349564,309.814513,310.325439,40113600
2023-04-12,312.280796,312.870344,307.122297,307.584106,62813300
2023-04-13,309.342944,314.078945,308.163876,313.60733,54613800
2023-04-14,312.05477,314.776481,310.109268,313.0177,56278300
2023-04-17,312.605013,313.636731,310.531802,313.28299,43007000
2023-04-18,315.395524,315.818053,312.103935,313.302643,46746900
2023-04-19,310.895311,314.216406,310.767572,313.155212,38960100
2023-04-20,310.187895,313.705487,309.480443,310.767609,62462100
2023-04-21,310.404107,311.868128,308.625655,311.091888,59002300
2023-04-24,310.865827,312.202109,308.271825,310.443329,44043100
2023-04-25,308.812324,309.480465,304.489017,304.58725,57121600
2023-04-26,307.977092,309.450949,305.913687,306.434448,55400500
2023-04-27,310.197743,315.267784,309.559048,314.766693,65430400
2023-04-28,314.530799,317.026538,313.400849,316.93811,59712600
2023-05-01,316.476322,317.98949,315.493751,316.574585,41013400
2023-05-02,316.505803,316.830069,312.074398,313.813568,56519400
2023-05-03,314.177065,316.849659,311.65185,311.759949,59882100
2023-05-04,311.533988,312.683609,309.627798,310.659515,50224500
2023-05-05,312.919413,318.117222,310.698793,317.26239,51806100
2023-05-08,316.800577,318.392337,315.719743,318.048431,36465800
2023-05-09,316.387921,317.252589,315.71978,316.03421,31768800
2023-05-10,318.470933,320.328007,315.994865,319.473175,60446600
2023-05-11,320.023393,321.055081,318.470914,320.514679,44278500
2023-05-12,321.045301,321.467829,317.311542,319.365112,48432800
2023-05-15,319.836732,321.330229,318.313728,321.094421,33375600
2023-05-16,320.377143,323.167641,320.337832,321.457977,40019200
2023-05-17,322.519128,325.928651,321.340061,325.348938,47486100
2023-05-18,325.74197,331.607921,325.72233,331.391754,64213500
2023-05-19,331.607951,332.315403,329.583856,330.64505,61554900
2023-05-22,330.389491,332.767326,330.379656,331.75528,43015900
2023-05-23,330.03583,331.185421,327.196185,327.549896,48216700
2023-05-24,325.594571,327.107739,323.81612,325.86969,62891200
2023-05-25,333.229225,335.066628,330.802272,333.799103,66862800
2023-05-26,334.820991,343.163011,334.722728,342.32782,63007000
2023-05-30,346.56268,347.761418,342.455539,343.88028,72652200
2023-05-31,342.298309,344.489453,340.470741,341.924927,65105400
2023-06-01,341.669444,347.201294,340.618086,345.874847,50488600
2023-06-02,347.633681,349.628299,345.8749,348.468872,53372100
2023-06-05,348.252668,351.269168,347.68279,348.714478,47266200
2023-06-06,348.105311,349.618479,346.778834,348.655548,41390400
2023-06-07,348.940531,350.895838,342.111649,342.740509,69225900
2023-06-08,343.035235,347.456805,342.809262,346.994995,47153900
2023-06-09,348.449242,351.426431,346.877122,348.321503,53196900
2023-06-12,349.982048,354.305355,349.009312,354.207092,44606500
2023-06-13,356.958278,357.763964,353.755087,356.928802,57097800
2023-06-14,356.93863,359.807751,354.138326,359.522797,69525600
2023-06-15,358.255272,365.290486,357.636278,363.806824,71138800
2023-06-16,366.223919,366.351658,361.075256,361.517395,80932000
2023-06-20,360.065173,362.397056,358.038302,360.999878,49204700
2023-06-21,359.858506,360.291433,355.155375,356.080261,53378300
2023-06-22,354.830697,360.439017,354.427286,360.281616,47603000
2023-06-23,356.385342,359.01242,355.01771,356.710052,48922900
2023-06-26,356.178668,358.972995,351.839582,351.928131,52685500
2023-06-27,353.472852,358.707307,352.744761,357.979187,49428100
2023-06-28,356.158965,360.625936,356.080235,358.677795,46498000
2023-06-29,358.382642,359.022214,356.316436,357.959564,46151000
2023-06-30,361.639416,364.532141,361.324585,363.47937,58712500
2023-07-03,364.118864,364.96502,363.036547,364.335327,19432900
2023-07-05,362.770922,366.027691,362.731557,364.3255,34460900
2023-07-06,360.616137,361.993618,358.658118,361.550842,49374700
2023-07-07,361.324533,364.52227,360.124151,360.350433,47133700
2023-07-10,360.075005,361.147473,357.566024,360.468567,48498800
2023-07-11,360.891607,362.702014,358.75649,362.24942,38214100
2023-07-12,366.352354,368.17261,364.345151,366.824646,61975400
2023-07-13,370.002702,373.879345,369.422193,373.052856,46960000
2023-07-14,373.48584,376.703244,372.09851,372.974213,55148500
2023-07-17,373.692435,377.332947,373.210324,376.457245,40868900
2023-07-18,375.817683,380.904558,373.88921,379.536896,55262000
2023-07-19,380.599532,381.740882,378.120037,379.448334,54093000
2023-07-20,376.457226,377.923286,369.67804,370.701324,71941700
2023-07-21,373.082378,373.810498,369.156551,369.589478,60499600
2023-07-24,370.563522,371.508076,368.320188,370.17981,40380100
2023-07-25,370.888284,374.351668,370.868587,372.688843,38894400
2023-07-26,371.645923,373.141469,369.14676,371.449127,47075700
2023-07-27,376.909858,378.523469,369.274637,370.563568,63940200
2023-07-28,374.617305,378.336517,374.105677,377.313263,56902900
2023-07-31,377.618256,378.690724,376.191562,377.51001,44019900
2023-08-01,376.162077,377.391976,374.568133,376.634369,41060600
2023-08-02,373.161126,373.161126,367.129698,368.369446,72687100
2023-08-03,365.958827,369.904352,365.791548,367.779083,47666400
2023-08-04,369.707551,372.019767,365.555412,366.05722,61702800
2023-08-07,367.867654,369.254984,365.535771,369.156586,37230400
2023-08-08,366.647575,366.667243,362.888998,366.017853,44726500
2023-08-09,366.303222,366.460653,361.236046,361.993652,51150900
2023-08-10,365.00439,368.33986,361.137596,362.662659,72035300
2023-08-11,360.104454,362.08214,358.825371,360.350433,48707200
2023-08-14,359.553545,364.512505,358.835303,364.39444,42130800
2023-08-15,363.420282,364.217284,359.8585,360.527588,45539900
2023-08-16,359.98649,361.521401,356.611655,356.710052,53190500
2023-08-17,358.107149,358.451526,352.400431,352.81366,62604300
2023-08-18,349.547038,353.630295,349.005864,352.37088,61191400
2023-08-21,353.836924,358.727002,353.374481,358.048096,50696500
2023-08-22,360.655536,360.665385,356.847774,357.53653,44530200
2023-08-23,358.717135,364.266451,358.500671,363.174286,51770600
2023-08-24,366.647593,366.74596,355.20461,355.411224,66842500
2023-08-25,356.247514,359.858479,352.813617,358.166138,69960500
2023-08-28,361.088434,361.796857,358.392506,360.862152,40910000
2023-08-29,360.66535,369.097543,360.34067,368.743317,58492400
2023-08-30,368.851573,371.380252,367.847956,370.799713,41731500
2023-08-31,370.878396,373.61369,370.809515,371.911499,35730700
2023-09-01,374.282754,374.705832,370.032217,371.517944,39801200
2023-09-05,370.711152,373.210315,369.786266,371.990265,32344200
2023-09-06,371.212969,371.557347,366.706633,368.713806,42998700
2023-09-07,364.256618,366.854178,363.213666,366.076874,52060700
2023-09-08,366.02772,368.822047,365.62431,366.588531,35800100
2023-09-11,369.619027,371.419586,367.651189,370.907959,39936600
2023-09-12,369.235235,370.888242,366.509791,366.795135,41391000
2023-09-13,367.031274,369.796084,365.899773,368.192291,46300700
2023-09-14,369.94371,372.187044,367.877504,371.203125,48039400
2023-09-15,369.864947,370.268357,363.912219,364.846954,69811200
2023-09-18,363.906939,366.340737,363.621181,365.227295,36903500
2023-09-19,363.906987,365.247039,361.423902,364.448914,37621700
2023-09-20,365.513075,365.867784,359.118177,359.197021,45514200
2023-09-21,355.51181,356.300103,352.447407,352.614899,69734800
2023-09-22,354.359068,356.497246,352.348959,352.664276,51589700
2023-09-25,351.698582,354.428002,350.713238,354.339294,39168000
2023-09-26,351.757655,352.299612,348.033059,349.018402,53657700
2023-09-27,350.171286,351.747841,346.210187,349.836273,56066000
2023-09-28,348.919863,354.891071,348.06262,352.762726,56453300
2023-09-29,356.240982,357.630319,351.787211,353.01889,64829600
2023-10-02,353.284984,357.364289,352.674076,355.965118,51625100
2023-10-03,353.521428,355.718754,348.10204,349.718018,60478500
2023-10-04,350.555497,355.324553,350.092384,354.477173,54786700
2023-10-05,354.467338,354.871332,349.934783,353.432739,45897400
2023-10-06,350.437331,360.546963,349.649069,359.354706,75049100
2023-10-09,356.989776,361.729274,355.492066,361.187347,45304800
2023-10-10,361.52242,365.838228,361.019916,363.187653,46968800
2023-10-11,364.517845,365.966301,362.793495,365.779083,38215100
2023-10-12,366.281601,368.26212,362.113589,364.507965,49587900
2023-10-13,365.138652,365.720001,358.526977,359.926178,52469900
2023-10-16,361.24649,365.04993,361.098694,363.995605,44201100
2023-10-17,360.448421,364.498197,358.329939,362.803406,50999100
2023-10-18,360.310497,362.517656,356.71397,358.044189,54280500
2023-10-19,359.463089,360.655346,353.895905,354.694031,72274200
2023-10-20,354.191464,354.762979,349.17607,349.40271,72559700
2023-10-23,348.082351,353.99441,345.973702,350.457031,60665200
2023-10-24,352.270082,354.6349,350.57529,353.866333,47082100
2023-10-25,351.471907,351.649261,344.62376,345.205109,71190500
2023-10-26,344.003012,344.9391,337.33225,338.623047,78621400
2023-10-27,341.35245,343.727131,339.036888,340.248871,63476700
2023-10-30,342.731903,345.402204,341.372154,344.081848,55298500
2023-10-31,344.111409,346.101791,341.539647,345.727356,47671900
2023-11-01,346.56496,352.289802,346.46642,351.728149,58992700
2023-11-02,356.241074,358.349693,355.019227,358.11322,58162400
2023-11-03,359.403949,363.611354,359.177309,362.320557,53280500
2023-11-06,363.089075,364.360176,361.532246,363.798523,38848700
2023-11-07,364.84302,368.104504,363.6409,367.237427,50777400
2023-11-08,367.61184,368.311455,365.187904,367.473907,35663400
2023-11-09,368.163648,369.30662,364.153294,364.645966,53859400
2023-11-10,366.370313,372.99182,365.838219,372.844025,58309800
2023-11-13,371.267508,372.73566,369.740208,371.681335,40733500
2023-11-14,378.086061,380.598704,377.56383,379.682312,67792600
2023-11-15,381.574132,382.066803,378.608239,379.968018,54141400
2023-11-16,379.199497,380.529716,377.938259,380.293243,45343500
2023-11-17,379.564045,381.396799,378.657546,380.381897,46571900
2023-11-20,380.391678,385.673133,380.391678,385.012939,44429600
2023-11-21,383.308339,383.525116,381.032199,382.776245,43337000
2023-11-22,384.845491,387.308849,383.337917,384.342957,44121000
2023-11-24,383.939019,384.530231,382.80588,383.801086,15718800
2023-11-27,383.308345,385.416964,382.589034,383.466003,34139700
2023-11-28,382.71722,385.052479,382.362481,384.47113,35491100
2023-11-29,386.934412,388.363171,383.751743,384.096619,38811700
2023-11-30,384.362691,384.825804,380.165149,383.131012,52834400
2023-12-01,382.066888,384.816005,380.411518,384.224792,40490100
2023-12-04,380.431197,380.933732,377.051477,380.657837,51186900
2023-12-05,378.756127,382.805874,378.578743,381.613617,42933000
2023-12-06,384.549865,384.648405,379.061526,379.406372,41994100
2023-12-07,382.382154,385.535235,381.288408,384.70755,49593500
2023-12-08,382.973357,386.865445,382.786139,386.422058,46687500
2023-12-11,385.998305,389.988962,385.791391,389.7229,41198000
2023-12-12,389.762349,392.945019,388.629211,392.826782,39221200
2023-12-13,393.76284,398.433357,392.994273,397.822449,55408100
2023-12-14,399.044292,400.344922,394.472285,397.4776,55447800
2023-12-15,398.256046,400.581472,397.655001,399.399048,62896600
2023-12-18,399.79196,402.81313,399.46616,401.914673,46610000
2023-12-19,402.368883,404.086795,402.181292,403.968323,35711900
2023-12-20,403.168604,405.2617,397.787745,397.965454,54042400
2023-12-21,401.894965,402.961278,399.337832,402.595947,45568900
2023-12-22,403.810401,404.768094,401.322387,403.198273,34314000
2023-12-26,404.057212,406.337899,403.958475,405.666534,22722500
2023-12-27,405.949015,406.778789,405.089577,406.49231,31980500
2023-12-28,407.648123,407.89508,405.939165,406.294769,27029200
2023-12-29,406.27503,406.630665,402.620044,404.536438,42662100
2024-01-02,400.901184,401.148142,395.369327,397.690735,58026900
2024-01-03,395.06311,396.120096,393.047957,393.482574,47002800
2024-01-04,391.615607,394.727267,391.240226,391.45755,39432800
2024-01-05,391.625477,394.697616,390.528969,391.921814,44922800
2024-01-08,393.146711,400.308483,392.998542,400.022034,42473800
2024-01-09,397.01899,401.740819,396.821412,400.812256,39132900
2024-01-10,401.128418,404.536416,400.239376,403.528839,33962800
2024-01-11,404.803148,406.195993,399.320669,404.3685,54536200
2024-01-12,405.405671,406.245333,403.183052,404.575897,39595000
2024-01-16,403.341171,406.116973,401.879171,404.536438,43903000
2024-01-17,401.227194,402.629897,398.016745,402.254517,54386000
2024-01-18,405.52426,408.547019,404.180824,407.964203,59562500
2024-01-19,410.167012,416.21253,409.584196,416.054474,70325100
2024-01-22,418.257418,419.561362,415.995277,416.59787,44880600
2024-01-23,417.289298,418.543862,415.451947,418.326538,33003800
2024-01-24,422.238342,424.619017,420.154003,420.647919,46948000
2024-01-25,423.14711,423.818857,418.820437,421.161591,44367200
2024-01-26,419.274865,421.023315,418.000555,418.652527,37137000
2024-01-29,419.10694,423.137306,418.454968,422.939728,38694700
2024-01-30,421.902503,422.475432,419.215602,420.12439,36739000
2024-01-31,415.728509,417.723916,411.717919,411.895721,64010600
2024-02-01,413.693579,417.239887,412.725494,416.745972,51008600
2024-02-02,418.642626,425.004258,417.644938,423.789246,59602400
2024-02-05,423.848534,424.381941,419.828056,423.236084,39889200
2024-02-06,424.381974,424.984566,420.045412,422.386566,35846100
2024-02-07,425.172212,427.562745,423.868268,426.732971,37712700
2024-02-08,426.851507,428.283873,426.169931,427.523254,29889900
2024-02-09,428.659276,432.521697,427.869023,431.731415,36943900
2024-02-12,431.622741,433.79598,429.3606,430.042206,33203300
2024-02-13,422.080305,426.02174,420.154023,423.334839,64491700
2024-02-14,426.011858,428.372758,423.660817,427.947998,45092700
2024-02-15,428.639504,429.686602,426.080996,429.222321,38796100
2024-02-16,429.597666,429.696425,424.618991,425.330231,53716500
2024-02-20,423.334855,424.846235,418.346322,422.119843,53999500
2024-02-21,419.383505,420.519534,416.499056,420.430603,49779000
2024-02-22,429.202563,433.776224,428.432056,432.739014,53887800
2024-02-23,434.29973,435.228293,430.486718,431.464661,39853900
2024-02-26,432.274698,433.262528,431.049767,431.237457,33043200
2024-02-27,432.343814,432.659896,429.735926,432.274658,33713200
2024-02-28,430.131079,431.356009,429.014826,429.973022,32938800
2024-02-29,432.897066,434.734416,429.726107,433.657684,42495200
2024-03-01,434.54666,441.145361,434.487393,440.187164,43853000
2024-03-04,440.187194,440.611984,438.369589,438.616547,34325700
2024-03-05,435.574067,435.583955,428.372773,430.743561,57917100
2024-03-06,434.961606,436.611266,431.573354,433.450226,46234500
2024-03-07,437.036049,441.283709,435.495006,440.029175,44526700
2024-03-08,440.384808,443.180386,433.005712,433.677429,72096000
2024-03-11,432.185765,433.321764,430.140949,432.06723,45860000
2024-03-12,434.378819,438.616591,431.148593,438.260986,55300900
2024-03-13,437.263244,437.28302,433.776203,434.892456,37928700
2024-03-14,436.127256,436.650805,431.079456,433.79599,52195200
2024-03-15,430.763326,433.52924,427.473833,428.639496,73069800
2024-03-18,433.964021,436.248925,432.490187,432.7276,47323800
2024-03-19,430.719684,434.211336,428.622688,433.805786,43004100
2024-03-20,435.002603,439.285552,433.301286,438.949249,43653500
2024-03-21,444.003801,444.458796,440.82868,441.026489,39345700
2024-03-22,440.512105,442.628842,439.661431,441.530914,28253900
2024-03-25,438.73165,441.412233,437.732643,439.928528,27789200
2024-03-26,441.45179,442.37171,438.276669,438.504181,34142000
2024-03-27,441.590237,441.689157,437.12922,439.997711,41359200
2024-03-28,439.948301,440.798974,438.830571,439.186676,36839600
2024-04-01,440.136227,442.668415,438.207398,440.116455,38729000
2024-04-02,435.299336,436.634677,433.271618,436.318146,44259700
2024-04-03,434.19152,439.176778,434.181649,437.297424,39949800
2024-04-04,441.481476,442.094766,430.383358,430.61087,57267700
2024-04-05,432.035172,438.355771,431.224072,435.685089,54744600
2024-04-08,436.614919,437.693075,434.428935,435.813721,28144900
2024-04-09,438.148107,438.425064,432.688081,437.426056,39443600
2024-04-10,432.252858,434.468516,431.540679,433.607971,61502200
2024-04-11,435.477386,441.481423,433.202353,440.53186,45474600
2024-04-12,436.308308,437.435908,432.134149,433.509033,53665000
2024-04-15,437.257824,437.346843,425.536547,426.377319,63453600
2024-04-16,426.219061,429.048008,425.032115,426.416901,47619000
2024-04-17,428.395194,428.414966,420.284259,421.21405,56880500
2024-04-18,421.857045,423.588035,418.2368,418.810516,46549400
2024-04-19,417.633373,418.157614,408.582776,410.145599,75231000
2024-04-22,412.776688,416.604643,409.443302,414.270294,47807700
2024-04-23,416.199147,421.649301,414.319792,420.452454,44384700
2024-04-24,423.548383,425.061761,419.591836,421.87674,48440300
2024-04-25,414.685717,420.699686,413.597691,419.839142,57392200
2024-04-26,422.974675,427.851113,422.282298,426.317963,41874900
2024-04-29,428.424919,429.04808,425.309143,428.049042,30022200
2024-04-30,426.466304,427.860991,419.898452,419.97757,43665900
2024-05-01,418.553277,425.467365,416.090336,416.940979,52251700
2024-05-02,420.679887,423.16263,416.060635,422.262512,36559000
2024-05-03,429.720648,431.738496,427.920412,430.749359,48515300
2024-05-06,432.549563,435.556548,431.778038,435.467529,30227200
2024-05-07,435.912589,437.168782,434.804731,435.536713,30996100
2024-05-08,432.91555,436.684159,432.796828,435.279572,24896700
2024-05-09,435.546619,436.802842,433.696938,436.229126,24580100
2024-05-10,437.73267,439.483432,435.714822,437.257874,27116600
2024-05-13,439.166872,439.265792,436.852296,438.266754,22994200
2024-05-14,437.841417,441.619927,437.653479,441.085785,34478300
2024-05-15,443.558629,448.227356,442.045251,447.980072,41464700
2024-05-16,447.79218,449.750682,446.901963,447.070129,34780400
2024-05-17,447.198652,447.802041,444.656593,446.852478,35803700
2024-05-20,447.070128,450.630997,446.88219,449.968292,24474200
2024-05-21,448.118544,451.03648,447.920705,450.848541,23167700
2024-05-22,451.105756,451.85751,448.158117,450.759552,25120000
2024-05-23,455.546948,455.576621,446.941476,448.731812,40899200
2024-05-24,450.344142,454.241344,448.642826,452.97525,29669500
2024-05-28,454.191863,454.745778,451.728922,454.686432,26216800
2024-05-29,450.532035,453.262032,450.393541,451.481598,29739200
2024-05-30,450.551817,450.69031,445.319275,446.644714,30536800
2024-05-31,446.872318,447.564726,438.247042,445.813934,55941300
2024-06-03,449.632001,450.631009,443.034444,448.207642,32997500
2024-06-04,447.950407,450.63096,446.229319,449.434113,23767400
2024-06-05,453.004931,458.573747,449.473705,458.494629,33817400
2024-06-06,459.177168,459.493699,457.169221,458.336395,21966800
2024-06-07,457.97036,460.680585,456.822958,457.930786,25829700
2024-06-10,456.803175,460.136561,456.516317,459.780457,20660800
2024-06-11,458.504508,463.054543,457.010901,462.935822,22053300
2024-06-12,466.862728,471.323745,466.17035,468.999268,34532600
2024-06-13,472.530396,473.193131,469.266257,471.54126,25859000
2024-06-14,471.343519,474.053774,470.878623,473.984528,23372600
2024-06-17,474.251568,481.571175,472.945931,479.790741,37054500
2024-06-18,479.741278,480.621594,478.178425,479.939087,24438600
2024-06-20,481.135955,481.551376,474.409806,476.239716,33918700
2024-06-21,475.962783,477.298124,473.470169,474.963745,37456800
2024-06-24,473.737282,475.471023,469.417804,469.556488,37751000
2024-06-25,471.646872,475.223318,470.705687,474.926117,29014700
2024-06-26,474.103824,476.45183,473.687743,475.906921,22737100
2024-06-27,475.65926,478.611584,474.846871,477.135406,26222100
2024-06-28,477.927958,482.673463,474.014645,474.6586,34881600
2024-07-01,475.579997,478.007217,471.835118,477.442535,24898300
2024-07-02,475.94657,482.514976,475.817773,482.455536,26723600
2024-07-03,481.702589,486.606611,481.702589,486.477814,18064900
2024-07-05,487.319885,491.986116,487.022654,491.550201,28495900
2024-07-08,491.916736,493.274002,490.896307,492.719208,22109400
2024-07-09,494.235019,495.354525,491.62945,493.145233,25614500
2024-07-10,495.067183,498.841782,493.75947,498.286987,28046900
2024-07-11,498.39601,498.604051,486.170664,487.359497,49966600
2024-07-12,487.93409,494.978017,487.468456,490.222626,37109400
2024-07-15,491.996001,496.355145,489.499425,491.540283,31151400
2024-07-16,492.996622,493.809011,488.568151,491.728516,25950600
2024-07-17,483.743379,484.258537,477.224527,477.293854,56268800
2024-07-18,481.018987,481.197307,471.845011,475.035095,49347400
2024-07-19,474.698261,477.214671,469.536675,470.824585,42042900
2024-07-22,476.68955,478.859205,473.271591,477.838776,40300000
2024-07-23,476.93724,479.929171,475.679051,476.154572,23282500
2024-07-24,469.417742,469.784299,458.212826,459.074738,58818600
2024-07-25,459.411583,463.592376,451.396751,454.012207,59256800
2024-07-26,458.351514,461.601039,455.498268,458.668549,39992100
2024-07-29,461.383086,463.562658,457.331089,459.589905,28218500
2024-07-30,461.521789,462.225184,449.930482,453.279083,41317200
2024-07-31,463.523048,468.39735,462.076621,466.693329,44552100
2024-08-01,467.376929,471.131695,451.743541,455.389343,56653900
2024-08-02,446.700851,449.355944,440.340485,444.580719,66323200
2024-08-05,420.76402,438.180701,419.515747,431.324982,87483500
2024-08-06,433.167731,442.916305,430.522525,435.44635,63164400
2024-08-07,442.341734,444.828424,430.334344,430.730621,54929200
2024-08-08,436.962163,444.818479,433.088487,443.907043,47890100
2024-08-09,442.589365,447.859945,441.469859,446.225281,33574000
2024-08-12,447.196196,450.14849,444.382556,447.186279,27795000
2024-08-13,451.584993,458.549676,451.446279,458.282166,40084500
2024-08-14,459.203538,460.788648,454.140999,458.430786,34733700
2024-08-15,464.40479,470.408485,464.028316,470.012207,38280600
2024-08-16,468.228964,471.983761,467.267975,470.616577,38383600
2024-08-19,470.755192,476.838129,468.971898,476.798492,23737700
2024-08-20,475.887073,478.453005,474.103778,475.797913,29209300
2024-08-21,476.58055,479.869711,474.866642,478.01709,25658800
2024-08-22,480.335345,481.028853,469.407826,470.438171,37739600
2024-08-23,474.787365,478.254847,470.864166,475.540314,36061500
2024-08-26,474.995506,475.916858,468.84318,470.923676,27452600
2024-08-27,469.28896,473.400397,467.327346,472.330444,27510000
2024-08-28,471.864808,472.588006,463.542858,466.970703,37372400
2024-08-29,468.882793,473.489584,465.009117,466.28714,41081500
2024-08-30,470.626418,472.469122,466.138507,471.844971,33466500
2024-09-03,468.803539,468.932306,455.141652,457.519348,44985200
2024-09-04,454.408558,460.134855,453.477289,456.330505,32505100
2024-09-05,454.705725,461.03634,453.685296,456.7565,34452400
2024-09-06,456.053078,456.934823,444.025886,444.52124,50624400
2024-09-09,448.850684,451.22838,445.640796,450.237671,32981200
2024-09-10,452.001122,454.903922,448.028399,454.398651,29680300
2024-09-11,455.636985,465.009084,447.087162,464.266052,57843000
2024-09-12,464.295816,469.635753,462.512552,468.823364,40067800
2024-09-13,468.090262,472.102622,467.862388,470.923676,29111800
2024-09-16,468.793616,469.457374,465.524289,468.84314,22585600
2024-09-17,471.864793,473.162619,466.594214,469.09079,30084400
2024-09-18,470.289597,474.3812,466.455527,467.059875,39909200
2024-09-19,478.126078,481.71247,476.02578,478.86911,52782500
2024-09-20,478.007226,479.196089,473.856152,477.957703,34577700
2024-09-23,479.135324,480.315927,477.795981,479.224609,24843000
2024-09-24,480.633348,482.488572,476.377255,481.536163,25952600
2024-09-25,480.911149,483.937076,480.732578,481.982635,26549900
2024-09-26,489.472979,489.800389,481.962765,485.60379,32020200
2024-09-27,486.625653,486.764562,481.724671,482.905273,22851100
2024-09-30,481.942954,484.552185,479.105559,484.214874,30281100
2024-10-01,483.84777,484.145388,473.62911,477.468536,42735400
2024-10-02,476.565721,480.057937,473.946589,478.143188,23744000
2024-10-03,475.950617,480.722622,475.206542,477.786011,25337200
2024-10-04,483.599742,484.026338,478.579713,483.470764,30686600
2024-10-07,481.556014,482.726686,477.071697,478.291992,24975100
2024-10-08,480.831816,486.119702,480.028216,485.43515,28272000
2024-10-09,485.137546,489.830196,484.095852,489.254761,24995000
2024-10-10,486.972911,490.564313,485.66333,488.699158,25750400
2024-10-11,486.863804,490.484998,486.298329,489.463104,20644500
2024-10-14,491.854027,494.889855,491.348076,493.570374,26060100
2024-10-15,493.897779,494.5625,484.820058,486.972931,34784500
2024-10-16,487.300266,487.806247,483.718795,487.03241,22996800
2024-10-17,492.518759,492.568352,487.310227,487.369751,27210700
2024-10-18,490.157535,491.655618,489.403529,490.564301,25335000
2024-10-21,489.353932,492.310405,487.429254,491.506805,30336500
2024-10-22,488.838043,493.520762,488.084037,492.042511,26685800
2024-10-23,489.691202,490.345993,481.21865,484.502502,39346600
2024-10-24,488.222942,489.105927,485.574048,488.431305,22024900
2024-10-25,491.229052,496.328437,490.524639,491.407623,38762100
2024-10-28,494.522766,494.582289,491.18932,491.486938,20477800
2024-10-29,491.804419,497.389953,489.949194,496.209351,28014100
2024-10-30,495.445463,496.397872,491.973109,492.459229,29756000
2024-10-31,488.49079,488.540383,479.928952,480.028168,41245200
2024-11-01,481.665147,486.873678,481.367529,483.579895,33655800
2024-11-04,482.974742,485.514519,480.425035,482.171143,23291600
2024-11-05,483.758472,488.986865,483.669186,488.322144,24353600
2024-11-06,496.60621,502.410009,495.653802,501.586548,43082200
2024-11-07,504.384258,510.267441,504.324734,509.483643,32853100
2024-11-08,508.987571,510.852726,508.362542,510.078918,22924500
2024-11-11,511.299194,511.507557,506.884362,509.781311,24167500
2024-11-12,509.711896,510.59482,505.802984,508.858643,25835300
2024-11-13,508.352727,510.912305,505.922067,508.203888,24567400
2024-11-14,507.866564,508.739588,503.759251,504.671997,28679500
2024-11-15,498.967416,499.35432,490.584148,492.647736,51461100
2024-11-18,494.19544,498.173776,492.806504,496.070496,27080800
2024-11-19,493.491037,499.969457,493.153696,499.483307,24523000
2024-11-20,499.185656,499.503136,492.637782,499.195587,29565500
2024-11-21,502.24136,502.955674,493.629928,500.991333,34526700
2024-11-22,500.435718,502.529037,498.808657,501.794891,23826600
2024-11-25,505.872415,507.41019,500.276979,502.588562,26375200
2024-11-26,504.066753,506.110509,503.223491,505.287048,26557100
2024-11-27,504.156102,504.225526,497.96537,501.308746,24957400
2024-11-29,501.93375,506.30892,501.318653,505.713654,15334000
2024-12-02,506.973656,512.182188,506.586722,511.219818,25147200
2024-12-03,509.890435,513.065171,509.314999,512.787354,18597900
2024-12-04,516.210112,519.384848,515.495768,519.126892,26086200
2024-12-05,519.176568,519.900782,517.301481,517.688416,18169600
2024-12-06,518.353006,522.559506,518.224028,522.321411,23762600
2024-12-09,521.398789,522.192458,517.102974,518.253845,20674400
2024-12-10,519.48408,521.230188,515.059287,516.487915,24350000
2024-12-11,520.853132,526.418805,520.446397,525.734253,32168600
2024-12-12,523.512042,524.781961,521.86518,522.34137,23577500
2024-12-13,526.270084,528.95864,523.13501,526.339539,28780400
2024-12-16,528.869367,534.891429,528.789982,533.919128,31979900
2024-12-17,532.123384,533.234533,529.911018,531.56781,28579100
2024-12-18,530.923008,532.639323,510.942074,512.390503,54703200
2024-12-19,517.073212,517.638717,509.771362,510.108643,46441800
2024-12-20,506.408249,520.674672,505.267338,514.563293,60530000
2024-12-23,516.277322,519.954027,512.878881,519.576416,29672800
2024-12-24,521.524135,526.711225,520.888152,526.621826,17558200
2024-12-26,524.992132,527.893722,522.994784,526.264038,19090500
2024-12-27,522.696652,523.133883,514.597965,519.268372,33839600
2024-12-30,512.262776,516.0885,508.605933,512.362122,34584000
2024-12-31,513.644094,514.399256,507.045905,508.009796,29117000
2025-01-02,511.060423,513.38571,502.524535,507.016083,36389800
2025-01-03,510.116379,516.376744,509.301598,515.313477,29059500
2025-01-06,520.719218,524.594615,518.741762,521.235901,36109700
2025-01-07,522.279306,522.67675,510.04685,511.934845,36690300
2025-01-08,511.835547,513.663923,507.353946,512.024353,30777800
2025-01-10,508.258256,508.357602,500.745878,503.99527,40532500
2025-01-13,498.042936,502.832552,496.552385,502.375458,31694200
2025-01-14,505.535448,506.946517,498.430492,501.898499,33737200
2025-01-15,509.798447,514.588032,508.238299,513.445312,34957600
2025-01-16,515.710975,515.790488,509.718989,509.848175,28229000
2025-01-17,519.556546,520.768893,509.877908,518.453552,51837900
2025-01-21,521.176332,522.656937,516.78419,521.494324,23628000
2025-01-22,526.234205,530.457434,525.92616,528.161987,33593000
2025-01-23,525.707552,529.404151,525.121303,529.284912,23096600
2025-01-24,529.662545,530.427654,524.823226,526.293884,19878300
2025-01-27,507.781237,514.727197,506.936585,510.971039,60771700
2025-01-28,511.974676,519.7057,508.556372,518.523193,33194200
2025-01-29,519.169115,519.298301,513.644139,517.549377,26649000
2025-01-30,520.411126,522.786025,514.945771,519.755249,27431300
2025-01-31,523.600901,528.171962,517.907014,519.000061,38755200
2025-02-03,510.235648,517.569167,507.830909,514.846436,40580800
2025-02-04,515.363201,521.802365,514.965697,521.166382,26046800
2025-02-05,518.533027,523.690337,517.340574,523.531311,21134100
2025-02-06,524.038157,526.472737,522.428367,526.264038,19434500
2025-02-07,526.800651,528.748266,518.900716,519.626099,29605500
2025-02-10,523.899018,527.019253,523.432007,525.91626,20852800
2025-02-11,522.647003,526.58202,522.517817,524.664185,19325500
2025-02-12,519.010023,525.856637,518.662252,524.972229,25009400
2025-02-13,526.64166,532.842345,525.856658,532.524414,28714800
2025-02-14,532.633719,535.44591,532.295834,534.760254,17862600
2025-02-18,536.330252,536.598571,532.663493,535.972534,20565000
2025-02-19,535.177615,537.403496,533.08092,536.121643,19666900
2025-02-20,535.336499,535.704163,529.106035,533.845947,26550800
2025-02-21,534.988808,535.008701,522.398632,522.766296,47093800
2025-02-24,524.55483,525.737336,516.257452,516.595276,39268400
2025-02-25,515.969333,516.048846,506.231074,510.086639,48940000
2025-02-26,512.282739,516.386668,508.148908,511.318817,34457600
2025-02-27,514.86629,515.800371,496.900159,497.118774,52448000
2025-02-28,496.979721,505.575229,493.799865,504.969086,47654000
2025-03-03,508.297922,509.808337,490.470924,493.919067,44587200
2025-03-04,491.067162,500.566942,484.667725,492.428528,67875400
2025-03-05,493.074439,500.45763,488.165554,498.847839,46323700
2025-03-06,490.580256,495.439438,483.137445,485.124847,57574300
2025-03-07,484.09139,490.172835,477.503147,488.69223,54714700
2025-03-10,480.404734,480.921447,465.707888,469.752258,76668000
2025-03-11,469.37467,475.79397,464.068311,468.629395,68760800
2025-03-12,476.141774,478.0298,468.818203,473.915894,46971100
2025-03-13,473.250102,473.279911,463.491951,465.389923,46563300
2025-03-14,470.746032,477.532997,470.139858,476.638672,43563000
2025-03-17,476.588936,482.779704,474.790339,479.729034,41744400
2025-03-18,476.390192,476.588914,469.434285,471.550873,39072300
2025-03-19,473.806584,482.272906,471.878801,477.860901,40430300
2025-03-20,473.876137,481.497806,473.180534,476.24115,36780500
2025-03-21,471.093729,478.576296,469.931116,477.811157,42234900
2025-03-24,485.3905,489.142359,482.066593,488.296448,34567200
2025-03-25,489.022941,491.24218,488.057613,491.082947,26035200
2025-03-26,489.928523,490.784396,480.494209,482.046692,34627100
2025-03-27,480.086191,484.236087,477.936592,479.299988,33469800
2025-03-28,477.498694,478.205265,465.795333,466.681061,46363800
2025-03-31,459.694883,467.596607,455.126967,466.661163,53000300
2025-04-01,465.048962,471.348486,462.18286,470.422974,41156200
2025-04-02,463.87464,477.249901,463.615883,473.856323,49894500
2025-04-03,454.241261,457.853779,447.971621,448.489105,70456300
2025-04-04,436.029453,438.248691,420.633972,420.633972,117088400
2025-04-07,406.69145,441.005368,400.451664,421.649048,161557000
2025-04-08,436.049302,441.005323,407.81597,414.055756,101248100
2025-04-09,413.568181,465.57642,413.428841,463.755249,142876900
2025-04-10,451.375124,453.395344,430.545955,444.03067,108384100
2025-04-11,442.508087,453.594439,439.204072,452.211121,52483800
2025-04-14,462.222633,462.809787,450.449633,455.276276,43941200
2025-04-15,456.331152,460.15265,453.95265,455.783783,35404200
2025-04-16,446.866987,450.439691,435.651287,442.040344,48980600
2025-04-17,445.015943,445.593135,439.233902,441.960724,44837000
2025-04-21,436.118982,436.964863,425.868581,431.023621,44149300
2025-04-22,436.706159,445.42394,435.511927,442.338898,52304400
2025-04-23,455.962957,461.147851,450.698431,452.370331,55801100
2025-04-24,454.281091,465.407229,453.634198,465.098724,45956100
2025-04-25,464.720531,470.811046,463.148156,470.2836,38697100
2025-04-28,470.751377,472.522802,463.785097,470.134369,33550800
2025-04-29,467.905153,474.125046,467.32793,473.239319,30613100
2025-04-30,464.879775,474.901273,460.202403,473.179596,46810600
2025-05-01,481.081327,484.833155,478.424175,479.35965,43316500
2025-05-02,484.196303,488.545248,482.494519,486.47525,39218100
2025-05-05,482.265623,486.674276,481.768032,483.589203,28309500
2025-05-06,477.249909,482.713453,475.886513,479.091003,32786300
2025-05-07,479.757738,483.45982,474.483281,480.971863,38006300
2025-05-08,486.176731,490.326657,481.837748,485.937897,39577600
2025-05-09,487.848585,489.172195,483.857922,485.619385,27767400
2025-05-12,504.547783,505.443472,499.064346,505.403656,45090600
2025-05-13,506.707335,514.897701,505.970909,513.106384,53269600
2025-05-14,514.280685,516.728796,513.265579,516.181458,47014500
2025-05-15,514.031888,519.415801,512.688355,516.748718,50153300
2025-05-16,518.151922,519.186951,514.609073,518.997864,48394600
2025-05-19,511.762832,520.012937,511.762832,519.495422,52536200
2025-05-20,516.96766,518.420649,514.171198,517.763855,42517600
2025-05-21,513.783086,520.480647,508.777286,510.568604,71292800
2025-05-22,511.185628,515.216168,509.832194,511.524017,55607200
2025-05-23,503.741669,509.374408,503.144553,506.786926,58368100
2025-05-27,513.663704,519.196919,512.111221,518.709229,47226300
2025-05-28,519.664546,521.15732,515.892825,516.410278,46637200
2025-05-29,523.79461,523.943851,514.828002,517.425415,58513300
2025-05-30,516.937802,518.171819,509.463969,516.609375,67662800
2025-06-02,514.748423,520.928531,513.484522,520.689697,44762800
2025-06-03,521.037974,526.193015,520.17217,524.759949,44070300
2025-06-04,525.466491,527.287692,523.436279,526.222839,41359300
2025-06-05,527.626013,530.482183,520.142219,522.261963,61031200
2025-06-06,527.446941,529.238258,525.665586,527.36731,42467000
2025-06-09,527.586316,529.785631,526.461754,528.143616,33688700
2025-06-10,528.611263,532.323336,526.342278,531.636658,40664800
2025-06-11,533.039835,534.194281,527.556367,529.845276,53701000
2025-06-12,528.531728,532.064615,528.282932,531.089294,34104900
2025-06-13,525.138133,529.307952,523.197515,524.421631,55814400
2025-06-16,527.944526,532.791062,527.894779,531.716248,37622100
2025-06-17,529.148708,530.760899,525.366964,526.531372,42180900
2025-06-18,527.546472,529.984682,524.859527,526.441833,43983500
2025-06-20,529.696011,530.989736,522.351557,524.292175,61643500
2025-06-23,524.861106,530.201262,521.712823,529.683228,50666100
2025-06-24,534.903819,538.699722,534.286117,537.783142,45442000
2025-06-25,540.054654,541.300029,537.384576,539.157959,44804200
2025-06-26,541.339902,544.647627,539.516716,544.19928,43811400
2025-06-27,545.235431,547.955312,542.525462,546.062378,57577100
2025-06-30,549.220644,550.754925,546.978968,549.599243,45548700
2025-07-01,547.696284,548.6727,542.645033,544.966431,56166700
2025-07-02,544.13948,548.961601,544.09965,548.762329,36538300
2025-07-03,551.1335,555.138647,551.1335,554.162231,26443500
2025-07-07,551.472332,552.289306,547.546905,549.987854,45349300
2025-07-08,551.332823,551.960497,549.061228,550.296692,36153300
2025-07-09,552.428728,555.567099,551.053829,554.1922,43045500
2025-07-10,554.829817,555.238273,550.705118,553.395142,34710900
2025-07-11,551.253085,553.733864,550.00771,552.14978,39618600
2025-07-14,551.940586,554.889658,549.589331,554.152405,36453300
2025-07-15,558.17737,558.725324,554.600625,554.6604,43277700
2025-07-16,555.21836,558.137513,549.519489,555.228271,52314700
2025-07-17,555.955634,560.229742,555.148633,559.721619,40423800
2025-07-18,561.036759,562.640788,557.908361,559.183655,50484700
2025-07-21,560.010624,563.965908,559.980706,562.082886,39595200
2025-07-22,562.212411,562.262214,556.543458,559.173706,43270600
2025-07-23,560.25971,561.764073,557.509911,561.724243,40215300
2025-07-24,563.03929,564.145169,561.20607,562.919739,42275500
2025-07-25,562.840044,565.599816,562.182512,564.274719,30630800
2025-07-28,565.639663,566.934842,564.772887,566.038208,31498700
2025-07-29,568.648551,569.993533,564.434219,565.161499,45463300
2025-07-30,566.078021,568.508997,562.959596,565.91864,43433800
2025-07-31,572.414451,572.504144,561.783942,562.919739,64613600
2025-08-01,556.762694,556.951993,549.63912,551.830994,69400800
2025-08-04,556.981817,562.23234,556.882211,562.013123,47669800
2025-08-05,563.298381,564.464035,557.659285,558.197327,48666600
2025-08-06,559.034204,565.659627,558.555999,565.221252,41823700
2025-08-07,569.555097,571.199017,563.019368,567.134094,44463000
2025-08-08,568.339691,572.643717,568.040813,572.4245,35255500
2025-08-11,572.563994,574.666173,569.455541,570.730774,33112900
2025-08-12,573.032129,578.202931,570.372024,577.904053,42143300
2025-08-13,580.604084,581.16201,576.798209,578.193054,41209300
2025-08-14,576.140783,579.727441,575.772095,577.744812,45425000
2025-08-15,577.655023,577.694914,573.440691,575.204163,49480200
2025-08-18,574.307471,575.632568,573.111898,574.974976,29831000
2025-08-19,574.257632,574.426986,566.147732,567.17395,53752600
2025-08-20,566.227522,566.347073,556.772639,563.806519,76781100
2025-08-21,562.262216,564.394314,558.904688,561.196228,46436900
2025-08-22,562.581022,571.866551,561.186238,569.854004,51502100
2025-08-25,568.289865,571.169128,567.054401,568.210144,34044700
2025-08-26,567.721954,570.800489,566.695736,570.491638,34103000
2025-08-27,569.475534,572.285049,568.260016,571.368469,36927100
2025-08-28,571.986146,575.86177,570.342286,574.94519,46787900
2025-08-29,572.534045,572.902732,566.436691,568.289856,56030400
2025-09-02,559.233534,563.876269,557.470063,563.527588,65876800
2025-09-03,567.12414,569.585034,564.633389,567.96106,54230200
2025-09-04,568.62861,573.470616,566.924975,573.10199,47526300
2025-09-05,578.342498,578.970172,569.415684,573.928894,68342500
2025-09-08,576.230365,578.691259,575.632609,576.728516,46371400
2025-09-09,577.525569,578.79089,574.905293,578.362488,44007600
2025-09-10,581.58049,581.610408,576.409687,578.551758,49308000
2025-09-11,581.08227,582.716218,579.468268,581.919189,44745800
2025-09-12,582.875622,585.685197,581.939097,584.489624,50745900
2025-09-15,586.263085,589.600667,586.113615,589.491089,44360300
2025-09-16,590.417684,590.666759,588.305531,588.992981,36942100
2025-09-17,588.913228,589.560848,582.208145,587.817322,69384800
2025-09-18,592.709158,595.927251,590.766421,593.117676,61069300
2025-09-19,595.120205,597.830113,593.645639,597.13269,58196100
2025-09-22,596.219051,601.336003,596.199082,600.667725,57154800
2025-09-23,600.83729,601.036793,595.46099,596.677917,64635500
2025-09-24,598.054439,598.373632,591.850233,594.583252,49850300
2025-09-25,590.693203,593.605757,587.002606,592.019836,70920200
2025-09-26,592.837679,594.78273,589.556072,594.453552,54337400
2025-09-29,597.585581,600.518103,595.889894,597.206543,48332900
2025-09-30,596.907341,599.181569,594.583252,598.842407,46533800
2025-10-01,595.65048,602.253631,594.822636,601.715027,46899600
2025-10-02,605.515354,605.615075,601.395857,604.188721,43765400
2025-10-03,604.966808,605.784729,599.85984,601.645264,46482100
2025-10-06,606.901804,607.809461,604.428073,606.163696,41962100
2025-10-07,607.470397,608.158644,601.495648,602.971863,58209500
2025-10-08,603.869591,610.193486,603.720009,609.884277,50629800
2025-10-09,609.924102,610.053776,605.93428,609.146118,45551000
2025-10-10,609.844362,611.619802,587.551194,588.000061,97614800
2025-10-13,598.154122,601.415821,595.710344,600.47821,65872600
2025-10-14,593.795236,601.156462,588.628424,596.478394,69203200
2025-10-15,602.473106,605.156264,594.413649,600.687622,62805500
2025-10-16,603.570285,606.762155,593.984752,598.463318,70982000
2025-10-17,596.428546,603.969307,594.852549,602.393311,72024900
2025-10-20,605.595119,611.24069,605.52529,609.983887,45761700
2025-10-21,610.08375,611.160958,607.769646,609.824402,44538200
2025-10-22,609.265796,609.854261,598.213972,603.949341,61478800
2025-10-23,603.370811,609.814396,602.98185,609.026428,42844300
2025-10-24,614.422624,616.846434,613.564827,615.529785,47632500
2025-10-27,622.930959,626.950673,622.442215,626.491882,54098600
2025-10-28,628.756086,633.065102,627.648925,631.30957,61195700
2025-10-29,633.972809,635.389179,628.64637,634.152344,67422800
2025-10-30,630.561454,631.888087,624.347326,624.457031,61628600
2025-10-31,632.556359,632.586312,625.095411,627.46936,66305100
2025-11-03,633.493938,634.202153,628.247313,630.47168,37154300
2025-11-04,621.694153,625.354798,616.886409,617.674377,63830800
2025-11-05,616.916302,625.005652,615.63959,621.694153,48688500
2025-11-06,620.207893,620.457257,608.747138,610.113647,72115100
2025-11-07,606.762183,608.398025,597.146697,608.188538,81835400
2025-11-10,617.345195,622.721495,615.320392,621.644226,55919900
2025-11-11,618.991009,621.135502,615.948781,619.988464,44868800
2025-11-12,623.250137,623.270045,616.237996,619.499695,47444400
2025-11-13,615.968687,616.547229,604.537886,606.85199,71333600
2025-11-14,598.024482,611.789357,595.650533,607.310791,80087300
2025-11-17,604.757321,610.921589,598.343689,602.124023,63850400
2025-11-18,598.0943,600.777458,589.8354,594.792725,83327300
2025-11-19,595.550825,604.617663,593.077155,598.343689,73111500
2025-11-20,610.063795,612.467697,583.262167,584.17981,117743200
2025-11-21,585.975183,595.460995,579.262326,588.568604,103344200
2025-11-24,593.765373,605.13633,593.645623,603.620178,60168100
2025-11-25,601.974383,608.707207,595.800131,607.340698,57560900
2025-11-26,610.9515,614.622129,608.836899,612.707031,42393600
2025-11-28,614.542352,617.744207,613.854105,617.674377,23034400
2025-12-01,612.068639,617.863853,610.961478,615.599609,40957600
2025-12-02,617.883843,622.162906,616.018606,620.417358,54541800
2025-12-03,618.043432,622.631703,616.457511,621.933533,47841600
2025-12-04,623.339907,623.349892,617.963607,621.35498,47067800
2025-12-05,622.791312,627.319738,622.123034,623.888489,53614200
2025-12-08,625.614127,627.239984,620.108153,622.691589,43462400
2025-12-09,621.424807,624.277516,619.419912,623.459595,37156000
2025-12-10,622.262619,627.609027,619.409911,626.013062,55031400
2025-12-11,622.23275,624.187785,616.148234,623.988281,58272800
2025-12-12,620.497212,621.953459,609.804456,612.058716,75158700
2025-12-15,616.796606,616.846466,607.769645,608.986511,49538200
2025-12-16,606.71231,611.948952,605.365709,610.19342,55152800
2025-12-17,611.5001,612.088626,598.75265,598.882263,70654300
2025-12-18,608.248427,611.370468,605.37575,607.560181,78875800
2025-12-19,610.392921,616.048476,610.313107,615.479919,60369800
2025-12-22,620.567496,620.867167,616.992048,618.430237,43703100
2025-12-23,617.421489,621.626148,617.002035,621.326538,41120400
2025-12-24,621.206728,623.493883,620.937048,623.144287,18468700
2025-12-26,623.873298,624.732261,622.355254,623.104309,28959800
2025-12-29,619.319085,621.995764,617.950815,620.088135,32458300
2025-12-30,619.05942,621.396439,618.440145,618.649902,31226800
2025-12-31,618.869679,619.179286,613.276695,613.536377,40746500
2026-01-02,619.279163,622.065628,609.38167,612.3479,61859200
2026-01-05,618.540073,620.028187,615.943311,617.211731,46828400
2026-01-06,618.450162,623.234169,617.761028,622.634888,43137500
2026-01-07,622.255385,627.149238,621.776009,623.234192,44880300
2026-01-08,622.245433,622.634896,617.021978,619.688599,50435900
2026-01-09,620.627388,627.099268,618.280372,625.86084,49688700
2026-01-12,621.526323,628.058065,621.476398,626.380188,37388700
2026-01-13,626.480087,628.677268,622.914576,625.451355,44481400
2026-01-14,621.45639,622.664888,613.786069,618.769775,72598700
2026-01-15,625.810886,629.206628,619.968277,620.997009,53934900
2026-01-16,624.712312,625.291599,618.100653,620.477661,61058100
2026-01-20,609.761172,614.285435,606.285513,607.29425,81988900
2026-01-21,608.702424,619.638646,607.094466,615.503906,79837900
2026-01-22,621.566235,621.676143,617.002044,619.978271,42254800
2026-01-23,618.949566,624.61247,617.87097,621.935791,43645800
2026-01-26,622.425197,626.819619,621.336543,624.672363,35983000
2026-01-27,628.117969,631.244032,626.55,630.335205,38997200
2026-01-28,634.659777,635.798295,631.014349,632.422546,50691700
2026-01-29,631.853306,632.87198,617.49141,628.637329,79944000
2026-01-30,624.922044,627.468821,618.520082,621.086853,65650700
2026-02-02,617.920868,627.698518,617.88088,625.351501,49020300
2026-02-03,627.508724,629.186601,610.190596,615.743591,81234000
2026-02-04,614.245528,614.325384,599.713802,604.987183,81850700
2026-02-05,599.454186,604.048369,594.011037,596.278198,89354500
2026-02-06,599.434155,610.639996,598.01596,608.882263,78019300
2026-02-09,606.774896,615.683706,604.308035,613.546387,56797600
2026-02-10,614.535142,616.243011,610.240569,610.699951,53938900
2026-02-11,615.603792,616.742371,606.924733,612.337891,58575100
2026-02-12,613.935894,615.034485,598.814946,599.883606,81378900
2026-02-13,599.673873,605.716242,595.668913,601.161987,69237500
2026-02-17,597.626419,603.189412,592.592788,600.542725,69013800
2026-02-18,601.351741,609.002129,599.963477,605.0271,64250700
2026-02-19,602.05088,605.057099,599.993477,602.710022,60960800
2026-02-20,599.364276,609.581374,598.475382,608.043335,74127300
2026-02-23,605.846051,607.244313,598.295575,600.652588,63859100
2026-02-24,601.64141,608.223077,598.974728,607.104492,55023700
2026-02-25,610.300461,616.053217,610.230542,615.903381,55710700
2026-02-26,614.814818,614.814818,603.219392,608.472778,96178900
2026-02-27,602.220638,607.55394,601.431654,606.525208,68125200
2026-03-02,598.105801,609.15187,597.236902,607.324219,75264600
2026-03-03,595.57906,603.199456,591.124655,600.822449,97015500
2026-03-04,603.399168,612.108219,602.670107,609.980896,70943900
2026-03-05,606.63508,611.988315,601.501539,608.143127,89602400
2026-03-06,599.553982,605.236819,597.576495,598.99469,86302300
2026-03-09,593.481639,608.502737,590.585327,606.994629,93068200
2026-03-10,607.014636,612.517646,604.657562,607.004639,64078900
2026-03-11,608.183167,611.658765,604.26812,606.924744,60114800
2026-03-12,602.000947,603.379214,596.298116,596.507874,71836600
2026-03-13,598.974731,602.839853,591.823775,592.97229,63145500
2026-03-16,599.284303,603.099499,598.355481,599.623901,49077200
2026-03-17,602.380463,605.136997,601.112043,602.550232,47106600
2026-03-18,600.732546,602.400426,593.81128,594.150879,56128000
2026-03-19,588.767604,595.049661,586.340672,592.273193,75597600
2026-03-20,590.315631,590.425478,577.811379,581.326965,91964700
2026-03-23,590.52002,595.080017,585.960022,588.0,89936100
2026-03-24,584.809998,587.929993,581.929993,583.97998,57750900
2026-03-25,589.140015,591.369995,585.690002,587.820007,60475500
2026-03-26,582.599976,584.630005,573.429993,573.789978,81492100
2026-03-27,570.809998,571.02002,561.570007,562.580017,82702200
2026-03-30,567.380005,568.049988,555.599976,558.280029,70602600
2026-03-31,564.289978,578.640015,564.210022,577.179993,95878000
2026-04-01,581.47998,587.73999,580.419983,584.309998,79435100
2026-04-02,573.969971,586.049988,571.919983,584.97998,50941700
2026-04-06,586.22998,590.609985,584.690002,588.5,35108500
2026-04-07,585.640015,588.97998,578.400024,588.590027,49948200
2026-04-08,608.710022,609.900024,602.119995,606.090027,63086000
2026-04-09,605.929993,610.5,603.030029,610.190002,37837500
2026-04-10,611.840027,613.669983,609.580017,611.070007,34038500
2026-04-13,609.47998,626.73999,608.109985,617.390015,32972100
2026-04-14,620.219971,628.599976,620.099976,628.599976,49921100
2026-04-15,629.080017,637.830017,628.200012,637.400024,50102400
2026-04-16,639.210022,642.179993,635.26001,640.469971,42320600
2026-04-17,645.590027,650.0,644.070007,648.849976,53488900
2026-04-20,648.039978,648.76001,642.52002,646.789978,37138500
2026-04-21,648.409973,650.200012,642.210022,644.330017,39580500
2026-04-22,650.150024,655.330017,648.52002,655.109985,37368400
2026-04-23,653.549988,656.919983,645.52002,651.419983,40099800
2026-04-24,658.51001,664.51001,656.530029,663.880005,45563100
2026-04-27,663.400024,664.429993,660.690002,664.22998,32717000
2026-04-28,657.409973,659.640015,653.809998,657.549988,34147900
2026-04-29,658.630005,661.719971,656.590027,661.570007,31724900
2026-04-30,665.349976,668.900024,657.559998,667.73999,40622200
2026-05-01,669.159973,675.969971,668.799988,674.150024,39172600
2026-05-04,674.659973,676.72998,668.900024,672.880005,34542000
2026-05-05,677.960022,682.77002,677.51001,681.609985,37101100
2026-05-06,687.780029,695.929993,686.47998,695.77002,38778500
2026-05-07,696.580017,701.23999,691.77002,694.940002,43779100
2026-05-08,699.919983,711.22998,699.5,711.22998,44320400
2026-05-11,710.359985,714.590027,708.909973,713.289978,36019100
2026-05-12,708.219971,710.179993,696.640015,707.23999,45873000
2026-05-13,709.960022,716.650024,704.830017,714.710022,40012500
2026-05-14,714.619995,722.030029,714.219971,719.789978,33327500
2026-05-15,710.140015,715.130005,705.549988,708.929993,51687900
