Date,open_adj,high_adj,low_adj,close_adj,volume
1993-01-29,24.192573,24.192573,24.072212,24.175379,1003200
1993-02-01,24.192578,24.347328,24.192578,24.347328,480500
1993-02-02,24.330133,24.416105,24.278549,24.398911,201300
1993-02-03,24.433289,24.674011,24.416094,24.656816,529400
1993-02-04,24.74281,24.811587,24.467698,24.760004,531500
1993-02-05,24.742786,24.79437,24.605231,24.742786,492100
1993-02-08,24.742786,24.828759,24.708398,24.742786,596100
1993-02-09,24.656832,24.656832,24.519277,24.57086,122100
1993-02-10,24.570874,24.622457,24.502096,24.605263,379600
1993-02-11,24.639625,24.828764,24.639625,24.725597,19500
1993-02-12,24.691226,24.691226,24.536476,24.536476,42500
1993-02-16,24.467697,24.467697,23.883086,23.917475,374800
1993-02-17,23.917469,23.951858,23.814302,23.900274,210900
1993-02-18,24.175372,24.175372,23.556372,23.883066,378100
1993-02-19,23.883081,23.969053,23.848692,23.969053,34900
1993-02-22,24.037819,24.089403,23.969041,24.055014,513600
1993-02-23,24.123795,24.140989,23.917462,24.037823,373700
1993-02-24,24.055023,24.347328,24.055023,24.347328,26300
1993-02-25,24.330133,24.416105,24.278549,24.398911,44500
1993-02-26,24.450487,24.450487,24.312931,24.433292,66200
1993-03-01,24.519277,24.519277,24.330138,24.364527,66500
1993-03-02,24.381709,24.725597,24.34732,24.725597,182400
1993-03-03,24.759996,24.845968,24.725607,24.828773,280100
1993-03-04,24.86316,24.86316,24.691216,24.691216,89500
1993-03-05,24.725607,24.828774,24.605246,24.62244,40000
1993-03-08,24.674018,25.172657,24.674018,25.172657,50800
1993-03-09,25.121082,25.138276,25.035109,25.086693,169300
1993-03-10,25.086684,25.138268,24.983518,25.138268,194400
1993-03-11,25.155465,25.224242,25.035103,25.069492,70900
1993-03-12,24.863153,24.880347,24.656819,24.811569,643600
1993-03-15,24.794371,24.931927,24.794371,24.931927,310800
1993-03-16,24.931927,25.000704,24.931927,24.931927,30800
1993-03-17,24.897539,24.897539,24.742789,24.777178,21800
1993-03-18,24.880343,25.035093,24.880343,24.931927,59300
1993-03-19,25.032405,25.032405,24.894199,24.894199,66900
1993-03-22,24.652345,24.807826,24.635069,24.755999,183400
1993-03-23,24.825106,24.842382,24.77328,24.807831,55200
1993-03-24,24.77328,24.911485,24.65235,24.807831,37200
1993-03-25,24.825103,25.015135,24.790552,24.963308,110100
1993-03-26,24.946035,24.963311,24.80783,24.825106,101500
1993-03-29,24.84238,25.049688,24.84238,24.928759,87100
1993-03-30,24.963307,24.997858,24.928755,24.997858,56000
1993-03-31,25.066963,25.136066,24.980585,24.980585,111600
1993-04-01,25.015129,25.015129,24.842372,24.894199,129500
1993-04-02,24.686894,24.686894,24.375933,24.375933,59400
1993-04-05,24.565973,24.565973,24.427767,24.49687,172200
1993-04-06,24.54871,24.54871,24.358678,24.42778,129700
1993-04-07,24.462322,24.514149,24.410495,24.514149,28000
1993-04-08,24.617804,24.617804,24.375945,24.479599,180800
1993-04-12,24.721452,24.842381,24.6869,24.825106,348500
1993-04-13,24.807839,24.96332,24.790563,24.876942,146100
1993-04-14,24.894207,24.911483,24.825105,24.842381,119600
1993-04-15,24.825105,24.894207,24.738727,24.842381,148600
1993-04-16,24.859656,24.894207,24.807829,24.842381,47900
1993-04-19,24.842374,24.911476,24.721444,24.73872,157000
1993-04-20,24.704167,24.738718,24.462308,24.617788,279500
1993-04-21,24.669618,24.669618,24.531413,24.600515,67900
1993-04-22,24.496862,24.70417,24.289555,24.289555,97700
1993-04-23,24.237732,24.306835,24.151354,24.185905,106000
1993-04-26,24.203186,24.289564,23.926776,23.995878,62600
1993-04-27,23.961325,24.255011,23.961325,24.255011,156800
1993-04-28,24.220458,24.272285,24.168631,24.203182,85900
1993-04-29,24.25501,24.306837,24.116805,24.306837,85000
1993-04-30,24.393219,24.479598,24.341393,24.341393,88500
1993-05-03,24.37594,24.49687,24.272287,24.49687,80500
1993-05-04,24.548704,24.669634,24.514153,24.583256,149100
1993-05-05,24.583249,24.73873,24.583249,24.652351,109000
1993-05-06,24.617794,24.63507,24.548692,24.565968,54700
1993-05-07,24.583251,24.583251,24.479597,24.514149,68000
1993-05-10,24.548692,24.704173,24.548692,24.565968,113900
1993-05-11,24.565972,24.669626,24.49687,24.669626,42600
1993-05-12,24.565974,24.652352,24.565974,24.635077,31000
1993-05-13,24.531425,24.531425,24.324117,24.341393,129100
1993-05-14,24.341382,24.410484,24.306831,24.324106,63500
1993-05-17,24.393211,24.410486,24.289557,24.410486,34000
1993-05-18,24.427782,24.445057,24.306852,24.39323,105200
1993-05-19,24.393206,24.894199,24.237725,24.894199,50200
1993-05-20,24.894206,24.963308,24.842379,24.963308,98200
1993-05-21,24.980579,25.01513,24.721444,24.73872,221400
1993-05-24,24.790554,24.928759,24.790554,24.842381,30500
1993-05-25,24.946026,24.946026,24.894199,24.894199,191800
1993-05-26,24.963313,25.222447,24.946037,25.205172,102400
1993-05-27,25.239723,25.239723,25.084242,25.118793,53800
1993-05-28,25.101512,25.101512,24.876929,24.997858,79100
1993-06-01,25.084246,25.326105,25.049695,25.239727,28300
1993-06-02,25.17062,25.29155,25.066966,25.205172,20300
1993-06-03,25.153345,25.153345,25.066967,25.118793,21600
1993-06-04,25.049685,25.049685,24.928756,25.03241,32000
1993-06-07,25.084242,25.084242,24.946037,24.946037,121400
1993-06-08,24.876941,24.876941,24.72146,24.72146,104500
1993-06-09,24.807831,24.911485,24.77328,24.807831,43300
1993-06-10,24.790554,24.842381,24.738727,24.825106,17900
1993-06-11,24.911483,24.96331,24.825105,24.928759,647400
1993-06-14,24.963302,24.980578,24.894199,24.894199,64200
1993-06-15,24.928759,24.946034,24.842381,24.842381,142400
1993-06-16,24.842372,24.894199,24.77327,24.894199,330900
1993-06-17,24.946034,24.980585,24.894207,24.980585,37400
1993-06-18,24.966249,24.966249,24.77487,24.77487,58500
1993-06-21,24.844457,24.844457,24.792263,24.827059,29300
1993-06-22,24.861871,24.861871,24.809677,24.844473,137500
1993-06-23,24.844471,24.844471,24.618296,24.618296,227600
1993-06-24,24.687881,24.948853,24.687881,24.948853,243700
1993-06-25,24.931458,25.00105,24.914059,24.931458,44800
1993-06-28,25.053235,25.209818,25.018439,25.209818,439900
1993-06-29,25.175034,25.175034,25.053247,25.088043,207500
1993-06-30,25.122839,25.175034,25.053247,25.088043,437600
1993-07-01,25.122831,25.122831,24.983646,25.018442,605700
1993-07-02,24.931457,24.948855,24.792272,24.879263,285400
1993-07-06,24.844471,24.914063,24.583499,24.618296,246400
1993-07-07,24.600897,24.722683,24.600897,24.687887,343700
1993-07-08,24.705273,25.018438,24.670476,24.966244,248200
1993-07-09,24.966247,25.035839,24.914053,25.035839,378200
1993-07-12,25.001044,25.03584,24.966248,25.018442,373700
1993-07-13,25.03583,25.105422,24.861849,25.001034,389600
1993-07-14,25.018451,25.157636,25.001053,25.088043,617300
1993-07-15,25.070646,25.070646,24.931462,24.983656,443800
1993-07-16,25.001045,25.018443,24.879259,24.914055,216400
1993-07-19,24.914048,24.914048,24.827058,24.89665,188200
1993-07-20,24.879253,24.966244,24.757467,24.966244,68500
1993-07-21,24.931454,24.948853,24.861862,24.948853,142700
1993-07-22,24.914055,24.948851,24.77487,24.77487,632400
1993-07-23,24.827058,24.89665,24.80966,24.89665,286200
1993-07-26,24.966247,25.088033,24.966247,25.035839,121300
1993-07-27,25.053238,25.070636,24.931452,25.018442,92800
1993-07-28,24.966244,25.018438,24.931448,24.966244,30800
1993-07-29,25.018452,25.175034,24.983655,25.105442,331000
1993-07-30,25.105428,25.105428,24.931448,24.966244,75300
1993-08-02,25.001043,25.122829,25.001043,25.035839,41300
1993-08-03,25.088028,25.157621,24.966242,25.053232,81600
1993-08-04,25.053232,25.105426,24.98364,25.053232,434000
1993-08-05,25.053228,25.053228,24.966238,25.001034,36800
1993-08-06,25.070635,25.088033,25.001043,25.035839,402300
1993-08-09,25.105436,25.24462,25.053241,25.175028,828200
1993-08-10,25.157642,25.17504,25.122846,25.157642,604900
1993-08-11,25.140244,25.227235,25.140244,25.157642,542200
1993-08-12,25.227228,25.227228,25.001053,25.088043,303700
1993-08-13,25.105439,25.140235,25.105439,25.122837,103500
1993-08-16,25.140239,25.331618,25.140239,25.262026,241800
1993-08-17,25.24462,25.349009,25.24462,25.349009,369300
1993-08-18,25.435988,25.540376,25.41859,25.488182,414300
1993-08-19,25.50558,25.50558,25.453386,25.488182,28500
1993-08-20,25.435998,25.50559,25.4186,25.50559,80700
1993-08-23,25.401196,25.470788,25.401196,25.45339,15600
1993-08-24,25.453387,25.731756,25.453387,25.731756,273400
1993-08-25,25.731746,25.853532,25.696949,25.749144,242300
1993-08-26,25.766565,25.90575,25.662177,25.766565,120000
1993-08-27,25.696949,25.749144,25.696949,25.749144,25700
1993-08-30,25.766558,25.888344,25.766558,25.853548,183500
1993-08-31,25.836151,25.923141,25.801355,25.923141,66500
1993-09-01,25.836138,25.940527,25.836138,25.888332,136500
1993-09-02,25.905752,25.940548,25.783965,25.801363,472400
1993-09-03,25.783966,25.853558,25.749169,25.818762,630500
1993-09-07,25.81876,25.853556,25.609983,25.644779,196400
1993-09-08,25.644781,25.644781,25.38381,25.557791,269900
1993-09-09,25.453389,25.62737,25.453389,25.609972,239200
1993-09-10,25.679563,25.853543,25.644767,25.836145,106500
1993-09-13,25.92314,25.92314,25.853548,25.853548,66900
1993-09-14,25.78394,25.78394,25.662153,25.749144,184500
1993-09-15,25.644781,25.83616,25.557791,25.818762,101000
1993-09-16,25.783942,25.80134,25.696952,25.71435,54300
1993-09-17,25.69952,25.717026,25.629494,25.664507,200900
1993-09-20,25.69953,25.75205,25.454439,25.454439,57800
1993-09-21,25.489443,25.524456,25.1043,25.366898,318200
1993-09-22,25.454435,25.611994,25.419422,25.576981,439700
1993-09-23,25.647004,25.734536,25.611991,25.71703,88500
1993-09-24,25.682012,25.699519,25.611986,25.646999,53500
1993-09-27,25.839573,25.927105,25.839573,25.927105,274600
1993-09-28,25.944604,25.944604,25.857072,25.874578,158300
1993-09-29,25.874585,25.944611,25.752039,25.787052,221000
1993-09-30,25.787064,25.839584,25.682025,25.734545,99300
1993-10-01,25.699518,25.89209,25.664505,25.857077,22700
1993-10-04,25.892094,25.892094,25.822068,25.892094,1038500
1993-10-05,25.944609,25.944609,25.769544,25.857077,436500
1993-10-06,25.87459,25.979629,25.839577,25.839577,209200
1993-10-07,25.874587,25.874587,25.752042,25.769548,59400
1993-10-08,25.839586,25.857093,25.612002,25.804573,54400
1993-10-11,25.857077,25.909596,25.857077,25.857077,467100
1993-10-12,25.892094,25.9096,25.874587,25.892094,26200
1993-10-13,25.9096,25.9096,25.857081,25.892094,139100
1993-10-14,25.997119,26.224703,25.927093,26.224703,108100
1993-10-15,26.347257,26.417283,26.277231,26.364763,1502500
1993-10-18,26.34726,26.34726,26.259728,26.294741,722400
1993-10-19,26.259731,26.312251,26.102173,26.102173,880100
1993-10-20,26.189711,26.189711,26.084672,26.137192,230400
1993-10-21,26.154692,26.154692,26.06716,26.102173,56200
1993-10-22,26.137203,26.242242,25.979645,25.979645,390700
1993-10-25,25.997123,26.084656,25.927097,26.049643,114500
1993-10-26,26.032145,26.049651,25.944612,26.032145,186200
1993-10-27,25.997123,26.067149,25.997123,26.049643,118400
1993-10-28,26.08466,26.312244,26.08466,26.242218,129600
1993-10-29,26.224712,26.259725,26.207205,26.242218,80700
1993-11-01,26.207206,26.329751,26.207206,26.312244,36400
1993-11-02,26.277234,26.329754,26.137182,26.294741,262100
1993-11-03,26.277233,26.277233,25.839571,25.962116,479100
1993-11-04,25.962116,25.962116,25.664506,25.682013,130400
1993-11-05,25.612002,25.804573,25.506963,25.804573,363200
1993-11-08,25.82207,25.909603,25.752044,25.839577,367600
1993-11-09,26.014635,26.032141,25.83957,25.857077,246900
1993-11-10,25.857071,26.049643,25.787045,26.049643,46500
1993-11-11,26.049671,26.119697,25.962138,25.979645,88900
1993-11-12,26.032147,26.189705,26.01464,26.102173,108200
1993-11-15,26.154695,26.154695,26.014643,26.084669,243300
1993-11-16,26.137175,26.224707,26.032136,26.207201,492600
1993-11-17,26.22471,26.22471,25.997126,26.067152,39600
1993-11-18,26.032139,26.084658,25.9271,25.997126,240800
1993-11-19,25.909594,25.97962,25.892087,25.944607,106000
1993-11-22,25.874585,25.892091,25.69952,25.787052,165300
1993-11-23,25.927105,25.944611,25.787053,25.927105,89700
1993-11-24,25.997132,26.049651,25.962119,26.032145,77200
1993-11-26,26.102162,26.102162,26.032136,26.049643,1019800
1993-11-29,26.119672,26.172191,25.944607,25.944607,517500
1993-11-30,25.927103,26.084662,25.909597,25.962116,230000
1993-12-01,26.102165,26.119671,25.997126,25.997126,379200
1993-12-02,26.049646,26.084659,25.997126,26.067152,352000
1993-12-03,26.049646,26.172192,26.049646,26.172192,306000
1993-12-06,26.207206,26.294739,26.207206,26.259726,99500
1993-12-07,26.259725,26.277231,26.207205,26.242218,88800
1993-12-08,26.242218,26.242218,26.207205,26.242218,146700
1993-12-09,26.242216,26.277229,26.119671,26.154684,416500
1993-12-10,26.172199,26.172199,26.049653,26.102173,412900
1993-12-13,26.102167,26.259726,26.067154,26.259726,273200
1993-12-14,26.27723,26.27723,26.067152,26.067152,41900
1993-12-15,26.10217,26.119677,26.032145,26.032145,82600
1993-12-16,26.137172,26.137172,26.084652,26.119665,78200
1993-12-17,26.175103,26.280861,26.157477,26.263235,104700
1993-12-20,26.245585,26.31609,26.227959,26.298464,68800
1993-12-21,26.263231,26.263231,26.175099,26.210352,205700
1993-12-22,26.28086,26.404244,26.227981,26.386618,410300
1993-12-23,26.368975,26.421854,26.333722,26.368975,533800
1993-12-27,26.368986,26.509996,26.368986,26.509996,447100
1993-12-28,26.492357,26.580489,26.474731,26.562862,880600
1993-12-29,26.580503,26.598129,26.509998,26.527624,266700
1993-12-30,26.510003,26.510003,26.368992,26.421871,219900
1993-12-31,26.474747,26.509999,26.263231,26.280857,312900
1994-01-03,26.280857,26.31611,26.175099,26.210352,960900
1994-01-04,26.245605,26.316111,26.210353,26.316111,164300
1994-01-05,26.351348,26.386601,26.24559,26.368975,710900
1994-01-06,26.404227,26.421854,26.333722,26.368975,201000
1994-01-07,26.421866,26.54525,26.351361,26.527624,775500
1994-01-10,26.562868,26.844889,26.492362,26.844889,593700
1994-01-11,26.827268,26.827268,26.703883,26.792015,295200
1994-01-12,26.809644,26.809644,26.615754,26.703886,158400
1994-01-13,26.633375,26.686254,26.598123,26.633375,244300
1994-01-14,26.721504,26.792009,26.721504,26.73913,137200
1994-01-17,26.73913,26.774383,26.686251,26.73913,17700
1994-01-18,26.774385,26.809638,26.721506,26.774385,166400
1994-01-19,26.739139,26.774391,26.651007,26.703886,200800
1994-01-20,26.739133,26.792012,26.721506,26.774385,281100
1994-01-21,26.809636,26.809636,26.703878,26.721504,85600
1994-01-24,26.703892,26.827277,26.615761,26.615761,373800
1994-01-25,26.633387,26.651013,26.562882,26.615761,310400
1994-01-26,26.615759,26.70389,26.580506,26.686264,145100
1994-01-27,26.739134,26.968276,26.703881,26.933023,344500
1994-01-28,27.038798,27.091677,27.003546,27.003546,356500
1994-01-31,27.109283,27.250293,27.07403,27.197414,313800
1994-02-01,27.162172,27.162172,27.021161,27.056414,303600
1994-02-02,27.144542,27.232674,27.126916,27.232674,307600
1994-02-03,27.179794,27.179794,27.021158,27.109289,466100
1994-02-04,27.10929,27.144543,26.492369,26.492369,1403200
1994-02-07,26.421871,26.686266,26.421871,26.615761,516400
1994-02-08,26.668628,26.668628,26.527617,26.633375,188200
1994-02-09,26.650998,26.756756,26.615746,26.73913,144600
1994-02-10,26.721512,26.739139,26.509996,26.509996,883900
1994-02-11,26.527616,26.668627,26.404232,26.598122,519400
1994-02-14,26.545244,26.721507,26.509991,26.633375,2742100
1994-02-15,26.686254,26.792012,26.651001,26.774385,374700
1994-02-16,26.809652,26.809652,26.703894,26.756773,287600
1994-02-17,26.880143,26.897769,26.527616,26.598122,342400
1994-02-18,26.615751,26.633377,26.368982,26.439487,313300
1994-02-22,26.509996,26.703886,26.509996,26.703886,154500
1994-02-23,26.739133,26.756759,26.545244,26.633375,391700
1994-02-24,26.545252,26.545252,26.263231,26.280857,770800
1994-02-25,26.316099,26.40423,26.26322,26.40423,531300
1994-02-28,26.474735,26.545241,26.40423,26.40423,333000
1994-03-01,26.404222,26.457101,26.157453,26.298464,423600
1994-03-02,25.96358,26.333733,25.893074,26.333733,581500
1994-03-03,26.298488,26.298488,26.19273,26.263235,223200
1994-03-04,26.263227,26.404238,26.175096,26.333733,595800
1994-03-07,26.421862,26.509994,26.421862,26.474741,539800
1994-03-08,26.492359,26.492359,26.333722,26.368975,880300
1994-03-09,26.404237,26.509995,26.280853,26.492369,2500100
1994-03-10,26.474747,26.474747,26.192725,26.280857,207400
1994-03-11,26.316113,26.457124,26.175103,26.421871,576600
1994-03-14,26.527632,26.527632,26.421874,26.457127,345900
1994-03-15,26.509993,26.562872,26.421861,26.439487,748600
1994-03-16,26.474742,26.651005,26.38661,26.651005,455500
1994-03-17,26.562873,26.686257,26.562873,26.651005,133000
1994-03-18,26.521099,26.680651,26.503371,26.645195,365500
1994-03-21,26.556556,26.627468,26.503372,26.574284,324800
1994-03-22,26.574283,26.698379,26.521099,26.645195,435700
1994-03-23,26.62747,26.698382,26.609742,26.62747,698500
1994-03-24,26.521105,26.574289,26.184273,26.308369,1200500
1994-03-25,26.326087,26.396999,26.060167,26.060167,100900
1994-03-28,26.095625,26.131081,25.865161,26.095625,1117200
1994-03-29,26.095627,26.113355,25.581514,25.581514,338400
1994-03-30,25.599244,25.670156,25.226955,25.226955,1123900
1994-03-31,25.226949,25.351045,24.695109,25.297861,788800
1994-04-04,24.588739,24.978755,24.588739,24.907843,2627300
1994-04-05,25.156035,25.421955,25.156035,25.421955,1179000
1994-04-06,25.457411,25.475139,25.244675,25.421955,516500
1994-04-07,25.404233,25.599241,25.262409,25.546057,666100
1994-04-08,25.492872,25.492872,25.226951,25.351048,242400
1994-04-11,25.421953,25.563777,25.359905,25.457409,203300
1994-04-12,25.484003,25.528323,25.368771,25.421955,1409200
1994-04-13,25.413101,25.475149,25.102861,25.289005,364100
1994-04-14,25.244677,25.430821,25.191493,25.297861,419900
1994-04-15,25.288997,25.404229,25.253541,25.297861,387300
1994-04-18,25.324452,25.395364,25.049668,25.129444,369100
1994-04-19,25.102863,25.262415,24.952175,25.164911,472200
1994-04-20,25.191495,25.253543,25.005351,25.138311,508000
1994-04-21,25.244674,25.510594,25.156034,25.475138,200300
1994-04-22,25.537193,25.554921,25.377641,25.448553,301800
1994-04-25,25.43969,25.732202,25.43969,25.714474,394600
1994-04-26,25.679016,25.723336,25.634696,25.68788,399000
1994-04-28,25.6347,25.670156,25.421963,25.50174,287000
1994-04-29,25.457418,25.61697,25.421962,25.581514,481900
1994-05-02,25.58152,25.93608,25.49288,25.741072,275000
1994-05-03,25.74993,25.758794,25.563786,25.714474,183400
1994-05-04,25.767647,25.767647,25.572639,25.670143,401900
1994-05-05,25.696751,25.741071,25.634703,25.634703,659800
1994-05-06,25.510594,25.510594,25.297857,25.386497,216300
1994-05-09,25.315599,25.386511,25.120591,25.164911,499300
1994-05-10,25.289005,25.439693,25.271277,25.359917,583400
1994-05-11,25.333316,25.368772,25.058532,25.129444,210600
1994-05-12,25.288996,25.315588,25.191492,25.25354,305200
1994-05-13,25.324452,25.324452,25.129444,25.25354,321300
1994-05-16,25.306712,25.386488,25.253528,25.262392,450400
1994-05-17,25.280142,25.634703,25.244686,25.634703,470200
1994-05-18,25.652417,25.918337,25.537185,25.820833,824800
1994-05-19,25.767636,26.015828,25.767636,25.944916,531000
1994-05-20,25.900611,25.918339,25.811971,25.847427,370400
1994-05-23,25.820834,25.829698,25.72333,25.803106,262700
1994-05-24,25.874027,26.006987,25.874027,25.909483,549600
1994-05-25,25.811982,25.998126,25.723342,25.980398,738200
1994-05-26,25.971527,26.060167,25.944935,25.998119,369600
1994-05-27,25.953803,26.024715,25.909483,26.024715,162000
1994-05-31,25.944936,26.04244,25.900616,25.989256,160000
1994-06-01,25.927193,26.104473,25.847417,26.104473,200500
1994-06-02,26.122212,26.122212,26.033572,26.077892,55100
1994-06-03,26.095622,26.317222,26.015846,26.228582,550400
1994-06-06,26.281771,26.361547,26.201995,26.219723,99300
1994-06-07,26.175399,26.219719,26.113351,26.184263,120600
1994-06-08,26.246311,26.246311,25.971527,25.971527,131900
1994-06-09,26.086745,26.113337,26.033561,26.113337,80500
1994-06-10,26.139949,26.210861,26.139949,26.157677,83100
1994-06-13,26.122207,26.201983,26.113343,26.193119,109700
1994-06-14,26.272905,26.405865,26.272905,26.397001,161000
1994-06-15,26.405853,26.414717,26.272893,26.290621,142800
1994-06-16,26.290629,26.361541,26.264037,26.343813,44000
1994-06-17,26.357386,26.384154,26.161089,26.196779,403800
1994-06-20,26.0094,26.054013,25.946941,25.973709,137400
1994-06-21,25.955859,25.955859,25.643568,25.750639,139200
1994-06-22,25.822012,25.938006,25.795244,25.84878,279900
1994-06-23,25.893401,25.929091,25.661413,25.697104,922500
1994-06-24,25.572191,25.572191,25.12606,25.161751,353800
1994-06-27,25.259892,25.598951,25.134976,25.598951,371200
1994-06-28,25.607878,25.607878,25.268819,25.474039,5382300
1994-06-29,25.509727,25.706025,25.48296,25.55434,311800
1994-06-30,25.59894,25.607863,25.304495,25.393721,271900
1994-07-01,25.518667,25.518667,25.340215,25.447287,406900
1994-07-05,25.500803,25.616797,25.420499,25.581106,112000
1994-07-06,25.48296,25.590031,25.393734,25.545418,174800
1994-07-07,25.54541,25.652481,25.518642,25.652481,66700
1994-07-08,25.491882,25.688179,25.482959,25.643566,148400
1994-07-11,25.661412,25.706025,25.429424,25.55434,124000
1994-07-12,25.563263,25.598953,25.420501,25.590031,257300
1994-07-13,25.598951,25.714945,25.598951,25.634642,532700
1994-07-14,25.759565,25.964785,25.74172,25.911249,494200
1994-07-15,25.893387,25.97369,25.884464,25.920155,49100
1994-07-18,25.920168,26.027239,25.920168,25.964781,72300
1994-07-19,26.009398,26.01832,25.911249,25.911249,609500
1994-07-20,25.929104,25.929104,25.732807,25.795265,185300
1994-07-21,25.795244,25.866625,25.741708,25.84878,86300
1994-07-22,25.911243,25.929089,25.839863,25.893398,151600
1994-07-25,25.902323,25.955858,25.875555,25.92909,120900
1994-07-26,25.920164,25.938009,25.875551,25.902319,489600
1994-07-27,25.902319,25.902319,25.795248,25.902319,83200
1994-07-28,25.902319,26.027235,25.902319,25.955854,828200
1994-07-29,26.134315,26.294922,26.125393,26.214619,459100
1994-08-01,26.23246,26.357376,26.205692,26.339531,486300
1994-08-02,26.428745,26.482281,26.285984,26.37521,505500
1994-08-03,26.366299,26.401989,26.321686,26.384144,144100
1994-08-04,26.366299,26.393067,26.223537,26.23246,231700
1994-08-05,26.098635,26.178938,26.071867,26.143248,138400
1994-08-08,26.170021,26.232479,26.143253,26.205711,328600
1994-08-09,26.107555,26.250317,26.107555,26.250317,105900
1994-08-10,26.268158,26.375229,26.232467,26.348461,840300
1994-08-11,26.286007,26.402001,26.116477,26.250317,876200
1994-08-12,26.29491,26.464439,26.29491,26.455517,184100
1994-08-15,26.482298,26.544756,26.446608,26.446608,325900
1994-08-16,26.464446,26.660744,26.357375,26.633976,1089500
1994-08-17,26.669674,26.687519,26.598293,26.616138,133700
1994-08-18,26.526909,26.589367,26.500141,26.526909,620000
1994-08-19,26.535826,26.562594,26.4466,26.509058,103200
1994-08-22,26.517998,26.517998,26.428772,26.482307,79700
1994-08-23,26.598286,26.758892,26.562595,26.633976,268600
1994-08-24,26.660724,26.919479,26.651801,26.919479,254700
1994-08-25,26.892731,26.955189,26.776737,26.848118,147400
1994-08-26,26.910579,27.285328,26.910579,27.231792,339500
1994-08-29,27.303156,27.401305,27.205008,27.21393,350300
1994-08-30,27.205023,27.329939,27.169332,27.285326,36000
1994-08-31,27.240698,27.347769,27.17824,27.21393,356200
1994-09-01,27.124712,27.142557,27.026563,27.124712,294600
1994-09-02,27.249646,27.249646,26.964123,27.008736,99600
1994-09-06,26.990873,27.044409,26.91057,27.017641,229800
1994-09-07,27.080111,27.080111,26.964117,26.990885,27900
1994-09-08,27.044409,27.160402,27.035486,27.124712,284800
1994-09-09,26.857042,26.910578,26.732126,26.839197,488400
1994-09-12,26.839201,26.874892,26.714285,26.758898,129400
1994-09-13,26.812429,26.910578,26.758894,26.839197,389200
1994-09-14,26.749962,26.901646,26.749962,26.865955,423500
1994-09-15,26.937343,27.205021,26.937343,27.205021,779800
1994-09-16,27.002435,27.083227,26.912666,27.011412,571300
1994-09-19,27.074259,27.190958,27.01142,27.038351,167300
1994-09-20,26.894699,26.92163,26.526648,26.526648,355600
1994-09-21,26.607439,26.607439,26.275295,26.526648,397500
1994-09-22,26.589505,26.589505,26.436898,26.463829,266400
1994-09-23,26.472803,26.526665,26.329173,26.374058,176600
1994-09-26,26.472811,26.526672,26.41895,26.508718,223000
1994-09-27,26.508707,26.580522,26.427915,26.490753,479500
1994-09-28,26.63438,26.733125,26.616426,26.697218,324000
1994-09-29,26.697228,26.697228,26.481783,26.562574,195900
1994-09-30,26.553578,26.679254,26.526648,26.526648,5200
1994-10-03,26.544621,26.571552,26.418945,26.463829,72600
1994-10-04,26.598477,26.598477,26.050888,26.068842,84200
1994-10-05,26.023955,26.077816,25.853394,26.077816,461900
1994-10-06,26.095761,26.113714,25.952131,25.997015,345200
1994-10-07,25.997034,26.185548,25.970103,26.113733,188700
1994-10-10,26.230434,26.436902,26.221457,26.392017,213600
1994-10-11,26.508714,26.858812,26.508714,26.786997,461400
1994-10-12,26.822903,26.85881,26.760065,26.822903,162400
1994-10-13,27.128106,27.190944,26.88573,26.912661,1564500
1994-10-14,27.002431,27.038339,26.822894,27.029362,72800
1994-10-17,27.002448,27.038355,26.948587,26.975517,282300
1994-10-18,26.948568,26.948568,26.822892,26.912661,132100
1994-10-19,26.813929,27.137097,26.804952,27.038351,136700
1994-10-20,27.03834,27.03834,26.778011,26.858803,290300
1994-10-21,26.786985,26.822893,26.634378,26.751078,87800
1994-10-24,26.760046,26.867769,26.517671,26.526648,149600
1994-10-25,26.43688,26.607441,26.427903,26.553579,91800
1994-10-26,26.652334,26.679265,26.526658,26.652334,201000
1994-10-27,26.751083,26.813921,26.688245,26.813921,210300
1994-10-28,26.867765,27.406377,26.867765,27.379446,192100
1994-10-31,27.316625,27.343556,27.271741,27.280718,36300
1994-11-01,27.164032,27.164032,26.96654,26.975517,435200
1994-11-02,26.894718,27.137093,26.822903,26.822903,115600
1994-11-03,26.912669,27.011414,26.876761,26.96653,87000
1994-11-04,27.092195,27.092195,26.616421,26.616421,124400
1994-11-07,26.679264,26.769033,26.607449,26.697218,115000
1994-11-08,26.786983,26.993451,26.742099,26.903683,308300
1994-11-09,27.190953,27.190953,26.715179,26.948578,318500
1994-11-10,26.966547,27.020408,26.742125,26.760078,172100
1994-11-11,26.724143,26.751073,26.58949,26.661304,302200
1994-11-14,26.778008,26.921637,26.778008,26.912661,181400
1994-11-15,26.885741,27.056301,26.616435,26.822903,316900
1994-11-16,26.867776,26.912661,26.778008,26.912661,106900
1994-11-17,26.930621,26.930621,26.625407,26.73313,104700
1994-11-18,26.742102,26.786987,26.580519,26.697218,269300
1994-11-21,26.679272,26.760064,26.427919,26.427919,283100
1994-11-22,26.329164,26.42791,25.85339,25.85339,483600
1994-11-23,25.871339,26.005992,25.628963,25.997015,601600
1994-11-25,26.01497,26.1586,26.01497,26.122692,77300
1994-11-28,26.11373,26.248383,26.050892,26.239407,79900
1994-11-29,26.230429,26.28429,26.14066,26.230429,105500
1994-11-30,26.36508,26.400987,26.194519,26.194519,218800
1994-12-01,26.221457,26.221457,25.880335,25.934196,439000
1994-12-02,25.880326,26.176563,25.880326,26.176563,318500
1994-12-05,26.23042,26.320189,26.140651,26.203489,139200
1994-12-06,26.104729,26.230405,26.059844,26.221428,249900
1994-12-07,26.059855,26.140647,26.005994,26.032925,531900
1994-12-08,26.140655,26.176562,25.709765,25.78158,261500
1994-12-09,25.781582,25.898281,25.673859,25.880327,235900
1994-12-12,25.826462,26.050884,25.826462,26.050884,151100
1994-12-13,26.032938,26.158614,26.032938,26.149637,70900
1994-12-14,26.113724,26.400984,26.113724,26.284285,203300
1994-12-15,26.320207,26.445883,26.320207,26.365091,130100
1994-12-16,26.448618,26.548151,26.421473,26.49386,266100
1994-12-19,26.493858,26.548149,26.412422,26.530052,1120200
1994-12-20,26.557199,26.575296,26.448618,26.448618,675600
1994-12-21,26.466702,26.792446,26.466702,26.729107,544500
1994-12-22,26.729116,26.756262,26.620535,26.64768,222000
1994-12-23,26.629589,26.738171,26.629589,26.674831,125800
1994-12-27,26.765318,26.873899,26.747221,26.819609,95200
1994-12-28,26.846729,26.846729,26.620518,26.683857,358200
1994-12-29,26.783411,26.783411,26.67483,26.701975,220100
1994-12-30,26.756259,26.783405,26.385273,26.385273,2209500
1995-01-03,26.466705,26.548141,26.457657,26.511948,324300
1995-01-04,26.629585,26.638634,26.493859,26.638634,351800
1995-01-05,26.656731,26.701973,26.611488,26.638634,89800
1995-01-06,26.692921,26.783405,26.584339,26.665775,448400
1995-01-09,26.656735,26.692928,26.638638,26.692928,36800
1995-01-10,26.756266,26.864847,26.720072,26.720072,229800
1995-01-11,26.810545,26.810545,26.530043,26.738157,222400
1995-01-12,26.71102,26.76531,26.656729,26.747213,40300
1995-01-13,26.891976,27.063896,26.855782,27.063896,170600
1995-01-16,27.05485,27.235819,27.05485,27.22677,105100
1995-01-17,27.172491,27.253927,27.136297,27.23583,89500
1995-01-18,27.217726,27.262968,27.145338,27.208677,84500
1995-01-19,27.118191,27.145336,27.036755,27.054852,139100
1995-01-20,27.018675,27.027723,26.901045,26.955336,78700
1995-01-23,26.774353,27.036758,26.756257,27.036758,53700
1995-01-24,27.027704,27.072947,27.009607,27.072947,32400
1995-01-25,26.937222,27.244869,26.937222,27.145336,15700
1995-01-26,27.127234,27.20867,27.072943,27.172476,9800
1995-01-27,27.353474,27.353474,27.172505,27.281086,91200
1995-01-30,27.226789,27.244886,27.127256,27.16345,26600
1995-01-31,27.217737,27.31727,27.172495,27.272028,127500
1995-02-01,27.308226,27.407759,27.217741,27.262983,380200
1995-02-02,27.253927,27.425848,27.253927,27.425848,131700
1995-02-03,27.59776,27.860165,27.552517,27.814922,405100
1995-02-06,27.805874,28.013988,27.778729,27.932552,405400
1995-02-07,27.977804,27.977804,27.878271,27.968756,702900
1995-02-08,27.932562,28.068289,27.914465,27.968756,521500
1995-02-09,27.923513,27.968756,27.869223,27.968756,390700
1995-02-10,27.93256,28.004948,27.851124,28.004948,148300
1995-02-13,27.986853,28.068289,27.986853,28.013998,79700
1995-02-14,28.104492,28.104492,27.94162,28.050201,170200
1995-02-15,28.050188,28.240206,28.023043,28.204012,431500
1995-02-16,28.167822,28.194967,28.086386,28.167822,99300
1995-02-17,28.140676,28.158773,28.050192,28.05924,49100
1995-02-21,28.05925,28.104492,28.041153,28.050201,168000
1995-02-22,28.07733,28.258299,28.059233,28.258299,386400
1995-02-23,28.366888,28.466421,28.2945,28.303549,402800
1995-02-24,28.339727,28.38497,28.26734,28.375921,307600
1995-02-27,28.294491,28.375927,28.104473,28.149715,280900
1995-02-28,28.12258,28.384985,28.12258,28.384985,493500
1995-03-01,28.357836,28.394029,28.176867,28.204012,242600
1995-03-02,28.194962,28.240204,28.113526,28.240204,488600
1995-03-03,28.149727,28.24926,28.077339,28.24926,290000
1995-03-06,28.059225,28.26734,28.023032,28.26734,85700
1995-03-07,28.167831,28.23117,27.923523,28.050201,180900
1995-03-08,28.09543,28.15877,27.995897,28.122576,155900
1995-03-09,28.113523,28.140669,28.041136,28.113523,63500
1995-03-10,28.140681,28.602152,28.104487,28.529764,192100
1995-03-13,28.511665,28.60215,28.475472,28.502617,261300
1995-03-14,28.584051,28.746923,28.584051,28.71073,223300
1995-03-15,28.665491,28.710733,28.547861,28.656443,278500
1995-03-16,28.62929,28.846453,28.62929,28.828356,20400
1995-03-17,28.784265,28.893434,28.76607,28.857044,89900
1995-03-20,28.893434,28.893434,28.80246,28.857044,91700
1995-03-21,28.857039,29.038988,28.738773,28.78426,104400
1995-03-22,28.838825,28.838825,28.720559,28.811533,74900
1995-03-23,28.775156,28.911617,28.738766,28.829741,220500
1995-03-24,28.920705,29.239115,28.920705,29.239115,134000
1995-03-27,29.28461,29.357389,29.211831,29.357389,132100
1995-03-28,29.28461,29.357389,29.24822,29.357389,121900
1995-03-29,29.330112,29.630327,29.184553,29.348307,246100
1995-03-30,29.411977,29.411977,29.175444,29.293711,298400
1995-03-31,29.066269,29.211828,28.847931,29.175438,541300
1995-04-03,29.166342,29.248219,29.148147,29.248219,193300
1995-04-04,29.25731,29.439259,29.25731,29.439259,66900
1995-04-05,29.375577,29.466551,29.357382,29.439259,107200
1995-04-06,29.512046,29.575727,29.457461,29.548435,352500
1995-04-07,29.612119,29.612119,29.384683,29.521145,361400
1995-04-10,29.475673,29.575745,29.457478,29.575745,285400
1995-04-11,29.648506,29.657603,29.45746,29.475655,250300
1995-04-12,29.52116,29.575745,29.466575,29.575745,150900
1995-04-13,29.630308,29.748575,29.612113,29.739477,243400
1995-04-17,29.84865,29.875942,29.475655,29.566629,178900
1995-04-18,29.593919,29.593919,29.393775,29.466555,329500
1995-04-19,29.466551,29.530233,29.284602,29.439259,223000
1995-04-20,29.521148,29.566635,29.366492,29.484758,207900
1995-04-21,29.493852,29.639411,29.493852,29.630314,145000
1995-04-24,29.61212,29.976017,29.61212,29.976017,169000
1995-04-25,29.930536,29.976023,29.875951,29.894146,293200
1995-04-26,29.839535,29.939606,29.766755,29.921412,204400
1995-04-27,29.875947,30.012408,29.857752,29.994213,502200
1995-04-28,29.985111,30.085183,29.794065,30.039696,130800
1995-05-01,30.01239,30.076072,29.957806,29.957806,518700
1995-05-02,29.985114,30.066991,29.921432,30.021503,228400
1995-05-03,30.121572,30.439981,30.121572,30.439981,724700
1995-05-04,30.476345,30.676488,30.348981,30.421761,311400
1995-05-05,30.549135,30.549135,30.3217,30.385382,314900
1995-05-08,30.358093,30.703795,30.330801,30.603724,183100
1995-05-09,30.73111,30.7675,30.530967,30.576454,180600
1995-05-10,30.658314,30.667412,30.467269,30.612827,330300
1995-05-11,30.658322,30.694712,30.55825,30.694712,351700
1995-05-12,30.576446,30.785687,30.567349,30.712908,94600
1995-05-15,30.794776,30.858458,30.731094,30.858458,147200
1995-05-16,30.849373,30.949445,30.794788,30.876665,221600
1995-05-17,30.876684,30.885781,30.731125,30.758417,189200
1995-05-18,30.703804,30.721998,30.312614,30.312614,577800
1995-05-19,30.26713,30.385397,30.221643,30.330812,363900
1995-05-22,30.430867,30.712887,30.412673,30.6674,216000
1995-05-23,30.721997,30.949432,30.631023,30.949432,136800
1995-05-24,31.004031,31.104103,30.740206,30.931252,370800
1995-05-25,30.840273,30.985832,30.694715,30.95854,379900
1995-05-26,30.840256,30.849354,30.485457,30.603724,518600
1995-05-30,30.676512,30.758389,30.494563,30.594635,61500
1995-05-31,30.540053,31.231457,30.540053,31.231457,564500
1995-06-01,31.094995,31.386113,31.004021,31.14958,810100
1995-06-02,31.022224,31.395218,30.913055,31.17688,112900
1995-06-05,31.176863,31.46798,31.14957,31.367908,257200
1995-06-06,31.340633,31.449803,31.313341,31.313341,165800
1995-06-07,31.249652,31.267847,31.11319,31.14958,41900
1995-06-08,31.140481,31.231456,31.076799,31.076799,141100
1995-06-09,31.013114,31.049504,30.712899,30.894848,304900
1995-06-12,30.994922,31.195065,30.976727,31.067701,378500
1995-06-13,31.213261,31.422501,31.185968,31.404306,120000
1995-06-14,31.358823,31.413408,31.258751,31.377018,389400
1995-06-15,31.422503,31.577159,31.367919,31.513477,274500
1995-06-16,31.451472,31.607037,31.451472,31.607037,325100
1995-06-19,31.698536,31.982213,31.680235,31.963911,134600
1995-06-20,31.872409,31.982219,31.854107,31.881559,287800
1995-06-21,31.982231,32.009683,31.86327,31.86327,158200
1995-06-22,32.000522,32.3025,32.000522,32.284199,297000
1995-06-23,32.210984,32.229286,32.119475,32.220135,315400
1995-06-26,32.128629,32.183534,31.835802,31.835802,132900
1995-06-27,31.826658,32.037128,31.753452,31.771753,127700
1995-06-28,31.771762,32.06459,31.671103,31.936478,212600
1995-06-29,31.936464,32.018822,31.661939,31.881559,89200
1995-06-30,31.945627,32.055438,31.799214,31.86327,714100
1995-07-03,31.899835,31.982193,31.899835,31.982193,9500
1995-07-05,32.073748,32.247614,32.000541,32.1012,409300
1995-07-06,32.11034,32.512978,32.046284,32.512978,202500
1995-07-07,32.448912,32.668533,32.430611,32.659382,481700
1995-07-10,32.686828,32.769186,32.622772,32.677677,400400
1995-07-11,32.650233,32.677686,32.476367,32.522121,420500
1995-07-12,32.586177,32.979664,32.522122,32.924759,203400
1995-07-13,32.879007,32.952214,32.814951,32.851555,215600
1995-07-14,32.677679,32.851545,32.650227,32.824093,543700
1995-07-17,32.869874,33.043741,32.842422,33.007137,171500
1995-07-18,32.952221,32.952221,32.695997,32.72345,221200
1995-07-19,32.595314,32.631917,31.744285,32.366543,486600
1995-07-20,32.403169,32.549583,32.229303,32.485527,318900
1995-07-21,32.458076,32.577037,32.320813,32.448925,94000
1995-07-24,32.49468,32.723451,32.49468,32.686848,108400
1995-07-25,32.723437,32.979661,32.622778,32.933907,107400
1995-07-26,32.915595,33.07116,32.897294,32.906445,167800
1995-07-27,33.062008,33.208422,33.062008,33.180969,187700
1995-07-28,33.208427,33.208427,32.943052,32.970505,415600
1995-07-31,32.997967,33.02542,32.81495,32.888157,342500
1995-08-01,32.933888,32.933888,32.650212,32.833229,141000
1995-08-02,33.025419,33.263341,32.705139,32.760044,240400
1995-08-03,32.531257,32.769179,32.476352,32.750877,1193600
1995-08-04,32.814932,32.842384,32.750876,32.787479,240500
1995-08-07,32.86071,32.96137,32.842408,32.86071,193100
1995-08-08,32.879012,32.979671,32.760051,32.86071,951900
1995-08-09,32.970516,32.970516,32.824102,32.851555,107100
1995-08-10,32.888157,32.961364,32.641084,32.778347,280800
1995-08-11,32.750901,32.787505,32.458074,32.595337,257200
1995-08-14,32.677687,32.888157,32.604481,32.888157,254800
1995-08-15,32.878998,32.878998,32.595322,32.824093,44400
1995-08-16,32.796635,32.915596,32.760032,32.915596,374900
1995-08-17,32.933917,32.933917,32.741749,32.86071,353800
1995-08-18,33.025416,33.034567,32.869852,32.897305,85400
1995-08-21,33.034565,33.171828,32.796643,32.805794,266700
1995-08-22,32.851552,32.924759,32.686837,32.869854,220200
1995-08-23,32.897291,32.915593,32.750877,32.750877,176500
1995-08-24,32.760027,32.851535,32.650217,32.787479,167400
1995-08-25,32.842393,33.02541,32.842393,32.970505,195000
1995-08-28,33.062024,33.062024,32.79665,32.851555,293000
1995-08-29,32.888152,32.943057,32.659381,32.933907,1133100
1995-08-30,32.961383,33.043741,32.92478,33.007137,437400
1995-08-31,32.997962,33.08947,32.970509,33.034565,491900
1995-09-01,33.025405,33.235874,32.997952,33.180969,629900
1995-09-05,33.281626,33.510398,33.226721,33.492096,272200
1995-09-06,33.519576,33.592782,33.510425,33.556179,214500
1995-09-07,33.592772,33.611074,33.528716,33.574471,258800
1995-09-08,33.702579,33.702579,33.482959,33.702579,107300
1995-09-11,33.757483,33.858142,33.757483,33.794086,260700
1995-09-12,33.803229,33.949642,33.720871,33.949642,139500
1995-09-13,33.913049,34.150971,33.903898,34.105217,239800
1995-09-14,34.224183,34.443804,34.132675,34.416351,457600
1995-09-15,34.388446,34.489642,34.26885,34.406845,431200
1995-09-18,34.287253,34.305652,34.112459,34.278053,307500
1995-09-19,34.342453,34.462049,34.222857,34.443649,549600
1995-09-20,34.498841,34.609238,34.471242,34.609238,290800
1995-09-21,34.563235,34.590834,34.186048,34.324043,508500
1995-09-22,34.048058,34.370047,34.020459,34.333248,449900
1995-09-25,34.37005,34.37005,34.158457,34.278053,130000
1995-09-26,34.379264,34.462061,34.18607,34.268867,466600
1995-09-27,34.121661,34.259656,33.910068,34.241257,654400
1995-09-28,34.268859,34.498852,34.24126,34.498852,456200
1995-09-29,34.471243,34.682836,34.388446,34.434444,606600
1995-10-02,34.434445,34.517243,34.176854,34.259651,293100
1995-10-03,34.259641,34.351638,34.121646,34.29644,839700
1995-10-04,34.314849,34.314849,34.213653,34.259651,248800
1995-10-05,34.296465,34.360863,34.204468,34.360863,268800
1995-10-06,34.379251,34.489647,34.379251,34.388451,75300
1995-10-09,34.259659,34.278058,34.038866,34.103264,358200
1995-10-10,33.753669,34.084858,33.71687,34.084858,360800
1995-10-11,34.204447,34.204447,34.075652,34.195248,228100
1995-10-12,34.222851,34.425244,34.222851,34.406845,199800
1995-10-13,34.563268,34.655265,34.517269,34.517269,488100
1995-10-16,34.416048,34.480446,34.35165,34.35165,443600
1995-10-17,34.388456,34.618449,34.324058,34.58165,146000
1995-10-18,34.747221,34.793219,34.572427,34.682823,228100
1995-10-19,34.664437,34.848431,34.618438,34.848431,500600
1995-10-20,34.820846,34.848445,34.636852,34.636852,748400
1995-10-23,34.471251,34.627646,34.471251,34.563248,533000
1995-10-24,34.609248,34.646047,34.517251,34.600048,172200
1995-10-25,34.627647,34.673646,34.314857,34.314857,302700
1995-10-26,34.370063,34.397662,33.726084,34.002075,606800
1995-10-27,33.965261,34.259651,33.808866,34.259651,905800
1995-10-30,34.342462,34.498857,34.342462,34.480457,488700
1995-10-31,34.57244,34.646038,34.333248,34.333248,508200
1995-11-01,34.314848,34.609238,34.287248,34.609238,415700
1995-11-02,34.554042,34.830032,34.554042,34.830032,326000
1995-11-03,34.876041,34.885241,34.774845,34.876041,615000
1995-11-06,34.866828,34.866828,34.747232,34.756432,311200
1995-11-07,34.738036,34.738036,34.517243,34.62764,358200
1995-11-08,34.673646,34.958837,34.673646,34.940437,357200
1995-11-09,35.078429,35.078429,34.903635,35.069229,503700
1995-11-10,34.876037,35.096829,34.866837,35.050831,795600
1995-11-13,34.986447,35.124442,34.922049,35.014046,818500
1995-11-14,34.949633,35.023231,34.784039,34.784039,341800
1995-11-15,34.820832,35.142821,34.802432,35.133621,584700
1995-11-16,35.133627,35.363619,35.124427,35.32682,577700
1995-11-17,35.38202,35.446417,35.336021,35.437218,267000
1995-11-20,35.492408,35.501607,35.244016,35.253216,448800
1995-11-21,35.290034,35.538425,35.280834,35.538425,119200
1995-11-22,35.510822,35.54762,35.428024,35.428024,351600
1995-11-24,35.464802,35.52,35.437203,35.52,62400
1995-11-27,35.593615,35.704011,35.529217,35.529217,273000
1995-11-28,35.501612,35.906399,35.418815,35.906399,479000
1995-11-29,35.970806,35.970806,35.823611,35.943207,549200
1995-11-30,35.943202,36.035199,35.823606,35.860405,286200
1995-12-01,35.906399,35.961597,35.823602,35.906399,465200
1995-12-04,35.989208,36.347996,35.943209,36.347996,631700
1995-12-05,36.311198,36.623988,36.283599,36.587189,567700
1995-12-06,36.67919,36.817186,36.504396,36.669991,272800
1995-12-07,36.623967,36.669966,36.449173,36.476772,289700
1995-12-08,36.633166,36.642365,36.366375,36.596367,296900
1995-12-11,36.669965,36.826359,36.596367,36.752762,186500
1995-12-12,36.587174,36.71597,36.587174,36.642372,299400
1995-12-13,36.68837,36.918363,36.68837,36.872364,390700
1995-12-14,36.909162,36.973559,36.513575,36.605572,395000
1995-12-15,36.655999,36.655999,36.489381,36.618973,416700
1995-12-18,36.294993,36.294993,35.906217,35.915474,862300
1995-12-19,35.933992,36.341281,35.887709,36.294998,1022600
1995-12-20,36.406077,36.443103,35.943249,35.943249,1349800
1995-12-21,36.156157,36.239466,35.989539,36.128387,857600
1995-12-22,36.322757,36.359783,36.220935,36.257961,332800
1995-12-26,36.40608,36.452362,36.332027,36.433849,432200
1995-12-27,36.526412,36.526412,36.350537,36.415333,151800
1995-12-28,36.341277,36.526409,36.285738,36.378304,256200
1995-12-29,36.415342,36.452368,36.28575,36.424599,339200
1996-01-02,36.378315,36.813374,36.341289,36.813374,514400
1996-01-03,36.933705,37.02627,36.73006,36.915192,610300
1996-01-04,36.961471,37.100319,36.267228,36.563438,1129700
1996-01-05,36.322784,36.581968,36.239475,36.489403,302400
1996-01-08,36.618978,36.674518,36.572695,36.628235,179900
1996-01-09,36.739316,36.767086,35.915482,35.998791,415500
1996-01-10,35.952517,36.026569,35.332326,35.526714,787700
1996-01-11,35.582236,35.739597,35.415618,35.739597,513200
1996-01-12,35.832172,35.841428,35.35083,35.684067,390400
1996-01-15,35.693306,35.813641,35.461892,35.609997,154200
1996-01-16,35.785883,36.072837,35.480416,36.045067,454600
1996-01-17,35.961775,36.211703,35.81367,35.934006,407600
1996-01-18,36.072838,36.082095,35.767372,36.054325,425600
1996-01-19,36.054327,36.387564,36.017301,36.294998,169800
1996-01-22,36.267238,36.387573,36.202442,36.304264,288200
1996-01-23,36.285759,36.387581,36.211706,36.387581,362200
1996-01-24,36.443099,36.757822,36.424585,36.683769,1506500
1996-01-25,36.711542,36.730055,36.507897,36.55418,298400
1996-01-26,36.526411,36.887417,36.480128,36.868904,726300
1996-01-29,36.841139,37.017014,36.813369,37.017014,254800
1996-01-30,37.091067,37.40579,37.044784,37.331738,272100
1996-01-31,37.322488,37.729777,37.303974,37.72052,498000
1996-02-01,37.683493,37.859367,37.655723,37.859367,373900
1996-02-02,37.840848,37.924157,37.618691,37.702,496200
1996-02-05,37.637214,38.063016,37.581675,38.007477,295300
1996-02-06,38.025976,38.405496,37.970437,38.368469,301600
1996-02-07,38.359212,38.590626,38.322185,38.590626,585100
1996-02-08,38.535102,39.044213,38.461049,39.007187,1526600
1996-02-09,38.988661,39.321897,38.812786,38.997917,804600
1996-02-12,39.071982,39.470015,39.034956,39.29414,626500
1996-02-13,39.127503,39.507022,39.099733,39.210812,1045900
1996-02-14,39.18304,39.312632,38.849804,38.868317,431400
1996-02-15,38.784994,39.044177,38.581349,38.627632,889500
1996-02-16,38.5536,38.646166,38.349956,38.470291,606100
1996-02-20,38.174084,38.285162,37.840847,38.090775,492300
1996-02-21,38.164838,38.59064,38.164838,38.56287,434000
1996-02-22,38.775769,39.294137,38.747999,39.173801,721400
1996-02-23,39.395942,39.460738,38.7017,39.062706,1430400
1996-02-26,38.951651,39.03496,38.488823,38.507336,1408400
1996-02-27,38.599902,38.609159,38.211126,38.387001,601000
1996-02-28,38.692466,38.942394,38.211124,38.211124,865900
1996-02-29,37.988948,38.479546,37.840843,37.840843,914300
1996-03-01,38.29443,38.442535,37.683497,38.442535,1452600
1996-03-04,38.525843,38.896106,38.396251,38.664692,652600
1996-03-05,38.572109,39.025681,38.553596,39.025681,402000
1996-03-06,38.970143,39.081222,38.683189,38.683189,624700
1996-03-07,38.757236,38.896084,38.646157,38.877571,534200
1996-03-08,38.025979,38.433268,36.73006,37.61869,2289900
1996-03-11,37.470585,38.109288,37.359507,38.053749,1511400
1996-03-12,37.803828,37.942677,37.266947,37.757545,1385300
1996-03-13,38.007486,38.174104,37.794585,38.016743,1019300
1996-03-14,38.072263,38.396243,38.05375,38.183342,725600
1996-03-15,38.120501,38.278562,37.934548,38.157692,869200
1996-03-18,38.510999,38.892204,38.42732,38.892204,917600
1996-03-19,39.236195,39.236195,38.678335,38.808502,858300
1996-03-20,38.99447,38.99447,38.464502,38.762028,744300
1996-03-21,38.808525,38.82712,38.538892,38.66906,650800
1996-03-22,38.687645,38.873599,38.641157,38.771324,344500
1996-03-25,39.124638,39.161829,38.594671,38.696945,802400
1996-03-26,38.631863,38.985175,38.594672,38.8829,969400
1996-03-27,38.938673,38.966566,38.492385,38.529575,809600
1996-03-28,38.390132,38.696955,38.380834,38.67836,1001300
1996-03-29,38.789931,38.789931,38.306451,38.492405,457700
1996-04-01,38.678351,38.947984,38.557481,38.938686,773400
1996-04-02,38.985161,39.013054,38.854993,39.013054,638800
1996-04-03,38.873589,39.040947,38.780612,39.013054,288000
1996-04-04,39.013054,39.106031,38.975863,38.985161,934900
1996-04-08,38.008908,38.315731,37.841549,38.315731,2217200
1996-04-09,38.464499,38.464499,38.092592,38.166973,1180900
1996-04-10,38.101886,38.269244,37.339476,37.488239,939500
1996-04-11,37.58123,37.767184,36.967583,37.441765,1276000
1996-04-12,37.702085,37.971718,37.590513,37.915932,411300
1996-04-15,38.111209,38.278567,37.990339,38.232079,484200
1996-04-16,38.306449,38.473807,38.22277,38.343639,429700
1996-04-17,38.306435,38.418007,37.990314,38.250648,525300
1996-04-18,38.343625,38.427304,38.139076,38.306435,818600
1996-04-19,38.492398,38.594673,38.334338,38.399422,885100
1996-04-22,38.752731,38.845708,38.43661,38.696945,828900
1996-04-23,38.631868,38.845715,38.548189,38.817822,225400
1996-04-24,39.013077,39.013077,38.594681,38.67836,699000
1996-04-25,38.762034,39.013072,38.529592,38.855011,475500
1996-04-26,38.957282,39.161831,38.817817,38.938686,563300
1996-04-29,38.771328,39.013068,38.771328,38.938686,219900
1996-04-30,38.93869,39.013072,38.752737,38.910797,184400
1996-05-01,38.901492,39.152529,38.845706,38.994469,561900
1996-05-02,38.687652,38.901499,38.139089,38.325043,1299600
1996-05-03,38.548191,38.669061,37.934544,38.26926,1329300
1996-05-06,38.418032,38.418032,37.897362,38.232079,647500
1996-05-07,38.23205,38.23205,37.943822,38.07399,582100
1996-05-08,37.888063,38.548199,37.534751,38.548199,1694700
1996-05-09,38.418012,38.715538,38.380821,38.520287,593400
1996-05-10,38.901482,39.031649,38.715528,38.901482,925100
1996-05-13,38.994463,39.654598,38.957272,39.48724,867500
1996-05-14,39.645302,39.831255,39.608111,39.728981,632300
1996-05-15,39.738285,40.054406,39.654606,39.682499,466100
1996-05-16,39.459358,39.831266,39.440763,39.766182,514400
1996-05-17,39.86845,40.045106,39.86845,39.980022,427700
1996-05-20,40.25897,40.314756,39.859169,40.249672,788500
1996-05-21,40.31474,40.389122,40.165978,40.193871,352700
1996-05-22,40.240372,40.575089,40.100907,40.575089,1218100
1996-05-23,40.630878,40.723855,40.18459,40.407734,967900
1996-05-24,40.444892,40.658738,40.426296,40.565762,659100
1996-05-28,40.686645,40.686645,40.054403,40.156677,456400
1996-05-29,40.240362,40.277553,39.756883,39.887051,649600
1996-05-30,39.831271,40.296155,39.719699,40.091606,895800
1996-05-31,40.082303,40.249661,39.794075,39.794075,923500
1996-06-03,39.803365,39.933533,39.691793,39.90564,503100
1996-06-04,40.091605,40.221772,40.017223,40.184582,627100
1996-06-05,40.20316,40.584365,40.119481,40.537876,428000
1996-06-06,40.761054,40.761054,40.166002,40.240383,523300
1996-06-07,39.384996,40.249681,39.384996,40.240383,1422800
1996-06-10,40.184577,40.305446,40.045111,40.110195,548800
1996-06-11,40.258967,40.482111,40.073013,40.073013,688700
1996-06-12,40.203199,40.305473,39.933566,39.99865,1120600
1996-06-13,40.091626,40.147413,39.766207,39.99865,1502000
1996-06-14,40.01721,40.01721,39.701089,39.831257,1468200
1996-06-17,39.849848,39.998611,39.701086,39.80336,1101000
1996-06-18,39.775473,39.887045,39.46865,39.477947,718000
1996-06-19,39.663907,39.868456,39.524442,39.65461,552100
1996-06-20,39.691819,39.821987,39.384996,39.626736,1234400
1996-06-21,39.817986,39.967537,39.705822,39.967537,573300
1996-06-24,40.06101,40.210561,39.986235,40.042316,416500
1996-06-25,40.154484,40.182525,39.948852,39.995586,454400
1996-06-26,39.948845,40.032967,39.715171,39.724518,838200
1996-06-27,39.724516,40.107741,39.574965,40.004925,1090500
1996-06-28,40.173179,40.378811,40.061015,40.145138,1060800
1996-07-01,40.247958,40.500325,40.191876,40.490978,471300
1996-07-02,40.453575,40.462922,40.275983,40.341412,389400
1996-07-03,40.32273,40.378812,40.117097,40.257301,308300
1996-07-05,39.556281,39.74322,39.107627,39.229137,842900
1996-07-08,39.257179,39.472159,38.958077,39.07024,942000
1996-07-09,39.247831,39.369342,39.107627,39.229137,716300
1996-07-10,39.219794,39.388039,38.836569,39.388039,1132300
1996-07-11,39.219801,39.294577,38.210331,38.593555,1587400
1996-07-12,38.65897,38.827215,38.331827,38.621582,1312000
1996-07-15,38.715048,38.715048,37.481251,37.481251,1951300
1996-07-16,37.59342,37.985992,36.116602,37.574726,4141000
1996-07-17,38.135547,38.285099,37.686894,38.023384,1340500
1996-07-18,38.135548,38.612243,37.883181,38.546814,1432500
1996-07-19,38.453338,38.50942,38.060767,38.266399,1216000
1996-07-22,38.004683,38.13554,37.696233,37.985989,519800
1996-07-23,38.042058,38.247691,37.434507,37.499935,1479800
1996-07-24,37.051297,37.799053,36.864358,37.574726,2463400
1996-07-25,37.948589,38.023365,37.76165,37.911201,1989800
1996-07-26,38.02339,38.172941,37.920573,38.116859,642300
1996-07-29,38.060751,38.116833,37.649486,37.69622,1297900
1996-07-30,37.948609,38.09816,37.649506,38.060772,1868200
1996-07-31,38.088804,38.443988,37.995334,38.341171,767100
1996-08-01,38.378556,39.116965,38.322475,38.976761,1168600
1996-08-02,39.481499,39.836683,39.331948,39.817989,1098500
1996-08-05,39.827337,39.836684,39.462806,39.584316,710200
1996-08-06,39.574969,39.789948,39.359989,39.705826,640000
1996-08-07,39.855397,39.930173,39.556295,39.808662,917800
1996-08-08,39.817989,39.817989,39.593663,39.743214,925100
1996-08-09,39.883404,39.939486,39.518873,39.612343,648800
1996-08-12,39.631031,39.995561,39.48148,39.902092,764200
1996-08-13,39.827337,39.855378,39.4815,39.584316,805200
1996-08-14,39.593661,39.761906,39.481497,39.724518,533800
1996-08-15,39.621705,39.855379,39.603011,39.649746,632600
1996-08-16,39.76191,40.00493,39.76191,39.986237,475100
1996-08-19,39.995578,40.032966,39.855374,40.004925,436400
1996-08-20,40.014259,40.023606,39.883402,39.976871,645700
1996-08-21,39.874077,39.967546,39.705832,39.836689,266400
1996-08-22,39.930167,40.285351,39.911473,40.210575,584800
1996-08-23,40.135791,40.201219,39.864729,39.995586,757100
1996-08-26,39.902095,39.948829,39.73385,39.799278,784700
1996-08-27,39.911465,39.98624,39.780607,39.948853,389400
1996-08-28,40.042332,40.07972,39.874087,39.883434,227600
1996-08-29,39.836693,39.836693,39.257182,39.490856,680200
1996-08-30,39.481505,39.490852,38.958076,39.079586,1500900
1996-09-03,38.565509,39.38804,38.509427,39.331959,1782000
1996-09-04,39.331936,39.93014,39.173038,39.369324,930200
1996-09-05,39.182391,39.341289,38.892635,38.892635,616600
1996-09-06,39.032834,39.584304,38.967405,39.444099,804900
1996-09-09,39.59365,39.920793,39.528221,39.911446,719200
1996-09-10,39.85537,40.023615,39.705819,39.892757,669900
1996-09-11,39.81799,40.15448,39.72452,40.117092,713500
1996-09-12,40.229262,40.519017,40.17318,40.397507,713300
1996-09-13,40.864857,41.051796,40.752694,41.014408,2008800
1996-09-16,41.070482,41.369585,41.014401,41.163952,1220200
1996-09-17,41.201334,41.266762,40.818109,41.070477,604700
1996-09-18,41.014409,41.126572,40.808776,40.967674,225500
1996-09-19,40.902249,41.154616,40.846167,41.126575,410000
1996-09-20,41.244264,41.357005,41.112734,41.272449,948400
1996-09-23,41.169096,41.338207,40.981195,41.263046,466800
1996-09-24,41.225469,41.638851,41.075149,41.253654,1269800
1996-09-25,41.450944,41.450944,41.187883,41.281834,1353300
1996-09-26,41.338207,41.601268,41.122121,41.263046,773200
1996-09-27,41.319419,41.319419,41.112728,41.300629,407600
1996-09-30,41.356997,41.526108,41.234861,41.263046,578200
1996-10-01,41.310023,41.516714,41.150307,41.488529,561400
1996-10-02,41.638863,41.845554,41.582492,41.770393,609000
1996-10-03,41.789189,41.807979,41.610683,41.732819,342200
1996-10-04,41.901921,42.296513,41.78918,42.296513,754100
1996-10-07,42.277721,42.465622,42.240141,42.343487,235100
1996-10-08,42.362267,42.503193,42.099206,42.174366,386200
1996-10-09,42.240139,42.315299,41.798571,41.845547,528800
1996-10-10,41.845534,42.00525,41.714003,41.760979,1562200
1996-10-11,41.920698,42.27771,41.920698,42.27771,331300
1996-10-14,42.277721,42.503202,42.268326,42.334091,201600
1996-10-15,42.766252,42.766252,42.061624,42.27771,776900
1996-10-16,42.390463,42.484413,42.052241,42.484413,590100
1996-10-17,42.615958,42.709909,42.418662,42.597168,792500
1996-10-18,42.615929,42.878991,42.521979,42.82262,695800
1996-10-21,42.860209,43.0669,42.653518,42.766258,879200
1996-10-22,42.72871,42.738105,42.446859,42.465649,848900
1996-10-23,42.371664,42.625331,42.202554,42.606541,735900
1996-10-24,42.606546,42.681706,42.221349,42.240139,379300
1996-10-25,42.230735,42.428031,42.164969,42.27771,568300
1996-10-28,42.315297,42.531383,41.977075,41.995865,975400
1996-10-29,42.1274,42.437437,41.911314,42.334091,815900
1996-10-30,42.46564,42.46564,42.146209,42.193184,495400
1996-10-31,42.249551,42.615958,42.202576,42.597168,726300
1996-11-01,42.681695,42.785041,42.249523,42.446819,821300
1996-11-04,42.503206,42.728687,42.409256,42.728687,1608400
1996-11-05,42.869623,43.170265,42.860228,42.972969,764000
1996-11-06,43.048094,43.818488,43.010514,43.799698,1665000
1996-11-07,43.668204,44.072191,43.611833,43.90308,1446300
1996-11-08,43.912444,44.156715,43.743333,44.14732,1355700
1996-11-11,44.043987,44.203703,44.025197,44.100357,655900
1996-11-12,44.222481,44.250666,43.90305,43.968815,719900
1996-11-13,44.015794,44.23188,43.903053,44.166115,481900
1996-11-14,44.006397,44.457359,43.987607,44.457359,558800
1996-11-15,44.570126,44.795607,44.325855,44.513756,2250900
1996-11-18,44.598308,44.645283,44.335247,44.523148,1518200
1996-11-19,44.579491,44.851947,44.513726,44.842552,1029300
1996-11-20,44.833177,45.105633,44.682856,44.917732,730000
1996-11-21,44.97411,45.002295,44.720444,44.851974,653000
1996-11-22,44.917733,45.24656,44.917733,45.199585,965100
1996-11-25,45.246541,45.791453,45.143195,45.772663,2058800
1996-11-26,45.866632,46.110903,45.378089,45.62236,2861800
1996-11-27,45.735092,45.810252,45.481426,45.537796,872000
1996-11-29,45.697529,45.82906,45.612974,45.706924,1073400
1996-12-02,45.65054,45.772676,45.331108,45.7257,1350600
1996-12-03,45.735092,46.045128,44.945908,44.945908,1777800
1996-12-04,45.021087,45.133827,44.551334,45.068062,2365100
1996-12-05,45.002278,45.180784,44.814377,44.945908,1697700
1996-12-06,44.043979,44.945904,43.686967,44.682842,3401800
1996-12-09,44.908331,45.349899,44.842566,45.340504,1864600
1996-12-10,45.434438,45.500203,45.077426,45.124401,1331600
1996-12-11,44.269473,44.870756,44.081572,44.71104,1847900
1996-12-12,44.96469,45.02106,43.856074,43.968815,2540200
1996-12-13,43.931245,44.241282,43.536653,44.081566,1678300
1996-12-16,44.1943,44.307041,43.329956,43.517857,1831100
1996-12-17,43.386335,44.062778,43.217224,43.865482,2023200
1996-12-18,44.11915,44.354026,44.053385,44.2131,1666800
1996-12-19,44.607674,45.171376,44.429168,45.124401,2269300
1996-12-20,45.393396,45.752162,45.166806,45.223454,1543200
1996-12-23,45.374484,45.440573,44.911865,45.11013,1263700
1996-12-24,45.223423,45.440571,45.195099,45.440571,633000
1996-12-26,45.582199,45.818229,45.544434,45.789906,1384300
1996-12-27,45.789918,45.940977,45.619976,45.846565,410400
1996-12-30,45.997607,45.997607,45.412251,45.450016,694100
1996-12-31,45.48779,45.544437,44.619198,44.619198,1378100
1997-01-02,44.940209,44.940209,43.958322,44.732502,2031900
1997-01-03,44.940189,45.393367,44.760806,45.374485,2123200
1997-01-06,45.374482,45.582189,44.902421,44.977951,1374100
1997-01-07,44.977964,45.601084,44.78914,45.525555,939000
1997-01-08,45.771051,45.789933,45.129047,45.129047,1802200
1997-01-09,45.355605,45.846548,45.280075,45.506664,1415700
1997-01-10,44.864658,46.073134,44.864658,45.997604,2369500
1997-01-13,46.224212,46.224212,45.704945,45.931534,1364600
1997-01-14,46.337512,46.762367,46.224217,46.507454,2111200
1997-01-15,46.356358,46.649036,46.148652,46.394123,1583900
1997-01-16,46.545224,46.705725,46.224222,46.582989,1308400
1997-01-17,46.649044,46.979486,46.592397,46.866192,1604000
1997-01-20,46.979514,47.187221,46.809572,46.922867,1889900
1997-01-21,46.752905,47.460996,46.592404,47.300495,2785800
1997-01-22,47.319391,47.640392,47.055037,47.640392,1201600
1997-01-23,47.772574,48.150223,46.469685,46.979511,2601100
1997-01-24,47.055043,47.073925,46.375275,46.375275,2176000
1997-01-27,46.450806,46.667954,46.148687,46.243099,2108500
1997-01-28,46.903983,47.03616,45.922096,46.375275,4376000
1997-01-29,46.4508,46.828449,46.280859,46.828449,1122700
1997-01-30,47.05503,47.451561,46.771793,47.432678,2126300
1997-01-31,47.697031,47.980268,47.357148,47.37603,3208100
1997-02-03,47.564864,47.668718,47.347716,47.517658,755000
1997-02-04,47.58374,47.857536,47.394916,47.810329,654100
1997-02-05,47.876426,48.018044,46.601861,46.913422,2255400
1997-02-06,46.998386,47.253299,46.771797,47.224976,2483100
1997-02-07,47.621506,47.88586,46.998386,47.866978,2321000
1997-02-10,47.885856,48.055798,47.385472,47.413795,1670000
1997-02-11,47.602648,47.961414,47.206116,47.961414,1664300
1997-02-12,47.961384,48.726122,47.895295,48.641151,2675400
1997-02-13,48.829985,49.283163,48.754455,49.169868,1104800
1997-02-14,49.056557,49.226499,48.886615,49.056557,1112900
1997-02-18,49.150995,49.509761,48.792228,49.471996,833100
1997-02-19,49.33981,49.547517,49.037691,49.141544,648100
1997-02-20,48.962132,49.160397,48.433424,48.546719,1193900
1997-02-21,48.584499,48.801647,48.423998,48.565617,1844400
1997-02-24,48.320158,49.169868,48.320158,49.141544,787300
1997-02-25,49.188698,49.264227,48.867697,49.179256,1653900
1997-02-26,49.132107,49.207637,48.112456,48.697811,1597800
1997-02-27,48.829999,48.829999,47.961407,47.970848,1813100
1997-02-28,47.88584,48.263489,47.772546,47.829193,2961200
1997-03-03,47.583738,48.187976,47.545973,48.150211,1210400
1997-03-04,48.282415,48.414592,47.791471,47.885883,1478700
1997-03-05,48.169103,48.697811,48.008602,48.697811,1254800
1997-03-06,48.716689,48.886631,48.26351,48.41457,1528500
1997-03-07,48.603413,49.037709,48.490118,48.848885,1859300
1997-03-10,48.905495,49.358673,48.669464,49.358673,1074900
1997-03-11,49.396445,49.424769,49.094326,49.094326,624600
1997-03-12,49.132107,49.150989,48.518427,48.660046,1055600
1997-03-13,48.490095,48.622272,47.772562,47.904739,2514100
1997-03-14,48.121888,48.357918,47.885857,48.150211,1642700
1997-03-17,47.885852,48.357913,47.394909,48.282383,3013500
1997-03-18,48.339048,48.405137,47.564868,47.763134,1352500
1997-03-19,47.640388,48.036919,47.168327,47.602623,1510000
1997-03-20,47.58374,47.7348,47.055032,47.357151,1808200
1997-03-21,47.728054,47.765963,47.519552,47.576416,2810600
1997-03-24,47.614335,48.268274,47.367923,48.239841,2145600
1997-03-25,48.126112,48.505207,47.633289,47.765972,2125800
1997-03-26,47.955533,48.315673,47.728075,47.974487,1335300
1997-03-27,48.145067,48.145067,46.192728,46.704506,2898500
1997-03-31,46.647624,46.780307,45.643023,45.718842,4270700
1997-04-01,45.643036,46.211678,45.51983,46.012653,3210900
1997-04-02,45.870473,46.060021,45.150193,45.188103,2672700
1997-04-03,45.150196,45.5672,44.998558,45.434517,2284200
1997-04-04,45.188127,46.012659,44.979625,46.003181,3706700
1997-04-07,46.211705,46.477072,46.183273,46.183273,2596200
1997-04-08,46.173779,46.571829,46.003187,46.514965,1822700
1997-04-09,46.704518,46.732951,46.003192,46.135876,2453200
1997-04-10,46.154826,46.42967,45.908414,45.965279,1996500
1997-04-11,45.529293,45.680931,44.505737,44.505737,4221600
1997-04-14,44.72373,45.159689,44.467841,45.102825,3988500
1997-04-15,45.643034,45.879968,45.18812,45.870491,2760400
1997-04-16,45.71887,46.467583,45.643051,46.401241,2273300
1997-04-17,46.401233,46.704509,46.097957,46.211685,1386000
1997-04-18,46.590759,46.69501,46.249574,46.439121,1702100
1997-04-21,46.55288,46.647654,45.775735,46.135876,2809400
1997-04-22,46.164305,47.149952,46.097963,47.149952,3215000
1997-04-23,47.10253,47.329987,46.818209,47.197304,2047700
1997-04-24,47.339499,47.481659,46.628695,46.960403,2689900
1997-04-25,46.742424,46.82772,46.353851,46.420193,1606200
1997-04-28,46.401208,47.197307,46.325389,46.875076,1666500
1997-04-29,47.67119,48.391471,47.49112,48.353561,3197400
1997-04-30,48.06925,48.941168,48.050295,48.581028,3372200
1997-05-01,48.656838,48.846385,48.10715,48.524155,2149500
1997-05-02,48.694754,49.538241,48.562071,49.39608,1448300
1997-05-05,49.528763,50.685002,49.310783,50.571274,3636200
1997-05-06,50.324831,50.628107,50.04051,50.533333,1721100
1997-05-07,50.343795,50.343795,49.377103,49.433968,2327200
1997-05-08,49.320248,50.476487,49.244429,49.775162,2923700
1997-05-09,50.32485,50.419624,49.528751,50.116348,2558200
1997-05-12,50.305887,51.101986,50.267977,50.950348,2357900
1997-05-13,50.912456,51.00723,50.353291,50.741863,1195100
1997-05-14,51.092529,51.253644,50.609182,50.836639,2772000
1997-05-15,50.83661,51.310479,50.65654,51.177795,884100
1997-05-16,51.026197,51.139925,50.343826,50.476509,1934200
1997-05-19,50.533358,50.893498,50.38172,50.628132,1375800
1997-05-20,50.514385,51.367348,50.192154,51.234665,1756400
1997-05-21,51.367387,51.547457,50.74188,51.120975,1208000
1997-05-22,51.177805,51.234669,50.684982,50.950348,907600
1997-05-23,51.177832,51.68961,51.045149,51.424244,644400
1997-05-27,51.177818,51.879144,51.111477,51.632732,1531000
1997-05-28,51.63273,51.831755,51.263113,51.623253,716700
1997-05-29,51.613798,51.708572,51.253658,51.32,1282700
1997-05-30,50.476486,51.898092,50.419622,51.65168,2143300
1997-06-02,51.765429,51.860203,51.386334,51.424244,1479100
1997-06-03,51.196767,51.822274,51.158858,51.253632,1562100
1997-06-04,51.272615,51.405299,50.997771,51.196796,1063100
1997-06-05,51.310495,51.746455,51.206244,51.386314,1180800
1997-06-06,51.310498,52.428828,51.310498,52.390919,1511100
1997-06-09,52.428839,52.694205,52.371975,52.656296,1823400
1997-06-10,52.675279,53.016465,52.466777,52.81744,1217500
1997-06-11,52.770043,53.016455,52.665792,52.940636,1673800
1997-06-12,53.300767,53.983139,53.11122,53.964184,4273300
1997-06-13,54.021033,54.589675,53.926259,54.419083,2132900
1997-06-16,54.438034,54.589672,54.267441,54.438034,800400
1997-06-17,54.248462,54.731808,53.945186,54.36219,2048100
1997-06-18,54.058932,54.362208,53.964159,54.172661,1971900
1997-06-19,54.352747,54.892957,54.210586,54.731842,2029900
1997-06-20,54.764189,55.01156,54.497789,54.545361,1396900
1997-06-23,54.440682,54.745139,53.184798,53.222855,3991500
1997-06-24,53.736612,54.726096,53.584383,54.573868,4895100
1997-06-25,54.488271,54.954471,53.546358,54.193329,4708900
1997-06-26,54.098183,54.573897,53.394126,53.926926,2569900
1997-06-27,54.17431,54.630996,54.003053,54.136253,2617900
1997-06-30,54.13625,54.478764,53.508308,53.774708,2384900
1997-07-01,53.888863,54.535834,53.822263,54.402634,1749000
1997-07-02,54.535843,55.296986,54.326529,55.296986,1961800
1997-07-03,55.943968,56.115225,55.696597,56.05814,2539100
1997-07-07,56.248405,56.324519,55.354063,55.487263,1158600
1997-07-08,55.563367,56.134223,55.525309,56.067623,3396500
1997-07-09,56.210346,56.248403,54.821261,55.449203,5390300
1997-07-10,55.487276,55.924933,55.097191,55.69659,2072200
1997-07-11,55.772704,56.134246,55.639504,55.886875,2258900
1997-07-14,55.953483,56.210368,55.544369,56.05814,3186400
1997-07-15,56.210359,56.486273,55.696588,56.343559,2983100
1997-07-16,56.705096,57.294981,56.562381,57.085667,2621300
1997-07-17,57.009573,57.123744,56.495802,56.800259,1794800
1997-07-18,56.638485,56.762171,55.449201,55.591915,3961900
1997-07-21,55.582416,55.772701,55.220873,55.601444,3810300
1997-07-22,55.82979,57.114218,55.791733,57.07616,4243400
1997-07-23,57.199837,57.532836,56.952465,57.02858,3204300
1997-07-24,57.199833,57.399632,56.43869,57.294975,4152700
1997-07-25,57.580405,57.732634,57.009549,57.25692,2364800
1997-07-28,57.390114,57.580399,56.933429,57.218857,2794700
1997-07-29,57.009576,57.523347,56.88589,57.409176,2737100
1997-07-30,57.542364,58.227392,57.485279,58.094193,4839800
1997-07-31,58.094184,58.474755,57.865841,58.037098,2138700
1997-08-01,58.151264,58.284464,57.123722,57.80875,7077700
1997-08-04,57.713593,58.179793,57.48525,57.960964,2339500
1997-08-05,57.903907,58.26545,57.789736,57.99905,1466700
1997-08-06,58.113238,58.779238,57.884896,58.474781,2478200
1997-08-07,58.760183,58.836297,57.922927,58.037098,3641900
1997-08-08,57.428179,57.694579,56.267437,56.857323,7113100
1997-08-11,57.085681,57.409167,56.400653,57.275967,6355900
1997-08-12,57.371089,57.570889,56.30549,56.362576,6132500
1997-08-13,57.047596,57.142738,55.696569,56.191311,6982300
1997-08-14,56.686078,56.819278,55.848822,56.40065,3462700
1997-08-15,56.096182,56.096182,54.573898,54.669041,4907100
1997-08-18,55.03059,55.886875,54.402648,55.886875,5638900
1997-08-19,56.153273,56.571901,55.734645,56.533844,3802800
1997-08-20,56.590922,57.428179,56.391122,57.390121,3564600
1997-08-21,57.314014,57.390128,56.077158,56.381615,5392600
1997-08-22,55.411148,56.467233,55.144748,56.362576,8087800
1997-08-25,56.495773,56.876344,55.924917,56.153259,3888000
1997-08-26,56.020062,56.362576,55.230377,55.32552,4290000
1997-08-27,55.411183,56.001068,55.04964,55.658554,5484300
1997-08-28,55.525335,55.98202,54.802249,54.811764,4287900
1997-08-29,54.878388,55.477788,54.631017,55.030617,2652300
1997-09-02,55.220887,56.847829,55.163801,56.819286,7294000
1997-09-03,56.809778,57.237921,56.476778,56.514835,2812500
1997-09-04,56.66704,57.06664,56.476755,56.876354,2473700
1997-09-05,57.218879,57.504308,56.381623,56.714622,3663300
1997-09-08,57.06664,57.237897,56.819269,56.961983,803500
1997-09-09,56.762193,57.409164,56.571907,56.990536,1885200
1997-09-10,56.705134,56.933477,55.810791,55.810791,3623700
1997-09-11,55.886872,55.962986,54.954473,55.52533,7055900
1997-09-12,56.020082,56.609967,55.373111,56.419682,6708000
1997-09-15,56.419663,56.819263,56.134235,56.32452,2060500
1997-09-16,56.819269,58.018068,56.648012,57.732639,6979000
1997-09-17,58.075153,58.151268,57.542354,57.732639,2220000
1997-09-18,57.846834,58.684091,57.827805,57.980034,5045400
1997-09-19,57.848926,58.278639,57.696139,58.078106,1566400
1997-09-22,58.364551,58.794264,58.192666,58.402748,3259000
1997-09-23,58.402787,58.48873,57.90623,58.13541,1872800
1997-09-24,58.28817,58.736982,57.619728,57.657925,2793100
1997-09-25,57.600668,57.906241,57.2187,57.256897,6327800
1997-09-26,57.715242,57.944423,57.562455,57.734341,3995800
1997-09-29,57.753424,58.402768,57.543342,58.288177,2065000
1997-09-30,58.059003,58.479167,57.677036,57.677036,4137600
1997-10-01,58.211795,58.555565,57.92532,58.440975,3567500
1997-10-02,58.383677,58.784742,58.249988,58.765644,2577500
1997-10-03,59.567771,59.739656,58.269083,59.061665,6499900
1997-10-06,59.472242,59.653677,59.223964,59.453144,2272100
1997-10-07,59.605946,60.197995,59.405413,60.007011,1832800
1997-10-08,60.112046,60.121595,59.118932,59.586842,4439400
1997-10-09,59.147616,59.653723,58.803846,59.376797,3607600
1997-10-10,58.861121,59.271735,58.822924,59.204891,2858100
1997-10-13,59.491391,59.615531,59.109424,59.262211,1760300
1997-10-14,59.56779,59.586889,58.784757,59.281315,2235700
1997-10-15,58.861153,59.319514,58.842055,59.147629,2601700
1997-10-16,59.472291,59.586882,58.059013,58.2118,9488100
1997-10-17,58.068547,58.288178,56.836703,57.619736,8151300
1997-10-20,57.963516,58.517369,57.543352,58.440975,3636400
1997-10-21,58.803856,59.586888,58.689265,59.577339,5225400
1997-10-22,59.491361,59.520008,58.994804,59.185787,4485200
1997-10-23,58.020794,58.517351,57.619729,58.020794,8054100
1997-10-24,58.765628,58.765628,57.247309,57.447842,6778700
1997-10-27,56.846235,57.409637,53.074311,53.284393,10840700
1997-10-28,51.565569,56.760322,51.565569,56.359257,19548000
1997-10-29,56.531146,57.295081,55.78631,56.206474,10134400
1997-10-30,55.385244,56.569343,54.85049,54.96508,9772900
1997-10-31,56.110961,56.531125,55.270634,56.263748,7072700
1997-11-03,56.951285,57.677022,56.760301,57.447842,5548500
1997-11-04,57.371448,57.715219,57.00858,57.447842,3455700
1997-11-05,57.562442,58.230885,57.352361,57.638836,4774900
1997-11-06,57.466981,57.657965,57.142309,57.419235,3679800
1997-11-07,56.454737,56.989491,55.881787,56.798508,10606800
1997-11-10,57.218665,57.352354,56.225551,56.454731,4347900
1997-11-11,56.64572,56.8749,56.244655,56.473835,3212400
1997-11-12,55.996363,56.664806,55.232429,55.308823,6775300
1997-11-13,55.900865,56.321028,55.060538,56.110947,8589600
1997-11-14,56.416563,57.075457,55.98685,56.874924,5827900
1997-11-17,57.677014,58.249965,57.466933,57.925293,5149900
1997-11-18,57.944395,58.11628,57.380993,57.562428,3433600
1997-11-19,57.256896,58.097224,56.683945,57.848946,4387900
1997-11-20,58.250004,58.99484,58.230905,58.727463,4822700
1997-11-21,59.052124,59.166714,58.460075,59.128517,5436500
1997-11-24,58.670161,58.880243,57.829833,58.059013,4337200
1997-11-25,58.44098,58.55557,57.848931,58.2118,4525000
1997-11-26,58.593741,58.660585,58.249971,58.383659,2681100
1997-11-28,58.517369,58.822942,58.421877,58.440975,1564700
1997-12-01,58.803836,59.949738,58.689246,59.949738,4850900
1997-12-02,59.701432,59.882866,59.434055,59.586842,1974900
1997-12-03,59.663297,60.21715,59.204936,59.758789,3302500
1997-12-04,60.198019,60.331708,59.510478,59.701462,2872500
1997-12-05,59.51049,60.503605,59.357703,60.465408,3458800
1997-12-08,60.484498,60.503596,60.045236,60.293514,2289200
1997-12-09,60.026133,60.255313,59.663264,59.930641,1703000
1997-12-10,59.625068,59.796953,58.956625,59.414986,3558400
1997-12-11,58.861108,59.032994,58.249961,58.402748,5072800
1997-12-12,58.937548,58.975744,58.001728,58.517384,4478400
1997-12-15,58.822945,59.34815,58.593765,59.109421,4674700
1997-12-16,59.414972,59.777841,59.20489,59.472267,2885800
1997-12-17,59.796933,59.816031,59.099843,59.166687,2236300
1997-12-18,59.243129,59.243129,58.192719,58.593784,4658300
1997-12-19,58.002428,58.826925,56.679397,58.155823,8556000
1997-12-22,58.558489,58.846105,58.021607,58.529728,5136800
1997-12-23,58.558467,58.673513,57.388831,57.484703,4436500
1997-12-24,57.944899,57.944899,57.216273,57.312145,2019200
1997-12-26,57.753166,57.753166,57.312155,57.542248,941800
1997-12-29,58.040769,58.731046,57.944898,58.673523,2080000
1997-12-30,58.865281,59.670604,58.807758,59.593906,3616000
1997-12-31,59.440515,59.9007,59.325469,59.555561,4359500
1998-01-02,59.708956,59.919874,59.229597,59.86235,2360900
1998-01-05,60.0349,60.399213,59.382972,59.996552,4191800
1998-01-06,59.670599,59.689774,59.018671,59.037846,3154900
1998-01-07,58.961131,59.344618,58.424249,59.191223,4424200
1998-01-08,59.095359,59.095359,58.520128,58.673523,3831000
1998-01-09,58.443442,58.596837,56.391786,56.641052,10258800
1998-01-12,55.912416,57.791503,55.778195,57.676456,12097900
1998-01-13,58.059934,58.520118,57.810667,58.48177,5224900
1998-01-14,58.711853,58.884423,58.117449,58.750202,3770400
1998-01-15,58.596827,58.750222,58.174992,58.261276,2875400
1998-01-16,59.057015,59.325456,58.692702,59.095364,4374800
1998-01-20,59.325459,60.140369,59.210413,60.054085,5091700
1998-01-21,59.651413,59.939028,58.999485,59.478844,4699400
1998-01-22,58.99947,59.44048,58.826901,58.951534,4543400
1998-01-23,59.210422,59.382992,58.290053,58.865284,6350300
1998-01-26,59.13374,59.354245,58.539335,58.82695,4362900
1998-01-27,58.788572,59.823987,58.6927,59.421326,7044200
1998-01-28,59.76644,60.197863,59.632219,59.958183,4268600
1998-01-29,60.034898,61.089487,59.862329,60.284164,8007700
1998-01-30,60.610137,60.725183,60.130778,60.322521,3649100
1998-02-02,61.300394,61.664707,61.204523,61.319569,5756300
1998-02-03,61.357923,61.856456,61.185354,61.779758,2759600
1998-02-04,61.530502,62.067384,61.319585,61.703072,3374000
1998-02-05,62.163259,62.335829,61.377111,61.664726,5076200
1998-02-06,61.971516,62.355003,61.779773,62.355003,5701200
1998-02-09,62.41253,62.431704,61.79895,62.144089,2322200
1998-02-10,62.239943,62.872696,62.086548,62.738476,3660400
1998-02-11,62.642613,62.796008,62.402933,62.680962,4073200
1998-02-12,62.412524,63.160324,61.894816,62.949406,5024700
1998-02-13,62.700133,62.901464,62.508389,62.585087,2101300
1998-02-17,63.083612,63.256181,62.680951,62.891869,3055500
1998-02-18,62.776825,63.495864,62.757651,63.467102,3007400
1998-02-19,63.352043,63.447915,63.045254,63.131538,3387800
1998-02-20,63.294525,63.639663,62.815166,63.601315,3707000
1998-02-23,63.965647,63.965647,63.409591,63.850601,3227800
1998-02-24,63.754716,63.869762,63.160311,63.352055,3386800
1998-02-25,63.658848,64.349124,63.58215,64.138206,3481800
1998-02-26,64.08069,64.560048,63.927295,64.502525,3187600
1998-02-27,64.406654,64.751792,64.138213,64.502525,3442900
1998-03-02,64.579212,64.886001,64.195725,64.368294,4252300
1998-03-03,64.13823,64.809333,64.13823,64.732635,3349200
1998-03-04,64.483353,64.675096,64.080691,64.310783,4404100
1998-03-05,63.505444,64.080675,63.294526,63.716362,7268000
1998-03-06,64.157381,65.001053,64.080684,65.001053,6896300
1998-03-09,64.751761,65.173596,64.579192,64.770935,3362800
1998-03-10,65.173649,65.557136,65.00108,65.384567,5481900
1998-03-11,65.633807,65.844725,65.518761,65.69133,3439600
1998-03-12,65.710481,66.01727,65.346168,65.959747,3191300
1998-03-13,66.170725,66.266597,65.57632,65.710541,2879400
1998-03-16,66.170701,66.496665,65.978957,66.419968,3223600
1998-03-17,66.458322,66.611717,66.055661,66.611717,4581900
1998-03-18,66.419967,66.860977,66.285747,66.860977,1944100
1998-03-19,66.860954,67.110221,66.669211,67.033524,2554800
1998-03-20,67.418439,67.803027,66.995391,67.610733,3123300
1998-03-23,67.514575,67.879934,67.32228,67.456886,4453100
1998-03-24,67.726135,68.187641,67.649217,68.033806,3333600
1998-03-25,68.553015,68.629932,67.187723,67.783836,4597600
1998-03-26,67.610709,68.149134,67.456874,67.745316,3333500
1998-03-27,68.149146,68.168376,67.072297,67.456886,2611300
1998-03-30,67.456885,67.745327,67.053067,67.418427,3108700
1998-03-31,67.783768,68.41834,67.533786,67.649162,5926500
1998-04-01,67.879949,68.351071,67.322295,68.197235,2929000
1998-04-02,68.264508,69.072144,68.149131,68.937538,3920900
1998-04-03,69.129871,69.418313,68.8222,69.283707,3787600
1998-04-06,69.687524,69.764442,68.726051,68.726051,4550500
1998-04-07,68.764484,68.879861,67.783783,68.264519,5583700
1998-04-08,68.437613,68.476072,67.533829,67.879959,4854800
1998-04-09,68.033746,68.476023,68.014517,68.418335,4481200
1998-04-13,68.533761,68.533761,67.687665,68.226089,4350200
1998-04-14,68.379923,68.802971,68.245317,68.802971,3279100
1998-04-15,68.899115,68.995262,68.399149,68.995262,3867200
1998-04-16,68.495309,68.610685,67.995343,68.187637,7177900
1998-04-17,68.129913,69.187532,67.956848,69.091385,5688800
1998-04-20,68.918323,69.264453,68.841405,69.072159,3688300
1998-04-21,69.187547,69.629824,68.860646,69.399071,4573200
1998-04-22,69.456771,69.802901,69.418312,69.591377,2386100
1998-04-23,69.302932,69.533685,68.764507,68.918343,5062000
1998-04-24,68.764521,69.206798,67.899196,68.187637,11039700
1998-04-27,67.303072,67.495367,66.226223,66.899254,14510200
1998-04-28,67.553026,67.572255,66.533866,66.803078,6511400
1998-04-29,67.091545,67.668429,66.726186,67.26461,7703100
1998-04-30,68.03379,68.870271,67.937643,68.514526,8684500
1998-05-01,68.764512,69.283707,68.495299,69.283707,4008800
1998-05-04,69.360571,69.72593,69.014441,69.110588,4537200
1998-05-05,68.918355,69.014502,68.37993,68.629913,5146400
1998-05-06,68.995239,68.995239,67.803013,67.822243,5526100
1998-05-07,67.995303,68.033762,67.283813,67.283813,6940400
1998-05-08,67.687631,68.533726,67.687631,68.37989,7951000
1998-05-11,68.649113,69.052931,67.918394,68.149147,6336300
1998-05-12,68.1876,68.899089,67.899158,68.87986,6045200
1998-05-13,68.956793,69.264464,68.668351,69.05294,4441500
1998-05-14,68.629885,69.341374,68.514508,68.706802,4187500
1998-05-15,68.918317,69.052923,68.187599,68.322205,6716100
1998-05-18,68.129904,68.668328,67.581865,68.052986,4847200
1998-05-19,68.303002,68.72605,68.168396,68.514526,5918700
1998-05-20,68.976018,69.226,68.226069,69.168312,5716600
1998-05-21,69.149099,69.399082,68.495298,68.726051,6301500
1998-05-22,68.764496,68.956791,68.264531,68.456825,4862200
1998-05-26,68.97599,68.97599,67.187653,67.360718,6899300
1998-05-27,66.783856,67.629951,66.197358,67.456886,10202600
1998-05-28,67.610759,67.918431,67.110794,67.764595,4907600
1998-05-29,68.072255,68.187631,67.091553,67.091553,4772600
1998-06-01,67.053063,67.822241,66.80308,67.399193,6092200
1998-06-02,67.68764,67.899163,67.168445,67.456886,6701100
1998-06-03,67.610712,67.803006,66.380028,66.380028,6445100
1998-06-04,66.610802,67.72611,66.495425,67.610733,6566300
1998-06-05,67.918411,68.918343,67.61074,68.918343,8463200
1998-06-08,68.879867,69.206767,68.706802,68.841408,4159900
1998-06-09,68.745269,69.177932,68.552975,69.05294,2725300
1998-06-10,68.68759,69.572144,68.456836,68.610672,6186900
1998-06-11,68.572171,68.841383,67.303029,67.322258,8056600
1998-06-12,67.610756,67.956886,66.610825,67.956886,9779000
1998-06-15,66.956933,67.629964,66.149296,66.168526,10234200
1998-06-16,66.706939,67.206905,66.303121,67.187675,7471500
1998-06-17,67.783802,68.783733,67.649195,68.591438,12057700
1998-06-18,68.418397,68.572232,68.149184,68.283791,3844600
1998-06-19,68.558928,68.665026,67.671559,67.941628,3549100
1998-06-22,68.057342,68.558898,67.941598,68.269539,5438300
1998-06-23,68.578239,69.176249,68.520367,69.079796,5004600
1998-06-24,69.234119,70.179361,68.896533,70.005745,8291900
1998-06-25,70.314378,70.642319,69.639206,69.889984,5854800
1998-06-26,69.947857,70.275797,69.832113,70.179344,4833100
1998-06-29,70.526576,70.796645,70.246861,70.430122,5953400
1998-06-30,70.314437,70.488052,69.793589,69.947914,4284800
1998-07-01,70.410825,70.950963,70.140756,70.758057,3489500
1998-07-02,70.815942,70.912395,70.526582,70.893105,3503900
1998-07-06,70.85453,71.606865,70.719495,71.606865,3144400
1998-07-07,71.597199,71.684006,71.163159,71.471809,4920700
1998-07-08,71.529662,72.185544,71.4525,71.992638,6875000
1998-07-09,71.780452,72.050521,71.375349,71.510384,6942500
1998-07-10,71.626133,72.185562,71.028123,71.896202,7849700
1998-07-13,71.954055,72.127671,71.645405,71.915474,6555100
1998-07-14,72.185547,72.937882,72.185547,72.725685,6983600
1998-07-15,72.880027,73.015062,72.552086,72.590668,4977500
1998-07-16,72.648532,73.20796,72.262719,73.092216,6315600
1998-07-17,73.227256,73.458744,73.03435,73.188675,3539500
1998-07-20,73.304419,73.603424,72.802862,73.188675,2338400
1998-07-21,73.458724,73.458724,71.78044,71.915474,5518600
1998-07-22,71.819021,72.214479,71.317464,71.915474,10417300
1998-07-23,71.799731,71.973347,70.314353,70.487968,15110900
1998-07-24,70.97026,71.047423,69.677787,70.430122,11540500
1998-07-27,70.140747,70.989535,69.658482,70.931664,9600000
1998-07-28,70.642324,70.777359,69.060492,69.735664,13693000
1998-07-29,70.198613,70.449391,69.291953,69.465569,7462400
1998-07-30,70.140756,70.738766,70.005722,70.507278,6821600
1998-07-31,70.584442,70.680895,68.71325,69.002609,7680500
1998-08-03,69.002593,69.398051,68.539618,68.713234,10486500
1998-08-04,69.272692,69.272692,66.051155,66.051155,15091600
1998-08-05,66.629846,67.208565,65.183048,66.957787,21718400
1998-08-06,66.74559,67.594378,66.398359,67.247147,13084400
1998-08-07,67.710162,68.269591,66.957827,67.36293,12083800
1998-08-10,67.131422,67.69085,66.78419,66.977097,6273000
1998-08-11,65.916119,66.321223,65.125203,65.973991,14287100
1998-08-12,66.514146,67.208609,66.35982,67.092865,11158400
1998-08-13,67.169946,67.690793,66.282578,66.282578,9073900
1998-08-14,66.880652,67.11214,65.29882,65.511017,8628500
1998-08-17,65.433859,67.24718,65.125209,66.899948,11290000
1998-08-18,67.285718,68.269541,67.150684,68.134506,7603900
1998-08-19,68.578146,68.578146,67.671487,67.960846,6258600
1998-08-20,67.710165,68.15385,67.382224,67.55584,7402800
1998-08-21,66.784168,67.112109,65.125174,67.015656,16685400
1998-08-24,67.440048,67.864442,66.861329,67.440048,7201700
1998-08-25,68.134529,68.674667,67.063898,67.594391,9688300
1998-08-26,66.842081,67.671578,66.51414,67.208603,9339700
1998-08-27,66.051148,66.39838,63.871306,64.044922,24887800
1998-08-28,64.797269,65.260244,63.061111,63.813446,23735900
1998-08-31,64.044907,64.208878,58.64353,59.26083,22563100
1998-09-01,59.299414,62.077266,57.794745,61.768616,24748500
1998-09-02,61.614284,62.810303,60.977693,61.324924,13843200
1998-09-03,60.263948,61.344223,59.72381,60.842667,17311300
1998-09-04,61.38282,61.614308,59.106524,60.341125,17783800
1998-09-08,62.270203,63.581966,61.614321,63.581966,14746500
1998-09-09,63.427611,63.659098,62.000104,62.038685,12109700
1998-09-10,60.7655,61.324928,59.762387,60.804081,19889300
1998-09-11,60.611196,62.771748,59.878151,62.771748,20379800
1998-09-14,63.504796,64.478974,63.02253,63.852028,10686800
1998-09-15,63.504772,64.392141,63.13825,64.237816,8337900
1998-09-16,64.66218,64.97083,63.678358,64.816505,11024900
1998-09-17,63.11899,63.601256,62.82963,62.964664,12945200
1998-09-18,63.419304,63.438663,62.625595,63.245075,7019200
1998-09-21,61.715757,64.058169,61.289865,63.206383,8834600
1998-09-22,64.116244,64.213038,63.283817,63.729069,7270100
1998-09-23,64.348547,66.284424,64.290471,66.284424,13688500
1998-09-24,65.858538,66.168279,63.961379,64.658295,11129500
1998-09-25,63.883941,65.30681,63.5742,64.580856,10247400
1998-09-28,65.239079,65.85856,64.580881,65.161644,8847800
1998-09-29,65.27779,65.626248,64.038829,65.006767,10618100
1998-09-30,64.116245,64.619573,62.799849,63.032154,7908400
1998-10-01,61.967429,62.906329,60.767185,61.212437,13335600
1998-10-02,61.251151,62.490112,60.225136,62.393318,14351800
1998-10-05,61.69641,61.928716,59.683098,61.135006,12807200
1998-10-06,62.412686,62.741786,60.418733,61.076931,12621000
1998-10-07,61.096278,61.967423,59.315271,60.167057,14348500
1998-10-08,58.579669,59.934784,57.127761,59.83799,20625000
1998-10-09,60.089632,61.193082,58.269907,61.038212,12708500
1998-10-12,62.335276,62.838604,61.754512,61.928741,9508500
1998-10-13,61.677042,62.199729,61.173714,61.715759,6256800
1998-10-14,61.289883,63.07089,61.231807,62.296539,8176900
1998-10-15,62.025509,66.439309,61.909356,65.645599,20541100
1998-10-16,65.742413,66.129589,65.045497,65.664978,16573900
1998-10-19,65.471362,66.168278,65.355209,65.897255,7915900
1998-10-20,66.632882,67.397553,65.72302,66.284424,14611600
1998-10-21,66.206987,66.671597,65.587506,66.052116,9178400
1998-10-22,66.148933,67.194307,65.761757,67.039436,8277500
1998-10-23,66.884522,66.903881,66.148889,66.187607,6237200
1998-10-26,66.729692,67.194302,66.148929,66.671616,5838600
1998-10-27,67.174927,67.504026,65.839172,66.284424,10089700
1998-10-28,66.013419,66.613541,65.68432,66.168289,5650600
1998-10-29,66.342536,67.794444,66.052154,67.775085,9625600
1998-10-30,68.220326,68.704295,67.833151,68.142891,9872800
1998-11-02,68.646192,69.30439,68.259016,69.30439,6501400
1998-11-03,69.130209,69.26572,68.607521,68.801109,6866000
1998-11-04,69.672216,70.059392,68.82043,69.536705,8233600
1998-11-05,69.091459,70.582084,68.839795,70.485291,6841500
1998-11-06,70.291693,70.96925,70.194899,70.698227,5224800
1998-11-09,70.582091,70.775679,69.691588,70.194916,6188700
1998-11-10,70.001305,70.582068,69.536694,70.001305,14015200
1998-11-11,70.504644,70.620796,69.314079,69.536705,10922400
1998-11-12,69.575412,70.07874,69.188236,69.459259,5457400
1998-11-13,69.517375,70.136856,69.459299,70.136856,5524600
1998-11-16,70.756279,70.843393,69.933531,70.659485,6023700
1998-11-17,70.407821,71.627423,70.001287,70.659485,9058900
1998-11-18,70.814381,71.240274,70.311053,71.085403,4567700
1998-11-19,71.414513,71.801689,71.007979,71.704895,5249300
1998-11-20,72.082338,72.324322,71.762918,72.246887,5562000
1998-11-23,72.769616,74.105371,72.576028,73.9505,7151300
1998-11-24,73.718183,74.124717,73.379405,73.485878,5323700
1998-11-25,73.679466,73.834336,73.234214,73.485878,4393500
1998-11-27,74.008588,74.163458,73.727885,74.027946,4557900
1998-11-30,73.727881,73.950507,71.937195,71.937195,8705400
1998-12-01,71.937211,73.118096,71.375806,72.866432,8950600
1998-12-02,72.61474,73.040633,71.859748,72.653458,7495500
1998-12-03,72.634094,73.292292,71.298339,71.453209,12145300
1998-12-04,72.246948,73.408475,72.169513,73.331039,10339500
1998-12-07,73.137466,74.008611,73.098749,73.679512,4290000
1998-12-08,73.427815,74.182807,72.788976,73.35038,10102600
1998-12-09,73.524596,73.698824,73.021268,73.485878,5327900
1998-12-10,73.621391,73.621391,72.304995,72.411469,5966600
1998-12-11,72.130771,72.692175,71.588725,72.556664,8198200
1998-12-14,71.95656,72.11143,70.465935,70.465935,9521400
1998-12-15,71.046683,72.324362,70.949889,72.285645,9631500
1998-12-16,72.556713,72.556713,71.704927,72.188896,7260000
1998-12-17,72.614752,73.466538,72.498599,73.340706,6914700
1998-12-18,73.535798,74.040798,73.263874,73.652336,4802400
1998-12-21,74.118493,75.41984,73.963109,74.681763,8580700
1998-12-22,74.837132,75.342132,74.079632,75.01194,5461100
1998-12-23,75.32269,76.58519,75.089613,76.58519,7791000
1998-12-24,76.546374,76.604643,76.138489,76.255028,1507100
1998-12-28,76.604637,76.643483,75.827714,76.060791,4203600
1998-12-29,76.274445,77.371849,75.905407,77.265022,3935800
1998-12-30,77.03194,77.53694,76.468671,76.643478,6810700
1998-12-31,76.643478,77.03194,76.119055,76.643478,6790500
1999-01-04,76.682312,77.828274,75.652889,76.468658,9450400
1999-01-05,76.41045,77.614681,76.41045,77.342758,8031000
1999-01-06,78.197329,79.40156,78.158482,79.207329,7737700
1999-01-07,78.54697,79.071394,78.177932,78.818893,5504900
1999-01-08,79.673512,79.867743,78.294472,79.401588,6224400
1999-01-11,79.36272,79.36272,77.828296,78.644066,7578300
1999-01-12,78.449828,78.449828,76.915404,77.226173,7768800
1999-01-13,74.837149,77.770035,74.817726,76.682343,10810600
1999-01-14,76.837686,77.012494,75.147879,75.34211,11400700
1999-01-15,76.060779,77.556356,75.866548,77.303856,7817700
1999-01-19,77.876895,78.080837,76.760067,77.808914,6535100
1999-01-20,78.372143,79.518105,77.711758,78.430412,6534400
1999-01-21,78.05167,78.216766,76.196765,76.35215,6937500
1999-01-22,75.905437,76.973707,75.691783,76.177361,7522300
1999-01-25,76.624092,77.070823,75.769476,76.954285,5700300
1999-01-26,77.148446,78.352676,76.837677,78.352676,6047000
1999-01-27,78.546981,78.702366,77.167942,77.439865,7399400
1999-01-28,77.847696,78.915965,77.80885,78.741158,5961700
1999-01-29,79.149099,79.741504,77.944868,79.34333,6456800
1999-02-01,79.984252,79.984252,78.877136,78.877136,9426800
1999-02-02,78.983975,79.071379,77.546667,78.391571,9194500
1999-02-03,78.11965,79.518112,78.100227,79.18792,10290700
1999-02-04,79.16849,79.246183,77.556374,78.003105,7761100
1999-02-05,78.100204,78.100204,76.585204,77.109627,7516100
1999-02-08,77.750599,77.750599,76.662907,77.265022,8528400
1999-02-09,77.303901,77.381593,75.526688,75.5364,8985700
1999-02-10,75.905442,76.449288,75.410153,76.02198,6936700
1999-02-11,76.488096,78.372135,76.138481,77.77002,9181800
1999-02-12,77.575785,78.003092,76.216169,76.837708,10676600
1999-02-16,77.536921,78.080767,76.371536,76.371536,6915500
1999-02-17,76.56583,77.915735,75.983138,76.293907,7858100
1999-02-18,76.565788,77.303866,75.963673,76.895981,9048900
1999-02-19,77.070789,78.158481,76.682327,77.226173,5312200
1999-02-22,77.342711,79.382134,77.245595,79.285019,10695800
1999-02-23,79.304439,79.867709,78.682901,79.24617,7770700
1999-02-24,79.45981,80.081348,77.69231,77.847694,7271000
1999-02-25,77.400973,77.867127,76.255011,77.109627,11633000
1999-02-26,77.536928,77.595197,76.332697,76.798851,9621300
1999-03-01,76.857135,77.26502,76.060789,77.01252,7607200
1999-03-02,77.381557,77.886557,76.021941,76.33271,9651500
1999-03-03,76.507531,76.798877,75.691762,76.740608,7881400
1999-03-04,77.109623,77.993373,76.614335,77.711739,8256400
1999-03-05,79.246195,79.634657,78.663502,79.27533,10703100
1999-03-08,79.731755,80.052235,79.090793,79.790024,4802200
1999-03-09,79.634633,80.761172,79.401556,79.595787,7893400
1999-03-10,79.848321,80.333898,79.421013,80.295052,3950000
1999-03-11,80.605814,81.538123,80.100814,81.188507,6583700
1999-03-12,81.421553,81.440976,80.314437,80.411552,5286500
1999-03-15,80.761157,81.576926,80.489233,81.557503,5394400
1999-03-16,81.499273,81.829465,81.091388,81.246773,4547500
1999-03-17,81.227318,81.382702,80.566933,80.897125,4524100
1999-03-18,80.664085,82.276202,80.644662,82.198509,3506300
1999-03-19,82.436804,82.631506,80.801308,80.801308,5526700
1999-03-22,81.034935,81.365928,80.635796,80.957054,4603800
1999-03-23,80.567647,80.703939,78.31884,78.620628,9713800
1999-03-24,79.029511,79.233948,78.270173,79.068451,6280900
1999-03-25,79.788865,80.684494,79.594163,80.684494,6639600
1999-03-26,80.13929,80.450813,79.574654,80.100349,6159700
1999-03-29,80.470308,81.891632,80.470308,81.7164,5863900
1999-03-30,80.957055,81.755332,80.723412,81.288048,5401400
1999-03-31,81.716406,81.998724,79.944618,79.983559,7413600
1999-04-01,80.801285,80.801285,79.827775,80.587112,7683600
1999-04-05,81.580125,82.612045,81.15178,82.495224,5791100
1999-04-06,82.358887,82.855376,81.71637,82.300476,5381300
1999-04-07,82.670479,83.098823,81.852731,82.962532,6248600
1999-04-08,82.981973,84.072304,82.417337,84.013893,5909100
1999-04-09,83.760765,84.422752,83.23507,84.033348,4365800
1999-04-12,83.157198,84.987396,83.001436,84.928986,8213200
1999-04-13,84.890029,85.026321,83.799699,84.383804,10071400
1999-04-14,84.773261,84.773261,82.670479,82.962532,11551700
1999-04-15,83.137718,83.215598,81.619043,82.650963,11150000
1999-04-16,82.806731,82.806731,81.735871,81.950043,6476200
1999-04-19,82.670454,83.819196,79.983567,80.684494,12487200
1999-04-20,80.879204,81.735893,80.372979,81.696953,9049600
1999-04-21,81.657985,84.500633,81.249111,84.033348,5772200
1999-04-22,84.189118,84.967926,83.731569,84.831635,6897400
1999-04-23,84.65638,85.201545,84.111214,84.617439,4593100
1999-04-26,85.045776,85.240478,84.40326,85.104187,3606500
1999-04-27,85.435211,85.668854,84.636933,85.513092,5147200
1999-04-28,85.006873,85.513099,84.111244,84.344887,5544300
1999-04-29,84.461692,84.773215,83.371361,83.702354,9824300
1999-04-30,84.169638,84.500631,81.930566,83.020897,10991900
1999-05-03,83.137735,84.63694,82.923563,84.539589,10709700
1999-05-04,84.189147,84.617492,82.943054,83.332458,10509300
1999-05-05,83.449265,84.150192,82.144762,83.994431,10032300
1999-05-06,83.760772,84.189117,82.47574,83.478455,13507200
1999-05-07,83.799721,84.189125,83.137734,84.111244,8680700
1999-05-10,84.013885,84.559051,83.196137,83.692627,5580100
1999-05-11,84.305947,85.279456,83.936013,84.539589,7000600
1999-05-12,84.578553,85.493652,81.930605,85.201599,13865800
1999-05-13,85.513092,85.980377,85.240509,85.571503,4485700
1999-05-14,83.838668,84.656417,83.176682,83.351913,8370100
1999-05-17,83.254517,83.789947,82.47571,83.60498,6268100
1999-05-18,83.819183,84.101501,82.631501,83.449249,8218600
1999-05-19,83.780251,84.111244,83.020913,84.052834,5052400
1999-05-20,84.189117,84.48117,83.52713,83.5466,4670400
1999-05-21,83.566032,83.916495,82.611993,83.079277,6418200
1999-05-24,83.39086,83.39086,81.239403,81.696953,7952000
1999-05-25,81.852706,82.456282,80.022507,80.372971,15406400
1999-05-26,80.567681,81.619072,79.808343,81.268608,12575900
1999-05-27,80.898627,81.17121,79.749886,80.100349,14515400
1999-05-28,80.372949,81.463279,80.119836,81.122551,8748000
1999-06-01,81.073875,81.093345,79.983544,80.840233,6705300
1999-06-02,80.840241,81.112823,79.759645,80.918121,6981900
1999-06-03,81.424339,81.54116,80.859704,81.365929,6076600
1999-06-04,81.911073,83.08902,81.58008,83.001404,9787200
1999-06-07,83.137734,83.605018,82.80674,83.215614,5299100
1999-06-08,83.098792,83.36164,81.988991,82.397865,4895700
1999-06-09,82.49517,82.923514,82.125237,82.319939,7409700
1999-06-10,81.891662,81.911133,80.742921,81.560669,7040700
1999-06-11,81.755363,82.378409,80.431389,80.879204,12824800
1999-06-14,81.424339,81.463279,80.713677,80.957054,6823500
1999-06-15,81.288056,82.027923,81.044678,81.502228,5700900
1999-06-16,82.475732,83.410301,82.475732,83.059837,7865800
1999-06-17,82.787278,84.461715,82.631517,83.838669,8162800
1999-06-18,83.779307,84.169887,83.34967,83.935539,2875100
1999-06-21,84.033169,84.521393,83.525415,84.130814,4646400
1999-06-22,83.740234,84.482335,83.427771,83.544945,5862400
1999-06-23,83.115275,83.505854,82.568464,83.134804,9629200
1999-06-24,83.037147,83.076205,81.65059,82.509865,9176900
1999-06-25,82.861431,83.125072,82.021685,82.304855,4087000
1999-06-28,82.920006,83.505875,82.802832,83.310585,5028900
1999-06-29,83.11531,84.482338,82.978607,84.091759,6956200
1999-06-30,84.130819,85.927484,83.642594,85.615021,16856100
1999-07-01,85.614997,86.552387,85.029128,86.259453,9939500
1999-07-02,86.318094,87.177369,86.181391,87.118782,3772800
1999-07-06,87.021051,87.958441,86.610943,87.099167,11221100
1999-07-07,86.903906,87.314014,86.562149,87.21637,3230700
1999-07-08,86.903922,87.88037,86.708632,87.284737,7101500
1999-07-09,87.489783,87.860833,87.216377,87.802246,2976800
1999-07-12,88.075636,88.075636,87.177304,87.411652,4436300
1999-07-13,87.099167,87.440924,86.650001,87.099167,6477600
1999-07-14,87.48978,87.626483,86.708622,87.587425,4382500
1999-07-15,87.978016,88.349067,87.685082,88.144012,3348600
1999-07-16,88.270946,88.837286,87.958482,88.622467,2281500
1999-07-19,88.85683,88.895888,87.841324,88.036613,4287000
1999-07-20,87.567906,87.743666,85.947001,86.230171,7060100
1999-07-21,86.298511,86.806264,85.810287,86.132515,4793700
1999-07-22,85.888416,86.239937,84.65809,84.999847,7804100
1999-07-23,85.40021,85.615029,84.44329,84.83387,4603000
1999-07-26,84.287032,85.06819,84.1308,84.208916,4333400
1999-07-27,84.990111,85.741976,84.599531,84.911995,5908500
1999-07-28,85.146313,85.810298,84.736205,85.185371,3955500
1999-07-29,84.32611,84.5214,83.310604,83.994118,7760600
1999-07-30,84.247988,84.579981,82.841902,82.959076,5994300
1999-08-02,82.959053,84.208907,82.802821,83.154343,6065500
1999-08-03,83.564451,83.642567,82.099779,82.763763,5445400
1999-08-04,82.939576,83.662148,81.51396,81.631134,6497900
1999-08-05,81.787323,82.451308,80.51794,82.373192,10322000
1999-08-06,82.002174,82.490398,80.92808,81.474892,7537700
1999-08-09,81.611559,82.363424,81.084277,81.299095,5565900
1999-08-10,81.162402,81.338163,79.365737,80.400772,9793300
1999-08-11,81.045243,81.572525,80.381258,81.377235,8003400
1999-08-12,81.670126,82.373169,81.181902,81.328369,7036800
1999-08-13,82.256055,83.271561,81.943591,83.212975,5857700
1999-08-16,83.193443,83.720725,82.646632,83.584023,3927000
1999-08-17,84.01364,84.267516,83.193423,84.130814,4808000
1999-08-18,83.86714,83.974549,83.271506,83.525383,4355500
1999-08-19,82.724699,83.261746,82.295062,82.841873,6448100
1999-08-20,83.154366,83.818351,82.920018,83.681648,3663700
1999-08-23,84.247977,85.331835,84.150332,85.283012,5637800
1999-08-24,85.029157,86.220424,84.599519,85.595497,9279500
1999-08-25,85.73215,86.728127,85.087694,86.474251,6005300
1999-08-26,86.415734,86.503615,85.302582,85.439285,4322300
1999-08-27,85.536901,85.654075,84.404221,84.404221,6247400
1999-08-30,84.579951,84.677596,82.490352,82.841873,4652000
1999-08-31,83.07623,83.583983,81.787318,82.529419,11453700
1999-09-01,83.076249,83.574238,82.68567,83.544945,6863900
1999-09-02,82.568503,82.91026,81.650641,82.558739,10896300
1999-09-03,84.287021,85.302528,84.169848,84.970535,9160800
1999-09-07,85.029154,85.380676,84.501872,84.658104,4560800
1999-09-08,84.267507,85.029137,83.759754,84.247978,6159600
1999-09-09,84.208916,84.521379,83.544931,84.208916,6177800
1999-09-10,85.146343,85.214694,84.326126,84.911995,2934500
1999-09-13,84.443271,84.658089,84.052691,84.335861,2320500
1999-09-14,83.779259,84.091722,83.349622,83.779259,3736000
1999-09-15,84.638562,84.638562,82.412259,82.451317,6984500
1999-09-16,82.80283,82.99812,81.435802,82.773537,15377600
1999-09-17,83.114397,83.936924,82.820637,83.81942,8542300
1999-09-20,83.936935,83.976103,83.408167,83.701927,2803900
1999-09-21,82.879385,83.016473,81.567258,81.939354,9335200
1999-09-22,82.252691,82.624786,81.31266,81.851219,13009100
1999-09-23,82.605184,82.605184,79.980932,80.137604,12204100
1999-09-24,80.059311,80.450991,79.158448,80.059311,13792900
1999-09-27,80.685963,81.31265,80.392203,80.588043,6970300
1999-09-28,80.176797,80.725148,78.688415,80.431389,11063400
1999-09-29,80.490122,80.92097,79.432588,79.471756,7580300
1999-09-30,79.863455,81.116829,79.569695,80.685982,7498900
1999-10-01,80.176785,80.568464,79.354258,80.509712,11127100
1999-10-04,80.960155,82.01769,80.68598,81.939354,6341600
1999-10-05,81.919783,82.703142,80.646824,81.861031,11976000
1999-10-06,81.939364,83.231907,81.900196,83.114403,10308200
1999-10-07,83.261228,83.349356,82.409325,82.644333,6535600
1999-10-08,82.566003,83.897713,82.242868,83.897713,9674300
1999-10-11,83.721498,84.054426,83.545242,83.760666,4282000
1999-10-12,83.427708,83.545212,82.213502,82.468094,8686100
1999-10-13,81.900176,82.291855,80.333458,80.333458,10469300
1999-10-14,80.51949,80.960129,79.432579,80.313858,10562200
1999-10-15,78.962584,79.432599,78.022553,78.257561,14238700
1999-10-18,78.296763,78.923451,77.356732,78.825531,9758800
1999-10-19,79.706768,80.372623,78.923409,79.589264,14392900
1999-10-20,80.059314,81.136433,79.667634,80.372658,9759400
1999-10-21,79.72635,80.842636,79.354254,80.842636,9105400
1999-10-22,81.312652,82.233099,81.195149,81.528076,8309600
1999-10-25,81.038478,81.763085,80.685966,81.116814,8114300
1999-10-26,81.586816,81.90016,80.098434,80.098434,6256300
1999-10-27,80.450966,81.665172,80.37263,81.547668,5433300
1999-10-28,82.996858,84.514615,82.840186,84.328568,10509700
1999-10-29,85.131503,86.286957,85.053167,85.85611,10988600
1999-11-01,85.542811,85.856155,84.955292,84.955292,4006500
1999-11-02,85.209854,86.012797,84.34816,84.34816,6516900
1999-11-03,85.229474,85.464481,84.681122,84.91613,7222300
1999-11-04,85.699443,86.08133,85.082548,85.562355,7907500
1999-11-05,86.874511,87.178062,85.719056,86.404495,7431500
1999-11-08,85.856154,86.717849,85.699482,86.482841,4649200
1999-11-09,86.79616,86.913664,85.405698,85.670082,4533700
1999-11-10,85.386148,86.72765,85.278436,86.306595,6405600
1999-11-11,86.600349,86.796188,86.149917,86.796188,4794100
1999-11-12,87.266147,87.72637,85.934438,87.579491,11802900
1999-11-15,87.638307,87.892899,87.364131,87.785187,2187500
1999-11-16,88.088737,89.616287,87.794977,88.519585,7544800
1999-11-17,89.146249,89.577097,88.55873,88.75457,9459000
1999-11-18,89.263767,89.616279,88.754584,89.381271,4491000
1999-11-19,89.24415,89.596662,88.989559,89.302902,4832100
1999-11-22,89.263703,89.616214,88.676184,89.283287,4155400
1999-11-23,89.518344,89.518344,87.97121,88.499977,5918000
1999-11-24,88.206249,89.263784,87.736233,88.970024,4459700
1999-11-26,89.283356,89.537948,88.519581,88.637085,1693900
1999-11-29,88.28457,88.940633,88.010394,88.323738,7348600
1999-11-30,88.206236,89.185435,87.109534,87.285789,7682000
1999-12-01,87.305367,88.049559,87.109528,87.990807,6980200
1999-12-02,88.127905,88.597921,87.971233,88.519585,6698300
1999-12-03,89.635836,91.08505,89.635836,90.14502,10045400
1999-12-06,89.949187,90.066691,89.146244,89.479172,3138900
1999-12-07,89.792521,89.812105,88.597898,88.75457,10714200
1999-12-08,88.578317,89.028749,88.04955,88.186638,4611400
1999-12-09,88.872092,89.126684,87.344542,88.6175,6474700
1999-12-10,89.165808,89.498736,88.28453,88.911217,5127300
1999-12-13,88.637077,89.44002,88.539157,89.067924,4210800
1999-12-14,88.754589,89.293149,88.127902,88.206238,5739000
1999-12-15,87.971193,89.116855,87.75577,88.676216,6879100
1999-12-16,89.107092,89.400852,88.460821,89.067924,5854900
1999-12-17,89.836198,90.032518,89.247237,89.639877,4775400
1999-12-20,89.56141,89.954051,88.638704,88.992081,4608700
1999-12-21,88.952812,90.503744,88.795755,90.346687,7981300
1999-12-22,90.228899,90.582275,89.816625,90.582275,5377500
1999-12-23,91.102479,92.025185,91.092663,92.025185,5721700
1999-12-27,92.035084,92.211772,91.132009,91.897659,2691000
1999-12-28,91.642394,92.035035,91.396994,91.838715,4084500
1999-12-29,91.917218,92.231331,91.288993,92.231331,3001000
1999-12-30,92.427718,92.702566,91.838756,92.123421,3641300
1999-12-31,92.25096,92.663233,91.877951,92.270592,3172700
2000-01-03,93.134415,93.134415,90.385929,91.367531,8164300
2000-01-04,90.169956,90.503701,87.725767,87.794479,8089800
2000-01-05,87.912274,88.913508,86.223919,87.951538,12177900
2000-01-06,87.715963,88.893885,86.53804,86.53804,6227200
2000-01-07,88.14789,91.563866,87.990833,91.563866,8066500
2000-01-10,91.877953,92.290225,91.112303,91.877953,5741700
2000-01-11,91.603133,91.779822,90.150362,90.778587,7503700
2000-01-12,90.837505,90.837505,89.757742,89.875534,6907700
2000-01-13,90.758937,91.563851,90.012919,91.092682,5158300
2000-01-14,92.05465,92.643611,91.701273,92.329498,7437300
2000-01-18,91.308608,92.113521,91.210448,91.603088,6488500
2000-01-19,91.289014,92.349144,91.092693,92.349144,6157900
2000-01-20,92.329498,92.329498,90.346662,90.935623,5800100
2000-01-21,91.406793,91.406793,90.503719,90.739304,6244800
2000-01-24,91.504982,91.622775,87.578572,88.167534,7896900
2000-01-25,88.275474,89.168732,87.32332,89.168732,9942500
2000-01-26,88.579783,88.923343,88.010453,88.46199,5158100
2000-01-27,89.109846,89.345431,86.773633,88.108612,10922700
2000-01-28,87.598176,87.990816,85.14417,85.360123,11916200
2000-01-31,85.320852,87.745409,84.810419,87.676697,10768700
2000-02-01,87.794502,89.011689,87.028852,88.54052,8419900
2000-02-02,88.756496,89.36509,88.187167,88.619072,6205900
2000-02-03,88.501231,89.993266,87.951534,89.954002,7997500
2000-02-04,89.954018,90.464451,89.286528,89.581009,4925400
2000-02-07,89.561365,89.69879,88.854612,89.443573,5845800
2000-02-08,90.444829,90.817838,90.228877,90.660782,4936400
2000-02-09,90.758891,90.758891,88.746608,88.756424,8511500
2000-02-10,88.9724,89.561361,88.501231,88.933136,6690600
2000-02-11,89.109913,89.168809,86.714802,87.127075,9849800
2000-02-14,87.814147,87.814147,86.891441,87.637459,8528800
2000-02-15,87.480409,88.717228,86.567518,88.628883,11078300
2000-02-16,88.187175,88.540551,87.195756,87.323364,8845400
2000-02-17,88.226422,88.226422,86.832547,86.871811,7584200
2000-02-18,87.244797,87.244797,84.574839,85.006744,9409200
2000-02-22,84.928234,85.65462,83.887735,84.79081,16415400
2000-02-23,85.203054,86.361344,84.4963,85.792015,12119000
2000-02-24,85.870571,86.086523,83.612886,84.064423,17375000
2000-02-25,84.9282,85.89017,83.632485,83.760094,10559900
2000-02-28,83.789554,85.870551,83.377281,85.517174,13397800
2000-02-29,85.477941,86.341751,85.28162,86.341751,8242500
2000-03-01,86.459545,87.323355,86.204328,86.969978,6868000
2000-03-02,87.127038,87.401886,86.282859,87.028877,7600200
2000-03-03,88.226382,89.031296,87.774845,88.658287,12770300
2000-03-06,88.461969,88.795713,87.166254,87.794479,11967100
2000-03-07,87.951541,88.049702,84.947839,86.096313,20062000
2000-03-08,85.733126,86.596936,84.830052,85.988342,11808500
2000-03-09,86.223927,88.501244,85.517173,88.501244,5500900
2000-03-10,88.069354,89.208013,87.657081,88.03009,7924600
2000-03-13,85.870553,88.24603,85.242328,87.068108,10540500
2000-03-14,87.500023,88.010456,85.536818,85.831299,8263900
2000-03-15,85.988329,88.226381,85.477896,87.83374,10300800
2000-03-16,88.972391,92.250941,88.501222,91.936829,25601400
2000-03-17,91.835975,93.213711,91.599792,92.544525,10272900
2000-03-20,92.505131,92.80036,91.186441,92.072128,12502300
2000-03-21,91.658814,94.315876,91.00931,93.961601,13612600
2000-03-22,94.197748,95.004707,93.646654,94.532341,8260000
2000-03-23,93.941909,96.658016,93.941909,96.146286,11654500
2000-03-24,96.284031,98.094769,95.555799,96.717033,11462900
2000-03-27,96.598927,96.854792,95.61483,95.693558,8798600
2000-03-28,95.260555,96.352903,94.847235,95.142464,6334400
2000-03-29,95.457377,96.037994,94.256779,95.240875,6747500
2000-03-30,94.571726,95.683756,92.662578,93.646675,9491900
2000-03-31,94.237121,95.929768,93.489208,94.709488,9249100
2000-04-03,94.55207,95.26062,93.646701,95.26062,8508200
2000-04-04,95.575509,96.362786,89.050945,94.552048,19585500
2000-04-05,93.13496,94.985062,92.977504,93.961601,8387200
2000-04-06,94.630759,95.536128,93.843482,94.778374,6378500
2000-04-07,95.45739,95.811665,94.788204,95.378662,6023600
2000-04-10,95.575483,96.431648,94.670114,95.004707,9624200
2000-04-11,94.473276,95.496737,93.449816,94.729141,9006400
2000-04-12,94.709538,95.201587,92.052475,92.131203,10779200
2000-04-13,92.879069,93.312072,90.5566,90.85183,12225800
2000-04-14,89.828371,89.946463,84.081245,85.6558,29604000
2000-04-17,85.144061,88.647446,84.82915,88.647446,23918200
2000-04-18,88.529337,90.989578,88.037288,90.989578,11069200
2000-04-19,91.009324,91.402963,89.769361,90.143318,6553700
2000-04-20,90.418861,90.655045,89.670947,90.576317,8537600
2000-04-24,89.11988,90.261433,88.490058,89.592247,12893100
2000-04-25,91.088006,93.312065,90.969915,93.312065,14102000
2000-04-26,93.193971,93.686019,91.954009,92.259079,7711100
2000-04-27,90.064559,92.800349,90.064559,91.954025,15595300
2000-04-28,92.583807,93.12506,91.363527,91.383209,8743400
2000-05-01,92.308311,93.518751,91.855627,92.623222,7328300
2000-05-02,91.639084,92.662545,90.773079,90.773079,9411900
2000-05-03,90.694367,90.694367,88.037306,88.647446,12630700
2000-05-04,89.434734,89.661077,88.647457,89.316643,5963600
2000-05-05,88.844259,90.694361,88.765531,90.399132,7862400
2000-05-08,89.907094,90.300733,89.336318,89.720116,5064100
2000-05-09,90.103897,90.320399,88.342364,89.001709,5620300
2000-05-10,88.490022,88.785251,86.758011,86.994194,10293900
2000-05-11,88.253778,89.119783,87.623957,88.98201,7091100
2000-05-12,89.316673,90.359816,89.198581,89.946495,5960800
2000-05-15,89.907083,91.70798,89.434717,91.50132,4441300
2000-05-16,92.308304,93.036536,91.521026,92.387032,8192200
2000-05-17,91.757216,92.072127,90.98962,91.422623,5907200
2000-05-18,91.717866,92.150869,90.300766,90.300766,4325600
2000-05-19,89.789021,90.212183,88.430967,88.883652,6518400
2000-05-22,88.962384,89.100157,86.285639,88.21447,10839400
2000-05-23,88.450635,88.686818,86.639896,86.915443,7979200
2000-05-24,86.915428,88.608074,85.970695,88.332527,11081500
2000-05-25,88.608104,89.316654,86.738319,86.817047,8278900
2000-05-26,87.427174,87.978268,86.492282,86.915443,4814000
2000-05-30,88.175071,90.025173,87.840478,89.749626,5362700
2000-05-31,89.789039,90.694409,89.49381,89.946495,6056500
2000-06-01,90.497528,91.599716,90.064525,91.520988,8961600
2000-06-02,93.804141,93.90255,92.88893,93.115273,8962200
2000-06-05,92.879068,93.351435,92.505112,92.662567,6998100
2000-06-06,92.347662,93.075894,91.894977,92.249252,4858900
2000-06-07,92.347693,93.213699,91.954054,92.888947,4919500
2000-06-08,92.898729,93.056185,91.99336,92.524773,5723100
2000-06-09,92.898756,93.193985,91.71784,92.32798,3085300
2000-06-12,92.56415,92.56415,91.245461,91.245461,3678900
2000-06-13,91.206102,93.056204,91.08801,92.957794,6558700
2000-06-14,93.371138,93.764777,92.701952,93.115273,6420500
2000-06-15,93.292383,93.686022,92.485424,93.312065,5881200
2000-06-16,93.630443,93.630443,92.091637,92.545387,5567900
2000-06-19,92.466447,94.163079,92.328349,93.729057,5106900
2000-06-20,93.551495,93.985517,92.801821,93.393669,6480000
2000-06-21,92.762369,93.709327,92.732777,93.354218,3115000
2000-06-22,93.156953,93.235866,91.539234,91.9338,7490500
2000-06-23,92.052123,92.249406,90.82897,91.144623,4863300
2000-06-26,91.775992,92.328384,91.460339,92.31852,5201300
2000-06-27,92.160663,92.624277,91.549086,91.637863,4159500
2000-06-28,91.933767,92.791947,91.736484,91.89431,5347700
2000-06-29,91.381408,92.012713,90.60214,91.026299,6345700
2000-06-30,90.868458,91.914057,90.838866,91.716774,7420200
2000-07-03,91.815409,93.078019,91.657583,92.979378,1436600
2000-07-05,92.407243,92.584798,91.144634,91.30246,2748200
2000-07-06,91.499745,92.46643,91.045995,92.01268,5963200
2000-07-07,92.604537,93.926332,92.328341,93.49231,3034800
2000-07-10,93.354239,94.005272,93.137228,93.334511,2816100
2000-07-11,93.097747,94.143345,92.900464,93.531769,5431600
2000-07-12,94.242013,94.774677,93.867176,94.143372,5883000
2000-07-13,94.685859,94.932462,94.182788,94.557625,5356000
2000-07-14,94.971943,95.484879,94.4886,95.484879,5341900
2000-07-17,95.317101,95.948406,95.129683,95.326965,4208300
2000-07-18,95.090303,95.090303,94.281444,94.547775,4262100
2000-07-19,94.360328,94.636524,93.590925,93.788208,8506800
2000-07-20,94.064393,95.090263,93.946024,95.090263,4538900
2000-07-21,94.537937,94.537937,93.23587,93.23587,5656900
2000-07-24,93.512053,93.975668,92.525639,92.703194,5628500
2000-07-25,93.275319,93.334503,92.663742,92.999123,4757100
2000-07-26,92.782127,92.900496,91.943675,92.091637,12062500
2000-07-27,92.131087,92.565109,91.341956,91.775978,7652600
2000-07-28,91.992963,92.111333,89.33951,89.704483,6229500
2000-07-31,90.237132,90.986806,89.68474,90.276588,5265500
2000-08-01,90.671176,91.361666,90.355524,90.829002,3946600
2000-08-02,90.829063,91.79575,90.671237,91.282814,7439800
2000-08-03,90.197695,92.052153,90.039868,91.914055,4607100
2000-08-04,92.367823,92.624291,91.795703,92.40728,3686600
2000-08-07,92.624274,93.70933,92.407263,93.512047,4159800
2000-08-08,93.11749,93.946078,93.11749,93.867165,3658700
2000-08-09,94.153233,94.202553,93.038585,93.078041,5383800
2000-08-10,93.137218,93.344365,92.348087,92.624283,4193400
2000-08-11,92.565044,93.433088,91.894282,93.05825,5089400
2000-08-14,93.295009,94.419521,92.841259,94.241966,2966700
2000-08-15,94.28144,94.577365,93.788233,94.163071,5564600
2000-08-16,94.261728,94.656293,93.334498,93.827705,5191600
2000-08-17,93.867115,94.971898,93.650104,94.814072,5652200
2000-08-18,94.93245,94.93245,94.202504,94.498428,4626400
2000-08-21,94.715482,95.149504,94.320916,95.011406,2380600
2000-08-22,95.050882,95.524361,94.754958,94.8536,3075300
2000-08-23,94.577353,95.504582,94.241972,95.228386,5483200
2000-08-24,95.425704,95.642715,95.01141,95.524345,4529000
2000-08-25,95.425694,95.721618,95.287596,95.484879,2822200
2000-08-28,95.4849,96.5305,95.4849,95.810417,5518700
2000-08-29,95.603272,95.879468,95.267891,95.830147,3561900
2000-08-30,95.524342,95.642712,94.912766,94.912766,3964800
2000-08-31,95.366495,96.648833,95.267853,96.175354,4863100
2000-09-01,96.747481,96.964492,95.95835,96.274002,3191200
2000-09-05,95.879423,96.086569,95.208661,95.504585,3470800
2000-09-06,95.445395,95.928738,94.399797,94.419525,4322200
2000-09-07,94.853549,95.376348,94.587217,95.228386,4265500
2000-09-08,94.873279,95.011376,94.271566,94.577354,3518200
2000-09-11,94.537919,95.44542,93.867158,94.439278,3937500
2000-09-12,94.537903,94.853555,93.709315,93.748772,4769100
2000-09-13,93.433106,94.281421,93.216095,93.995361,7691600
2000-09-14,94.616811,94.656268,93.531756,94.468849,3397100
2000-09-15,93.78651,93.826066,92.402061,92.402061,4085700
2000-09-18,92.639409,93.015188,91.264849,91.551628,5109300
2000-09-19,91.848277,92.599835,91.581276,92.382278,6588200
2000-09-20,92.204301,92.421858,90.602296,91.699966,6508100
2000-09-21,91.432932,92.125156,90.26604,90.305595,5972300
2000-09-22,90.26608,91.966975,90.137524,91.947197,7791300
2000-09-25,92.362529,92.44164,90.958302,91.294525,9726300
2000-09-26,91.373574,91.769131,90.127571,90.127571,5302400
2000-09-27,90.85943,91.116542,89.949649,90.602318,7186200
2000-09-28,90.622035,92.609708,90.434146,91.76915,7036400
2000-09-29,92.065849,92.382294,90.898956,90.898956,9333600
2000-10-02,91.314343,91.7099,90.592451,91.037453,5517800
2000-10-03,91.472549,92.243885,90.048544,90.186989,9347200
2000-10-04,90.424276,91.294501,89.712273,90.938499,6148900
2000-10-05,90.760505,91.670286,90.701172,91.254951,4566900
2000-10-06,91.057182,91.541739,88.446507,89.277176,10014900
2000-10-09,89.435406,89.435406,88.209179,88.604736,4508000
2000-10-10,88.664068,89.395848,87.141174,87.141174,6104700
2000-10-11,87.101618,87.734509,85.51939,86.409393,10346000
2000-10-12,86.88407,87.081848,84.03606,84.253616,12336900
2000-10-13,84.13493,87.121383,84.095374,87.06205,11778800
2000-10-16,86.963173,87.487285,86.508282,87.457619,5659000
2000-10-17,87.61586,87.694971,85.064518,85.282074,7831700
2000-10-18,83.937159,86.152277,82.374709,84.965607,10897300
2000-10-19,86.60716,88.258609,86.350048,88.169609,8767300
2000-10-20,87.576311,89.356317,87.576311,88.545425,7373500
2000-10-23,88.565192,89.257417,87.932301,88.940971,5290000
2000-10-24,89.21782,89.830933,87.971816,88.347595,5750700
2000-10-25,87.813599,88.327823,86.15226,86.270927,9137600
2000-10-26,86.785214,87.121437,84.827206,86.508324,9345800
2000-10-27,87.259838,88.149841,86.468725,88.149841,9762900
2000-10-30,87.615856,89.296973,87.437855,88.940971,10154100
2000-10-31,89.247536,90.938542,88.644312,90.473763,7752400
2000-11-01,90.028723,90.661614,89.376054,90.167168,6753600
2000-11-02,90.602308,91.076976,90.196862,90.315529,11395100
2000-11-03,90.800065,90.978065,90.10784,90.364952,5187100
2000-11-06,90.602276,91.324168,90.523165,90.997833,4042500
2000-11-07,90.59242,91.136311,90.22653,90.978088,5231300
2000-11-08,91.175834,91.175834,88.960716,88.960716,6123300
2000-11-09,88.604742,89.376077,86.864291,88.624519,10635300
2000-11-10,87.971828,88.268495,86.409378,86.468712,8569500
2000-11-13,85.83582,86.696156,84.184371,85.796265,17285300
2000-11-14,87.002724,88.367395,86.706056,88.050949,7668900
2000-11-15,88.011412,88.67397,87.180743,88.327858,8837700
2000-11-16,87.704883,88.525664,86.90388,86.943436,6684100
2000-11-17,86.903831,87.971834,85.914939,86.478607,6551100
2000-11-20,85.914955,86.310512,85.005174,85.242508,5458500
2000-11-21,85.361152,86.191821,84.500816,85.677597,7684300
2000-11-22,85.024938,85.361161,83.620711,83.6306,5736900
2000-11-24,84.570087,85.420534,84.570087,85.341423,3411600
2000-11-27,86.369831,86.508276,85.638051,86.092941,5992000
2000-11-28,85.519423,86.448982,84.579975,84.609642,5336100
2000-11-29,85.044736,86.013851,84.342623,84.451401,6914100
2000-11-30,83.858049,84.49094,82.117599,83.719604,11201600
2000-12-01,84.293167,84.846946,82.908718,83.680054,7587200
2000-12-04,83.462508,84.72829,83.225174,84.392067,6996600
2000-12-05,85.361189,87.497196,85.064521,87.160973,8883400
2000-12-06,87.200526,87.556527,85.460075,85.766632,12888000
2000-12-07,85.361149,85.99404,84.589813,84.589813,6529100
2000-12-08,86.745635,88.268529,84.728295,84.787628,10276300
2000-12-11,86.943368,88.327817,86.528034,87.734482,6405600
2000-12-12,87.457631,87.853188,86.943407,87.358742,5022900
2000-12-13,88.130042,88.228932,86.092925,86.162148,6070500
2000-12-14,85.994057,86.389614,84.827165,85.064499,7678400
2000-12-15,84.51203,84.51203,82.885273,83.143173,9065300
2000-12-18,83.837534,84.730267,83.649068,84.254143,7235400
2000-12-19,84.095408,85.682488,82.538086,82.538086,9616600
2000-12-20,81.655279,81.853664,80.04836,80.147552,9994300
2000-12-21,79.988825,81.804047,79.691247,80.703011,14331500
2000-12-22,81.89338,83.232479,81.794187,83.123367,10182900
2000-12-26,83.063842,84.01609,82.706749,84.01609,4665300
2000-12-27,83.639125,84.89887,83.321709,84.63105,4854100
2000-12-28,84.31366,84.98817,84.174791,84.888977,8358700
2000-12-29,85.107194,85.246063,83.282051,83.282051,8774600
2001-01-02,83.797874,83.897066,80.980805,81.774345,8737500
2001-01-03,81.456914,86.337187,81.040305,85.702354,19431600
2001-01-04,85.662667,85.999922,84.43268,84.779854,9219000
2001-01-05,84.730274,84.829466,82.012398,82.012398,12911400
2001-01-08,82.448824,82.647209,81.060129,82.647209,6625300
2001-01-09,83.192783,83.480442,82.161181,82.429001,5702400
2001-01-10,81.893317,83.877167,81.774286,83.877167,8746100
2001-01-11,83.222549,84.740195,83.222549,83.956573,7245100
2001-01-12,84.234299,84.888969,83.341566,83.797852,7244000
2001-01-16,83.797826,84.551689,83.490329,84.333466,8542200
2001-01-17,85.603174,85.732124,84.204559,84.72036,7851400
2001-01-18,84.710383,86.148674,84.392967,85.563438,8107000
2001-01-19,86.456222,86.456222,84.988173,85.077446,7782500
2001-01-22,85.226206,86.198293,84.789759,85.642815,7050900
2001-01-23,85.365051,86.753746,85.166666,86.317299,8463100
2001-01-24,86.495872,87.170381,86.237971,86.575226,6199900
2001-01-25,86.495872,87.130704,86.11894,86.357002,10818300
2001-01-26,85.801512,86.416505,85.355145,86.257797,7136800
2001-01-29,86.019752,86.908513,85.937221,86.718071,6705900
2001-01-30,86.527618,87.556043,86.203847,87.479866,7069100
2001-01-31,87.225956,88.05124,86.718098,86.984726,9706900
2001-02-01,87.035506,87.575108,86.495895,87.562408,8239100
2001-02-02,87.225944,87.600502,85.543642,85.575386,8276600
2001-02-05,85.57538,86.299088,85.543636,86.203857,4352900
2001-02-06,85.892819,86.78158,85.842031,85.949951,7106700
2001-02-07,85.524614,85.956295,84.864383,85.505569,5748700
2001-02-08,85.575389,85.956282,84.496176,84.508865,5943300
2001-02-09,84.654884,84.654884,83.328078,83.696281,9913000
2001-02-12,83.607398,84.750098,83.607398,84.654877,5804400
2001-02-13,84.877066,85.175438,83.797853,83.962906,6587600
2001-02-14,84.210517,84.210517,82.947207,83.835968,8400100
2001-02-15,84.331128,84.762819,83.791526,84.648544,5929800
2001-02-16,83.163008,83.347105,82.083795,82.782104,6434900
2001-02-20,83.188374,83.251861,81.321976,81.506073,5760000
2001-02-21,81.195052,81.791791,79.671453,79.747635,10910800
2001-02-22,80.211089,80.331708,78.097095,79.868279,21281600
2001-02-23,79.404787,79.696809,77.322539,79.328606,20173000
2001-02-26,79.861886,81.017281,79.036603,81.017281,11503700
2001-02-27,80.496713,81.156934,79.677779,80.268173,11415000
2001-02-28,80.464955,80.522088,78.255738,78.687424,14825800
2001-03-01,78.750935,79.10009,77.290819,79.10009,14672000
2001-03-02,77.766947,79.766669,77.639982,78.471611,12564300
2001-03-05,78.814454,79.214397,78.598609,79.189003,5293200
2001-03-06,80.211007,81.099772,79.665051,80.039604,6917000
2001-03-07,80.56022,80.649096,79.836512,80.611008,6371700
2001-03-08,80.369782,80.776075,80.07776,80.699898,6055000
2001-03-09,80.052336,80.052336,78.154189,78.312897,10020300
2001-03-12,77.665389,77.766964,74.75151,74.961006,13972900
2001-03-13,75.798988,76.459214,74.61185,76.192581,12888000
2001-03-14,74.307082,75.729105,73.481799,74.687981,19883400
2001-03-15,75.195873,75.456156,74.503908,74.707054,10370300
2001-03-16,74.558106,74.729975,73.08133,73.208641,58514600
2001-03-19,73.686029,74.914554,73.087679,74.698128,10067800
2001-03-20,75.048245,75.404707,72.635753,72.693039,15083900
2001-03-21,72.680304,73.36777,71.22899,71.458145,19004600
2001-03-22,71.305366,71.674561,68.771934,70.732483,28624800
2001-03-23,72.088336,72.985862,70.974388,72.871284,12861700
2001-03-26,73.647878,74.010707,73.055894,73.800652,9943800
2001-03-27,73.596911,75.525631,73.380485,75.309204,12880700
2001-03-28,74.41169,74.443514,73.138607,73.227722,10953300
2001-03-29,73.011321,74.157098,71.381776,73.507828,12060300
2001-03-30,73.552343,74.278,72.883973,74.278,9183600
2001-04-02,74.02978,74.717241,72.438426,72.693039,10561000
2001-04-03,72.553009,72.66122,70.057762,70.267822,12836000
2001-04-04,70.382385,71.356292,69.573979,70.560616,14884300
2001-04-05,72.12019,73.514214,71.610955,73.234138,21522800
2001-04-06,72.559366,72.82035,71.33084,72.120155,14937800
2001-04-09,72.565757,73.195931,71.789175,72.922218,9034300
2001-04-10,73.488718,74.952766,73.310487,74.252571,17873600
2001-04-11,75.608412,75.742085,73.927943,74.303505,12722300
2001-04-12,74.029761,75.71023,73.813335,75.652939,9233200
2001-04-16,75.296477,75.678401,74.418051,74.857262,7350000
2001-04-17,74.672659,76.168535,74.488062,75.913918,10924700
2001-04-18,77.059734,80.204251,76.824216,78.931168,32481600
2001-04-19,79.090248,80.102347,78.663767,79.981407,13809900
2001-04-20,79.50403,79.822301,78.71472,79.249413,7626700
2001-04-23,78.708363,78.861131,77.600782,77.810837,8451800
2001-04-24,77.989085,78.708381,77.085197,77.390739,10044700
2001-04-25,77.288839,78.721057,76.989664,78.402786,8249000
2001-04-26,78.759304,79.70775,78.612897,78.752937,10590400
2001-04-27,79.516745,80.102362,79.058434,80.064171,7938700
2001-04-30,80.490666,81.01263,79.357623,80.624344,10766900
2001-05-01,79.61225,80.936258,79.313075,80.872604,10578000
2001-05-02,81.101758,81.279989,80.204232,80.726196,9572900
2001-05-03,80.286964,80.299698,79.071173,79.701347,9926200
2001-05-04,78.708355,81.063557,78.574682,81.05719,12145300
2001-05-07,80.751652,81.082652,80.350633,80.356995,7185200
2001-05-08,80.751643,80.904411,79.924137,80.318794,6952600
2001-05-09,79.72679,80.554295,79.605845,79.981407,9507400
2001-05-10,81.00628,81.159048,80.057829,80.216965,6872400
2001-05-11,80.204221,80.516125,79.185756,79.663162,7734400
2001-05-14,79.50401,79.847743,79.223931,79.822281,7914000
2001-05-15,79.917777,80.52249,79.472195,80.19149,9782200
2001-05-16,79.465845,82.241167,79.32581,82.082031,14909000
2001-05-17,82.113843,82.801309,81.833763,82.20932,11824600
2001-05-18,82.171119,82.584877,81.54095,82.584877,6683100
2001-05-21,82.648536,83.921619,82.209321,83.800674,11531500
2001-05-22,83.915268,84.080765,83.4315,83.692474,8342700
2001-05-23,83.418779,83.418779,82.273003,82.273003,12330800
2001-05-24,82.413028,82.750395,81.827411,82.514877,7902800
2001-05-25,82.527609,82.559438,81.413666,81.540977,7425000
2001-05-29,81.61735,81.700104,80.777115,80.891693,9003900
2001-05-30,80.579763,80.898034,79.567665,79.758629,10041800
2001-05-31,79.841379,80.68798,79.733168,80.172379,9874200
2001-06-01,80.331544,80.904432,79.644082,80.668915,8848300
2001-06-04,80.713462,81.114481,80.255151,81.05719,5623500
2001-06-05,81.152684,82.260265,81.012644,81.986557,9115400
2001-06-06,82.005637,82.005637,81.069921,81.305443,12064900
2001-06-07,80.872594,81.7001,80.840765,81.598251,7355300
2001-06-08,81.286375,81.39459,80.293371,80.840797,8170600
2001-06-11,80.656189,80.83442,79.828688,80.267899,7012200
2001-06-12,79.478583,80.67528,78.956619,80.127853,9364400
2001-06-13,80.312435,80.573419,79.344894,79.440376,7629400
2001-06-14,79.045695,79.122082,77.4989,77.658035,12603000
2001-06-15,77.183163,78.134306,76.857602,77.783211,16821100
2001-06-18,77.655489,78.159788,77.18311,77.406532,11368300
2001-06-19,78.121483,78.447044,77.17034,77.744858,7732300
2001-06-20,77.361857,78.427903,77.304403,78.153412,8787200
2001-06-21,78.019334,79.353486,77.974649,79.040695,12259100
2001-06-22,78.830038,78.893872,77.981034,78.421494,12212000
2001-06-25,78.69603,78.798169,77.559765,77.700203,8406800
2001-06-26,77.176745,78.127888,76.966088,77.591675,8005800
2001-06-27,77.623566,78.03211,77.183106,77.546967,10105100
2001-06-28,77.878917,79.117321,77.834232,77.97467,10269300
2001-06-29,78.389606,79.162011,78.044895,78.261932,9824200
2001-07-02,78.389635,79.359928,78.274732,79.23864,8522200
2001-07-03,79.142899,79.219498,78.549231,79.219498,3303100
2001-07-05,78.561976,78.932222,77.661902,77.674667,5517900
2001-07-06,77.43846,77.553364,75.995789,75.995789,11665900
2001-07-09,76.276675,76.946947,76.091552,76.410728,8339300
2001-07-10,76.787347,77.010769,75.459574,75.491493,8630700
2001-07-11,75.389377,75.893676,74.74464,75.568115,15328600
2001-07-12,76.283046,77.5406,76.161758,77.361862,12002800
2001-07-13,77.138441,78.083204,76.998008,78.032135,10433800
2001-07-16,77.732094,78.057655,76.787336,77.055443,6915300
2001-07-17,76.729905,77.847021,76.493718,77.776802,7469800
2001-07-18,76.959672,77.649093,76.640496,77.246933,7709300
2001-07-19,77.993818,78.504502,77.08736,77.923599,10082900
2001-07-20,77.336297,77.840595,77.189474,77.457581,6705800
2001-07-23,77.751284,77.802348,75.931976,75.931976,8065200
2001-07-24,75.963873,76.091542,74.527582,75.197853,12269000
2001-07-25,75.27447,76.270302,74.980828,76.027725,12088500
2001-07-26,76.002179,77.144829,75.683003,76.825653,12898200
2001-07-27,77.132063,77.464004,76.54478,77.119293,8478800
2001-07-30,77.361871,77.464005,76.793738,77.144829,8547700
2001-07-31,77.240582,78.313014,77.112914,77.464005,11918100
2001-08-01,77.859781,78.325775,77.591675,77.94915,11940800
2001-08-02,78.664129,78.676894,77.808734,78.268349,11070100
2001-08-03,78.108729,78.108729,77.176735,77.840622,10816300
2001-08-06,77.464014,77.566152,76.666074,76.793747,8550100
2001-08-07,76.774604,77.368272,76.544802,77.093781,8865100
2001-08-08,76.678831,77.342717,75.600015,75.663849,15183800
2001-08-09,75.772403,75.94476,75.236189,75.887306,14118500
2001-08-10,75.836203,76.500085,74.904205,76.148994,11173300
2001-08-13,76.346882,76.50647,75.842583,76.168144,7431600
2001-08-14,76.691583,76.825636,75.836194,76.136215,13178100
2001-08-15,76.110701,76.353273,75.376595,75.478729,8520600
2001-08-16,75.19782,75.804252,74.687136,75.740417,10734700
2001-08-17,75.102083,75.242521,74.055186,74.527565,11604600
2001-08-20,74.559524,75.26171,74.399936,75.217026,10417400
2001-08-21,75.197861,75.67024,73.921157,73.933922,14480800
2001-08-22,74.527583,74.961663,73.908381,74.699936,11752300
2001-08-23,74.661646,75.019122,74.36162,74.431839,8744100
2001-08-24,74.821223,76.046858,74.521197,75.976639,11687700
2001-08-27,75.944706,76.091524,75.491477,75.523392,7425100
2001-08-28,75.504264,75.638317,74.419067,74.419067,12046600
2001-08-29,74.770142,74.802062,73.518973,73.755165,16180000
2001-08-30,73.314713,73.882846,71.520946,72.338036,17692600
2001-08-31,72.389118,73.263657,72.21676,72.867882,15985400
2001-09-04,72.676347,74.157323,72.369941,72.401855,24473400
2001-09-05,72.580612,72.893408,71.463496,72.580612,21477100
2001-09-06,71.910317,72.325247,70.710213,70.710213,21653000
2001-09-07,70.231474,71.016648,69.344165,69.401619,33133900
2001-09-10,68.750472,70.442105,68.750472,70.250603,23408700
2001-09-17,64.473486,67.920584,63.835135,66.580048,32388700
2001-09-18,66.599209,67.218411,65.980007,66.420471,22029200
2001-09-19,66.452429,66.707771,62.915959,65.079971,42771800
2001-09-20,64.090512,64.990585,62.915942,63.011696,36210900
2001-09-21,60.409637,63.427556,60.102081,62.331879,49782100
2001-09-24,63.895317,64.817995,63.472422,64.523247,25549600
2001-09-25,64.555252,65.356186,64.010618,65.195999,25466200
2001-09-26,65.580479,65.612519,64.350246,64.965363,18587500
2001-09-27,64.875645,65.542023,64.074712,65.529205,20536800
2001-09-28,65.984127,70.238686,65.676566,66.919617,21687200
2001-10-01,66.573657,66.842769,65.888057,66.81073,20457400
2001-10-02,66.637726,67.650108,66.413466,67.650108,19833100
2001-10-03,67.022141,69.12379,66.861954,68.784195,32045800
2001-10-04,69.386476,69.822185,68.399726,68.841843,32674100
2001-10-05,68.720142,68.95722,67.611647,68.707329,29796100
2001-10-08,68.092193,68.752167,67.835899,68.258789,12970300
2001-10-09,68.310034,68.399738,67.662878,67.893547,15976300
2001-10-10,67.791065,69.55312,67.611652,69.405746,19987400
2001-10-11,69.809384,70.674396,69.809384,70.48217,23006300
2001-10-12,69.937574,70.411726,68.752193,70.161835,31360500
2001-10-15,69.604364,70.129777,69.239138,70.033669,16873000
2001-10-16,70.354023,70.873026,69.809384,70.475761,15877100
2001-10-17,71.167811,71.219071,68.976456,68.976456,28542300
2001-10-18,69.085325,69.303181,68.399726,68.829025,16510000
2001-10-19,68.559934,69.143017,67.925596,68.784195,21912500
2001-10-22,68.752173,70.206667,68.694503,70.142593,17540600
2001-10-23,70.45658,70.661619,69.444198,69.783798,22062500
2001-10-24,69.828661,70.129809,69.341692,69.597992,16065200
2001-10-25,68.848287,70.866641,68.393357,70.84742,27467900
2001-10-26,70.450147,71.629124,70.270739,70.687225,18623300
2001-10-29,70.584711,70.834602,68.848282,68.848282,18727500
2001-10-30,68.784199,69.008459,67.637261,68.021713,26178600
2001-10-31,68.495898,69.111015,67.791077,67.791077,28124200
2001-11-01,68.303644,69.847847,67.726971,69.527473,29806800
2001-11-02,69.482614,70.084913,69.117388,70.001617,17575900
2001-11-05,70.559083,71.180604,70.450152,70.9179,15929500
2001-11-06,70.706425,72.071219,70.386052,72.019958,23245800
2001-11-07,71.616328,72.481341,71.533033,71.923889,19716000
2001-11-08,72.321114,73.096417,71.699589,72.148109,22563500
2001-11-09,71.923869,72.378799,71.404866,72.225021,15895800
2001-11-12,71.122952,72.180186,70.482205,71.782921,26068800
2001-11-13,72.686361,73.397591,72.519765,73.397591,15296200
2001-11-14,73.794818,73.942192,72.859328,73.46804,17571300
2001-11-15,73.282234,73.801238,73.000304,73.602608,19470200
2001-11-16,73.737179,73.749992,72.660724,73.275841,18134900
2001-11-19,73.634657,74.230552,73.333505,74.179291,13625400
2001-11-20,73.923011,74.198532,73.455263,73.557785,16209700
2001-11-21,73.365544,73.47447,72.731206,73.070801,11470200
2001-11-23,73.07081,74.166488,73.04518,74.121635,6717100
2001-11-26,74.16651,74.544549,73.730802,74.281845,13726000
2001-11-27,74.083192,74.903348,73.102845,73.961449,19261400
2001-11-28,73.519323,73.794845,72.564611,72.622276,20195500
2001-11-29,72.827304,73.634642,72.404409,73.602608,16354700
2001-11-30,73.301462,73.628245,73.057975,73.077202,13680300
2001-12-03,72.820918,73.09644,72.410841,72.64151,15220400
2001-12-04,72.993924,73.878159,72.628699,73.87175,17239900
2001-12-05,74.076801,75.608187,74.044762,75.22374,25204000
2001-12-06,75.185265,75.569717,74.922561,75.185265,17972900
2001-12-07,74.903365,75.025104,74.134466,74.685509,18857800
2001-12-10,74.23058,74.576585,73.269459,73.288681,13862700
2001-12-11,73.621841,74.147254,72.981094,73.141281,20833300
2001-12-12,73.397583,73.544952,72.474906,73.224579,16171500
2001-12-13,72.692762,72.852949,71.789311,71.802124,19026700
2001-12-14,71.975107,72.718371,71.763659,72.487701,16721900
2001-12-17,72.398022,73.275847,72.340357,73.237404,13925900
2001-12-18,73.448823,73.782014,73.263006,73.673088,13663700
2001-12-19,73.102865,74.275434,73.0452,74.192139,20143400
2001-12-20,74.006312,74.198538,73.397604,73.461678,14867900
2001-12-21,73.958641,73.98436,73.424991,73.907204,14037700
2001-12-24,73.830072,73.965091,73.688622,73.765778,5728800
2001-12-26,73.714343,74.717345,73.714343,74.170837,10304800
2001-12-27,74.132286,74.633788,74.100137,74.620926,9407300
2001-12-28,74.768801,75.064557,74.530907,74.582344,10593800
2001-12-31,74.67877,74.833077,73.444305,73.489311,14619500
2002-01-02,74.010113,74.421601,73.174275,74.280151,18651900
2002-01-03,74.357275,75.193108,74.28655,75.122383,15743000
2002-01-04,75.334563,75.855356,74.935936,75.623894,20140700
2002-01-07,75.675308,75.861764,74.942344,75.090225,13106500
2002-01-08,75.090264,75.263858,74.563044,74.916664,12683700
2002-01-09,75.019508,75.726753,74.157951,74.305832,16610300
2002-01-10,74.383031,74.807376,74.13228,74.633781,12823400
2002-01-11,74.717341,74.762347,73.746483,73.900795,13708400
2002-01-14,73.714328,73.836485,73.27069,73.437859,12301100
2002-01-15,73.650073,74.19015,73.232154,74.035843,20219900
2002-01-16,73.48932,73.553614,72.454168,72.53775,17067000
2002-01-17,73.142112,73.450726,72.910649,73.084244,17283400
2002-01-18,72.653442,73.199949,72.441267,72.749886,17028000
2002-01-22,73.135668,73.2514,72.023361,72.248398,11689300
2002-01-23,72.415533,73.007052,72.023333,72.801308,12438900
2002-01-24,73.064966,73.457166,72.859221,73.02639,12142800
2002-01-25,72.730626,73.412153,72.679189,73.007095,12810700
2002-01-28,73.232117,73.418573,72.602023,73.206398,10589200
2002-01-29,73.199983,73.380009,70.756772,70.904648,27720800
2002-01-30,70.975349,72.904201,69.695878,71.926918,34711800
2002-01-31,72.106987,72.846382,71.766224,72.769226,19909200
2002-02-01,72.711331,72.846355,72.119818,72.428436,15838500
2002-02-04,72.158416,72.158416,70.364582,70.628189,24243400
2002-02-05,70.338837,71.039651,69.779468,70.190956,33614000
2002-02-06,70.499593,70.557456,69.477298,69.888786,29486000
2002-02-07,69.901645,70.634609,69.438719,69.451576,23445400
2002-02-08,69.843785,71.206844,69.631615,70.782494,19277800
2002-02-11,70.756773,71.779063,70.608892,71.650475,18792400
2002-02-12,71.341848,71.824062,70.743904,71.42543,13942500
2002-02-13,71.676178,72.357704,71.592591,72.184105,16781100
2002-02-14,72.338418,72.634175,71.7469,72.049088,20453800
2002-02-15,72.106964,72.164827,71.181113,71.296844,18366800
2002-02-19,70.821047,70.911059,69.830902,69.927345,15988100
2002-02-20,70.113818,71.103958,69.322986,71.103958,29242800
2002-02-21,70.679616,71.129679,69.605888,69.631607,26288600
2002-02-22,69.663756,70.686051,69.355143,70.493164,26572900
2002-02-25,70.557453,71.888361,70.531734,71.656898,17458700
2002-02-26,71.753338,72.036238,71.091099,71.509018,22346500
2002-02-27,71.984805,72.563462,71.142541,71.785492,28597900
2002-02-28,71.901196,72.49271,71.386833,71.463989,23755400
2002-03-01,71.830483,73.199967,71.695464,73.129242,26273600
2002-03-04,73.232164,74.57593,73.071426,74.421623,27184600
2002-03-05,74.151541,74.839498,73.920078,74.183685,22718900
2002-03-06,74.003667,75.321718,73.984379,75.064537,20143200
2002-03-07,75.456755,75.546767,74.305871,74.903816,19330800
2002-03-08,75.469607,75.803945,74.890955,75.218857,19930100
2002-03-11,75.154546,75.803928,74.858789,75.379578,15621800
2002-03-12,74.646599,75.385994,74.54373,75.334557,17153600
2002-03-13,74.987379,75.064535,74.350858,74.60804,17175300
2002-03-14,74.608063,74.858813,74.34445,74.505188,11168100
2002-03-15,74.776629,75.408523,74.731493,75.215088,21220100
2002-03-18,75.505235,75.801839,74.860442,75.227974,17548900
2002-03-19,75.634212,75.917917,75.324709,75.730927,17912000
2002-03-20,75.118372,75.169956,74.273694,74.305931,17114500
2002-03-21,74.344599,74.731474,73.583744,74.33815,25846800
2002-03-22,74.473545,74.757255,73.957709,74.176941,15235400
2002-03-25,74.20925,74.383347,73.055075,73.254959,17499600
2002-03-26,73.196886,74.164076,73.16465,73.680481,19947600
2002-03-27,73.525751,74.15765,73.351659,73.87394,19020300
2002-03-28,74.131804,74.647635,73.828751,73.841644,17532900
2002-04-01,73.654712,74.215679,73.184011,73.87394,17711000
2002-04-02,73.493528,74.118973,73.358117,73.467735,15669500
2002-04-03,73.512868,73.641825,72.320002,72.951897,25658500
2002-04-04,72.603623,73.119459,72.365053,72.648758,23549000
2002-04-05,72.984086,73.267792,72.332844,72.66169,19404900
2002-04-08,71.778343,72.880938,71.720314,72.81646,16470100
2002-04-09,72.977615,72.977615,72.171624,72.30703,15122700
2002-04-10,72.281294,73.209798,72.274845,73.125977,17199300
2002-04-11,72.790666,72.893835,71.249611,71.30764,25453700
2002-04-12,71.584886,71.991108,70.952992,71.842804,14950600
2002-04-15,71.971781,72.12653,71.056171,71.294746,17394900
2002-04-16,72.023388,73.067955,72.004045,72.990578,15040900
2002-04-17,73.113069,73.29361,72.603682,72.835808,12920100
2002-04-18,72.797105,73.158188,71.668718,72.519844,25204800
2002-04-19,72.990544,73.016336,72.577877,72.78421,10499200
2002-04-22,72.461795,72.494037,71.468814,71.571983,13922900
2002-04-23,71.630013,71.881487,71.036805,71.262482,16967000
2002-04-24,71.288314,72.094306,70.540357,70.546806,18902700
2002-04-25,70.417863,70.759602,70.101915,70.58551,25451500
2002-04-26,70.79182,70.933675,69.179838,69.244316,19769800
2002-04-29,69.59247,69.805253,68.754238,68.902542,17724400
2002-04-30,69.005712,70.050278,68.760693,69.54734,19473500
2002-05-01,69.618277,70.443611,68.863871,70.398476,24575600
2002-05-02,70.346897,70.869183,69.495771,70.12767,15666800
2002-05-03,70.024469,70.127639,69.121759,69.366783,18185500
2002-05-06,69.405501,69.631178,67.903133,68.006302,23630400
2002-05-07,68.412516,68.554371,67.638766,67.767723,21910000
2002-05-08,69.025086,70.514556,68.857438,70.288879,27917400
2002-05-09,70.056747,70.346902,69.366819,69.476433,18085600
2002-05-10,69.618311,69.669895,68.090149,68.167526,18958900
2002-05-13,68.489878,69.605367,68.212617,69.553787,14677700
2002-05-14,70.682202,71.165796,70.282428,71.069077,34201200
2002-05-15,70.604834,71.513994,70.469428,70.791824,29535300
2002-05-16,70.733759,71.236702,70.495189,71.159325,28092000
2002-05-17,71.352766,71.733191,70.991679,71.507515,27823700
2002-05-20,71.339856,71.372098,70.598344,70.733749,13833800
2002-05-21,70.998142,71.236717,69.843962,70.088982,16877200
2002-05-22,69.779492,70.359807,69.637637,70.243744,15844200
2002-05-23,70.450083,71.159354,69.947145,70.991707,13879800
2002-05-24,70.914318,71.056168,70.03095,70.082535,11877000
2002-05-28,70.314643,70.366223,69.282971,69.702087,24236900
2002-05-29,69.392582,69.650495,69.07663,69.186249,14773300
2002-05-30,68.702689,69.321689,68.283572,68.992844,18217900
2002-05-31,69.250729,69.998686,68.896091,69.134666,19826300
2002-06-03,69.050891,69.379737,67.142304,67.297058,26056300
2002-06-04,67.155178,67.832208,66.768303,67.464676,25856200
2002-06-05,67.671022,68.135274,67.284148,68.096588,19695900
2002-06-06,68.051429,68.090115,66.510374,66.710258,22998500
2002-06-07,65.627014,67.00687,65.588328,66.632889,24011600
2002-06-10,66.568412,67.35506,66.426556,66.890808,18759900
2002-06-11,67.142295,67.406663,65.594796,65.743095,19990700
2002-06-12,65.581836,66.291107,64.982179,66.142807,31266000
2002-06-13,65.852667,66.413638,65.34328,65.478691,21043900
2002-06-14,64.679162,65.485153,63.512088,65.381989,39267500
2002-06-17,65.717279,67.277676,65.672144,67.135826,17647200
2002-06-18,66.890802,67.722585,66.819874,67.683899,21628500
2002-06-19,66.73604,67.335698,65.9236,66.104141,21540700
2002-06-20,65.936502,66.445889,65.09827,65.259468,25691000
2002-06-21,65.009088,65.306731,63.850869,64.239098,31190700
2002-06-24,63.805563,65.151428,62.925575,64.575554,37169700
2002-06-25,64.899064,65.28082,63.113206,63.126144,33355000
2002-06-26,61.599108,63.507907,61.592641,63.229675,37913600
2002-06-27,63.73441,64.374988,62.485603,64.336166,31616400
2002-06-28,64.213217,65.028501,63.980278,64.032043,28184200
2002-07-01,64.174376,64.575548,62.692632,62.783218,20270200
2002-07-02,62.673253,62.893247,61.320916,61.450329,34213900
2002-07-03,61.223824,62.01322,60.641479,61.799698,30565800
2002-07-05,62.621457,64.400843,62.543814,64.258492,19013500
2002-07-08,64.045002,64.510874,63.126188,63.456184,19118600
2002-07-09,63.236124,63.63082,61.47615,61.857906,28620400
2002-07-10,62.116755,62.162049,59.55444,59.606205,50522500
2002-07-11,59.373263,60.402069,58.44151,60.091488,59476500
2002-07-12,60.38915,60.751497,59.217987,59.431515,39018600
2002-07-15,59.295614,59.787373,56.869178,59.748547,77317200
2002-07-16,58.959161,59.774439,58.150349,58.596809,53282400
2002-07-17,59.82621,60.369734,58.072706,58.713284,48880600
2002-07-18,58.687383,58.946204,56.778589,56.810944,32656700
2002-07-19,56.138031,56.6492,54.546289,54.811577,77572600
2002-07-22,54.416868,55.588032,52.702186,53.187473,78134000
2002-07-23,53.413958,53.860419,51.602217,51.731625,74484100
2002-07-24,50.553966,55.076844,50.262796,54.818024,107022800
2002-07-25,54.526855,55.549194,52.799234,54.352154,87176600
2002-07-26,54.772771,55.600994,54.22278,55.387466,41206800
2002-07-29,56.616854,58.454473,56.487446,58.085655,53492900
2002-07-30,57.794482,59.140347,57.406254,58.842705,47532200
2002-07-31,58.551531,59.237407,57.74919,58.985058,44669900
2002-08-01,58.803856,59.10797,57.153883,57.445053,66571900
2002-08-02,57.263867,57.52916,55.400367,56.157413,51772900
2002-08-05,55.963302,56.248006,54.06098,54.203327,47191300
2002-08-06,55.148036,56.875657,55.070388,56.028019,64730000
2002-08-07,56.856263,57.263902,55.497454,57.005081,43289400
2002-08-08,57.212143,58.946237,56.810975,58.849178,48339800
2002-08-09,58.299162,59.489736,57.813875,59.069153,41879200
2002-08-12,58.228006,59.056229,57.943308,58.635651,25841700
2002-08-13,58.331519,59.308566,57.360945,57.568001,49690500
2002-08-14,57.60037,59.936221,56.953321,59.670933,57423600
2002-08-15,60.072083,60.816191,59.657971,60.499138,45551500
2002-08-16,60.059146,60.87443,59.528565,60.317966,36517300
2002-08-19,60.473257,61.955001,60.240319,61.728535,33669900
2002-08-20,61.35324,61.72853,60.576782,61.075008,30508300
2002-08-21,61.50854,61.974416,60.544437,61.955006,39628900
2002-08-22,61.786757,62.860861,61.514997,62.556747,38399800
2002-08-23,62.123234,62.213821,60.919721,61.210892,33716400
2002-08-26,61.411454,61.883797,60.499112,61.63792,33830100
2002-08-27,61.922661,62.27854,60.499153,60.926208,35335700
2002-08-28,60.356773,60.492652,59.399142,59.593254,38970600
2002-08-29,59.056194,60.207946,58.758552,59.619129,42965700
2002-08-30,59.321515,60.427969,59.140342,59.386219,30366700
2002-09-03,58.706822,58.881524,57.037433,57.121548,76586400
2002-09-04,57.33505,58.39621,56.97917,57.936806,51099500
2002-09-05,57.257408,57.865636,56.616831,57.445053,67250900
2002-09-06,58.072716,58.603296,57.807423,58.234478,38622200
2002-09-09,57.652117,59.107979,57.458005,58.661518,33998400
2002-09-10,58.972104,59.386215,58.596814,59.33445,41416600
2002-09-11,59.832667,60.38913,58.946207,58.965618,27711200
2002-09-12,58.719748,58.777981,57.58094,57.878582,43601700
2002-09-13,57.386837,58.169766,57.102133,58.020943,41131000
2002-09-16,57.78801,58.1633,57.238018,58.1633,28167600
2002-09-17,58.81035,59.004467,56.778614,56.830379,47609700
2002-09-18,56.299797,57.2639,55.827449,56.260971,54719400
2002-09-19,55.639798,56.163912,54.805103,54.805103,48510500
2002-09-20,55.193755,55.375741,54.628302,54.823284,46325600
2002-09-23,54.368331,54.634808,53.74438,54.374832,46893800
2002-09-24,53.58188,54.368319,53.198407,53.497383,69507000
2002-09-25,54.186336,55.096262,53.321901,54.823284,59294400
2002-09-26,55.258776,55.876232,54.888305,55.720245,53638000
2002-09-27,55.245763,55.655229,53.783375,53.783375,64648300
2002-09-30,53.29592,53.815883,52.580976,53.159431,73096400
2002-10-01,53.575375,55.746205,52.951423,55.713711,67198100
2002-10-02,55.044301,55.590257,53.685902,54.043377,56749100
2002-10-03,54.036843,54.985769,53.263401,53.497383,55547000
2002-10-04,53.815872,53.893863,51.723032,52.515972,68483700
2002-10-07,52.035011,52.775954,51.05359,51.430557,53188000
2002-10-08,51.872524,52.84745,50.826104,52.2365,79531000
2002-10-09,51.404585,51.801055,50.553151,50.761135,79956400
2002-10-10,50.657139,52.691482,50.09168,52.405502,76749000
2002-10-11,53.360924,55.070297,53.178939,54.699825,82308300
2002-10-14,54.075832,55.14825,53.971842,55.00526,40631900
2002-10-15,56.539178,57.663595,56.448186,57.650593,82320300
2002-10-16,56.812143,57.065623,55.843714,56.253185,62977800
2002-10-17,57.761075,58.040554,57.098123,57.371101,68534100
2002-10-18,56.968138,57.917065,56.500173,57.611588,47448700
2002-10-21,57.273586,58.820465,56.916111,58.60598,45859100
2002-10-22,57.878068,58.50202,57.53359,58.18354,40966800
2002-10-23,57.69606,58.670985,56.987616,58.625488,54905800
2002-10-24,58.982953,59.080446,57.260585,57.429573,54987400
2002-10-25,57.332089,58.74898,57.156605,58.625488,43672100
2002-10-28,59.242951,59.333944,57.748064,58.242027,39416100
2002-10-29,57.897585,58.164062,56.545687,57.566109,59508200
2002-10-30,57.637579,58.469515,57.345104,58.125042,41688600
2002-10-31,58.274559,58.690527,57.319131,57.533611,41620600
2002-11-01,57.423091,59.028468,57.228109,58.670994,51878900
2002-11-04,59.66542,60.406363,59.080464,59.22995,49080600
2002-11-05,59.04149,59.840931,59.04149,59.697941,37270800
2002-11-06,60.107423,60.490891,59.009005,60.471394,65013100
2002-11-07,59.80837,59.938363,58.638464,58.989437,51572000
2002-11-08,58.839971,59.51592,58.18352,58.268017,37905400
2002-11-11,58.177047,58.209541,57.065632,57.364609,33505100
2002-11-12,57.624617,58.450052,57.436131,57.819599,37724500
2002-11-13,57.403578,58.326506,56.83812,57.878044,63891500
2002-11-14,58.54102,59.145474,58.333036,58.96999,31896800
2002-11-15,58.49551,59.502935,58.463011,59.405441,39152100
2002-11-18,59.892926,59.892926,58.723014,58.80751,28934800
2002-11-19,58.508495,59.210442,58.339512,58.729481,32806600
2002-11-20,58.482494,60.068368,58.462991,60.035873,36688400
2002-11-21,60.185384,61.218808,60.074894,61.153809,55128200
2002-11-22,60.757335,61.270791,60.620841,60.718334,32513800
2002-11-25,60.724844,61.264304,60.295874,60.757343,33846400
2002-11-26,60.490863,60.737842,59.548437,59.60043,42284700
2002-11-27,60.133381,61.517777,60.074887,61.277294,37764000
2002-11-29,61.615288,61.712776,60.945835,61.082329,19385700
2002-12-02,62.050738,62.42771,60.58835,61.179802,49911900
2002-12-03,60.607853,60.705347,60.022897,60.360874,34407700
2002-12-04,59.645917,60.53635,59.424936,60.087883,64040800
2002-12-05,60.269895,60.315391,59.210472,59.424957,36724900
2002-12-06,58.573524,59.905919,58.482531,59.814926,49824100
2002-12-09,59.19095,59.44443,58.157532,58.170528,36789600
2002-12-10,58.508542,59.210489,58.339558,58.950508,33319900
2002-12-11,58.768497,59.54844,58.599514,59.00248,39201000
2002-12-12,59.275473,59.46396,58.625523,58.995995,34465600
2002-12-13,58.437043,58.807514,58.02107,58.066566,36862200
2002-12-16,58.378556,59.658959,58.274566,59.567966,37098400
2002-12-17,59.385962,59.62644,58.97649,59.047985,32353900
2002-12-18,58.703489,58.755486,58.060039,58.365517,35612600
2002-12-19,58.073072,58.950504,57.585609,57.949585,39264200
2002-12-20,58.260448,58.796026,58.195134,58.776432,31176900
2002-12-23,58.515191,59.089961,58.332312,58.796043,22599300
2002-12-24,58.515159,58.691511,58.293093,58.358406,10937000
2002-12-26,58.587025,59.181389,58.025321,58.384552,17485600
2002-12-27,58.103712,58.319251,57.071743,57.071743,22205700
2002-12-30,57.339532,57.783671,56.96724,57.548538,29968000
2002-12-31,57.470168,57.757553,56.895403,57.626926,34036600
2003-01-02,58.031835,59.632041,57.829362,59.481815,44516300
2003-01-03,59.377327,59.684301,59.109536,59.664707,32222600
2003-01-06,59.592888,61.062463,59.547168,60.716297,40984500
2003-01-07,60.677077,60.984056,60.219873,60.566044,38640400
2003-01-08,60.219879,60.350511,59.468767,59.690834,38702200
2003-01-09,59.971694,60.85997,59.703907,60.618305,34804900
2003-01-10,60.056607,61.160422,59.958639,60.781597,37768900
2003-01-13,61.095087,61.304093,60.376629,60.761982,31649900
2003-01-14,60.539935,61.284519,60.357055,60.957947,30733000
2003-01-15,61.095124,61.114718,60.030501,60.35054,33511800
2003-01-16,60.415845,60.696697,59.730041,60.102333,44812100
2003-01-17,59.429611,60.285233,58.880972,59.214077,35618300
2003-01-21,59.351201,59.383855,58.097161,58.293106,36826200
2003-01-22,57.979612,58.652355,57.476693,57.587727,42286500
2003-01-23,57.966556,58.378035,57.444039,57.94043,55919800
2003-01-24,57.862039,57.920824,56.281431,56.418591,68633900
2003-01-27,55.994043,56.692907,55.190674,55.647873,57884400
2003-01-28,55.928717,56.431641,55.602145,56.059349,46929100
2003-01-29,55.791588,56.941124,55.367044,56.483925,53712200
2003-01-30,56.686379,56.74516,55.125365,55.144958,49845900
2003-01-31,54.962073,56.307548,54.962073,56.209576,55317000
2003-02-03,56.261844,56.699449,56.118151,56.320629,39696000
2003-02-04,55.719733,56.007119,55.060061,55.765453,43633400
2003-02-05,56.007092,56.523077,55.177602,55.419262,55270600
2003-02-06,55.105795,55.445428,54.63553,55.158043,53638000
2003-02-07,55.458448,55.510696,54.191347,54.48526,43165000
2003-02-10,54.51142,54.949025,53.982375,54.870651,45455900
2003-02-11,55.105775,55.438875,54.099932,54.491817,46861000
2003-02-12,54.315463,54.615909,53.616594,53.623127,35873600
2003-02-13,53.655803,53.988908,52.904687,53.78643,57934100
2003-02-14,53.799497,54.994748,53.440266,54.962093,59580900
2003-02-18,55.210265,56.039761,55.118825,55.928722,39492700
2003-02-19,55.726274,55.824247,55.047003,55.634834,31432000
2003-02-20,55.65442,55.79158,54.896775,55.079655,29280100
2003-02-21,55.112317,56.000594,54.511425,55.634834,60955800
2003-02-24,55.471541,55.517261,54.596325,54.73349,30628600
2003-02-25,54.178296,55.184138,53.701504,55.171078,56770600
2003-02-26,54.877162,55.210267,54.26321,54.36771,37787200
2003-02-27,54.668166,55.353969,54.315472,55.086178,51126000
2003-02-28,55.171086,55.667477,54.968613,55.451939,43666800
2003-03-03,55.687061,56.026693,54.681218,54.922878,42923100
2003-03-04,54.831443,54.870635,53.982359,54.047672,31440500
2003-03-05,53.956248,54.563672,53.792962,54.504887,43974700
2003-03-06,54.126051,54.550591,53.864793,54.047672,41217700
2003-03-07,53.303099,54.857581,53.185533,54.419975,63538000
2003-03-10,53.949702,54.11952,52.969985,53.113678,41014100
2003-03-11,53.21819,53.557823,52.565046,52.591167,48102700
2003-03-12,52.499725,52.969989,51.846581,52.943863,62459800
2003-03-13,53.675392,54.805334,53.250847,54.772675,72117800
2003-03-14,54.994744,55.367036,54.439572,54.949024,63951800
2003-03-17,54.511428,56.7909,54.354674,56.679867,88217500
2003-03-18,56.921526,57.052153,56.353289,57.012966,50792300
2003-03-19,57.006408,57.581178,56.614523,57.450546,49630800
2003-03-20,57.039064,57.862022,56.398981,57.574642,67321600
2003-03-21,58.233062,58.941298,57.662533,58.803585,71165300
2003-03-24,57.721565,57.80026,56.626417,56.849384,65398900
2003-03-25,56.882178,57.878964,56.685448,57.393684,61040100
2003-03-26,57.419881,57.610057,56.921493,57.10511,45740800
2003-03-27,56.659191,57.485472,56.390319,57.151024,53120200
2003-03-28,56.705118,57.236296,56.560846,56.862503,32583000
2003-03-31,55.970612,56.783775,55.347625,55.570587,61119500
2003-04-01,55.905035,56.652621,55.682073,56.4231,53574000
2003-04-02,57.406776,58.21338,57.380545,57.787128,50431200
2003-04-03,58.27894,58.35763,57.478891,57.511677,48755500
2003-04-04,57.990446,58.095368,57.459268,57.852734,36250100
2003-04-07,59.242984,59.577432,57.688793,57.741257,69776200
2003-04-08,57.905159,58.13468,57.518248,57.833023,39712700
2003-04-09,57.944508,58.429782,56.901819,57.072323,55647300
2003-04-10,57.111685,57.465806,56.206713,57.387115,41812400
2003-04-11,57.813361,58.167476,56.960848,57.151024,47730100
2003-04-14,57.360858,58.364197,57.052642,58.331406,36711700
2003-04-15,58.259281,58.875713,57.983855,58.875713,49709800
2003-04-16,58.96098,59.059343,57.728115,57.872387,51788000
2003-04-17,57.905165,58.836368,57.833029,58.731441,37403100
2003-04-21,58.928179,59.124914,58.403555,58.790466,32052700
2003-04-22,58.429798,60.043011,58.292085,59.898739,59763600
2003-04-23,60.082355,60.56107,59.833156,60.449589,44227100
2003-04-24,60.02332,60.383999,59.649527,59.911839,49692400
2003-04-25,59.8725,59.983981,59.033101,59.170818,43917200
2003-04-28,59.308519,60.456129,59.21671,60.193817,46432900
2003-04-29,60.423386,60.856202,59.938111,60.403713,52017100
2003-04-30,60.272518,60.705329,59.944629,60.272518,48709100
2003-05-01,60.279066,60.81025,59.347864,60.265953,50240400
2003-05-02,60.043023,61.295561,59.997118,61.125057,50201500
2003-05-05,61.295509,61.498799,60.659404,61.006966,35437800
2003-05-06,61.013555,61.892295,60.987323,61.584084,44401000
2003-05-07,61.262749,61.73491,60.967651,61.243076,41413100
2003-05-08,60.672541,61.203724,60.515156,60.626637,40570700
2003-05-09,60.875841,61.511946,60.731569,61.466042,33608100
2003-05-12,61.315243,62.377605,61.170971,62.220215,35662300
2003-05-13,61.99066,62.416916,61.813602,62.1087,39253600
2003-05-14,62.357909,62.456277,61.584096,61.977562,32195100
2003-05-15,62.226738,62.515282,61.807041,62.37101,43879200
2003-05-16,62.226759,62.593993,61.813621,62.213646,38905000
2003-05-19,61.741456,61.918514,60.547941,60.75779,41606000
2003-05-20,60.869316,61.007029,60.062707,60.633236,55404600
2003-05-21,60.403669,60.908616,60.272516,60.75779,49333800
2003-05-22,60.954557,61.675917,60.777499,61.361141,38421800
2003-05-23,61.334906,61.630009,61.079153,61.485737,26155900
2003-05-27,61.184063,62.849734,61.033232,62.561195,43719200
2003-05-28,62.856302,63.262886,62.580877,62.738262,37727100
2003-05-29,62.875967,63.4924,62.351348,62.57431,50844200
2003-05-30,62.889103,63.669476,62.666136,63.577667,52529500
2003-06-02,63.95796,64.561274,63.393991,63.83992,50305500
2003-06-03,63.708806,64.16129,63.512071,64.102272,38254500
2003-06-04,64.043273,65.151534,63.98425,65.026939,49360700
2003-06-05,64.646562,65.348244,64.443267,65.348244,46262400
2003-06-06,65.840108,66.495886,65.007267,65.092522,60356800
2003-06-09,64.771163,64.987571,64.115385,64.430161,37808500
2003-06-10,64.567895,65.09252,64.390837,65.08596,29965900
2003-06-11,65.026912,65.833516,64.731809,65.774498,37610200
2003-06-12,66.069622,66.16799,65.328595,65.977814,36442000
2003-06-13,65.977814,66.069623,64.889221,65.289246,48628300
2003-06-16,65.551549,66.692601,65.446627,66.666374,36326300
2003-06-17,66.935241,67.007376,66.38439,66.666374,36801800
2003-06-18,66.423721,66.981131,66.233545,66.607338,35521000
2003-06-19,66.653243,66.712266,65.472841,65.590881,43551700
2003-06-20,66.071366,66.143763,65.432963,65.446129,41545000
2003-06-23,65.45267,65.590886,64.445707,64.77478,34237500
2003-06-24,64.643189,65.215773,64.511556,64.84063,36213600
2003-06-25,64.847172,65.446088,64.189026,64.189026,47743400
2003-06-26,64.353552,65.143331,63.813872,65.024864,33477300
2003-06-27,64.991967,65.281553,64.221937,64.27459,54208800
2003-06-30,64.643146,64.93931,64.149536,64.254837,33349000
2003-07-01,64.004771,65.057805,63.465091,64.847198,51322800
2003-07-02,65.00513,65.676442,64.873503,65.663277,34662100
2003-07-03,65.202579,65.715933,64.432549,64.98539,30792800
2003-07-07,65.584294,66.406977,65.584294,66.275345,31391100
2003-07-08,66.143737,66.663673,65.926547,66.571533,30952500
2003-07-09,66.420148,66.736061,65.834398,66.196381,36528500
2003-07-10,65.709345,65.840978,64.912989,65.353951,49777700
2003-07-11,65.413164,66.110798,65.413164,65.972588,39976300
2003-07-14,66.604422,67.065128,66.110812,66.295097,42114900
2003-07-15,66.722883,66.775536,65.781734,66.150299,42573600
2003-07-16,66.347751,66.387243,65.307883,65.762001,39894200
2003-07-17,65.255242,65.735687,64.603679,64.827446,52253500
2003-07-18,65.169654,65.683012,64.801094,65.492149,35698100
2003-07-21,65.452663,65.478989,64.399629,64.682632,34786000
2003-07-22,64.95251,65.426376,64.445734,65.268417,49968300
2003-07-23,65.294725,65.452679,64.682648,65.314468,37275400
2003-07-24,65.808113,66.038463,64.741918,64.820892,40896200
2003-07-25,64.932759,66.005536,64.524706,65.966049,43241100
2003-07-28,66.058137,66.459606,65.597431,65.722481,34382800
2003-07-29,65.906804,65.985783,64.945911,65.419777,53472100
2003-07-30,65.551399,65.650122,65.110442,65.261818,28363300
2003-07-31,65.801494,66.413571,65.268392,65.413185,54937200
2003-08-01,65.281593,65.505361,64.656351,64.834053,49321000
2003-08-04,64.702421,65.156544,63.84025,64.834053,55214100
2003-08-05,64.768215,64.998566,63.405847,63.4585,61415600
2003-08-06,63.636179,64.537836,63.458476,63.827042,50096900
2003-08-07,63.952135,64.544468,63.682297,64.498398,43427400
2003-08-08,64.708959,64.860335,64.340399,64.682632,27357300
2003-08-11,64.669486,65.182839,64.393061,64.926163,34631400
2003-08-12,64.965633,65.5448,64.77477,65.518478,43285600
2003-08-13,65.696192,65.715936,64.847182,65.182838,36152000
2003-08-14,65.222309,65.650105,64.794513,65.360519,35525100
2003-08-15,65.393456,65.676459,65.235502,65.564575,12567000
2003-08-18,65.768602,66.209559,65.643553,66.130585,22873800
2003-08-19,66.268777,66.433314,65.814655,66.380661,37437700
2003-08-20,66.005516,66.400403,65.919959,66.110817,21295300
2003-08-21,66.505704,66.815029,66.077908,66.321419,46494200
2003-08-22,66.966409,67.012479,65.636955,65.663277,52040300
2003-08-25,65.623807,66.360934,65.340804,65.7686,23473000
2003-08-26,65.485585,66.071335,65.044628,65.887054,45065800
2003-08-27,65.847584,66.051608,65.531671,65.906815,18919500
2003-08-28,66.077901,66.472788,65.590875,66.314835,27402400
2003-08-29,66.216112,66.788701,66.130555,66.762375,28706600
2003-09-02,66.894003,67.710103,66.505699,67.657455,49419100
2003-09-03,67.808842,68.249799,67.644305,68.026031,44912400
2003-09-04,67.854916,68.151085,67.631148,68.058945,28381000
2003-09-05,67.749612,68.151082,67.394212,67.677216,31637300
2003-09-08,67.815428,68.368268,67.743031,68.236641,32632800
2003-09-09,68.032617,68.091847,67.578494,67.789101,35053200
2003-09-10,67.479765,67.657468,66.834784,67.104622,45904900
2003-09-11,67.196788,67.631167,67.025668,67.302094,38396300
2003-09-12,67.071737,67.552181,66.703171,67.427132,42524800
2003-09-15,67.473166,67.545562,67.098023,67.190163,21312800
2003-09-16,67.28234,68.210325,67.242848,68.170837,37892600
2003-09-17,68.105011,68.309035,67.822008,68.039192,31885800
2003-09-18,68.052328,68.907916,67.900953,68.842102,30243600
2003-09-19,68.888384,69.106408,68.313602,68.491982,34331600
2003-09-22,67.950198,68.022872,67.408446,67.751999,36677400
2003-09-23,67.778442,68.240916,67.62649,68.009682,32489200
2003-09-24,68.128582,68.194649,66.774201,66.800629,41694700
2003-09-25,66.99886,67.309372,66.199441,66.252296,52673100
2003-09-26,66.358005,66.503354,65.968205,66.034271,42914700
2003-09-29,66.265487,66.721348,65.928543,66.681709,36771600
2003-09-30,66.384432,66.56942,65.571802,66.034271,70764500
2003-10-01,66.225849,67.507556,66.199422,67.44149,65797600
2003-10-02,67.342411,67.758633,67.144207,67.685959,44591500
2003-10-03,68.491941,68.894952,68.102146,68.306953,48806900
2003-10-06,68.366439,68.703378,68.181446,68.617493,20226500
2003-10-07,68.221087,68.91479,67.989852,68.88176,42602900
2003-10-08,68.928015,68.967654,68.320197,68.709991,30920800
2003-10-09,69.291346,69.515977,68.597643,68.894943,40066500
2003-10-10,68.888367,69.10639,68.650529,69.086571,22682800
2003-10-13,69.179066,69.562258,69.046934,69.304596,23825600
2003-10-14,69.23856,69.654782,68.947862,69.549072,38484400
2003-10-15,69.938839,69.958658,69.132817,69.364052,39021700
2003-10-16,69.159247,69.852956,69.139428,69.641541,32772200
2003-10-17,69.681173,69.786878,68.696772,68.88176,32790300
2003-10-20,69.007287,69.397087,68.670348,69.397087,27657000
2003-10-21,69.251755,69.555664,68.921419,69.278183,26729100
2003-10-22,68.729841,68.835551,68.174878,68.406113,33914500
2003-10-23,67.976647,68.676959,67.943611,68.280556,45830500
2003-10-24,67.937013,68.432518,67.507575,68.432518,51723600
2003-10-27,68.53822,68.828918,68.227703,68.465546,32460200
2003-10-28,68.696775,69.469762,68.591065,69.397087,34956200
2003-10-29,69.2187,69.654746,68.624098,69.489578,30955400
2003-10-30,69.892588,70.011509,69.238523,69.634926,39123100
2003-10-31,69.63496,69.859586,69.516038,69.568893,25761600
2003-11-03,69.866182,70.434361,69.839754,70.024742,37589300
2003-11-04,70.024747,70.209735,69.753874,69.872795,31421600
2003-11-05,69.694402,70.011527,69.304607,69.925636,33558800
2003-11-06,69.767083,70.322051,69.436747,70.295624,28392300
2003-11-07,70.454197,70.507052,69.747277,69.773705,31723200
2003-11-10,69.859553,69.92562,69.377265,69.489578,25530800
2003-11-11,69.430113,69.588678,69.238523,69.469757,26558600
2003-11-12,69.522643,70.341876,69.476396,70.249382,28000000
2003-11-13,70.037953,70.388109,69.885996,70.269188,29714800
2003-11-14,70.295618,70.658985,69.56227,69.674583,49158500
2003-11-17,69.311206,69.463158,68.736419,69.324417,44382100
2003-11-18,69.529237,69.667978,68.5118,68.604294,41155000
2003-11-19,68.729826,69.377288,68.657151,69.185692,29827000
2003-11-20,68.71,69.529234,68.544832,68.564651,53578700
2003-11-21,68.868574,68.928037,68.45896,68.848755,30016000
2003-11-24,69.165858,69.885989,69.15925,69.76046,28906400
2003-11-25,69.852971,70.308832,69.667978,70.024742,37580000
2003-11-26,70.308841,70.32866,69.628348,70.27581,33053600
2003-11-28,70.216293,70.467351,70.163437,70.328606,10507500
2003-12-01,70.592935,71.141295,70.559904,71.08844,38699000
2003-12-02,70.943088,71.20075,70.738281,70.910057,35352000
2003-12-03,71.121473,71.405563,70.738282,70.797745,39078600
2003-12-04,70.80435,71.167723,70.652398,71.08844,36089500
2003-12-05,70.771303,71.220561,70.440966,70.592918,28824400
2003-12-08,70.520244,71.11485,70.480605,71.068604,32482900
2003-12-09,71.286609,71.306428,70.388093,70.520226,43596100
2003-12-10,70.540071,70.678817,70.004928,70.513649,36915400
2003-12-11,70.480608,71.418763,70.474,71.30645,45304000
2003-12-12,71.332854,71.484806,70.949663,71.445168,34142200
2003-12-15,72.125697,72.165341,71.009162,71.08844,38693400
2003-12-16,71.141279,71.683031,71.035569,71.458405,32894200
2003-12-17,71.392331,71.683029,71.22056,71.683029,23198800
2003-12-18,71.716058,72.495652,71.610348,72.489044,29353100
2003-12-19,72.552781,72.599246,72.074848,72.287262,41465100
2003-12-22,72.21423,72.791733,72.20759,72.791733,27611300
2003-12-23,72.672255,72.984234,72.605871,72.838203,24741200
2003-12-24,72.698761,72.937727,72.639022,72.765144,8055800
2003-12-26,72.824953,73.070559,72.771848,72.818314,8308400
2003-12-29,73.083804,73.860443,72.87139,73.78743,22483700
2003-12-30,73.740953,73.860436,73.581644,73.800697,19559500
2003-12-31,73.827285,74.026421,73.57504,73.867111,31501800
2004-01-02,74.172425,74.471135,73.501995,73.833893,38072300
2004-01-05,74.139239,74.690185,74.072855,74.637085,27959800
2004-01-06,74.451219,74.829582,74.345009,74.710098,20472800
2004-01-07,74.603884,75.048625,74.271987,74.962334,30170400
2004-01-08,75.174763,75.280973,74.85614,75.261055,36438400
2004-01-09,74.895968,75.34071,74.52424,74.603897,54084300
2004-01-12,74.710135,75.17479,74.584013,75.154877,31564100
2004-01-13,75.068569,75.161505,74.185726,74.716759,54239700
2004-01-14,74.849492,75.446908,74.789747,75.340698,30112800
2004-01-15,75.387177,75.712435,74.730021,75.526573,38408700
2004-01-16,75.699172,75.878394,75.427013,75.825294,31922700
2004-01-20,76.02442,76.104077,75.553126,75.805367,29863000
2004-01-21,75.758882,76.535525,75.486729,76.402763,30725000
2004-01-22,76.429339,76.588649,76.057616,76.203651,29888500
2004-01-23,76.336393,76.581999,75.639407,75.958031,44245300
2004-01-26,75.931491,76.953736,75.924852,76.91391,30460600
2004-01-27,76.834222,77.332068,76.104049,76.123962,35322800
2004-01-28,76.323089,76.522224,74.968947,75.254379,52621300
2004-01-29,75.380553,75.573055,74.716758,75.327454,60117100
2004-01-30,75.354001,75.486763,75.068569,75.327454,30984400
2004-02-02,75.473452,76.123973,75.088455,75.652679,38832400
2004-02-03,75.500021,75.76554,75.300885,75.526573,25093500
2004-02-04,75.134911,75.49336,74.869392,74.909218,39332600
2004-02-05,75.121641,75.367247,74.862762,75.128281,37226800
2004-02-06,75.287575,76.137232,75.14154,75.971283,37216000
2004-02-09,76.117336,76.250098,75.865096,75.991219,24851300
2004-02-10,75.858499,76.429363,75.845226,76.236862,27908100
2004-02-11,76.236823,77.259068,75.785443,77.046654,42965700
2004-02-12,76.980313,77.179448,76.721433,76.767899,27814700
2004-02-13,76.880696,77.132936,76.170436,76.422676,44739900
2004-02-17,76.900608,77.28561,76.847503,77.113022,23984300
2004-02-18,77.132958,77.398477,76.568733,76.774513,28618000
2004-02-19,77.219217,77.259043,76.376195,76.489044,51146200
2004-02-20,76.65501,76.70811,75.885006,76.256729,46728800
2004-02-23,76.482403,76.508955,75.785417,76.064209,36357000
2004-02-24,75.851838,76.329772,75.028734,75.931496,43953000
2004-02-25,75.977964,76.37624,75.885033,76.250122,31213600
2004-02-26,76.077547,76.528928,75.898319,76.2966,29683000
2004-02-27,76.462504,76.827588,76.090776,76.349655,39312000
2004-03-01,76.62182,77.22587,76.502336,77.106392,33130800
2004-03-02,76.960367,77.644074,76.489073,76.655022,38556400
2004-03-03,76.502339,76.913894,76.283286,76.794411,31346200
2004-03-04,76.814346,77.066586,76.681584,76.993568,21060000
2004-03-05,76.615169,77.630774,76.522238,77.252411,55905600
2004-03-08,77.225919,77.411785,76.276696,76.309883,39281600
2004-03-09,76.40277,76.475787,75.831906,76.004494,39746100
2004-03-10,76.150531,76.183718,74.716732,74.730011,67671800
2004-03-11,74.610551,75.18805,73.747616,73.760895,89134800
2004-03-12,74.165786,74.816302,74.066216,74.730011,54012200
2004-03-15,74.524225,74.57733,73.614829,73.813965,57677200
2004-03-16,74.198973,74.384835,73.575004,74.205612,59832600
2004-03-17,74.464506,75.181406,74.411401,75.03537,41607300
2004-03-18,74.809654,75.188017,74.298534,75.05526,60014300
2004-03-19,74.87873,74.985307,73.966141,73.979462,48636200
2004-03-22,73.633116,73.653099,72.673899,73.040268,62752100
2004-03-23,73.43991,73.539829,72.847062,72.913673,54080200
2004-03-24,72.993639,73.366665,72.507367,72.973656,51584300
2004-03-25,73.326691,74.13936,73.133515,73.939522,49873600
2004-03-26,73.91286,74.465742,73.806283,73.959488,37409500
2004-03-29,74.359196,75.098592,74.325893,74.998672,44113600
2004-03-30,74.80547,75.318381,74.752179,75.25177,39059900
2004-03-31,75.265105,75.538217,74.85877,75.338379,48517600
2004-04-01,75.318383,75.851282,75.305062,75.791328,45103800
2004-04-02,76.477436,76.497419,75.871268,76.364197,50987700
2004-04-05,76.24434,76.857171,76.23102,76.783897,30251800
2004-04-06,76.490779,76.72392,76.350894,76.537407,28420900
2004-04-07,76.570726,76.590714,76.011186,76.357567,45890500
2004-04-08,76.877124,76.877124,75.764697,76.184357,46929700
2004-04-12,76.32424,76.657301,76.317578,76.484108,23085200
2004-04-13,76.777211,76.803857,75.285094,75.411659,56210300
2004-04-14,75.011989,75.698093,74.972023,75.531563,62322300
2004-04-15,75.571508,75.791329,74.845438,75.24511,61602500
2004-04-16,75.524888,75.971194,75.258443,75.824646,47059200
2004-04-19,75.638133,75.931223,75.451614,75.824646,28277600
2004-04-20,75.991155,76.151023,74.459073,74.55233,53299400
2004-04-21,74.738878,75.23847,74.519062,75.051956,50177300
2004-04-22,74.925337,76.38414,74.898692,76.10437,62071500
2004-04-23,76.217662,76.317581,75.798007,76.177696,29395700
2004-04-26,76.270952,76.564047,75.671441,76.071114,35515200
2004-04-27,76.091098,76.683946,75.911242,76.137726,43485500
2004-04-28,75.864652,75.944588,74.938742,75.151901,50165800
2004-04-29,75.085241,75.484913,74.046093,74.492393,69687600
2004-04-30,74.718879,74.858764,73.872907,73.912872,48681400
2004-05-03,74.185977,74.798808,74.172652,74.705551,33758000
2004-05-04,74.772172,75.444956,74.379162,74.645607,51185100
2004-05-05,74.878752,75.245116,74.712221,75.125214,34405000
2004-05-06,74.618927,74.998616,73.939485,74.479042,54997000
2004-05-07,74.08608,74.758865,73.246765,73.246765,60950000
2004-05-10,72.900392,73.106888,72.180979,72.494057,75279400
2004-05-11,72.913704,73.306719,72.82711,73.10688,48300600
2004-05-12,72.986973,73.633112,71.981127,73.573158,90830500
2004-05-13,73.113541,73.812966,73.026942,73.266747,57393700
2004-05-14,73.240088,73.766324,72.787125,73.300041,54123100
2004-05-17,72.534004,72.940339,72.214269,72.673889,55020400
2004-05-18,72.933686,73.233444,72.827109,73.040268,30193100
2004-05-19,73.606449,74.059412,72.707186,72.787117,54804100
2004-05-20,72.907034,73.186809,72.633927,73.020279,38082900
2004-05-21,73.253448,73.6398,72.920387,73.146866,47480400
2004-05-24,73.626448,73.779658,73.060245,73.453255,40961500
2004-05-25,73.206802,74.592336,73.006963,74.505737,48668000
2004-05-26,74.379164,74.798819,74.279244,74.765511,35977000
2004-05-27,74.965329,75.291727,74.645588,75.18515,45306900
2004-05-28,75.091926,75.19184,74.845459,75.17852,23367200
2004-06-01,74.912068,75.178517,74.519058,75.078598,41044700
2004-06-02,75.291757,75.591515,74.912067,75.358368,39774200
2004-06-03,75.145189,75.398319,74.652261,74.665581,38688300
2004-06-04,75.258476,75.658148,75.07862,75.258476,32739500
2004-06-07,75.558187,76.477433,75.551525,76.40416,31643800
2004-06-08,76.184359,76.550723,76.051132,76.510757,32846500
2004-06-09,76.277605,76.404165,75.751368,75.797997,36737600
2004-06-10,75.964547,76.171043,75.891273,76.171043,21711000
2004-06-14,75.817976,75.837959,75.185163,75.418304,34633000
2004-06-15,75.871279,76.237643,75.611492,75.95121,37445000
2004-06-16,75.937904,76.071127,75.738066,75.937904,26633400
2004-06-17,75.837966,75.984514,75.491585,75.824646,28402400
2004-06-18,75.727033,76.362162,75.666865,75.967712,31799800
2004-06-21,76.047951,76.308686,75.633446,75.680244,25284000
2004-06-22,75.633459,76.134874,75.325925,76.061333,37334000
2004-06-23,75.954326,76.776644,75.827299,76.716476,35580000
2004-06-24,76.58946,76.836827,76.388897,76.475807,35272100
2004-06-25,76.489196,76.843529,76.00115,76.108116,32837900
2004-06-28,76.562734,76.622906,75.820644,75.847382,40824500
2004-06-29,75.90087,76.328744,75.827329,76.161606,28418100
2004-06-30,76.261878,76.743238,75.981087,76.569412,52230600
2004-07-01,76.382181,76.482465,75.265699,75.506378,57734700
2004-07-02,75.653508,75.740418,75.279114,75.466309,34615100
2004-07-06,75.125351,75.178832,74.630618,74.804443,38698200
2004-07-07,74.750946,75.259048,74.710834,75.025055,29839800
2004-07-08,74.75094,75.091903,74.343122,74.503578,45291100
2004-07-09,74.690785,74.837867,74.463474,74.697472,27412900
2004-07-12,74.557101,74.904752,74.209455,74.730927,35691300
2004-07-13,74.824528,74.891382,74.610591,74.784416,26752000
2004-07-14,74.383263,75.138727,74.289666,74.557083,54089400
2004-07-15,74.704158,74.817816,74.008862,74.075722,38403500
2004-07-16,74.59049,74.657344,73.835026,74.015533,40871200
2004-07-19,74.04228,74.182676,73.534179,73.701317,39592800
2004-07-20,73.895174,74.811093,73.70798,74.637268,46679800
2004-07-21,74.757605,74.918057,73.173133,73.260048,56241100
2004-07-22,73.113002,73.801611,72.718553,73.460648,72477100
2004-07-23,73.286844,73.347011,72.665089,72.845596,49610500
2004-07-26,72.999319,73.159771,72.344135,72.705154,49679100
2004-07-27,72.905739,73.614403,72.852253,73.387093,51295100
2004-07-28,73.240026,73.788239,72.59821,73.607727,65862300
2004-07-29,73.901911,74.122535,73.540891,73.921967,52200500
2004-07-30,73.754794,74.142557,73.607712,74.10244,41581700
2004-08-02,73.667908,74.450114,73.574311,74.256233,38263100
2004-08-03,74.162611,74.249521,73.647827,73.681252,40948800
2004-08-04,73.467311,74.042267,73.300172,73.674561,40763200
2004-08-05,73.734757,73.794924,72.384276,72.471191,50772000
2004-08-06,71.956377,72.177,71.281142,71.434906,74729000
2004-08-09,71.548571,71.85611,71.448292,71.535202,37476300
2004-08-10,71.74245,72.477863,71.709025,72.457802,55870600
2004-08-11,71.989815,72.424375,71.602052,72.310722,52933200
2004-08-12,71.989828,72.170335,71.287845,71.521843,50015900
2004-08-13,71.602051,71.76919,71.261088,71.662224,41634700
2004-08-16,71.628788,72.631618,71.602045,72.404312,45731900
2004-08-17,72.70517,73.059503,72.558088,72.812141,40701600
2004-08-18,72.551396,73.65451,72.53134,73.560913,43165400
2004-08-19,73.413847,73.554242,72.99266,73.346992,39881600
2004-08-20,73.280112,73.962034,73.213258,73.861755,44870900
2004-08-23,73.908558,74.055636,73.574282,73.674561,33745100
2004-08-24,73.968776,74.028948,73.440618,73.774895,30453100
2004-08-25,73.761446,74.389883,73.473968,74.27623,38551400
2004-08-26,74.182633,74.416625,74.109092,74.27623,26629500
2004-08-27,74.343131,74.630609,74.242852,74.510269,24902900
2004-08-30,74.356491,74.436714,73.841702,73.895187,26726500
2004-08-31,73.982142,74.316419,73.607749,74.28299,44125300
2004-09-01,74.175996,74.6373,73.86178,74.423363,52778300
2004-09-02,74.369868,75.345955,74.369868,75.265732,42736600
2004-09-03,75.098609,75.426199,74.884673,74.958214,30480500
2004-09-07,75.238997,75.633441,75.091915,75.452934,37338800
2004-09-08,75.292475,75.586635,75.08522,75.265732,32963100
2004-09-09,75.259066,75.466316,74.898046,75.198898,34314800
2004-09-10,75.225597,75.727012,74.931437,75.586617,27900600
2004-09-13,75.753779,76.041257,75.553216,75.834007,44398100
2004-09-14,75.747098,76.007833,75.673557,75.987778,28048900
2004-09-15,75.747119,75.78723,75.332614,75.412842,38295000
2004-09-16,75.446233,75.793883,75.412808,75.640114,23911700
2004-09-17,75.827445,76.102696,75.652902,75.961716,33683000
2004-09-20,75.639446,75.854273,75.377625,75.50518,37149400
2004-09-21,75.693134,76.176497,75.552154,75.834114,40920800
2004-09-22,75.525348,75.538773,74.833873,74.887581,49042100
2004-09-23,74.921118,74.988251,74.484749,74.484749,44068700
2004-09-24,74.632468,75.00842,74.605614,74.827156,34981100
2004-09-27,74.58543,74.652563,74.236338,74.350464,39355100
2004-09-28,74.457885,74.860685,74.122217,74.706276,41662900
2004-09-29,74.659282,75.088937,74.518302,75.082222,33325700
2004-09-30,74.887569,75.176244,74.692881,75.028549,43536700
2004-10-01,75.364214,76.297371,75.330645,76.297371,62824300
2004-10-04,76.599483,76.82774,76.398085,76.424934,33082400
2004-10-05,76.431633,76.639751,76.223521,76.465202,36910600
2004-10-06,76.377927,76.988846,76.31751,76.988846,42297800
2004-10-07,76.78746,76.800889,76.102699,76.163116,39388800
2004-10-08,75.961691,76.377916,75.42462,75.532036,51872600
2004-10-11,75.713303,75.874422,75.619316,75.840858,20229100
2004-10-12,75.323944,75.746889,75.1494,75.545486,41754700
2004-10-13,75.860979,75.907972,74.733134,74.880829,54212600
2004-10-14,74.97484,75.142674,74.236371,74.276649,64082200
2004-10-15,74.531739,75.015102,74.22964,74.692863,63482200
2004-10-18,74.444505,75.122556,74.316949,74.974861,43535100
2004-10-19,75.203059,75.344044,74.243049,74.34375,55851900
2004-10-20,74.102096,74.397486,73.679156,74.196083,57118500
2004-10-21,74.377352,74.733159,73.987975,74.679451,53218300
2004-10-22,74.645885,74.686164,73.753007,73.840279,48752400
2004-10-25,73.679174,73.92757,73.410638,73.753021,43990900
2004-10-26,73.934243,74.921107,73.766408,74.880829,54337400
2004-10-27,74.773459,75.928159,74.598916,75.780464,73896000
2004-10-28,75.7133,76.236942,75.518612,76.00869,54413300
2004-10-29,75.941582,76.290675,75.793887,75.995285,48820200
2004-11-01,76.236933,76.424906,75.995251,76.203369,36720900
2004-11-02,76.310782,76.914985,76.008682,76.230225,56210000
2004-11-03,77.223826,77.445368,76.693469,77.190262,76960200
2004-11-04,77.055979,78.324805,76.988847,78.244247,55350300
2004-11-05,78.579909,78.975995,78.203958,78.734314,63287200
2004-11-08,78.532906,78.70074,78.358358,78.620178,33863800
2004-11-09,78.60006,78.88202,78.385233,78.46579,44658100
2004-11-10,78.586671,78.915629,78.385273,78.526253,45265400
2004-11-11,78.667179,79.298237,78.613471,79.123688,37863200
2004-11-12,79.197536,79.889012,79.002848,79.748032,55583700
2004-11-15,79.789133,79.970929,79.607337,79.944,35297900
2004-11-16,79.694842,79.72851,79.270648,79.371643,40028700
2004-11-17,79.701559,80.220017,79.499559,79.842957,54494000
2004-11-18,79.809324,79.991125,79.607329,79.950722,31854300
2004-11-19,79.923769,79.937238,78.873382,79.061913,54276500
2004-11-22,78.893575,79.533238,78.79931,79.438972,37560200
2004-11-23,79.405329,79.627527,79.028268,79.560196,41968800
2004-11-24,79.634257,79.849721,79.486129,79.748726,29724800
2004-11-26,79.795837,80.112301,79.65444,79.688103,15487700
2004-11-29,79.984386,80.132518,79.10233,79.324524,61460800
2004-11-30,79.452461,79.614058,79.210064,79.378395,53685200
2004-12-01,79.560151,80.462405,79.519748,80.280609,49898300
2004-12-02,80.193125,80.711589,80.132528,80.347992,60163500
2004-12-03,80.334496,80.893357,80.186363,80.294098,49067900
2004-12-06,80.267159,80.556689,80.018026,80.267159,33030500
2004-12-07,80.455706,80.543241,79.479385,79.519783,52047200
2004-12-08,79.593875,80.004604,79.459212,79.984406,43895100
2004-12-09,79.5467,80.43549,79.270639,80.267159,60922800
2004-12-10,80.071926,80.502854,80.024793,80.347992,47828600
2004-12-13,80.637511,81.06844,80.361445,81.048241,38541000
2004-12-14,80.920295,81.445488,80.920295,81.331024,41500700
2004-12-15,81.270426,81.546492,81.007829,81.391624,46699200
2004-12-16,81.283908,81.634036,80.826047,81.344505,51641800
2004-12-17,80.815492,81.160512,80.612543,80.801964,70761900
2004-12-20,81.011664,81.376978,80.619289,80.822243,47187400
2004-12-21,80.910185,81.505514,80.815475,81.444626,33094200
2004-12-22,81.437816,81.911373,81.383699,81.64077,31500700
2004-12-23,81.769323,82.046687,81.627257,81.701668,25646100
2004-12-27,81.992572,82.100815,81.444603,81.532547,29944100
2004-12-28,81.61372,82.080511,81.58666,81.979034,23422900
2004-12-29,81.911409,82.127891,81.82346,82.10083,22650600
2004-12-30,82.127881,82.242885,81.884338,81.945221,21076900
2004-12-31,82.060254,82.303797,81.722001,81.769356,28648800
2005-01-03,82.236138,82.371442,81.11314,81.383743,55748000
2005-01-04,81.491963,81.546085,80.125422,80.389259,69167600
2005-01-05,80.328365,80.673385,79.827752,79.834518,65667300
2005-01-06,80.12542,80.605739,80.003649,80.240425,47814700
2005-01-07,80.483967,80.65986,79.915699,80.12542,55847700
2005-01-10,80.057776,80.815465,80.057776,80.504272,56563300
2005-01-11,80.260709,80.328358,79.820978,79.949516,63099700
2005-01-12,80.098405,80.396064,79.503075,80.213409,72720500
2005-01-13,80.260721,80.321609,79.489504,79.570686,55537500
2005-01-14,79.807443,80.186284,79.665377,79.990097,42032500
2005-01-18,79.861605,80.92372,79.79395,80.822243,57391700
2005-01-19,80.795142,80.856025,79.969804,79.97657,54378900
2005-01-20,79.753324,79.963039,79.347421,79.489487,72049300
2005-01-21,79.685691,79.827757,78.914475,79.002419,63160400
2005-01-24,79.212141,79.381268,78.725061,78.846832,58441900
2005-01-25,79.090368,79.46921,78.96183,79.070068,68245000
2005-01-26,79.367753,79.557174,79.178332,79.30687,57195100
2005-01-27,79.279809,79.658651,79.137743,79.442169,55878800
2005-01-28,79.482758,79.523352,78.887434,79.442169,60738900
2005-01-31,79.793964,79.996918,79.631604,79.936035,52532700
2005-02-01,79.996908,80.55841,79.895431,80.443405,49841200
2005-02-02,80.544854,80.903402,80.436616,80.68692,52468900
2005-02-03,80.544868,80.612523,80.213381,80.477219,48837100
2005-02-04,80.504229,81.471633,80.490702,81.336334,50024600
2005-02-07,81.349936,81.532591,81.153749,81.228165,45412000
2005-02-08,81.295792,81.620518,81.228143,81.322853,39263500
2005-02-09,81.464904,81.512259,80.673393,80.713982,55279400
2005-02-10,80.950789,81.194327,80.680185,81.004906,45858600
2005-02-11,80.977806,81.884327,80.815446,81.701668,53133000
2005-02-14,81.647536,81.762541,81.505471,81.64077,32432100
2005-02-15,81.721978,82.148175,81.640795,81.945221,43852700
2005-02-16,81.809938,82.168486,81.634045,81.999359,55523000
2005-02-17,82.01284,82.08049,81.329568,81.336334,58124000
2005-02-18,81.343149,81.505514,81.113139,81.444626,47723300
2005-02-22,81.113149,81.498758,80.22016,80.233688,80697600
2005-02-23,80.456904,80.889868,80.247189,80.808685,68292600
2005-02-24,80.666633,81.397261,80.490745,81.34314,68563600
2005-02-25,81.363451,82.310561,81.302568,82.148201,60899900
2005-02-28,81.958758,82.060235,81.207835,81.606972,69381300
2005-03-01,81.735516,82.209068,81.708455,82.012886,47294400
2005-03-02,81.694955,82.486467,81.620539,81.972321,64226500
2005-03-03,82.303783,82.466143,81.654333,82.006119,61230800
2005-03-04,82.567632,83.095306,82.391739,83.027657,56168500
2005-03-07,82.980301,83.379437,82.804408,83.068245,43442400
2005-03-08,82.987036,83.210285,82.608194,82.757027,44362000
2005-03-09,82.513497,82.729979,81.830224,81.83699,73263600
2005-03-10,81.992577,82.195531,81.451375,82.019638,65149000
2005-03-11,82.067011,82.344381,81.289032,81.444626,57976500
2005-03-14,81.593425,81.965506,81.370177,81.951973,36336400
2005-03-15,82.141417,82.168478,81.234901,81.27549,62438500
2005-03-16,80.977811,81.289009,80.436609,80.585442,74874200
2005-03-17,80.713998,81.004896,80.490755,80.747826,62584200
2005-03-18,80.895195,81.180443,80.243198,80.508072,60232000
2005-03-21,80.623534,80.671075,79.978331,80.209244,61244300
2005-03-22,80.392621,80.772951,79.394249,79.394249,92472400
2005-03-23,79.42819,79.951149,79.29236,79.462151,70817300
2005-03-24,79.774553,80.134508,79.502886,79.55722,51932500
2005-03-28,79.747392,80.10056,79.672684,79.672684,46765500
2005-03-29,79.557235,80.0734,78.952779,79.142944,71160300
2005-03-30,79.312712,80.277123,79.305919,80.263542,62002100
2005-03-31,80.270346,80.453718,80.053014,80.114136,64575400
2005-04-01,80.569206,80.813705,79.401049,79.754211,95255300
2005-04-04,79.706658,80.04624,79.285575,79.89003,71581200
2005-04-05,79.991896,80.399393,79.917187,80.270355,46853900
2005-04-06,80.446937,80.786519,80.263565,80.548813,53268200
2005-04-07,80.419765,80.997053,80.358638,80.983467,46734600
2005-04-08,80.93594,80.963107,80.141319,80.141319,63772900
2005-04-11,80.338282,80.426571,80.025867,80.202446,44945000
2005-04-12,80.066601,80.861221,79.509687,80.616722,86144800
2005-04-13,80.521659,80.684662,79.550455,79.665916,65949000
2005-04-14,79.733795,79.80171,78.626755,78.626755,96119800
2005-04-15,78.606418,78.918833,77.49259,77.52655,128677300
2005-04-18,77.506149,78.076643,77.39748,77.764229,100035200
2005-04-19,78.171734,78.463775,77.988362,78.382278,64930100
2005-04-20,78.361908,78.531699,77.119043,77.288834,107735900
2005-04-21,77.961192,78.925603,77.682732,78.789772,86952200
2005-04-22,78.606378,79.122543,77.608006,78.490921,88845800
2005-04-25,78.687918,79.122582,78.592836,79.007126,52284100
2005-04-26,78.755859,79.30598,78.205738,78.239693,72626000
2005-04-27,78.008756,78.830543,77.723508,78.545296,84131900
2005-04-28,78.287198,78.565658,77.560493,77.560493,72481500
2005-04-29,78.151366,78.694699,77.404287,78.613197,103993800
2005-05-02,78.830516,79.061435,78.456974,79.054642,56026400
2005-05-03,78.830527,79.360274,78.572447,79.190483,86000300
2005-05-04,79.224439,79.971518,78.973147,79.801727,81055700
2005-05-05,79.917213,80.141339,79.285591,79.77459,96906700
2005-05-06,80.093778,80.134526,79.502903,79.523277,67415400
2005-05-09,79.604776,80.19565,79.496112,80.019066,43750500
2005-05-10,79.706649,79.801731,79.047859,79.190483,74613500
2005-05-11,79.414621,79.733829,78.681123,79.62516,91647400
2005-05-12,79.679503,79.862875,78.749046,78.749046,95086800
2005-05-13,78.986728,79.20406,77.967982,78.592812,85267000
2005-05-16,78.579233,79.353479,78.552071,79.326317,49207000
2005-05-17,79.061429,79.937545,78.891638,79.856049,61071800
2005-05-18,80.202446,80.874822,80.148117,80.677864,77944900
2005-05-19,80.834056,81.098935,80.616724,81.017433,61768100
2005-05-20,81.051382,81.085342,80.643884,80.90197,46345500
2005-05-23,80.963104,81.526811,80.949523,81.350227,51047900
2005-05-24,81.119309,81.384182,80.956306,81.160057,50654100
2005-05-25,81.058185,81.411353,80.705022,81.098938,47608800
2005-05-26,81.357001,81.642248,81.241544,81.533585,43256200
2005-05-27,81.540391,81.669434,81.363812,81.669434,24596100
2005-05-31,81.553974,81.615096,81.092142,81.146477,43377200
2005-06-01,81.173635,82.124466,81.126094,81.839218,69611000
2005-06-02,81.65589,82.070175,81.567596,82.015846,39704500
2005-06-03,81.873199,82.104112,81.316284,81.601532,60999400
2005-06-06,81.465698,81.635488,81.194036,81.526825,36046400
2005-06-07,81.764513,82.348594,81.506432,81.587929,66501300
2005-06-08,81.791685,81.900349,81.275519,81.438522,46881200
2005-06-09,81.323068,81.893568,81.119322,81.825653,56653300
2005-06-10,81.880005,81.941133,81.228008,81.635506,36465300
2005-06-13,81.45889,82.233137,81.370596,81.893555,49383200
2005-06-14,81.805288,82.314661,81.757747,82.083748,33857100
2005-06-15,82.287468,82.341797,81.655846,82.239922,53195600
2005-06-16,82.219552,82.613468,82.124469,82.45047,46564500
2005-06-17,82.878725,83.124211,82.660515,82.755981,51529400
2005-06-20,82.565024,83.083268,82.469558,82.783234,41019400
2005-06-21,82.851435,82.953721,82.530939,82.830978,39879800
2005-06-22,82.97418,83.151477,82.558218,82.89917,46310100
2005-06-23,82.728689,82.919621,81.712652,81.733109,62185600
2005-06-24,81.746744,81.835395,81.037562,81.133034,58572500
2005-06-27,81.126196,81.426236,80.976177,81.24894,48183800
2005-06-28,81.419434,81.992231,81.398978,81.930862,41174200
2005-06-29,82.080922,82.101378,81.664959,81.712692,42316500
2005-06-30,81.978622,82.046811,81.112599,81.26944,62288800
2005-07-01,81.453511,81.692181,81.289855,81.508064,49737500
2005-07-05,81.317144,82.271812,81.276231,82.162704,51549000
2005-07-06,82.094514,82.271811,81.426251,81.473984,52363600
2005-07-07,80.662505,81.794464,80.642049,81.794464,103268800
2005-07-08,81.808136,82.728706,81.63766,82.728706,64491200
2005-07-11,82.735489,83.260553,82.721848,83.151451,49688300
2005-07-12,83.185565,83.621984,82.946899,83.369682,51871100
2005-07-13,83.376496,83.546972,83.185564,83.485603,41182300
2005-07-14,83.860645,84.174321,83.526508,83.812912,63638800
2005-07-15,83.731067,83.901544,83.437848,83.76516,56075900
2005-07-18,83.53334,83.621986,83.226485,83.431053,56598400
2005-07-19,83.676543,83.949306,83.471975,83.887932,59165700
2005-07-20,83.594724,84.3721,83.396976,84.174347,69477000
2005-07-21,84.24937,84.290283,83.512911,83.683388,101110900
2005-07-22,83.792433,84.256128,83.621957,84.242493,52607100
2005-07-25,84.153903,84.522127,83.772033,84.003883,57301600
2005-07-26,84.031105,84.235673,83.840167,84.10611,42758800
2005-07-27,84.215241,84.481184,83.908386,84.412994,43181600
2005-07-28,84.528923,84.992618,84.310714,84.944885,47880700
2005-07-29,84.835763,84.985778,84.215228,84.378883,62358100
2005-08-01,84.440263,84.583463,84.181136,84.31752,40418200
2005-08-02,84.467586,84.965374,84.378935,84.822174,45147400
2005-08-03,84.726646,85.060778,84.638,85.047142,36837200
2005-08-04,84.713061,84.767609,84.263001,84.365288,50855600
2005-08-05,84.181151,84.542565,83.649266,83.792465,53595500
2005-08-08,83.97658,84.153877,83.451511,83.635628,47616000
2005-08-09,83.915176,84.276584,83.785617,84.140205,47170000
2005-08-10,84.433413,84.897108,83.751509,84.099281,72863700
2005-08-11,84.058407,84.576656,83.881115,84.433456,58570200
2005-08-12,84.262995,84.344826,83.703833,83.915222,54776900
2005-08-15,84.024315,84.467554,83.758372,84.433456,36208500
2005-08-16,84.174316,84.228865,83.253741,83.335571,71942100
2005-08-17,83.321958,83.785654,83.212851,83.328773,62275100
2005-08-18,83.226448,83.574216,83.083244,83.321915,53388600
2005-08-19,83.622003,83.751567,83.328784,83.512901,39842100
2005-08-22,83.587911,84.031151,83.110575,83.512901,69912000
2005-08-23,83.533345,83.608355,82.612775,83.356049,55168600
2005-08-24,83.151476,83.690181,82.571852,82.61277,79104600
2005-08-25,82.749148,82.967357,82.653682,82.912804,35631100
2005-08-26,82.837782,82.844597,82.292256,82.346809,61956800
2005-08-29,82.108173,83.042379,82.087711,82.98101,56179200
2005-08-30,82.680935,82.715032,82.094496,82.544556,74160200
2005-08-31,82.640058,83.64246,82.333198,83.587906,102945200
2005-09-01,83.546984,83.976587,82.605957,83.526527,74578700
2005-09-02,83.772017,83.792473,83.219675,83.376511,47653400
2005-09-06,83.642462,84.419833,83.635642,84.351639,57251300
2005-09-07,84.30389,84.644842,84.187967,84.494827,41749700
2005-09-08,84.32434,84.556185,84.085669,84.215233,39068700
2005-09-09,84.44026,85.060791,84.419804,84.965324,43093900
2005-09-12,84.863058,85.013078,84.740315,84.794868,33017600
2005-09-13,84.644855,84.842608,84.228892,84.324364,58427500
2005-09-14,84.378895,84.501638,83.887923,84.017487,57694600
2005-09-15,84.276651,84.317568,83.80614,83.976616,73156900
2005-09-16,84.436756,84.738068,84.142288,84.573715,75424100
2005-09-19,84.553168,84.607954,83.984777,84.292938,53355300
2005-09-20,84.368251,84.649024,83.457461,83.580727,84480300
2005-09-21,83.402693,83.457479,82.711036,82.800064,94469100
2005-09-22,82.827454,83.313672,82.478206,83.094528,84597200
2005-09-23,83.026076,83.471202,82.793243,83.16304,59368100
2005-09-26,83.560215,83.710874,82.9165,83.258904,70415400
2005-09-27,83.217801,83.539662,82.875398,83.23835,66150800
2005-09-28,83.498585,83.6287,82.998673,83.320534,58620500
2005-09-29,83.238345,84.135441,82.916485,83.998482,66607700
2005-09-30,83.971102,84.25872,83.368469,84.25872,47824200
2005-10-03,84.203921,84.464146,83.854668,83.95739,50994800
2005-10-04,84.087515,84.251867,82.97128,83.012367,60776300
2005-10-05,83.032913,83.074,81.882436,81.923523,106052100
2005-10-06,82.026241,82.354951,80.9237,81.629051,140941800
2005-10-07,81.971474,82.21116,81.581133,81.909843,75661400
2005-10-10,81.957756,81.978299,81.012723,81.218163,52677000
2005-10-11,81.485267,81.759191,81.026447,81.101776,75629800
2005-10-12,81.07436,81.581116,80.403252,80.464882,100510400
2005-10-13,80.43749,80.862072,80.0403,80.416946,99052900
2005-10-14,80.889472,81.361986,80.505976,81.266113,88651000
2005-10-17,81.355148,81.677003,81.115461,81.567436,68109300
2005-10-18,81.451,81.464693,80.67032,80.684013,74996900
2005-10-19,80.46487,82.039929,80.204645,82.02623,116563800
2005-10-20,81.827617,82.046755,80.327893,80.581268,131966700
2005-10-21,81.005873,81.341427,80.471724,80.896301,96579500
2005-10-24,81.108608,82.238536,81.088065,82.149513,71308400
2005-10-25,81.985153,82.341251,81.451004,81.985153,76594500
2005-10-26,81.841379,82.54673,81.622241,81.745506,80855800
2005-10-27,81.629058,81.745479,80.759355,80.875771,66623100
2005-10-28,81.101759,82.142664,80.875772,82.039948,72322000
2005-10-31,82.375494,83.067151,82.265923,82.265923,77698900
2005-11-01,82.574117,82.793255,82.327586,82.512482,66365100
2005-11-02,82.293323,83.37532,82.26593,83.37532,74012300
2005-11-03,83.649256,83.99851,83.375332,83.73143,84897600
2005-11-04,83.820421,83.861508,83.238336,83.621826,59156000
2005-11-07,83.799913,83.971115,83.44381,83.704041,46765400
2005-11-08,83.498596,83.83415,83.402723,83.704041,42152800
2005-11-09,83.601325,84.197105,83.450667,83.813614,57666800
2005-11-10,83.77938,84.587453,83.375346,84.464188,79048100
2005-11-11,84.470996,84.806551,83.840975,84.75177,34867000
2005-11-14,84.77233,84.929832,84.491556,84.70385,45092200
2005-11-15,84.60797,84.977761,84.135451,84.395676,69592500
2005-11-16,84.484698,84.607964,84.217624,84.566872,51133000
2005-11-17,84.696994,85.361258,84.327197,85.354408,55717500
2005-11-18,85.642051,85.792709,85.142144,85.689987,72437200
2005-11-21,85.703658,86.224113,85.587242,86.121391,50021200
2005-11-22,85.984434,86.641849,85.888562,86.491196,66438800
2005-11-23,86.45697,87.25135,86.429577,86.991119,50854700
2005-11-25,86.956884,87.121236,86.840463,87.059601,15270000
2005-11-28,87.141746,87.15544,86.31313,86.443245,54498500
2005-11-29,86.730854,86.956842,86.347359,86.347359,51738900
2005-11-30,86.395312,86.641838,85.799527,85.881706,56007200
2005-12-01,86.29946,86.991118,86.272073,86.758286,65468200
2005-12-02,86.81302,87.025313,86.628124,86.867805,46699400
2005-12-05,86.765126,86.785675,86.409029,86.682953,59273400
2005-12-06,87.004821,87.477335,86.717198,86.847313,57935200
2005-12-07,86.813044,86.881529,86.066606,86.34053,66816500
2005-12-08,86.436379,86.847263,85.929623,86.285721,62608600
2005-12-09,86.395326,86.819903,86.162488,86.511742,50744500
2005-12-12,86.771954,86.874676,86.258348,86.593903,48389900
2005-12-13,86.573375,87.449928,86.484352,87.182854,88630900
2005-12-14,87.100684,87.717006,87.066441,87.525261,64375000
2005-12-15,87.545785,87.655356,87.093814,87.271866,55900300
2005-12-16,87.62439,87.679466,86.991028,86.991028,46238300
2005-12-19,87.245728,87.342108,86.529752,86.543518,48733000
2005-12-20,86.646797,87.149353,86.385192,86.626144,46603200
2005-12-21,86.894606,87.266363,86.605464,86.763802,51806900
2005-12-22,86.956545,87.218155,86.798208,87.218155,32247900
2005-12-23,87.280116,87.335193,87.032278,87.26635,27977300
2005-12-27,87.404059,87.466021,86.316326,86.378288,44499500
2005-12-28,86.564136,86.736246,86.398913,86.571022,30764300
2005-12-29,86.550395,86.715619,86.096024,86.185524,32788900
2005-12-30,85.917032,86.096022,85.614118,85.717384,44645600
2006-01-03,86.185507,87.431578,85.634755,87.225044,73256700
2006-01-04,87.335201,87.768915,87.225048,87.638115,51899600
2006-01-05,87.534861,87.83777,87.34898,87.693199,47307500
2006-01-06,88.133785,88.519309,87.679414,88.422928,62885900
2006-01-09,88.409151,88.849751,88.381618,88.650108,43527400
2006-01-10,88.388502,88.794677,88.299001,88.739601,44960800
2006-01-11,88.822216,89.111358,88.622563,89.021858,49598900
2006-01-12,88.863553,89.001239,88.422954,88.670792,40509200
2006-01-13,88.51247,88.739645,88.257741,88.588188,44856700
2006-01-17,88.257713,88.409171,87.989223,88.347214,52066600
2006-01-18,87.830901,88.739633,87.541758,87.996124,75067600
2006-01-19,88.209521,88.650121,87.989216,88.333435,81530400
2006-01-20,88.312785,88.333438,86.722496,86.722496,114957800
2006-01-23,86.887716,87.307664,86.83264,87.032288,67017400
2006-01-24,87.176882,87.534873,87.032311,87.121811,53008800
2006-01-25,87.459091,87.555472,86.632963,87.197487,87747700
2006-01-26,87.603692,87.892834,87.266359,87.67942,71294000
2006-01-27,87.88595,88.574388,87.741373,88.491768,65771200
2006-01-30,88.422928,88.677646,88.360971,88.422928,33709600
2006-01-31,88.340311,88.491758,87.768902,87.775787,72937000
2006-02-01,87.99608,88.416022,87.927237,88.388489,63561000
2006-02-02,88.188852,88.216385,87.293882,87.362724,83626900
2006-02-03,87.142458,88.388529,86.839544,86.929039,86040400
2006-02-06,87.046065,87.293903,86.860183,87.156212,45511900
2006-02-07,87.004775,87.197542,86.330109,86.385185,71208100
2006-02-08,86.639875,88.188865,86.467766,87.169975,59422200
2006-02-09,87.376513,87.844651,86.997875,87.025414,62023300
2006-02-10,87.039167,87.521072,86.364496,87.183739,64508700
2006-02-13,87.156213,87.287018,86.708728,87.025414,52308700
2006-02-14,87.059859,88.140706,86.88775,87.947945,90964400
2006-02-15,87.899728,88.340333,87.596814,88.257713,85471300
2006-02-16,88.354071,88.953018,88.243918,88.918594,61017900
2006-02-17,88.842895,88.918623,88.519328,88.677666,40342600
2006-02-21,88.884218,89.08386,88.319694,88.45739,46456300
2006-02-22,88.650151,89.255969,88.567531,88.99437,42326700
2006-02-23,88.994345,89.249064,88.312788,88.863541,43423200
2006-02-24,88.884203,89.138922,88.643246,89.090736,36777400
2006-02-27,89.083868,89.524468,89.001259,89.125183,35858600
2006-02-28,88.946144,89.434939,88.209521,88.278358,74394800
2006-03-01,88.533097,89.145806,88.464249,89.063187,48641600
2006-03-02,88.739611,89.097602,88.539969,89.056297,60642300
2006-03-03,88.581293,89.545112,88.567521,88.64325,73402500
2006-03-06,88.904861,88.932394,88.016776,88.237076,57478400
2006-03-07,88.023652,88.161337,87.706971,88.09938,61780800
2006-03-08,87.913501,88.422949,87.555515,88.285263,66692400
2006-03-09,88.312794,88.588165,87.693199,87.693199,56313600
2006-03-10,87.920376,88.698309,87.7345,88.526199,60490800
2006-03-13,88.698294,88.9186,88.484881,88.691414,45479100
2006-03-14,88.608833,89.655251,88.539985,89.620827,69877300
2006-03-15,89.600179,90.088974,89.393656,90.020126,53398900
2006-03-16,90.192207,90.508893,90.075174,90.205978,65526400
2006-03-17,90.32281,90.47487,90.115466,90.281342,47286800
2006-03-20,90.295144,90.474846,89.997944,90.136177,45538500
2006-03-21,90.108497,90.537033,89.472618,89.569382,87102700
2006-03-22,89.514111,90.205286,89.472642,90.11544,51605700
2006-03-23,90.032467,90.122323,89.617768,89.928795,46704200
2006-03-24,89.845888,90.246771,89.673094,89.997948,43209200
2006-03-27,89.873546,90.04634,89.67311,89.866638,32523000
2006-03-28,89.804403,90.219113,89.196176,89.313675,82079900
2006-03-29,89.444972,90.19835,89.362024,89.873497,61505700
2006-03-30,89.928824,90.530143,89.541768,89.714561,70571700
2006-03-31,89.866654,90.018713,89.417383,89.735329,62925600
2006-04-03,89.901183,90.454115,89.500301,89.666176,61624700
2006-04-04,89.666169,90.357344,89.410437,90.239845,54809300
2006-04-05,90.274407,90.737493,90.11544,90.550873,50607200
2006-04-06,90.440293,90.689117,89.984115,90.454109,57906200
2006-04-07,90.585425,90.820422,89.403521,89.534836,80180900
2006-04-10,89.673096,89.908093,89.341324,89.673096,41496500
2006-04-11,89.749138,89.894279,88.643253,88.912811,72799400
2006-04-12,89.002629,89.251453,88.892039,89.078659,43033700
2006-04-13,88.878256,89.334435,88.684728,88.961205,51051800
2006-04-17,89.044134,89.375896,88.484284,88.926636,64167700
2006-04-18,89.113241,90.50251,89.113241,90.336624,92531800
2006-04-19,90.371166,90.592348,90.018671,90.509399,87269000
2006-04-20,90.543963,91.138375,90.267498,90.63382,86005500
2006-04-21,91.020892,91.090004,90.28133,90.647652,72342600
2006-04-24,90.467916,90.592333,90.115421,90.481743,52546400
2006-04-25,90.571622,90.626917,89.797509,90.108536,84359800
2006-04-26,90.198379,90.640731,90.060146,90.129257,67262400
2006-04-27,89.783673,90.979414,89.569411,90.564705,124478600
2006-04-28,90.398815,91.062348,90.343531,90.86882,55854400
2006-05-01,90.86882,91.096909,90.073972,90.129257,64990300
2006-05-02,90.550853,90.86189,90.364243,90.806595,49063500
2006-05-03,90.64762,90.765129,90.1638,90.467918,60821300
2006-05-04,90.599273,90.972503,90.523243,90.792801,42921400
2006-05-05,91.26969,91.788072,91.131457,91.594543,62588200
2006-05-08,91.58765,91.767363,91.483978,91.483978,30016700
2006-05-09,91.52541,91.767325,91.44938,91.663643,29864000
2006-05-10,91.518524,91.753521,91.15911,91.615288,64378200
2006-05-11,91.587631,91.615284,90.212199,90.509399,80626900
2006-05-12,90.101628,90.350451,89.292954,89.327515,91726500
2006-05-15,89.016463,89.673088,88.892057,89.507202,84029300
2006-05-16,89.686874,89.852759,89.168492,89.375847,62137600
2006-05-17,88.933529,89.23074,87.620295,87.675591,144789500
2006-05-18,88.021162,88.297633,87.164106,87.233223,87906300
2006-05-19,87.689406,88.117931,86.949849,87.848373,124309400
2006-05-22,87.281618,87.896763,86.742502,87.17794,110852800
2006-05-23,87.903668,88.214695,86.514404,86.514404,92006500
2006-05-24,86.8669,87.703221,86.23102,87.205574,168405000
2006-05-25,87.723996,88.283852,87.385321,88.283852,78977900
2006-05-26,88.477366,88.733109,88.131784,88.733109,62989700
2006-05-30,88.449719,88.470453,87.122663,87.157219,72419900
2006-05-31,87.516652,88.131798,87.226354,88.131798,86926200
2006-06-01,88.041905,89.120142,87.965876,88.974991,73721700
2006-06-02,89.33443,89.458837,88.691642,89.161636,91702600
2006-06-05,89.057949,89.064857,87.620298,87.862213,86105100
2006-06-06,87.924428,88.041927,86.922226,87.647957,130498600
2006-06-07,87.717062,88.22853,86.942943,86.991325,108599400
2006-06-08,86.797792,87.433672,85.615883,86.915291,204957200
2006-06-09,87.336921,87.751625,86.597363,86.638832,94972200
2006-06-12,87.005158,87.039719,85.581339,85.698837,95815900
2006-06-13,85.526078,86.28637,84.703583,84.703583,185688800
2006-06-14,84.903983,85.450012,84.558395,85.360161,163566400
2006-06-15,85.671181,87.336916,85.608978,87.171036,134057000
2006-06-16,86.98015,87.16759,86.403937,86.535843,94253500
2006-06-19,87.056497,87.112037,85.772172,85.855476,95804400
2006-06-20,86.091499,86.64688,85.890172,86.147034,65494700
2006-06-21,86.08457,87.264759,86.0568,86.785744,75008200
2006-06-22,86.744079,86.820445,86.112332,86.403908,74566100
2006-06-23,86.313641,86.987045,86.10537,86.390007,54107000
2006-06-26,86.459426,86.820424,86.258099,86.771828,37899600
2006-06-27,86.785739,86.980123,85.92489,86.022087,69780200
2006-06-28,86.216457,86.619107,85.841572,86.605225,62368100
2006-06-29,86.917664,88.410261,86.896838,88.354721,110634800
2006-06-30,88.542142,88.625452,88.139487,88.361641,54227800
2006-07-03,88.465789,88.868439,88.38248,88.722656,23914000
2006-07-05,88.368575,88.479649,87.834014,88.215843,69653400
2006-07-06,88.306098,88.757349,88.222794,88.472717,50100300
2006-07-07,88.299177,88.556039,87.674369,87.896523,81626500
2006-07-10,88.125594,88.465765,87.757653,88.06311,60964100
2006-07-11,87.896518,88.451904,87.431385,88.451904,73640800
2006-07-12,88.271373,88.444931,87.278624,87.507721,82561300
2006-07-13,87.091212,87.250887,86.084579,86.084579,102405700
2006-07-14,86.174816,86.265069,85.27232,85.751335,103242500
2006-07-17,85.751343,86.153998,85.494481,85.626381,81159000
2006-07-18,85.883257,86.119299,84.966873,86.063759,122771000
2006-07-19,86.209531,87.653531,85.890185,87.25782,133565300
2006-07-20,87.55634,87.681301,86.542764,86.660782,112259800
2006-07-21,86.882945,86.910715,85.959618,86.049866,101560000
2006-07-24,86.390035,87.695186,86.390035,87.61882,92884000
2006-07-25,87.459137,88.37552,87.278635,87.931213,95480700
2006-07-26,87.882606,88.479644,87.597974,88.049225,84525800
2006-07-27,88.43106,88.646275,87.611868,87.965927,87257100
2006-07-28,88.195055,88.958708,88.070093,88.847633,82137000
2006-07-31,88.625439,88.833705,88.479646,88.757339,49593100
2006-08-01,88.403319,88.431089,87.88959,88.320015,65225600
2006-08-02,88.569908,89.180834,88.549081,88.917023,64770900
2006-08-03,88.403276,89.243299,88.271376,89.153046,63693800
2006-08-04,89.611231,89.854205,88.500464,89.000305,96294200
2006-08-07,88.792053,88.917015,88.444938,88.792053,45377300
2006-08-08,88.923976,89.180848,88.132554,88.451904,90901300
2006-08-09,88.986474,89.27806,87.896537,88.153404,78910600
2006-08-10,87.875675,88.514366,87.667404,88.424118,69322300
2006-08-11,88.285261,88.306087,87.743762,88.174187,47482200
2006-08-14,88.604596,88.972543,88.111694,88.243599,57839000
2006-08-15,89.035032,89.465452,88.792053,89.298843,68143000
2006-08-16,89.777879,90.173585,89.583485,90.041679,71737600
2006-08-17,89.958343,90.50678,89.895865,90.270744,70992800
2006-08-18,90.381858,90.728973,89.965316,90.728973,58288400
2006-08-21,90.374898,90.444325,90.111097,90.340195,42133600
2006-08-22,90.243017,90.610958,90.027797,90.33326,60839900
2006-08-23,90.374919,90.555426,89.687638,90.083344,66592100
2006-08-24,90.243004,90.31937,89.8334,90.006958,57983000
2006-08-25,90.000032,90.423513,89.937554,90.11805,41756000
2006-08-28,90.007001,90.81926,90.000062,90.5485,52681500
2006-08-29,90.590117,90.826153,90.118035,90.652596,61817800
2006-08-30,90.853928,90.971945,90.631779,90.708145,50052200
2006-08-31,90.840037,90.937229,90.652592,90.694244,37510300
2006-09-01,91.041387,91.346851,90.833116,91.235771,48794500
2006-09-05,91.29823,91.534276,91.08302,91.409309,52348300
2006-09-06,91.020523,91.055237,90.479025,90.603981,53795600
2006-09-07,90.291585,90.645649,89.798687,90.187454,86269400
2006-09-08,90.305469,90.56928,90.131912,90.444313,45096300
2006-09-11,90.152748,90.72896,89.888937,90.534576,68496600
2006-09-12,90.638711,91.527325,90.506806,91.423195,69875600
2006-09-13,91.388475,91.9508,91.305171,91.79113,62898400
2006-09-14,91.610676,91.80506,91.464883,91.798111,57805400
2006-09-15,92.257608,92.313392,91.818316,92.013565,76703100
2006-09-18,91.895,92.313374,91.797381,92.139053,64154100
2006-09-19,92.125076,92.132056,91.392937,91.90892,92089100
2006-09-20,92.215729,92.578319,92.083243,92.397018,75204100
2006-09-21,92.466753,92.564373,91.636984,91.95076,88932500
2006-09-22,91.811337,91.818306,91.344158,91.671883,65966800
2006-09-25,91.853166,92.634131,91.379019,92.376129,92299100
2006-09-26,92.390022,93.157038,92.32029,93.143089,73962700
2006-09-27,93.080371,93.415064,92.926968,93.254692,82432200
2006-09-28,93.254723,93.429043,92.933967,93.219856,58597500
2006-09-29,93.296492,93.394112,93.073357,93.143089,47966600
2006-10-02,93.115239,93.317457,92.703844,92.794495,51687400
2006-10-03,92.661999,93.345334,92.494647,92.989723,73108100
2006-10-04,92.899111,94.133306,92.794523,94.077522,80890500
2006-10-05,94.077484,94.419157,93.958947,94.258774,60505900
2006-10-06,94.098385,94.202984,93.714877,94.140221,64983600
2006-10-09,94.028666,94.342441,93.882231,94.196007,41176800
2006-10-10,94.202996,94.447039,94.021696,94.321533,56403700
2006-10-11,94.021737,94.433132,93.645209,94.210007,104071800
2006-10-12,94.447071,95.10252,94.412205,95.025818,59158600
2006-10-13,94.942112,95.32562,94.858431,95.269836,53944000
2006-10-16,95.193135,95.562694,95.123402,95.41626,42273000
2006-10-17,95.15829,95.318663,94.600461,95.116455,90500600
2006-10-18,95.555742,95.785847,94.900304,95.241966,86848600
2006-10-19,95.102513,95.444185,94.990945,95.39537,64063200
2006-10-20,95.41626,95.492961,95.060649,95.41626,48094500
2006-10-23,95.221022,96.085657,95.102485,95.855553,66219900
2006-10-24,95.723097,96.176328,95.681262,96.141472,53234900
2006-10-25,96.043864,96.511043,95.883481,96.469208,78105400
2006-10-26,96.68538,96.922454,96.211221,96.769051,66843700
2006-10-27,96.650465,96.748084,95.96713,96.162369,80238000
2006-10-30,95.988094,96.364622,95.806793,96.092682,49717800
2006-10-31,96.273939,96.406414,95.702161,96.07869,71274100
2006-11-01,96.378551,96.441304,95.332625,95.430244,83005600
2006-11-02,95.186189,95.534831,95.0816,95.374458,60693100
2006-11-03,95.71614,95.799811,94.565615,95.207115,71346400
2006-11-06,95.499983,96.420392,95.493003,96.280937,63303300
2006-11-07,96.364586,96.908466,96.225131,96.650475,63318900
2006-11-08,96.225149,96.957299,95.430246,96.85968,87517800
2006-11-09,96.929371,97.020021,96.155386,96.350624,95916300
2006-11-10,96.322746,96.462201,96.029889,96.392479,48991500
2006-11-13,96.350681,96.950345,96.27399,96.629601,59398200
2006-11-14,96.901506,97.438418,96.308811,97.354736,96704000
2006-11-15,97.319876,97.933479,97.291979,97.633652,76509600
2006-11-16,97.926486,98.093828,97.264069,97.884651,76728800
2006-11-17,97.570894,97.919536,97.43144,97.912567,56353800
2006-11-20,97.828899,98.135705,97.577876,97.968353,69174200
2006-11-21,97.961375,98.086881,97.82191,98.065964,51367900
2006-11-22,98.142671,98.428559,97.96835,98.261208,45505300
2006-11-24,97.787076,98.205439,97.759178,97.863777,30998000
2006-11-27,97.814923,97.863737,96.490088,96.517975,84545100
2006-11-28,96.39249,97.03399,96.30184,96.936371,106652900
2006-11-29,97.250157,97.989276,96.978217,97.947441,90034900
2006-11-30,97.926505,98.351848,97.452346,97.989258,83994300
2006-12-01,97.98925,98.079901,96.90149,97.773094,126080000
2006-12-04,97.79404,98.700511,97.780092,98.519211,87813200
2006-12-05,98.707415,98.986334,98.498228,98.944489,73374400
2006-12-06,98.923593,99.063058,98.665601,98.86084,53253200
2006-12-07,99.035215,99.223484,98.393715,98.428581,62857400
2006-12-08,98.40761,98.944511,98.163557,98.609818,79625500
2006-12-11,98.609848,99.077027,98.554064,98.895737,39779400
2006-12-12,98.798159,98.923665,98.24033,98.819077,77451600
2006-12-13,99.174645,99.251346,98.707466,98.923622,55520200
2006-12-14,98.916654,99.878908,98.902705,99.795227,64755200
2006-12-15,100.014689,100.189981,99.734226,99.804337,70857400
2006-12-18,99.944578,100.182984,99.39066,99.530891,48954600
2006-12-19,99.250418,99.958594,98.997997,99.7202,65023600
2006-12-20,99.762279,100.028727,99.572961,99.664116,41469600
2006-12-21,99.755273,99.867452,99.089165,99.299507,48698400
2006-12-22,99.313493,99.3205,98.633358,98.689453,62069100
2006-12-26,98.731559,99.292496,98.710524,99.271461,32696900
2006-12-27,99.474798,99.986659,99.446756,99.923546,39727100
2006-12-28,99.853412,100.056746,99.558923,99.713181,37288800
2006-12-29,99.608023,99.944581,99.166283,99.299507,45461200
2007-01-03,99.741246,100.168959,98.563288,99.124214,94807600
2007-01-04,99.026048,99.601012,98.591327,99.334564,69620600
2007-01-05,99.09615,99.145226,98.430042,98.542221,76645300
2007-01-08,98.738572,99.152259,98.338901,98.998001,71655000
2007-01-09,99.082138,99.285483,98.444072,98.913864,75680100
2007-01-10,98.5703,99.264461,98.373973,99.243416,72428000
2007-01-11,99.271452,100.000663,99.215357,99.678131,54476800
2007-01-12,99.67115,100.435432,99.643108,100.435432,55370600
2007-01-16,100.316234,100.575663,100.077829,100.239105,44871300
2007-01-17,100.161946,100.589659,100.077798,100.281143,50241400
2007-01-18,100.386297,100.449399,99.783291,99.944557,68177300
2007-01-19,99.94457,100.337234,99.888486,100.140907,56973000
2007-01-22,100.316198,100.337232,99.516855,99.83239,60253600
2007-01-23,99.74824,100.323203,99.608008,100.126877,54064400
2007-01-24,100.246085,100.954262,100.204017,100.933228,55834700
2007-01-25,100.870142,100.912211,99.572976,99.748268,73583800
2007-01-26,99.965597,100.021682,99.271437,99.657082,67255600
2007-01-29,99.699161,100.126874,99.383637,99.600998,66114600
2007-01-30,99.81136,100.168952,99.608015,100.119865,70407600
2007-01-31,100.007679,101.059431,99.846402,100.792984,91868600
2007-02-01,101.073431,101.431034,100.905157,101.395973,69312400
2007-02-02,101.480084,101.634342,101.234681,101.536179,49607000
2007-02-05,101.459104,101.627388,101.206682,101.564285,45705300
2007-02-06,101.648395,101.690464,101.199648,101.5923,57081300
2007-02-07,101.753568,101.921852,101.367934,101.816681,55669700
2007-02-08,101.515195,101.75359,101.157603,101.683479,70641000
2007-02-09,101.711483,101.900802,100.540533,100.926178,79084400
2007-02-12,100.926233,100.996344,100.400357,100.582657,65657000
2007-02-13,100.807006,101.599319,100.799987,101.431046,64081800
2007-02-14,101.529208,102.300487,101.515182,102.097153,66039400
2007-02-15,102.139283,102.335609,101.970998,102.230438,38715200
2007-02-16,101.977948,102.202316,101.830698,102.181282,39841800
2007-02-20,102.062146,102.510894,101.669494,102.398705,56911800
2007-02-21,102.097192,102.419734,101.914892,102.356621,63971600
2007-02-22,102.405658,102.665087,101.788626,102.279442,79067400
2007-02-23,102.188376,102.223426,101.690541,101.87986,71966200
2007-02-26,102.251394,102.335531,101.494131,101.78862,69192800
2007-02-27,100.884156,101.108525,97.46245,97.813034,274466500
2007-02-28,98.437063,99.551918,98.023376,98.815689,177536300
2007-03-01,97.700821,99.040055,96.796318,98.521187,212828600
2007-03-02,98.198642,98.626355,97.224018,97.231026,162574000
2007-03-05,96.712157,97.869091,96.291462,96.305489,143750400
2007-03-06,97.308211,98.247775,96.564974,97.953285,143333300
2007-03-07,97.876137,98.486161,97.742913,97.855103,115144900
2007-03-08,98.54223,98.976962,98.212691,98.682472,117891600
2007-03-09,99.082167,99.159296,98.219732,98.710548,107765100
2007-03-12,98.458117,99.103191,98.275817,98.857788,80366900
2007-03-13,98.289758,98.703455,96.789258,96.936508,190605200
2007-03-14,97.062747,97.71484,95.884789,97.658745,231853800
2007-03-15,97.441415,98.156611,97.322218,97.792,132435900
2007-03-16,98.06723,98.292499,97.229528,97.51815,121531600
2007-03-19,98.032042,98.785273,97.954607,98.693756,96161200
2007-03-20,98.609272,99.292104,98.524801,99.235786,82147400
2007-03-21,99.327286,101.122349,99.130181,100.868927,152368700
2007-03-22,101.002744,101.143532,100.517017,100.791557,118942200
2007-03-23,100.861904,101.234996,100.770387,100.939339,74416800
2007-03-26,101.016752,101.12234,100.024181,100.805565,113787500
2007-03-27,100.7493,100.777464,100.235419,100.566277,99864600
2007-03-28,100.059411,100.291715,99.439931,99.834152,152907900
2007-03-29,100.340973,100.390255,99.390648,99.939728,139432700
2007-03-30,100.129798,100.552161,98.947157,99.960846,128194100
2007-04-02,100.073486,100.284673,99.594795,100.073486,79416400
2007-04-03,100.643691,101.354676,100.601456,101.150536,82417800
2007-04-04,101.150526,101.333549,100.777434,101.263161,63995200
2007-04-05,101.136486,101.67853,101.094251,101.537743,46822800
2007-04-09,101.826328,101.931927,101.474353,101.678505,50967400
2007-04-10,101.601029,101.967086,101.558794,101.798134,56620000
2007-04-11,101.946013,101.974166,101.044947,101.382851,106365700
2007-04-12,101.185742,102.016397,100.904155,101.833374,115534400
2007-04-13,102.002252,102.29792,101.622124,102.29792,84287000
2007-04-16,102.656969,103.382036,102.649933,103.269402,83064600
2007-04-17,103.45949,103.762183,103.234221,103.543961,108424100
2007-04-18,103.199047,103.973386,103.17793,103.670692,88345300
2007-04-19,103.163821,103.762172,103.030069,103.642502,102947700
2007-04-20,104.339427,104.621002,103.50876,104.621002,124114100
2007-04-23,104.444976,104.698398,104.1634,104.226753,77270800
2007-04-24,104.346417,104.466087,103.705831,104.268982,114471000
2007-04-25,104.698455,105.353134,104.198657,105.226418,108418800
2007-04-26,105.233453,105.451676,104.958913,105.346077,88741600
2007-04-27,104.951849,105.409423,104.775862,105.261589,108191100
2007-04-30,105.339031,105.40943,104.332388,104.388695,100874100
2007-05-01,104.480232,105.219381,103.95227,104.656219,134342700
2007-05-02,104.818104,105.557253,104.712515,105.268631,87129800
2007-05-03,105.571325,105.874018,105.402373,105.838829,86569700
2007-05-04,106.120427,106.380885,105.747334,106.240097,96409000
2007-05-07,106.211937,106.437195,106.162655,106.261208,63461400
2007-05-08,106.000714,106.240054,105.683939,106.120384,80584000
2007-05-09,106.042955,107.577571,105.852886,106.409012,102070100
2007-05-10,106.106344,106.310496,105.078584,105.296806,153617800
2007-05-11,105.416484,106.247139,105.395366,106.197868,113408900
2007-05-14,106.197866,106.507605,105.444634,105.965561,108027500
2007-05-15,106.085204,106.761001,105.726194,105.993698,180673300
2007-05-16,106.155634,106.739913,105.859976,106.718796,114166500
2007-05-17,106.56387,106.972162,106.373801,106.507553,101132800
2007-05-18,107.007388,107.436798,106.866601,107.436798,99182000
2007-05-21,107.408665,107.866228,107.352348,107.380501,174664600
2007-05-22,107.493072,107.816894,107.267814,107.295967,82148800
2007-05-23,107.669107,108.056282,107.253779,107.310097,133786600
2007-05-24,107.37343,107.852121,106.113365,106.338623,187593000
2007-05-25,106.648368,107.014424,106.423099,106.78212,83309200
2007-05-29,106.958132,107.352342,106.613193,107.169319,82020000
2007-05-30,106.620243,108.084449,106.535761,108.042213,129013600
2007-05-31,108.175957,108.330826,107.788782,107.929581,114866700
2007-06-01,108.323751,108.689797,108.063282,108.464539,107771700
2007-06-04,108.08444,108.682801,108.042204,108.478661,78008800
2007-06-05,108.225205,108.337828,107.605726,108.049217,126917900
2007-06-06,107.605719,107.669072,106.824335,106.887688,164096800
2007-06-07,106.690618,107.352333,104.930744,104.958908,232414600
2007-06-08,105.296862,106.430222,104.951923,106.324623,175886000
2007-06-11,106.247085,106.965116,106.085179,106.507553,102015600
2007-06-12,106.064109,106.676542,105.275688,105.346077,233898000
2007-06-13,105.944431,107.049637,105.395351,106.92292,193208200
2007-06-14,107.042566,107.788751,107.021449,107.605728,146396500
2007-06-15,108.267508,108.635143,108.119037,108.218025,154030800
2007-06-18,108.437147,108.444213,107.928118,108.090721,88537500
2007-06-19,107.850361,108.437159,107.716033,108.35939,110851700
2007-06-20,108.578589,108.578589,106.726294,106.853546,177119700
2007-06-21,106.811129,107.539322,106.224331,107.447411,205262000
2007-06-22,107.122161,107.298907,105.9415,106.436386,204964700
2007-06-25,106.217211,106.931261,105.35469,105.927345,232014400
2007-06-26,106.196034,106.37278,104.831549,104.838615,198445700
2007-06-27,104.725492,106.450534,104.675998,106.330338,213638000
2007-06-28,106.3162,107.044393,105.814237,106.3162,157705000
2007-06-29,106.683869,107.214107,105.446647,106.351585,199701800
2007-07-02,106.662633,107.404968,106.591941,107.313057,103357000
2007-07-03,107.588815,107.815055,107.454497,107.701935,54048400
2007-07-05,107.744313,107.857433,107.199943,107.588776,89279000
2007-07-06,107.730205,108.288717,107.412053,108.154388,81109000
2007-07-09,108.281606,108.423001,107.899829,108.239189,72348100
2007-07-10,107.666555,107.892795,106.591947,106.69799,180362600
2007-07-11,106.577796,107.496877,106.415193,107.45446,175607600
2007-07-12,107.723142,109.405767,107.701933,109.151253,133882500
2007-07-13,109.278463,109.907678,109.1512,109.476418,111794300
2007-07-16,109.575431,109.957197,109.285565,109.462311,98378700
2007-07-17,109.532975,109.921819,109.35623,109.405724,126201300
2007-07-18,109.038152,109.441138,108.380662,109.207832,237887400
2007-07-19,109.723881,109.957187,109.405741,109.631981,145212700
2007-07-20,109.504672,109.575374,108.048287,108.521965,245502500
2007-07-23,109.002731,109.384509,108.380593,108.854271,121183900
2007-07-24,108.253318,109.073422,106.584837,106.966614,256732400
2007-07-25,107.475672,107.737253,106.224308,107.185806,265214500
2007-07-26,106.181874,106.613134,103.495334,104.64772,467592500
2007-07-27,104.782062,105.248663,102.547991,102.590408,422987600
2007-07-30,103.170094,104.499226,102.717625,104.195229,283017500
2007-07-31,104.86688,105.665775,102.540898,103.021652,316976700
2007-08-01,102.639883,103.933665,101.770297,103.523613,467670000
2007-08-02,103.756971,104.463955,102.696495,104.350845,294758400
2007-08-03,104.124553,104.336651,101.240059,101.664253,359398200
2007-08-06,101.954105,103.806399,100.766367,103.368073,324980000
2007-08-07,103.177227,105.340595,102.675263,104.471008,232568700
2007-08-08,104.92343,106.464649,104.166952,105.927345,274930600
2007-08-09,104.230595,105.305213,102.71765,102.788353,357622100
2007-08-10,102.081385,103.573121,101.183512,102.307625,411018400
2007-08-13,103.573104,103.848827,102.526771,102.675232,181917200
2007-08-14,103.007563,103.262077,100.900753,101.105774,264134500
2007-08-15,100.90072,102.130876,99.41605,99.712982,323834000
2007-08-16,98.829238,101.056243,96.856759,100.462379,546743700
2007-08-17,102.866137,103.0853,99.960434,102.307625,388218100
2007-08-20,102.632856,102.844954,101.303723,102.258156,187320400
2007-08-21,102.229832,103.198396,101.904615,102.463127,157066400
2007-08-22,103.226677,103.7852,102.745933,103.679146,173156700
2007-08-23,104.166978,104.386142,102.9439,103.587257,203915300
2007-08-24,103.559004,104.866928,103.417609,104.866928,128901900
2007-08-27,104.527535,104.866884,103.735706,103.891243,113024300
2007-08-28,103.3327,103.396326,101.423847,101.607658,219790700
2007-08-29,102.067234,103.742792,101.777379,103.601387,207654200
2007-08-30,102.830782,104.060937,102.731805,103.325668,191817300
2007-08-31,104.386175,104.987116,103.806454,104.343758,185477500
2007-09-04,104.244754,106.033422,104.209402,105.397141,120062000
2007-09-05,104.775004,104.888124,103.926625,104.485138,166261800
2007-09-06,104.598285,105.064897,104.011487,104.725548,127878400
2007-09-07,103.558982,103.848848,102.696461,103.269127,235447600
2007-09-10,103.587242,103.728637,102.038946,103.071136,192305900
2007-09-11,103.389303,104.421494,103.311535,104.273033,162081900
2007-09-12,104.13162,104.944658,103.912457,104.541672,149554600
2007-09-13,105.02244,105.658721,104.774991,105.276955,154079000
2007-09-14,104.605319,105.404203,104.449782,105.269875,121911000
2007-09-17,104.85276,105.093132,104.372017,104.7043,109870800
2007-09-18,105.220389,107.815018,104.725502,107.786743,263759500
2007-09-19,108.458363,109.151204,107.963477,108.423012,193779900
2007-09-20,108.408794,108.47242,107.539207,107.659393,175186800
2007-09-21,108.475689,108.766919,107.78666,107.950035,141457500
2007-09-24,108.269642,108.553783,107.516686,107.751099,139450200
2007-09-25,107.126005,107.729796,106.884493,107.538002,142289900
2007-09-26,108.148888,108.518267,107.537998,108.10627,135547000
2007-09-27,108.61775,108.752716,108.106306,108.745605,102713300
2007-09-28,108.575103,108.816615,107.957102,108.383308,133372100
2007-10-01,108.397538,109.92476,108.3265,109.60511,148162300
2007-10-02,109.825288,109.853697,109.257016,109.45591,112978800
2007-10-03,109.256981,109.683188,108.688709,109.235672,119055900
2007-10-04,109.470147,109.576694,109.100769,109.406219,76864400
2007-10-05,110.123641,110.883708,109.839511,110.706123,134579700
2007-10-08,110.379368,110.450406,109.938962,110.116547,71280400
2007-10-09,110.528528,111.167828,110.123631,111.153618,94054300
2007-10-10,110.841059,111.125201,110.393554,110.968925,101711100
2007-10-11,111.473305,111.892413,109.775598,110.436218,233529100
2007-10-12,110.429083,111.061283,110.294117,111.047073,124546700
2007-10-15,111.004422,111.06835,109.349335,110.10939,161151900
2007-10-16,109.683188,109.761326,109.015469,109.235672,166525700
2007-10-17,110.088108,110.166246,108.305165,109.569565,216687300
2007-10-18,109.001268,109.526922,108.738447,109.171753,148367500
2007-10-19,108.745553,111.153596,106.309101,106.3162,297169900
2007-10-22,105.74085,107.090487,105.598784,106.934212,261989800
2007-10-23,107.587742,107.935801,106.728229,107.800835,180085100
2007-10-24,107.410138,107.786616,105.726631,107.601921,326694200
2007-10-25,107.72267,108.177285,106.46538,107.857635,237374500
2007-10-26,108.724283,109.12207,107.900289,109.12207,176484000
2007-10-29,109.342306,109.704586,109.072385,109.484383,106841000
2007-10-30,109.00132,109.214424,108.589323,108.724289,132981600
2007-10-31,109.377774,110.294115,108.567989,109.853699,220954400
2007-11-01,108.887639,108.972887,106.96973,107.28228,333040800
2007-11-02,107.63742,107.97128,105.989443,107.403008,331228200
2007-11-05,106.294895,107.374611,105.81897,106.586136,226841000
2007-11-06,107.161559,108.049481,106.47963,108.021072,177800500
2007-11-07,106.863209,107.353344,104.810333,105.066055,306639700
2007-11-08,105.122838,105.414068,103.048654,104.533257,374509900
2007-11-09,103.489099,104.803218,102.920827,103.098412,277745100
2007-11-12,103.14814,104.142609,102.075523,102.075523,243087800
2007-11-13,103.261778,105.350173,103.155232,105.186798,191117400
2007-11-14,105.996594,106.12445,104.263369,104.895569,230558800
2007-11-15,104.114196,104.767705,102.658001,103.382538,263111100
2007-11-16,103.929506,104.043163,102.693525,103.560127,308770600
2007-11-19,103.197827,103.254655,101.713224,102.118111,267746000
2007-11-20,102.302857,103.375463,100.946109,102.743263,414767500
2007-11-21,101.635135,102.224717,100.633556,100.640656,259012400
2007-11-23,101.628025,102.530146,101.365193,102.380981,77688400
2007-11-26,102.594057,102.913718,99.916092,100.122086,214232000
2007-11-27,100.683246,101.741642,100.122073,101.272827,293897900
2007-11-28,102.423614,104.753521,102.388095,104.512009,258596900
2007-11-29,104.149683,104.931058,103.780315,104.54747,199409900
2007-11-30,105.868706,106.458288,104.654035,105.598785,222908000
2007-12-03,105.264897,105.449581,104.625587,104.902618,146430400
2007-12-04,104.178123,104.803212,103.9295,103.965019,136533900
2007-12-05,105.080207,105.982338,105.009179,105.705307,171130000
2007-12-06,105.577468,107.41014,105.534849,107.218346,154457400
2007-12-07,107.55932,107.616149,106.94133,107.197052,148980100
2007-12-10,107.459873,108.148901,107.161532,108.028145,123914300
2007-12-11,108.070781,108.603534,105.009227,105.066055,250346400
2007-12-12,107.303607,107.807951,104.561703,106.103134,322435600
2007-12-13,105.357223,106.117278,104.632676,105.882866,237551300
2007-12-14,105.080258,105.911363,104.490687,104.540405,159152900
2007-12-17,104.142598,104.327282,102.899507,103.048683,177269400
2007-12-18,103.780367,104.050288,102.260245,103.624092,245569300
2007-12-19,103.666711,104.341529,102.956373,103.624092,198917200
2007-12-20,104.305951,104.320161,103.126788,104.277542,214813800
2007-12-21,105.238086,105.987902,105.038137,105.780815,146084400
2007-12-24,106.273508,106.744811,106.030703,106.566284,45601400
2007-12-26,106.152074,106.887603,106.044962,106.794777,67093100
2007-12-27,106.416351,106.423488,105.20237,105.452301,122981700
2007-12-28,106.073574,106.123567,104.902438,105.188087,116398100
2007-12-31,105.045185,105.409376,104.302507,104.40963,108126800
2008-01-02,104.638182,104.966676,102.745801,103.495605,204935600
2008-01-03,103.481363,103.895547,102.881515,103.445656,125133300
2008-01-04,102.360191,102.431606,100.624914,100.910553,232330900
2008-01-07,101.267595,101.567519,100.046477,100.824852,234991000
2008-01-08,101.460421,102.045984,98.86107,99.196701,326365700
2008-01-09,99.325247,100.539228,98.332637,100.239304,301824900
2008-01-10,99.746557,101.97458,99.525185,100.896271,335701200
2008-01-11,100.532075,101.331872,99.260964,100.082184,267076600
2008-01-14,100.803425,101.303298,100.260696,100.889114,170365500
2008-01-15,99.82511,101.039101,98.475447,98.668259,239940100
2008-01-16,98.089846,99.346672,97.318608,97.818481,378802600
2008-01-17,98.411189,98.461182,94.92634,95.283394,397892600
2008-01-18,96.218883,96.418833,93.619532,94.305069,348561500
2008-01-22,90.841633,94.56927,89.977563,93.348152,435923700
2008-01-23,90.755957,95.826126,90.57743,95.590469,511913000
2008-01-24,96.03316,96.732993,95.197656,96.397362,259949300
2008-01-25,97.482837,97.661364,94.690685,95.004883,269603900
2008-01-28,95.161979,96.775869,94.305052,96.57592,217934600
2008-01-29,97.190057,97.439988,96.318845,97.054375,168968300
2008-01-30,96.818714,98.932467,96.118892,96.340263,334939200
2008-01-31,95.261954,98.932467,95.119134,98.096962,343680800
2008-02-01,98.503997,99.696555,98.204073,99.675133,206843600
2008-02-04,99.410913,99.475181,98.289759,98.418304,124694300
2008-02-05,97.075759,97.29713,95.454732,95.783226,286882500
2008-02-06,96.104577,96.583028,94.554965,95.011993,250792900
2008-02-07,94.11937,96.254544,94.069377,95.640411,297368100
2008-02-08,95.04058,95.847526,94.333621,95.026306,221643500
2008-02-11,95.047706,95.85464,94.290743,95.511871,188576300
2008-02-12,96.340232,97.339978,95.676106,96.397362,256654400
2008-02-13,97.125794,97.87561,96.504524,97.382874,181967800
2008-02-14,97.797059,97.832766,96.254583,96.525948,215207200
2008-02-15,96.047518,96.561677,95.626197,96.504547,154110300
2008-02-19,97.632791,97.754188,96.126023,96.775864,145190000
2008-02-20,95.683286,97.511399,95.519033,97.061508,220085700
2008-02-21,97.589959,97.83989,95.740422,96.25457,201051200
2008-02-22,96.383094,97.011512,94.876327,96.84726,205491000
2008-02-25,96.790146,98.296914,96.247428,98.068405,190107000
2008-02-26,97.654203,99.225238,97.475677,98.803917,212420700
2008-02-27,98.232628,99.360919,98.125516,98.703941,168395800
2008-02-28,98.004149,98.518307,97.511413,97.739922,170831100
2008-02-29,96.832969,96.890088,94.819181,95.561859,252715200
2008-03-03,95.076302,95.554753,94.43361,95.333382,189483500
2008-03-04,94.426426,95.26193,93.540939,94.969154,282513100
2008-03-05,95.276221,96.240271,94.504984,95.569008,270681400
2008-03-06,94.962051,95.133441,93.226774,93.590965,247911700
2008-03-07,92.669783,94.076576,91.819992,92.626938,326434600
2008-03-10,92.719748,92.784015,91.113005,91.405792,235683600
2008-03-11,93.348156,94.776371,92.084182,94.690681,341440600
2008-03-12,94.790679,95.526209,93.662387,93.805206,229161100
2008-03-13,92.555501,94.719246,91.834256,94.012276,351504200
2008-03-14,94.812056,94.840615,91.248655,92.555473,484687800
2008-03-17,90.384594,92.30554,90.02754,91.620003,405311100
2008-03-18,93.27673,95.469046,92.819702,95.426201,334416600
2008-03-19,95.790409,96.1546,92.862563,93.062523,345971600
2008-03-20,93.329449,95.381907,92.762505,94.786263,245320700
2008-03-24,95.668983,97.463091,95.618754,96.680862,208977300
2008-03-25,96.78132,97.276495,95.999091,96.774147,192947200
2008-03-26,96.494272,96.946379,95.525449,95.590034,196934300
2008-03-27,96.307695,96.479933,94.987234,95.288643,225153200
2008-03-28,95.439355,95.704879,94.054298,94.377235,180896100
2008-03-31,94.219356,95.252764,94.07583,94.707359,166692100
2008-04-01,95.88428,98.202263,95.812511,98.037209,254547300
2008-04-02,98.353001,98.797937,97.585118,98.101822,210910800
2008-04-03,97.57075,98.632858,97.391339,98.345795,175884800
2008-04-04,98.403214,99.006043,97.685571,98.238159,204446800
2008-04-07,98.941438,99.443797,98.130509,98.288391,154245500
2008-04-08,97.735793,98.25967,97.563555,98.187912,148937300
2008-04-09,98.037185,98.173539,96.802839,97.477425,195610600
2008-04-10,97.183217,98.080271,96.81004,97.613808,192967800
2008-04-11,96.515815,96.967923,95.453695,95.719231,222973300
2008-04-14,95.58285,95.834018,95.123559,95.396255,160522000
2008-04-15,95.862748,95.941689,94.965694,95.618752,172389200
2008-04-16,96.551663,98.252484,96.537318,98.209427,189268900
2008-04-17,97.613825,98.496523,97.355473,98.352997,179665700
2008-04-18,99.709324,100.15426,99.221321,99.379204,218530600
2008-04-21,99.1998,99.738032,98.927103,99.429451,118587400
2008-04-22,99.171118,99.257231,98.245352,98.991707,162166000
2008-04-23,99.099326,99.594501,98.403211,98.833801,193309000
2008-04-24,99.092151,100.283441,98.345796,99.264389,229381300
2008-04-25,100.039416,100.391065,98.970135,100.182953,190788100
2008-04-28,100.383871,100.649395,100.025049,100.20446,105610200
2008-04-29,100.032267,100.276263,99.472506,99.809799,125514100
2008-04-30,99.960516,100.893454,99.221344,99.221344,208395900
2008-05-01,99.307431,101.273766,99.22849,101.273766,187279500
2008-05-02,102.149318,102.170846,100.871914,101.553673,181585500
2008-05-05,101.223541,101.625419,100.76425,101.065659,118504500
2008-05-06,100.484378,102.048835,100.247555,101.941193,179339800
2008-05-07,101.82636,101.934002,99.845669,100.125549,199267300
2008-05-08,100.283437,100.699671,99.738021,99.867203,178321200
2008-05-09,99.465342,100.032275,99.357689,99.680626,152588200
2008-05-12,99.93178,100.87189,99.558603,100.800133,147865900
2008-05-13,101.044142,101.108728,100.276259,100.814491,159132200
2008-05-14,101.237924,102.048853,100.800161,101.022629,181910800
2008-05-15,101.216368,102.357428,101.065669,102.28566,166927000
2008-05-16,102.522448,102.52962,101.625394,102.378922,204236800
2008-05-19,102.486621,103.555913,102.120627,102.658859,165664400
2008-05-20,102.099086,102.149315,101.187676,101.826378,178552100
2008-05-21,101.768961,101.991428,99.752385,100.104034,252724800
2008-05-22,100.06095,100.592009,99.752368,100.118362,170820400
2008-05-23,99.788262,100.226024,98.690269,98.776382,181376400
2008-05-27,98.891226,99.752396,98.69746,99.5084,168322900
2008-05-28,99.874385,100.47003,99.034744,99.967682,181288100
2008-05-29,99.845678,101.137427,99.809794,100.470024,173927200
2008-05-30,100.807313,101.001079,100.426963,100.721199,117362000
2008-06-02,100.34804,100.369568,99.034751,99.680626,181069900
2008-06-03,99.967649,100.197289,98.482123,99.099297,271965700
2008-06-04,98.819421,99.867185,98.647194,99.049072,246637700
2008-06-05,99.450988,101.108742,99.264404,101.0298,237867100
2008-06-06,100.147079,100.32649,97.757327,97.807556,384276300
2008-06-09,98.216603,98.675894,97.176023,98.044365,228263900
2008-06-10,97.36263,98.388865,97.13299,97.556396,260234900
2008-06-11,97.577931,97.786043,96.113933,96.121117,283890100
2008-06-12,96.594782,97.506181,95.819726,96.487129,252791800
2008-06-13,97.003813,97.972635,96.46558,97.7071,244726900
2008-06-16,97.276489,98.266828,97.211903,97.764481,185832500
2008-06-17,98.367335,98.403209,97.147333,97.290871,191707700
2008-06-18,96.659355,97.255,95.956067,96.34359,265893000
2008-06-19,96.271771,97.05401,95.805308,96.465538,304204900
2008-06-20,95.808522,95.98883,94.640129,94.899773,289275700
2008-06-23,95.267603,95.368576,94.712262,94.806015,165096400
2008-06-24,94.517512,95.520025,93.897252,94.618484,267300600
2008-06-25,95.000743,96.212408,94.654554,95.065651,287853900
2008-06-26,94.171335,94.784376,92.375462,92.483643,297775000
2008-06-27,92.51973,92.938046,91.625403,91.978806,303423400
2008-06-30,92.238439,92.974099,91.812914,92.303352,258842600
2008-07-01,91.250344,92.656751,90.82482,92.591843,388622000
2008-07-02,92.887516,93.154379,90.839218,91.005104,288064600
2008-07-03,91.67585,91.67585,90.146835,91.098862,239352500
2008-07-07,91.445072,91.841747,89.375133,90.168488,372427300
2008-07-08,90.146835,91.877794,89.57706,91.769608,375973700
2008-07-09,91.957125,92.13022,89.714092,90.002586,336729400
2008-07-10,89.742963,90.72384,89.129917,90.370438,436475700
2008-07-11,89.411185,90.803163,88.343758,89.317421,481124600
2008-07-14,90.341606,90.5147,88.27888,88.509674,322720800
2008-07-15,87.846111,89.064991,86.562313,87.261909,502502500
2008-07-16,87.593704,89.843952,87.341273,89.403999,371642900
2008-07-17,90.255014,91.062796,89.497718,90.298286,375490600
2008-07-18,90.997901,91.178209,90.262246,90.86087,267030100
2008-07-21,91.243136,91.452294,90.291109,90.911369,222863000
2008-07-22,90.262253,92.17352,90.045881,91.942726,296904200
2008-07-23,92.238424,93.147173,91.993208,92.440369,311698400
2008-07-24,92.562965,92.613456,90.269451,90.521881,248634500
2008-07-25,90.795939,91.228677,90.276651,90.500237,219131000
2008-07-28,90.521894,90.918569,89.014515,89.173187,205201300
2008-07-29,89.418416,91.14937,89.173194,91.077248,261505600
2008-07-30,91.675863,92.750504,91.077239,92.700012,354710000
2008-07-31,91.885025,92.728871,91.329673,91.473923,277402100
2008-08-01,91.683113,91.798507,90.485864,90.99073,248690900
2008-08-04,90.904139,90.976261,89.980963,90.146843,188239600
2008-08-05,90.889728,92.72166,90.132437,92.577415,251577600
2008-08-06,92.332204,93.255381,91.942738,92.988518,209555400
2008-08-07,92.288906,92.6351,91.264757,91.603737,246312500
2008-08-08,91.293598,93.70972,91.149349,93.305832,260811700
2008-08-11,93.377968,94.849278,93.204869,94.272301,249425800
2008-08-12,93.962145,94.265062,92.844233,93.291405,213200800
2008-08-13,92.88752,93.50778,92.079743,92.728859,256393200
2008-08-14,92.202366,93.962175,92.137458,93.428459,239555300
2008-08-15,93.709736,94.120843,93.255367,93.882835,181000800
2008-08-18,94.070354,94.106418,92.072548,92.599045,172275100
2008-08-19,91.899432,92.094168,91.257536,91.589302,194673700
2008-08-20,91.877803,92.281692,91.120507,92.014839,225498200
2008-08-21,91.416227,92.635111,91.308041,92.173523,180609800
2008-08-22,92.800985,93.50779,92.173516,93.50779,167715300
2008-08-25,92.894737,93.507778,91.416209,91.610939,171936900
2008-08-26,91.610972,92.224025,91.293634,91.877831,159117200
2008-08-27,91.993185,92.916362,91.812877,92.772118,171032800
2008-08-28,93.240946,94.005451,93.118338,93.89727,167537100
2008-08-29,93.565495,93.861203,92.685591,92.887535,189195800
2008-09-02,93.781862,94.272306,91.971567,92.310547,252364900
2008-09-03,92.231194,92.67836,91.546025,92.231194,251947000
2008-09-04,91.574885,91.762407,89.403974,89.45446,340042500
2008-09-05,88.920742,90.117985,87.990352,89.735733,289503400
2008-09-08,92.346593,92.490848,89.735735,91.589302,364075300
2008-09-09,91.668658,91.85618,88.567361,88.870277,377326800
2008-09-10,89.353512,90.081958,88.387063,89.230904,298916600
2008-09-11,88.076904,90.687761,87.70186,90.521881,375369400
2008-09-12,89.641993,91.026758,89.310227,90.940208,297851200
2008-09-15,87.723491,90.622849,86.468549,86.612793,483607000
2008-09-16,84.528459,88.221172,84.384215,88.0625,581744300
2008-09-17,86.288254,87.882177,83.662968,84.102921,624095600
2008-09-18,85.141501,87.838909,82.076263,86.598389,776114700
2008-09-19,91.909114,92.852146,89.464495,90.037567,501087800
2008-09-22,90.276892,90.494517,87.309981,87.999115,249966500
2008-09-23,87.665442,88.514167,85.801146,85.997009,327470400
2008-09-24,86.57736,87.048875,85.445726,86.27269,311818400
2008-09-25,86.61361,88.434383,85.91722,87.621925,328253000
2008-09-26,86.200146,88.136982,85.968016,87.665466,285917400
2008-09-29,86.424998,86.570077,80.498423,80.795837,459562300
2008-09-30,82.34097,84.72756,80.179254,84.139977,328154400
2008-10-01,83.617678,84.64776,82.660141,84.19075,332783000
2008-10-02,83.385533,83.501601,80.5637,81.136772,365337800
2008-10-03,81.869472,83.748275,79.562677,80.041443,461798000
2008-10-06,77.727346,78.068288,73.004946,75.964607,610637500
2008-10-07,77.502506,77.85796,72.286832,72.562485,540012100
2008-10-08,70.741678,74.122077,70.22664,70.734428,725414800
2008-10-09,72.294096,72.990486,65.46801,65.794441,534485200
2008-10-10,62.936333,68.144757,60.629537,64.19854,871026300
2008-10-13,68.09397,73.520012,65.250369,73.520012,455584000
2008-10-14,75.950139,76.552229,70.444301,72.431915,546268300
2008-10-15,70.698195,70.944836,65.076288,65.301163,484627500
2008-10-16,66.222424,68.746838,62.77674,68.021431,708811200
2008-10-17,66.730199,71.517884,66.483563,67.615196,476649000
2008-10-20,69.16756,71.887836,68.253545,71.677467,321294200
2008-10-21,70.342747,71.554176,69.073284,69.537544,356502000
2008-10-22,67.607949,69.537534,63.494891,65.750908,516168000
2008-10-23,65.49704,67.063917,62.247212,66.512611,634666400
2008-10-24,60.977704,65.22859,60.934182,63.13942,545812600
2008-10-27,62.363267,64.93121,60.71659,60.897942,397288600
2008-10-28,63.357072,68.362383,61.318679,68.014191,639939500
2008-10-29,68.021416,70.487801,66.809988,67.520889,531270100
2008-10-30,69.479498,70.030809,67.390327,69.856712,414582100
2008-10-31,68.971703,71.503372,68.53646,70.241165,411394000
2008-11-03,70.204904,70.865028,69.602815,70.44429,205419400
2008-11-04,71.858816,73.16455,70.15411,72.83812,346793400
2008-11-05,71.960412,73.055778,68.913703,69.776939,387844100
2008-11-06,68.521941,69.232842,65.330149,65.910477,477721900
2008-11-07,66.483567,68.188272,65.649347,68.086716,380391000
2008-11-10,69.066002,69.298132,65.954005,67.19445,301773000
2008-11-11,65.837954,66.839014,64.307344,65.119797,418498200
2008-11-12,64.002686,64.524975,61.746669,62.254452,454330600
2008-11-13,62.47933,66.541615,59.548684,66.135384,753141900
2008-11-14,64.858657,66.780981,62.762225,62.83477,540352300
2008-11-17,62.660698,64.242086,61.775705,62.00058,415254900
2008-11-18,61.768414,63.270006,60.143503,63.168449,523811800
2008-11-19,62.31973,63.01612,58.699944,59.120682,558327600
2008-11-20,58.126878,59.85335,54.441813,54.731972,814180400
2008-11-21,56.190031,58.685433,53.926759,57.684368,718536500
2008-11-24,59.425371,63.103187,58.293738,61.681389,523305300
2008-11-25,63.328053,63.480388,60.803634,62.138386,454112400
2008-11-26,61.151839,64.69908,61.108311,64.53949,370134200
2008-11-28,64.292842,65.380953,64.184036,65.351936,118308100
2008-12-01,63.480403,63.50942,59.38185,59.563202,369927100
2008-12-02,60.549735,62.015055,59.512403,61.855465,469508400
2008-12-03,60.498939,63.712492,60.310332,63.342533,519863500
2008-12-04,62.428541,63.872105,60.745596,61.877235,444173800
2008-12-05,60.680293,64.140482,59.657467,63.785034,471905300
2008-12-08,65.533275,67.013107,63.893859,66.012047,412859300
2008-12-09,65.555041,66.831754,64.546726,64.923935,370790000
2008-12-10,65.51879,66.273214,64.561252,65.366455,396187400
2008-12-11,64.952932,66.012025,63.3788,63.792282,365061000
2008-12-12,62.058574,64.612004,61.804677,64.55397,415060400
2008-12-15,64.575737,64.670043,62.595379,63.654472,256694200
2008-12-16,66.650391,66.751947,63.966387,66.650391,377699500
2008-12-17,65.896002,67.049403,65.330185,66.004814,281819800
2008-12-18,66.302232,66.498089,63.98818,64.771622,374673300
2008-12-19,65.15845,66.270022,64.419839,64.492973,301451300
2008-12-22,64.778203,64.844017,62.518495,63.66663,243759500
2008-12-23,64.010321,64.302841,62.745183,63.00845,221625200
2008-12-24,63.220549,63.527698,62.891468,63.374126,62061600
2008-12-26,63.798288,63.842169,63.25713,63.739788,74767700
2008-12-29,63.798258,63.864077,62.598933,63.556934,127795900
2008-12-30,63.995709,65.121905,63.534989,65.0634,168256300
2008-12-31,65.143826,66.525975,64.990255,65.992126,193987200
2009-01-02,66.138392,68.332279,65.706924,67.981255,227566300
2009-01-05,67.739924,68.493164,67.198767,67.90081,240349700
2009-01-06,68.478521,69.070869,67.776478,68.354202,328260900
2009-01-07,67.27922,67.469358,65.962885,66.306595,280899200
2009-01-08,65.933625,66.613725,65.575287,66.577164,263834400
2009-01-09,66.664942,66.781946,62.423423,65.151154,330953600
2009-01-12,64.968323,65.019519,63.191279,63.586174,277858500
2009-01-13,63.425273,64.266258,63.037681,63.703163,356432300
2009-01-14,62.555051,62.708623,60.814569,61.699436,435491600
2009-01-15,61.516586,62.342948,59.761475,61.721348,532647300
2009-01-16,62.789072,62.884138,60.734132,62.204033,399237200
2009-01-20,61.597067,62.204038,58.540249,58.920521,419855200
2009-01-21,59.922392,61.60437,58.847387,61.465427,364360700
2009-01-22,60.273422,61.458124,59.359302,60.514751,427940300
2009-01-23,59.161837,61.421538,58.920508,60.778,386800600
2009-01-26,61.129028,62.423425,60.558618,61.194847,317978800
2009-01-27,61.523929,62.269854,60.916957,61.816448,273789700
2009-01-28,63.183974,64.317479,62.942645,63.907955,330007000
2009-01-29,62.971905,63.981092,61.77258,61.831085,294392500
2009-01-30,62.145541,62.452684,60.119848,60.573254,383383600
2009-02-02,59.651831,60.829219,59.461693,60.390442,288233300
2009-02-03,60.77068,61.692114,60.127141,61.238708,278385800
2009-02-04,61.648254,62.430741,60.72682,60.938896,322989300
2009-02-05,60.478159,62.372218,56.843624,61.845684,417679400
2009-02-06,62.057774,63.871385,61.926141,63.608124,366101700
2009-02-09,63.593492,64.163902,63.125463,63.695873,240075200
2009-02-10,63.088892,63.644678,60.295342,60.778,536212800
2009-02-11,61.026615,61.465397,60.258758,61.136311,324442500
2009-02-12,60.09056,61.297199,59.271513,61.180195,469302200
2009-02-13,61.099777,61.604368,60.507424,60.522053,293998400
2009-02-17,58.620659,60.668283,57.896672,57.933239,478910100
2009-02-18,58.350086,58.459782,57.245828,57.7943,362964800
2009-02-19,58.386663,58.613368,57.055704,57.172714,316867500
2009-02-20,56.112349,57.289731,55.4103,56.61694,477176600
2009-02-23,57.238528,57.238528,54.547358,54.59124,379641400
2009-02-24,55.059272,57.004517,54.627805,56.660812,426260900
2009-02-25,56.412181,57.348239,55.307922,56.214733,461985800
2009-02-26,56.909427,58.262323,55.23476,55.300579,363353900
2009-02-27,54.123206,55.351783,53.976944,54.064701,470510900
2009-03-02,53.033588,54.057404,51.461306,51.629501,426452600
2009-03-03,52.368094,52.433908,50.92744,51.241898,443761000
2009-03-04,52.09022,53.289545,51.241914,52.455868,462753100
2009-03-05,51.263837,52.455853,49.852436,50.313156,485549400
2009-03-06,50.75193,51.519787,49.069947,50.400906,490470000
2009-03-09,49.691542,51.1907,49.530661,49.808552,379905300
2009-03-10,50.832382,52.923889,50.730001,52.777626,406227900
2009-03-11,53.384593,53.933065,52.528979,53.121326,356648300
2009-03-12,53.106722,55.395676,52.631378,55.212852,409702700
2009-03-13,55.585792,56.295149,54.649734,55.644291,337474700
2009-03-16,56.280537,57.019147,55.439545,55.476112,360644900
2009-03-17,55.629679,57.304348,55.176274,57.172714,356814300
2009-03-18,56.902142,59.16185,56.360985,58.452492,473273200
2009-03-19,59.183766,59.234956,57.545665,57.728489,428520400
2009-03-20,58.009107,58.119587,56.366642,56.499218,371078200
2009-03-23,57.994368,60.609052,57.67766,60.557495,419933300
2009-03-24,59.835709,60.660625,59.298045,59.36433,330271000
2009-03-25,59.828351,60.911046,58.230076,59.990383,441775100
2009-03-26,60.579612,61.35297,59.894638,61.213028,422025200
2009-03-27,60.432298,60.785829,59.887262,60.108223,322332300
2009-03-30,58.775093,58.82665,57.419875,58.031197,324108500
2009-03-31,58.598329,59.717857,58.222702,58.568867,364238300
2009-04-01,57.839705,59.968276,57.692401,59.703125,377018300
2009-04-02,61.190938,62.317829,59.754701,61.448723,476230700
2009-04-03,61.492889,62.074749,60.888935,62.06002,284646300
2009-04-06,61.382376,62.074716,60.609023,61.573875,264866600
2009-04-07,60.579616,60.874229,60.034585,60.137699,258947800
2009-04-08,60.439677,61.087827,60.056683,60.785847,230402800
2009-04-09,62.362005,63.209016,62.111587,63.201649,269653500
2009-04-13,62.546132,63.739313,62.295715,63.216377,224847500
2009-04-14,62.627134,63.164803,61.927433,62.126293,276598800
2009-04-15,61.750686,62.914405,61.581287,62.789196,250726100
2009-04-16,63.290059,64.188627,62.435681,63.709881,335202900
2009-04-17,63.952907,64.556861,63.444699,64.137039,262649000
2009-04-20,63.002802,64.114965,61.382432,61.448723,293690100
2009-04-21,60.999428,62.700811,60.947871,62.649254,114090900
2009-04-22,62.08213,63.592013,61.920092,62.266262,340395200
2009-04-23,62.391447,62.914383,61.595994,62.87756,324903700
2009-04-24,63.363722,64.30648,63.113304,63.82774,287703000
2009-04-27,63.10589,64.085476,63.002776,63.223732,289581600
2009-04-28,62.582951,63.776126,62.428281,63.024868,247926300
2009-04-29,63.724604,65.079822,63.562572,64.365387,311505700
2009-04-30,65.219734,65.565898,64.019186,64.387451,301419800
2009-05-01,64.402183,64.969309,63.871881,64.73362,236110300
2009-05-04,65.219764,66.980071,65.094549,66.935875,287120000
2009-05-05,66.707535,66.972686,66.169865,66.707535,243036300
2009-05-06,67.525111,67.908105,66.737024,67.863914,291941000
2009-05-07,68.504653,68.607766,66.493923,66.921112,317728000
2009-05-08,67.782898,68.659371,67.348347,68.482605,299081700
2009-05-11,67.539815,67.841795,67.053708,67.201012,247923600
2009-05-12,67.488289,67.635599,66.177266,67.002182,282431300
2009-05-13,66.096195,66.295062,65.1829,65.315475,269619100
2009-05-14,65.344964,66.376108,65.182927,65.875267,260098700
2009-05-15,65.823713,66.287725,64.925146,65.337601,271502700
2009-05-18,65.956263,67.274647,65.234462,67.193634,241447400
2009-05-19,67.156815,67.738675,66.884297,67.112625,206102200
2009-05-20,67.723976,68.350031,66.589724,66.663376,285722200
2009-05-21,65.890004,66.140427,65.00617,65.705872,258988400
2009-05-22,65.889985,66.287712,65.315493,65.56591,166811900
2009-05-26,65.079801,67.436695,65.050339,67.245201,236318500
2009-05-27,67.34834,67.576662,65.941564,66.044678,246015800
2009-05-28,66.626521,67.274666,65.62484,66.965324,289095000
2009-05-29,67.333574,69.012862,66.788544,68.151123,258641500
2009-06-01,68.990775,70.09557,68.814009,69.800957,276246800
2009-06-02,69.528457,70.242893,69.403249,69.859894,230874500
2009-06-03,69.26329,69.329575,68.320532,68.976044,235310500
2009-06-04,69.233808,69.727282,68.71824,69.624168,210102300
2009-06-05,70.331281,70.463857,69.086549,69.638947,284257900
2009-06-08,69.11599,70.044019,68.526769,69.351685,238565100
2009-06-09,69.742021,70.073458,69.248542,69.705193,225125500
2009-06-10,70.323904,70.331265,68.637249,69.52845,296100400
2009-06-11,69.661049,70.787939,69.646315,69.837814,275414200
2009-06-12,69.528456,70.073487,69.233843,70.029297,184361800
2009-06-15,69.204381,69.248571,68.055395,68.42366,224190500
2009-06-16,68.666691,68.710881,67.451415,67.495605,227319000
2009-06-17,67.46616,68.003829,66.899034,67.429337,223445200
2009-06-18,67.532438,68.254234,67.208363,67.922798,211725100
2009-06-19,68.57313,68.66201,67.787994,68.173157,215655600
2009-06-22,67.506553,67.54359,66.106648,66.128868,251913600
2009-06-23,66.269557,66.573237,65.810327,66.180672,188309800
2009-06-24,66.780681,67.462115,66.36589,66.751053,211577700
2009-06-25,66.417745,68.269472,66.343677,68.202812,279411000
2009-06-26,67.973192,68.321317,67.602846,68.02504,167579000
2009-06-29,68.225013,68.750903,67.847259,68.662018,168481300
2009-06-30,68.676841,68.928673,67.602836,68.106506,228888200
2009-07-01,68.395373,69.054593,68.299085,68.38797,173041100
2009-07-02,67.49915,68.410202,66.484407,66.521439,212309900
2009-07-06,65.877036,66.610318,65.669643,66.51403,174499600
2009-07-07,66.447368,66.528845,65.180788,65.225227,197088900
2009-07-08,65.617753,65.773303,64.440058,65.180748,248050500
2009-07-09,65.632607,65.847408,65.114126,65.306702,163777600
2009-07-10,64.958572,65.543719,64.699332,65.151154,173520300
2009-07-13,65.410377,66.788062,64.877079,66.736214,217413500
2009-07-14,66.943637,67.173255,66.462192,67.113998,181487400
2009-07-15,68.002785,69.261962,67.165807,69.07679,220877900
2009-07-16,68.884237,70.002682,68.750913,68.965714,231174500
2009-07-17,69.669374,69.861955,69.284217,69.721222,138561700
2009-07-20,70.128598,70.58042,69.765661,70.461906,164179400
2009-07-21,71.010005,71.032225,69.936001,70.787796,217718300
2009-07-22,70.335977,71.202584,70.284129,70.772987,196068100
2009-07-23,70.817435,72.646942,70.758179,72.335854,258795500
2009-07-24,71.995116,72.691367,71.617368,72.632111,154003100
2009-07-27,72.498783,72.883945,72.09881,72.846909,159259400
2009-07-28,72.335839,72.861729,71.891421,72.506195,186685200
2009-07-29,72.172886,72.65433,71.832169,72.32843,194399300
2009-07-30,73.202475,73.943166,73.032113,73.083961,225575400
2009-07-31,73.06913,73.676496,72.86914,73.187637,207358000
2009-08-03,73.957971,74.461641,73.557997,74.394981,175776900
2009-08-04,74.06165,74.691236,73.906106,74.58754,176714600
2009-08-05,74.639377,74.706043,73.75796,74.372734,184726400
2009-08-06,74.713459,74.824558,73.639454,73.987579,193203800
2009-08-07,74.765303,75.572653,74.357921,74.957878,220640900
2009-08-10,74.61715,74.972684,74.269024,74.802322,130898700
2009-08-11,74.469022,74.52087,73.669075,73.869064,157301000
2009-08-12,73.743168,75.22455,73.706137,74.661629,219052400
2009-08-13,75.002337,75.261577,74.261646,75.231949,176449500
2009-08-14,75.194891,75.254148,73.846835,74.65419,199616100
2009-08-17,73.217265,73.291333,72.669155,72.817291,237667500
2009-08-18,72.980257,73.654289,72.846933,73.395042,173461500
2009-08-19,72.817281,74.291259,72.743213,74.039421,192812800
2009-08-20,74.1357,74.972684,73.972753,74.802322,174131300
2009-08-21,75.417133,76.387436,75.268997,76.268929,224605000
2009-08-24,76.580002,76.994787,75.987448,76.261505,191279000
2009-08-25,76.565197,77.224411,76.2467,76.409653,215310600
2009-08-26,76.172632,76.765186,75.913391,76.417061,194620700
2009-08-27,76.372601,76.824423,75.505995,76.587402,196230100
2009-08-28,77.202201,77.29108,76.046719,76.572609,147024400
2009-08-31,75.824492,75.980036,75.39489,75.891151,176051600
2009-09-01,75.513418,76.468909,74.061664,74.217209,321276800
2009-09-02,73.906086,74.394945,73.750542,73.935715,171805000
2009-09-03,74.365342,74.639393,73.765378,74.550514,143572300
2009-09-04,74.698652,75.617107,74.476448,75.594887,142687900
2009-09-08,76.291128,76.328165,75.839307,76.246689,132909100
2009-09-09,76.380011,77.091073,76.14299,76.831833,154612500
2009-09-10,76.883669,77.668799,76.454067,77.616951,162902400
2009-09-11,77.765118,77.994736,77.239228,77.602165,152360100
2009-09-14,76.942936,78.113229,76.402235,77.979904,149593800
2009-09-15,78.105804,78.594663,77.594732,78.305794,196795900
2009-09-16,78.58727,79.505725,78.313218,79.490913,206406300
2009-09-17,79.379794,80.039008,78.93538,79.372391,229170900
2009-09-18,79.743018,79.750462,79.155085,79.423004,153799100
2009-09-21,78.805285,79.631368,78.634118,79.222046,151892000
2009-09-22,79.690908,79.906732,79.33368,79.683464,143126700
2009-09-23,79.869542,80.397937,78.87973,79.021133,225947400
2009-09-24,79.192313,79.36348,77.808066,78.150406,228636800
2009-09-25,77.979221,78.410869,77.465708,77.733627,204059000
2009-09-28,78.031318,79.296493,78.016436,79.12532,118285800
2009-09-29,79.266699,79.646246,78.723417,78.887146,133733900
2009-09-30,79.155098,79.229519,77.860159,78.582047,254383000
2009-10-01,76.654558,78.686279,76.617345,76.632233,281840600
2009-10-02,75.925165,76.728922,75.902839,76.274948,224748800
2009-10-05,76.580091,77.63688,76.356823,77.413612,149875000
2009-10-06,77.971781,78.969037,77.92713,78.522507,202491100
2009-10-07,78.343886,78.820192,78.195045,78.738327,159200300
2009-10-08,79.296489,79.757901,78.775533,79.341141,183305800
2009-10-09,79.363503,79.824921,79.155123,79.824921,135008300
2009-10-12,80.197013,80.442601,79.839785,80.137474,118031000
2009-10-13,79.921599,80.159748,79.452743,79.973694,157692700
2009-10-14,80.911477,81.432428,79.94399,81.350563,191421600
2009-10-15,80.956138,81.648262,80.918931,81.648262,173873600
2009-10-16,80.970987,81.320765,80.546783,81.037964,192069400
2009-10-19,81.171903,81.960772,80.918871,81.707741,159530400
2009-10-20,81.826813,81.856582,80.881658,81.276093,180921100
2009-10-21,81.149606,82.094762,80.487252,80.546791,225379300
2009-10-22,80.517009,81.625893,80.003496,81.365417,238444000
2009-10-23,81.633312,81.685407,80.100218,80.43512,240033200
2009-10-26,80.52446,81.350543,79.341155,79.564423,242028200
2009-10-27,79.653727,79.921646,79.00626,79.199753,253266300
2009-10-28,78.998812,79.244405,77.659216,77.703873,248821400
2009-10-29,78.284337,79.527181,78.098283,79.370895,198110600
2009-10-30,79.11046,79.34861,76.981994,77.071297,325608100
2009-11-02,77.495498,78.448103,76.714072,77.636902,254222900
2009-11-03,77.205265,77.994141,77.056424,77.882507,228362600
2009-11-04,78.522519,79.132779,77.882491,78.083427,247996700
2009-11-05,78.634144,79.542086,78.470415,79.51976,180015300
2009-11-06,79.080698,79.929107,78.924413,79.728165,170954100
2009-11-09,80.338408,81.588696,80.278875,81.544044,159495700
2009-11-10,81.350503,81.811921,81.097472,81.558884,171899800
2009-11-11,82.094757,82.47431,81.58125,81.975685,169466200
2009-11-12,81.864067,82.288271,80.933793,81.142174,157144500
2009-11-13,81.350526,81.931016,80.933766,81.581238,150963000
2009-11-16,82.146877,83.121807,82.102225,82.76458,210922200
2009-11-17,82.54872,82.898503,82.236149,82.86129,147134100
2009-11-18,82.801774,82.928289,82.288261,82.809212,156486800
2009-11-19,82.243592,82.838964,81.216567,81.73008,208734600
2009-11-20,81.305867,81.68542,81.127257,81.439827,134196000
2009-11-23,82.399906,83.159007,82.310598,82.474327,148010200
2009-11-24,82.608297,82.757138,81.871522,82.600853,138420100
2009-11-25,82.734798,82.980391,82.474322,82.891083,109564800
2009-11-27,80.67331,82.102209,80.591445,81.544044,126001800
2009-11-30,81.477042,82.012874,80.464904,81.819382,160874800
2009-12-01,82.548729,83.099454,82.407331,82.831535,159613700
2009-12-02,82.816652,83.359935,82.548733,82.794327,132315100
2009-12-03,83.017614,83.48647,82.079897,82.146873,167324900
2009-12-04,83.233428,83.635306,81.893837,82.61573,274907800
2009-12-07,82.541328,83.00274,82.228752,82.489227,127973800
2009-12-08,81.893821,82.437097,81.320769,81.573807,169863700
2009-12-09,81.551492,81.998022,81.134726,81.878944,155063400
2009-12-10,82.385021,82.697598,82.198967,82.34037,138014600
2009-12-11,82.69014,82.876194,82.31803,82.69014,124854000
2009-12-14,83.255775,83.352522,82.705049,83.255775,107141500
2009-12-15,82.950616,83.292956,82.608276,82.868752,120408800
2009-12-16,83.20364,83.449228,82.8092,82.995255,155358200
2009-12-17,82.39988,82.556165,81.92358,81.998001,183390100
2009-12-18,82.45443,82.529257,81.766064,82.461914,174591200
2009-12-21,82.873446,83.576774,82.873446,83.299934,118039600
2009-12-22,83.479524,83.778816,83.374773,83.599243,91707500
2009-12-23,83.801238,83.883543,83.427125,83.763824,111783100
2009-12-24,83.943422,84.250191,83.801257,84.160408,39677500
2009-12-28,84.474647,84.541984,84.040675,84.339966,87508500
2009-12-29,84.55695,84.571912,84.212767,84.220245,80572500
2009-12-30,83.97335,84.287603,83.928453,84.190331,73138400
2009-12-31,84.377353,84.399804,83.344804,83.382217,90637900
2010-01-04,84.078091,84.841278,83.434617,84.796387,118944600
2010-01-05,84.744011,85.058265,84.437236,85.020851,111579900
2010-01-06,84.938539,85.290206,84.871202,85.080704,116074400
2010-01-07,84.92355,85.544578,84.684118,85.439827,131091100
2010-01-08,85.215389,85.761596,85.0433,85.724182,126402800
2010-01-11,86.105773,86.143181,85.47726,85.843895,106375700
2010-01-12,85.275237,85.45481,84.714068,85.043289,163333500
2010-01-13,85.260259,86.001006,84.826292,85.761574,161822000
2010-01-14,85.664325,86.150672,85.611949,85.993546,115718800
2010-01-15,85.843904,85.926204,84.699115,85.028336,212283100
2010-01-19,85.013349,86.143165,84.990898,86.09079,139172700
2010-01-20,85.50717,85.634367,84.534481,85.215363,216490200
2010-01-21,85.23782,85.499698,83.472008,83.576759,344859600
2010-01-22,83.202635,83.606678,81.62388,81.713669,345942400
2010-01-25,82.461942,82.611591,81.863365,82.132721,186937500
2010-01-26,81.810944,82.656442,81.58648,81.788498,211168800
2010-01-27,81.683758,82.364646,81.055251,82.177589,271863600
2010-01-28,82.446937,82.491828,80.740984,81.23481,316104000
2010-01-29,81.586479,82.155131,80.224709,80.351906,310677600
2010-02-01,80.920581,81.608947,80.434233,81.601463,187865000
2010-02-02,81.751103,82.746238,81.466773,82.589111,216327900
2010-02-03,82.214997,82.663937,81.938158,82.177589,172730700
2010-02-04,81.541575,81.578983,79.626115,79.641083,356715700
2010-02-05,79.73089,79.970322,78.249407,79.805717,493585800
2010-02-08,79.865543,80.306999,79.169694,79.229553,224166900
2010-02-09,80.157388,80.920581,79.513914,80.224731,337820500
2010-02-10,80.097503,80.509024,79.39417,80.067574,240511500
2010-02-11,79.962849,80.995398,79.498947,80.905609,223591600
2010-02-12,80.052626,80.883156,79.693481,80.838264,304622100
2010-02-16,81.451816,82.192558,80.673661,82.110252,159317500
2010-02-17,82.506791,82.611548,82.110233,82.499313,168845100
2010-02-18,82.364636,83.157753,82.334706,82.985664,193708600
2010-02-19,82.768694,83.479505,82.574153,83.157768,222684900
2010-02-22,83.464545,83.48699,82.925821,83.172737,132346900
2010-02-23,82.948283,83.202676,81.945657,82.162643,207497000
2010-02-24,82.409526,83.053,82.200024,82.91832,176350700
2010-02-25,81.736129,82.865951,81.511665,82.806091,259634700
2010-02-26,82.880936,83.142819,82.38711,82.85849,173589300
2010-03-01,83.202671,83.801254,83.180225,83.718948,147709700
2010-03-02,84.078092,84.354932,83.801247,83.95089,160992400
2010-03-03,84.167885,84.527036,83.816218,84.025726,150785000
2010-03-04,84.137964,84.399847,83.82371,84.280128,135770400
2010-03-05,84.82632,85.552094,84.624296,85.484756,176118800
2010-03-08,85.492232,85.686766,85.350067,85.49971,114631200
2010-03-09,85.245333,86.03845,85.200441,85.641891,154556700
2010-03-10,85.679277,86.255408,85.604456,86.02346,186088800
2010-03-11,85.821407,86.405028,85.55953,86.382576,160791100
2010-03-12,86.756743,86.77171,86.150682,86.390114,162074800
2010-03-15,86.240456,86.472404,85.746624,86.412544,146816800
2010-03-16,86.651974,87.183214,86.412542,87.100914,168673000
2010-03-17,87.362786,87.901509,87.108386,87.61718,177468100
2010-03-18,87.624687,87.7444,87.220645,87.572311,196509100
2010-03-19,87.129044,88.120768,86.790952,87.129044,226641100
2010-03-22,86.633162,87.752613,86.580571,87.594833,184477800
2010-03-23,87.722541,88.286021,87.437041,88.210892,182941600
2010-03-24,87.880312,88.225912,86.835997,87.782639,196072600
2010-03-25,88.376177,88.781884,87.534718,87.6399,223396300
2010-03-26,87.80519,88.218405,87.24171,87.587311,205808500
2010-03-29,88.030591,88.301061,87.669967,88.143288,134513500
2010-03-30,88.248438,88.526423,87.835223,88.203362,145772500
2010-03-31,87.865303,88.293547,87.609861,87.90287,161078700
2010-04-01,88.503929,88.842015,87.978011,88.503929,161215200
2010-04-05,88.841991,89.285259,88.594058,89.225159,105847600
2010-04-06,88.969727,89.593313,88.872059,89.435539,110384200
2010-04-07,89.255237,89.675966,88.511439,88.92466,184576300
2010-04-08,88.616587,89.382923,88.353631,89.232658,158704000
2010-04-09,89.420521,89.85628,89.255238,89.818718,133006500
2010-04-12,89.931403,90.194365,89.826221,89.961456,110279000
2010-04-13,89.871294,90.186842,89.405482,90.029068,125043600
2010-04-14,90.359628,91.050835,90.216884,91.050835,161609000
2010-04-15,90.90059,91.336349,90.870537,91.125984,144615300
2010-04-16,90.802901,91.125963,89.217644,89.675941,366786700
2010-04-19,89.412989,90.104189,89.007282,90.01403,217947800
2010-04-20,90.577514,90.893067,90.059117,90.817932,157708000
2010-04-21,90.87053,91.080901,90.149277,90.652657,192910100
2010-04-22,90.014031,91.035808,89.495633,90.923111,115360300
2010-04-23,90.862984,91.554184,90.630075,91.516617,177335500
2010-04-26,91.546681,91.749537,91.080875,91.171028,143457300
2010-04-27,90.645127,91.163525,88.84199,89.014793,355853300
2010-04-28,89.443037,89.916358,88.857013,89.690964,300674100
2010-04-29,90.231923,90.990744,90.209385,90.802917,193775000
2010-04-30,90.817961,90.915635,89.240218,89.262756,270000900
2010-05-03,89.691016,90.667717,89.55578,90.419785,182747900
2010-05-04,89.412992,89.428015,87.842758,88.293541,360353400
2010-05-05,87.572298,88.503922,87.12903,87.767639,328973200
2010-05-06,87.346907,87.902873,78.887193,84.85257,647356600
2010-05-07,84.627163,85.476138,82.200447,83.590363,637558800
2010-05-10,87.008812,87.639913,86.332641,87.271774,396159600
2010-05-11,86.45287,88.173363,86.332664,87.023865,317849800
2010-05-12,87.369431,88.36867,87.219167,88.240944,235607100
2010-05-13,88.00054,88.413761,87.068921,87.144051,234452500
2010-05-14,86.490417,86.64819,84.799977,85.566307,345601400
2010-05-17,85.799223,86.039641,83.973548,85.611397,325739800
2010-05-18,86.310091,86.565538,84.168868,84.446854,360556800
2010-05-19,83.973505,84.724811,82.914166,83.965996,394742700
2010-05-20,82.177903,82.561071,80.74291,80.795502,530418300
2010-05-21,79.570859,82.177887,79.157638,81.975037,500909400
2010-05-24,81.531766,82.185405,80.848081,80.92321,269823000
2010-05-25,78.969827,81.043435,78.421371,81.005867,396505200
2010-05-26,81.501756,82.245548,80.277122,80.51754,349719300
2010-05-27,82.035163,83.244767,81.727125,83.214714,300870500
2010-05-28,83.124559,83.184665,81.77972,82.170403,297933500
2010-06-01,81.40405,82.606139,80.667773,80.787979,277909400
2010-06-02,81.2012,82.899149,80.772956,82.89164,240243700
2010-06-03,83.132078,83.440111,82.32818,83.177155,226618300
2010-06-04,81.599409,82.140351,79.984099,80.25457,398475600
2010-06-07,80.540074,80.848113,79.19524,79.255341,264609100
2010-06-08,79.31542,80.262067,78.624219,80.104294,357774300
2010-06-09,80.57013,81.35149,79.337987,79.676079,268023300
2010-06-10,81.035903,82.102757,79.668526,82.005089,317890600
2010-06-11,81.283845,82.455881,81.231254,82.40329,214128200
2010-06-14,83.034374,83.485162,82.192914,82.275558,207196100
2010-06-15,82.854076,84.221454,82.711326,84.146324,238268700
2010-06-16,83.710581,84.461888,83.545293,84.116287,216374000
2010-06-17,84.356678,84.394245,83.432574,84.251495,263185800
2010-06-18,84.41839,84.644851,84.071145,84.342903,174006600
2010-06-21,85.392172,85.452558,83.633298,84.101326,213140700
2010-06-22,84.101303,84.471193,82.59154,82.712318,239355400
2010-06-23,82.765126,83.059529,81.889467,82.455627,254639900
2010-06-24,82.048027,82.15371,80.877959,81.089325,268523600
2010-06-25,81.330886,81.844205,80.59865,81.429024,238726500
2010-06-28,81.549781,81.768697,80.877937,81.17234,169218600
2010-06-29,80.032509,81.157286,78.167957,78.666176,373649500
2010-06-30,78.447222,79.171907,77.662145,77.918808,284101700
2010-07-01,77.865974,78.122631,76.341112,77.571571,382924800
2010-07-02,77.835825,78.069836,76.711053,77.14888,233385200
2010-07-06,78.235889,78.786954,76.907296,77.654633,256935300
2010-07-07,77.850885,80.198566,77.767848,80.100433,253769400
2010-07-08,80.772283,80.983648,79.949465,80.893066,210842100
2010-07-09,80.870411,81.504514,80.719437,81.496964,144999900
2010-07-12,81.225206,81.708329,80.885511,81.549805,131283600
2010-07-13,82.395252,83.104836,82.229177,82.780243,213025900
2010-07-14,82.51605,83.097312,82.176356,82.772713,184426800
2010-07-15,82.742515,83.082209,81.655485,82.795357,232337900
2010-07-16,82.349942,82.440529,80.357057,80.515587,282693400
2010-07-19,80.810011,81.247837,80.183458,80.99118,186709000
2010-07-20,79.919271,81.949897,79.881524,81.889511,258162400
2010-07-21,82.31222,82.334866,80.492954,80.825104,264527000
2010-07-22,81.783819,82.991633,81.776274,82.629288,274781300
2010-07-23,82.463205,83.467198,82.229194,83.34642,222020800
2010-07-26,83.489838,84.297561,83.255827,84.214523,184445700
2010-07-27,84.675016,84.765604,83.874844,84.206993,204855600
2010-07-28,84.033373,84.290035,83.384175,83.663483,163056200
2010-07-29,84.184322,84.410788,82.591528,83.255821,220149100
2010-07-30,82.410377,83.686128,82.266954,83.240746,220070600
2010-08-02,84.539145,85.256286,84.199451,85.120407,188263200
2010-08-03,84.909016,85.127927,84.433438,84.712746,146657300
2010-08-04,84.946758,85.384591,84.667456,85.278908,158171700
2010-08-05,84.735404,85.233628,84.607076,85.188332,140473800
2010-08-06,84.350391,84.976943,83.731389,84.841064,239728300
2010-08-09,85.241195,85.437466,84.788268,85.294037,120800400
2010-08-10,84.569327,85.286467,84.071108,84.833534,242916300
2010-08-11,83.527572,83.557768,82.372605,82.508484,273406900
2010-08-12,81.262944,82.297127,81.225197,82.002724,239542600
2010-08-13,81.746074,82.251843,81.663037,81.761169,158698500
2010-08-16,81.202587,81.987665,80.908184,81.723457,147895300
2010-08-17,82.425446,83.331301,82.191429,82.727394,172270300
2010-08-18,82.689675,83.323772,82.214102,82.878395,182922100
2010-08-19,82.448082,82.651897,81.096845,81.436539,265847600
2010-08-20,81.194986,81.481844,80.583534,81.17234,209714200
2010-08-23,81.557328,81.957414,80.825092,80.862839,163490300
2010-08-24,79.979654,80.311804,79.239874,79.662605,280677800
2010-08-25,79.224748,80.274032,78.726529,79.972084,272234800
2010-08-26,80.349563,80.455246,79.171944,79.436157,224439500
2010-08-27,79.93439,80.749663,78.741676,80.666626,272649000
2010-08-30,80.455208,80.70432,79.488961,79.496506,167238600
2010-08-31,79.202103,80.00228,78.877504,79.496506,273933100
2010-09-01,80.568449,81.987623,80.515607,81.87439,256828100
2010-09-02,82.07068,82.651936,81.897055,82.636841,156112200
2010-09-03,83.444563,83.784258,82.999181,83.708771,212197300
2010-09-07,83.316218,83.421901,82.697215,82.765152,141973700
2010-09-08,82.931233,83.678564,82.893487,83.34642,149924400
2010-09-09,84.282465,84.305111,83.504939,83.7314,147017900
2010-09-10,83.882379,84.252269,83.693659,84.154137,127819000
2010-09-13,84.984519,85.263822,84.644819,85.090202,178503500
2010-09-14,84.924143,85.5205,84.607094,85.037376,209823600
2010-09-15,84.788265,85.460109,84.531608,85.361977,168608400
2010-09-16,85.09774,85.392144,84.810882,85.339302,199962900
2010-09-17,85.788557,85.872039,85.135883,85.371147,195836900
2010-09-20,85.667138,86.866237,85.393926,86.676506,214555200
2010-09-21,86.744823,87.154636,86.145274,86.501968,268389100
2010-09-22,86.365382,86.851092,85.834133,86.076988,191322400
2010-09-23,85.37117,86.266699,85.135906,85.378761,202354300
2010-09-24,86.327411,87.200173,86.25152,87.139458,209671800
2010-09-27,87.169813,87.268471,86.63857,86.722046,128761800
2010-09-28,86.835889,87.306423,85.894827,87.02562,209207500
2010-09-29,86.805534,87.207768,86.532322,86.87384,179665800
2010-09-30,87.314012,87.875613,86.20598,86.615799,287106700
2010-10-01,87.268483,87.367147,86.464027,86.980095,174638700
2010-10-04,86.797942,87.162221,85.894822,86.327408,166153200
2010-10-05,87.124299,88.277858,87.025635,88.065361,229634100
2010-10-06,88.050171,88.285441,87.701068,88.057762,148626600
2010-10-07,88.414451,88.437217,87.420264,87.951508,164860000
2010-10-08,88.072931,88.687656,87.739003,88.444801,177760100
2010-10-11,88.581429,88.77116,88.224735,88.528305,103098300
2010-10-12,88.239907,89.059545,87.769379,88.801514,182210000
2010-10-13,89.294818,89.970259,89.082315,89.492134,194347200
2010-10-14,89.408635,89.560423,88.581412,89.143013,217764300
2010-10-15,89.765334,89.818458,88.611774,89.325157,243705000
2010-10-18,89.355509,90.061307,89.029172,89.765327,141204800
2010-10-19,88.938131,89.439017,88.050187,88.589027,280604700
2010-10-20,88.748365,89.886748,88.69524,89.454163,200051800
2010-10-21,89.856386,90.380039,88.953267,89.651474,221585500
2010-10-22,89.788086,89.95505,89.552822,89.818443,108212400
2010-10-25,90.418011,90.888545,90.015783,90.084084,151145700
2010-10-26,89.628732,90.190333,89.454183,90.099266,158982900
2010-10-27,89.469385,89.939919,88.991266,89.841255,190024000
2010-10-28,90.357293,90.395241,89.423822,89.856407,168576000
2010-10-29,89.765317,90.099245,89.605944,89.92469,144305500
2010-11-01,90.364897,90.880964,89.439011,89.955078,174074800
2010-11-02,90.630509,90.880954,90.387654,90.668457,158345900
2010-11-03,90.827846,91.085877,89.894369,91.032753,226702800
2010-11-04,92.042089,92.831369,91.047903,92.785835,215039400
2010-11-05,92.846555,93.286731,92.72513,93.134949,180654100
2010-11-08,92.846526,93.112153,92.542962,92.960365,156107100
2010-11-09,93.210883,93.309541,91.920717,92.292587,186621600
2010-11-10,92.269792,92.709968,91.571584,92.664429,221387400
2010-11-11,91.867554,92.451922,91.58675,92.315315,158017600
2010-11-12,91.692999,92.095227,90.805062,91.222466,239068800
2010-11-15,91.510862,91.867557,91.05551,91.093452,163940800
2010-11-16,90.531835,90.683618,89.241664,89.674255,299566200
2010-11-17,89.712212,90.091673,89.44659,89.719803,172308900
2010-11-18,90.584977,91.366666,90.577386,91.040329,197723700
2010-11-19,90.9948,91.328722,90.501499,91.290779,156852900
2010-11-22,90.835428,91.252832,90.137215,91.21489,181361000
2010-11-23,90.137195,90.326926,89.545237,89.894341,222309000
2010-11-24,90.463543,91.245238,90.448367,91.222466,140046100
2010-11-26,90.433209,90.926504,90.159996,90.159996,76007800
2010-11-29,89.932313,90.67606,89.35553,90.433205,223642300
2010-11-30,89.537644,90.440758,89.408623,89.92469,233930700
2010-12-01,91.222465,92.011745,91.21488,91.837196,221037200
2010-12-02,91.981369,93.08181,91.928245,93.013504,191213600
2010-12-03,92.694785,93.370226,92.672018,93.263977,151288900
2010-12-06,93.066673,93.377834,92.968015,93.165337,103050500
2010-12-07,94.060834,94.113958,93.165305,93.21843,206581000
2010-12-08,93.332294,93.635858,92.899708,93.559967,138019200
2010-12-09,94.083628,94.121571,93.461312,93.924255,123705100
2010-12-10,94.21259,94.561694,93.901435,94.470627,117571700
2010-12-13,94.903225,95.017059,94.500992,94.531349,133812700
2010-12-14,94.675576,95.039861,94.326472,94.614861,147249600
2010-12-15,94.440303,94.812173,94.022893,94.182266,160823100
2010-12-16,94.242981,94.796997,93.916644,94.728691,185035200
2010-12-17,94.662267,94.952172,94.463908,94.830109,141075300
2010-12-20,95.089553,95.287913,94.586034,95.059036,119085500
2010-12-21,95.356577,95.722778,95.265031,95.661743,94965500
2010-12-22,95.730404,95.989792,95.677,95.959274,78878100
2010-12-23,95.852478,95.959285,95.585459,95.82196,70053700
2010-12-27,95.463381,95.951646,95.394722,95.8601,58126000
2010-12-28,96.050833,96.088975,95.745666,95.997429,55309100
2010-12-29,96.111842,96.279678,96.050807,96.066063,58033100
2010-12-30,95.974517,96.226274,95.768527,95.913483,76616900
2010-12-31,95.768544,96.027938,95.615964,95.936386,91218900
2011-01-03,96.668791,97.347784,95.898246,96.928185,138725200
2011-01-04,97.14179,97.172307,96.272069,96.874771,137409700
2011-01-05,96.569632,97.439353,96.47808,97.378319,133975300
2011-01-06,97.416414,97.523222,96.897633,97.187538,122519000
2011-01-07,97.317264,97.477475,96.241559,96.996841,156034600
2011-01-10,96.569605,97.012096,96.279694,96.874771,122401700
2011-01-11,97.225686,97.454557,96.851855,97.218056,110287000
2011-01-12,97.813147,98.202228,97.240956,98.095421,107929200
2011-01-13,98.133584,98.179357,97.691093,97.935219,129048400
2011-01-14,97.797872,98.667593,97.729213,98.644707,117677900
2011-01-18,98.553154,98.904099,98.438722,98.812553,114401300
2011-01-19,98.728649,98.827819,97.584278,97.843666,151958400
2011-01-20,97.622422,97.9581,96.989203,97.713974,175745700
2011-01-21,98.324312,98.545552,97.828411,97.935219,151462900
2011-01-24,97.874172,98.606574,97.851286,98.492142,113715500
2011-01-25,98.232743,98.629461,97.736853,98.54554,167552200
2011-01-26,98.789683,99.216913,98.591318,98.927002,141281500
2011-01-27,98.949922,99.339015,98.774455,99.171173,123302700
2011-01-28,99.285573,99.44579,97.279112,97.439323,295637300
2011-01-31,97.706349,98.248011,97.462211,98.171715,149249200
2011-02-01,98.766796,99.918791,98.705761,99.743324,167194300
2011-02-02,99.483956,99.81964,99.430559,99.552628,118323600
2011-02-03,99.377131,99.92643,98.85073,99.773849,145886700
2011-02-04,99.81198,100.094255,99.354228,100.056107,134634800
2011-02-07,100.277351,101.009741,100.269714,100.681694,112439100
2011-02-08,100.773266,101.192871,100.498617,101.139473,99072800
2011-02-09,100.864795,101.185218,100.407043,100.910568,146436700
2011-02-10,100.399439,101.06317,100.170563,100.948738,162708500
2011-02-11,100.552007,101.681116,100.529121,101.551422,137710300
2011-02-14,101.490394,101.879476,101.375962,101.795555,101690700
2011-02-15,101.482757,101.635338,100.94872,101.475121,119575400
2011-02-16,101.818446,102.238039,101.612456,102.115982,130183500
2011-02-17,101.818438,102.558454,101.726881,102.421135,109810500
2011-02-18,102.512689,102.756827,102.276188,102.634758,130002400
2011-02-22,101.559074,102.657672,100.300271,100.574921,233116400
2011-02-23,100.513848,100.757986,99.338966,99.956924,227584000
2011-02-24,99.850116,100.277346,98.949872,99.888252,260431400
2011-02-25,100.307863,101.017379,100.246829,100.956345,141686900
2011-02-28,101.33015,101.711607,100.994467,101.581902,141585500
2011-03-01,101.902355,101.993901,99.857741,99.888252,258565500
2011-03-02,99.750953,100.567276,99.445792,100.101898,200277400
2011-03-03,101.009719,101.940475,101.002094,101.826042,176480100
2011-03-04,101.749774,101.948139,100.399425,101.063156,277202300
2011-03-07,101.360694,101.589571,99.743321,100.269722,216790400
2011-03-08,100.429946,101.467509,99.995092,101.147087,174615000
2011-03-09,100.948738,101.314934,100.39944,101.002136,153806000
2011-03-10,99.941682,100.079001,99.033813,99.132996,301291800
2011-03-11,98.812578,100.178189,98.789692,99.819618,225621800
2011-03-14,99.171138,99.544959,98.461623,99.216911,234974100
2011-03-15,96.577236,98.667624,96.508577,98.080177,359585400
2011-03-16,97.767377,98.087811,95.577819,96.264442,468670300
2011-03-17,97.652951,97.950487,96.966328,97.538513,254303700
2011-03-18,98.720779,98.751434,97.7017,97.893257,230435400
2011-03-21,99.111557,99.617258,98.996616,99.410385,153992600
2011-03-22,99.395066,99.525324,98.973639,99.065582,129538600
2011-03-23,98.789759,99.609628,98.322371,99.349113,148603100
2011-03-24,99.916103,100.444802,99.35676,100.299217,159129800
2011-03-25,100.559764,101.04248,100.29158,100.605736,155642800
2011-03-28,100.820276,101.080791,100.329891,100.360535,109762400
2011-03-29,100.276228,101.065442,99.946756,101.034798,129798800
2011-03-30,101.563507,102.030907,101.417922,101.732079,135835000
2011-03-31,101.601809,101.877651,101.486868,101.594139,132537100
2011-04-01,102.22242,102.498262,101.778007,102.023193,153850100
2011-04-04,102.237771,102.42167,101.816355,102.107513,100768900
2011-04-05,101.908295,102.544265,101.862323,102.092194,120791500
2011-04-06,102.58258,102.674524,102.00024,102.414009,120411600
2011-04-07,102.230127,102.659213,101.647798,102.153511,170731500
2011-04-08,102.605575,102.666874,101.379605,101.801033,147945400
2011-04-11,101.908295,102.253095,101.249339,101.494537,121385400
2011-04-12,100.927549,101.126764,100.368206,100.735992,161187400
2011-04-13,101.203367,101.279983,100.345196,100.72831,162059000
2011-04-14,100.145952,100.958152,99.81648,100.804909,161220400
2011-04-15,100.988812,101.425556,100.689983,101.172699,170006700
2011-04-18,100.061675,101.165044,99.234147,100.038689,210759300
2011-04-19,100.191953,100.644036,99.946766,100.61338,124258800
2011-04-20,101.816353,102.207125,101.747384,101.984924,156133800
2011-04-21,102.513609,102.551923,101.984922,102.505951,135935400
2011-04-25,102.42931,102.567237,102.061524,102.398666,65757100
2011-04-26,102.712868,103.486754,102.605596,103.279869,146600000
2011-04-27,103.479052,104.107352,103.057624,103.954109,143031000
2011-04-28,103.770211,104.429168,103.754895,104.291252,124791100
2011-04-29,104.329565,104.643721,104.191638,104.536438,115094100
2011-05-02,105.026825,105.111098,104.168642,104.375526,126278700
2011-05-03,104.176348,104.352577,103.471408,104.000107,138375000
2011-05-04,103.954153,104.000125,102.850783,103.310524,182678500
2011-05-05,102.73583,103.402444,101.92363,102.375702,226900000
2011-05-06,103.394795,103.923494,102.42934,102.827782,222787200
2011-05-09,102.820112,103.52504,102.659199,103.226212,114104500
2011-05-10,103.571027,104.291283,103.440769,104.107384,114806900
2011-05-11,103.95413,103.969458,102.536615,103.011673,193564200
2011-05-12,102.73584,103.71661,102.207141,103.502068,171550700
2011-05-13,103.55566,103.701245,102.337361,102.705147,157444900
2011-05-16,102.337379,103.141921,101.885308,102.053879,141675400
2011-05-17,101.670788,102.176501,101.234033,102.038574,192686200
2011-05-18,102.092207,103.05765,101.869994,102.950378,135217900
2011-05-19,103.287542,103.463772,102.628586,103.195587,119489500
2011-05-20,102.927387,103.19556,102.184145,102.375702,182594900
2011-05-23,101.126773,101.693786,100.827944,101.188072,168700000
2011-05-24,101.479223,101.701424,100.91221,101.103767,147199600
2011-05-25,100.697653,101.862323,100.667009,101.440895,151050100
2011-05-26,101.165068,102.092209,100.973511,101.90831,164850000
2011-05-27,102.191816,102.57493,101.877672,102.299088,120921900
2011-05-31,103.264526,103.379456,102.551928,103.364128,164731200
2011-06-01,103.06526,103.379416,100.958134,101.042419,233094300
2011-06-02,101.111437,101.32598,100.345209,100.935196,200466800
2011-06-03,99.724542,100.697655,99.670912,99.931427,234690200
2011-06-06,99.678565,99.88545,98.743766,98.874023,179951200
2011-06-07,99.379722,99.663234,98.728436,98.812721,161660500
2011-06-08,98.659494,98.988978,98.21508,98.398979,198696400
2011-06-09,98.667156,99.555972,98.429628,99.149872,160964400
2011-06-10,98.728474,98.789762,97.510169,97.770683,238629400
2011-06-13,97.99289,98.261075,97.349262,97.847305,207599800
2011-06-14,98.743788,99.4334,98.705486,99.0886,160570400
2011-06-15,98.261053,99.073252,97.065734,97.326248,300958000
2011-06-16,97.356926,98.054196,96.789919,97.540825,308032800
2011-06-17,98.509485,98.517186,97.500752,97.831863,233284900
2011-06-20,97.500788,98.540323,97.469987,98.332413,159479000
2011-06-21,98.840575,99.872408,98.370859,99.679901,193157300
2011-06-22,99.371921,99.957137,99.017704,99.079308,176703000
2011-06-23,97.916604,99.05624,97.169677,98.794434,334286500
2011-06-24,98.771308,98.848304,97.500763,97.647064,226129300
2011-06-27,97.708644,98.894479,97.516137,98.517174,168904700
2011-06-28,98.909905,99.818543,98.771306,99.803139,165556300
2011-06-29,100.257458,100.819574,99.818549,100.657875,244295500
2011-06-30,100.981261,101.782083,100.650155,101.620384,223322700
2011-07-01,101.712761,103.260521,101.474054,103.12191,202385700
2011-07-05,103.014162,103.245172,102.713852,103.037262,165936000
2011-07-06,102.790852,103.291365,102.498238,103.160461,143331600
2011-07-07,104.076801,104.492611,103.861195,104.230804,170464200
2011-07-08,103.052645,104.230785,102.713832,103.491554,194100500
2011-07-11,102.221004,102.55211,101.381678,101.620384,195918600
2011-07-12,101.404779,102.244105,101.150669,101.181465,214675700
2011-07-13,101.712816,102.58295,101.273907,101.520309,204062600
2011-07-14,101.774387,102.244103,100.627043,100.81955,226111800
2011-07-15,101.381693,101.543392,100.69637,101.404793,220012800
2011-07-18,100.935087,101.08909,99.818551,100.573174,196872100
2011-07-19,101.135314,102.328857,101.112214,102.20565,166554900
2011-07-20,102.467442,102.529033,101.966917,102.14402,137145400
2011-07-21,102.721537,103.814985,102.159421,103.560875,245246300
2011-07-22,103.583965,103.737968,102.998738,103.630165,126019400
2011-07-25,102.644522,103.560855,102.536719,103.052635,136653800
2011-07-26,102.983339,103.152746,102.436615,102.667625,131278200
2011-07-27,102.097829,102.128636,100.434568,100.565483,249020100
2011-07-28,100.565472,101.466401,100.111147,100.272858,207939900
2011-07-29,99.264107,100.52695,98.54028,99.587517,307038400
2011-08-01,100.750239,100.84265,98.201453,99.163986,325790900
2011-08-02,98.417092,98.948412,96.63063,96.63063,346653800
2011-08-03,96.761527,97.262039,95.121366,97.154236,370830800
2011-08-04,95.806717,95.960726,92.4494,92.603409,520721800
2011-08-05,93.758435,93.997142,89.985304,92.46479,655619200
2011-08-08,90.023809,92.495593,86.258373,86.443184,702263900
2011-08-09,87.836952,90.585947,84.910848,90.462746,717828700
2011-08-10,88.753258,89.538682,86.204466,86.466278,662607400
2011-08-11,87.213213,91.571561,86.489387,90.347221,487979700
2011-08-12,91.171165,91.794885,90.308733,90.955559,313731600
2011-08-15,91.779462,92.972999,91.633155,92.8806,258810600
2011-08-16,91.995079,92.934513,91.101846,92.087479,294095200
2011-08-17,92.595672,93.327195,91.417533,92.149055,238201100
2011-08-18,89.708079,92.179863,87.313296,88.175728,512956300
2011-08-19,86.982202,89.230679,86.627991,86.735794,428281300
2011-08-22,88.683929,88.730135,86.558661,86.805069,275090600
2011-08-23,87.128485,89.761974,86.689571,89.661873,331136600
2011-08-24,89.469409,91.04796,89.261498,90.924759,246869700
2011-08-25,91.425242,91.941158,89.222966,89.538673,312365400
2011-08-26,89.084382,91.255857,87.66753,90.840042,314495900
2011-08-29,92.064397,93.504349,90.909356,93.450447,190977200
2011-08-30,93.042325,94.274366,91.833383,93.696846,241315700
2011-08-31,94.297453,95.105983,93.404225,94.112648,301828400
2011-09-01,94.166541,95.021271,93.003799,93.127007,254585900
2011-09-02,91.186534,93.073103,90.42421,90.74762,255517200
2011-09-06,88.083328,90.216305,88.075626,90.085396,285130500
2011-09-07,91.448348,92.664986,91.140336,92.626488,209803200
2011-09-08,92.072076,93.127015,91.456053,91.663963,250568200
2011-09-09,90.616731,91.679365,88.768666,89.261482,380195100
2011-09-12,88.144948,89.90831,87.821539,89.839005,305793500
2011-09-13,90.131611,91.001739,89.492488,90.662926,272514700
2011-09-14,91.124936,93.019206,89.877496,91.918068,319389500
2011-09-15,92.903706,93.535128,91.941173,93.504326,326777200
2011-09-16,93.87972,94.406047,93.128929,94.057739,284528300
2011-09-19,92.517458,93.601074,91.890512,93.121185,241517000
2011-09-20,93.515941,94.421531,92.888994,93.012833,218932200
2011-09-21,93.059269,93.345649,90.125769,90.272827,316251300
2011-09-22,87.656638,88.399687,86.147321,87.354774,513911300
2011-09-23,86.774291,88.361015,86.704627,87.881126,307242500
2011-09-26,88.709343,90.094822,87.447708,89.970978,260673700
2011-09-27,91.743426,92.540656,90.435347,90.977158,311753900
2011-09-28,91.162939,91.712486,88.987972,89.119553,286696800
2011-09-29,90.597893,91.046815,88.182979,89.823883,298108900
2011-09-30,88.58551,89.359521,87.517378,87.5793,288392300
2011-10-03,87.068417,88.198471,84.994069,85.086952,365136800
2011-10-04,83.864031,87.138098,83.151943,86.952332,459177500
2011-10-05,87.169048,88.794469,86.364077,88.562263,284108000
2011-10-06,88.515827,90.296053,87.857919,90.164467,257800800
2011-10-07,90.690792,90.752714,89.05763,89.560738,312657900
2011-10-10,91.085524,92.594842,91.077782,92.556145,230666300
2011-10-11,92.006631,92.912222,91.913748,92.649055,209088000
2011-10-12,93.345659,94.537636,93.136679,93.461761,281544900
2011-10-13,92.912208,93.554638,92.200119,93.275993,212538800
2011-10-14,94.359617,94.89368,93.833289,94.870461,211397600
2011-10-17,94.421527,94.854977,92.827067,93.059273,202311600
2011-10-18,92.989602,95.590277,92.26203,94.878189,318857900
2011-10-19,94.72338,95.265191,93.430784,93.755867,226601300
2011-10-20,93.988082,94.506668,92.741925,94.166107,262075600
2011-10-21,95.272946,96.070181,94.986566,95.954079,278999400
2011-10-24,96.108853,97.370494,96.023712,97.130547,203215600
2011-10-25,96.666135,96.712573,95.032973,95.241959,268596800
2011-10-26,96.24817,96.573252,94.591788,96.209473,289053800
2011-10-27,98.786927,100.172407,97.99744,99.560944,393220200
2011-10-28,99.073332,99.731245,98.918532,99.537743,225906500
2011-10-31,98.423158,99.553207,96.998976,97.138298,228146700
2011-11-01,94.452487,95.598025,94.05774,94.429268,416565800
2011-11-02,95.845674,96.28686,95.040703,95.969513,244717600
2011-11-03,96.960256,97.912291,95.66766,97.718788,291174800
2011-11-04,96.929315,97.293095,95.985022,97.122818,249401600
2011-11-07,97.053141,97.827151,96.132067,97.726532,196617200
2011-11-08,98.237397,99.088813,97.300845,98.980446,224426300
2011-11-09,96.666191,97.370544,95.094951,95.327156,337982000
2011-11-10,96.588746,96.704849,95.218745,96.22496,231866500
2011-11-11,97.393733,98.291582,97.362772,98.036163,189924400
2011-11-14,97.672376,98.647625,96.689379,97.107346,159258300
2011-11-15,96.882844,98.105782,96.534542,97.587196,184709400
2011-11-16,96.604239,97.788474,95.899893,96.039215,235782500
2011-11-17,95.861173,96.10112,93.83327,94.514397,331219600
2011-11-18,94.816278,95.009781,94.019048,94.413795,215580400
2011-11-21,93.036033,93.152136,91.83632,92.618073,229611600
2011-11-22,92.416814,92.958619,91.735681,92.254272,216494900
2011-11-23,91.387385,92.254279,90.218628,90.218628,224329100
2011-11-25,90.079331,91.101025,89.940009,90.04837,99557000
2011-11-28,92.525211,93.020578,91.967923,92.656792,210686000
2011-11-29,92.919952,93.65526,92.579386,92.919952,199241500
2011-11-30,95.582553,96.921593,92.881258,96.743568,324439500
2011-12-01,96.635182,97.246651,96.310099,96.728065,176954800
2011-12-02,97.618184,97.912306,96.581007,96.642929,221109700
2011-12-05,98.175477,98.438644,97.091868,97.695595,225263900
2011-12-06,97.687829,98.384439,97.339527,97.726532,178842100
2011-12-07,97.40145,98.500549,96.728065,98.090324,237802500
2011-12-08,97.447907,97.664629,95.706384,95.938583,240862800
2011-12-09,96.372057,97.811717,96.286915,97.564034,209111400
2011-12-12,96.712575,96.728058,95.327101,96.139809,215826100
2011-12-13,96.642915,97.192462,94.777548,95.241959,245159800
2011-12-14,94.8627,95.226486,94.019032,94.228012,238618800
2011-12-15,95.226473,95.358053,94.421502,94.568565,199109200
2011-12-16,95.207323,95.76814,94.482927,94.708809,220481400
2011-12-19,95.074882,95.277403,93.493677,93.696198,183903000
2011-12-20,95.16834,96.695021,93.758498,96.531448,225418100
2011-12-21,96.531452,96.866388,95.612328,96.718391,194230900
2011-12-22,97.076718,97.676489,96.765155,97.575226,119465400
2011-12-23,97.886801,98.478782,97.684287,98.447624,92187200
2011-12-27,98.276251,98.78255,98.19057,98.525505,86075700
2011-12-28,98.541067,98.556643,97.154592,97.232483,119107100
2011-12-29,97.551837,98.338547,97.25585,98.237289,123507200
2011-12-30,98.159384,98.400853,97.754349,97.754349,95599000
2012-01-03,99.514731,99.997663,99.257686,99.31221,193697900
2012-01-04,99.078543,99.553684,98.696874,99.468002,127186500
2012-01-05,98.930539,99.880815,98.478764,99.732819,173895000
2012-01-06,99.857453,99.873035,99.14864,99.475784,148050000
2012-01-09,99.701673,99.841873,99.242113,99.717255,99530200
2012-01-10,100.78434,100.986855,100.441614,100.581825,115282000
2012-01-11,100.270267,100.768775,100.106701,100.63636,111540700
2012-01-12,100.924568,101.025819,100.12227,100.877823,118983700
2012-01-13,100.200168,100.519528,99.483564,100.355949,179836200
2012-01-17,101.321819,101.508764,100.402688,100.745415,132209200
2012-01-18,100.722033,101.913779,100.542885,101.859261,163395200
2012-01-19,102.209799,102.482425,101.882654,102.396744,126328900
2012-01-20,102.225371,102.778397,101.976111,102.778397,138230200
2012-01-23,102.435646,103.01205,102.022819,102.513542,129295800
2012-01-24,101.882654,102.427895,101.726873,102.396744,103083300
2012-01-25,102.240935,103.494995,101.84369,103.253532,198613200
2012-01-26,103.713065,103.907795,102.318805,102.723846,184880500
2012-01-27,102.225342,102.856264,102.15523,102.677116,135259100
2012-01-30,101.656736,102.381137,101.306225,102.326607,147311800
2012-01-31,102.832923,102.957541,101.789162,102.287682,157212000
2012-02-01,103.043222,103.705308,102.918604,103.183434,166234500
2012-02-02,103.385971,103.611865,102.980942,103.347023,113090400
2012-02-03,104.375173,104.858099,104.196025,104.795784,160598500
2012-02-06,104.359615,104.772441,104.242782,104.725708,107694500
2012-02-07,104.507621,105.169707,104.094795,104.990547,135528100
2012-02-08,105.045049,105.32546,104.616641,105.302094,139361400
2012-02-09,105.473473,105.613673,104.811387,105.434525,148602900
2012-02-10,104.49979,104.741253,104.25053,104.655571,167907500
2012-02-13,105.403373,105.559154,104.951598,105.434525,115841900
2012-02-14,105.154097,105.364408,104.569908,105.302094,165329500
2012-02-15,105.644859,105.80064,104.601097,104.811409,195195100
2012-02-16,104.81915,106.065413,104.632205,105.971947,186567800
2012-02-17,106.338108,106.423789,105.901915,106.252426,129869400
2012-02-21,106.501656,106.750916,105.971996,106.299141,134042300
2012-02-22,106.135554,106.361447,105.769461,105.956406,124455300
2012-02-23,105.901862,106.501621,105.543554,106.423737,137704300
2012-02-24,106.657417,106.867729,106.423751,106.657417,105539100
2012-02-27,105.948603,107.124767,105.77724,106.836571,145728900
2012-02-28,106.867683,107.272724,106.657371,107.148094,129355900
2012-02-29,107.303924,107.638866,106.353642,106.727531,185934700
2012-03-01,106.953373,107.483044,106.65738,107.280518,145023500
2012-03-02,107.210452,107.350664,106.711944,106.953407,120638300
2012-03-05,106.789838,106.867723,106.151119,106.517212,140765000
2012-03-06,105.426722,105.489025,104.655588,104.959366,202129900
2012-03-07,105.200874,105.86296,105.099611,105.691597,143692200
2012-03-08,106.338104,106.961242,106.120007,106.743134,116968900
2012-03-09,106.945595,107.436306,106.81318,107.155907,122836800
2012-03-12,107.14036,107.303927,106.782052,107.163727,104003500
2012-03-13,107.740147,109.149989,107.560987,109.095459,184090500
2012-03-14,109.126588,109.399203,108.64365,108.978592,145163600
2012-03-15,109.142194,109.656284,108.861783,109.60955,165118500
2012-03-16,109.808222,109.902098,109.526582,109.761284,152893500
2012-03-19,109.690897,110.527987,109.612659,110.191589,125291100
2012-03-20,109.56574,110.003845,109.244981,109.87085,121729700
2012-03-21,109.933432,110.035127,109.464027,109.69091,122388400
2012-03-22,108.885069,109.17454,108.540852,108.900719,135216700
2012-03-23,108.994603,109.377938,108.392203,109.252762,120521000
2012-03-26,110.035111,110.786156,109.996004,110.786156,120164000
2012-03-27,110.887876,110.958283,110.371533,110.44194,119868500
2012-03-28,110.387122,110.559236,109.244912,109.894249,148562100
2012-03-29,109.244939,109.909927,108.814654,109.706512,164963700
2012-03-30,110.24632,110.348027,109.565695,110.160263,135486800
2012-04-02,110.027283,111.255551,109.808231,110.96608,151741100
2012-04-03,110.809573,110.997338,109.862946,110.512283,155806700
2012-04-04,109.698716,109.792593,109.01026,109.417076,146896000
2012-04-05,109.041557,109.683064,108.947669,109.362305,137439400
2012-04-09,107.985365,109.401385,107.83672,108.13401,127555900
2012-04-10,107.9228,108.227909,106.209489,106.319016,235360300
2012-04-11,107.406467,107.60205,106.984013,107.179596,154133000
2012-04-12,107.2813,108.666021,107.203062,108.579964,154321500
2012-04-13,108.329643,108.603464,107.187432,107.289139,169246700
2012-04-16,107.836765,107.993229,106.85103,107.218727,147825300
2012-04-17,107.836742,109.025891,107.727216,108.806839,147877600
2012-04-18,108.321788,108.80683,108.2592,108.439133,123884200
2012-04-19,108.4548,108.861604,107.234363,107.742874,198666700
2012-04-20,108.220081,108.611247,107.860202,107.922791,143199600
2012-04-23,106.819737,107.109208,106.350344,107.01532,171844900
2012-04-24,107.109183,107.695933,107.023126,107.422112,137484200
2012-04-25,108.470455,108.93986,108.376579,108.892921,150252200
2012-04-26,108.65819,109.776932,108.595602,109.651756,136291600
2012-04-27,109.980318,110.144601,109.370099,109.831673,130725000
2012-04-30,109.61263,109.690868,109.127587,109.424866,115092200
2012-05-01,109.362274,110.825244,109.23711,110.105499,138832200
2012-05-02,109.464007,109.886473,109.10414,109.776947,121081000
2012-05-03,109.79259,109.878647,108.736448,108.93985,143759700
2012-05-04,108.368745,108.978964,107.117008,107.179596,193927300
2012-05-07,106.79625,107.617702,106.757143,107.257835,127765900
2012-05-08,106.616312,106.999659,105.552339,106.827545,213377700
2012-05-09,105.69317,106.874489,105.215947,106.193863,220752500
2012-05-10,106.929233,107.06224,106.170382,106.412903,150600000
2012-05-11,105.747897,107.07786,105.700959,106.092125,153032400
2012-05-14,105.07512,106.092155,104.762191,104.918655,163910000
2012-05-15,104.848246,105.466284,104.15197,104.316254,207629300
2012-05-16,104.785657,105.26288,103.893798,103.917267,207265500
2012-05-17,103.940757,104.065933,102.321322,102.376091,247992900
2012-05-18,102.775072,102.955018,101.351233,101.499878,319615900
2012-05-21,101.828433,103.283572,101.664138,103.244453,177861100
2012-05-22,103.510442,104.230187,102.751578,103.424385,197531200
2012-05-23,102.681174,103.627802,101.695439,103.479156,204958400
2012-05-24,103.760787,103.92507,102.814159,103.682549,167357600
2012-05-25,103.643447,103.932918,103.095816,103.346169,135465600
2012-05-29,104.175438,104.777826,102.618592,104.597893,152883500
2012-05-30,103.706015,104.590055,102.868926,103.080147,162370400
2012-05-31,103.041066,103.619985,101.969262,102.853302,196186000
2012-06-01,101.241687,102.87676,100.263771,100.263771,253240900
2012-06-04,100.443706,100.717528,99.46579,100.216835,202545800
2012-06-05,100.021263,101.124349,99.966499,100.975716,164149400
2012-06-06,101.679788,103.291391,101.648488,103.244453,184202800
2012-06-07,104.417972,104.46491,103.095827,103.30706,184772700
2012-06-08,103.041052,104.151963,102.712462,104.128494,143915400
2012-06-11,104.965569,105.028157,102.704628,102.806335,169756100
2012-06-12,103.103654,104.058101,102.610792,103.987694,181931800
2012-06-13,103.682575,104.331912,102.970649,103.322708,172223900
2012-06-14,103.533899,104.832574,103.252258,104.417938,230615500
2012-06-15,104.888213,105.580225,104.668026,105.485863,169444500
2012-06-18,105.045507,105.949847,104.809589,105.690338,131360900
2012-06-19,106.225068,107.145138,105.666728,106.712624,137382600
2012-06-20,106.720489,107.027179,105.588091,106.539612,206451800
2012-06-21,106.665436,106.775529,104.062499,104.149002,205272200
2012-06-22,104.69161,105.147715,104.290545,104.951118,130029200
2012-06-25,103.842308,103.88163,102.898647,103.26825,146375700
2012-06-26,103.567067,104.101816,102.961546,103.787254,141634000
2012-06-27,104.133324,104.92757,103.779452,104.723114,108088000
2012-06-28,104.031055,104.581535,103.236809,104.424248,169242100
2012-06-29,106.319436,107.160875,106.044208,107.027191,212250900
2012-07-02,107.326003,107.459688,106.571079,107.349594,129524500
2012-07-03,107.326005,108.135982,107.215911,108.05735,80450000
2012-07-05,107.656297,108.364052,107.1766,107.569794,126177500
2012-07-06,106.531754,106.767673,106.044199,106.547485,151192100
2012-07-09,106.460969,106.610384,105.92622,106.413788,103780500
2012-07-10,106.956401,107.129407,105.12412,105.485863,167884800
2012-07-11,105.540939,105.847629,104.888237,105.501617,141733400
2012-07-12,104.888211,105.556632,104.27483,104.990433,143583200
2012-07-13,105.265698,106.862062,105.249967,106.751968,129642600
2012-07-16,106.508177,106.814867,106.083521,106.500305,97525200
2012-07-17,106.924953,107.451831,105.808286,107.231644,138860300
2012-07-18,106.980029,108.238252,106.917129,108.025925,113349700
2012-07-19,108.246078,108.662862,107.900078,108.30899,129847300
2012-07-20,107.6956,107.860747,107.200185,107.318138,142904500
2012-07-23,105.745362,107.247363,105.249935,106.232918,145210900
2012-07-24,106.311571,106.358753,104.612974,105.320717,173301200
2012-07-25,105.540949,105.816177,104.786013,105.344353,129122300
2012-07-26,106.862027,107.310273,106.3666,107.082214,156526500
2012-07-27,107.648434,109.362763,107.058645,109.056061,236768900
2012-07-30,108.930248,109.575079,108.733651,109.056061,106782000
2012-07-31,108.906662,109.205481,108.293282,108.293282,120575900
2012-08-01,109.071818,109.095409,108.049513,108.198929,138293800
2012-08-02,107.381071,108.183189,106.618276,107.451843,199556600
2012-08-03,108.961695,109.810994,107.483285,109.582947,157825000
2012-08-06,109.873901,110.227772,109.748076,109.795258,86326200
2012-08-07,110.235636,110.817566,110.117683,110.345741,109545100
2012-08-08,109.976144,110.605244,109.944682,110.479431,89754700
2012-08-09,110.32215,110.793986,110.212056,110.573799,90291700
2012-08-10,110.125565,110.793999,109.9447,110.754677,99792700
2012-08-13,110.565969,110.754694,110.125583,110.699654,79426900
2012-08-14,111.10851,111.179294,110.385036,110.715317,102379400
2012-08-15,110.597371,111.029885,110.526599,110.841148,71085900
2012-08-16,110.998446,111.792704,110.723218,111.659019,112014200
2012-08-17,111.847702,111.902755,111.556743,111.80838,90813700
2012-08-20,111.651145,111.839882,111.344455,111.816292,78255700
2012-08-21,112.091507,112.524022,111.234349,111.478127,105581100
2012-08-22,111.195022,111.70618,110.935525,111.525314,133243500
2012-08-23,111.250077,111.257936,110.4401,110.613106,111466400
2012-08-24,110.337886,111.533197,110.267114,111.281548,99481200
2012-08-27,111.58037,111.729785,111.147855,111.30513,68785900
2012-08-28,111.022047,111.541065,110.856913,111.195053,75689600
2012-08-29,111.289419,111.580378,110.974857,111.281548,65421300
2012-08-30,110.80184,110.833303,110.243513,110.479431,96589900
2012-08-31,111.108516,111.525312,110.377183,111.006294,151970400
2012-09-04,110.911935,111.242228,110.196333,110.904076,120226200
2012-09-05,110.951274,111.250105,110.589543,110.809731,100660300
2012-09-06,111.47811,113.066614,111.47025,113.058754,158272500
2012-09-07,113.247511,113.546342,113.145289,113.499161,107272100
2012-09-10,113.389043,113.585639,112.814984,112.854294,86458500
2012-09-11,112.925091,113.5306,112.893629,113.168869,88760000
2012-09-12,113.54631,113.672135,113.160977,113.54631,87640900
2012-09-13,113.530611,115.630262,113.231792,115.27639,225470200
2012-09-14,115.504452,116.471704,115.410078,115.787552,169777000
2012-09-17,115.551631,115.748227,115.103385,115.394356,119427800
2012-09-18,115.197735,115.449373,115.008998,115.299957,98326600
2012-09-19,115.433687,115.732518,115.134868,115.362915,128318300
2012-09-20,114.836032,115.433681,114.521482,115.370781,154009800
2012-09-21,115.931263,115.95498,115.275077,115.32251,108737500
2012-09-24,114.753275,115.409461,114.66631,115.148567,95682000
2012-09-25,115.393674,115.615037,113.891557,113.923187,133165200
2012-09-26,113.899466,113.931084,113.014003,113.282799,146502200
2012-09-27,113.757152,114.610984,113.456726,114.35009,111830300
2012-09-28,113.915308,114.286884,113.417248,113.820442,150696100
2012-10-01,114.25524,115.180222,113.852034,114.120842,135911200
2012-10-02,114.57147,114.753301,113.709736,114.239426,113422200
2012-10-03,114.547719,114.974629,113.94688,114.705833,121283100
2012-10-04,115.140708,115.694115,114.982594,115.528099,124311600
2012-10-05,116.144764,116.34241,115.188152,115.536011,124842100
2012-10-08,115.109045,115.52014,114.879769,115.140663,78415400
2012-10-09,115.053737,115.148603,113.962727,114.002258,148872900
2012-10-10,113.986393,114.097086,113.124659,113.274872,124247500
2012-10-11,114.065494,114.231522,113.314441,113.338158,123601500
2012-10-12,113.417199,113.804578,112.721481,112.96656,124181900
2012-10-15,113.235393,114.025977,112.871731,113.907394,107689100
2012-10-16,114.444968,115.140686,114.365917,115.061623,108815500
2012-10-17,115.140702,115.678306,114.966773,115.583427,128834100
2012-10-18,115.282982,115.836388,114.895591,115.282982,148108500
2012-10-19,115.069558,115.077459,113.093097,113.361893,185645200
2012-10-22,113.172149,113.583256,112.484344,113.377708,125578600
2012-10-23,112.152279,112.310394,111.337979,111.80442,192056300
2012-10-24,112.207628,112.342037,111.314275,111.488205,120179400
2012-10-25,112.278786,112.484334,111.132441,111.812332,134457400
2012-10-26,111.70956,112.136471,110.990126,111.749092,146023500
2012-10-31,112.144384,112.286684,111.21939,111.749092,103438500
2012-11-01,111.986256,113.061451,111.883488,112.919151,100995600
2012-11-02,113.59115,113.62278,111.796533,111.915115,137702200
2012-11-05,111.749049,112.397321,111.416993,112.144341,98378500
2012-11-06,112.484316,113.464644,112.365733,113.021919,107068100
2012-11-07,111.994162,112.009965,109.938638,110.460426,264304500
2012-11-08,110.444621,111.005941,109.045283,109.132248,181517300
2012-11-09,108.800228,110.239097,108.744893,109.22715,201055300
2012-11-12,109.56706,109.740989,109.069,109.314079,97677500
2012-11-13,108.736947,110.088851,108.594648,108.934593,123018300
2012-11-14,109.266655,109.440572,107.219032,107.464111,191505000
2012-11-15,107.503627,107.906833,106.871158,107.282265,178128400
2012-11-16,107.440345,108.025381,106.491647,107.81192,239483900
2012-11-19,109.021591,110.009822,107.843628,109.994019,151495800
2012-11-20,109.820057,110.223251,109.163871,110.04142,119807400
2012-11-21,110.136275,110.341834,109.914912,110.246956,81710800
2012-11-23,110.784578,111.788612,110.713417,111.749092,65409200
2012-11-26,111.195699,111.757019,110.832037,111.51194,100124400
2012-11-27,111.401205,111.780682,110.871515,110.942665,128646200
2012-11-28,110.492049,111.899288,109.891209,111.836052,177086500
2012-11-29,112.255081,112.666177,111.764911,112.357849,151085900
2012-11-30,112.373675,112.595038,111.994198,112.381577,136568300
2012-12-03,112.895457,112.990323,111.741198,111.828163,124656300
2012-12-04,111.820219,112.160164,111.36958,111.670006,127512200
2012-12-05,111.764911,112.38948,110.974327,111.867691,147300500
2012-12-06,111.764913,112.294603,111.598897,112.247169,103220600
2012-12-07,112.681979,112.808475,112.002076,112.587112,108726400
2012-12-10,112.429004,112.903348,112.381559,112.634552,98840700
2012-12-11,113.100995,113.931111,113.04566,113.401421,152570400
2012-12-12,113.844101,114.278925,113.298596,113.456711,145880100
2012-12-13,113.385558,113.7097,112.476391,112.761002,135715000
2012-12-14,112.515955,112.721503,112.168096,112.342026,137701700
2012-12-17,112.634546,113.725556,112.602916,113.662308,143238200
2012-12-18,113.844119,115.029995,113.678091,114.927216,177762800
2012-12-19,115.053762,115.093294,114.033913,114.073433,150895400
2012-12-20,114.144605,114.745445,113.828364,114.72963,168487000
2012-12-21,113.194559,114.723246,113.011439,113.688194,245883800
2012-12-24,113.441341,113.505038,113.210451,113.337845,53874600
2012-12-26,113.56874,113.624479,112.541659,112.86013,106947700
2012-12-27,112.892021,113.122924,111.403146,112.7089,167920600
2012-12-28,111.976346,112.597375,111.363276,111.490669,148806700
2012-12-31,111.196094,113.505044,111.100543,113.38562,243935200
2013-01-02,115.535361,116.363395,115.232804,116.29174,192059000
2013-01-03,116.235963,116.538508,115.718432,116.028946,144761800
2013-01-04,116.22008,116.729642,115.98122,116.538551,116817700
2013-01-07,116.124561,116.331567,115.79015,116.2201,110002500
2013-01-08,116.013052,116.172288,115.431823,115.885658,121265100
2013-01-09,116.140471,116.498767,115.95735,116.180283,90745600
2013-01-10,116.825149,117.111778,116.220048,117.103821,130735400
2013-01-11,117.071944,117.159525,116.729587,117.09584,113917300
2013-01-14,116.952554,117.095875,116.5863,117.016251,89567200
2013-01-15,116.4748,117.207307,116.403146,117.09584,93172600
2013-01-16,116.857016,117.263069,116.729622,117.079948,104849500
2013-01-17,117.597512,118.170771,117.159605,117.836372,133833500
2013-01-18,117.812469,118.226492,117.382518,118.099098,169906000
2013-01-22,118.099067,118.736023,117.820396,118.736023,111797300
2013-01-23,118.736031,119.030618,118.521056,118.927109,104596100
2013-01-24,118.751913,119.540147,118.640447,118.958931,146426400
2013-01-25,119.33319,119.627777,118.927125,119.627777,147211600
2013-01-28,119.65964,119.691495,119.038612,119.484489,113357700
2013-01-29,119.245561,120.105449,119.165937,119.95417,105694400
2013-01-30,119.938312,120.177172,119.373011,119.484489,137447700
2013-01-31,119.341136,119.731274,119.110246,119.189857,108975800
2013-02-01,119.946215,120.559286,119.73921,120.415977,131173000
2013-02-04,119.683502,120.439882,118.97488,119.062462,159073600
2013-02-05,119.707393,120.607081,119.659611,120.264725,113912400
2013-02-06,119.84271,120.431884,119.755129,120.352272,138762800
2013-02-07,120.392094,120.503561,119.317231,120.193047,162490000
2013-02-08,120.400032,120.933478,120.400032,120.861824,103133700
2013-02-11,120.814075,120.941456,120.535403,120.837959,73775000
2013-02-12,120.84592,121.259943,120.710569,121.03701,65392700
2013-02-13,121.283831,121.506764,120.798154,121.140511,82322600
2013-02-14,120.774276,121.395304,120.638925,121.251984,80834300
2013-02-15,121.363471,121.490865,120.662831,121.108696,215226500
2013-02-19,121.315697,122.040235,121.148504,122.01635,95105400
2013-02-20,121.928806,121.968619,120.431962,120.495659,160574800
2013-02-21,120.193057,120.559299,119.380939,119.763107,183257000
2013-02-22,120.344324,120.93351,119.818847,120.93351,106356600
2013-02-25,121.522662,121.705783,118.632484,118.632484,245824800
2013-02-26,119.205812,119.58798,118.417578,119.444672,186596200
2013-02-27,119.341107,121.283816,119.237599,120.949417,150781900
2013-02-28,120.9415,121.713806,120.551374,120.710609,126866000
2013-03-01,120.296577,121.291817,119.755173,121.108696,170634800
2013-03-04,120.830001,121.753586,120.638923,121.753586,99010200
2013-03-05,122.342791,123.170825,122.326864,122.844383,121431900
2013-03-06,123.282245,123.345942,122.740841,123.011543,94469900
2013-03-07,123.170816,123.393748,123.027507,123.234512,86101400
2013-03-08,123.775945,123.927211,123.138989,123.760017,123477800
2013-03-11,123.66444,124.237686,123.513161,124.229729,83746800
2013-03-12,124.142171,124.285491,123.576882,123.95108,105755800
2013-03-13,124.014777,124.301407,123.592797,124.126244,92550900
2013-03-14,124.452703,124.842841,124.134231,124.787102,126329900
2013-03-15,124.638358,124.790297,124.206496,124.62236,138601100
2013-03-18,123.43075,124.470405,123.318788,123.934586,126704300
2013-03-19,124.1985,124.366437,122.830952,123.646683,167567300
2013-03-20,124.374415,124.718294,124.166477,124.510368,113759300
2013-03-21,123.766627,124.470396,123.238813,123.446739,128605000
2013-03-22,123.838608,124.438408,123.742632,124.438408,111163600
2013-03-25,124.766278,124.974217,123.438732,123.918564,151322300
2013-03-26,124.430381,124.942209,124.294427,124.910225,86856600
2013-03-27,124.166467,124.950214,123.958541,124.910225,99950600
2013-03-28,124.830274,125.438079,124.558368,125.294121,102932800
2013-04-01,125.230083,125.486003,124.494331,124.798233,99194100
2013-04-02,125.246167,125.726011,125.054226,125.414116,101504300
2013-04-03,125.486082,125.582046,123.814644,124.142525,154167400
2013-04-04,124.302448,124.894255,124.030542,124.646339,131885000
2013-04-05,123.118866,124.238499,122.97492,124.086548,159666000
2013-04-08,124.174488,124.934232,123.758624,124.926239,86571200
2013-04-09,125.158152,125.813939,124.742288,125.358086,101922200
2013-04-10,125.693994,127.053537,125.66201,126.893593,135711100
2013-04-11,126.91762,127.725359,126.78966,127.309494,110142500
2013-04-12,126.901552,127.189456,126.29376,126.997528,116359900
2013-04-15,126.357792,126.461762,124.038572,124.054558,217259000
2013-04-16,124.990216,125.949905,124.686326,125.885925,147507800
2013-04-17,124.990187,125.01419,123.382729,124.046509,226834800
2013-04-18,124.254427,124.286423,122.79892,123.27076,167583200
2013-04-19,123.558726,124.398448,123.254823,124.342461,149687600
2013-04-22,124.582331,125.190123,123.758607,124.894226,106553500
2013-04-23,125.518037,126.301771,124.894246,126.181816,166141300
2013-04-24,126.221798,126.597674,125.989869,126.261787,96781200
2013-04-25,126.6297,127.373458,126.437772,126.773659,131060600
2013-04-26,126.621694,126.837625,126.141849,126.549721,95918800
2013-04-29,126.893595,127.67733,126.693662,127.39743,88572800
2013-04-30,127.373428,127.733305,126.845602,127.701309,116010700
2013-05-01,127.421364,127.485344,126.437696,126.581642,138874200
2013-05-02,126.901551,127.869233,126.781596,127.757271,96407600
2013-05-03,128.86886,129.460667,127.781224,129.052795,144202300
2013-05-06,129.148851,129.564703,129.092864,129.380768,66882100
2013-05-07,129.6607,130.076552,129.292817,130.036575,90359200
2013-05-08,129.892559,130.6683,129.820586,130.628311,97419200
2013-05-09,130.572348,130.916227,129.932559,130.260452,106738600
2013-05-10,130.348455,130.796304,129.964575,130.684341,103203000
2013-05-13,130.516348,131.004185,130.212458,130.788254,81843200
2013-05-14,130.89222,132.235777,130.89222,132.139801,119000900
2013-05-15,131.923852,133.115445,131.883863,132.851532,120718500
2013-05-16,132.579698,133.043545,132.027881,132.227814,109913600
2013-05-17,132.715585,133.58729,132.539643,133.507324,129801000
2013-05-20,133.379374,134.019162,133.243421,133.499329,85071200
2013-05-21,133.619326,134.195135,133.15548,133.691299,95804200
2013-05-22,133.827318,135.210865,132.091899,132.699692,244031800
2013-05-23,131.2841,132.683632,131.108158,132.31575,211064400
2013-05-24,131.531978,132.259738,131.140105,132.203751,151573900
2013-05-28,133.587308,134.179115,132.603641,132.995514,143679800
2013-05-29,132.291749,132.595652,131.428037,132.131805,160363400
2013-05-30,132.235791,133.227452,132.131822,132.619659,107793800
2013-05-31,132.251778,133.003529,130.460385,130.716293,176850100
2013-06-03,131.020262,131.524098,130.084576,131.436127,168390700
2013-06-04,131.508029,132.035855,130.140481,130.80426,157631500
2013-06-05,130.428408,130.692321,128.860938,128.9729,211737800
2013-06-06,128.916898,130.148493,128.157154,130.140488,200225500
2013-06-07,131.036201,131.915899,130.468385,131.795944,188337800
2013-06-10,132.203803,132.275776,131.452053,131.795944,105667100
2013-06-11,130.596345,131.588006,130.148497,130.436401,159505400
2013-06-12,131.332122,131.468075,129.236826,129.356781,177361500
2013-06-13,129.284776,131.556014,128.996872,131.324097,163587800
2013-06-14,131.180128,131.691957,130.284432,130.500351,141197500
2013-06-17,131.388089,132.131847,130.532382,131.508057,136295600
2013-06-18,131.579972,132.747586,131.571979,132.547653,114695600
2013-06-19,132.435726,132.667643,130.660318,130.716293,206149500
2013-06-20,129.444688,130.732257,127.141455,127.477341,321255900
2013-06-21,128.344881,128.441352,126.600279,127.886627,271956800
2013-06-24,126.55203,127.372065,125.201363,126.270638,222329000
2013-06-25,127.412276,128.714707,126.560076,127.484642,162262200
2013-06-26,128.529813,129.036315,128.031359,128.746887,134848000
2013-06-27,129.518616,130.097471,129.398014,129.502533,129483700
2013-06-28,129.140777,129.759821,128.521721,128.971939,160402900
2013-07-01,129.647229,130.628066,129.502522,129.727631,131954800
2013-07-02,129.534735,130.48342,129.036281,129.607101,154863700
2013-07-03,129.020202,130.057323,128.811176,129.663376,75216400
2013-07-05,130.620088,131.110507,129.679451,131.062271,122416900
2013-07-08,131.737613,132.163713,131.110522,131.809967,108092500
2013-07-09,132.638019,132.919412,132.067211,132.758621,119298000
2013-07-10,132.630012,133.257103,132.356667,132.806885,121410100
2013-07-11,134.350504,134.752487,132.798847,134.615814,135592200
2013-07-12,134.575602,135.009737,134.366575,134.672073,104212700
2013-07-15,135.041877,135.37954,134.80872,135.186584,69450600
2013-07-16,135.275025,135.355427,134.318318,134.680099,88702100
2013-07-17,135.194579,135.451841,134.848869,135.025742,92873900
2013-07-18,135.315239,136.08705,135.226803,135.765457,103620100
2013-07-19,135.484035,136.054843,135.315197,136.006607,103831700
2013-07-22,136.199573,136.464883,135.87798,136.271927,79428600
2013-07-23,136.513133,136.537251,135.91016,135.982513,80829700
2013-07-24,136.50508,136.561364,135.210697,135.484055,112914000
2013-07-25,135.242867,135.934277,135.017758,135.813675,111088600
2013-07-26,135.242877,135.998605,134.680104,135.958405,107814600
2013-07-29,135.612668,135.918178,135.154414,135.540314,79695000
2013-07-30,135.950343,136.095051,135.218733,135.540314,85209600
2013-07-31,135.821749,136.55336,135.459968,135.636841,142388700
2013-08-01,136.665859,137.325103,136.593493,137.204514,110438400
2013-08-02,136.899044,137.453781,136.714135,137.437698,91116700
2013-08-05,137.132172,137.445718,136.955299,137.236679,54072700
2013-08-06,136.971339,137.268814,136.151304,136.456802,87495000
2013-08-07,136.022711,136.215655,135.508175,136.014664,84854700
2013-08-08,136.657846,136.818636,135.813681,136.513138,102181300
2013-08-09,136.336275,136.75434,135.644866,136.119202,91757700
2013-08-12,135.435833,136.119195,135.371514,135.958405,68593300
2013-08-13,136.199561,136.593496,135.395597,136.360352,80806000
2013-08-14,136.296045,136.513119,135.628754,135.660919,79829200
2013-08-15,134.591647,134.607718,133.530409,133.763565,152931800
2013-08-16,133.506335,133.9646,133.056117,133.321426,130868200
2013-08-19,133.168668,133.626934,132.461176,132.469223,96437600
2013-08-20,132.686244,133.618846,132.541537,133.120392,89294400
2013-08-21,132.750603,133.482213,132.002922,132.300385,159530500
2013-08-22,132.5737,133.699258,132.565665,133.506302,101471400
2013-08-23,133.900287,134.125396,133.273196,133.956558,90888900
2013-08-26,134.093257,134.503286,133.369693,133.45813,89702100
2013-08-27,132.139606,133.458107,131.215052,131.311523,158619400
2013-08-28,131.255172,132.244056,131.086346,131.777756,108113000
2013-08-29,131.488378,132.686277,131.367776,131.986832,119200500
2013-08-30,132.260151,132.276233,131.182841,131.568741,134928900
2013-09-03,132.838993,133.120385,131.608929,132.163666,142375100
2013-09-04,132.195826,133.482174,131.954647,133.257065,97389400
2013-09-05,133.337452,133.779622,133.240967,133.425888,63090500
2013-09-06,133.868099,134.245963,132.236052,133.490234,159756500
2013-09-09,133.819885,134.848959,133.819885,134.76857,87559300
2013-09-10,135.580549,135.789575,135.275038,135.765457,105847200
2013-09-11,135.58052,136.191528,135.347376,136.191528,94545900
2013-09-12,136.143227,136.3201,135.644773,135.829681,83209000
2013-09-13,135.974509,136.239819,135.660964,136.1353,72727800
2013-09-16,137.606516,137.670835,136.706068,136.923141,106299200
2013-09-17,137.043761,137.566333,137.043761,137.53418,82523300
2013-09-18,137.485913,139.503871,137.140215,139.126007,203460600
2013-09-19,139.503873,139.568192,138.75618,138.892853,146616900
2013-09-20,139.222476,139.222476,137.80868,137.921783,132867100
2013-09-23,137.735979,137.865231,136.847303,137.283554,104616500
2013-09-24,137.259286,137.768256,136.701857,136.960373,106333100
2013-09-25,137.049295,137.323972,136.443382,136.56456,117306500
2013-09-26,136.790763,137.477456,136.572631,137.089676,77146900
2013-09-27,136.402991,136.645359,136.104078,136.459549,99141800
2013-09-30,135.304275,136.16063,135.037672,135.732452,143937000
2013-10-01,135.837397,136.936118,135.700059,136.806854,127160000
2013-10-02,136.007141,136.806938,135.587038,136.677673,113350000
2013-10-03,136.362611,136.483801,134.787241,135.417389,176698000
2013-10-04,135.522388,136.580713,135.344653,136.443375,96878000
2013-10-07,135.255781,136.087899,135.118442,135.263855,96295000
2013-10-08,135.239626,135.417361,133.59155,133.688492,178015000
2013-10-09,133.94702,134.270169,132.921005,133.785446,168973000
2013-10-10,135.150732,136.742262,135.102261,136.669556,195955000
2013-10-11,136.459551,137.59867,136.346448,137.550186,105040000
2013-10-14,136.701884,138.212621,136.596855,138.099518,112106000
2013-10-15,137.752146,138.269191,136.911953,137.097763,155485000
2013-10-16,137.921789,139.085142,137.857157,139.012436,161676000
2013-10-17,138.446939,140.022322,138.422704,139.941528,129389000
2013-10-18,140.458527,140.983645,140.175763,140.886703,138316000
2013-10-21,140.935233,141.1776,140.579762,140.894836,104104000
2013-10-22,141.306798,142.130829,140.919005,141.710739,126663000
2013-10-23,141.226065,141.290697,140.539372,141.032181,105484000
2013-10-24,141.314892,141.678437,140.983657,141.500702,70350000
2013-10-25,141.791563,142.18743,141.516886,142.147034,93625000
2013-10-28,142.098553,142.567126,141.945053,142.37323,84979000
2013-10-29,142.696424,143.189233,142.494453,143.132675,87401000
2013-10-30,143.302355,143.407372,141.912795,142.421753,140002000
2013-10-31,142.308584,142.906422,141.807701,142.017746,133795000
2013-11-01,142.203586,142.680234,141.557277,142.357086,142805000
2013-11-04,142.744883,142.914532,142.171281,142.857986,85677000
2013-11-05,142.300519,142.793329,141.840032,142.405548,85825000
2013-11-06,143.019572,143.399278,142.623705,143.132675,87348000
2013-11-07,143.399264,143.512367,141.185659,141.322998,157000000
2013-11-08,141.274523,143.24576,141.258374,143.229599,136713000
2013-11-11,143.092274,143.423509,142.922625,143.25386,62614000
2013-11-12,142.946867,143.286176,142.486367,142.963028,83990000
2013-11-13,142.26011,144.150553,142.26011,144.110168,103844000
2013-11-14,144.239414,144.950355,144.005134,144.829178,103435000
2013-11-15,145.063468,145.515881,144.877659,145.459335,102818000
2013-11-18,145.701716,145.822894,144.62723,144.950378,104796000
2013-11-19,144.877667,145.313918,144.384858,144.6353,93891000
2013-11-20,144.926112,145.362363,143.786994,144.182861,124909000
2013-11-21,144.58684,145.459356,144.497973,145.346252,92841000
2013-11-22,145.402789,146.089495,145.233141,146.073334,81296000
2013-11-25,146.331844,146.364154,145.717845,145.927902,79486000
2013-11-26,146.00066,146.404602,145.750218,145.968338,86994000
2013-11-27,146.121836,146.420761,145.944101,146.323807,58800000
2013-11-29,146.485381,146.832765,146.065278,146.226852,55870900
2013-12-02,146.299504,146.574181,145.620885,145.847092,99726000
2013-12-03,145.370526,145.734071,144.748452,145.217026,116563000
2013-12-04,144.691878,145.806749,144.085966,145.200836,123033000
2013-12-05,144.942298,145.2089,144.425253,144.562592,106934000
2013-12-06,145.960243,146.315714,145.540141,146.178375,127728000
2013-12-09,146.606561,146.768135,146.356119,146.550003,70124000
2013-12-10,146.210651,146.51765,145.935974,146.024841,80976000
2013-12-11,146.08137,146.105606,144.207076,144.384811,130591000
2013-12-12,144.320219,144.497954,143.609278,143.908203,115565000
2013-12-13,144.207133,144.336397,143.617382,143.892059,107808000
2013-12-16,144.570671,145.265451,144.530275,144.788803,96195000
2013-12-17,144.918102,144.942338,144.00519,144.328339,89886000
2013-12-18,144.546459,146.816609,143.253854,146.792374,234906000
2013-12-19,146.372288,146.79239,145.992594,146.622742,136531200
2013-12-20,146.768901,147.824853,146.671432,147.475571,197087000
2013-12-23,148.198475,148.352808,147.889821,148.263458,85598000
2013-12-24,148.271625,148.653392,148.263507,148.588409,45368800
2013-12-26,148.921397,149.425012,148.905161,149.343781,63365000
2013-12-27,149.53873,149.603701,149.18133,149.335663,61814000
2013-12-30,149.351929,149.473776,149.116376,149.311325,56857000
2013-12-31,149.514342,150.017944,149.400612,150.017944,86119900
2014-01-02,149.441249,149.514363,148.222846,148.580246,119636900
2014-01-03,148.832061,149.132609,148.344707,148.555893,81390600
2014-01-06,149.043249,149.100102,147.897947,148.125381,108028200
2014-01-07,148.718372,149.286958,148.604655,149.035156,86144200
2014-01-08,149.010732,149.319398,148.555863,149.067596,96582300
2014-01-09,149.546868,149.563116,148.482797,149.1651,90683400
2014-01-10,149.416941,149.636257,148.653405,149.571274,102026400
2014-01-13,149.189466,149.603719,147.296878,147.581177,149892000
2014-01-14,148.068457,149.270624,147.792289,149.189392,105016100
2014-01-15,149.538738,150.221041,149.221953,149.993607,98525800
2014-01-16,149.684943,149.993609,149.319425,149.79866,72290600
2014-01-17,149.538749,149.823036,148.90518,149.1651,107848700
2014-01-21,150.026113,150.082977,148.685874,149.603729,88621200
2014-01-22,149.85549,149.920473,149.384372,149.701157,61270900
2014-01-23,148.945742,148.970109,147.686735,148.474625,132496900
2014-01-24,147.508079,147.556813,145.25809,145.306824,208677100
2014-01-27,145.444895,145.818545,143.869092,144.59201,180843100
2014-01-28,144.697602,145.639837,144.681353,145.453018,110463200
2014-01-29,144.242727,145.030628,143.674141,144.055908,216597300
2014-01-30,145.258075,146.054095,144.795075,145.582977,118938100
2014-01-31,143.779795,145.631768,143.706693,144.730148,194677900
2014-02-03,144.559541,144.884444,141.196747,141.472916,254837100
2014-02-04,142.106467,142.829386,141.424164,142.463867,165012400
2014-02-05,141.968433,142.602002,141.099311,142.285217,164230500
2014-02-06,142.618268,144.161575,142.325851,144.161575,132877600
2014-02-07,144.835697,146.102835,144.364579,145.948502,170787200
2014-02-10,145.964767,146.265315,145.566763,146.216568,92218800
2014-02-11,146.338388,148.190361,146.240908,147.816711,117814100
2014-02-12,148.036049,148.507167,147.597429,147.889847,94717700
2014-02-13,146.890744,148.807699,146.882625,148.653366,100542200
2014-02-14,148.515286,149.749939,148.377202,149.47377,96498400
2014-02-18,149.603689,149.855503,149.173187,149.652435,80460900
2014-02-19,149.26254,150.229142,148.539621,148.661469,126524300
2014-02-20,148.864542,149.879878,148.320323,149.538727,104998100
2014-02-21,149.823063,150.180464,149.295093,149.368195,118116400
2014-02-24,149.684983,151.203922,149.62,150.196716,114063900
2014-02-25,150.31844,150.748942,149.644256,150.13974,117085000
2014-02-26,150.359119,150.757136,149.725551,150.147934,98677200
2014-02-27,149.928664,150.976486,149.758082,150.935883,93880800
2014-02-28,150.911462,152.016148,150.310391,151.317596,150842000
2014-03-03,149.985459,150.635277,149.254422,150.25351,167748500
2014-03-04,151.723703,152.690305,151.691218,152.365402,167545900
2014-03-05,152.495422,152.763472,152.259857,152.50354,88376900
2014-03-06,152.877102,153.202004,152.52782,152.852722,82516500
2014-03-07,153.486353,153.486353,152.24357,152.917755,114513500
2014-03-10,152.682184,152.89337,151.959265,152.836517,74939200
2014-03-11,153.063982,153.283298,151.731861,152.081131,99009100
2014-03-12,151.341933,152.178569,151.000769,152.121704,104824400
2014-03-13,152.576639,152.698487,149.993629,150.416,155014300
2014-03-14,150.14794,150.919593,149.814906,149.993607,153919600
2014-03-17,150.749029,151.707513,150.684046,151.350113,98359500
2014-03-18,151.658752,152.633472,151.496288,152.430405,101804600
2014-03-19,152.44667,152.657868,150.651562,151.618164,176267300
2014-03-20,151.285136,152.617257,151.017086,152.50354,117241000
2014-03-21,153.143965,154.212732,151.773324,151.912018,163128000
2014-03-24,152.434171,152.621826,150.622974,151.283813,121411000
2014-03-25,152.050689,152.515731,151.153257,152.00174,103852000
2014-03-26,152.59732,152.842078,150.867713,150.908508,119843000
2014-03-27,150.72901,151.210361,150.03553,150.590317,142383000
2014-03-28,151.022781,152.091548,150.933036,151.332809,101642000
2014-03-31,152.295443,152.809435,151.357216,152.57283,99745000
2014-04-01,153.070572,153.674309,152.564746,153.584564,89193000
2014-04-02,153.780313,154.302459,153.494759,154.098495,78774000
2014-04-03,154.335118,154.375913,153.421365,153.894562,77435000
2014-04-04,154.734888,154.767516,151.830449,152.075195,169381000
2014-04-07,151.708072,151.960985,150.08453,150.394547,140803000
2014-04-08,150.32923,151.259303,149.78261,151.014557,112660000
2014-04-09,151.422584,152.687148,150.982015,152.638199,100254000
2014-04-10,152.62997,152.703394,149.244168,149.431824,172959000
2014-04-11,148.599655,149.643947,147.922495,148.085663,167251000
2014-04-14,149.244199,149.603176,148.028584,149.252365,132382000
2014-04-15,149.562376,150.386384,148.08567,150.280319,157093000
2014-04-16,151.316453,151.863073,150.647446,151.854919,105197000
2014-04-17,151.650951,152.491279,151.389872,152.067032,105255000
2014-04-21,152.107831,152.646298,151.920188,152.597336,68329000
2014-04-22,152.752381,153.706929,152.670803,153.290848,85790000
2014-04-23,153.233713,153.315291,152.809466,152.931839,73869000
2014-04-24,153.682407,153.698728,152.507576,153.241852,88170000
2014-04-25,152.744179,152.833923,151.642771,151.985428,100380000
2014-04-28,152.605521,153.127667,150.900389,152.466827,135121000
2014-04-29,152.956367,153.413243,152.63003,153.176651,84098000
2014-04-30,152.923725,153.788529,152.711595,153.633514,101508000
2014-05-01,153.560051,154.065877,153.160278,153.649796,93019000
2014-05-02,153.633422,154.310582,153.201021,153.429459,98122000
2014-05-05,152.678913,153.829271,152.254666,153.723206,75883000
2014-05-06,153.380536,153.486601,152.352564,152.385193,85454000
2014-05-07,152.899247,153.356123,151.757044,153.2827,106500000
2014-05-08,153.143994,154.237236,152.630002,153.119507,93618000
2014-05-09,153.143998,153.413219,152.426042,153.347961,83679000
2014-05-12,154.03324,154.914363,153.380554,154.840927,86940000
2014-05-13,155.044902,155.354931,154.824631,154.979645,66454000
2014-05-14,154.840931,154.914368,154.025077,154.245361,72367000
2014-05-15,153.935344,153.967986,152.140468,152.891052,154956000
2014-05-16,152.980773,153.486611,152.336254,153.421341,97458000
2014-05-19,153.127649,154.106672,152.988956,153.984299,63839000
2014-05-20,153.91089,153.927211,152.621852,153.013458,111644000
2014-05-21,153.453995,154.375914,153.42952,154.30249,89093000
2014-05-22,154.343323,154.996009,154.082256,154.677826,61549000
2014-05-23,154.816458,155.403874,154.677764,155.297821,61092800
2014-05-27,155.877067,156.301314,155.787322,156.252365,72010000
2014-05-28,156.252357,156.497116,155.877059,156.138138,66723000
2014-05-29,156.497122,156.970306,156.097349,156.945831,64377000
2014-05-30,156.798924,157.296596,156.668385,157.198685,76316000
2014-06-02,157.419061,157.451702,156.619527,157.378265,64656000
2014-06-03,156.994756,157.378209,156.847909,157.296631,65047000
2014-06-04,157.027437,157.704597,156.864269,157.614853,55529000
2014-06-05,157.794324,158.805975,157.215063,158.642807,92103000
2014-06-06,158.985457,159.442333,158.912033,159.40155,78696000
2014-06-09,159.377085,159.94818,159.230225,159.564728,65119000
2014-06-10,159.36894,159.613699,159.026283,159.58107,57129000
2014-06-11,159.009955,159.189444,158.667298,159.026276,68772000
2014-06-12,158.838646,158.92839,157.549595,157.900406,106350000
2014-06-13,158.210364,158.536713,157.704538,158.381699,82017000
2014-06-16,158.185916,158.846756,157.998273,158.512253,87424000
2014-06-17,158.291995,159.067054,158.120661,158.952835,84834000
2014-06-18,158.952811,160.209221,158.601988,160.119476,105267000
2014-06-19,160.258186,160.396892,159.744206,160.298981,85929000
2014-06-20,160.698211,160.755601,160.427688,160.624435,100587000
2014-06-23,160.665461,160.714645,160.280171,160.575287,70611000
2014-06-24,160.288361,161.083533,159.427607,159.607956,96237000
2014-06-25,159.271874,160.493326,159.239089,160.329376,82782000
2014-06-26,160.353943,160.370341,159.140696,160.214584,84312000
2014-06-27,159.837512,160.575307,159.763736,160.526123,71445100
2014-06-30,160.427739,160.813029,160.28838,160.444138,70201200
2014-07-01,160.8376,162.009868,160.780223,161.518005,90470000
2014-07-02,161.534379,161.886871,161.460603,161.681931,52475000
2014-07-03,162.141067,162.550949,162.018107,162.477173,52938800
2014-07-07,162.16559,162.296743,161.673727,161.911453,61696000
2014-07-08,161.616367,161.673757,160.476896,160.870392,108143000
2014-07-09,161.27212,161.739391,160.927821,161.591827,72992000
2014-07-10,160.034216,161.378627,159.903051,160.952347,99040000
2014-07-11,160.853984,161.288457,160.493286,161.173691,64243000
2014-07-14,161.993468,162.198409,161.85411,161.985275,58658000
2014-07-15,162.083619,162.395133,160.96874,161.681931,111307000
2014-07-16,162.403294,162.526253,161.837655,162.280334,79986400
2014-07-17,161.780355,162.395178,160.206398,160.435944,145398000
2014-07-18,160.960591,162.23942,160.870416,162.07547,124330000
2014-07-21,161.5672,161.903306,161.026153,161.772141,67592000
2014-07-22,162.321416,162.772288,162.206649,162.477173,67678000
2014-07-23,162.723033,163.009955,162.395132,162.837799,65612000
2014-07-24,162.993572,163.182114,162.682058,162.846008,56888000
2014-07-25,162.386942,162.5263,161.763926,162.083633,76837000
2014-07-28,162.116372,162.386896,161.181843,162.14917,69259000
2014-07-29,162.45252,162.682053,161.427816,161.452408,80466000
2014-07-30,162.026199,162.239346,160.80476,161.476959,104222000
2014-07-31,160.353939,160.493298,158.189764,158.288132,183479000
2014-08-01,157.853642,158.837356,157.042085,157.804459,189261000
2014-08-04,158.107747,159.280015,157.435547,158.943909,91340000
2014-08-05,158.296277,158.706158,156.828893,157.402725,152690000
2014-08-06,156.665002,158.12418,156.64041,157.451981,94818000
2014-08-07,158.165131,158.320888,156.205898,156.59938,135733000
2014-08-08,156.951924,158.517663,156.533837,158.411102,117014000
2014-08-11,159.009521,159.57516,158.796387,158.870163,74544000
2014-08-12,158.714386,159.157053,158.165146,158.648804,73632000
2014-08-13,159.27183,159.903051,159.001319,159.722702,69047000
2014-08-14,159.985048,160.476898,159.837484,160.476898,57371000
2014-08-15,161.05896,161.206512,159.288268,160.444138,139951000
2014-08-18,161.329493,161.862335,161.239319,161.788559,75424000
2014-08-19,162.181986,162.755818,161.854086,162.632858,59135000
2014-08-20,162.411585,163.264146,162.3788,163.067398,72763000
2014-08-21,163.206741,163.755981,163.075575,163.542847,67791000
2014-08-22,163.411671,163.698593,162.91982,163.288712,76107000
2014-08-25,164.067439,164.43633,163.255869,164.116623,63855000
2014-08-26,164.223206,164.624894,164.182215,164.223206,47298000
2014-08-27,164.305221,164.419999,163.903544,164.157669,47874000
2014-08-28,163.616587,164.174032,163.452637,164.067459,58330000
2014-08-29,164.321567,164.5511,163.805125,164.534714,65907000
2014-09-02,164.747874,164.772466,163.837936,164.452759,72426000
2014-09-03,165.084006,165.108598,164.133077,164.36261,57462000
2014-09-04,164.641259,165.247889,163.673945,164.124817,85236000
2014-09-05,164.09203,164.928192,163.469015,164.86261,102177000
2014-09-08,164.706848,164.944587,163.952668,164.436325,64146000
2014-09-09,164.288834,164.4036,163.059188,163.395294,88591000
2014-09-10,163.485395,164.116616,162.944361,164.010056,67251000
2014-09-11,163.354314,164.223261,163.231342,164.198669,66774400
2014-09-12,164.034674,164.05106,162.772231,163.239502,117409300
2014-09-15,163.26408,163.395245,162.624666,163.116516,76401000
2014-09-16,162.813207,164.641276,162.723033,164.346161,116201000
2014-09-17,164.583873,165.329848,163.747711,164.567474,151266000
2014-09-18,165.06756,165.469248,164.854426,165.444656,94990000
2014-09-19,165.970963,166.283921,164.957931,165.295609,121649000
2014-09-22,165.007337,165.032044,163.673104,164.019012,125553000
2014-09-23,163.426048,164.109634,163.030725,163.080139,111393000
2014-09-24,163.104791,164.46373,162.67653,164.356659,107276000
2014-09-25,163.928432,163.936676,161.647082,161.704727,150300000
2014-09-26,162.001175,163.393053,161.770569,162.989487,103547000
2014-09-29,161.589409,162.981287,161.465875,162.693024,95112000
2014-09-30,162.816532,163.318926,161.927048,162.264725,131302000
2014-10-01,162.001238,162.058896,159.703412,160.065796,177798000
2014-10-02,159.925771,160.650539,158.418602,160.0905,157285000
2014-10-03,161.161137,162.198875,160.666987,161.852966,121569000
2014-10-06,162.528306,162.742449,161.078783,161.663528,104778000
2014-10-07,160.831711,161.194095,159.135107,159.168045,147913000
2014-10-08,159.258652,162.182418,158.426825,161.951813,186461000
2014-10-09,161.696481,161.918855,158.607998,158.739777,210705000
2014-10-10,158.698625,159.48927,156.886717,156.927887,221909000
2014-10-13,156.861974,157.430245,154.25941,154.350006,230939000
2014-10-14,155.181842,156.334883,154.045276,154.588852,215847000
2014-10-15,152.49689,154.580585,149.828437,153.542847,380715000
2014-10-16,150.767401,154.490056,150.627391,153.411148,270391000
2014-10-17,155.181855,156.277239,154.522977,155.223038,214625000
2014-10-20,154.942964,156.853698,154.89355,156.730164,130011000
2014-10-21,157.866769,159.942233,157.702053,159.835175,154949000
2014-10-22,160.115147,160.526945,158.632673,158.698563,151822000
2014-10-23,160.288114,161.589396,159.991619,160.543427,154944000
2014-10-24,160.807063,161.828326,160.181135,161.7789,117927000
2014-10-27,161.202305,161.795295,160.625791,161.556458,82954000
2014-10-28,162.100093,163.417838,162.02596,163.409607,106736000
2014-10-29,163.524844,163.994287,162.083553,163.16246,142557000
2014-10-30,162.725961,164.677878,162.577707,164.208435,113330000
2014-10-31,166.185085,166.218036,165.353259,166.086258,146903000
2014-11-03,166.300429,166.736934,165.798036,166.176895,93600000
2014-11-04,165.732123,166.036862,164.768518,165.600357,93343000
2014-11-05,166.811003,166.852185,165.913287,166.646286,91709000
2014-11-06,166.687518,167.404042,166.069821,167.313446,107089000
2014-11-07,167.3299,167.684053,166.868688,167.46991,89540000
2014-11-10,167.502844,168.046408,167.296945,167.996994,66319000
2014-11-11,168.06287,168.268769,167.725193,168.161697,54499400
2014-11-12,167.478106,168.211105,167.445155,167.980499,90120300
2014-11-13,168.14523,168.697038,167.362817,168.169937,85357900
2014-11-14,168.095833,168.417035,167.782863,168.211136,80417500
2014-11-17,167.889916,168.491137,167.725187,168.318176,80441000
2014-11-18,168.375832,169.59475,168.375832,169.290024,76068100
2014-11-19,169.092355,169.290022,168.260528,169.018234,82373000
2014-11-20,168.227606,169.42183,168.161717,169.314758,72840300
2014-11-21,171.01133,171.176046,169.644158,170.220673,142327300
2014-11-24,170.624274,170.805466,170.410144,170.698395,65880800
2014-11-25,170.928984,171.134883,170.319532,170.574844,79108300
2014-11-26,170.723089,171.11018,170.508959,171.011353,62167800
2014-11-28,170.88776,171.200718,170.410073,170.648911,57890100
2014-12-01,169.990098,170.105401,169.15004,169.462997,103968400
2014-12-02,169.504164,170.764264,169.479457,170.558365,74507200
2014-12-03,170.731367,171.431415,170.56665,171.217285,68952000
2014-12-04,170.928962,171.530195,170.237145,171.027802,91316600
2014-12-05,171.20079,171.694952,170.937246,171.307861,91025500
2014-12-08,170.9125,171.406649,169.602974,170.163025,108588200
2014-12-09,168.318174,170.154801,167.939327,170.047729,125180100
2014-12-10,169.586574,169.644219,167.13225,167.321686,159856400
2014-12-11,167.914625,169.817128,167.774615,168.169937,159012800
2014-12-12,166.893333,167.865182,165.419103,165.452042,202330200
2014-12-15,166.349788,166.802767,163.714285,164.315506,189965800
2014-12-16,163.549549,166.695676,162.956559,162.997742,259543800
2014-12-17,163.434337,166.646355,163.31079,166.193375,253910100
2014-12-18,168.622956,175.401144,167.947602,170.303085,257633900
2014-12-19,170.953152,171.698487,170.274083,171.027695,245084600
2014-12-22,171.21816,171.814423,170.978005,171.814423,148318900
2014-12-23,172.394098,172.443784,171.756426,172.04628,122167900
2014-12-24,172.269886,172.534885,172.021441,172.062851,42963400
2014-12-26,172.510059,172.957262,172.460373,172.617722,57326700
2014-12-29,172.435493,173.056599,172.36924,172.849564,79643900
2014-12-30,172.427194,172.559687,171.847485,171.922028,73540800
2014-12-31,172.245004,172.41063,170.091833,170.216049,130333800
2015-01-02,170.911729,171.325799,169.089809,170.124985,121465900
2015-01-05,169.081571,169.247196,166.746219,167.052628,169632600
2015-01-06,167.359012,167.880745,164.68412,165.479141,209151400
2015-01-07,166.804169,167.880755,166.356978,167.541214,125346700
2015-01-08,168.949035,170.729546,168.932482,170.514221,147217800
2015-01-09,170.928279,170.944846,168.534953,169.147781,158567300
2015-01-12,169.280305,169.437654,167.21823,167.822769,144396100
2015-01-13,169.040156,170.166428,166.050566,167.350754,214553300
2015-01-14,165.338352,166.539167,164.443971,166.340408,192991100
2015-01-15,166.978099,167.292784,164.700711,164.81665,176613900
2015-01-16,164.609574,167.135407,164.427382,166.978058,211879600
2015-01-20,167.615748,167.880759,165.768997,167.334183,130991100
2015-01-21,166.87043,168.659217,166.406673,168.178894,122942700
2015-01-22,168.932508,170.812379,167.55779,170.679886,174356000
2015-01-23,170.423118,170.679852,169.611543,169.744049,117516800
2015-01-26,169.528724,170.232637,168.816523,170.141541,92009700
2015-01-27,168.087823,169.04018,167.069213,167.897354,134044600
2015-01-28,169.081517,169.18089,165.553641,165.74411,168514300
2015-01-29,165.942892,167.532921,164.535042,167.276199,173585400
2015-01-30,166.100256,167.425274,164.907731,165.172729,197729700
2015-02-02,165.669642,167.309358,163.856011,167.218262,163107000
2015-02-03,168.112561,169.644627,167.739901,169.636337,124212900
2015-02-04,168.874494,170.083585,168.534953,168.990433,134306700
2015-02-05,169.652958,170.845483,169.578428,170.696411,97953200
2015-02-06,171.060783,171.623925,169.702632,170.224365,125672000
2015-02-09,169.578494,170.298973,169.056761,169.462555,87219000
2015-02-10,170.497672,171.524559,169.503893,171.267838,96164200
2015-02-11,171.102235,171.79787,170.456286,171.367233,91087800
2015-02-12,172.162229,173.073189,171.400341,173.015213,97545900
2015-02-13,173.139474,173.777134,172.88274,173.727448,93670400
2015-02-17,173.412701,174.174602,173.164269,174.000687,76968200
2015-02-18,173.628046,174.091803,173.363034,174.017273,80652900
2015-02-19,173.421033,174.257451,173.28025,173.893066,91462500
2015-02-20,173.478987,175.011053,172.857881,174.936523,140896400
2015-02-23,174.688096,174.911697,174.307145,174.911697,74411100
2015-02-24,174.83712,175.607297,174.538988,175.408539,72472300
2015-02-25,175.284319,175.764642,174.919935,175.259476,73061700
2015-02-26,175.168399,175.325748,174.447908,175.05246,72697900
2015-02-27,174.953069,175.21808,174.406506,174.456192,108076000
2015-03-02,174.555576,175.615596,174.50589,175.557632,87491400
2015-03-03,175.126967,175.60729,173.975851,174.837112,110325800
2015-03-04,174.24088,174.315422,173.131174,174.100098,114497200
2015-03-05,174.423066,174.572138,173.785407,174.290573,76873000
2015-03-06,173.429262,173.859899,171.507982,171.839233,188128000
2015-03-09,172.038024,172.907562,171.880676,172.551468,89818900
2015-03-10,171.184997,171.267803,169.710895,169.752304,157121300
2015-03-11,170.009069,170.182984,169.272024,169.354843,110145700
2015-03-12,169.984161,171.57419,169.934475,171.50795,93993500
2015-03-13,171.234738,172.195372,169.421107,170.456284,162410900
2015-03-16,171.185008,172.824723,170.481083,172.733627,136099200
2015-03-17,171.996674,172.601214,171.408688,172.220276,94510400
2015-03-18,171.748174,174.961365,171.110502,174.290573,228808500
2015-03-19,173.876495,174.298842,173.106317,173.495544,117917300
2015-03-20,174.444633,175.534338,174.261628,175.026917,177715100
2015-03-23,175.035283,175.609253,174.685913,174.685913,71784500
2015-03-24,174.561122,175.018623,173.637782,173.70433,77805300
2015-03-25,173.912283,174.145196,171.117308,171.15889,159521700
2015-03-26,170.49349,171.666372,169.794737,170.751358,153067200
2015-03-27,170.634836,171.316936,170.443505,171.142258,118939000
2015-03-30,172.173772,173.529671,172.157144,173.230209,96180400
2015-03-31,172.406659,173.105412,171.65801,171.716232,126768700
2015-04-01,171.682933,171.707887,170.119074,171.108963,137303600
2015-04-02,171.042451,172.17375,170.859445,171.724564,86900900
2015-04-06,170.834503,173.396564,170.701418,172.880829,114368200
2015-04-07,172.905777,173.654426,172.390041,172.423309,81236300
2015-04-08,172.647916,173.446473,172.256951,173.0056,89351900
2015-04-09,172.839205,174.003772,172.348424,173.770859,85548900
2015-04-10,174.020452,174.760787,173.820819,174.719193,72722900
2015-04-13,174.577757,175.209962,173.879016,173.928925,74436600
2015-04-14,173.729297,174.444678,173.105419,174.261673,75099900
2015-04-15,174.72752,175.551031,174.644331,175.04361,99529300
2015-04-16,174.710892,175.501135,174.511246,174.993713,68934900
2015-04-17,173.80416,174.045388,172.198707,172.980637,191113200
2015-04-20,173.903968,174.893857,173.820792,174.561127,92189500
2015-04-21,175.243255,175.401306,174.053733,174.353195,72559800
2015-04-22,174.694228,175.392982,173.770888,175.209976,78264600
2015-04-23,174.810669,176.299665,174.694212,175.650833,102585900
2015-04-24,176.066768,176.324635,175.609254,176.058441,61327400
2015-04-27,176.62405,176.74882,175.135054,175.326385,79358100
2015-04-28,175.30149,175.933682,174.128596,175.883774,86863500
2015-04-29,174.993717,175.759007,174.353212,175.160095,125684900
2015-04-30,174.586085,174.977049,172.706123,173.404877,161304900
2015-05-01,174.186804,175.32643,174.086988,175.284836,103399700
2015-05-04,175.709091,176.36625,175.600961,175.783966,70927200
2015-05-05,175.542677,175.900374,173.629448,173.770859,113326200
2015-05-06,174.319908,174.627684,171.99076,173.055511,135060200
2015-05-07,172.955698,174.170187,172.622968,173.745941,88244900
2015-05-08,175.41788,176.233078,175.334692,176.033432,155877300
2015-05-11,175.991899,176.25808,175.118467,175.193329,75708100
2015-05-12,174.36149,175.209968,173.537966,174.669266,119727600
2015-05-13,175.076839,175.700717,174.469601,174.702515,94667900
2015-05-14,175.717439,176.615825,175.442931,176.524323,95934000
2015-05-15,176.715561,176.856972,176.233094,176.715561,76510100
2015-05-18,176.549222,177.514144,176.482673,177.264603,74549700
2015-05-19,177.381082,177.65559,176.923569,177.20639,72114600
2015-05-20,177.30616,177.830222,176.765471,177.081573,76857500
2015-05-21,176.94019,177.805295,176.773812,177.597336,64764600
2015-05-22,177.214693,177.630612,177.106562,177.173111,57433500
2015-05-26,176.68231,177.106555,174.85227,175.268188,124308600
2015-05-27,175.725707,177.164783,175.318102,176.93187,93214000
2015-05-28,176.624111,176.840384,176.041827,176.732254,74974600
2015-05-29,176.665654,176.707235,175.367989,175.634171,124919600
2015-06-01,176.299658,176.632388,175.201626,175.991882,93338800
2015-06-02,175.534347,176.507596,174.910469,175.817169,91531000
2015-06-03,176.349614,176.906944,175.792285,176.283066,87820900
2015-06-04,175.576012,176.233158,174.47798,174.794083,151882800
2015-06-05,174.644277,175.168339,173.837394,174.494553,121704700
2015-06-08,174.386459,174.536196,173.346662,173.421524,89063300
2015-06-09,173.396545,173.937247,172.764353,173.396545,105034700
2015-06-10,174.1618,175.858756,174.103578,175.476105,134551300
2015-06-11,175.917056,176.424478,175.684143,176.04184,73876400
2015-06-12,175.218291,175.917032,174.419721,174.694229,135382400
2015-06-15,173.554607,174.228394,172.84754,173.945572,124384200
2015-06-16,173.795858,174.977079,173.62118,174.89389,85308200
2015-06-17,175.176697,175.783947,174.15354,175.176697,126708600
2015-06-18,175.775626,177.464255,175.209982,176.998428,165867900
2015-06-19,176.755963,176.83119,175.836486,176.212631,130478700
2015-06-22,177.132139,177.700534,176.906447,177.115417,70696000
2015-06-23,177.324423,177.575191,176.847976,177.240829,68476800
2015-06-24,176.973332,177.349477,175.928477,175.953552,92307300
2015-06-25,176.45511,176.580488,175.343383,175.41861,97107400
2015-06-26,175.778016,176.02043,174.833476,175.385162,104174800
2015-06-29,173.90567,175.393542,171.632064,171.707291,202621300
2015-06-30,173.245267,173.295431,171.590221,172.066681,182925100
2015-07-01,173.638127,173.888894,172.660144,173.445877,135979900
2015-07-02,173.922343,174.089518,172.869122,173.287064,104373700
2015-07-06,171.999797,173.57125,171.799181,172.793884,117975400
2015-07-07,172.994489,174.005901,170.612215,173.880524,173820200
2015-07-08,172.543138,172.827335,170.729271,170.963318,164020100
2015-07-09,173.061405,173.320539,171.163957,171.272614,144113100
2015-07-10,173.270349,173.847111,171.314384,173.429169,129456900
2015-07-13,174.691395,175.45204,174.649599,175.343384,106069400
2015-07-14,175.301563,176.41329,175.243045,176.104004,81709600
2015-07-15,176.145773,176.605512,175.569011,176.045471,97914100
2015-07-16,177.098708,177.458145,176.856308,177.458145,106683300
2015-07-17,177.449762,177.6671,177.040187,177.608582,89030000
2015-07-20,177.834275,178.193699,177.382904,177.700531,70446800
2015-07-21,177.566793,177.825927,176.697479,176.998398,77965000
2015-07-22,176.312995,177.015147,176.279565,176.680786,88667900
2015-07-23,176.814514,176.914816,175.326642,175.686066,90509100
2015-07-24,175.786412,175.844917,173.529528,173.863876,117755000
2015-07-27,172.977822,173.487712,172.409415,172.852432,132361100
2015-07-28,173.688272,175.117639,172.860755,174.97554,123544800
2015-07-29,175.100948,176.404924,174.958849,176.179245,105791300
2015-07-30,175.669337,176.388198,175.050779,176.221024,91304400
2015-07-31,176.722564,176.747639,175.669355,175.953552,103266900
2015-08-03,175.920161,175.978666,174.4072,175.360107,113965700
2015-08-04,175.284856,175.744595,174.532566,175.01738,81820800
2015-08-05,175.911774,176.630635,175.309936,175.594147,85786800
2015-08-06,175.777991,175.88666,173.571258,174.156387,116030800
2015-08-07,173.997578,174.148031,172.919281,173.822037,117858000
2015-08-10,174.933742,176.09562,174.933742,176.012039,80270700
2015-08-11,174.674657,175.092599,173.663232,174.423889,126081400
2015-08-12,173.119926,174.816769,171.657129,174.632874,172123700
2015-08-13,174.474063,175.159494,173.872226,174.415558,89383300
2015-08-14,174.223297,175.126054,174.081199,175.050827,72786500
2015-08-17,174.457325,176.028778,173.997586,176.028778,79072600
2015-08-18,175.752952,176.104022,175.284859,175.518906,71692700
2015-08-19,174.774923,175.543935,173.320494,174.131302,172946000
2015-08-20,172.618379,174.106251,170.436721,170.495239,194327900
2015-08-21,168.622842,170.47015,165.103778,165.3629,346588500
2015-08-24,156.719842,165.070312,152.465184,158.399963,507244300
2015-08-25,163.356799,163.37352,156.243431,156.535995,369833100
2015-08-26,160.556597,162.821836,157.455462,162.546005,339257000
2015-08-27,164.685881,166.691997,163.172933,166.56662,274143900
2015-08-28,165.922932,167.043014,165.438118,166.574921,160414400
2015-08-31,165.596902,166.449506,164.677424,165.229111,163298800
2015-09-01,161.425906,162.805122,159.428144,160.29747,256000400
2015-09-02,162.679702,163.381854,160.84076,163.340057,160269300
2015-09-03,164.050547,165.546786,162.963909,163.457077,152087800
2015-09-04,161.200218,162.044456,160.163717,160.98288,207081000
2015-09-08,163.783045,165.178969,163.139411,165.028503,116025700
2015-09-09,166.608389,166.733766,162.454045,162.821823,149347700
2015-09-10,162.629573,164.853027,162.370451,163.70787,158611100
2015-09-11,163.31498,164.518654,162.604473,164.451782,119691200
2015-09-14,164.627301,164.677452,163.356754,163.841568,79452000
2015-09-15,164.343166,166.332574,163.799847,165.889557,113806200
2015-09-16,166.190465,167.519518,165.84775,167.327255,99581600
2015-09-17,167.193524,169.592507,166.574966,166.951111,276046600
2015-09-18,164.441322,166.936792,163.81115,164.222855,223657500
2015-09-21,165.054649,166.096525,164.02117,165.071457,105726200
2015-09-22,162.903719,163.391053,161.794609,162.928925,153890900
2015-09-23,163.096985,163.567511,162.088712,162.668472,92790600
2015-09-24,161.450104,162.542405,160.114142,162.080276,159378800
2015-09-25,163.542305,163.844788,161.164454,162.0383,155054800
2015-09-28,161.139242,161.248476,157.660692,157.971573,178515900
2015-09-29,158.190068,159.425207,157.06415,158.064026,159045600
2015-09-30,159.954486,161.181227,159.173079,161.013184,163452000
2015-10-01,161.39132,161.735818,159.492406,161.433334,131079000
2015-10-02,159.450331,163.869932,158.904174,163.844727,211003300
2015-10-05,165.071489,166.987211,164.962255,166.760345,126320800
2015-10-06,166.625888,167.18884,165.525189,166.188965,110274500
2015-10-07,167.121646,167.903066,165.928521,167.550171,124307300
2015-10-08,167.163725,169.348328,166.861242,169.062653,153055200
2015-10-09,169.205436,169.642346,168.533249,169.163422,107069200
2015-10-12,169.239016,169.524691,168.810503,169.323044,56395600
2015-10-13,168.592053,169.860808,168.087923,168.255966,88038700
2015-10-14,168.197145,168.776905,167.155268,167.449341,99106200
2015-10-15,168.113107,170.028829,167.743404,170.020432,134142200
2015-10-16,170.423739,170.810237,169.659127,170.793442,114580100
2015-10-19,170.146507,170.877502,169.835626,170.877502,76523900
2015-10-20,170.440542,171.27236,170.18847,170.658997,78448500
2015-10-21,171.07911,171.230346,169.432255,169.600311,102038000
2015-10-22,170.549747,172.675527,169.600297,172.465469,174911700
2015-10-23,174.137563,174.725721,173.339348,174.356018,144442300
2015-10-26,174.179592,174.238402,173.557818,173.927521,69033000
2015-10-27,173.255331,173.927517,172.910834,173.591431,77905800
2015-10-28,173.927504,175.591154,173.263728,175.565948,135906700
2015-10-29,175.061858,175.834867,174.944226,175.465164,90525500
2015-10-30,175.658356,175.977647,174.54926,174.708893,131076900
2015-11-02,175.03658,176.969098,174.910538,176.775848,86270800
2015-11-03,176.423017,177.843007,176.196151,177.288452,95246100
2015-11-04,177.582503,177.708532,176.212925,176.750671,96224500
2015-11-05,176.809497,177.271626,175.683593,176.574234,78408700
2015-11-06,176.229753,176.717088,175.15426,176.481812,110471500
2015-11-09,175.868424,176.019672,173.885482,174.834946,131008700
2015-11-10,174.356053,175.271913,174.087186,175.238297,75874600
2015-11-11,175.507116,175.557528,174.482035,174.549255,67846000
2015-11-12,173.507379,173.977905,172.095799,172.112595,121315200
2015-11-13,171.700864,171.969731,170.096023,170.180038,153577100
2015-11-16,169.995213,172.826782,169.877568,172.76796,117645200
2015-11-17,173.078875,173.961106,172.14622,172.641953,121123700
2015-11-18,173.120899,175.523956,173.078898,175.381119,121342500
2015-11-19,175.263492,175.650004,174.935803,175.229889,88220500
2015-11-20,175.986086,176.549038,175.490353,175.868454,94011500
2015-11-23,175.927263,176.431393,175.204665,175.666794,64931200
2015-11-24,174.65849,176.305345,174.271991,175.902039,98874400
2015-11-25,176.028127,176.229787,175.61641,175.876892,51980100
2015-11-27,175.969273,176.280166,175.490348,176.078506,37317800
2015-11-30,176.238099,176.355731,175.238224,175.347458,112822700
2015-12-01,175.97764,177.13716,175.700363,177.019516,97858400
2015-12-02,176.969135,177.288426,174.960987,175.213058,108441300
2015-12-03,175.465138,175.734005,172.037,172.759598,166224200
2015-12-04,172.759576,176.422976,172.759576,176.128891,192913900
2015-12-07,175.801253,176.221367,174.095587,175.061859,102027100
2015-12-08,173.498969,175.011372,172.902401,173.885468,103372400
2015-12-09,173.246976,175.33914,171.558106,172.532776,162401500
2015-12-10,172.599972,174.288829,172.364709,172.978073,116128900
2015-12-11,170.860626,171.524402,169.314595,169.625488,211173300
2015-12-14,169.785195,170.608617,168.0039,170.482574,182385200
2015-12-15,171.994985,173.179712,170.457364,172.272263,154069600
2015-12-16,173.398169,175.095437,172.079016,174.792953,197017000
2015-12-17,175.10377,175.17099,172.112556,172.129364,173092500
2015-12-18,171.387325,171.522553,168.902347,169.062943,251393500
2015-12-21,170.237764,170.635023,169.122055,170.45752,99094300
2015-12-22,171.34504,172.300154,170.356122,172.004318,111026200
2015-12-23,173.01012,174.176541,172.917144,174.134277,110987200
2015-12-24,173.88071,174.396301,173.627138,173.846893,48539600
2015-12-28,173.153826,173.491912,172.376215,173.449661,65899900
2015-12-29,174.548466,175.630359,174.514662,175.30072,92640700
2015-12-30,175.055606,175.140134,173.91454,174.058228,63317700
2015-12-31,173.382061,174.024431,172.317062,172.317062,114877900
2016-01-04,169.460156,169.916574,167.854211,169.908127,222353500
2016-01-05,170.229314,170.651929,169.088262,170.195511,110845800
2016-01-06,167.642956,169.096753,167.017494,168.048676,152112600
2016-01-07,165.09877,166.882205,163.628065,164.016876,213436100
2016-01-08,164.980474,165.538329,161.929193,162.216568,209817200
2016-01-11,163.137853,163.475953,160.44158,162.377151,187941300
2016-01-12,163.822496,164.43951,161.557273,163.687256,172330500
2016-01-13,164.355002,164.701549,159.224462,159.604813,221168900
2016-01-14,160.213307,163.349102,158.615823,162.224945,240795600
2016-01-15,157.863672,159.545673,156.807135,158.742706,324846400
2016-01-19,160.559925,160.686704,157.381851,158.953979,195244400
2016-01-20,156.392908,158.480627,153.00354,156.916946,286547800
2016-01-21,157.390283,159.638585,156.063266,157.79599,195772900
2016-01-22,160.407804,161.236126,159.647102,161.033279,168319600
2016-01-25,160.526107,160.720507,158.404584,158.598984,130371700
2016-01-26,159.258218,161.041653,158.920131,160.762726,141036800
2016-01-27,160.23878,161.912333,158.108796,159.013199,185681700
2016-01-28,160.559897,160.762744,158.19325,159.841446,143798800
2016-01-29,160.610642,163.873231,160.492311,163.737991,210529300
2016-02-01,162.732179,164.464904,162.148968,163.678833,136061600
2016-02-02,162.250406,162.258853,160.204937,160.728989,182564900
2016-02-03,161.78545,162.098181,158.142512,161.692474,205054900
2016-02-04,161.193821,162.918085,160.559899,161.946075,139531800
2016-02-05,161.430468,162.005218,158.227039,158.860962,180788300
2016-02-08,157.018431,157.314254,154.508096,156.722595,191526700
2016-02-09,154.981413,158.007339,154.846174,156.731033,184513100
2016-02-10,157.559357,159.190645,156.469002,156.595795,148214100
2016-02-11,154.119223,155.606836,153.062686,154.558746,219058900
2016-02-12,156.333798,157.762226,155.488568,157.745331,127632400
2016-02-16,159.554068,160.433101,158.590506,160.407745,120250700
2016-02-17,161.574158,163.399857,161.447365,163.027954,136009500
2016-02-18,163.298512,163.357684,162.047575,162.360306,102343000
2016-02-19,161.582622,162.4363,160.974055,162.284164,114793000
2016-02-22,163.864718,164.777568,163.797098,164.633881,103640300
2016-02-23,163.974653,164.245133,162.436328,162.554672,111455300
2016-02-24,161.126182,163.577344,160.018933,163.298416,150812200
2016-02-25,163.746442,165.284767,162.98574,165.276306,110728300
2016-02-26,166.146854,166.239817,164.735309,164.895905,129833700
2016-02-29,164.912847,165.8595,163.408338,163.602737,125918100
2016-03-01,164.828314,167.53306,164.354987,167.448532,141799700
2016-03-02,167.135805,168.251502,166.721638,168.20079,102415000
2016-03-03,168.023249,168.876939,167.448499,168.860031,95172200
2016-03-04,169.054474,170.187093,168.226153,169.40947,129293600
2016-03-07,168.488171,169.950428,168.412103,169.544708,100219000
2016-03-08,168.471211,168.978341,167.533005,167.693588,123974900
2016-03-09,168.50508,168.868522,167.719009,168.521988,94801200
2016-03-10,169.01225,169.950456,166.831554,168.657242,156838700
2016-03-11,170.111,171.421109,168.640308,171.378845,137964500
2016-03-14,170.871713,171.615507,170.542074,171.159088,73612000
2016-03-15,170.195554,171.184471,169.933534,170.880188,93169100
2016-03-16,170.398388,172.274799,170.356123,171.86908,129303200
2016-03-17,171.784542,173.466542,171.387283,172.959412,134278500
2016-03-18,173.460741,173.978991,173.146397,173.63916,138372400
2016-03-21,173.375706,174.114845,173.146314,173.885452,72926700
2016-03-22,173.112318,174.361215,172.950907,173.791992,97471900
2016-03-23,173.409721,173.596632,172.475168,172.645096,81052500
2016-03-24,171.617083,172.60261,171.396194,172.568619,84360900
2016-03-28,172.984937,173.197335,172.220312,172.670593,62408200
2016-03-29,172.26279,174.378273,171.956937,174.267822,92922900
2016-03-30,175.270324,175.754584,174.66711,175.03244,86365300
2016-03-31,174.93899,175.363785,174.446227,174.607651,94584100
2016-04-01,173.61362,175.983969,173.299263,175.797058,114423500
2016-04-04,175.720608,175.924514,174.921991,175.227844,63497000
2016-04-05,173.885506,175.236351,173.222827,173.477707,99662200
2016-04-06,173.477627,175.431685,173.299208,175.372208,91839800
2016-04-07,174.284802,174.641628,172.543141,173.273788,113859000
2016-04-08,174.454726,174.888025,173.205828,173.741074,95040600
2016-04-11,174.378228,175.074898,173.239781,173.333237,83757500
2016-04-12,173.50318,175.227845,173.061389,174.947479,115350600
2016-04-13,175.86501,176.799564,175.729073,176.7146,96336400
2016-04-14,176.774054,177.224336,176.374746,176.723068,65212900
2016-04-15,176.723112,176.859049,176.204862,176.52771,75761600
2016-04-18,176.527706,177.80209,175.865027,177.768112,82531000
2016-04-19,178.192948,178.583752,177.513274,178.328873,88316100
2016-04-20,178.371348,179.195451,177.89558,178.498795,81100300
2016-04-21,178.51575,178.6262,177.266852,177.538727,85695000
2016-04-22,177.181901,177.810589,176.638164,177.538727,99251700
2016-04-25,176.935488,177.275331,176.323782,177.232849,66166500
2016-04-26,177.598162,178.005975,177.020448,177.496216,75864200
2016-04-27,177.113884,178.25233,176.757058,177.861526,77329400
2016-04-28,177.105423,178.209879,175.831039,176.24733,97216200
2016-04-29,175.627116,175.97545,174.191308,175.295776,142424100
2016-05-02,175.797076,176.867555,175.36379,176.689148,62188000
2016-05-03,175.457235,175.695119,174.40374,175.151382,106422100
2016-05-04,174.157364,174.888012,173.673092,174.174347,92243800
2016-05-05,174.64162,174.998446,173.715571,174.140366,67619200
2016-05-06,173.367205,174.820009,173.214286,174.777527,89315000
2016-05-09,174.65012,175.355268,174.4717,174.921982,74374900
2016-05-10,175.627138,177.113919,175.559169,177.096924,77472200
2016-05-11,176.638217,177.17345,175.440292,175.440292,81727000
2016-05-12,176.111377,176.281305,174.480167,175.49118,89586300
2016-05-13,175.193814,175.746042,173.639064,173.961899,96474600
2016-05-16,174.13187,176.153884,174.072392,175.678116,77486800
2016-05-17,175.406277,175.695134,173.511683,174.038437,114924900
2016-05-18,173.690032,175.270269,173.001867,174.08934,120062100
2016-05-19,173.367218,173.775018,172.279745,173.48616,115430500
2016-05-20,174.097866,175.100388,174.046893,174.582138,104990400
2016-05-23,174.59912,174.879486,174.157343,174.344254,58682600
2016-05-24,175.159796,176.918452,175.13431,176.604095,93537800
2016-05-25,177.283828,178.218382,176.604154,177.802078,76621400
2016-05-26,177.938022,178.167415,177.538714,177.853058,55280700
2016-05-27,178.014522,178.626228,177.963549,178.617737,64211200
2016-05-31,178.889599,179.000049,177.717161,178.277893,109879400
2016-06-01,177.666153,178.821595,177.470751,178.643188,69936200
2016-06-02,178.243891,179.203918,177.768122,179.186935,63044700
2016-06-03,178.62614,178.999961,177.445211,178.651627,101757100
2016-06-06,179.008489,179.917556,178.847065,179.56073,64887000
2016-06-07,179.713646,180.401812,179.68816,179.84108,60974800
2016-06-08,179.977071,180.554799,179.849638,180.427353,66170900
2016-06-09,179.696697,180.299911,179.424835,180.180969,73786900
2016-06-10,178.804591,179.144421,177.929502,178.473251,113829200
2016-06-13,177.870053,178.728134,177.011973,177.096924,117751200
2016-06-14,176.714618,177.343319,175.79706,176.748596,125059300
2016-06-15,176.748588,177.870052,176.315302,176.502213,109124500
2016-06-16,176.502235,177.198905,174.667118,177.028976,149533100
2016-06-17,176.924805,176.950424,175.712116,176.369705,117055700
2016-06-20,178.333912,179.008573,177.420118,177.505524,82789600
2016-06-21,177.889824,178.419304,177.445736,178.009384,72461700
2016-06-22,178.188688,178.9146,177.573801,177.718994,95560500
2016-06-23,179.179333,180.084579,178.718174,180.03334,102731400
2016-06-24,173.901574,180.06751,173.124424,173.568512,333444400
2016-06-27,172.159397,172.167946,169.648613,170.45993,230775800
2016-06-28,172.065453,173.559967,171.75801,173.534348,159382400
2016-06-29,174.934942,176.719815,174.832465,176.489243,137328600
2016-06-30,176.958949,178.948776,176.403836,178.897537,165021900
2016-07-01,178.897535,179.760091,178.735271,179.2733,106055300
2016-07-05,178.444893,178.555918,177.385931,177.983734,109803700
2016-07-06,177.488388,179.170784,176.830799,179.051224,96021500
2016-07-07,179.230591,179.896716,178.17163,178.940231,85593800
2016-07-08,180.238317,181.852391,180.007731,181.604721,133971000
2016-07-11,182.06589,182.817421,181.860923,182.245224,73633900
2016-07-12,183.210273,183.867862,182.270859,183.568954,101275600
2016-07-13,183.987407,183.995943,183.056542,183.54332,87324100
2016-07-14,184.807267,185.037853,184.175309,184.568146,91230900
2016-07-15,185.131785,185.328203,183.876393,184.32048,107155400
2016-07-18,184.44003,184.978059,184.183826,184.815796,58725900
2016-07-19,184.397344,184.662084,184.149687,184.62793,54345700
2016-07-20,184.627883,185.635605,184.627883,185.396484,58159500
2016-07-21,185.285526,185.507563,184.252171,184.696259,67777300
2016-07-22,184.8158,185.575866,184.551059,185.524628,62787500
2016-07-25,185.319675,185.370914,184.440048,185.020767,55873100
2016-07-26,184.918303,185.464868,184.260714,185.106186,70080500
2016-07-27,185.481882,185.550204,184.141084,184.909698,84083900
2016-07-28,184.713312,185.413605,184.252154,185.123245,65035700
2016-07-29,184.858484,185.780801,184.57666,185.422119,79519400
2016-08-01,185.48195,185.874786,184.815825,185.268448,73311400
2016-08-02,185.020745,185.174473,183.244421,184.081345,92295500
2016-08-03,184.021567,184.679156,183.722672,184.61937,53993600
2016-08-04,184.73039,185.131775,182.971136,184.815796,46585500
2016-08-05,184.815839,186.370126,184.815839,186.327423,71892200
2016-08-08,186.515264,186.617754,185.951629,186.21637,39906500
2016-08-09,186.284733,186.822749,186.002909,186.327423,51251700
2016-08-10,186.43841,186.515267,185.51608,185.866226,57941100
2016-08-11,186.395713,186.976445,186.130972,186.728775,72504300
2016-08-12,186.421305,186.78,186.165113,186.566498,61313500
2016-08-15,186.93377,187.454715,186.925234,187.104568,49813500
2016-08-16,186.686075,186.754385,186.139511,186.139511,53213600
2016-08-17,186.173706,186.626329,185.336782,186.489685,75134300
2016-08-18,186.463978,186.94222,186.352966,186.908066,52989300
2016-08-19,186.438439,186.814205,185.951661,186.634857,75443000
2016-08-22,186.395711,186.856883,186.028494,186.626297,61368800
2016-08-23,187.241257,187.540165,186.942349,187.002136,53399200
2016-08-24,186.856898,186.950839,185.627125,186.045593,71728900
2016-08-25,185.661306,186.33598,185.507591,185.917511,69224800
2016-08-26,186.105381,187.130188,184.67919,185.567352,122506300
2016-08-29,185.695424,186.74585,185.661257,186.48111,70502200
2016-08-30,186.395713,186.677537,185.618576,186.173676,58114500
2016-08-31,185.840583,185.960144,184.867015,185.644165,85269500
2016-09-01,185.635626,185.943069,184.491259,185.65271,97844200
2016-09-02,186.506769,186.916689,185.917501,186.489685,79293900
2016-09-06,186.77149,187.130172,186.054127,187.053314,56702100
2016-09-07,186.891029,187.215556,186.429871,187.036209,76554900
2016-09-08,186.703179,186.976468,186.301794,186.609238,74102900
2016-09-09,185.294036,185.345275,182.117127,182.142746,221589100
2016-09-12,181.382714,185.157427,181.314392,184.756042,168110900
2016-09-13,183.47502,183.73976,181.476645,182.100067,182828800
2016-09-14,182.151268,183.355422,181.476608,182.031708,134185500
2016-09-15,181.869493,184.235085,181.690146,183.850784,134427900
2016-09-16,183.234522,183.414775,182.453459,183.140106,155236400
2016-09-19,183.792416,184.436157,182.848257,183.174423,80250500
2016-09-20,184.032742,184.187233,183.148672,183.182999,69665300
2016-09-21,183.886816,185.423206,183.200156,185.242966,110284400
2016-09-22,186.255832,186.710742,186.006925,186.410324,76678700
2016-09-23,186.015487,186.152822,185.2945,185.388916,73630900
2016-09-26,184.556315,184.736556,183.689402,183.886826,89827300
2016-09-27,183.723744,185.122799,183.354659,185.028397,78494800
2016-09-28,185.251509,186.101251,184.290193,185.946747,87411000
2016-09-29,185.740826,186.144238,183.715186,184.264511,128070600
2016-09-30,185.097082,186.358816,184.848174,185.654999,117202900
2016-10-03,185.243004,185.431823,184.573501,185.208664,83512100
2016-10-04,185.320256,185.543415,183.67228,184.264511,119948100
2016-10-05,184.891063,185.509056,184.822396,185.079895,72816000
2016-10-06,184.856749,185.431823,184.316015,185.208664,62927400
2016-10-07,185.483257,185.654919,183.84386,184.573425,89788300
2016-10-10,185.53479,185.998278,185.388877,185.53479,51855000
2016-10-11,185.105672,185.174339,182.462039,183.191605,130367400
2016-10-12,183.328862,183.955446,182.831034,183.43187,73866100
2016-10-13,182.101504,183.328898,181.286102,182.83107,101357000
2016-10-14,183.809577,184.273078,182.848261,182.925507,93346200
2016-10-17,182.89973,183.157229,182.110076,182.290329,58275700
2016-10-18,183.886779,183.946854,183.054206,183.43187,76869700
2016-10-19,183.697968,184.230124,183.337475,183.921127,66519200
2016-10-20,183.569213,184.135708,182.916893,183.577805,73639800
2016-10-21,183.577826,183.749488,182.616497,183.663651,89089100
2016-10-24,184.539149,184.813818,184.092818,184.444733,60146600
2016-10-25,184.264476,184.521975,183.663653,183.826736,66542300
2016-10-26,183.002763,184.041325,182.762421,183.457672,75705500
2016-10-27,184.178636,184.212963,182.891153,182.968399,77220200
2016-10-28,182.942641,183.620709,181.715248,182.427643,140623200
2016-10-31,182.762417,182.985589,182.273181,182.436264,61272500
2016-11-01,182.762448,182.813958,179.904248,181.114471,122781800
2016-11-02,180.805446,181.191701,179.586631,180.024384,103330800
2016-11-03,180.238999,180.45358,178.925768,179.200424,88939300
2016-11-04,179.311941,180.153093,178.857032,179.002945,109122100
2016-11-07,179.002947,182.985558,179.002947,182.951218,109794900
2016-11-08,182.556423,184.341733,182.290345,183.775238,106772100
2016-11-09,182.2818,186.341671,182.256051,185.723679,258429000
2016-11-10,186.51327,187.38017,184.727959,186.187103,172113300
2016-11-11,185.466139,185.998294,184.813819,185.757965,100552700
2016-11-14,186.281549,186.48755,185.157149,185.903885,94580000
2016-11-15,186.290123,187.354446,186.084134,187.354446,91652600
2016-11-16,186.736394,187.234222,186.61623,187.002472,65617700
2016-11-17,187.157028,188.023928,187.045442,187.963852,69797200
2016-11-18,188.032478,188.204139,187.362975,187.543228,86265800
2016-11-21,188.118382,188.985282,187.972469,188.959534,72402600
2016-11-22,189.268509,189.508838,188.599019,189.328598,67429000
2016-11-23,188.813572,189.483062,188.616161,189.431564,56620200
2016-11-25,189.774959,190.169779,189.6977,190.135452,37872300
2016-11-28,189.826433,190.101089,189.139773,189.242767,76572500
2016-11-29,189.277102,190.066756,188.976684,189.611847,69886700
2016-11-30,190.229793,190.392876,189.096802,189.156891,113291800
2016-12-01,189.457313,189.457313,188.101163,188.46167,79040500
2016-12-02,188.547543,189.045372,188.195628,188.556122,74840300
2016-12-05,189.3887,190.032441,189.191289,189.689117,67837800
2016-12-06,189.877881,190.324211,189.397223,190.289871,59877400
2016-12-07,190.13542,192.839128,190.015256,192.779053,110738100
2016-12-08,192.753299,193.723193,192.487208,193.251114,99714400
2016-12-09,193.474296,194.435612,193.439956,194.418442,88005800
2016-12-12,194.32401,194.804681,193.774684,194.195267,102016100
2016-12-13,194.856199,195.989176,194.839028,195.491348,110477500
2016-12-14,195.190917,195.894733,193.439933,193.877686,142501800
2016-12-15,194.118045,195.534271,193.886295,194.675949,124972600
2016-12-16,195.132662,195.193105,193.975735,194.295181,156420200
2016-12-19,194.476516,195.141323,194.329743,194.718262,90341100
2016-12-20,195.253515,195.616147,195.020412,195.46936,89838800
2016-12-21,195.33988,195.512553,194.925461,194.925461,67909000
2016-12-22,194.77869,194.899563,194.191584,194.588745,56219100
2016-12-23,194.631899,194.882286,194.441967,194.873657,36697800
2016-12-27,195.141287,195.75428,195.124016,195.357132,42672500
2016-12-28,195.616178,195.633436,193.630399,193.74263,64095000
2016-12-29,193.811663,194.165652,193.2591,193.699432,48696100
2016-12-30,194.027524,194.113868,192.300763,192.99147,108998300
2017-01-03,194.295194,194.977272,193.293682,194.46788,91366500
2017-01-04,194.795935,195.77156,194.787306,195.624786,78744400
2017-01-05,195.35713,195.624776,194.675052,195.46936,78379000
2017-01-06,195.581596,196.634921,195.037662,196.168701,71559900
2017-01-09,195.909667,196.047811,195.486606,195.521149,46939700
2017-01-10,195.538407,196.375887,195.132617,195.521149,63771900
2017-01-11,195.434794,196.0737,194.769987,196.0737,74650000
2017-01-12,195.555643,195.771488,194.226043,195.581543,72113200
2017-01-13,195.75429,196.332754,195.719761,196.030579,62717900
2017-01-17,195.39166,195.79745,194.95134,195.339859,61240800
2017-01-18,195.59023,195.814717,195.037667,195.771545,54793300
2017-01-19,195.849217,195.987361,194.61459,195.04628,66608800
2017-01-20,195.728397,196.25506,195.098133,195.762939,129168600
2017-01-23,195.762929,195.823359,194.493759,195.253525,75061600
2017-01-24,195.469319,196.919805,195.357089,196.505386,95555300
2017-01-25,197.455164,198.206314,197.291119,198.206314,84437700
2017-01-26,198.059484,198.327143,197.722766,197.999054,59970700
2017-01-27,198.076782,198.223555,197.506947,197.688263,59711100
2017-01-30,196.997541,197.023442,195.477996,196.46225,79737300
2017-01-31,195.970145,196.50545,195.400324,196.445007,75880800
2017-02-01,196.445034,197.360216,195.935643,196.522736,79117700
2017-02-02,196.522707,196.937139,195.832013,196.652222,69657600
2017-02-03,197.558727,198.188991,197.247909,198.007675,80563200
2017-02-06,197.601916,197.999077,197.316999,197.653717,57790100
2017-02-07,198.042258,198.284004,197.472424,197.662369,57931200
2017-02-08,197.6624,198.050919,197.118466,197.921417,51566200
2017-02-09,197.921398,199.397772,197.921398,199.095596,65955200
2017-02-10,199.440937,200.105744,199.112848,199.881256,66015900
2017-02-13,200.373412,201.228164,200.347512,200.969147,55182100
2017-02-14,200.787796,201.780691,200.442449,201.772049,71109000
2017-02-15,201.556208,203.015323,201.504407,202.825378,86785800
2017-02-16,202.851238,203.032554,201.901527,202.652664,84722400
2017-02-17,201.987914,202.972168,201.970643,202.972168,77204100
2017-02-21,203.343413,204.353566,203.33477,204.180893,88946100
2017-02-22,203.775099,204.224047,203.611054,203.999573,62115200
2017-02-23,204.517631,204.534889,203.377962,204.137741,74615900
2017-02-24,203.291602,204.439887,203.248431,204.396729,82381600
2017-02-27,204.310366,204.888829,204.059992,204.716156,56515400
2017-02-28,204.336293,204.578039,203.775101,204.16362,96961900
2017-03-01,205.821294,207.487626,205.804023,207.021393,149158200
2017-03-02,206.831452,206.840095,205.665896,205.717697,70246000
2017-03-03,205.631323,206.011212,205.251433,205.847168,81974300
2017-03-06,205.052907,205.588198,204.629845,205.234222,55391500
2017-03-07,204.932018,205.286007,204.413984,204.621201,65103700
2017-03-08,204.914723,205.17374,204.103143,204.241287,78168800
2017-03-09,204.362207,204.82844,203.533369,204.500351,90683900
2017-03-10,205.458695,205.501867,204.267225,205.216949,81991700
2017-03-13,205.156482,205.363698,204.828406,205.320526,57256800
2017-03-14,204.776642,204.828456,203.921904,204.534897,59880800
2017-03-15,205.104726,206.727886,204.87161,206.304825,96081800
2017-03-16,206.442921,206.520622,205.570911,205.898987,78344000
2017-03-17,206.161754,206.352525,205.537415,205.537415,89002100
2017-03-20,205.537432,205.823589,204.921772,205.311981,52537000
2017-03-21,205.918954,206.040352,202.545792,202.675858,131809300
2017-03-22,202.710536,203.438928,202.086197,203.152771,97569200
2017-03-23,203.152743,204.071906,202.563097,202.935959,100410300
2017-03-24,203.239489,203.811789,202.008157,202.788574,112504900
2017-03-27,201.114951,202.840557,200.837474,202.580414,87454500
2017-03-28,202.276993,204.479515,202.164261,204.054626,93483900
2017-03-29,203.768492,204.479538,203.543028,204.245407,61950400
2017-03-30,204.184661,205.095157,204.011236,204.895706,56737900
2017-03-31,204.557555,205.086509,204.366784,204.418823,73733100
2017-04-03,204.470864,204.670302,202.831976,204.063309,85546500
2017-04-04,203.777107,204.280048,203.395565,204.193329,56466200
2017-04-05,204.869708,205.849577,203.378232,203.586349,108800600
2017-04-06,203.725123,204.678966,203.282875,204.158691,69135800
2017-04-07,203.907187,204.644258,203.464952,203.950546,74412300
2017-04-10,204.089261,204.869679,203.542961,204.071915,67615300
2017-04-11,203.690418,203.933215,202.337686,203.829163,88045300
2017-04-12,203.551632,203.742403,202.710508,202.935959,81864400
2017-04-13,202.59785,203.334921,201.617981,201.617981,92880400
2017-04-17,202.138211,203.404236,201.938773,203.404236,68405400
2017-04-18,202.667191,203.33489,202.112224,202.797256,83225800
2017-04-19,203.360887,203.733749,202.198913,202.424377,68699900
2017-04-20,203.04002,204.514163,202.719184,204.071915,92572200
2017-04-21,203.993868,204.045894,203.022679,203.421555,110389800
2017-04-24,205.667434,205.866885,203.395541,205.658768,119209900
2017-04-25,206.300502,207.202318,206.213783,206.855469,76698300
2017-04-26,206.820758,207.705241,206.682026,206.725372,84702500
2017-04-27,207.046246,207.202324,206.3612,206.898834,57410300
2017-04-28,207.158982,207.184995,206.317859,206.447937,63532800
2017-05-01,206.968216,207.393118,206.551994,206.968216,66882500
2017-05-02,207.106942,207.228341,206.638694,207.046249,57375700
2017-05-03,207.046216,207.141601,206.118373,206.794739,73137700
2017-05-04,207.098288,207.176327,206.187792,207.037582,61462700
2017-05-05,207.410502,207.870084,206.968254,207.852737,62001300
2017-05-08,207.896032,208.043444,207.393091,207.817993,48385700
2017-05-09,208.078112,208.27755,207.280335,207.627197,51363200
2017-05-10,207.583824,208.000046,207.375706,208.000046,54293800
2017-05-11,207.549167,207.739938,206.491259,207.57518,62358300
2017-05-12,207.323764,207.618587,206.959568,207.228378,53912700
2017-05-15,207.653261,208.494384,207.635914,208.372986,61918900
2017-05-16,208.667784,208.693797,207.791981,208.18219,51241800
2017-05-17,208.182172,208.182172,204.427469,204.488174,172174100
2017-05-18,204.410152,206.161772,204.150008,205.311981,107047700
2017-05-19,205.797549,207.315038,205.745523,206.647339,115011400
2017-05-22,207.15896,207.861352,207.089601,207.696594,61010600
2017-05-23,208.069485,208.320962,207.687943,208.156204,48341700
2017-05-24,208.390321,208.745837,208.052125,208.641785,46927700
2017-05-25,209.153383,209.916467,208.945278,209.638977,64071700
2017-05-26,209.448202,209.760372,209.370163,209.595627,46629900
2017-05-30,209.274768,209.664977,209.11869,209.413513,35201900
2017-05-31,209.708315,209.743008,208.667754,209.361465,91796000
2017-06-01,209.821033,211.043698,209.534876,211.026352,68962000
2017-06-02,211.078438,211.884882,210.783614,211.72879,88666100
2017-06-05,211.555316,211.841473,211.373211,211.572662,44698800
2017-06-06,211.009081,211.564048,210.81831,210.896362,50375400
2017-06-07,211.234519,211.511996,210.56682,211.286545,54144300
2017-06-08,211.381928,211.867522,210.861641,211.390594,65950700
2017-06-09,211.659425,212.457189,209.803753,211.069778,132256400
2017-06-12,210.826914,211.078378,210.176562,211.026352,86108100
2017-06-13,211.564045,212.110345,211.217195,212.058319,60067000
2017-06-14,212.32711,212.335777,210.965699,211.78949,78602300
2017-06-15,210.436769,211.503357,210.159292,211.381958,66464900
2017-06-16,211.541382,211.593662,210.548026,211.428101,84553100
2017-06-19,212.255896,213.249252,212.160045,213.188263,65123800
2017-06-20,212.830971,212.83968,211.733055,211.750473,56906400
2017-06-21,212.142617,212.255885,211.22768,211.698212,55977600
2017-06-22,211.706929,212.2036,211.428086,211.602356,44148100
2017-06-23,211.663386,212.186197,211.279983,211.855087,66986800
2017-06-26,212.52601,212.944275,211.785357,211.994476,56700500
2017-06-27,211.776602,212.072877,210.269144,210.286575,82247700
2017-06-28,211.306121,212.369188,211.070848,212.168777,70042600
2017-06-29,212.316899,212.369178,209.092849,210.304047,106949700
2017-06-30,211.114449,211.489143,210.504496,210.696198,86820700
2017-07-03,211.637219,212.072902,211.053406,211.053406,39153800
2017-07-05,211.419422,211.750532,210.609045,211.541412,54427600
2017-07-06,210.774621,210.896612,209.424002,209.606995,65400800
2017-07-07,210.182055,211.114409,209.615659,210.966278,57972300
2017-07-10,210.966336,211.56758,210.661353,211.192886,36663300
2017-07-11,211.19282,211.349672,209.868354,211.03598,50354600
2017-07-12,212.003149,212.787372,212.003149,212.621811,59610400
2017-07-13,212.6306,213.092423,212.404037,212.979141,39471600
2017-07-14,212.979178,214.329797,212.883327,213.972534,60262700
2017-07-17,213.894055,214.277458,213.772064,213.946335,33531900
2017-07-18,213.536761,214.111865,213.196929,214.059586,42742500
2017-07-19,214.373357,215.227291,214.364634,215.218582,51034300
2017-07-20,215.471262,215.593253,214.765458,215.314423,47135200
2017-07-21,214.739263,215.148805,214.512699,215.122665,82340800
2017-07-24,215.044251,215.209812,214.599859,215.070404,46622300
2017-07-25,215.819781,215.924354,215.366681,215.593231,54915600
2017-07-26,215.880803,215.915651,215.34056,215.601959,47575400
2017-07-27,216.063797,216.098645,214.077071,215.40155,70766600
2017-07-28,214.922255,215.279518,214.469155,215.148819,50088400
2017-07-31,215.549697,215.645548,214.817753,215.026886,65838700
2017-08-01,215.628125,215.662973,214.983309,215.506134,55050400
2017-08-02,215.636812,215.750094,214.678305,215.610672,47211200
2017-08-03,215.497383,215.523523,214.91357,215.192413,40856000
2017-08-04,215.680354,215.915613,215.2011,215.584503,60191800
2017-08-07,215.654211,215.985321,215.549638,215.985321,31995000
2017-08-08,215.671653,216.891573,215.079131,215.453812,61719400
2017-08-09,214.765389,215.497333,214.408126,215.445053,62632600
2017-08-10,214.608591,214.739304,212.351758,212.404037,120479500
2017-08-11,212.630569,213.310232,212.395296,212.717697,74869900
2017-08-14,213.998606,215.044242,213.963758,214.826401,73291900
2017-08-15,215.209805,215.227236,214.495293,214.800262,55242700
2017-08-16,215.323103,215.723937,214.747999,215.174973,56715500
2017-08-17,214.56503,214.878722,211.820221,211.820221,128490400
2017-08-18,211.654715,212.778784,211.044761,211.489166,136748000
2017-08-21,211.428098,211.91606,210.722294,211.654648,65469700
2017-08-22,212.238486,214.024775,212.221055,213.867935,63140100
2017-08-23,212.900725,213.528109,212.752594,213.101135,50203800
2017-08-24,213.484505,213.641345,212.395299,212.604431,50741700
2017-08-25,213.397396,214.016072,212.953005,213.101135,64445900
2017-08-28,213.632644,213.658784,212.691568,213.109833,40565600
2017-08-29,211.794115,213.615266,211.680833,213.353867,51135700
2017-08-30,213.336389,214.634728,213.153396,214.364594,62030800
2017-08-31,214.983266,215.898202,214.399452,215.654221,103803900
2017-09-01,216.028894,216.386157,215.811052,215.959183,62007000
2017-09-05,215.453793,215.680357,213.440941,214.408157,91398800
2017-09-06,215.087811,215.471214,214.556278,215.140091,57916900
2017-09-07,215.445106,215.462537,214.70444,215.113983,58034700
2017-09-08,214.82642,215.323105,214.617301,214.861282,63832800
2017-09-11,216.133475,217.231404,216.116058,217.152985,71364800
2017-09-12,217.518946,217.919767,217.335954,217.884918,56896000
2017-09-13,217.59739,218.024364,217.484108,217.989502,59228000
2017-09-14,217.667079,218.120193,217.492809,217.919769,95446300
2017-09-15,217.775259,218.300665,217.670181,218.213104,95432400
2017-09-18,218.580904,219.027501,218.291925,218.677231,46235200
2017-09-19,218.922464,218.983769,218.572193,218.896194,47108100
2017-09-20,218.983756,219.088835,217.976705,218.974991,59574100
2017-09-21,218.817322,218.904883,218.213094,218.388229,48211400
2017-09-22,218.090549,218.598451,218.06428,218.432068,51214000
2017-09-25,218.178096,218.52838,217.241115,217.985443,57064400
2017-09-26,218.414537,218.659729,217.880366,218.116806,54082000
2017-09-27,218.817382,219.351553,217.932927,218.966248,81001400
2017-09-28,218.68596,219.307706,218.5984,219.228897,44778800
2017-09-29,219.220164,220.078349,219.036276,219.999527,85578000
2017-10-02,220.227216,220.954041,220.052068,220.954041,59023000
2017-10-03,220.954029,221.453165,220.875206,221.426895,66810200
2017-10-04,221.278015,221.934782,221.164171,221.68959,55953600
2017-10-05,222.022347,223.020632,221.724615,223.003128,63522800
2017-10-06,222.556523,223.038155,222.293827,222.749176,80646000
2017-10-09,222.976885,223.038176,222.118699,222.381409,35803100
2017-10-10,222.950666,223.344724,222.407729,222.96817,43057400
2017-10-11,222.871795,223.318405,222.705425,223.318405,47674300
2017-10-12,223.003159,223.35343,222.749202,222.985641,47065100
2017-10-13,223.423494,223.537338,222.985649,223.257111,54800400
2017-10-16,223.484797,223.747493,223.143278,223.55484,38221700
2017-10-17,223.502293,223.756251,223.283371,223.712463,31561000
2017-10-18,224.08903,224.132817,223.738759,223.931412,40888300
2017-10-19,223.152021,224.027711,222.731694,223.992676,61903800
2017-10-20,224.789581,225.174886,223.975182,225.14859,89176400
2017-10-23,225.472621,225.498891,224.194095,224.272903,63915300
2017-10-24,224.701981,224.903373,224.30791,224.666946,66935900
2017-10-25,224.334203,224.448047,222.425206,223.55484,103715300
2017-10-26,224.167886,224.439335,223.721276,223.843872,69798000
2017-10-27,224.588119,225.83161,223.852543,225.673965,85562500
2017-10-30,224.588182,225.577716,224.535643,224.833374,54285700
2017-10-31,225.209894,225.437582,224.885893,225.183624,60304800
2017-11-01,225.962984,226.304489,225.113564,225.481339,54202700
2017-11-02,225.411321,225.709053,224.342979,225.568939,56449500
2017-11-03,225.726593,226.365856,225.315018,226.322083,59589700
2017-11-06,226.190703,226.803696,226.120659,226.672348,49652600
2017-11-07,226.777375,227.110142,226.006764,226.514679,57502200
2017-11-08,226.33949,226.996257,226.059263,226.899918,50469600
2017-11-09,225.691507,226.269466,224.49179,226.076813,95085500
2017-11-10,225.69157,226.181954,225.376308,226.006805,59984700
2017-11-13,225.32374,226.444622,225.288705,226.216934,50228600
2017-11-14,225.411316,225.796622,224.63194,225.691544,61315200
2017-11-15,224.719492,225.244911,223.852568,224.561874,80811500
2017-11-16,225.507668,226.838734,225.463894,226.470932,67777000
2017-11-17,226.120682,226.444683,225.726611,225.80542,75756800
2017-11-20,226.050572,226.383311,225.805353,226.190659,48075500
2017-11-21,226.961256,227.854477,226.155637,227.670563,69176800
2017-11-22,227.679319,227.810667,227.302779,227.469162,45033400
2017-11-24,227.95959,228.099704,227.819476,227.994598,27856500
2017-11-27,228.03837,228.336102,227.679334,227.880753,52274900
2017-11-28,228.344888,230.218851,228.248549,230.192581,98971700
2017-11-29,230.323952,230.858137,229.605907,230.05249,77512100
2017-11-30,230.971886,232.977196,230.893077,232.066498,127894400
2017-12-01,231.847608,232.329226,228.344849,231.584885,164390900
2017-12-04,233.20495,233.634029,231.252152,231.304718,94040600
2017-12-05,230.472763,232.189107,230.341415,230.472763,77994500
2017-12-06,230.569095,230.945662,230.052441,230.516556,75898600
2017-12-07,231.243408,231.558644,230.253874,231.243408,77218600
2017-12-08,232.197913,232.513149,231.208379,232.50441,76563900
2017-12-11,233.204987,233.266291,232.478176,233.204987,83077500
2017-12-12,233.993041,234.089381,233.239961,233.616501,85195800
2017-12-13,233.861717,234.299562,233.502681,233.590256,102905400
2017-12-14,233.887987,234.001831,232.583218,232.635757,100666700
2017-12-15,233.639948,235.039408,233.587141,234.572922,144610300
2017-12-18,235.972464,236.412547,235.866848,236.060486,83653600
2017-12-19,236.3069,236.350897,235.083457,235.153885,82382900
2017-12-20,236.122082,236.17489,234.731432,235.030685,76751500
2017-12-21,235.655631,236.22776,235.268356,235.514801,67032300
2017-12-22,235.532352,235.567566,234.916225,235.45314,78720900
2017-12-26,235.048212,235.391489,234.907409,235.171448,45244400
2017-12-27,235.338742,235.646806,235.013085,235.285934,57751000
2017-12-28,235.787655,235.814059,235.40038,235.770035,45116100
2017-12-29,236.350947,236.36854,234.687447,234.881058,96007400
2018-01-02,235.743632,236.597394,235.356357,236.56218,86655700
2018-01-03,236.729443,238.208142,236.729443,238.058502,90070400
2018-01-04,238.700999,239.545951,238.120087,239.061844,80636400
2018-01-05,239.853999,240.778162,239.361108,240.654953,83524000
2018-01-08,240.558056,241.253394,240.267613,241.094971,57319200
2018-01-09,241.517511,242.265657,241.235851,241.640747,57254000
2018-01-10,240.883812,241.535154,240.214905,241.271088,69574300
2018-01-11,241.82561,243.031433,241.658376,243.031433,62361500
2018-01-12,243.295443,244.782899,242.996163,244.615692,90816100
2018-01-16,245.87434,246.525654,243.084202,243.779541,106555100
2018-01-17,244.71253,246.490455,243.779556,246.10318,113258800
2018-01-18,245.988737,246.411199,245.196566,245.689484,100728000
2018-01-19,246.270351,246.807266,245.689465,246.807266,140920100
2018-01-22,246.596124,248.814133,246.543289,248.814133,91322400
2018-01-23,248.858025,249.632575,248.532368,249.342133,97084700
2018-01-24,249.984652,250.583185,248.065897,249.245316,134816100
2018-01-25,250.107893,250.204699,248.558793,249.350937,84587300
2018-01-26,250.18714,252.281939,249.931885,252.237915,107743100
2018-01-29,251.665759,252.105842,250.407128,250.565552,90118300
2018-01-30,248.734911,250.618452,247.520278,247.995575,131796400
2018-01-31,248.849327,249.351001,247.044971,248.118774,108364800
2018-02-01,247.388139,249.13966,247.044862,247.837006,90102500
2018-02-02,246.516779,246.648826,242.406421,242.441635,173174800
2018-02-05,240.681366,242.793759,231.756471,232.30217,294681800
2018-02-06,228.790347,237.380775,227.698949,236.879074,355026800
2018-02-07,236.324535,239.721963,235.514771,235.594009,167376100
2018-02-08,235.893283,236.034113,226.721942,226.757156,246449500
2018-02-09,229.547249,232.020513,222.611551,230.163376,283565300
2018-02-12,232.214169,235.013117,230.304224,233.543228,143736000
2018-02-13,232.337364,234.669798,231.756452,234.1241,81223600
2018-02-14,232.636571,237.644715,232.62776,237.283844,120735700
2018-02-15,239.026641,240.320486,236.562161,240.311676,111200300
2018-02-16,239.686708,242.327204,239.642683,240.382019,160420100
2018-02-20,239.431599,240.875085,238.084946,238.87709,86369700
2018-02-21,239.317063,241.799137,237.591946,237.688751,98883700
2018-02-22,238.613014,240.329322,237.327979,237.996887,110511300
2018-02-23,239.220275,241.790344,238.744978,241.790344,92766400
2018-02-26,242.86411,244.69487,242.274414,244.598038,86491400
2018-02-27,244.782934,245.495893,241.482312,241.54393,99099200
2018-02-28,242.644082,243.092975,238.780169,239.097015,121907800
2018-03-01,238.885846,240.434946,234.124145,235.620438,176855100
2018-03-02,233.948079,237.398341,233.085534,236.835022,139083200
2018-03-05,235.646825,240.188484,235.541182,239.572357,97307400
2018-03-06,240.549296,240.628535,238.683349,240.179642,79213200
2018-03-07,238.014481,240.443721,237.820843,240.09166,87063500
2018-03-08,240.769387,241.376704,239.774822,241.253494,66901200
2018-03-09,242.661778,245.451889,242.344904,245.451889,113625300
2018-03-12,245.742347,246.367258,244.756539,245.143814,71924800
2018-03-13,246.305607,246.807308,242.952177,243.559494,91968900
2018-03-14,244.518902,244.70373,241.755195,242.309677,105895100
2018-03-15,242.820113,243.462617,241.543862,242.045563,83433000
2018-03-16,242.573187,243.359685,242.255071,242.30809,100343700
2018-03-19,241.556988,242.484853,237.377119,239.029617,109208400
2018-03-20,239.42722,240.072324,238.755606,239.436066,59757300
2018-03-21,239.391883,241.486226,238.76447,238.976547,78709600
2018-03-22,236.749633,237.597969,232.728823,233.002792,148785900
2018-03-23,233.444649,233.771611,227.842025,228.036438,183534800
2018-03-26,231.641902,234.558071,229.238262,234.275284,141956100
2018-03-27,235.212021,235.742214,228.734551,230.289856,129941400
2018-03-28,230.422413,232.092602,228.504792,229.609406,146452300
2018-03-29,230.749307,234.407799,229.618184,232.543198,111601600
2018-04-02,232.013033,232.525589,225.049558,227.523895,186286300
2018-04-03,228.761071,230.917279,226.96718,230.440079,119956900
2018-04-04,226.887646,233.612521,226.755097,232.905579,123715300
2018-04-05,234.664096,235.627343,233.577174,234.743652,82652600
2018-04-06,232.781936,234.275349,227.992318,229.512268,179521200
2018-04-09,230.970287,234.036696,229.706616,230.643326,105442900
2018-04-10,233.533017,235.097167,232.393075,234.310669,103529000
2018-04-11,232.82615,234.743772,232.755467,233.082428,91140200
2018-04-12,234.407866,235.945479,234.231117,234.999924,68890500
2018-04-13,236.307819,236.422703,233.303275,234.310669,85079200
2018-04-16,235.945515,237.005955,235.123689,236.237122,63405300
2018-04-17,238.004431,239.365323,237.491903,238.76442,64682000
2018-04-18,239.206335,239.745374,238.481702,238.941238,57303900
2018-04-19,238.287218,238.490476,236.581701,237.615631,77655900
2018-04-20,237.544946,237.765868,234.717124,235.600815,99953100
2018-04-23,236.17527,236.732,234.487417,235.565521,65558000
2018-04-24,236.590614,236.811537,230.890796,232.393082,112885500
2018-04-25,232.33121,233.409314,230.510808,232.967468,103840900
2018-04-26,233.992539,236.166411,233.550693,235.335739,67731900
2018-04-27,235.945421,236.245873,234.619885,235.556595,57053600
2018-04-30,236.175221,236.731951,233.674361,233.745071,82182300
2018-05-01,233.179535,234.266485,231.62423,234.160446,74203400
2018-05-02,233.96605,234.77903,232.198668,232.587494,86368900
2018-05-03,231.756866,232.728905,228.920198,232.074982,136311500
2018-05-04,231.102843,235.759912,230.775882,235.079453,91222100
2018-05-07,235.848277,236.846825,235.158972,235.874786,55304900
2018-05-08,235.503624,236.237076,234.310636,235.874786,67499200
2018-05-09,236.54637,238.481655,236.024995,238.154694,59666100
2018-05-10,238.896998,240.70858,238.790959,240.381592,72063900
2018-05-11,240.505394,241.380239,239.992838,241.115143,59871500
2018-05-14,241.548096,242.202019,240.682069,241.22998,54790600
2018-05-15,240.001603,240.019268,238.623048,239.568604,87036100
2018-05-16,239.603981,241.035556,239.577444,240.576019,53942600
2018-05-17,240.310923,241.450892,239.595135,240.372787,56536400
2018-05-18,240.028129,240.390445,239.41838,239.771851,64368000
2018-05-21,241.2565,242.113681,240.867673,241.574615,58025900
2018-05-22,242.095973,242.352251,240.576023,240.902985,52966400
2018-05-23,239.630522,241.592317,239.471437,241.565781,64694200
2018-05-24,241.168128,241.44207,239.285861,241.070908,76043800
2018-05-25,240.49649,241.123904,239.99278,240.49649,56374800
2018-05-29,238.870483,239.630472,236.617082,237.730515,115908600
2018-05-30,239.03841,241.34483,238.967726,240.902985,69678400
2018-05-31,240.49652,240.796972,238.826358,239.427261,93519900
2018-06-01,240.726268,242.078314,240.655558,241.777863,71258400
2018-06-04,242.59969,243.182929,242.361103,242.926651,45385200
2018-06-05,243.059223,243.483405,242.290416,243.103424,51135000
2018-06-06,243.713104,245.241872,243.09451,245.135834,62732200
2018-06-07,245.621931,245.913537,244.199174,245.109375,72969400
2018-06-08,244.649781,245.886943,244.481878,245.833923,72139700
2018-06-11,246.054926,246.876753,245.940042,246.160965,58892500
2018-06-12,246.576273,246.84137,245.833976,246.47908,72329000
2018-06-13,246.717727,246.974005,245.489384,245.692642,79070600
2018-06-14,246.558635,246.841396,245.719118,246.311203,77097600
2018-06-15,245.52649,246.334263,244.416916,245.996948,120041600
2018-06-18,244.54118,245.615267,244.061864,245.490982,52917600
2018-06-19,243.21856,244.771964,242.80136,244.550049,97531500
2018-06-20,245.233603,245.63306,244.630001,244.967316,53785500
2018-06-21,244.9584,244.976171,242.934538,243.431625,71061400
2018-06-22,244.692055,244.807455,243.653482,243.875397,54898500
2018-06-25,242.721493,242.881265,238.869056,240.555603,137854200
2018-06-26,241.12371,241.940341,240.369194,241.088196,68547400
2018-06-27,241.674018,243.103136,238.940013,239.090927,105110700
2018-06-28,239.037733,241.221366,238.327589,240.457993,76650500
2018-06-29,241.549799,242.916802,240.688769,240.804169,97592500
2018-07-02,239.232947,241.478723,238.993262,241.318924,63554800
2018-07-03,242.215548,242.313204,240.040799,240.466858,42187100
2018-07-05,241.594123,242.49064,240.520036,242.428497,56925900
2018-07-06,242.455203,244.851867,242.073489,244.479065,66493700
2018-07-09,245.48206,246.733662,245.437688,246.680405,50550400
2018-07-10,247.13314,247.665741,246.840198,247.568085,51966800
2018-07-11,246.014722,246.804752,245.455493,245.757294,77054700
2018-07-12,247.017776,248.038578,246.414174,247.985321,60124700
2018-07-13,247.807756,248.482358,247.355041,248.180557,48216000
2018-07-16,248.225008,248.36701,247.514865,247.958694,48201000
2018-07-17,247.186383,249.352273,247.133125,248.9617,52315500
2018-07-18,249.041598,249.591943,248.597769,249.485428,44593500
2018-07-19,248.819697,249.201384,248.065182,248.544525,61412100
2018-07-20,248.340277,248.970534,248.100619,248.260391,82337700
2018-07-23,248.056271,248.92616,247.710071,248.722015,47047600
2018-07-24,250.133493,250.816981,249.103805,249.973694,68026900
2018-07-25,249.725073,252.423563,249.680701,252.104019,78882900
2018-07-26,251.385126,252.192872,251.287469,251.509384,57919500
2018-07-27,251.837774,251.93543,248.881881,249.805054,76768700
2018-07-30,249.884883,250.044655,247.976395,248.500137,63742500
2018-07-31,249.26357,250.33763,248.881883,249.725143,68570500
2018-08-01,249.929264,250.435236,248.659918,249.307892,53853300
2018-08-02,248.003054,250.834661,247.798883,250.666031,63426400
2018-08-03,250.790341,251.7934,250.612798,251.740143,53935400
2018-08-06,251.775564,252.973882,251.384992,252.663223,39400900
2018-08-07,253.328974,253.879318,253.195804,253.497604,43196600
2018-08-08,253.329059,253.790632,252.929601,253.391174,42114600
2018-08-09,253.453299,253.843871,252.911839,253.044983,35717000
2018-08-10,251.606947,252.148405,250.639374,251.349518,77076000
2018-08-13,251.62475,252.237237,250.115718,250.408661,65732900
2018-08-14,251.13649,252.246063,250.745918,252.006378,43842000
2018-08-15,250.657097,250.799126,248.686494,250.124496,102925400
2018-08-16,251.562579,253.018353,251.527065,252.148438,69967900
2018-08-17,251.944287,253.479947,251.535971,253.036118,65618500
2018-08-20,253.488835,253.843893,253.03612,253.577606,39807500
2018-08-21,254.092279,255.033195,253.612936,254.172165,67272000
2018-08-22,253.763995,254.545139,253.497681,254.021423,44993300
2018-08-23,253.843824,254.704854,253.36448,253.684052,49204900
2018-08-24,254.261044,255.352875,254.207787,255.210846,57487400
2018-08-27,256.409141,257.332314,256.249369,257.2258,57072400
2018-08-28,257.687324,257.793866,256.888437,257.350037,46943500
2018-08-29,257.563177,258.965667,257.323519,258.734894,61485500
2018-08-30,258.255615,258.628417,257.092783,257.6875,61229500
2018-08-31,257.279088,258.140119,256.790887,257.696289,66140800
2018-09-04,257.27904,257.607469,256.249352,257.252411,57594400
2018-09-05,256.897373,257.101545,255.548142,256.560059,72452400
2018-09-06,256.66657,256.96837,254.758108,255.787796,65909900
2018-09-07,254.740427,256.267202,254.500742,255.290771,73524800
2018-09-10,256.302661,256.568975,255.539287,255.734573,50210900
2018-09-11,255.08659,257.02168,254.740417,256.57785,50530500
2018-09-12,256.586788,257.243647,255.850042,256.640045,59810800
2018-09-13,257.705241,258.344356,257.421183,258.157928,51034200
2018-09-14,258.361951,258.548352,257.421035,258.202179,55079900
2018-09-17,258.149042,258.184529,256.560124,256.835297,68244000
2018-09-18,257.048311,258.823629,257.021682,258.228912,61930400
2018-09-19,258.282205,258.921321,258.15792,258.50412,49080600
2018-09-20,259.764563,260.918509,258.521819,260.598938,100360600
2018-09-21,261.34166,261.457582,260.200314,260.360809,105479700
2018-09-24,259.781254,259.923926,258.916326,259.495911,53409600
2018-09-25,259.950695,260.057692,259.014445,259.255188,44370000
2018-09-26,259.397827,260.583746,258.060311,258.479401,79739700
2018-09-27,258.952053,260.289569,258.675635,259.201721,59249500
2018-09-28,258.577642,259.727914,258.541995,259.228577,70091400
2018-10-01,260.467873,261.199055,259.460301,260.129059,62078900
2018-10-02,259.977386,260.690717,259.602897,259.977386,47258200
2018-10-03,261.029618,261.448708,259.763452,260.120117,64694600
2018-10-04,259.638576,259.692075,256.499882,258.087067,111545900
2018-10-05,258.310072,258.827233,255.21595,256.642639,105951700
2018-10-08,255.95603,256.999305,254.573941,256.642639,87742200
2018-10-09,256.259199,257.569938,255.706336,256.268097,74339000
2018-10-10,255.759769,255.831118,247.779274,248.153763,214731000
2018-10-11,247.065948,248.688807,241.073875,242.687836,274840500
2018-10-12,246.78952,247.074863,242.866145,246.058365,183186500
2018-10-15,245.701647,247.030265,244.587051,244.676224,102263700
2018-10-16,246.637898,250.400777,246.16531,250.02626,118255800
2018-10-17,250.061936,250.695019,247.493902,250.070862,110626000
2018-10-18,249.134704,249.73214,245.184579,246.459671,134557500
2018-10-19,247.110532,249.045456,245.630344,246.325851,139901600
2018-10-22,246.994629,247.31562,244.685188,245.2202,82415800
2018-10-23,241.600025,245.095385,239.513475,243.971863,146352700
2018-10-24,243.722167,244.105609,236.027014,236.579849,177806700
2018-10-25,238.416721,242.366846,237.391298,240.824234,138061500
2018-10-26,237.114859,241.644568,233.878065,236.588745,201574600
2018-10-29,239.682904,240.975847,231.702407,235.278015,160749100
2018-10-30,235.108594,239.076543,234.618156,238.76445,157116000
2018-10-31,241.332475,243.633018,240.859887,241.314651,128296300
2018-11-01,242.179583,244.078861,241.091736,243.88269,99495000
2018-11-02,244.988371,245.416386,240.387312,242.438187,122634100
2018-11-05,242.928652,244.328593,241.956727,243.775757,65622500
2018-11-06,243.713259,245.478763,243.650836,245.318268,60085900
2018-11-07,247.493924,250.650469,247.065909,250.570221,102752100
2018-11-08,249.767711,250.757487,248.974133,250.115479,65584900
2018-11-09,248.804723,248.991967,246.263437,247.672302,98812600
2018-11-12,247.164008,247.404752,242.527276,243.044464,99673600
2018-11-13,243.508194,245.505543,241.867511,242.589767,98176600
2018-11-14,244.462217,244.863455,239.370748,240.931183,125335900
2018-11-15,239.665006,243.909399,238.086748,243.445709,135101400
2018-11-16,242.349016,244.988374,241.831828,244.078873,126668000
2018-11-19,243.472457,243.766725,239.031921,239.950348,103061700
2018-11-20,236.615513,238.077877,234.644914,235.509842,136021300
2018-11-21,237.061277,238.211548,236.303373,236.312271,75563700
2018-11-23,234.671615,236.133979,234.573544,234.734039,42807900
2018-11-26,236.989965,238.74657,236.597625,238.523651,79981400
2018-11-27,237.489379,239.326233,236.883045,239.326233,75502400
2018-11-28,240.396181,244.836716,239.263733,244.836716,127629600
2018-11-29,244.060927,245.701609,242.919581,244.301697,82346400
2018-11-30,244.150241,246.352685,243.82925,245.790924,98204200
2018-12-03,249.919417,250.026414,247.449479,249.045563,103176300
2018-12-04,248.216199,248.644214,240.663692,240.975784,177986000
2018-12-06,237.114914,240.726198,234.011867,240.610275,204185400
2018-12-07,240.271359,241.84072,234.181215,235.019394,161018900
2018-12-10,234.84104,236.43715,230.605573,235.465225,151445900
2018-12-11,238.666404,238.853649,234.047521,235.518784,121504400
2018-12-12,238.496946,239.861212,236.624418,236.704666,97976700
2018-12-13,237.649859,238.514787,235.509839,236.624435,96662700
2018-12-14,234.475471,235.429572,231.702368,232.255203,116961100
2018-12-17,231.301117,232.415713,226.066974,227.698746,165492300
2018-12-18,229.339385,230.008143,225.843999,227.44902,134515100
2018-12-19,227.529308,231.3011,222.339753,224.042847,214992800
2018-12-20,222.794488,224.363835,218.148843,220.395874,252053400
2018-12-21,221.297271,223.961019,215.234323,215.880081,255345600
2018-12-24,214.391195,216.00559,210.113068,210.175842,147311600
2018-12-26,211.637845,220.795029,209.655724,220.795029,218485400
2018-12-27,217.557218,222.687384,214.319466,222.490082,186267300
2018-12-28,223.844425,225.476748,221.037172,222.203125,153100200
2018-12-31,223.826489,224.391531,221.952004,224.149368,144299400
2019-01-02,220.615641,225.306357,220.588736,224.382553,126925200
2019-01-03,222.633556,222.938507,218.543766,219.028091,144140700
2019-01-04,222.059637,227.010443,221.682947,226.364685,142628800
2019-01-07,226.633723,229.557561,225.736839,228.14946,103139100
2019-01-08,230.337829,230.777294,227.808609,230.292969,102512600
2019-01-09,231.001567,232.212367,229.77284,231.369293,95006600
2019-01-10,229.835607,232.436567,229.153966,232.18544,96823900
2019-01-11,231.109165,232.302037,230.526196,232.275131,73858100
2019-01-14,230.373722,231.665238,229.970141,230.858047,70908200
2019-01-15,231.234729,233.81776,231.225751,233.503845,85208300
2019-01-16,233.934354,234.956816,233.728088,234.068909,77636700
2019-01-17,233.198949,236.705771,233.154088,235.844742,96118400
2019-01-18,237.656378,239.450147,235.880538,238.983749,127900300
2019-01-22,237.512918,237.728161,234.140624,235.755005,115531200
2019-01-23,236.786504,237.486072,233.781935,236.248367,86030300
2019-01-24,236.068933,236.956868,235.05545,236.373871,59204100
2019-01-25,238.221465,239.199093,236.472556,238.373947,96883400
2019-01-28,236.230443,236.625047,234.795423,236.562286,85613700
2019-01-29,236.705787,237.270801,235.414271,236.248367,66136300
2019-01-30,237.764071,240.831401,237.001714,239.988327,92473700
2019-01-31,239.925578,242.580349,239.710308,242.096024,104012100
2019-02-01,242.293332,243.235077,241.423353,242.212616,85782500
2019-02-04,242.257445,243.979475,241.584782,243.916687,60744800
2019-02-05,244.34717,245.244055,243.844917,244.939117,79552800
2019-02-06,244.661133,245.154408,243.880847,244.616272,58347800
2019-02-07,243.00189,243.548976,240.625152,242.284393,95482000
2019-02-08,241.037726,242.679012,240.21258,242.580368,75788900
2019-02-11,243.235098,243.495175,242.185731,242.71489,68021400
2019-02-12,244.329255,246.21269,244.257489,245.836014,72270200
2019-02-13,246.670038,247.477229,246.248502,246.634155,65277200
2019-02-14,245.549022,247.217241,244.732854,246.087158,83234400
2019-02-15,247.862937,248.804682,247.656671,248.768799,97088700
2019-02-19,247.970644,249.85408,247.961666,249.199371,59120800
2019-02-20,249.163433,250.158988,248.66118,249.701569,76610800
2019-02-21,249.064801,249.42355,247.854002,248.813675,64214700
2019-02-22,249.432445,250.55355,248.795665,250.356262,78114600
2019-02-25,251.78247,252.302651,250.616504,250.69722,69030700
2019-02-26,250.347351,251.39669,250.141058,250.517761,56844100
2019-02-27,249.800239,250.759912,248.867499,250.410141,56921600
2019-02-28,250.194822,250.634313,249.62083,249.943695,69268300
2019-03-01,251.522231,251.916862,250.069283,251.504303,78880500
2019-03-04,252.562665,252.804814,248.293486,250.589508,106494600
2019-03-05,250.715039,250.912355,249.701556,250.248642,59114600
2019-03-06,250.365246,250.374224,248.410045,248.73291,75039800
2019-03-07,248.284515,248.42802,245.809133,246.652206,94885100
2019-03-08,244.795635,246.3293,244.329265,246.15889,85795800
2019-03-11,246.876354,249.889872,246.849449,249.728439,65098900
2019-03-12,250.284482,251.190344,250.096144,250.670135,79667500
2019-03-13,251.558145,253.26222,251.396685,252.329453,80639200
2019-03-14,252.356353,252.777889,251.72855,252.168015,67518400
2019-03-15,252.720277,254.224656,252.531082,253.41391,81309000
2019-03-18,253.630113,254.630055,253.404905,254.332764,62199800
2019-03-19,255.395754,256.161442,253.503995,254.395813,90268100
2019-03-20,254.179651,255.386767,252.522117,253.630127,84609200
2019-03-21,252.810339,256.90011,252.765281,256.494751,79550400
2019-03-22,255.134451,255.656924,251.495071,251.558136,122659300
2019-03-25,251.215849,252.404958,250.10784,251.369003,85575200
2019-03-26,253.125593,254.197589,251.837406,253.242706,68125900
2019-03-27,253.233714,253.819279,250.369066,251.918503,72224700
2019-03-28,252.549187,253.323892,251.396118,252.873474,56238500
2019-03-29,254.386824,254.792183,253.26078,254.467896,82186800
2019-04-01,256.467706,257.782917,256.197439,257.485626,77617900
2019-04-02,257.674851,257.846012,256.819047,257.611786,40070400
2019-04-03,258.827897,259.224266,257.413579,258.017151,68243200
2019-04-04,258.341393,258.953954,257.64776,258.701721,48997500
2019-04-05,259.368412,260.007997,259.080138,259.953949,58621700
2019-04-08,259.530613,260.260287,258.872993,260.152191,53566300
2019-04-09,259.188285,259.512572,258.269443,258.818939,66142300
2019-04-10,259.233178,259.791719,258.818802,259.70163,52601500
2019-04-11,260.188152,260.197169,259.062108,259.629639,55093100
2019-04-12,261.242063,261.665457,259.67462,261.3862,69727800
2019-04-15,261.458303,261.55741,260.413332,261.215088,49596700
2019-04-16,262.097867,262.151915,260.791646,261.3862,52153200
2019-04-17,262.503254,262.530278,260.332239,260.746643,58268300
2019-04-18,261.332214,261.530399,260.03501,261.260132,68708500
2019-04-22,260.494486,261.638536,260.404397,261.485382,40160100
2019-04-23,261.854609,264.070682,261.620411,263.836456,52246600
2019-04-24,263.755442,264.088746,263.10684,263.250977,50392900
2019-04-25,263.151902,263.746456,261.899755,263.088837,57770900
2019-04-26,263.133843,264.385989,262.359111,264.313934,50916400
2019-04-29,264.404015,265.250802,264.313926,264.728302,57197700
2019-04-30,264.386053,265.151769,262.971763,264.863495,81111700
2019-05-01,265.494052,265.701254,262.863602,262.87262,71671900
2019-05-02,262.755502,263.674371,260.809695,262.305084,65030200
2019-05-03,263.782495,265.151754,262.413208,264.872498,56543700
2019-05-06,260.566544,264.223932,260.251246,263.782532,107198100
2019-05-07,261.377327,261.971882,257.467706,259.377472,144729900
2019-05-08,259.016998,260.728579,258.422444,259.016998,91568300
2019-05-09,256.94512,258.836851,255.206488,258.233307,103471100
2019-05-10,257.296468,260.287246,254.305689,259.530548,112429300
2019-05-13,254.413781,255.377653,252.170684,253.008453,127290500
2019-05-14,254.026374,256.827985,253.900272,255.296555,77003200
2019-05-15,253.666094,257.431577,253.458892,256.791992,73956400
2019-05-16,257.49466,260.530469,257.422605,259.170227,76749600
2019-05-17,256.864061,259.980942,256.846027,257.494629,100353000
2019-05-20,255.891117,257.602697,255.04433,255.792038,62877600
2019-05-21,257.485617,258.476541,257.233384,258.098206,46847100
2019-05-22,257.143307,258.260333,256.828009,257.30545,49482500
2019-05-23,255.080402,255.125432,252.747243,254.16156,98733800
2019-05-24,255.602907,256.017311,254.116535,254.738113,55268100
2019-05-28,255.017353,255.972236,252.35089,252.368896,70029400
2019-05-29,251.251871,251.65723,249.270023,250.675323,104972900
2019-05-30,251.431933,252.26973,250.260859,251.359879,62523800
2019-05-31,248.810667,249.63942,247.945846,247.97287,86862800
2019-06-03,248.008848,249.125875,246.008994,247.342239,96428000
2019-06-04,249.639437,252.846408,249.18902,252.711288,77231900
2019-06-05,254.332677,254.927231,252.522018,254.900208,71169700
2019-06-06,255.197528,257.233396,254.548926,256.55777,69430400
2019-06-07,257.575655,260.206104,257.404494,259.125092,74272200
2019-06-10,260.674629,261.980851,260.224212,260.314301,60799100
2019-06-11,262.133901,262.503247,259.602558,260.25116,58641300
2019-06-12,260.016926,260.575439,259.278235,259.791718,47096300
2019-06-13,260.701565,261.224064,259.998915,260.863708,48945200
2019-06-14,260.575562,261.179106,259.809846,260.575562,52324700
2019-06-17,260.809741,261.440337,260.503461,260.674622,39205700
2019-06-18,262.49432,264.458133,262.133964,263.404144,85434800
2019-06-19,263.539345,264.530269,262.566455,263.998779,78674400
2019-06-20,266.683106,266.926322,264.061674,266.520935,116570000
2019-06-21,266.251319,267.509556,265.916393,266.133636,83309500
2019-06-24,266.341752,266.658556,265.653779,265.807678,47582700
2019-06-25,265.862083,265.889239,263.092123,263.200745,82028700
2019-06-26,264.096755,264.603674,262.829458,262.93808,51584900
2019-06-27,263.698521,264.377433,263.318345,263.870514,40355200
2019-06-28,264.848191,265.726252,264.332238,265.228394,59350900
2019-07-01,268.559541,268.776812,266.432277,267.63623,78705600
2019-07-02,267.590998,268.387593,266.749154,268.333282,61504500
2019-07-03,269.01207,270.496638,268.867232,270.478516,40898900
2019-07-05,269.247496,270.333767,267.953044,270.170807,51677300
2019-07-08,268.858303,269.989824,268.143175,268.68631,45841800
2019-07-09,267.527669,269.31998,267.473358,269.021271,41101300
2019-07-10,270.089428,271.257165,269.555354,270.306671,58448500
2019-07-11,270.949338,271.184676,269.9355,270.940277,50826100
2019-07-12,271.429097,272.225692,271.121327,272.153259,40326000
2019-07-15,272.587792,272.587792,271.736886,272.243805,33900000
2019-07-16,272.153287,272.361497,271.057983,271.365753,36650100
2019-07-17,271.338598,271.50153,269.519104,269.519104,36036300
2019-07-18,269.021258,270.886001,268.577711,270.505798,51392600
2019-07-19,271.601141,271.628296,268.83118,269.003174,58678600
2019-07-22,269.40142,270.207076,268.885468,269.66394,43638100
2019-07-23,270.786443,271.592072,269.953632,271.592072,44564500
2019-07-24,270.831671,272.868408,270.741144,272.868408,47213200
2019-07-25,272.415725,272.470035,270.759164,271.564819,55394100
2019-07-26,272.252849,273.583518,272.126105,273.384369,45084100
2019-07-29,273.266647,273.38433,272.334276,272.886444,38126500
2019-07-30,271.483391,272.623972,271.103188,272.216614,45849000
2019-07-31,272.461063,272.651178,267.21988,269.238495,104245200
2019-08-01,269.392357,272.352404,266.097357,266.893951,142646600
2019-08-02,265.997856,266.242255,263.327457,264.88443,116749700
2019-08-05,260.78372,260.892342,255.017498,256.918457,178745400
2019-08-06,258.810335,260.73845,257.334829,260.521179,120711700
2019-08-07,257.443512,261.44458,255.307214,260.67514,140572300
2019-08-08,262.168716,265.789581,261.616548,265.789581,87713900
2019-08-09,264.848187,265.445633,262.19591,263.979187,93730000
2019-08-12,262.476561,263.970163,259.815223,260.765717,65527600
2019-08-13,260.466896,266.269335,260.12291,264.820984,94299800
2019-08-14,260.765701,261.37218,256.86422,256.990936,135622100
2019-08-15,257.877979,258.565952,255.624,257.669769,99556600
2019-08-16,259.326352,261.906196,257.724102,261.47171,83018300
2019-08-19,264.495141,265.300769,263.816229,264.621857,53571800
2019-08-20,264.114965,264.649039,262.467492,262.594208,51596400
2019-08-21,264.757716,265.101675,264.069742,264.73056,49524700
2019-08-22,265.43664,266.070275,262.874862,264.649078,51666400
2019-08-23,263.345592,265.011187,256.601718,257.850922,149161500
2019-08-26,260.041453,260.702271,258.511635,260.702271,72423800
2019-08-27,262.096353,262.467495,258.919034,259.679413,66668900
2019-08-28,259.01862,261.670897,258.212964,261.507965,59696700
2019-08-29,264.069763,265.373277,263.064958,264.848236,57899400
2019-08-30,266.332783,266.350878,263.798188,264.73056,62901200
2019-09-03,263.028746,263.942996,261.851948,263.182617,69101400
2019-09-04,265.35508,266.187864,264.603735,266.169769,46887300
2019-09-05,268.659059,270.50568,266.133499,269.591431,83258100
2019-09-06,269.908393,270.442467,269.229481,269.799744,49584300
2019-09-09,270.786483,270.876983,268.994144,269.935577,51260300
2019-09-10,269.175036,269.935442,267.9168,269.87207,57947100
2019-09-11,270.179915,271.872665,269.528158,271.791199,68821100
2019-09-12,272.696358,273.791662,271.93598,272.732574,72908700
2019-09-13,273.176115,273.529163,272.180372,272.551514,62104800
2019-09-16,271.420041,272.596839,271.067021,271.709717,58191200
2019-09-17,271.510492,272.488113,271.338499,272.397614,41475500
2019-09-18,272.008473,272.66929,269.971736,272.560669,73375800
2019-09-19,272.949808,273.945551,272.207524,272.54245,76560500
2019-09-20,273.146324,273.428262,270.463621,271.254791,89565000
2019-09-23,270.590957,271.909593,270.336327,271.191162,43476800
2019-09-24,272.282412,272.673446,268.099183,269.063141,94869400
2019-09-25,269.144909,271.100106,267.662589,270.65451,71854000
2019-09-26,270.663622,270.872766,268.681145,270.090698,56179700
2019-09-27,270.845508,270.954659,267.080621,268.635681,84746600
2019-09-30,269.154147,270.590981,269.108688,269.881653,51662400
2019-10-01,270.763794,271.418561,266.453262,266.671509,88242400
2019-10-02,265.089081,265.098183,260.669427,261.960754,122539500
2019-10-03,261.733394,264.134214,259.014308,264.106934,85278800
2019-10-04,264.761692,267.935477,264.707103,267.680847,65091200
2019-10-07,266.88071,268.508538,266.244121,266.526031,59610500
2019-10-08,264.670747,265.407356,262.351769,262.388153,95708100
2019-10-09,264.407068,265.816621,263.779582,264.879944,62359400
2019-10-10,264.798154,267.553625,264.634469,266.671509,55296300
2019-10-11,269.426932,271.673143,269.308734,269.436035,98720400
2019-10-14,269.117659,269.790631,268.790289,269.135864,40394800
2019-10-15,270.181751,272.546188,270.063525,271.800476,46754500
2019-10-16,271.336733,272.055164,270.927521,271.364014,48928200
2019-10-17,272.527968,273.037228,271.473065,272.164215,45736600
2019-10-18,271.627636,272.2733,270.118035,270.97287,64304000
2019-10-21,272.29151,273.009913,271.85499,272.809845,39048600
2019-10-22,273.346463,273.637477,271.827786,271.918732,48594700
2019-10-23,271.664038,272.7644,271.454867,272.709839,34352200
2019-10-24,273.646569,273.792076,272.327933,273.155487,35453100
2019-10-25,272.582465,274.8196,272.527903,274.273956,45205400
2019-10-28,275.492607,276.320162,275.465327,275.819977,42147000
2019-10-29,275.547194,276.665762,275.419865,275.738159,44284900
2019-10-30,275.938232,276.956752,274.628698,276.583923,49643900
2019-10-31,276.574732,276.574732,274.392186,275.847198,69053800
2019-11-01,277.293184,278.448108,277.129472,278.402649,71141500
2019-11-04,279.957822,280.094226,279.148445,279.521301,60606900
2019-11-05,279.721235,280.021351,278.920962,279.211975,42933200
2019-11-06,279.212031,279.548504,278.329916,279.275696,46487100
2019-11-07,280.612399,281.594535,279.784845,280.257721,54272300
2019-11-08,279.912219,281.003506,279.211994,280.948944,49032100
2019-11-11,279.566713,280.585233,279.430281,280.412445,35797300
2019-11-12,280.77616,281.903803,280.230517,281.00351,46484600
2019-11-13,280.012329,281.49465,279.78498,281.094513,53917700
2019-11-14,280.812601,281.585593,280.176012,281.503723,51219900
2019-11-15,282.840518,283.58623,282.149396,283.540771,62023600
2019-11-18,283.304252,283.986299,282.849554,283.749847,49228000
2019-11-19,284.350199,284.359302,283.022488,283.668152,67804700
2019-11-20,283.077021,283.595384,281.05816,282.61322,79406200
2019-11-21,282.722327,282.83145,281.358232,282.158478,54664700
2019-11-22,282.904176,283.04058,281.776533,282.78595,44850200
2019-11-25,283.713584,284.977631,283.713584,284.977631,48647200
2019-11-26,285.014011,285.805181,284.695716,285.623291,37569000
2019-11-27,286.105195,286.896393,285.886948,286.896393,44444600
2019-11-29,286.332585,286.57814,285.605079,285.832428,36592700
2019-12-02,286.087061,286.150726,282.97694,283.404358,75767800
2019-12-03,280.685272,281.585593,279.302999,281.503723,73941700
2019-12-04,282.549478,283.840806,282.203903,283.240601,49080000
2019-12-05,283.940841,283.959019,282.440314,283.749847,40709000
2019-12-06,285.659688,286.741873,285.650585,286.341736,48927000
2019-12-09,285.950636,286.62358,285.368608,285.441376,34838500
2019-12-10,285.386841,286.050682,284.468341,285.123108,52649800
2019-12-11,285.577817,286.187125,285.041276,285.932495,53429100
2019-12-12,285.941651,289.179102,285.705227,288.397034,96389600
2019-12-13,288.160493,289.797424,287.3875,288.569733,81503900
2019-12-16,290.297586,291.143318,288.506073,290.552216,82749700
2019-12-17,290.934139,291.234228,290.534002,290.615845,61097700
2019-12-18,291.00692,291.234269,290.579502,290.634064,48133000
2019-12-19,290.824976,291.898085,290.570346,291.825317,85310500
2019-12-20,292.857974,294.237923,291.880157,293.104736,147142100
2019-12-23,293.890739,293.945569,293.40639,293.552612,52990000
2019-12-24,293.781056,293.826739,293.260145,293.561737,20270000
2019-12-26,293.945432,295.133476,293.936312,295.124329,30911200
2019-12-27,295.855447,295.910277,294.521208,295.051239,42528800
2019-12-30,295.133578,295.270652,292.940273,293.424622,49729100
2019-12-31,292.92205,294.384244,292.574776,294.137482,57077300
2020-01-02,295.672813,296.90654,294.749797,296.888245,59151200
2020-01-03,293.497772,295.764174,293.442942,294.640106,77709700
2020-01-06,292.885424,295.846374,292.766617,295.76413,55653900
2020-01-07,295.197466,295.672695,294.484651,294.932465,40496400
2020-01-08,295.124415,297.719796,294.877681,296.504364,68296000
2020-01-09,298.067076,298.587987,297.482187,298.514862,48473300
2020-01-10,299.099719,299.25506,297.189739,297.655792,53029300
2020-01-13,298.277219,299.71197,297.8477,299.70285,47086800
2020-01-14,299.264239,300.315181,298.688498,299.245972,62832800
2020-01-15,299.154535,300.680678,299.07229,299.92218,72056600
2020-01-16,301.302164,302.417084,301.073697,302.417084,54050300
2020-01-17,303.129932,303.56857,302.353138,303.358398,95846000
2020-01-21,302.398802,303.568551,302.325705,302.764343,77742400
2020-01-22,303.623317,304.272183,302.6455,302.800842,48914900
2020-01-23,302.152111,303.559476,301.037192,303.148224,51963000
2020-01-24,303.806146,303.888391,299.163683,300.45224,87578400
2020-01-27,295.206742,297.116722,294.868615,295.636261,84062500
2020-01-28,297.061768,299.611466,295.727529,298.734161,63834000
2020-01-29,300.095873,300.32434,298.286405,298.487457,53888900
2020-01-30,296.422069,299.666315,295.672719,299.456116,75491800
2020-01-31,298.834719,298.990088,293.104779,294.018646,113845600
2020-02-03,295.499121,298.067087,295.380314,296.202789,69083000
2020-02-04,299.812596,301.585501,299.492736,300.717316,62573200
2020-02-05,303.650702,304.40008,302.188536,304.18988,65951100
2020-02-06,305.149524,305.405405,304.135116,305.213501,50359700
2020-02-07,304.153447,305.222656,303.038527,303.586853,64139400
2020-02-10,302.700444,305.917249,302.663882,305.853271,42070000
2020-02-11,307.205715,307.991628,305.853181,306.38324,54864500
2020-02-12,307.818063,308.567441,307.452521,308.357269,43992700
2020-02-13,306.931546,308.996896,306.657397,308.028198,54501900
2020-02-14,308.439453,308.640505,307.242289,308.521698,64582200
2020-02-18,307.525602,308.585692,306.337557,307.726654,57226200
2020-02-19,308.695382,309.874251,308.412085,309.197998,48814700
2020-02-20,308.6497,309.472204,304.939399,307.927765,74163400
2020-02-21,306.57521,306.885922,303.934119,304.756622,113788200
2020-02-24,295.307247,304.829734,293.570876,294.649261,161088400
2020-02-25,296.038276,296.650552,284.843398,285.720703,218913200
2020-02-26,287.118836,290.710327,283.938595,284.669678,194773800
2020-02-27,279.149965,284.724563,271.884735,271.884735,284353500
2020-02-28,263.833595,272.23204,260.94577,270.742432,384975800
2020-03-02,272.524432,282.531293,269.097429,282.467316,238703600
2020-03-03,282.842031,286.808213,271.939597,274.379608,300139100
2020-03-04,279.753139,286.131945,277.203441,285.912598,176613400
2020-03-05,278.711474,281.900864,274.169548,276.408508,186366800
2020-03-06,267.900313,273.045393,265.231835,271.839081,228667200
2020-03-09,251.587803,259.712101,249.89717,250.609985,309417300
2020-03-10,260.123219,263.669001,249.942723,263.577637,276444100
2020-03-11,256.522691,257.655878,247.548503,250.728745,255316300
2020-03-12,233.9501,243.691931,226.346715,226.739685,392220700
2020-03-13,240.429428,248.096791,227.114384,246.122833,329566100
2020-03-16,220.406578,234.772578,216.915612,219.191147,297240000
2020-03-17,223.93412,234.105485,216.650608,231.025742,262070500
2020-03-18,215.901228,226.977299,208.380101,219.328232,327597100
2020-03-19,218.642828,226.072576,212.21834,219.794296,289322000
2020-03-20,222.943662,224.726993,210.046704,210.322479,347158800
2020-03-23,209.761684,211.131345,200.633611,204.944855,326025200
2020-03-24,215.488561,224.386825,214.918636,223.513535,235494500
2020-03-25,225.094632,235.647533,220.38812,226.859573,299430300
2020-03-26,229.369133,241.576645,228.937089,240.105881,257632800
2020-03-27,232.816251,239.747325,230.775535,232.954132,224341200
2020-03-30,235.050002,241.236493,233.05525,240.519485,171369500
2020-03-31,239.51753,242.063818,235.528025,236.934464,194881100
2020-04-01,227.953515,236.85178,224.203008,226.271301,189554600
2020-04-02,225.388836,232.273946,224.837286,231.492599,177660400
2020-04-03,230.508989,232.862259,225.416397,228.146545,135561200
2020-04-06,237.017196,245.437451,228.128134,243.470261,188061200
2020-04-07,252.065191,252.818975,243.497882,243.718491,201427200
2020-04-08,246.319947,253.710657,243.82881,251.89975,153774500
2020-04-09,255.163033,258.490711,253.223447,255.732986,189999200
2020-04-13,254.758605,255.098719,249.491341,253.398117,114839100
2020-04-14,258.288485,261.891896,253.260233,260.871552,134143400
2020-04-15,255.153848,261.009412,253.214234,255.328506,121775000
2020-04-16,256.606315,257.415252,253.4901,256.560364,131798300
2020-04-17,262.33311,264.098038,259.593761,263.491364,146684800
2020-04-20,259.78686,263.629311,258.628634,258.849243,100109300
2020-04-21,254.381673,255.585877,250.052026,250.98967,126385700
2020-04-22,255.870932,258.306917,254.547222,256.560364,92951600
2020-04-23,257.838034,261.009429,256.238563,256.541901,104709700
2020-04-24,258.058615,260.788763,256.008697,260.117706,85063200
2020-04-27,262.094096,264.989701,261.634475,263.868225,77896600
2020-04-28,267.517675,267.866991,262.351542,262.654907,105270000
2020-04-29,267.986382,271.065846,266.956837,269.530701,118745600
2020-04-30,268.151981,269.631975,265.283952,267.021332,122901700
2020-05-01,262.268687,267.186633,258.784755,259.952209,125180000
2020-05-04,258.067903,260.97271,256.587937,260.669373,80873200
2020-05-05,263.491368,265.890574,260.797969,263.077698,79569900
2020-05-06,264.778305,265.164371,260.862328,261.294373,73632600
2020-05-07,264.511772,266.377831,263.941847,264.447418,75250400
2020-05-08,267.582016,269.29182,266.451339,268.822998,76452400
2020-05-11,266.892609,270.257036,266.469765,268.878174,79514200
2020-05-12,270.063977,270.477619,263.381073,263.518982,95870800
2020-05-13,262.958176,263.996924,256.431557,258.858368,144721100
2020-05-14,256.422444,262.084948,250.943744,261.956268,121977900
2020-05-15,259.566103,263.20629,258.619286,263.160339,111146300
2020-05-18,269.383646,272.78485,269.061934,271.176178,119703800
2020-05-19,270.578729,272.288505,268.372555,268.39093,95189300
2020-05-20,271.929973,273.814406,271.700163,272.950317,85861700
2020-05-21,272.821672,273.630609,269.972018,271.065918,78293900
2020-05-22,270.780953,271.755347,269.539971,271.580688,63958200
2020-05-26,277.546571,277.785583,271.599078,274.926727,88951400
2020-05-27,277.721261,279.054173,272.895243,279.017395,104817400
2020-05-28,280.046882,282.060023,277.831507,278.502563,90405200
2020-05-29,278.033757,280.331861,275.285234,279.743561,119090800
2020-06-01,279.100108,281.48094,278.585335,280.874237,55758300
2020-06-02,281.793452,283.245869,280.460569,283.19989,74267200
2020-06-03,285.18542,287.924769,284.909658,286.96875,92567600
2020-06-04,285.985186,287.722566,284.119127,286.214996,75794400
2020-06-05,291.610921,295.324636,291.546567,293.550507,150524700
2020-06-08,294.359497,297.291879,293.817148,297.098846,73641200
2020-06-09,294.433097,297.172448,293.569008,294.883545,77479200
2020-06-10,295.462614,296.354279,292.52103,293.238037,95000800
2020-06-11,286.306967,286.941246,275.781668,276.333191,209243600
2020-06-12,283.346936,284.119096,274.485465,279.642395,194678900
2020-06-15,273.952274,283.383698,272.775646,282.253021,135782700
2020-06-16,290.002328,290.14941,282.823054,287.685822,137627500
2020-06-17,288.70622,289.000384,285.755435,286.490845,83398900
2020-06-18,284.973966,287.079008,284.514346,286.601013,80828700
2020-06-19,290.069001,290.262883,283.015077,284.963226,135549600
2020-06-22,284.362981,287.188236,283.218115,286.791229,74649400
2020-06-23,289.441138,290.373666,287.705354,288.111603,68471200
2020-06-24,286.071198,286.689813,278.924967,280.762299,132813500
2020-06-25,280.189799,284.039917,278.167799,283.772156,89468000
2020-06-26,282.673493,282.885859,276.450549,277.032196,127961000
2020-06-29,278.287868,281.242369,275.998107,281.103882,79773300
2020-06-30,280.669923,286.403554,280.51298,284.704681,113394800
2020-07-01,285.821778,287.963809,285.360135,286.698883,72396500
2020-07-02,290.133619,291.481638,287.613064,288.277832,69344200
2020-07-06,292.10023,293.309733,291.35237,292.728058,61713800
2020-07-07,291.186096,293.161914,289.330281,289.708832,82910000
2020-07-08,290.475177,292.035534,288.711724,291.924744,54638600
2020-07-09,292.534064,292.774127,286.846616,290.262787,83354200
2020-07-10,290.198274,293.494415,288.767191,293.226654,57550400
2020-07-13,295.571786,297.953854,290.032066,290.687592,102997500
2020-07-14,289.265665,295.230117,288.065404,294.454559,93657000
2020-07-15,297.676859,298.258534,294.777725,297.159821,87196500
2020-07-16,295.257896,296.633584,294.611584,296.181183,54622500
2020-07-17,297.187524,297.824594,295.211677,297.039795,62774900
2020-07-20,296.771996,300.188167,296.024136,299.440308,56308800
2020-07-21,301.406897,301.850056,299.089439,300.077362,57292200
2020-07-22,299.717308,302.099404,299.606518,301.785461,57792900
2020-07-23,301.425407,302.127114,296.818216,298.184662,75738000
2020-07-24,296.328858,297.289056,294.759259,296.264221,73766600
2020-07-27,296.956721,298.60017,296.16268,298.424744,48293000
2020-07-28,297.695304,298.812502,296.236524,296.531982,57495000
2020-07-29,297.409065,300.742144,297.372126,300.178925,48454200
2020-07-30,297.205942,299.5234,295.119334,299.10791,61861700
2020-07-31,300.899094,301.573103,296.679667,301.471527,84986800
2020-08-03,303.133437,304.333698,302.588701,303.567383,53077900
2020-08-04,302.708779,304.740021,302.708779,304.740021,41917900
2020-08-05,306.041832,306.891268,305.774071,306.632721,42697700
2020-08-06,306.051059,308.802435,305.727903,308.682404,43679400
2020-08-07,307.713005,309.190269,306.808174,308.904053,57308300
2020-08-10,309.356416,310.011941,307.417508,309.827301,44282100
2020-08-11,311.009165,311.646235,306.54046,307.269836,69601100
2020-08-12,309.707229,312.32936,309.679532,311.553802,53774400
2020-08-13,310.787476,312.30168,310.067314,310.990601,41816100
2020-08-14,310.602871,311.5354,309.873467,310.999878,47260400
2020-08-17,312.015582,312.384891,311.009203,311.987885,35481000
2020-08-18,312.384771,313.086478,310.787475,312.661774,38733900
2020-08-19,313.040376,313.557415,310.796796,311.360016,68054200
2020-08-20,309.633337,312.809445,309.504091,312.329346,42207800
2020-08-21,311.996992,313.658897,311.655353,313.437317,55106600
2020-08-24,315.874818,316.687315,313.409659,316.613464,48588700
2020-08-25,317.176578,317.804406,316.013228,317.721313,38463400
2020-08-26,318.312305,321.174471,317.767569,320.906738,50790200
2020-08-27,321.774611,323.057965,319.946494,321.608398,58034100
2020-08-28,322.633289,323.815095,321.442242,323.685822,48588900
2020-08-31,323.473471,324.350576,322.282423,322.513245,66099200
2020-09-01,323.344295,325.652512,322.448706,325.550964,54908700
2020-09-02,327.462026,331.229022,326.317131,330.259583,69540000
2020-09-03,328.570039,329.040924,316.308793,318.894012,148011100
2020-09-04,319.577119,321.146689,309.180906,316.290222,139156300
2020-09-08,310.879788,316.354898,307.343613,307.648285,114465300
2020-09-09,311.65536,316.188701,310.787469,313.723541,91462300
2020-09-10,315.59784,316.253366,307.315958,308.276184,90569500
2020-09-11,310.05813,311.119904,305.607881,308.433136,84680200
2020-09-14,311.599955,314.268267,308.580819,312.495544,65605700
2020-09-15,314.951507,315.782459,312.504803,314.074402,52920900
2020-09-16,315.311616,316.742699,312.55097,312.827972,82096000
2020-09-17,307.971476,311.793896,307.445196,310.076569,91523300
2020-09-18,310.882165,310.993398,304.022499,306.506805,105877900
2020-09-21,301.918262,303.243841,298.23814,303.09552,99450800
2020-09-22,304.57865,306.738507,302.066507,306.182312,63612100
2020-09-23,306.738522,307.016633,298.581087,299.081665,93112200
2020-09-24,297.765326,302.937876,296.448999,299.878845,76681300
2020-09-25,299.025994,305.514872,298.154657,304.726959,71069400
2020-09-28,308.889034,310.501974,307.897156,309.788208,64584600
2020-09-29,309.584405,310.32598,307.40599,308.101227,51304000
2020-09-30,308.768579,313.588899,308.573921,310.437164,104081100
2020-10-01,313.032709,314.006029,310.548403,312.430176,88698700
2020-10-02,307.480169,312.402445,307.007399,309.463898,89431100
2020-10-05,311.521752,315.136979,311.475415,314.951599,45713100
2020-10-06,315.090657,317.185647,309.964445,310.474274,90128900
2020-10-07,313.431293,316.68501,313.403485,315.87854,56999600
2020-10-08,317.816013,318.742996,316.898281,318.678101,45242500
2020-10-09,320.32811,321.987417,319.707048,321.523926,59528600
2020-10-12,324.063784,328.17031,323.572485,326.696411,80388500
2020-10-13,326.557337,326.733466,323.600262,324.564331,73255500
2020-10-14,325.139122,326.232955,321.792729,322.525024,57727900
2020-10-15,318.613132,322.608425,318.075495,322.126404,60357700
2020-10-16,323.479777,325.139083,321.755603,321.931732,89501900
2020-10-19,323.192442,323.822783,316.138118,317.037292,68425600
2020-10-20,318.381428,321.551721,317.621323,318.307281,60051900
2020-10-21,318.260909,320.430073,317.398822,317.704742,63575000
2020-10-22,317.917842,320.031361,315.776515,319.447357,55399300
2020-10-23,320.671055,320.726671,318.075515,320.532013,49143900
2020-10-26,317.148597,317.936538,311.11393,314.608673,91473000
2020-10-27,314.951548,315.285248,313.310771,313.523987,65994100
2020-10-28,307.850924,313.551861,302.316836,302.808136,127094300
2020-10-29,303.039868,309.055976,301.352753,305.885712,90597700
2020-10-30,304.309779,305.616827,299.044525,302.696838,120287300
2020-11-02,306.0896,308.091857,303.345711,306.0896,86068300
2020-11-03,309.324761,313.551799,306.173027,311.493896,93294200
2020-11-04,315.971353,322.534407,314.794095,318.455688,126959700
2020-11-05,323.739369,326.473979,323.387111,324.666351,82039700
2020-11-06,324.378886,325.843534,322.265368,324.592102,74973000
2020-11-09,337.393807,337.773873,328.207407,328.670898,172304200
2020-11-10,327.679077,329.24568,324.916687,328.188934,85552000
2020-11-11,330.376558,331.451861,329.134405,330.626862,58649000
2020-11-12,329.616408,330.673182,325.611865,327.419464,67546200
2020-11-13,329.329047,332.693998,328.809939,331.952423,62892200
2020-11-16,334.62214,336.290697,333.333621,336.096039,74541100
2020-11-17,333.68595,335.493577,332.174963,334.288483,66111000
2020-11-18,334.557222,335.104139,330.228202,330.265289,70591300
2020-11-19,329.634947,332.026549,328.290811,331.655762,59940900
2020-11-20,331.396239,331.600176,329.310528,329.384674,70417300
2020-11-23,331.192281,332.619842,328.95825,331.359131,63230600
2020-11-24,333.908352,337.245494,333.055544,336.698578,62415900
2020-11-25,336.615157,336.642965,335.085641,336.179474,45330900
2020-11-27,337.273324,337.588495,336.105317,337.115753,28514100
2020-11-30,336.336996,336.605829,332.944266,335.62323,83872700
2020-12-01,338.876973,340.832892,338.28369,339.294098,74231400
2020-12-02,338.181747,340.165475,337.607023,340.007904,45927000
2020-12-03,339.905943,341.305696,338.812111,339.915222,62882000
2020-12-04,340.499278,342.844543,340.406575,342.844543,50749900
2020-12-07,342.07515,342.631345,340.870083,342.140045,48944300
2020-12-08,340.869965,343.706528,340.823627,343.141083,42458900
2020-12-09,343.799214,343.956785,339.229198,340.063477,74098300
2020-12-10,338.69156,340.999737,337.820194,339.952271,57735400
2020-12-11,338.255911,339.961555,336.735674,339.55368,57698600
2020-12-14,341.722755,342.79803,337.857227,338.033356,69216200
2020-12-15,340.5733,342.603394,339.201384,342.603394,63865300
2020-12-16,342.816633,344.058786,341.935989,343.141083,58420500
2020-12-17,344.781914,345.263935,343.956886,345.059998,64119500
2020-12-18,345.3486,345.516162,341.6714,343.68222,136542300
2020-12-21,339.762924,352.321212,337.025976,342.453308,96386700
2020-12-22,342.779167,342.890874,340.749738,341.87616,47949000
2020-12-23,342.844305,344.091753,341.857517,342.18335,46201400
2020-12-24,342.658085,343.542484,342.071621,343.514557,26457900
2020-12-28,346.065406,346.856705,345.441696,346.465729,39000400
2020-12-29,347.992449,348.169329,345.218256,345.804749,53680500
2020-12-30,346.623989,347.331508,345.90718,346.298157,49455300
2020-12-31,346.10262,348.783714,345.590617,348.057587,78520700
2021-01-04,349.388739,349.519083,339.623253,343.319061,110210800
2021-01-05,342.676787,346.772891,342.630223,345.683685,66426200
2021-01-06,344.175553,350.94346,343.626305,347.750336,107997700
2021-01-07,350.124282,353.66182,349.947402,352.917084,68766800
2021-01-08,354.304149,355.141984,351.055198,354.927887,71677200
2021-01-11,351.753358,354.29479,351.632332,352.535339,51034700
2021-01-12,352.721569,353.624547,350.366279,352.609833,52547700
2021-01-13,352.535415,354.555526,351.753434,353.559448,45303600
2021-01-14,354.304183,354.806895,351.986166,352.321289,49989100
2021-01-15,350.701434,351.502024,347.890024,349.751892,107160000
2021-01-19,352.209521,353.038065,350.729339,352.498108,51233300
2021-01-20,354.788258,358.214117,354.397281,357.376282,61836100
2021-01-21,357.93479,358.36304,356.780441,357.702057,47840100
2021-01-22,355.849512,357.599672,355.467825,356.436005,52860500
2021-01-25,357.171401,358.195406,352.321216,357.841675,70402000
2021-01-26,358.79122,359.200833,357.050378,357.283112,42665300
2021-01-27,353.959688,354.052787,346.316729,348.550964,123351100
2021-01-28,350.36631,355.551619,349.928798,351.548615,94198100
2021-01-29,349.686702,350.654881,342.835014,344.510712,126765100
2021-02-01,347.908617,351.278593,344.799301,350.24527,75817600
2021-02-02,353.429046,356.752487,350.329049,355.197815,64450700
2021-02-03,356.026359,357.199345,354.201737,355.477112,52427100
2021-02-04,356.510498,359.563961,355.588883,359.517426,47142600
2021-02-05,361.388581,361.639922,359.470859,360.932404,48669800
2021-02-08,362.384655,363.585567,361.528211,363.539032,38365200
2021-02-09,362.701155,363.892778,362.29157,363.296967,35551100
2021-02-10,365.037785,365.186738,360.736875,363.138672,59154400
2021-02-11,364.218583,364.637515,361.295465,363.725189,42913300
2021-02-12,362.924598,365.763935,362.850107,365.521912,50593300
2021-02-16,366.750737,366.946254,364.488574,365.205383,50972400
2021-02-17,363.455213,365.540496,362.44047,365.289154,52290600
2021-02-18,362.682537,364.479233,360.960304,363.734497,59712800
2021-02-19,364.991246,365.279833,362.645274,363.092133,83241000
2021-02-22,360.327304,362.710493,360.029399,360.299377,67414200
2021-02-23,358.093089,362.086804,353.941131,360.736938,107284100
2021-02-24,359.647722,365.140256,358.660935,364.712006,72433900
2021-02-25,363.44585,364.814324,354.480953,355.923889,146670500
2021-02-26,357.804565,358.949596,352.107252,354.090118,152701600
2021-03-01,358.95877,363.920664,354.285493,362.673187,105348800
2021-03-02,362.896632,363.129365,359.340458,359.84317,79595300
2021-03-03,359.144928,360.113078,354.974334,355.076752,119940200
2021-03-04,354.890549,357.478544,346.195632,350.682739,183433000
2021-03-05,354.183143,358.186176,346.903261,357.134216,152039600
2021-03-08,358.092996,360.904406,355.07678,355.356049,123149200
2021-03-09,359.200878,362.980468,358.698166,360.429718,113633600
2021-03-10,362.775605,364.367494,361.360596,362.673187,109899400
2021-03-11,365.1402,368.323978,364.684023,366.350403,86245000
2021-03-12,364.991322,366.983506,364.181414,366.843872,64653600
2021-03-15,367.095197,369.292216,364.95406,369.031555,73427200
2021-03-16,369.645927,370.353417,367.793349,368.56604,73722500
2021-03-17,367.281325,370.623374,366.136266,369.822784,97959300
2021-03-18,367.234818,369.320101,363.762425,364.442017,115349100
2021-03-19,364.141288,365.719721,361.591504,363.7677,113624500
2021-03-22,364.281309,368.054607,364.225272,366.672302,73778600
2021-03-23,366.037249,367.484911,363.001804,363.786346,90686600
2021-03-24,365.187344,366.821814,361.890385,361.937073,97588600
2021-03-25,360.498787,364.767068,358.556087,363.973206,116128600
2021-03-26,365.121991,370.240229,364.524257,369.838623,114409100
2021-03-29,368.362924,370.55779,366.877894,369.651825,108107600
2021-03-30,368.38158,369.343581,367.073981,368.671112,76262200
2021-03-31,369.240771,371.725169,369.212753,370.165405,112734200
2021-04-01,372.098808,374.218968,371.893331,374.162903,99682900
2021-04-05,376.82478,380.075051,376.750074,379.533325,91684800
2021-04-06,378.972923,380.355199,378.636674,379.309143,62021000
2021-04-07,379.140994,380.093646,378.683352,379.748077,55836300
2021-04-08,380.999704,381.606787,380.065721,381.550751,57863100
2021-04-09,381.429352,384.492815,381.30793,384.324677,61104600
2021-04-12,383.726898,384.735587,383.119814,384.464752,56704900
2021-04-13,384.362033,386.229999,383.979096,385.604218,56551000
2021-04-14,385.576165,386.63157,383.745566,384.287292,61659900
2021-04-15,386.426139,388.68639,386.379451,388.415527,60229800
2021-04-16,389.704396,390.320828,388.284752,389.713745,82037300
2021-04-19,388.77971,389.228004,386.472772,387.799011,78498500
2021-04-20,386.584838,387.686931,383.484008,384.959717,81851800
2021-04-21,384.343305,388.807742,384.203185,388.602264,66793000
2021-04-22,388.434204,389.265434,383.988436,385.053162,97582800
2021-04-23,385.613548,390.638381,385.538842,389.228058,73209200
2021-04-26,389.881858,390.610363,389.293444,390.040619,52182400
2021-04-27,390.33951,390.535667,388.817113,389.956573,51303100
2021-04-28,390.227388,391.348179,389.37746,389.844452,51238900
2021-04-29,392.571733,392.94532,388.947874,392.328888,78544300
2021-04-30,390.059298,390.909226,388.854452,389.751068,85527000
2021-05-03,391.740486,392.123423,390.096695,390.591705,68128300
2021-05-04,388.602372,389.097382,384.492852,388.182068,101591200
2021-05-05,389.825864,390.05936,387.743071,388.303467,60162200
2021-05-06,388.378142,391.535009,386.370084,391.404266,74321400
2021-05-07,392.170105,394.906668,391.488287,394.252869,67733800
2021-05-10,394.607868,394.832015,390.227485,390.348907,81852400
2021-05-11,385.828405,387.855132,382.989088,386.865112,116888000
2021-05-12,384.081814,385.352017,377.329107,378.646027,134811000
2021-05-13,380.196472,385.127901,380.149756,383.19455,106394000
2021-05-14,385.931126,389.928572,385.903107,389.078644,82201600
2021-05-17,387.967199,388.901182,386.071186,388.088593,65129200
2021-05-18,388.350125,388.59297,384.586175,384.744965,59810200
2021-05-19,380.05643,383.913757,378.571372,383.736298,106467100
2021-05-20,384.6142,389.125354,384.492806,387.864471,78022200
2021-05-21,389.349425,390.591638,387.089202,387.546844,76578700
2021-05-24,389.788415,392.571694,389.54557,391.49762,51376700
2021-05-25,392.581111,392.936029,390.050024,390.629089,57451400
2021-05-26,391.217458,391.908597,390.180751,391.404266,43088600
2021-05-27,392.431681,392.945361,391.32956,391.609772,56707700
2021-05-28,393.178778,393.440292,392.076685,392.310181,58520200
2021-06-01,394.673236,394.813328,391.525718,391.964691,54216600
2021-06-02,392.618422,393.421662,391.609733,392.581055,49097100
2021-06-03,390.264775,392.263484,388.798415,391.124023,58138800
2021-06-04,392.973328,395.000084,391.189417,394.701202,55938800
2021-06-07,394.691855,394.869314,393.384285,394.318268,51555000
2021-06-08,395.177415,395.270819,392.571624,394.402222,47134300
2021-06-09,395.242866,395.317601,393.589727,393.813873,48436300
2021-06-10,395.037418,396.597182,393.720498,395.644501,51020100
2021-06-11,396.195585,396.410383,394.906684,396.298309,45570800
2021-06-14,396.410386,397.288332,395.168201,397.185608,42358500
2021-06-15,397.335039,397.372377,395.579146,396.457092,51508500
2021-06-16,396.597155,396.821302,392.198103,394.2435,80386100
2021-06-17,393.832579,395.093433,391.637713,394.112762,90949700
2021-06-18,390.829378,391.522777,388.589871,388.796021,118676300
2021-06-21,390.557686,394.54948,389.742467,394.362061,72822000
2021-06-22,394.35268,397.304345,393.631142,396.470367,57700300
2021-06-23,396.545342,397.351181,395.908163,395.992493,49445400
2021-06-24,398.138313,398.756733,397.885294,398.335083,45110300
2021-06-25,399.084741,400.199819,398.756772,399.750031,58129500
2021-06-28,400.274839,400.724599,399.07543,400.555939,53159600
2021-06-29,400.940053,401.577232,400.237274,400.771393,35970500
2021-06-30,400.312215,401.783372,400.284105,401.108704,64827900
2021-07-01,401.867751,403.488838,401.802151,403.329529,53441000
2021-07-02,404.491497,406.768494,403.413879,406.412415,57697700
2021-07-06,406.468547,406.684076,402.935922,405.672058,68710400
2021-07-07,406.356154,407.386903,404.341527,407.105774,63549500
2021-07-08,401.78339,404.547665,400.602712,403.788666,97595200
2021-07-09,405.297324,408.398919,403.591906,408.09906,76238600
2021-07-12,408.014714,409.81384,407.583684,409.560822,52889600
2021-07-13,408.773712,410.272979,407.902273,408.164642,52911300
2021-07-14,409.860711,410.347989,407.527494,408.773743,64130400
2021-07-15,407.433753,408.108422,405.475346,407.377533,55126400
2021-07-16,408.558172,408.605013,403.78865,404.18219,75874700
2021-07-19,399.356445,404.247787,395.402141,398.213257,147987000
2021-07-20,398.878558,405.194218,398.08207,403.91983,99608200
2021-07-21,405.119308,407.330734,403.873059,407.190155,64724400
2021-07-22,407.368147,408.286455,406.384268,408.042816,47878500
2021-07-23,409.973077,412.578043,409.289057,412.240723,63766600
2021-07-26,411.650388,413.262096,411.603548,413.252716,43719200
2021-07-27,412.212683,412.240793,408.539479,411.369354,67397100
2021-07-28,411.997111,412.57807,409.776334,411.200623,52472400
2021-07-29,412.128276,413.983594,412.118897,412.906006,47435300
2021-07-30,410.338558,412.353186,410.207359,410.900787,68951200
2021-08-02,412.615614,413.168463,409.682678,410.038757,58783300
2021-08-03,410.835176,413.496362,408.642509,413.374542,58053900
2021-08-04,412.090775,413.346403,411.106896,411.341156,46732200
2021-08-05,412.503089,414.030467,412.1845,413.946136,38969700
2021-08-06,414.264788,415.051897,413.98366,414.630219,46930000
2021-08-09,414.602026,414.920616,413.524438,414.292816,41222600
2021-08-10,414.742628,415.520386,414.058608,414.808228,43339300
2021-08-11,415.876418,415.932638,414.75196,415.838928,44034300
2021-08-12,415.689088,417.225845,414.789539,417.085266,38909400
2021-08-13,417.53503,417.862999,417.04778,417.844269,39470300
2021-08-16,416.541779,418.959326,414.986291,418.828156,73740000
2021-08-17,416.270002,416.944671,413.093456,416.082611,92673900
2021-08-18,415.070569,416.635436,411.284954,411.528564,89351900
2021-08-19,408.801806,413.365208,408.661256,412.165771,92812200
2021-08-20,412.512437,415.773312,412.025158,415.445343,72008700
2021-08-23,417.132128,420.008843,415.52042,419.099915,54973000
2021-08-24,419.765167,420.299286,419.249807,419.765167,38744700
2021-08-25,419.952627,421.161386,419.577789,420.646027,40529700
2021-08-26,420.36489,420.59915,418.069163,418.162872,57829600
2021-08-27,418.968737,422.276482,418.912517,421.901672,77235100
2021-08-30,422.57628,424.544067,422.332641,423.756958,48357400
2021-08-31,423.663269,424.000589,422.529461,423.12915,59300200
2021-09-01,424.066132,424.581492,423.119714,423.353973,48721400
2021-09-02,424.778314,425.462334,423.457086,424.656494,42501000
2021-09-03,423.522717,425.068825,423.119768,424.553436,47170500
2021-09-07,424.206729,424.300439,422.360762,423.035431,51671500
2021-09-08,422.501442,423.232331,420.599225,422.520172,56181900
2021-09-09,422.323286,424.075543,420.467939,420.711578,57970400
2021-09-10,422.64183,423.06348,417.27259,417.394409,89948200
2021-09-13,420.393003,420.655372,416.148191,418.462677,83738600
2021-09-14,419.905692,420.111841,415.314209,416.204407,78197100
2021-09-15,416.626092,420.177476,415.520394,419.680847,78792200
2021-09-16,419.156114,420.130614,416.063869,419.015564,77786700
2021-09-17,418.242829,418.66583,414.576648,414.933868,118425000
2021-09-20,408.804859,410.38412,403.145796,408.015228,166445500
2021-09-21,410.355965,411.653225,407.103432,407.629852,92526100
2021-09-22,409.904639,413.64601,407.742557,411.60611,102350100
2021-09-23,413.476855,418.214668,413.241845,416.607178,76396000
2021-09-24,414.971464,418.007805,414.755245,417.293365,62094800
2021-09-27,416.259309,417.42495,415.403868,416.099518,61371100
2021-09-28,413.32646,413.65548,406.981186,407.714417,130436300
2021-09-29,409.096286,410.835367,407.836635,408.400665,82329200
2021-09-30,409.876482,410.581513,403.070598,403.409027,140506000
2021-10-01,405.138704,409.885897,401.613552,408.203217,129240100
2021-10-04,407.037528,407.939958,400.795645,402.938965,128570000
2021-10-05,404.443061,409.378274,403.644049,407.131592,90682500
2021-10-06,403.531206,409.030449,401.904954,408.823639,113032200
2021-10-07,412.104384,415.197097,411.925774,412.358185,72437500
2021-10-08,413.128999,413.514419,410.976299,411.60611,74557400
2021-10-11,410.948153,413.862284,408.560441,408.626251,65233300
2021-10-12,409.547554,409.951764,406.830822,407.620453,71181200
2021-10-13,408.645094,409.904745,405.665181,409.086914,72974000
2021-10-14,412.753005,416.118366,412.282985,415.967957,70236800
2021-10-15,418.082963,419.502433,417.462532,419.135803,66260200
2021-10-18,417.349717,420.715049,416.691677,420.376648,62213200
2021-10-19,422.003033,423.685685,421.391983,423.619904,46996800
2021-10-20,424.080502,425.584572,423.967701,425.283752,49571600
2021-10-21,424.682094,426.618575,424.249684,426.392975,41305400
2021-10-22,425.960551,427.408221,424.005251,425.951141,58845100
2021-10-25,427.041602,428.564463,425.26494,428.235443,45214500
2021-10-26,429.786519,430.999151,428.244839,428.62085,56075100
2021-10-27,429.081496,429.748916,426.646766,426.721985,72438000
2021-10-28,428.150825,430.914546,428.141444,430.839355,51437900
2021-10-29,428.536281,432.005033,428.244871,431.713623,70162400
2021-11-01,432.700659,433.076699,430.726597,432.456268,48433600
2021-11-02,432.625512,434.515002,432.493892,434.204773,48908400
2021-11-03,433.64067,437.259832,433.19885,436.855621,52509800
2021-11-04,437.457227,438.998907,437.109416,438.914307,52847100
2021-11-05,441.142195,442.430046,438.923713,440.437164,66390600
2021-11-08,441.53699,442.035211,440.12693,440.813141,50405200
2021-11-09,441.17979,441.4148,437.946049,439.35611,51149100
2021-11-10,437.664127,439.356217,434.336404,435.821655,69429700
2021-11-11,437.316215,437.391435,435.943764,435.962555,34848500
2021-11-12,437.231635,439.807337,436.282185,439.252716,53466700
2021-11-15,440.540637,440.700428,438.275136,439.403168,46980500
2021-11-16,439.139982,442.279714,439.064791,441.142273,48857500
2021-11-17,440.878917,441.057526,439.450066,440.070496,47858300
2021-11-18,441.104577,441.828426,438.378465,441.565216,50625600
2021-11-19,441.452406,442.702676,440.408975,440.775604,57315600
2021-11-22,442.655701,445.146803,439.327949,439.53476,72762000
2021-11-23,439.205744,440.973025,436.601842,440.117584,73206500
2021-11-24,438.115261,441.414812,437.297431,441.292603,61858800
2021-11-26,434.618341,436.084802,430.322349,431.450409,112669600
2021-11-29,436.244639,438.58533,434.044947,436.742859,86268800
2021-11-30,434.298737,436.207018,428.000453,428.244873,148559600
2021-12-01,433.960316,436.808637,423.29085,423.488251,131939200
2021-12-02,423.704494,431.544429,423.309664,429.974548,127637800
2021-12-03,431.638387,432.700609,422.002972,426.233154,137331600
2021-12-06,428.780647,433.161239,426.364737,431.281158,98977500
2021-12-07,436.564227,440.766209,431.149584,440.202179,95484700
2021-12-08,440.596986,441.819028,438.839087,441.367798,72238800
2021-12-09,440.080001,441.471271,438.190539,438.387939,61272600
2021-12-10,441.095207,442.665058,438.538296,442.514648,77159800
2021-12-13,441.99773,442.345541,438.312758,438.594788,87724700
2021-12-14,435.323409,437.814511,432.653697,435.577209,97264100
2021-12-15,435.633603,442.627478,433.114272,442.383087,116899300
2021-12-16,444.235039,444.51704,436.930905,438.481995,116568600
2021-12-17,435.400026,438.409293,432.107767,433.815216,135511600
2021-12-20,428.730629,429.598489,425.579867,429.202301,107134800
2021-12-21,432.626635,436.96602,430.456957,436.824524,69806300
2021-12-22,436.569733,441.305305,436.37161,441.192108,58890200
2021-12-23,442.192126,445.437229,442.088372,443.937317,56439700
2021-12-27,445.314575,450.267126,445.267419,450.219971,56808600
2021-12-28,450.653837,451.682078,449.087884,449.85199,47274600
2021-12-29,449.955849,451.446319,448.955908,450.427521,54503000
2021-12-30,450.851927,451.861311,448.719992,449.18222,55329000
2021-12-31,448.691758,449.842609,447.776714,448.050262,65237400
2022-01-03,449.314322,450.776522,447.003149,450.64444,72668200
2022-01-04,452.068865,452.785815,448.635082,450.493469,71178700
2022-01-05,450.125568,450.899117,441.748678,441.843018,104538900
2022-01-06,441.380762,444.14475,439.060117,441.427917,86858900
2022-01-07,441.437403,442.616582,438.324353,439.68277,85111600
2022-01-10,436.48492,439.352662,430.73052,439.135712,119362000
2022-01-11,438.871536,443.229777,435.871683,443.135437,74303100
2022-01-12,444.871178,446.389975,442.371325,444.333466,67605400
2022-01-13,445.437193,446.088103,437.182941,438.211182,91173100
2022-01-14,435.060381,438.739413,433.84346,438.390381,95890900
2022-01-18,433.692513,433.900049,429.51351,430.626648,109709100
2022-01-19,432.173807,433.569937,425.881696,426.155273,109357600
2022-01-20,428.04197,432.749244,419.316046,421.438568,122379700
2022-01-21,420.315964,422.674322,413.137137,413.165436,202271200
2022-01-24,407.552506,415.429427,396.92104,414.920013,251783900
2022-01-25,408.524192,414.806861,402.94903,409.854309,167997300
2022-01-26,415.750247,418.882154,404.562181,408.826111,186391100
2022-01-27,413.429538,416.570857,405.118688,406.807251,149878300
2022-01-28,408.165683,416.957648,403.581049,416.910492,164457400
2022-01-31,416.240727,424.768558,414.891753,424.419525,152251400
2022-02-01,425.145885,427.928759,421.617791,427.287292,123155400
2022-02-02,429.692828,432.164383,427.381626,431.438019,117361000
2022-02-03,425.400576,427.306118,420.457438,421.297028,118024400
2022-02-04,421.061184,427.126873,418.683941,423.278046,118454400
2022-02-07,424.042169,425.438299,420.58953,421.919647,84472900
2022-02-08,421.419677,426.31563,419.99522,425.391144,81012000
2022-02-09,429.428655,431.937951,429.230561,431.617218,92589900
2022-02-10,425.768488,431.77758,421.863063,423.862946,140103700
2022-02-11,423.947877,426.023215,414.071073,415.504944,153214600
2022-02-14,414.995547,416.580356,410.675019,414.146515,123006300
2022-02-15,418.58966,420.995173,418.070804,420.825378,88482700
2022-02-16,418.778289,422.6743,416.901045,421.297028,84863600
2022-02-17,418.108544,421.268749,411.693822,412.297546,102259100
2022-02-18,412.552271,413.806933,407.354469,409.62793,132642900
2022-02-22,407.420466,410.825921,401.732079,405.231903,124391800
2022-02-23,408.146837,408.712848,397.477629,398.04364,132578000
2022-02-24,387.732847,404.467772,387.374401,404.033813,213942900
2022-02-25,405.269599,413.033323,403.618749,412.948425,121804500
2022-02-28,407.552523,413.372962,406.297889,411.891907,145615000
2022-03-01,410.391997,412.401322,402.911264,405.618683,137785900
2022-03-02,407.873233,414.80681,407.11857,413.080505,117726500
2022-03-03,415.514401,416.118126,409.222289,411.024078,105501700
2022-03-04,407.288415,408.816626,403.637681,407.684631,113978200
2022-03-07,407.099695,407.807203,395.600341,395.666382,137896600
2022-03-08,395.845627,403.005597,391.600583,392.666565,164772700
2022-03-09,401.052866,405.17527,398.864303,403.194244,116990800
2022-03-10,398.581341,402.269816,396.6192,401.373657,93972700
2022-03-11,403.864042,404.477209,395.760728,396.270142,95636300
2022-03-14,397.043734,400.496345,392.232678,393.374115,95729200
2022-03-15,395.987117,402.65656,394.713627,402.024536,106219100
2022-03-16,405.53381,410.995746,400.732168,410.939148,144954800
2022-03-17,409.024166,416.080383,408.646834,416.080383,102676900
2022-03-18,414.467879,420.959303,413.729787,420.637573,106345500
2022-03-21,420.467195,422.473291,417.003831,420.514526,88349800
2022-03-22,421.905539,426.371952,421.905539,425.43515,74650400
2022-03-23,422.899195,424.394294,419.871107,419.956268,79426100
2022-03-24,421.981271,426.296276,420.864675,426.286804,64736900
2022-03-25,426.920824,428.643049,424.337487,428.368622,77101300
2022-03-28,427.77255,431.41571,425.880003,431.41571,68529800
2022-03-29,435.304857,437.244736,432.617443,436.752655,86581500
2022-03-30,435.607691,436.421501,431.945616,434.055817,79666900
2022-03-31,433.289241,434.112494,426.920809,427.375031,121699900
2022-04-01,428.955335,429.097271,425.00939,428.586304,89048800
2022-04-04,428.784974,432.361887,427.961721,432.257782,59601000
2022-04-05,430.762741,433.232502,425.652868,426.797852,74214500
2022-04-06,422.880266,424.810644,419.643998,422.530121,106898000
2022-04-07,421.650097,426.476099,419.700776,424.659241,78097200
2022-04-08,423.902246,426.419338,421.981312,423.523743,79272700
2022-04-11,420.249651,421.091848,415.783266,416.28479,89770500
2022-04-12,419.27494,421.801503,413.190407,414.74231,84363600
2022-04-13,414.49629,420.249622,414.316496,419.492615,74070400
2022-04-14,419.719682,420.836307,414.16506,414.269165,97869500
2022-04-18,413.341833,416.12388,412.206293,414.439514,66002500
2022-04-19,414.335312,421.848726,414.164989,421.129578,77821000
2022-04-20,422.908638,423.52371,419.653454,420.817352,65224400
2022-04-21,424.441586,425.832609,413.616213,414.524628,85417300
2022-04-22,413.436473,414.543597,402.582712,403.150482,132471800
2022-04-25,400.907801,405.658085,396.337283,405.487762,119647700
2022-04-26,402.951763,403.150501,393.71615,393.744537,103996300
2022-04-27,394.823267,400.198124,392.713095,394.851654,122030000
2022-04-28,399.601958,406.557076,395.163931,404.825378,105449100
2022-04-29,400.832148,402.989652,389.117273,389.864838,145491100
2022-05-02,389.930994,393.574154,383.259748,392.211517,158312500
2022-05-03,392.713009,396.422386,391.151635,394.009399,100028200
2022-05-04,394.671839,406.575979,391.482902,406.008209,144247900
2022-05-05,401.740547,402.166382,387.442364,391.577576,172929100
2022-05-06,389.013168,392.514364,383.931683,389.240265,151770800
2022-05-09,383.335502,384.575118,375.197542,376.777832,155586100
2022-05-10,382.758311,384.262883,373.607858,377.648438,132497200
2022-05-11,376.68317,382.332425,370.901423,371.648987,142361000
2022-05-12,368.450583,374.535116,364.457307,371.261017,125090800
2022-05-13,375.396244,381.518637,374.355337,380.137085,104174400
2022-05-16,378.490528,382.266151,376.238392,378.594604,78622400
2022-05-17,384.688639,386.619045,380.950846,386.382477,83029700
2022-05-18,381.82137,382.10524,369.567116,370.806732,117674500
2022-05-19,367.74087,372.964319,366.311987,368.535736,98510700
2022-05-20,372.122193,375.699107,360.09506,368.696686,131432200
2022-05-23,371.724746,376.361511,369.406393,375.595032,76414900
2022-05-24,371.469162,373.920007,366.170024,372.727722,91448800
2022-05-25,371.23264,377.989048,370.835221,376.020782,91472900
2022-05-26,377.250908,385.171213,377.042726,383.534149,82168300
2022-05-27,385.994528,393.063194,385.795819,392.949646,84768700
2022-05-31,391.331497,394.085157,388.000624,390.744812,95937000
2022-06-01,392.864421,393.876912,385.067107,387.584198,86585800
2022-06-02,387.423377,395.012482,385.171241,394.965179,79609600
2022-06-03,390.243301,391.795204,387.508585,388.483246,71874300
2022-06-06,392.495426,394.227094,388.492678,389.666077,57508900
2022-06-07,386.174383,393.858122,385.710689,393.4039,59272400
2022-06-08,391.691072,393.479543,388.331812,389.126678,64350000
2022-06-09,387.347688,389.618739,379.872131,379.872131,86289800
2022-06-10,373.664539,374.516179,368.81015,368.857452,132893900
2022-06-13,359.442095,361.296783,353.243984,354.852661,170004900
2022-06-14,356.603262,357.634697,350.679579,353.783356,104011800
2022-06-15,357.085827,363.274465,352.127362,358.826996,125666800
2022-06-16,350.603895,351.010786,344.519333,346.951263,134473300
2022-06-17,347.366615,351.04451,344.192412,347.699219,111113900
2022-06-21,353.429884,357.839546,353.353839,356.452026,76811900
2022-06-22,352.222936,359.920869,351.804774,355.805817,90059400
2022-06-23,357.944143,360.025408,354.380288,359.29364,79292100
2022-06-24,362.46779,370.726432,362.43928,370.716919,98050300
2022-06-27,371.638784,371.933394,368.207994,369.300903,66009600
2022-06-28,370.859544,373.644096,361.641027,361.755066,86548900
2022-06-29,362.306254,363.294609,359.635741,361.460419,65676000
2022-06-30,357.56393,361.764539,354.066607,358.523804,112508300
2022-07-01,357.868051,362.752922,355.245044,362.315735,74839700
2022-07-05,357.221876,363.019087,354.389788,363.000061,81438000
2022-07-06,363.142618,366.715986,360.75723,364.226044,70426200
2022-07-07,366.003167,370.479361,364.244993,369.681061,64525900
2022-07-08,368.046424,371.249166,366.516356,369.376953,72397800
2022-07-11,366.696929,367.666287,364.463574,365.157349,58366900
2022-07-12,364.606143,366.991559,360.177455,361.926117,62219200
2022-07-13,356.480561,362.962033,356.0624,360.025391,84224600
2022-07-14,355.06443,360.234398,352.622024,359.151001,89704800
2022-07-15,363.560747,366.126734,361.65054,366.012695,79060400
2022-07-18,369.101356,369.776105,361.764565,362.99054,63203600
2022-07-19,366.915479,373.36844,366.259756,372.798218,78506000
2022-07-20,372.988344,376.590222,371.619821,375.174164,71843800
2022-07-21,374.594421,379.042105,372.190008,378.994598,64903900
2022-07-22,379.118172,380.315607,373.254429,375.478271,72197300
2022-07-25,376.105537,376.789798,373.691611,375.934479,53631500
2022-07-26,374.290335,374.499415,370.593444,371.486786,52946400
2022-07-27,374.784439,382.881535,374.489829,381.132874,82342100
2022-07-28,381.940705,386.606953,378.386334,385.913208,73966600
2022-07-29,387.34824,392.527721,386.57845,391.539337,87003700
2022-08-01,388.840363,392.888912,388.127592,390.379944,69997500
2022-08-02,388.811824,392.499231,386.626005,387.804443,63435400
2022-08-03,389.933266,395.046215,389.648169,393.877289,67820600
2022-08-04,393.801261,394.485522,391.96707,393.611206,45656600
2022-08-05,389.325079,393.592192,389.268059,392.945953,56814900
2022-08-08,394.637603,396.889955,391.387354,392.489777,53886100
2022-08-09,391.757932,392.261622,389.857209,390.931122,44931800
2022-08-10,397.992344,399.28485,396.034602,399.142273,68665700
2022-08-11,401.993357,403.856086,398.400992,399.142273,59489700
2022-08-12,401.080984,406.003848,400.130622,405.899323,61694500
2022-08-15,403.684925,408.094615,403.627906,407.571899,54048300
2022-08-16,406.498026,410.299471,405.690214,408.370239,59289000
2022-08-17,404.768391,408.180185,403.466401,405.471649,63563400
2022-08-18,405.671216,407.334348,404.378739,406.650116,49023200
2022-08-19,403.8846,404.1507,400.311232,401.185577,68016900
2022-08-22,396.348168,396.519255,391.928993,392.831848,77695600
2022-08-23,392.404218,394.799147,391.330305,391.881531,49105200
2022-08-24,391.653396,394.50448,390.969164,393.135986,49177800
2022-08-25,394.628035,398.733603,393.535125,398.686096,50942300
2022-08-26,398.572052,399.113736,385.133929,385.190948,103087000
2022-08-29,382.235394,385.694695,381.285033,382.644043,65370800
2022-08-30,383.80338,384.04097,376.343039,378.443329,85652400
2022-08-31,380.07806,381.323031,375.430807,375.563843,76029700
2022-09-01,373.387474,377.084365,370.678939,376.742249,78740100
2022-09-02,380.410659,381.62712,370.954551,372.769745,99632100
2022-09-06,373.615603,374.556451,369.139408,371.363251,76637400
2022-09-07,371.049537,378.804489,370.830973,378.034698,70964200
2022-09-08,375.763413,380.961862,374.556435,380.505707,80821700
2022-09-09,382.748491,387.281733,382.482391,386.416901,76706900
2022-09-12,388.488714,391.292291,388.184591,390.570007,69256300
2022-09-13,381.883703,383.090681,372.465647,373.587067,122947100
2022-09-14,374.889083,376.533218,371.705366,375.012634,85023700
2022-09-15,373.454028,376.305112,369.481524,370.755005,87633800
2022-09-16,366.571504,368.58499,364.634317,367.926544,103084800
2022-09-19,364.777447,370.779755,364.70109,370.779755,73278500
2022-09-20,367.449381,368.4609,363.765931,366.523743,77274900
2022-09-21,368.451322,371.504982,360.120605,360.130157,106746600
2022-09-22,359.357185,360.998522,356.360807,357.105133,89472600
2022-09-23,353.631642,353.66982,346.675068,351.121948,122346900
2022-09-26,349.652309,353.278505,346.426888,347.648346,92581200
2022-09-27,351.188701,353.459857,344.36571,346.760925,108294100
2022-09-28,347.715168,355.272932,346.016577,353.583893,110802200
2022-09-29,350.034073,350.320341,343.249261,346.197937,112952300
2022-09-30,345.253214,349.17526,340.710931,340.844513,153711200
2022-10-03,344.566115,351.694478,342.781643,349.843201,89756500
2022-10-04,355.36833,360.712221,349.804977,360.683594,103602800
2022-10-05,356.313078,362.105445,353.984669,359.843842,88065700
2022-10-06,358.44105,361.399277,355.635508,356.131744,82333500
2022-10-07,352.09529,356.217723,344.43254,346.197937,107789500
2022-10-10,347.314373,347.552939,341.312065,343.554565,76042800
2022-10-11,341.855947,346.426886,339.441658,341.378815,92482800
2022-10-12,341.78919,343.363722,340.004689,340.252808,76991800
2022-10-13,333.239016,350.70209,332.189318,349.232513,147254500
2022-10-14,351.694456,353.32627,340.634525,341.273895,123737000
2022-10-17,347.362126,351.150561,340.93991,350.04361,93168200
2022-10-18,357.973586,358.278958,350.711611,354.156525,97162900
2022-10-19,352.11434,354.843554,348.831665,351.646759,79746900
2022-10-20,351.198322,355.626127,347.934721,348.698151,88283100
2022-10-21,348.421371,357.658653,346.913644,357.171997,131038400
2022-10-24,358.698789,362.678058,356.045903,361.54248,85436900
2022-10-25,361.466175,367.630721,361.351668,367.315826,78846300
2022-10-26,364.166762,369.854175,363.90912,364.548462,104087300
2022-10-27,365.550391,367.392116,361.981419,362.601715,81971800
2022-10-28,362.49672,371.705374,362.315407,371.228241,100302000
2022-10-31,368.766275,370.636627,367.640249,368.546783,96631300
2022-11-01,372.297077,372.535644,365.760354,366.934082,85407600
2022-11-02,366.342448,370.856133,357.620478,357.725433,126990400
2022-11-03,354.480854,357.086009,351.923431,354.041901,87100100
2022-11-04,359.758023,361.542494,353.078166,359.137756,103505200
2022-11-07,360.435455,363.164668,358.355164,362.573029,68286900
2022-11-08,363.680017,367.50663,360.445073,364.529327,84641100
2022-11-09,362.554014,363.708696,356.523051,357.019287,78495500
2022-11-10,370.302641,376.972976,368.002888,376.638977,141455800
2022-11-11,377.497713,381.085759,375.608258,380.28418,93839900
2022-11-14,378.518863,381.877866,376.772541,377.049286,71903500
2022-11-15,382.803486,383.910437,376.448076,380.265137,93194500
2022-11-16,378.633357,379.587622,376.734378,377.364197,68508500
2022-11-17,372.602352,376.887022,372.297009,376.209473,74496300
2022-11-18,379.549388,379.616193,375.064359,377.917603,92922500
2022-11-21,376.591279,377.717305,374.701824,376.543549,51243200
2022-11-22,378.49022,381.772895,377.077897,381.610657,60429000
2022-11-23,381.276706,384.502128,381.047692,384.015472,68261600
2022-11-25,383.452433,384.483056,383.175717,383.929565,30545400
2022-11-28,380.837687,382.479025,377.039701,377.803131,67881600
2022-11-29,377.936803,379.129635,375.312573,377.154327,52310000
2022-11-30,377.402355,389.034851,375.484302,389.034851,144566700
2022-12-01,390.07501,391.248767,386.238874,388.748596,76398200
2022-12-02,383.85317,389.206583,383.748214,388.300049,85342700
2022-12-05,385.475492,386.410654,379.95984,381.31488,77289800
2022-12-06,381.152667,381.696576,373.728484,375.818298,77972200
2022-12-07,374.969046,377.545574,374.043407,375.178986,65927900
2022-12-08,377.068374,379.186814,375.283873,378.118042,60737900
2022-12-09,376.877541,379.434965,375.169398,375.293457,81447700
2022-12-12,376.085463,380.704132,375.417494,380.704132,75405800
2022-12-13,391.458656,391.716297,380.818605,383.585968,123782500
2022-12-14,383.242432,386.954538,378.184838,381.133514,108111300
2022-12-15,376.266828,377.173392,370.150012,371.810425,117705900
2022-12-16,369.251766,370.593866,365.282981,367.420746,119858000
2022-12-19,367.612429,367.947961,362.637048,364.305084,79878100
2022-12-20,363.547824,366.423766,362.224886,364.80365,74427200
2022-12-21,367.401582,371.389559,366.864742,370.258362,78167400
2022-12-22,367.209862,370.239191,359.272263,364.976227,100120900
2022-12-23,363.950393,367.219383,362.397389,367.075592,59857300
2022-12-27,366.960616,367.305715,363.950449,365.628082,51638200
2022-12-28,365.560973,367.535814,360.85404,361.084106,70911500
2022-12-29,363.931266,368.456082,363.403992,367.58371,66970900
2022-12-30,364.899521,366.75927,362.780889,366.615479,84022200
2023-01-03,368.475238,370.450049,362.205677,365.072052,74850700
2023-01-04,367.334441,369.9228,364.285949,367.890472,85934100
2023-01-05,365.93482,366.049853,363.097233,363.691589,76970500
2023-01-06,366.787998,373.153429,363.720344,372.031799,104189600
2023-01-09,374.227168,377.41948,371.638837,371.820953,73978100
2023-01-10,371.236123,374.495518,370.296639,374.428406,65358100
2023-01-11,376.010226,379.240862,375.19537,379.164154,68881100
2023-01-12,380.26663,382.011346,376.192379,380.544617,90157700
2023-01-13,377.342702,382.596099,377.074282,382.020905,63903900
2023-01-17,382.001767,383.679399,380.640475,381.321106,62677300
2023-01-18,382.509796,383.57388,375.099443,375.300751,99632300
2023-01-19,373.258893,374.907768,371.245757,372.568695,86958900
2023-01-20,373.968327,379.662695,372.319453,379.509308,91806400
2023-01-23,380.314552,385.999323,379.355905,384.062866,84178800
2023-01-24,382.385244,384.561363,381.196531,383.650665,59524900
2023-01-25,379.576392,384.129966,377.285211,383.794434,84800300
2023-01-26,386.459508,388.175495,383.487696,388.012512,72287400
2023-01-27,386.967565,391.281478,386.756662,388.904022,68346200
2023-01-30,386.143139,388.376803,383.727358,384.024536,74202000
2023-01-31,384.542221,389.718911,384.197092,389.67099,86811800
2023-02-01,388.453452,396.563629,385.711735,393.812286,101459200
2023-02-02,397.704459,401.011804,395.806355,399.545074,101654500
2023-02-03,394.569636,399.727164,394.090313,395.298218,94736800
2023-02-06,392.844091,394.282062,391.223975,392.882416,60295300
2023-02-07,391.962034,399.26692,390.715805,398.020691,90990700
2023-02-08,396.045913,397.388013,392.97823,393.668457,76227500
2023-02-09,397.273012,397.426399,389.028639,390.255707,78694900
2023-02-10,389.07657,391.549896,388.261743,391.166443,70769700
2023-02-13,391.818335,395.892586,391.358174,395.758362,64913500
2023-02-14,394.234073,397.886516,391.616985,395.576202,88389300
2023-02-15,393.380885,396.937458,392.537271,396.860779,61555700
2023-02-16,391.885434,395.835057,391.262319,391.396515,76431500
2023-02-17,389.268282,390.658332,387.341392,390.418671,89257800
2023-02-21,386.392379,387.446897,382.327724,382.586548,82655900
2023-02-22,382.998843,384.542281,380.602224,382.059387,83742300
2023-02-23,384.954421,385.567969,379.864006,384.091644,96242400
2023-02-24,379.068354,380.822666,377.361963,379.988647,108194400
2023-02-27,383.334266,384.695558,380.343291,381.282776,80444700
2023-02-28,380.803393,382.768608,379.768038,379.873505,96438600
2023-03-01,379.058749,380.285817,377.112697,378.416443,99706800
2023-03-02,376.441632,382.203111,376.106099,381.359497,85127800
2023-03-03,383.180866,387.724874,382.528993,387.475616,90120000
2023-03-06,388.300082,390.600859,387.30311,387.74408,72795900
2023-03-07,387.696181,387.935843,381.186957,381.800476,108310600
2023-03-08,381.915472,383.180864,380.189889,382.423553,74746600
2023-03-09,383.209616,384.877682,374.380484,375.367889,111945300
2023-03-10,374.821484,376.901761,368.427323,369.951569,189253000
2023-03-13,366.0211,374.24631,364.909066,369.424286,157790000
2023-03-14,374.351737,377.179758,371.044393,375.530884,149752400
2023-03-15,369.932421,373.383528,367.842548,373.18222,172996900
2023-03-16,370.823925,380.074865,370.315843,379.729736,143254200
2023-03-17,378.397962,379.533476,373.90398,375.289703,140553400
2023-03-20,376.069103,379.312099,375.366639,378.898285,93055800
2023-03-21,382.266441,384.354658,380.669009,383.873505,91524200
2023-03-22,383.700294,387.318545,377.291332,377.329803,111746600
2023-03-23,380.197557,384.239254,375.636235,378.349945,119351300
2023-03-24,377.069991,380.919215,374.721962,380.832611,107682400
2023-03-27,383.113272,383.883134,380.649771,381.544708,74010400
2023-03-28,380.851777,381.544639,378.850194,380.688202,62871700
2023-03-29,384.854979,386.462043,383.652096,386.221466,77497900
2023-03-30,388.858286,389.108495,386.616125,388.483002,69840000
2023-03-31,389.406778,394.256809,389.300909,393.958496,112062600
2023-04-03,393.438777,395.863777,393.044228,395.459625,67391100
2023-04-04,396.10441,396.39312,391.889505,393.265625,66601500
2023-04-05,392.534213,393.294443,390.580734,392.235901,65200200
2023-04-06,391.437198,394.045068,390.388288,393.765991,63743300
2023-04-10,391.283218,394.247136,390.667357,394.170135,63681000
2023-04-11,394.795654,395.680959,393.506168,394.276001,59297900
2023-04-12,396.344961,396.633671,392.081953,392.668945,86420400
2023-04-13,393.756343,398.240692,392.611196,397.884644,85814800
2023-04-14,397.249533,399.443589,394.603191,396.91272,78161500
2023-04-17,396.826087,398.35615,395.594336,398.336914,66436400
2023-04-18,399.915095,400.049832,397.22065,398.596741,63560000
2023-04-19,396.681809,399.43399,396.624073,398.529449,55227300
2023-04-20,395.709795,398.105957,394.805225,396.354553,75840400
2023-04-21,396.652874,397.124394,394.709026,396.662506,73457400
2023-04-24,396.460435,397.499741,395.122844,397.076324,64332100
2023-04-25,395.103601,395.661755,390.715488,390.773224,97766700
2023-04-26,391.389099,392.466877,388.559917,389.118042,80447000
2023-04-27,391.658575,397.134099,391.408366,396.864655,92968400
2023-04-28,395.979251,400.261525,395.921515,400.251892,89433100
2023-05-01,399.809247,401.878199,399.616774,399.847748,62122300
2023-05-02,399.135677,399.18381,392.447667,395.353821,103998500
2023-05-03,395.854174,398.269572,392.399499,392.640076,91531800
2023-05-04,391.591209,391.91839,388.52145,389.85907,94901900
2023-05-05,393.496545,398.125234,393.236733,397.076324,87891800
2023-05-08,397.403531,397.663343,395.777231,397.18219,50046800
2023-05-09,395.632842,396.556647,395.209425,395.440369,49220100
2023-05-10,398.279199,398.914324,393.458037,397.288025,96142900
2023-05-11,396.422007,396.883895,394.51663,396.595215,70157100
2023-05-12,397.836567,398.048276,393.65053,396.075531,70481500
2023-05-15,396.681787,397.846169,394.766807,397.442017,54289400
2023-05-16,396.335309,397.259144,394.776378,394.786011,57705500
2023-05-17,396.806832,400.184506,395.161297,399.578278,87287000
2023-05-18,399.26072,403.850938,399.039408,403.427521,97177200
2023-05-19,404.332138,404.861394,401.618428,402.840546,103793300
2023-05-22,402.85978,404.543815,401.618397,403.00412,60745400
2023-05-23,401.358548,402.936743,398.086713,398.481262,86383500
2023-05-24,396.874244,397.25916,394.429978,395.59436,89213700
2023-05-25,399.106776,400.473264,396.864616,399.020172,90961600
2023-05-26,399.674527,404.909474,399.597555,404.187744,93830000
2023-05-30,406.121977,406.651234,402.955982,404.341705,72216000
2023-05-31,402.513302,403.417872,400.530955,402.099518,110811800
2023-06-01,402.330449,406.978403,401.079464,405.919861,88865000
2023-06-02,408.498879,412.579047,407.969622,411.789978,91426200
2023-06-05,412.136368,413.425855,410.298361,411.000854,65460200
2023-06-06,410.587091,412.42507,409.932701,411.895813,64022200
2023-06-07,412.290299,413.425813,410.04811,410.471527,85373300
2023-06-08,410.538979,413.406661,409.769146,412.954376,61952800
2023-06-09,413.753018,415.706498,412.704108,413.695282,85742800
2023-06-12,414.676917,417.525335,413.955188,417.448334,76104300
2023-06-13,418.911014,420.845229,418.247021,420.2005,95899700
2023-06-14,420.537322,422.510037,417.246222,420.700897,100612100
2023-06-15,419.882979,427.167643,419.786772,425.916656,110303100
2023-06-16,427.904414,428.47428,423.992609,424.465881,114165800
2023-06-20,422.524448,423.413042,420.187004,422.263641,76160400
2023-06-21,421.278473,422.080141,419.510895,420.100098,76982300
2023-06-22,419.143895,421.722779,418.805831,421.616547,70637200
2023-06-23,418.158571,420.215901,417.714274,418.429016,92074500
2023-06-26,417.859245,419.781338,416.478043,416.719513,72823600
2023-06-27,417.598446,421.906265,417.144481,421.288116,72813700
2023-06-28,420.206335,422.514804,419.588187,421.500641,75636000
2023-06-29,421.085259,423.326108,420.679605,423.161896,67882300
2023-06-30,426.378301,429.140705,426.059544,428.155518,104964000
2023-07-03,427.807821,428.928216,427.527707,428.648132,32793400
2023-07-05,426.832275,428.744729,426.822607,428.010651,58418400
2023-07-06,424.427286,425.084078,422.147793,424.659088,80658300
2023-07-07,423.66417,427.537361,423.345413,423.586884,86134200
2023-07-10,423.229574,424.83294,422.659708,424.659088,62443500
2023-07-11,425.422095,427.856103,424.446546,427.363495,64463800
2023-07-12,431.159433,432.212239,429.729919,430.802032,91924500
2023-07-13,432.617887,435.013282,432.183259,434.221252,72425200
2023-07-14,435.109874,435.959824,433.187752,433.950806,69815800
2023-07-17,433.805872,436.510326,433.757561,435.45752,52680200
2023-07-18,435.129136,439.340361,434.694478,438.693237,80668200
2023-07-19,439.485365,440.856899,438.616048,439.668884,65891700
2023-07-20,438.673984,439.572246,436.037119,436.751862,70591600
2023-07-21,438.471128,438.673984,436.742223,436.751862,71275600
2023-07-24,437.901245,439.514278,436.867745,438.702942,54023400
2023-07-25,438.432446,441.156206,438.384134,439.900574,55191200
2023-07-26,438.963707,441.397715,437.910901,439.968231,71052900
2023-07-27,443.358468,443.764151,436.143339,437.05127,92194400
2023-07-28,440.325615,442.160782,437.051266,441.330139,80011800
2023-07-31,441.803401,442.527812,440.489789,442.170441,62040400
2023-08-01,440.702326,441.648899,439.94894,440.905182,55291500
2023-08-02,437.785332,438.046109,434.018404,434.77179,93933400
2023-08-03,432.753186,435.409358,432.106033,433.525879,64276100
2023-08-04,435.341691,437.447303,431.04351,431.565094,100128900
2023-08-07,433.40024,435.486545,432.704805,435.332001,58357500
2023-08-08,432.791781,435.322413,430.077659,433.438934,71361300
2023-08-09,433.709378,433.87359,429.778236,430.54129,78789600
2023-08-10,432.898007,436.288257,429.527094,430.695801,93005500
2023-08-11,428.821969,431.458833,428.223128,430.444641,68690900
2023-08-14,429.527083,432.820709,429.217994,432.820709,47867400
2023-08-15,431.043521,431.400922,427.208974,427.77887,75707500
2023-08-16,427.363562,429.024878,424.533539,424.639801,80107200
2023-08-17,426.107856,426.368633,420.882438,421.404022,95711300
2023-08-18,418.583662,422.640372,418.235959,421.606873,98852000
2023-08-21,422.621041,425.093693,420.467146,424.349976,68719000
2023-08-22,426.127209,426.127209,422.640394,423.200592,64994200
2023-08-23,424.263035,428.53224,424.118159,427.914062,68441000
2023-08-24,429.517407,430.029323,421.954546,421.983551,88517300
2023-08-25,423.712502,426.243104,420.158068,424.958496,102325100
2023-08-28,427.150952,428.271377,424.958414,427.653229,61595400
2023-08-29,427.547038,434.115044,427.363519,433.83493,83081900
2023-08-30,434.172914,436.259219,433.467811,435.621735,69053900
2023-08-31,436.239947,437.379679,434.800794,434.984314,66084600
2023-09-01,437.708108,438.191049,434.337165,435.795654,58944100
2023-09-05,435.351383,435.670111,433.844612,433.912201,55166200
2023-09-06,433.100821,433.207083,428.667433,430.995209,70758500
2023-09-07,427.991314,430.348065,427.643612,429.671967,70355400
2023-09-08,429.720251,431.854838,429.362879,430.319092,61659700
2023-09-11,432.946283,433.458199,431.236685,433.149139,60180100
2023-09-12,431.700338,433.226416,430.193567,430.773071,67565400
2023-09-13,430.995185,432.434338,429.894068,431.275299,60199300
2023-09-14,433.747962,435.689362,432.444018,434.993927,83430800
2023-09-15,433.407254,433.736808,429.31686,429.753021,111848900
2023-09-18,429.442893,431.303938,428.967952,430.005096,55752200
2023-09-19,429.084173,429.675454,426.428335,429.113251,66514600
2023-09-20,430.373374,430.79016,424.964733,425.168304,82562600
2023-09-21,422.318588,422.580285,417.985871,418.140961,104095800
2023-09-22,419.168397,420.767716,416.783929,417.200745,100829700
2023-09-25,415.989122,418.993889,415.552931,418.955139,70874500
2023-09-26,415.911637,416.619228,411.966629,412.800232,96168400
2023-09-27,413.973033,414.535237,409.320465,412.964966,104705800
2023-09-28,412.412487,417.035978,411.821207,415.3591,92258300
2023-09-29,418.41233,418.586795,412.829225,414.351013,115111300
2023-10-02,413.517499,415.436699,411.423834,414.18631,83798600
2023-10-03,412.005397,414.244449,407.275269,408.641968,103760600
2023-10-04,409.107224,412.364017,407.643591,411.617676,87453000
2023-10-05,411.32681,412.3058,408.23481,411.462524,70142700
2023-10-06,409.010235,417.888911,407.682315,416.347748,113273300
2023-10-09,414.44794,419.585182,413.895469,419.013306,80374400
2023-10-10,419.643378,423.791928,419.245967,421.194244,78607300
2023-10-11,422.260478,423.171581,419.876009,422.919586,62451700
2023-10-12,423.530243,423.908249,417.985916,420.341278,81154200
2023-10-13,421.843669,423.045605,416.677378,418.24762,95143100
2023-10-16,420.496313,423.714354,420.253991,422.648132,75433200
2023-10-17,419.517379,424.683699,419.16845,422.628784,75324700
2023-10-18,420.854937,421.814522,415.911565,416.997162,93559800
2023-10-19,417.714481,419.527044,412.654799,413.333282,121323000
2023-10-20,412.897107,413.439906,408.147574,408.254211,123919900
2023-10-23,406.722731,411.414108,404.968322,407.546631,92035100
2023-10-24,409.66935,411.772717,407.818008,410.619263,78564200
2023-10-25,408.932686,408.961763,404.212231,404.725952,94223200
2023-10-26,403.659792,404.51274,398.958742,399.879547,115156800
2023-10-27,401.469225,401.866637,396.642163,398.067017,107367700
2023-10-30,400.85858,403.882753,399.559738,402.826233,86562700
2023-10-31,403.398099,405.675931,401.488602,405.356079,79665200
2023-11-01,406.325351,410.493275,405.792225,409.679077,98068100
2023-11-02,413.47866,417.685394,413.459285,417.530304,94938900
2023-11-03,419.837155,422.890404,419.711143,421.339539,100167800
2023-11-06,422.095654,422.754763,420.360621,422.308899,67831700
2023-11-07,422.308896,424.150537,421.165144,423.510803,64256100
2023-11-08,424.111758,424.635182,421.514075,423.820984,61746000
2023-11-09,424.964743,425.003523,420.089228,420.515717,83174400
2023-11-10,422.589982,427.387938,420.505991,427.077759,89462200
2023-11-13,425.740147,427.775627,424.955026,426.670654,52236100
2023-11-14,432.612439,436.237565,432.389492,434.948425,97176900
2023-11-15,436.286019,437.517033,435.016254,435.869232,77327600
2023-11-16,435.423293,436.722135,434.357071,436.402283,66665800
2023-11-17,436.411973,437.555755,435.491168,436.945099,83133200
2023-11-20,436.69308,441.151808,436.683377,440.308533,69936200
2023-11-21,439.261736,440.182571,438.079204,439.348969,49244600
2023-11-22,441.006477,442.363474,439.949957,441.045227,59394900
2023-11-24,441.093733,441.51052,440.764179,441.31665,29737400
2023-11-27,440.686582,441.50078,440.134081,440.52182,50506000
2023-11-28,440.134077,442.256819,439.571903,440.957977,62115000
2023-11-29,443.109734,444.243813,440.250354,440.647736,63146000
2023-11-30,441.491085,442.731771,439.416795,442.382812,79752700
2023-12-01,441.772134,445.532974,441.180883,444.999878,89183400
2023-12-04,441.60739,445.019271,440.386078,442.66391,72430900
2023-12-05,441.277819,443.536245,440.899782,442.57666,69793500
2023-12-06,444.718846,444.747924,440.357052,440.793243,69124700
2023-12-07,442.87718,444.806053,442.276227,444.156647,66995400
2023-12-08,443.410294,446.599258,443.167972,446.066162,83194400
2023-12-11,445.571798,447.975642,445.358553,447.801147,65002200
2023-12-12,447.452203,449.943279,446.453838,449.846344,68327600
2023-12-13,450.224317,456.301768,449.865685,456.049744,93278000
2023-12-14,457.988339,459.180573,454.838154,457.513397,119026000
2023-12-15,456.91582,458.093434,454.910994,456.760101,141553700
2023-12-18,458.365961,460.312396,457.305158,459.329437,70375300
2023-12-19,459.874429,462.200433,459.796584,462.122559,55761800
2023-12-20,461.266102,463.154146,455.290562,455.718781,102921000
2023-12-21,458.706584,460.312417,456.283282,460.039917,86667500
2023-12-22,461.168814,462.648124,459.066691,460.964447,67160400
2023-12-26,461.373157,463.815913,461.295283,462.910828,55387000
2023-12-27,462.706423,463.893749,462.171165,463.747772,68000300
2023-12-28,464.107948,464.759987,463.504558,463.923035,77158100
2023-12-29,463.728376,464.253922,460.62381,462.579987,122283100
2024-01-02,459.514344,460.983912,457.889058,459.991211,123623700
2024-01-03,457.830711,458.570366,455.63126,456.23465,103585900
2024-01-04,455.757655,458.346417,454.541133,454.764984,84232200
2024-01-05,454.969433,457.840437,453.937825,455.387939,86118900
2024-01-08,455.884273,462.035015,455.75775,461.889038,74879100
2024-01-09,459.232086,462.210129,458.726024,461.188263,65931400
2024-01-10,461.460732,464.662625,461.178491,463.796448,67310600
2024-01-11,464.798913,465.314717,459.611677,463.592133,77940700
2024-01-12,465.042205,465.78186,462.502122,463.913269,58026400
2024-01-16,462.531322,463.845142,460.390232,462.210144,85014900
2024-01-17,459.183486,460.127508,457.2857,459.6409,68843900
2024-01-18,461.314772,464.283074,459.76736,463.728333,91856200
2024-01-19,464.857299,469.791519,463.777042,469.509277,110834500
2024-01-22,471.046952,472.224537,469.849884,470.501953,75844900
2024-01-23,471.046965,472.11748,469.956966,471.874176,49945300
2024-01-24,474.745184,475.679465,471.893664,472.390015,81765000
2024-01-25,474.52133,475.231789,472.390011,474.95929,72525000
2024-01-26,474.531068,476.020089,473.509202,474.355896,76641600
2024-01-29,474.66738,478.258555,474.122381,478.112549,61322800
2024-01-30,477.421528,478.453136,476.983568,477.742706,58618400
2024-01-31,475.533494,475.981165,469.927752,469.947235,126011100
2024-02-01,471.650381,476.127187,470.842594,476.097992,91891600
2024-02-02,476.535913,482.764498,476.195281,481.110046,99228200
2024-02-05,480.477439,481.13922,477.100374,479.358215,75757100
2024-02-06,480.302299,481.08089,478.871668,480.75,55918600
2024-02-07,482.998061,485.178059,482.092947,484.759583,70556500
2024-02-08,484.759615,485.353264,483.942116,484.973724,52343600
2024-02-09,485.479772,488.214511,485.13914,487.776581,63979400
2024-02-12,487.747383,490.014967,486.842268,487.562469,56502300
2024-02-13,481.285219,483.776654,477.577263,480.84726,113099200
2024-02-14,483.484685,485.703619,481.158681,485.21701,68387800
2024-02-15,485.917697,488.749764,485.440801,488.56485,61683000
2024-02-16,488.263215,489.401863,485.392212,486.131866,75532900
2024-02-20,484.389786,485.061308,481.207375,483.455505,71736700
2024-02-21,482.151425,484.049181,480.341225,483.893463,59293400
2024-02-22,490.511287,494.871282,489.547782,493.907806,76402500
2024-02-23,495.630396,496.467378,493.518531,494.248444,61321800
2024-02-26,494.686393,495.124352,492.31174,492.438263,50386700
2024-02-27,493.129206,493.576878,491.231421,493.353027,48854500
2024-02-28,491.795966,493.284987,491.43588,492.70108,56506600
2024-02-29,494.462578,496.087835,491.815426,494.47229,83924800
2024-03-01,495.348246,499.542781,494.939481,499.114563,76844800
2024-03-04,498.316587,500.428452,498.287362,498.579315,49799300
2024-03-05,496.574417,497.022119,491.387182,493.596375,72855600
2024-03-06,496.876127,498.355436,494.803199,496.097565,68382400
2024-03-07,499.396777,502.073125,496.155947,501.022034,58652100
2024-03-08,501.654685,504.340715,497.440637,498.014832,86532500
2024-03-11,496.808077,498.170576,494.881096,497.586639,62557200
2024-03-12,499.69847,503.523207,497.177811,502.939301,73114400
2024-03-13,503.260453,503.435625,500.710628,502.15097,55104100
2024-03-14,503.124184,503.279932,498.11215,501.158325,110171800
2024-03-15,498.088017,499.542637,496.047677,497.717041,107646300
2024-03-18,501.788009,503.232827,500.265075,500.675079,88893300
2024-03-19,499.981981,503.740486,498.976424,503.457397,60755300
2024-03-20,503.515986,508.250732,502.842377,508.114044,69594600
2024-03-21,510.954912,511.657777,509.510034,509.793182,60256100
2024-03-22,509.705364,510.193484,508.592434,508.826782,79070800
2024-03-25,507.450246,508.572948,507.264758,507.42099,48512100
2024-03-26,508.846191,509.187911,506.083471,506.483704,65463700
2024-03-27,509.314838,510.7792,507.147552,510.740112,82999800
2024-03-28,510.779175,512.145877,510.359398,510.642487,96294900
2024-04-01,511.384486,511.921406,508.59239,509.75412,62477500
2024-04-02,505.927251,506.649659,504.209056,506.513031,74230300
2024-04-03,505.419547,508.572847,505.370747,507.069397,59155800
2024-04-04,511.081829,511.42349,500.577464,500.880096,96858100
2024-04-05,502.237053,508.074956,501.797732,506.112701,74546500
2024-04-08,506.815649,507.821147,505.585576,506.395813,48401800
2024-04-09,508.133555,508.377616,502.129648,506.981598,68049200
2024-04-10,501.280312,503.896631,499.923382,501.905121,82652800
2024-04-11,503.428167,507.137872,499.913722,505.693054,70099000
2024-04-12,502.149157,503.564719,496.984833,498.712799,92561100
2024-04-15,502.891154,503.057098,491.61555,492.464905,92101400
2024-04-16,492.943246,494.46618,490.278096,491.566742,73484000
2024-04-17,494.026889,494.192863,487.261544,488.657562,75910300
2024-04-18,490.053614,492.152526,486.714855,487.652039,74548100
2024-04-19,487.573941,488.569697,482.126498,483.39563,102212600
2024-04-22,486.00221,490.444126,483.659237,487.847321,67961000
2024-04-23,489.858364,494.065962,487.661822,493.636414,64633600
2024-04-24,494.524802,495.315555,491.176301,493.40213,55928100
2024-04-25,487.320112,492.289177,485.670262,491.52771,69122400
2024-04-26,494.319763,497.765893,493.685212,496.184387,64306100
2024-04-29,497.970875,498.615198,495.198354,497.941589,46415400
2024-04-30,496.477274,497.453515,490.053619,490.053619,77483600
2024-05-01,489.467838,496.116039,487.993704,488.462311,80242800
2024-05-02,492.172061,493.870741,487.681345,493.031158,62550200
2024-05-03,499.015509,500.372469,496.477276,499.142426,72756700
2024-05-06,501.543929,504.335964,501.104608,504.296936,47264700
2024-05-07,505.263398,506.249411,504.179785,504.853394,52561300
2024-05-08,503.018053,505.439112,502.900909,504.902191,42047200
2024-05-09,505.087649,507.850428,504.433584,507.81134,43643700
2024-05-10,509.412441,510.222737,507.245214,508.465515,52233200
2024-05-13,510.144574,510.251946,507.391567,508.533752,36716400
2024-05-14,508.729064,511.384471,508.192143,510.867035,57535900
2024-05-15,513.33689,517.485915,512.702309,517.193054,59504900
2024-05-16,517.290758,518.891808,515.982568,516.129028,50244800
2024-05-17,516.246102,516.939255,514.791512,516.870911,59187600
2024-05-20,516.988082,518.930793,516.597562,517.466431,37764200
2024-05-21,516.704935,518.891706,516.499903,518.735474,33437000
2024-05-22,518.042407,518.755044,515.064824,517.241882,48390000
2024-05-23,520.297556,520.404928,512.253278,513.463867,57211200
2024-05-24,515.309017,517.671564,514.362091,516.861267,41291100
2024-05-28,517.671443,517.905732,514.586488,517.222351,36269600
2024-05-29,513.19052,514.781798,512.887888,513.600525,45190300
2024-05-30,512.058013,512.72185,508.943802,510.193359,46377600
2024-05-31,511.150171,514.967248,506.044389,514.840332,90785800
2024-06-03,516.451177,516.734266,510.183665,515.260132,46835700
2024-06-04,513.951921,516.578012,512.48756,515.83606,34632700
2024-06-05,518.159614,521.986463,516.168043,521.966919,47610400
2024-06-06,522.269558,522.699106,520.024215,521.957153,30808500
2024-06-07,520.98079,524.134089,519.887404,521.32251,43224500
2024-06-10,520.51229,523.255526,519.916798,522.93335,35686100
2024-06-11,521.381109,524.25126,519.409083,524.192688,36383400
2024-06-12,528.761529,531.19236,527.463112,528.497925,63251300
2024-06-13,530.245515,530.421231,526.770098,529.562134,44760900
2024-06-14,528.029273,529.913412,527.023717,529.884155,40089900
2024-06-17,529.200872,535.49764,528.742008,534.101562,55839500
2024-06-18,534.160018,535.585351,533.740241,535.458435,41376400
2024-06-20,536.38606,537.049897,532.227262,534.004028,70328200
2024-06-21,533.180306,534.404545,531.828742,533.288025,64338600
2024-06-24,533.111762,535.677761,531.436982,531.554504,45528700
2024-06-25,532.778726,533.96381,531.260682,533.60144,37936200
2024-06-26,532.484897,534.982331,531.838525,534.267395,38550600
2024-06-27,534.130289,535.687547,533.385943,535.10968,35041500
2024-06-28,535.883378,538.939132,531.760182,533.003967,76144500
2024-07-01,534.384954,534.629802,531.339063,534.100952,40297800
2024-07-02,532.49469,537.695251,532.445732,537.695251,40434800
2024-07-03,537.381978,540.45728,537.342824,540.09491,32789900
2024-07-05,540.398382,543.610752,539.761754,543.209229,41488400
2024-07-08,543.992797,544.786101,542.768558,543.836121,36110500
2024-07-09,544.795863,545.696886,544.071124,544.364929,27289700
2024-07-10,545.589176,550.09435,545.295371,549.751587,38701200
2024-07-11,549.869091,550.740763,544.374723,545.011292,53054200
2024-07-12,546.137749,552.053248,545.66766,548.449097,53084400
2024-07-15,550.447032,553.199118,548.09647,549.957336,40584300
2024-07-16,551.269589,553.512372,550.515439,553.218567,36475300
2024-07-17,547.283444,548.958224,545.138576,545.461792,57119000
2024-07-18,546.999491,547.988685,539.085997,541.27002,56270400
2024-07-19,541.034962,542.660784,536.617901,537.675659,65509100
2024-07-22,541.603098,543.826334,539.663923,543.219116,43346700
2024-07-23,543.111352,545.266024,541.87737,542.367065,34439600
2024-07-24,537.54844,537.852049,529.155054,530.075684,74515300
2024-07-25,530.193132,536.177254,526.373544,527.313721,61158300
2024-07-26,531.104086,535.912868,530.330329,533.219543,53763800
2024-07-29,534.766817,535.775559,531.534781,533.532776,39515800
2024-07-30,535.001987,536.059746,527.421512,530.829773,46853600
2024-07-31,537.665889,542.092754,536.294778,539.458191,65663400
2024-08-01,541.181943,543.434529,528.312734,531.81897,76428700
2024-08-02,524.708598,525.923033,517.70593,521.917358,82789100
2024-08-05,501.0955,512.789428,499.75371,506.717194,146267400
2024-08-06,508.519188,518.8322,507.197034,511.388855,84826300
2024-08-07,517.578554,520.634307,507.37332,507.970734,70698300
2024-08-08,513.112541,520.340449,511.085255,519.713684,63276600
2024-08-09,518.890916,523.494064,517.666678,522.005371,45619600
2024-08-12,523.200415,524.689048,520.007591,522.279785,42542100
2024-08-13,525.472444,531.103939,525.227596,530.868835,52333100
2024-08-14,531.662226,533.728785,528.988508,532.543701,42446900
2024-08-15,538.175199,541.955633,537.567981,541.671631,60846800
2024-08-16,540.055594,543.581436,539.898918,542.886047,44430700
2024-08-19,543.297412,548.076843,542.445346,548.076843,39121800
2024-08-20,547.626224,549.281396,545.843726,547.185486,33732300
2024-08-21,548.233582,550.525323,543.297414,549.06604,41514600
2024-08-22,550.966016,551.573233,543.542218,544.756653,56121500
2024-08-23,547.998469,551.485097,545.804584,550.544861,50639400
2024-08-26,551.573241,552.288177,547.528353,549.232483,35788600
2024-08-27,547.959287,550.476329,546.813417,549.986633,32693900
2024-08-28,549.643945,550.074879,543.601061,546.793884,41066000
2024-08-29,548.762401,552.062943,545.696903,546.842773,38715200
2024-08-30,549.212987,552.572291,545.657794,552.062988,62700100
2024-09-03,548.919069,549.252088,538.184985,540.702026,60600100
2024-09-04,538.860733,543.003536,538.135993,539.595276,47224900
2024-09-05,539.536608,542.386609,535.824679,538.282959,44264300
2024-09-06,538.606152,540.231914,528.322549,529.223572,68493800
2024-09-09,533.425248,536.422182,531.495817,535.148926,40445800
2024-09-10,537.058728,537.832485,532.18138,537.479858,36394600
2024-09-11,537.391749,543.914465,528.831883,542.993835,75248600
2024-09-12,543.571575,547.871114,541.348339,547.567505,51819600
2024-09-13,548.174782,551.426366,547.92013,550.427368,39310500
2024-09-16,550.16293,551.50469,548.360884,551.240295,36656100
2024-09-17,553.453708,554.903247,549.232536,551.465576,49321000
2024-09-18,552.121697,556.969693,549.271696,549.829956,59044900
2024-09-19,559.241874,561.07333,556.372266,559.212463,75315500
2024-09-20,557.842972,559.287063,555.219935,558.245728,77503100
2024-09-23,559.316661,560.289222,558.098441,559.640808,44116900
2024-09-24,560.436556,561.301068,557.607254,561.242126,46805700
2024-09-25,561.084943,561.821739,558.894162,560.004272,38428600
2024-09-26,564.267885,564.592092,559.866776,562.224487,48336000
2024-09-27,563.295421,564.110766,560.377677,561.40918,42100900
2024-09-30,560.377589,564.267893,558.078819,563.658813,63557400
2024-10-01,563.305128,563.953482,556.035384,558.609253,72668800
2024-10-02,557.715436,559.866883,555.31839,558.845154,38097800
2024-10-03,557.371502,559.768548,555.534429,557.823425,40846500
2024-10-04,562.273604,563.265832,558.098426,562.892517,42939100
2024-10-07,561.242092,561.890507,556.654326,557.803711,49964700
2024-10-08,560.377638,563.67853,559.503352,563.079224,37398700
2024-10-09,563.069459,567.539403,562.470212,566.979431,37912200
2024-10-10,565.633474,567.411606,564.37598,565.987122,44138100
2024-10-11,565.9084,570.113078,565.77085,569.376282,42268000
2024-10-14,570.987499,574.966246,570.506135,574.032959,36217200
2024-10-15,574.298192,574.602732,568.354656,569.572876,54203600
2024-10-16,569.572868,572.56916,568.767297,572.048462,30725400
2024-10-17,575.594918,575.801243,571.910938,572.097595,34393700
2024-10-18,573.787353,575.084122,572.323595,574.298218,37416800
2024-10-21,573.57114,574.553534,570.378357,573.355042,36439000
2024-10-22,570.820482,574.209756,570.162294,573.050537,34183800
2024-10-23,571.02672,571.468809,564.307114,567.81427,49314600
2024-10-24,569.769321,569.847929,566.419381,569.042358,34979900
2024-10-25,571.272371,574.170448,567.902765,568.845825,47268200
2024-10-28,572.3235,572.451216,570.299769,570.604309,30174700
2024-10-29,569.64153,572.647655,568.246546,571.527771,42899700
2024-10-30,571.056262,573.050553,569.091473,569.798828,41435800
2024-10-31,565.42706,565.495835,558.432415,558.628906,60182500
2024-11-01,561.261794,565.417304,560.574105,560.986694,45667500
2024-11-04,561.124257,562.421026,557.8922,559.778381,38217000
2024-11-05,560.691964,566.586332,560.475866,566.547058,39478300
2024-11-06,578.82701,581.508928,575.084088,580.634583,68182000
2024-11-07,582.638718,586.145874,582.56011,585.124146,47233200
2024-11-08,585.674296,589.083237,585.674296,587.658752,46444900
2024-11-11,589.250191,589.603839,586.489665,588.218689,37586800
2024-11-12,588.14005,588.739296,583.905931,586.391418,43006100
2024-11-13,586.853032,588.680272,584.485488,586.676208,47388600
2024-11-14,586.804069,587.285433,582.216302,582.903931,38904100
2024-11-15,579.337761,579.809351,573.580943,575.437683,75988800
2024-11-18,575.899518,579.111969,575.035066,577.795593,37001700
2024-11-19,574.4161,580.634616,573.748079,579.907654,49412000
2024-11-20,579.986182,580.388938,574.337413,580.104065,50032600
2024-11-21,582.953056,584.642746,577.107795,583.218262,46750300
2024-11-22,583.208413,585.654626,582.707442,585.025879,38226400
2024-11-25,588.965332,590.281707,584.721379,587.010376,42441400
2024-11-26,588.257973,590.743461,587.540844,590.075439,45621300
2024-11-27,589.888784,590.271872,586.764776,588.287476,34000200
2024-11-29,589.102881,592.727921,588.827842,591.942017,30177400
2024-12-02,592.354455,593.680723,591.863257,593.002869,31746000
2024-12-03,592.767211,593.523614,591.735708,593.278015,26906600
2024-12-04,594.967806,597.207635,594.299784,596.962036,42787600
2024-12-05,596.961948,597.767519,595.625906,595.979553,28762200
2024-12-06,596.745833,598.347141,596.333244,597.109314,31241500
2024-12-09,596.991503,597.158493,593.445072,594.034485,34742700
2024-12-10,594.712323,595.134745,591.529373,592.187561,37234500
2024-12-11,595.115148,597.718458,594.840049,596.765564,28677700
2024-12-12,595.901062,596.470808,593.690674,593.690674,31543800
2024-12-13,595.724201,596.44133,592.197377,593.572754,35904700
2024-12-16,595.33123,597.079921,594.555159,596.1073,43695200
2024-12-17,593.553152,594.515879,592.27605,593.651367,55773500
2024-12-18,593.346837,595.73405,575.575348,575.958496,108248700
2024-12-19,580.949023,582.560165,575.536017,575.781616,85919500
2024-12-20,573.451444,587.231528,572.603695,582.697327,125716700
2024-12-23,582.440993,586.787909,579.257137,586.186646,57635800
2024-12-24,587.537084,592.741615,586.955493,592.702148,33160100
2024-12-26,590.92786,593.865231,589.528182,592.741577,41219100
2024-12-27,588.995868,589.232487,582.312845,586.502075,64969300
2024-12-30,579.483844,583.278769,576.053563,579.809082,56578800
2024-12-31,581.47496,582.194563,576.06347,577.699768,57052700
2025-01-02,580.962415,582.677525,572.199517,576.280334,50204000
2025-01-03,579.129057,584.12651,578.04475,583.48584,37888500
2025-01-06,587.744129,591.125077,585.112263,586.847107,47679400
2025-01-07,588.87761,589.202908,578.389795,580.213318,60393100
2025-01-08,580.282292,582.135415,576.832338,581.060974,47304700
2025-01-10,577.502518,577.571524,570.277313,572.189575,73105000
2025-01-13,567.537207,573.431681,567.123169,573.076843,47910100
2025-01-14,576.00425,576.635113,570.080177,573.865295,48420600
2025-01-15,581.888914,585.447281,580.775067,584.303894,56900200
2025-01-16,585.674091,585.85151,582.480428,583.180298,43319700
2025-01-17,588.42427,590.789917,587.093538,589.0354,58070600
2025-01-21,592.081029,594.436869,590.109627,594.427002,42532900
2025-01-22,597.256032,599.128888,596.704042,597.768616,48196000
2025-01-23,597.137779,601.031311,596.861814,601.031311,41152100
2025-01-24,601.090389,602.04655,598.123419,599.276672,34604700
2025-01-27,586.304948,591.115175,586.137396,590.799744,70361100
2025-01-28,592.031901,596.713982,588.710092,595.87616,44433300
2025-01-29,595.087436,595.491607,590.651781,593.204773,37177400
2025-01-30,595.324097,597.926302,592.130375,596.388611,39281300
2025-01-31,598.813497,601.238344,592.455712,593.214722,66566900
2025-02-03,584.195423,591.70646,582.046602,589.222534,65857200
2025-02-04,589.281701,593.687756,588.739577,593.175232,33457800
2025-02-05,592.051555,595.728202,590.021013,595.580322,30653100
2025-02-06,597.325092,597.778537,594.013151,597.650391,35771500
2025-02-07,598.212297,599.434557,591.470073,592.17981,50788500
2025-02-10,595.393133,596.842085,594.12154,596.201355,26048700
2025-02-11,593.93424,597.196909,593.815961,596.654785,30056700
2025-02-12,590.632175,595.905653,589.952039,594.732666,45076100
2025-02-13,595.836605,601.218555,594.574938,601.011536,40921300
2025-02-14,601.218553,602.253527,600.360998,600.981995,26910400
2025-02-18,602.145075,602.746338,599.680822,602.746338,26749000
2025-02-19,601.356669,604.461592,600.844085,604.165894,31011100
2025-02-20,602.79567,602.933682,598.340341,601.652283,36554000
2025-02-21,601.43541,601.573422,590.898261,591.361572,76519800
2025-02-24,593.411875,594.407443,587.960918,588.670654,50737200
2025-02-25,588.611527,589.340937,581.130028,585.743103,58266500
2025-02-26,587.408835,591.006668,583.397025,586.038696,43321600
2025-02-27,588.315648,589.468961,576.290143,576.684387,74196700
2025-02-28,577.18728,586.216278,574.111897,585.684021,88744100
2025-03-03,587.655316,588.798763,571.608132,575.422791,74249200
2025-03-04,571.420918,577.019694,564.067565,568.611633,109648200
2025-03-05,568.443989,576.516884,564.885622,574.7229,71230500
2025-03-06,567.251286,571.874227,561.967943,564.520935,80094900
2025-03-07,562.736819,569.13401,557.542154,567.684998,81158800
2025-03-10,559.474229,561.396298,547.645813,552.564453,99326600
2025-03-11,551.401228,555.955162,544.126749,547.970947,88102100
2025-03-12,554.131586,555.058147,545.77286,550.878784,69588200
2025-03-13,550.504254,551.115384,541.820229,543.535339,74079400
2025-03-14,548.158242,555.767886,543.604307,554.762451,62660300
2025-03-17,554.742703,561.563798,554.308992,559.040405,49008700
2025-03-18,556.723966,556.940851,551.066051,552.998047,66041400
2025-03-19,554.782188,562.786076,553.599335,559.020691,66556000
2025-03-20,555.275087,562.411554,554.555484,557.404175,62958200
2025-03-21,552.941329,558.487733,551.705496,557.588013,83763000
2025-03-24,564.330754,568.631489,563.737578,567.573608,58766800
2025-03-25,568.779707,569.877112,567.187969,568.937927,38355700
2025-03-26,568.671048,569.798143,560.761717,562.145874,51848300
2025-03-27,560.751858,564.429728,558.537254,560.653015,42164200
2025-03-28,559.120559,559.852162,548.779086,549.362366,71662700
2025-03-31,543.598462,554.355157,540.671987,553.05011,95328200
2025-04-01,551.132118,556.559887,547.404826,554.612183,54609600
2025-04-02,548.759247,560.989044,548.521976,558.121948,76014500
2025-04-03,538.931968,541.75954,530.61731,530.61731,125986000
2025-04-04,517.734904,519.909982,499.335837,499.553345,217965100
2025-04-07,483.645729,517.240595,476.33947,498.663574,256611400
